{"type":"FeatureCollection","features":[{"type":"Feature","properties":{"id":91,"area_m2":126900,"px":1269,"rank":1,"persistent":false},"geometry":{"type":"Polygon","coordinates":[[[-122.684425,45.62561],[-122.684424,45.6257],[-122.684094,45.625702],[-122.684045,45.625732],[-122.684039,45.625789],[-122.683965,45.625791],[-122.68392,45.625817],[-122.683922,45.626125],[-122.683978,45.626149],[-122.684293,45.62615],[-122.684293,45.626238],[-122.683963,45.626241],[-122.683914,45.626272],[-122.683908,45.626329],[-122.683779,45.626328],[-122.683767,45.626262],[-122.683703,45.626238],[-122.683442,45.626242],[-122.683401,45.626271],[-122.683394,45.626327],[-122.682627,45.626325],[-122.682564,45.626301],[-122.682496,45.626325],[-122.681985,45.626323],[-122.681923,45.626299],[-122.681855,45.626323],[-122.6816,45.626322],[-122.681593,45.626266],[-122.681544,45.626235],[-122.681214,45.626231],[-122.681215,45.626141],[-122.681302,45.626135],[-122.681342,45.626098],[-122.681332,45.625716],[-122.681217,45.625691],[-122.681212,45.625635],[-122.68117,45.625605],[-122.680705,45.6256],[-122.680683,45.625526],[-122.680577,45.625508],[-122.680578,45.625239],[-122.680835,45.62524],[-122.680836,45.625377],[-122.680889,45.625418],[-122.681406,45.625421],[-122.681462,45.625398],[-122.681474,45.6251],[-122.68143,45.625066],[-122.681349,45.625061],[-122.681344,45.624915],[-122.681303,45.624885],[-122.681222,45.624881],[-122.681188,45.6248],[-122.681026,45.624766],[-122.680866,45.624802],[-122.680837,45.62488],[-122.680756,45.624884],[-122.680714,45.624913],[-122.680708,45.62506],[-122.68058,45.625059],[-122.680571,45.624985],[-122.680506,45.624955],[-122.680351,45.624981],[-122.680323,45.625059],[-122.680106,45.625051],[-122.680069,45.625083],[-122.680066,45.625148],[-122.67996,45.625163],[-122.679937,45.625238],[-122.679837,45.62525],[-122.679808,45.625327],[-122.679708,45.625339],[-122.679679,45.625417],[-122.679585,45.625426],[-122.679551,45.625506],[-122.67944,45.625526],[-122.679422,45.625596],[-122.679294,45.625596],[-122.679281,45.62553],[-122.679166,45.625505],[-122.679132,45.625424],[-122.67891,45.625415],[-122.678897,45.625349],[-122.678782,45.625324],[-122.678776,45.625268],[-122.678735,45.625238],[-122.678526,45.625234],[-122.678504,45.625159],[-122.678398,45.625143],[-122.678386,45.624987],[-122.678271,45.624963],[-122.678272,45.624873],[-122.678352,45.624869],[-122.678397,45.624835],[-122.678401,45.624693],[-122.678623,45.624685],[-122.678692,45.624562],[-122.678625,45.624433],[-122.678402,45.624423],[-122.678403,45.624292],[-122.678369,45.624252],[-122.678215,45.624219],[-122.678066,45.624246],[-122.678024,45.624275],[-122.678018,45.624332],[-122.677903,45.624356],[-122.677889,45.624422],[-122.677774,45.624445],[-122.67776,45.624547],[-122.677782,45.624586],[-122.678016,45.624602],[-122.678039,45.624676],[-122.678144,45.624693],[-122.678144,45.624782],[-122.677887,45.624782],[-122.677865,45.624708],[-122.677759,45.624691],[-122.677726,45.62461],[-122.677632,45.624601],[-122.677632,45.62447],[-122.677604,45.624433],[-122.677248,45.62442],[-122.677235,45.624354],[-122.67712,45.624329],[-122.677114,45.624273],[-122.677066,45.624242],[-122.676864,45.624239],[-122.676804,45.624215],[-122.676736,45.624238],[-122.676608,45.624238],[-122.67659,45.624168],[-122.67648,45.624148],[-122.676463,45.624077],[-122.676352,45.624057],[-122.676335,45.623987],[-122.676224,45.623967],[-122.676212,45.623901],[-122.676096,45.623877],[-122.676093,45.623825],[-122.676056,45.623793],[-122.67584,45.623786],[-122.675832,45.623724],[-122.675779,45.623697],[-122.675456,45.623695],[-122.675434,45.623621],[-122.675328,45.623604],[-122.675325,45.623539],[-122.67529,45.623507],[-122.674944,45.623513],[-122.67491,45.623432],[-122.674688,45.623423],[-122.674682,45.623366],[-122.674634,45.623335],[-122.674432,45.623332],[-122.674426,45.623275],[-122.674385,45.623246],[-122.674048,45.623241],[-122.674025,45.623166],[-122.67392,45.62315],[-122.67392,45.623005],[-122.673894,45.622969],[-122.673664,45.62297],[-122.673647,45.622899],[-122.673537,45.622879],[-122.673524,45.622813],[-122.673409,45.622789],[-122.673375,45.622708],[-122.673025,45.622698],[-122.673002,45.622623],[-122.672897,45.622607],[-122.672863,45.622526],[-122.672769,45.622517],[-122.672771,45.622247],[-122.672973,45.622245],[-122.673021,45.622214],[-122.673028,45.622158],[-122.673156,45.622158],[-122.673155,45.622338],[-122.673067,45.622344],[-122.673027,45.622386],[-122.673032,45.622484],[-122.673095,45.622518],[-122.673356,45.622516],[-122.673405,45.622485],[-122.673411,45.622429],[-122.673633,45.62242],[-122.673668,45.62234],[-122.673783,45.622316],[-122.673797,45.62225],[-122.673908,45.62223],[-122.673926,45.62216],[-122.674054,45.622161],[-122.674062,45.622312],[-122.674107,45.622338],[-122.674181,45.622341],[-122.674187,45.622398],[-122.674235,45.622429],[-122.674403,45.622423],[-122.674438,45.622342],[-122.674566,45.622342],[-122.674634,45.622366],[-122.674782,45.622336],[-122.674819,45.622304],[-122.674823,45.622253],[-122.674897,45.622251],[-122.674942,45.622225],[-122.674943,45.622102],[-122.674898,45.622075],[-122.674824,45.622073],[-122.67479,45.621992],[-122.674696,45.621982],[-122.674693,45.621931],[-122.674656,45.621899],[-122.67444,45.621892],[-122.674418,45.621817],[-122.674313,45.621801],[-122.674313,45.621711],[-122.674394,45.621707],[-122.674438,45.621673],[-122.674443,45.621442],[-122.674571,45.621442],[-122.674584,45.621508],[-122.674648,45.621532],[-122.674793,45.621524],[-122.674828,45.621443],[-122.674956,45.621443],[-122.67499,45.621524],[-122.675212,45.621534],[-122.675217,45.621591],[-122.675266,45.621622],[-122.675468,45.621625],[-122.675474,45.621681],[-122.675515,45.621711],[-122.675724,45.621715],[-122.67573,45.621772],[-122.675771,45.621801],[-122.676108,45.621806],[-122.676111,45.621858],[-122.676148,45.62189],[-122.676364,45.621897],[-122.676386,45.621971],[-122.676492,45.621988],[-122.676505,45.622054],[-122.67662,45.622078],[-122.676648,45.622156],[-122.676747,45.622168],[-122.676747,45.622258],[-122.676712,45.622306],[-122.676764,45.622419],[-122.676874,45.622439],[-122.676908,45.62252],[-122.677002,45.622529],[-122.67703,45.622607],[-122.67713,45.622619],[-122.677158,45.622697],[-122.677257,45.62271],[-122.677237,45.622839],[-122.67727,45.62288],[-122.677436,45.62289],[-122.677491,45.622875],[-122.677514,45.622711],[-122.677771,45.622711],[-122.677774,45.622763],[-122.677811,45.622795],[-122.678027,45.622802],[-122.678026,45.622892],[-122.677992,45.62294],[-122.678031,45.623039],[-122.678073,45.623068],[-122.678153,45.623072],[-122.678187,45.623153],[-122.678281,45.623163],[-122.678303,45.623327],[-122.678665,45.623344],[-122.678678,45.62341],[-122.678793,45.623434],[-122.678826,45.623515],[-122.679049,45.623525],[-122.679076,45.623603],[-122.679305,45.623616],[-122.67931,45.623672],[-122.679359,45.623703],[-122.679642,45.623702],[-122.679683,45.623673],[-122.67969,45.623617],[-122.680148,45.623616],[-122.680197,45.623585],[-122.680203,45.623528],[-122.68033,45.623529],[-122.680359,45.623606],[-122.680588,45.623619],[-122.680593,45.623676],[-122.680635,45.623705],[-122.680972,45.62371],[-122.680985,45.623776],[-122.6811,45.623801],[-122.681127,45.623879],[-122.681356,45.623891],[-122.681378,45.623966],[-122.681483,45.623982],[-122.681501,45.624052],[-122.681611,45.624072],[-122.681645,45.624153],[-122.681739,45.624163],[-122.681767,45.62424],[-122.681867,45.624253],[-122.681869,45.624395],[-122.681913,45.624429],[-122.681994,45.624433],[-122.681994,45.624565],[-122.682021,45.624601],[-122.682249,45.624614],[-122.682262,45.62468],[-122.682377,45.624704],[-122.682405,45.624782],[-122.682633,45.624795],[-122.682639,45.624852],[-122.68268,45.624881],[-122.683018,45.624886],[-122.683023,45.624943],[-122.683072,45.624974],[-122.683659,45.624978],[-122.683681,45.625052],[-122.683786,45.625068],[-122.683801,45.625499],[-122.683912,45.625519],[-122.683918,45.625575],[-122.683966,45.625607],[-122.684425,45.62561]],[[-122.676249,45.622667],[-122.67621,45.622543],[-122.676104,45.622526],[-122.676083,45.622362],[-122.676028,45.622346],[-122.675871,45.622362],[-122.675851,45.622577],[-122.675895,45.622612],[-122.675975,45.622616],[-122.675997,45.62269],[-122.676204,45.622703],[-122.676249,45.622667]],[[-122.676363,45.622709],[-122.676306,45.622693],[-122.676248,45.622713],[-122.676231,45.622762],[-122.676258,45.622798],[-122.67632,45.62281],[-122.676379,45.622784],[-122.676393,45.622744],[-122.676363,45.622709]],[[-122.677256,45.62293],[-122.677197,45.622877],[-122.677034,45.622898],[-122.677,45.622938],[-122.677012,45.623045],[-122.677068,45.623069],[-122.677221,45.623061],[-122.677254,45.623026],[-122.677256,45.62293]],[[-122.677634,45.624191],[-122.677574,45.624138],[-122.677391,45.62416],[-122.677358,45.624206],[-122.67739,45.624306],[-122.677446,45.62433],[-122.677599,45.624322],[-122.677632,45.624288],[-122.677634,45.624191]],[[-122.678656,45.623941],[-122.678681,45.623839],[-122.678649,45.623803],[-122.67846,45.623796],[-122.678409,45.623831],[-122.678408,45.623935],[-122.678459,45.623971],[-122.678607,45.623971],[-122.678656,45.623941]],[[-122.679039,45.624212],[-122.679064,45.62411],[-122.679032,45.624074],[-122.678844,45.624067],[-122.678792,45.624103],[-122.678792,45.624206],[-122.678843,45.624242],[-122.67899,45.624242],[-122.679039,45.624212]],[[-122.679974,45.624459],[-122.679936,45.624371],[-122.679887,45.62434],[-122.67974,45.624339],[-122.679689,45.624375],[-122.679698,45.624493],[-122.679858,45.62454],[-122.67991,45.624536],[-122.679965,45.6245],[-122.679974,45.624459]],[[-122.680303,45.624593],[-122.680343,45.624468],[-122.680299,45.624433],[-122.680119,45.624428],[-122.680072,45.624444],[-122.68005,45.624484],[-122.680085,45.6246],[-122.679988,45.624612],[-122.679946,45.624641],[-122.679961,45.624785],[-122.680021,45.624801],[-122.680174,45.624772],[-122.680196,45.624734],[-122.680181,45.624616],[-122.680303,45.624593]],[[-122.680985,45.624655],[-122.680954,45.624544],[-122.680839,45.62452],[-122.680836,45.624468],[-122.680799,45.624436],[-122.680645,45.624431],[-122.680592,45.624458],[-122.680571,45.62458],[-122.680616,45.624607],[-122.68071,45.62461],[-122.680713,45.624661],[-122.68075,45.624693],[-122.680946,45.624694],[-122.680985,45.624655]],[[-122.682447,45.625684],[-122.682298,45.625697],[-122.682252,45.625723],[-122.682242,45.625964],[-122.682136,45.62598],[-122.682111,45.626054],[-122.681985,45.626053],[-122.681986,45.625873],[-122.682021,45.625826],[-122.681969,45.625713],[-122.68191,45.625693],[-122.681748,45.625712],[-122.681729,45.625873],[-122.681649,45.625877],[-122.681604,45.625911],[-122.6816,45.626088],[-122.681634,45.626133],[-122.681728,45.626143],[-122.681756,45.626221],[-122.681916,45.626257],[-122.681984,45.626233],[-122.682307,45.626233],[-122.68236,45.626206],[-122.682369,45.626145],[-122.68248,45.626125],[-122.682498,45.625725],[-122.682447,45.625684]],[[-122.682041,45.625525],[-122.682232,45.62549],[-122.682242,45.625372],[-122.682191,45.625336],[-122.682044,45.625336],[-122.68199,45.625377],[-122.681991,45.625489],[-122.682041,45.625525]],[[-122.683524,45.626058],[-122.683612,45.626052],[-122.683651,45.626015],[-122.683652,45.625831],[-122.683599,45.62579],[-122.683438,45.625794],[-122.683401,45.625826],[-122.683397,45.625877],[-122.683286,45.625897],[-122.683268,45.626057],[-122.683011,45.626056],[-122.68301,45.62592],[-122.682965,45.62588],[-122.682818,45.625877],[-122.682759,45.625914],[-122.682754,45.626187],[-122.682808,45.626233],[-122.68334,45.626235],[-122.683389,45.626204],[-122.683396,45.626147],[-122.683511,45.626124],[-122.683524,45.626058]]]}},{"type":"Feature","properties":{"id":71,"area_m2":58300,"px":583,"rank":2,"persistent":false},"geometry":{"type":"Polygon","coordinates":[[[-122.677363,45.626671],[-122.67736,45.62721],[-122.67703,45.627212],[-122.676981,45.627243],[-122.676973,45.627299],[-122.676846,45.627299],[-122.676838,45.627238],[-122.676785,45.62721],[-122.676403,45.627208],[-122.676343,45.627236],[-122.676333,45.627298],[-122.676105,45.627309],[-122.676076,45.627387],[-122.675995,45.627391],[-122.675951,45.627425],[-122.675945,45.627927],[-122.675839,45.627942],[-122.675816,45.628016],[-122.67402,45.628011],[-122.674003,45.627941],[-122.673877,45.627913],[-122.67388,45.627841],[-122.673796,45.627818],[-122.67373,45.627873],[-122.673779,45.627928],[-122.673729,45.628053],[-122.673763,45.6281],[-122.673762,45.62819],[-122.673682,45.628194],[-122.67364,45.628223],[-122.673632,45.62846],[-122.673559,45.628462],[-122.673513,45.628488],[-122.673503,45.62864],[-122.672862,45.628638],[-122.672883,45.628233],[-122.672837,45.628192],[-122.672736,45.628187],[-122.672736,45.628056],[-122.672703,45.628016],[-122.671839,45.628005],[-122.671817,45.627931],[-122.671711,45.627914],[-122.671711,45.627764],[-122.671645,45.627721],[-122.671484,45.627746],[-122.671455,45.627824],[-122.671071,45.627823],[-122.671058,45.627757],[-122.670943,45.627732],[-122.670915,45.627654],[-122.670687,45.627641],[-122.670665,45.627567],[-122.670559,45.627551],[-122.670579,45.627422],[-122.670552,45.627384],[-122.670303,45.62737],[-122.670304,45.62728],[-122.670491,45.627281],[-122.670548,45.627257],[-122.670562,45.627101],[-122.67069,45.627102],[-122.670702,45.627168],[-122.670817,45.627192],[-122.670826,45.627267],[-122.670891,45.627296],[-122.671396,45.627283],[-122.67145,45.627255],[-122.671459,45.627194],[-122.671688,45.627195],[-122.671716,45.627105],[-122.672053,45.627101],[-122.672095,45.627072],[-122.672136,45.626973],[-122.672085,45.626855],[-122.672033,45.626836],[-122.671901,45.626837],[-122.671852,45.626868],[-122.671845,45.626925],[-122.671719,45.626924],[-122.671709,45.62685],[-122.671651,45.626821],[-122.671206,45.626833],[-122.671137,45.626809],[-122.671076,45.626833],[-122.67082,45.626832],[-122.67082,45.626742],[-122.670901,45.626738],[-122.670945,45.626704],[-122.670941,45.626577],[-122.670875,45.626548],[-122.670627,45.626562],[-122.670574,45.62659],[-122.670564,45.626651],[-122.670128,45.62665],[-122.670073,45.626665],[-122.670051,45.626704],[-122.670048,45.6271],[-122.66992,45.627099],[-122.669912,45.626948],[-122.669867,45.626921],[-122.669793,45.626919],[-122.669794,45.62665],[-122.669905,45.626629],[-122.669958,45.626512],[-122.669924,45.626469],[-122.669919,45.626323],[-122.669877,45.626293],[-122.669797,45.626289],[-122.669797,45.626199],[-122.669903,45.626183],[-122.669926,45.626109],[-122.67002,45.6261],[-122.670055,45.62602],[-122.670166,45.626],[-122.670184,45.62593],[-122.670312,45.62593],[-122.670372,45.625955],[-122.67044,45.625931],[-122.670568,45.625931],[-122.670636,45.625955],[-122.670697,45.625931],[-122.670891,45.625931],[-122.670944,45.625904],[-122.670954,45.625842],[-122.671065,45.625823],[-122.671117,45.62571],[-122.671083,45.625661],[-122.671086,45.625122],[-122.671214,45.625123],[-122.671212,45.625519],[-122.671235,45.625557],[-122.671421,45.625569],[-122.671463,45.62554],[-122.671469,45.625484],[-122.671575,45.625468],[-122.671598,45.62543],[-122.67159,45.625152],[-122.671545,45.625126],[-122.671471,45.625123],[-122.671466,45.625067],[-122.671424,45.625038],[-122.671226,45.625044],[-122.671216,45.624944],[-122.6716,45.624944],[-122.671603,45.624996],[-122.671641,45.625028],[-122.671856,45.625035],[-122.671857,45.625185],[-122.671894,45.625222],[-122.672078,45.625206],[-122.672113,45.625125],[-122.672369,45.625126],[-122.672354,45.625271],[-122.672402,45.625304],[-122.672496,45.625307],[-122.672517,45.625394],[-122.67257,45.625411],[-122.672752,45.625397],[-122.672751,45.625577],[-122.672645,45.625593],[-122.672622,45.625667],[-122.672408,45.625667],[-122.672351,45.625701],[-122.672364,45.625936],[-122.672277,45.625942],[-122.672236,45.625985],[-122.672235,45.626157],[-122.672275,45.6262],[-122.672673,45.626221],[-122.672731,45.626201],[-122.67275,45.625757],[-122.672856,45.625742],[-122.672879,45.625668],[-122.673007,45.625668],[-122.673016,45.625729],[-122.673076,45.625758],[-122.67352,45.62576],[-122.67358,45.625784],[-122.673648,45.62576],[-122.673776,45.62576],[-122.673776,45.62585],[-122.673688,45.625856],[-122.673649,45.625893],[-122.673645,45.6263],[-122.673551,45.626309],[-122.673516,45.626389],[-122.673405,45.626409],[-122.673368,45.626513],[-122.673421,45.626567],[-122.673643,45.62657],[-122.673641,45.62702],[-122.673535,45.627035],[-122.673512,45.62711],[-122.673384,45.627109],[-122.673383,45.626698],[-122.673324,45.62666],[-122.673164,45.626668],[-122.67313,45.626707],[-122.673127,45.627108],[-122.673046,45.627112],[-122.673005,45.627141],[-122.672979,45.627238],[-122.673025,45.627284],[-122.674151,45.627291],[-122.674213,45.627316],[-122.674281,45.627292],[-122.674537,45.627293],[-122.674543,45.627349],[-122.674584,45.627379],[-122.674845,45.627383],[-122.674909,45.62736],[-122.674922,45.627294],[-122.675179,45.627294],[-122.675247,45.627319],[-122.675307,45.627295],[-122.675908,45.62729],[-122.675945,45.627258],[-122.675949,45.627207],[-122.676064,45.627183],[-122.676078,45.627117],[-122.676193,45.627093],[-122.676205,45.626981],[-122.676145,45.626938],[-122.675951,45.626936],[-122.675971,45.626807],[-122.675931,45.626763],[-122.675567,45.626755],[-122.675567,45.626665],[-122.675602,45.626623],[-122.675568,45.626575],[-122.675568,45.626485],[-122.675642,45.626483],[-122.675688,45.626457],[-122.675698,45.626306],[-122.675826,45.626306],[-122.675831,45.626363],[-122.67588,45.626394],[-122.676082,45.626397],[-122.676099,45.626467],[-122.67621,45.626487],[-122.676218,45.626549],[-122.676271,45.626576],[-122.676432,45.626569],[-122.676466,45.626488],[-122.676723,45.626489],[-122.676711,45.62659],[-122.676494,45.62659],[-122.676466,45.626627],[-122.676465,45.626758],[-122.676384,45.626762],[-122.676339,45.626796],[-122.676345,45.626909],[-122.67639,45.626935],[-122.676464,45.626938],[-122.676469,45.626995],[-122.676518,45.627026],[-122.676658,45.627027],[-122.676714,45.626995],[-122.676733,45.626658],[-122.67685,45.626669],[-122.67685,45.626986],[-122.676925,45.627029],[-122.677064,45.627023],[-122.677101,45.626991],[-122.677105,45.62694],[-122.677216,45.62692],[-122.677235,45.62667],[-122.677363,45.626671]],[[-122.671083,45.626114],[-122.671027,45.626099],[-122.670969,45.626119],[-122.670952,45.626167],[-122.670979,45.626203],[-122.671041,45.626216],[-122.671099,45.62619],[-122.671114,45.62615],[-122.671083,45.626114]],[[-122.671201,45.627463],[-122.67122,45.627418],[-122.671188,45.627382],[-122.671115,45.627374],[-122.671065,45.627398],[-122.671055,45.627439],[-122.671091,45.627476],[-122.671148,45.627486],[-122.671201,45.627463]],[[-122.672065,45.626212],[-122.671668,45.62619],[-122.671615,45.626207],[-122.671582,45.626305],[-122.671242,45.626302],[-122.671208,45.626342],[-122.67122,45.626449],[-122.671276,45.626473],[-122.67153,45.626473],[-122.671583,45.626445],[-122.671603,45.626373],[-122.672036,45.626385],[-122.672096,45.626357],[-122.672104,45.626249],[-122.672065,45.626212]],[[-122.671726,45.625846],[-122.671628,45.62584],[-122.671595,45.625879],[-122.67161,45.625926],[-122.671475,45.625962],[-122.671467,45.62607],[-122.671506,45.626107],[-122.671647,45.626128],[-122.671709,45.626104],[-122.671707,45.625942],[-122.671757,45.625892],[-122.671726,45.625846]],[[-122.672254,45.625716],[-122.672229,45.625604],[-122.672176,45.625577],[-122.671864,45.625586],[-122.671785,45.62555],[-122.671706,45.625603],[-122.671745,45.625658],[-122.671842,45.625654],[-122.671861,45.625726],[-122.671914,45.625754],[-122.67221,45.625751],[-122.672254,45.625716]],[[-122.671909,45.625845],[-122.671833,45.62589],[-122.671856,45.626081],[-122.671912,45.626114],[-122.672059,45.626111],[-122.672107,45.626067],[-122.672102,45.625879],[-122.672046,45.625846],[-122.671909,45.625845]],[[-122.672021,45.627555],[-122.672095,45.627517],[-122.67209,45.627404],[-122.672037,45.627376],[-122.671883,45.627381],[-122.671844,45.627418],[-122.671851,45.627526],[-122.671904,45.627554],[-122.672021,45.627555]],[[-122.672742,45.627197],[-122.672829,45.627191],[-122.672869,45.627154],[-122.672855,45.626767],[-122.672803,45.626748],[-122.672671,45.626749],[-122.672622,45.62678],[-122.672616,45.626837],[-122.672489,45.626837],[-122.672484,45.626785],[-122.672447,45.626753],[-122.672259,45.626758],[-122.672233,45.626789],[-122.672211,45.626971],[-122.672257,45.627012],[-122.672358,45.627016],[-122.672357,45.627105],[-122.672284,45.627108],[-122.672238,45.627134],[-122.672209,45.62723],[-122.672225,45.627265],[-122.672278,45.627286],[-122.672681,45.6273],[-122.672736,45.627267],[-122.672742,45.627197]],[[-122.672404,45.627917],[-122.672478,45.627878],[-122.672473,45.627765],[-122.67242,45.627738],[-122.672266,45.627742],[-122.672227,45.627779],[-122.672234,45.627887],[-122.672286,45.627915],[-122.672404,45.627917]],[[-122.673134,45.626028],[-122.673214,45.626025],[-122.673259,45.62599],[-122.673259,45.625887],[-122.673208,45.625851],[-122.673047,45.625855],[-122.673009,45.625886],[-122.673006,45.625938],[-122.672925,45.625942],[-122.672881,45.625976],[-122.67288,45.626079],[-122.672931,45.626116],[-122.673094,45.626125],[-122.67313,45.626094],[-122.673134,45.626028]],[[-122.673656,45.627864],[-122.673656,45.62742],[-122.673612,45.627384],[-122.673405,45.627395],[-122.673382,45.627433],[-122.67338,45.627739],[-122.673252,45.627739],[-122.673241,45.627403],[-122.673177,45.627379],[-122.672897,45.62739],[-122.672869,45.627432],[-122.672883,45.627898],[-122.672943,45.627918],[-122.673628,45.627907],[-122.673656,45.627864]],[[-122.673183,45.626389],[-122.673257,45.62635],[-122.673251,45.626237],[-122.673199,45.62621],[-122.673043,45.626201],[-122.673005,45.626238],[-122.672992,45.626358],[-122.673045,45.626387],[-122.673183,45.626389]],[[-122.673635,45.6281],[-122.673653,45.628055],[-122.673621,45.628019],[-122.673549,45.628011],[-122.673499,45.628035],[-122.673489,45.628076],[-122.673525,45.628113],[-122.673582,45.628123],[-122.673635,45.6281]],[[-122.674663,45.627833],[-122.67475,45.627827],[-122.674789,45.62779],[-122.674792,45.627522],[-122.67477,45.627489],[-122.674536,45.627472],[-122.674527,45.627411],[-122.674475,45.627383],[-122.67428,45.627382],[-122.674212,45.627358],[-122.674046,45.627397],[-122.674023,45.627435],[-122.674021,45.627867],[-122.674043,45.627905],[-122.674097,45.627921],[-122.6746,45.627922],[-122.674653,45.627894],[-122.674663,45.627833]],[[-122.675174,45.627742],[-122.675123,45.627721],[-122.675066,45.627731],[-122.675029,45.627773],[-122.675044,45.627813],[-122.675097,45.627834],[-122.675168,45.627822],[-122.675195,45.627784],[-122.675174,45.627742]],[[-122.675705,45.627531],[-122.675685,45.627419],[-122.675644,45.62739],[-122.675368,45.627386],[-122.675312,45.627418],[-122.675287,45.62752],[-122.675347,45.627564],[-122.675648,45.627565],[-122.675705,45.627531]],[[-122.675817,45.627786],[-122.675751,45.627733],[-122.67548,45.627749],[-122.675436,45.627783],[-122.675417,45.62789],[-122.675481,45.627925],[-122.675769,45.627922],[-122.675815,45.627883],[-122.675817,45.627786]]]}},{"type":"Feature","properties":{"id":64,"area_m2":39400,"px":394,"rank":3,"persistent":false},"geometry":{"type":"Polygon","coordinates":[[[-122.682355,45.628575],[-122.682354,45.628755],[-122.682249,45.62877],[-122.682226,45.628844],[-122.681969,45.628844],[-122.68196,45.628782],[-122.681908,45.628754],[-122.681585,45.628752],[-122.681563,45.628678],[-122.681457,45.628662],[-122.681445,45.628506],[-122.68133,45.628482],[-122.681308,45.628318],[-122.681142,45.628277],[-122.681074,45.628301],[-122.680818,45.6283],[-122.680795,45.628226],[-122.68069,45.62821],[-122.680682,45.628059],[-122.680636,45.628032],[-122.680563,45.62803],[-122.680529,45.627949],[-122.680339,45.627935],[-122.680306,45.628029],[-122.6802,45.628044],[-122.680177,45.628118],[-122.679921,45.628118],[-122.679915,45.628061],[-122.679866,45.62803],[-122.679536,45.628027],[-122.679514,45.627952],[-122.679409,45.627936],[-122.679406,45.627781],[-122.679335,45.627742],[-122.679187,45.627765],[-122.679152,45.627846],[-122.679041,45.627865],[-122.679023,45.628025],[-122.678451,45.628024],[-122.678383,45.628067],[-122.678383,45.628345],[-122.678427,45.62838],[-122.678508,45.628384],[-122.678536,45.628462],[-122.678709,45.628472],[-122.678758,45.628441],[-122.678765,45.628385],[-122.678891,45.628385],[-122.678896,45.628437],[-122.678933,45.628469],[-122.679149,45.628476],[-122.679148,45.628566],[-122.679114,45.628608],[-122.679148,45.628656],[-122.679147,45.628746],[-122.679041,45.628761],[-122.679018,45.628835],[-122.678505,45.628834],[-122.678497,45.628772],[-122.678444,45.628745],[-122.677864,45.628742],[-122.677859,45.628685],[-122.67781,45.628654],[-122.67748,45.628651],[-122.677465,45.628569],[-122.677582,45.628557],[-122.677624,45.628527],[-122.67761,45.628381],[-122.677698,45.628375],[-122.677738,45.628333],[-122.677726,45.628226],[-122.677611,45.628201],[-122.677602,45.62814],[-122.677549,45.628112],[-122.677397,45.628112],[-122.677343,45.62814],[-122.677368,45.628553],[-122.677224,45.62856],[-122.677224,45.628244],[-122.677185,45.628207],[-122.677098,45.6282],[-122.677098,45.62811],[-122.677204,45.628094],[-122.677227,45.62802],[-122.677461,45.628005],[-122.677485,45.627841],[-122.677591,45.627825],[-122.677614,45.627751],[-122.677742,45.627752],[-122.677776,45.627833],[-122.677938,45.627855],[-122.677992,45.627822],[-122.677998,45.627752],[-122.678336,45.627749],[-122.678378,45.62772],[-122.678384,45.627664],[-122.678471,45.627657],[-122.678511,45.62762],[-122.678504,45.627422],[-122.678459,45.627396],[-122.678385,45.627393],[-122.678352,45.627312],[-122.678258,45.627303],[-122.678224,45.627222],[-122.678056,45.627215],[-122.678007,45.627246],[-122.678001,45.627302],[-122.677873,45.627302],[-122.677873,45.627212],[-122.677954,45.627208],[-122.677998,45.627174],[-122.678003,45.627032],[-122.678113,45.627013],[-122.678165,45.626906],[-122.678132,45.626853],[-122.67813,45.626621],[-122.678086,45.626587],[-122.678005,45.626582],[-122.678006,45.626492],[-122.6781,45.626483],[-122.678134,45.626403],[-122.678245,45.626383],[-122.678264,45.626223],[-122.678351,45.626217],[-122.678392,45.626175],[-122.67838,45.626067],[-122.678265,45.626043],[-122.678256,45.625891],[-122.678211,45.625865],[-122.678138,45.625863],[-122.678138,45.625773],[-122.678394,45.625773],[-122.678399,45.62601],[-122.678441,45.626039],[-122.678537,45.626051],[-122.67852,45.626224],[-122.678486,45.626271],[-122.678537,45.626384],[-122.678589,45.626404],[-122.678904,45.626405],[-122.678921,45.626565],[-122.678972,45.626585],[-122.679118,45.626584],[-122.679179,45.626535],[-122.679148,45.626339],[-122.679033,45.626315],[-122.678999,45.626234],[-122.678905,45.626225],[-122.678905,45.626093],[-122.678878,45.626057],[-122.678634,45.626036],[-122.67865,45.625954],[-122.678756,45.625939],[-122.678779,45.625864],[-122.678907,45.625865],[-122.678929,45.625939],[-122.679035,45.625955],[-122.679056,45.626133],[-122.679108,45.626149],[-122.67929,45.626136],[-122.679313,45.62621],[-122.679418,45.626226],[-122.679435,45.626297],[-122.679546,45.626317],[-122.67958,45.626398],[-122.679674,45.626407],[-122.679701,45.626485],[-122.679801,45.626497],[-122.679829,45.626575],[-122.679929,45.626588],[-122.679926,45.627128],[-122.679853,45.62713],[-122.679807,45.627156],[-122.679815,45.627288],[-122.679866,45.627307],[-122.680182,45.627309],[-122.680194,45.627375],[-122.680258,45.627399],[-122.680404,45.62739],[-122.680438,45.627309],[-122.680567,45.62731],[-122.68057,45.627361],[-122.680607,45.627393],[-122.680823,45.6274],[-122.680843,45.627668],[-122.680896,45.627684],[-122.681078,45.627671],[-122.6811,45.627745],[-122.681205,45.627761],[-122.681228,45.627836],[-122.681333,45.627852],[-122.681355,45.627926],[-122.681461,45.627942],[-122.681483,45.628016],[-122.681589,45.628033],[-122.681606,45.628103],[-122.681717,45.628123],[-122.68175,45.628204],[-122.681844,45.628213],[-122.681872,45.628291],[-122.681972,45.628304],[-122.682,45.628381],[-122.6821,45.628394],[-122.682128,45.628472],[-122.682228,45.628484],[-122.682255,45.628562],[-122.682355,45.628575]],[[-122.678393,45.628619],[-122.678356,45.628489],[-122.678251,45.628473],[-122.678235,45.628133],[-122.678176,45.628113],[-122.677896,45.628124],[-122.677868,45.628166],[-122.677883,45.628632],[-122.677934,45.628652],[-122.678336,45.628652],[-122.678393,45.628619]],[[-122.678681,45.627748],[-122.678836,45.627767],[-122.678891,45.627735],[-122.678896,45.627528],[-122.678843,45.627487],[-122.678703,45.627485],[-122.678643,45.627528],[-122.678642,45.627711],[-122.678681,45.627748]],[[-122.679974,45.627668],[-122.680048,45.62763],[-122.680039,45.627512],[-122.679983,45.627488],[-122.67981,45.627497],[-122.679776,45.627543],[-122.679808,45.627643],[-122.679857,45.627667],[-122.679974,45.627668]],[[-122.680732,45.628024],[-122.68088,45.628044],[-122.680935,45.62802],[-122.680947,45.627894],[-122.680901,45.627855],[-122.680752,45.627838],[-122.680695,45.627875],[-122.680693,45.627987],[-122.680732,45.628024]]]}},{"type":"Feature","properties":{"id":30,"area_m2":31000,"px":310,"rank":4,"persistent":false},"geometry":{"type":"Polygon","coordinates":[[[-122.685033,45.631462],[-122.685033,45.631552],[-122.684776,45.631552],[-122.68476,45.631301],[-122.68465,45.631281],[-122.684644,45.631225],[-122.684602,45.631195],[-122.684394,45.631191],[-122.684371,45.631116],[-122.684266,45.6311],[-122.684249,45.63103],[-122.684138,45.63101],[-122.684104,45.630929],[-122.68401,45.630919],[-122.683982,45.630842],[-122.683882,45.630829],[-122.683855,45.630751],[-122.683755,45.630739],[-122.683755,45.630649],[-122.683843,45.630643],[-122.683883,45.6306],[-122.683885,45.630248],[-122.683852,45.630208],[-122.68305,45.630198],[-122.682989,45.63024],[-122.682987,45.630377],[-122.682602,45.630375],[-122.682603,45.630286],[-122.682637,45.630243],[-122.682603,45.630195],[-122.682605,45.629926],[-122.682733,45.629926],[-122.682738,45.629983],[-122.68278,45.630012],[-122.68295,45.630023],[-122.682988,45.629987],[-122.68299,45.629837],[-122.683101,45.629817],[-122.683138,45.629707],[-122.68307,45.629657],[-122.682606,45.629655],[-122.682607,45.629344],[-122.68256,45.629299],[-122.682012,45.629285],[-122.681968,45.629324],[-122.681965,45.629474],[-122.681581,45.629473],[-122.681575,45.629402],[-122.681514,45.629369],[-122.681342,45.629402],[-122.681324,45.629698],[-122.681363,45.629736],[-122.681451,45.629742],[-122.681448,45.630281],[-122.681342,45.630298],[-122.681319,45.630372],[-122.679268,45.630366],[-122.679257,45.62976],[-122.679208,45.629737],[-122.679068,45.629738],[-122.679019,45.629769],[-122.679013,45.629825],[-122.678885,45.629825],[-122.678876,45.629674],[-122.678831,45.629647],[-122.678757,45.629645],[-122.678724,45.629564],[-122.67863,45.629554],[-122.678602,45.629477],[-122.678245,45.629463],[-122.678246,45.629283],[-122.67848,45.629268],[-122.678504,45.629104],[-122.67876,45.629105],[-122.678794,45.629186],[-122.679016,45.629195],[-122.679039,45.62927],[-122.679144,45.629286],[-122.679144,45.629376],[-122.679063,45.62938],[-122.679018,45.629414],[-122.678995,45.629505],[-122.679022,45.629543],[-122.679143,45.629556],[-122.679165,45.62963],[-122.679316,45.629669],[-122.679399,45.629647],[-122.679613,45.629646],[-122.679674,45.629602],[-122.679655,45.629511],[-122.679616,45.629473],[-122.679528,45.629467],[-122.679529,45.629377],[-122.679644,45.629353],[-122.679658,45.629197],[-122.679764,45.629182],[-122.679787,45.629108],[-122.680252,45.629105],[-122.680294,45.629076],[-122.6803,45.629019],[-122.680416,45.628995],[-122.680429,45.628929],[-122.680686,45.62893],[-122.680746,45.628954],[-122.680816,45.62893],[-122.681967,45.628934],[-122.682029,45.628958],[-122.682097,45.628934],[-122.682292,45.628933],[-122.682345,45.628906],[-122.682354,45.628845],[-122.682465,45.628825],[-122.682483,45.628755],[-122.682611,45.628755],[-122.682633,45.62883],[-122.682739,45.628846],[-122.682756,45.628916],[-122.682867,45.628936],[-122.6829,45.629017],[-122.682994,45.629027],[-122.683022,45.629104],[-122.683122,45.629117],[-122.68315,45.629195],[-122.68325,45.629207],[-122.683258,45.629359],[-122.683304,45.629385],[-122.683377,45.629388],[-122.683394,45.629548],[-122.683504,45.629568],[-122.683519,45.629922],[-122.683577,45.629942],[-122.683759,45.629929],[-122.683776,45.630089],[-122.683827,45.630109],[-122.684015,45.630109],[-122.684037,45.630184],[-122.684142,45.6302],[-122.684176,45.630281],[-122.68427,45.63029],[-122.684287,45.63045],[-122.684397,45.630471],[-122.684431,45.630552],[-122.684525,45.630561],[-122.684553,45.630639],[-122.684653,45.630651],[-122.684661,45.630803],[-122.684707,45.630829],[-122.68478,45.630832],[-122.684785,45.631068],[-122.684826,45.631098],[-122.684907,45.631102],[-122.684909,45.631424],[-122.684953,45.631458],[-122.685033,45.631462]],[[-122.681193,45.630052],[-122.681126,45.629998],[-122.680621,45.63001],[-122.68056,45.630038],[-122.680551,45.6301],[-122.680423,45.630099],[-122.680419,45.630048],[-122.680382,45.630016],[-122.680167,45.630009],[-122.680164,45.629867],[-122.680098,45.629829],[-122.679581,45.629829],[-122.679535,45.629855],[-122.679491,45.629959],[-122.679525,45.630007],[-122.679525,45.630233],[-122.679593,45.630277],[-122.681129,45.63028],[-122.68119,45.630238],[-122.681193,45.630052]],[[-122.679947,45.629549],[-122.680116,45.62957],[-122.680166,45.629534],[-122.680161,45.629317],[-122.680101,45.629289],[-122.679826,45.629294],[-122.679787,45.629331],[-122.679794,45.629439],[-122.679839,45.629465],[-122.679913,45.629468],[-122.679947,45.629549]],[[-122.680941,45.629652],[-122.680951,45.629501],[-122.680905,45.629473],[-122.680811,45.62947],[-122.680802,45.629409],[-122.680742,45.629381],[-122.680339,45.629386],[-122.6803,45.629422],[-122.680297,45.629559],[-122.680189,45.629565],[-122.680149,45.629609],[-122.680177,45.62971],[-122.680223,45.629737],[-122.680296,45.629739],[-122.680318,45.629813],[-122.680552,45.62983],[-122.680561,45.629891],[-122.680621,45.62992],[-122.680867,45.62992],[-122.680919,45.629901],[-122.680938,45.629741],[-122.680972,45.629699],[-122.680941,45.629652]],[[-122.680607,45.62929],[-122.680682,45.629247],[-122.680683,45.629154],[-122.680656,45.629122],[-122.680377,45.629109],[-122.680317,45.629129],[-122.680299,45.62924],[-122.680327,45.629277],[-122.680607,45.62929]],[[-122.681248,45.629292],[-122.681324,45.629248],[-122.681309,45.629042],[-122.68125,45.629022],[-122.68097,45.629033],[-122.680941,45.629075],[-122.680958,45.629271],[-122.68101,45.629291],[-122.681248,45.629292]],[[-122.682403,45.629205],[-122.682477,45.629167],[-122.682472,45.629054],[-122.682419,45.629026],[-122.682265,45.629031],[-122.682226,45.629068],[-122.682233,45.629176],[-122.682286,45.629204],[-122.682403,45.629205]],[[-122.683171,45.629567],[-122.683245,45.629529],[-122.68324,45.629416],[-122.683187,45.629388],[-122.683032,45.62938],[-122.682993,45.629422],[-122.683001,45.629538],[-122.683053,45.629566],[-122.683171,45.629567]]]}},{"type":"Feature","properties":{"id":93,"area_m2":26700,"px":267,"rank":5,"persistent":false},"geometry":{"type":"Polygon","coordinates":[[[-122.676222,45.624327],[-122.676221,45.624417],[-122.676116,45.624433],[-122.676093,45.624507],[-122.675891,45.624508],[-122.675836,45.624555],[-122.675848,45.624662],[-122.675963,45.624686],[-122.675972,45.624838],[-122.676017,45.624864],[-122.676091,45.624867],[-122.67609,45.625047],[-122.675961,45.625046],[-122.675949,45.62498],[-122.675834,45.624956],[-122.675831,45.624904],[-122.675793,45.624872],[-122.675578,45.624865],[-122.675572,45.624809],[-122.675531,45.624779],[-122.675362,45.624781],[-122.675325,45.624813],[-122.675321,45.624864],[-122.675064,45.624864],[-122.675043,45.6247],[-122.674878,45.624683],[-122.674822,45.624707],[-122.674817,45.624835],[-122.674952,45.624871],[-122.674932,45.625583],[-122.674224,45.625583],[-122.674171,45.62561],[-122.674128,45.625708],[-122.674195,45.625842],[-122.674417,45.625852],[-122.674423,45.625909],[-122.674471,45.62594],[-122.674673,45.625943],[-122.674672,45.626123],[-122.674599,45.626125],[-122.674553,45.626151],[-122.674543,45.626302],[-122.674415,45.626302],[-122.674412,45.62625],[-122.674375,45.626218],[-122.674159,45.626211],[-122.674151,45.62597],[-122.674106,45.625943],[-122.674032,45.625941],[-122.673998,45.62586],[-122.673904,45.625851],[-122.673906,45.625581],[-122.67394,45.625533],[-122.673906,45.625491],[-122.673893,45.624867],[-122.673836,45.624846],[-122.673081,45.624858],[-122.673021,45.624887],[-122.673011,45.624948],[-122.672885,45.624948],[-122.672861,45.624873],[-122.672756,45.624857],[-122.672759,45.624317],[-122.672832,45.624315],[-122.672878,45.624289],[-122.672889,45.624048],[-122.672999,45.624028],[-122.673037,45.623924],[-122.672997,45.623874],[-122.67289,45.623867],[-122.672862,45.62379],[-122.672762,45.623777],[-122.672754,45.623626],[-122.672708,45.623599],[-122.672635,45.623597],[-122.672635,45.623507],[-122.672723,45.623501],[-122.672762,45.623464],[-122.672765,45.623147],[-122.672871,45.623132],[-122.672894,45.623057],[-122.67301,45.623034],[-122.673023,45.622968],[-122.673151,45.622968],[-122.673154,45.62302],[-122.673191,45.623052],[-122.673407,45.623059],[-122.67342,45.623125],[-122.673535,45.623149],[-122.673569,45.62323],[-122.673791,45.62324],[-122.67379,45.62342],[-122.673702,45.623426],[-122.673663,45.623463],[-122.67366,45.623726],[-122.673694,45.623771],[-122.673788,45.62378],[-122.67379,45.624012],[-122.673848,45.624049],[-122.674043,45.624051],[-122.674044,45.624187],[-122.674097,45.624229],[-122.674246,45.624242],[-122.674293,45.624212],[-122.674299,45.624142],[-122.674427,45.624142],[-122.674425,45.624543],[-122.674465,45.624586],[-122.674989,45.624594],[-122.675053,45.62457],[-122.675059,45.624262],[-122.675006,45.624235],[-122.674812,45.624233],[-122.674812,45.624143],[-122.674918,45.624127],[-122.674941,45.624053],[-122.675326,45.624055],[-122.675325,45.624234],[-122.675291,45.624287],[-122.67537,45.624347],[-122.675452,45.624325],[-122.675709,45.624326],[-122.675717,45.6244],[-122.67579,45.62443],[-122.675937,45.624404],[-122.675966,45.624326],[-122.676222,45.624327]],[[-122.673581,45.624049],[-122.673657,45.624006],[-122.673659,45.623828],[-122.673619,45.623786],[-122.673531,45.623779],[-122.673515,45.623529],[-122.673456,45.623509],[-122.67292,45.62352],[-122.672892,45.623556],[-122.672908,45.623668],[-122.673019,45.623688],[-122.673024,45.623745],[-122.673066,45.623774],[-122.673275,45.623779],[-122.673297,45.623853],[-122.673402,45.623869],[-122.673419,45.624029],[-122.673581,45.624049]],[[-122.674555,45.624774],[-122.674491,45.624748],[-122.674424,45.624772],[-122.674108,45.624771],[-122.674042,45.624809],[-122.674038,45.624902],[-122.674066,45.624939],[-122.674294,45.624952],[-122.674293,45.625263],[-122.674347,45.625309],[-122.674494,45.62531],[-122.674546,45.625274],[-122.674551,45.624862],[-122.674586,45.62482],[-122.674555,45.624774]]]}},{"type":"Feature","properties":{"id":22,"area_m2":22800,"px":228,"rank":6,"persistent":false},"geometry":{"type":"Polygon","coordinates":[[[-122.674644,45.631073],[-122.674643,45.631253],[-122.674258,45.631252],[-122.67419,45.631228],[-122.67401,45.63128],[-122.673999,45.631743],[-122.674039,45.631785],[-122.674126,45.631792],[-122.674126,45.631882],[-122.674052,45.631884],[-122.674006,45.63191],[-122.673996,45.632061],[-122.673868,45.632061],[-122.673847,45.631807],[-122.673793,45.631791],[-122.673228,45.631789],[-122.673217,45.63153],[-122.673155,45.631505],[-122.672973,45.631518],[-122.672951,45.631444],[-122.672846,45.631428],[-122.672837,45.631277],[-122.672792,45.63125],[-122.672718,45.631248],[-122.672684,45.631167],[-122.672077,45.631156],[-122.672069,45.631094],[-122.672016,45.631067],[-122.671821,45.631065],[-122.671761,45.631041],[-122.671693,45.631065],[-122.671565,45.631064],[-122.671566,45.630739],[-122.671521,45.630695],[-122.671251,45.630704],[-122.671195,45.630727],[-122.67118,45.631063],[-122.670795,45.631062],[-122.670793,45.630831],[-122.670749,45.630796],[-122.670668,45.630792],[-122.670667,45.63047],[-122.670623,45.630436],[-122.670542,45.630431],[-122.670544,45.630161],[-122.670649,45.630146],[-122.670672,45.630072],[-122.670788,45.630048],[-122.670801,45.629982],[-122.671441,45.629984],[-122.671511,45.630008],[-122.671665,45.629976],[-122.671699,45.629936],[-122.671701,45.629625],[-122.672471,45.629627],[-122.672493,45.629701],[-122.672599,45.629717],[-122.672597,45.629986],[-122.672516,45.629991],[-122.672475,45.63002],[-122.672453,45.630222],[-122.672502,45.630255],[-122.672596,45.630257],[-122.672601,45.630314],[-122.672643,45.630343],[-122.672852,45.630348],[-122.672851,45.630528],[-122.672649,45.63053],[-122.672594,45.630576],[-122.672593,45.630934],[-122.672632,45.630971],[-122.67272,45.630978],[-122.672742,45.631052],[-122.672796,45.631068],[-122.673746,45.631071],[-122.673806,45.631095],[-122.673876,45.631071],[-122.674644,45.631073]],[[-122.671149,45.630424],[-122.671201,45.630293],[-122.67115,45.630256],[-122.67097,45.630254],[-122.670911,45.630292],[-122.670933,45.630399],[-122.670982,45.63043],[-122.671149,45.630424]],[[-122.671205,45.630598],[-122.671507,45.630627],[-122.671562,45.630594],[-122.671546,45.63045],[-122.671491,45.630434],[-122.671206,45.630449],[-122.671183,45.630487],[-122.671205,45.630598]],[[-122.67194,45.630459],[-122.671749,45.630424],[-122.6717,45.63046],[-122.671697,45.630585],[-122.671755,45.630627],[-122.671905,45.630611],[-122.671951,45.630572],[-122.67194,45.630459]],[[-122.671904,45.630709],[-122.671748,45.630694],[-122.671696,45.630735],[-122.671695,45.630945],[-122.67176,45.630988],[-122.671903,45.630971],[-122.671949,45.630932],[-122.671946,45.630739],[-122.671904,45.630709]],[[-122.672083,45.630345],[-122.672101,45.630301],[-122.672069,45.630265],[-122.671996,45.630257],[-122.671946,45.63028],[-122.671936,45.630322],[-122.671972,45.630359],[-122.672029,45.630369],[-122.672083,45.630345]],[[-122.673761,45.631301],[-122.673736,45.631189],[-122.673683,45.631162],[-122.673422,45.631161],[-122.673361,45.631203],[-122.673363,45.631301],[-122.673421,45.631339],[-122.673717,45.631336],[-122.673761,45.631301]]]}},{"type":"Feature","properties":{"id":66,"area_m2":17300,"px":173,"rank":7,"persistent":false},"geometry":{"type":"Polygon","coordinates":[[[-122.685564,45.628314],[-122.685563,45.628493],[-122.684991,45.628492],[-122.684935,45.628516],[-122.684934,45.628648],[-122.68499,45.628672],[-122.685177,45.628673],[-122.685177,45.628762],[-122.68492,45.628762],[-122.684917,45.62871],[-122.68488,45.628678],[-122.684664,45.628671],[-122.684611,45.628647],[-122.684534,45.628671],[-122.683766,45.628669],[-122.683757,45.628607],[-122.683705,45.628579],[-122.683125,45.628577],[-122.683122,45.628525],[-122.683085,45.628493],[-122.682869,45.628486],[-122.682857,45.62842],[-122.682741,45.628396],[-122.682738,45.628344],[-122.682701,45.628312],[-122.682485,45.628305],[-122.68248,45.628248],[-122.682431,45.628217],[-122.682229,45.628214],[-122.682207,45.62814],[-122.682102,45.628124],[-122.682089,45.628058],[-122.681974,45.628033],[-122.681946,45.627956],[-122.681846,45.627943],[-122.681824,45.627779],[-122.68159,45.627762],[-122.681586,45.627526],[-122.681544,45.627496],[-122.681464,45.627492],[-122.68143,45.627411],[-122.681336,45.627402],[-122.681336,45.627312],[-122.681465,45.627312],[-122.681473,45.627374],[-122.681534,45.627402],[-122.682362,45.627405],[-122.68236,45.627765],[-122.682326,45.627818],[-122.682372,45.627921],[-122.682487,45.627945],[-122.682493,45.628015],[-122.682539,45.628046],[-122.682696,45.628031],[-122.682743,45.627987],[-122.682739,45.627799],[-122.682697,45.62777],[-122.682617,45.627765],[-122.68262,45.627495],[-122.682746,45.627496],[-122.682769,45.62757],[-122.682874,45.627586],[-122.682882,45.627738],[-122.682928,45.627764],[-122.683001,45.627766],[-122.683001,45.627988],[-122.683028,45.628024],[-122.683202,45.628035],[-122.683251,45.628004],[-122.683257,45.627947],[-122.683385,45.627948],[-122.683402,45.628018],[-122.683513,45.628038],[-122.683547,45.628119],[-122.683641,45.628128],[-122.683669,45.628206],[-122.683897,45.628219],[-122.683903,45.628276],[-122.683951,45.628307],[-122.684112,45.628303],[-122.68415,45.628271],[-122.684154,45.62822],[-122.684264,45.6282],[-122.684283,45.62804],[-122.684796,45.628041],[-122.684795,45.628131],[-122.684708,45.628138],[-122.684667,45.62818],[-122.684667,45.628448],[-122.684735,45.628491],[-122.684904,45.628472],[-122.684923,45.628312],[-122.685034,45.628292],[-122.685052,45.628132],[-122.68514,45.628126],[-122.68518,45.628084],[-122.685168,45.627976],[-122.685053,45.627952],[-122.685053,45.627726],[-122.685014,45.627688],[-122.684926,45.627682],[-122.684927,45.627592],[-122.685183,45.627592],[-122.685205,45.627667],[-122.685311,45.627683],[-122.685323,45.627839],[-122.685438,45.627863],[-122.685437,45.628133],[-122.685404,45.628191],[-122.685459,45.628297],[-122.685564,45.628314]]]}},{"type":"Feature","properties":{"id":96,"area_m2":15000,"px":150,"rank":8,"persistent":false},"geometry":{"type":"Polygon","coordinates":[[[-122.672247,45.623956],[-122.672244,45.624496],[-122.672028,45.624501],[-122.671991,45.624533],[-122.671987,45.624585],[-122.671872,45.624609],[-122.671858,45.624675],[-122.671528,45.624676],[-122.671479,45.624707],[-122.671473,45.624763],[-122.670971,45.624773],[-122.670955,45.624705],[-122.670913,45.624676],[-122.670773,45.624672],[-122.670721,45.624691],[-122.670703,45.624797],[-122.670726,45.624836],[-122.670959,45.624852],[-122.670956,45.625392],[-122.670851,45.625408],[-122.670827,45.625482],[-122.670626,45.625483],[-122.670577,45.625514],[-122.67057,45.625571],[-122.670442,45.625571],[-122.670421,45.625406],[-122.670187,45.62539],[-122.670188,45.62521],[-122.670303,45.625186],[-122.670317,45.62503],[-122.670398,45.625026],[-122.670442,45.624992],[-122.670446,45.624851],[-122.670527,45.624847],[-122.670569,45.624818],[-122.670576,45.624581],[-122.670682,45.624565],[-122.670705,45.624491],[-122.670833,45.624492],[-122.670901,45.624516],[-122.670985,45.624475],[-122.670994,45.624434],[-122.670962,45.624401],[-122.670965,45.623952],[-122.671038,45.62395],[-122.671084,45.623924],[-122.671094,45.623772],[-122.671175,45.623768],[-122.671219,45.623734],[-122.671224,45.623593],[-122.671425,45.623591],[-122.67148,45.623545],[-122.671458,45.623429],[-122.671225,45.623413],[-122.671202,45.623338],[-122.671097,45.623322],[-122.671084,45.623256],[-122.670969,45.623232],[-122.670941,45.623154],[-122.670841,45.623141],[-122.670842,45.623052],[-122.671098,45.623052],[-122.671101,45.623104],[-122.671139,45.623136],[-122.671354,45.623143],[-122.671367,45.623209],[-122.671482,45.623233],[-122.671516,45.623314],[-122.671738,45.623324],[-122.671736,45.623594],[-122.671643,45.623596],[-122.671597,45.623623],[-122.671616,45.623745],[-122.671662,45.623772],[-122.671735,45.623774],[-122.671748,45.62384],[-122.671863,45.623865],[-122.671869,45.623921],[-122.67191,45.623951],[-122.672247,45.623956]]]}},{"type":"Feature","properties":{"id":5,"area_m2":14100,"px":141,"rank":9,"persistent":true},"geometry":{"type":"Polygon","coordinates":[[[-122.690291,45.631837],[-122.690284,45.633187],[-122.690027,45.633186],[-122.689967,45.633162],[-122.689899,45.633186],[-122.689514,45.633185],[-122.689511,45.633133],[-122.689474,45.633101],[-122.689258,45.633094],[-122.689259,45.632963],[-122.689225,45.632923],[-122.688874,45.632913],[-122.688852,45.632839],[-122.688747,45.632823],[-122.688713,45.632742],[-122.688619,45.632732],[-122.68862,45.632462],[-122.688854,45.632447],[-122.688877,45.632373],[-122.688977,45.632361],[-122.689006,45.632283],[-122.6891,45.632275],[-122.689135,45.632194],[-122.68925,45.63217],[-122.689264,45.632014],[-122.689487,45.632006],[-122.689521,45.631925],[-122.689637,45.631901],[-122.68965,45.631835],[-122.689866,45.631829],[-122.689903,45.631797],[-122.689907,45.631746],[-122.690035,45.631746],[-122.690041,45.631803],[-122.69009,45.631834],[-122.690291,45.631837]]]}},{"type":"Feature","properties":{"id":11,"area_m2":13300,"px":133,"rank":10,"persistent":false},"geometry":{"type":"Polygon","coordinates":[[[-122.690298,45.630577],[-122.690296,45.631027],[-122.69006,45.631033],[-122.69002,45.631076],[-122.690038,45.631206],[-122.68991,45.631206],[-122.689842,45.631181],[-122.689708,45.631207],[-122.689659,45.631238],[-122.689653,45.631295],[-122.689542,45.631314],[-122.68949,45.631427],[-122.689524,45.631475],[-122.689523,45.631655],[-122.689417,45.63167],[-122.689394,45.631744],[-122.689294,45.631756],[-122.689265,45.631834],[-122.689165,45.631846],[-122.689136,45.631924],[-122.689036,45.631936],[-122.689007,45.632013],[-122.688913,45.632022],[-122.688879,45.632103],[-122.688768,45.632122],[-122.68875,45.632193],[-122.688541,45.632196],[-122.688499,45.632225],[-122.688493,45.632282],[-122.688387,45.632297],[-122.688365,45.632508],[-122.688404,45.632545],[-122.688491,45.632552],[-122.688491,45.632642],[-122.688385,45.632658],[-122.688362,45.632732],[-122.688106,45.632731],[-122.688103,45.632499],[-122.688059,45.632465],[-122.687979,45.632461],[-122.68798,45.632191],[-122.688086,45.632175],[-122.688109,45.632101],[-122.688471,45.632086],[-122.688529,45.63197],[-122.688495,45.631922],[-122.688495,45.631832],[-122.688601,45.631816],[-122.688624,45.631742],[-122.68873,45.631727],[-122.688753,45.631653],[-122.688853,45.631641],[-122.688882,45.631563],[-122.688982,45.631551],[-122.689011,45.631473],[-122.689111,45.631461],[-122.689139,45.631384],[-122.689227,45.631377],[-122.689268,45.631335],[-122.689259,45.631232],[-122.689214,45.631206],[-122.68914,45.631204],[-122.689135,45.631147],[-122.689086,45.631116],[-122.688884,45.631113],[-122.688824,45.631089],[-122.688756,45.631112],[-122.688499,45.631112],[-122.688439,45.631088],[-122.688371,45.631111],[-122.688243,45.631111],[-122.688243,45.631021],[-122.688324,45.631017],[-122.688368,45.630983],[-122.688373,45.630842],[-122.688478,45.630826],[-122.688501,45.630752],[-122.688595,45.630743],[-122.68863,45.630662],[-122.688741,45.630643],[-122.688759,45.630573],[-122.68911,45.630564],[-122.689144,45.630484],[-122.68926,45.63046],[-122.689273,45.630394],[-122.689658,45.630395],[-122.689657,45.630575],[-122.689563,45.630584],[-122.689528,45.630665],[-122.689417,45.630684],[-122.6894,45.630796],[-122.689454,45.630842],[-122.689655,45.630845],[-122.689664,45.630906],[-122.689717,45.630934],[-122.689837,45.630949],[-122.689899,45.630925],[-122.689913,45.630756],[-122.689986,45.630754],[-122.690032,45.630727],[-122.690042,45.630576],[-122.690298,45.630577]]]}},{"type":"Feature","properties":{"id":42,"area_m2":9600,"px":96,"rank":11,"persistent":false},"geometry":{"type":"Polygon","coordinates":[[[-122.679139,45.630096],[-122.679136,45.630726],[-122.67903,45.630741],[-122.679007,45.630815],[-122.678751,45.630815],[-122.678738,45.630749],[-122.678674,45.630725],[-122.678529,45.630733],[-122.678494,45.630814],[-122.677981,45.630813],[-122.67798,45.630662],[-122.677936,45.630623],[-122.677759,45.630641],[-122.677723,45.630722],[-122.677468,45.630721],[-122.677446,45.630647],[-122.677341,45.630631],[-122.677344,45.630091],[-122.677857,45.630092],[-122.677857,45.630319],[-122.677932,45.630362],[-122.67805,45.630362],[-122.678099,45.630339],[-122.678113,45.630093],[-122.678219,45.630077],[-122.678242,45.630003],[-122.678499,45.630004],[-122.678507,45.630066],[-122.678568,45.630094],[-122.679139,45.630096]]]}},{"type":"Feature","properties":{"id":3,"area_m2":8800,"px":88,"rank":12,"persistent":false},"geometry":{"type":"Polygon","coordinates":[[[-122.672583,45.632508],[-122.672578,45.633227],[-122.672194,45.633226],[-122.672181,45.63316],[-122.672117,45.633136],[-122.671857,45.63314],[-122.671815,45.633169],[-122.671809,45.633225],[-122.671552,45.633225],[-122.671549,45.632808],[-122.671493,45.632775],[-122.671298,45.632773],[-122.671299,45.632594],[-122.671427,45.632594],[-122.671488,45.632618],[-122.671543,45.632605],[-122.67159,45.632552],[-122.671556,45.632505],[-122.671557,45.632415],[-122.671644,45.632408],[-122.671684,45.632371],[-122.671673,45.632259],[-122.671558,45.632234],[-122.67156,45.631875],[-122.672073,45.631876],[-122.67208,45.632297],[-122.672125,45.632324],[-122.672199,45.632326],[-122.672202,45.632392],[-122.672237,45.632423],[-122.672455,45.632417],[-122.672477,45.632491],[-122.672583,45.632508]]]}},{"type":"Feature","properties":{"id":86,"area_m2":8300,"px":83,"rank":13,"persistent":false},"geometry":{"type":"Polygon","coordinates":[[[-122.687111,45.626968],[-122.68711,45.627238],[-122.686725,45.627237],[-122.686708,45.627166],[-122.686597,45.627146],[-122.686584,45.62708],[-122.686521,45.627056],[-122.686105,45.627062],[-122.686065,45.627105],[-122.686083,45.627235],[-122.68557,45.627233],[-122.685558,45.627167],[-122.685443,45.627143],[-122.685409,45.627062],[-122.68493,45.627052],[-122.684917,45.626986],[-122.684802,45.626961],[-122.684768,45.62688],[-122.684546,45.626871],[-122.68454,45.626814],[-122.684492,45.626783],[-122.68429,45.62678],[-122.684291,45.62669],[-122.684742,45.62669],[-122.684795,45.626663],[-122.684806,45.626601],[-122.685189,45.626602],[-122.685198,45.626664],[-122.685258,45.626692],[-122.685701,45.626694],[-122.685762,45.626718],[-122.68583,45.626694],[-122.686343,45.626696],[-122.686346,45.626747],[-122.686383,45.626779],[-122.686727,45.626787],[-122.68674,45.626853],[-122.686855,45.626877],[-122.686889,45.626958],[-122.687111,45.626968]]]}},{"type":"Feature","properties":{"id":4,"area_m2":8100,"px":81,"rank":14,"persistent":false},"geometry":{"type":"Polygon","coordinates":[[[-122.671296,45.633044],[-122.671295,45.633224],[-122.671039,45.633223],[-122.670978,45.633199],[-122.67091,45.633223],[-122.670782,45.633222],[-122.670722,45.633198],[-122.670654,45.633222],[-122.670526,45.633222],[-122.670523,45.633156],[-122.67048,45.633122],[-122.67027,45.633131],[-122.670272,45.632771],[-122.670501,45.632772],[-122.670528,45.632737],[-122.670526,45.632616],[-122.670455,45.632578],[-122.669888,45.63259],[-122.669866,45.632515],[-122.66976,45.632499],[-122.669762,45.632229],[-122.669835,45.632227],[-122.669881,45.632201],[-122.669891,45.63205],[-122.670221,45.632048],[-122.67027,45.632017],[-122.670278,45.631961],[-122.670533,45.631962],[-122.670542,45.632023],[-122.670602,45.632051],[-122.671174,45.632053],[-122.671173,45.632143],[-122.670694,45.632151],[-122.670661,45.632185],[-122.67066,45.632273],[-122.6707,45.632316],[-122.67084,45.632346],[-122.670916,45.632323],[-122.671172,45.632323],[-122.671172,45.632413],[-122.671091,45.632417],[-122.671047,45.632451],[-122.671042,45.632593],[-122.670934,45.632599],[-122.670895,45.632654],[-122.670931,45.632753],[-122.671041,45.632773],[-122.671054,45.632929],[-122.671169,45.632954],[-122.671202,45.633034],[-122.671296,45.633044]]]}},{"type":"Feature","properties":{"id":85,"area_m2":7400,"px":74,"rank":15,"persistent":false},"geometry":{"type":"Polygon","coordinates":[[[-122.684031,45.627139],[-122.684031,45.627229],[-122.683701,45.627231],[-122.683652,45.627261],[-122.683645,45.627318],[-122.683261,45.627317],[-122.683252,45.627256],[-122.683192,45.627227],[-122.682748,45.627226],[-122.68272,45.627148],[-122.682566,45.627121],[-122.682501,45.62715],[-122.682491,45.627225],[-122.682235,45.627224],[-122.682159,45.6272],[-122.682006,45.627236],[-122.681978,45.627313],[-122.68185,45.627313],[-122.681827,45.627239],[-122.681722,45.627223],[-122.681723,45.627043],[-122.681804,45.627039],[-122.681848,45.627005],[-122.681853,45.626773],[-122.68219,45.62677],[-122.682232,45.626741],[-122.682238,45.626684],[-122.682353,45.62666],[-122.682367,45.626595],[-122.682495,45.626595],[-122.682503,45.626746],[-122.682549,45.626773],[-122.682622,45.626775],[-122.682631,45.626837],[-122.682691,45.626865],[-122.68308,45.626864],[-122.683129,45.626833],[-122.683135,45.626777],[-122.683251,45.626753],[-122.683264,45.626687],[-122.683521,45.626688],[-122.683524,45.626739],[-122.683561,45.626771],[-122.683777,45.626778],[-122.683776,45.626958],[-122.683741,45.627006],[-122.683792,45.627119],[-122.683844,45.627138],[-122.684031,45.627139]]]}},{"type":"Feature","properties":{"id":51,"area_m2":7300,"px":73,"rank":16,"persistent":false},"geometry":{"type":"Polygon","coordinates":[[[-122.671577,45.628904],[-122.671574,45.629444],[-122.67148,45.629453],[-122.671445,45.629534],[-122.671334,45.629553],[-122.671316,45.629714],[-122.67121,45.629729],[-122.671187,45.629803],[-122.670931,45.629802],[-122.670916,45.629282],[-122.670806,45.629262],[-122.6708,45.629205],[-122.670758,45.629176],[-122.670488,45.629158],[-122.670422,45.629201],[-122.67042,45.629351],[-122.670292,45.629351],[-122.670285,45.629019],[-122.670224,45.628991],[-122.669781,45.628989],[-122.669781,45.628899],[-122.669816,45.628857],[-122.669782,45.628809],[-122.669782,45.628719],[-122.66991,45.628719],[-122.669919,45.628781],[-122.669979,45.628809],[-122.670934,45.628812],[-122.670997,45.628837],[-122.671065,45.628813],[-122.671449,45.628814],[-122.671472,45.628888],[-122.671577,45.628904]]]}},{"type":"Feature","properties":{"id":56,"area_m2":7200,"px":72,"rank":17,"persistent":false},"geometry":{"type":"Polygon","coordinates":[[[-122.674911,45.629274],[-122.67491,45.629364],[-122.674829,45.629368],[-122.674785,45.629402],[-122.674781,45.629543],[-122.673883,45.629541],[-122.673881,45.629386],[-122.673809,45.629347],[-122.673405,45.629369],[-122.673371,45.629408],[-122.67337,45.629539],[-122.672857,45.629538],[-122.672868,45.629437],[-122.673165,45.629449],[-122.673225,45.629429],[-122.673243,45.629269],[-122.673344,45.629265],[-122.673388,45.62923],[-122.67339,45.629039],[-122.673331,45.629],[-122.673144,45.629011],[-122.673116,45.629047],[-122.673115,45.629179],[-122.672921,45.629179],[-122.672867,45.629207],[-122.672847,45.629369],[-122.672729,45.629358],[-122.67273,45.629178],[-122.672804,45.629175],[-122.67285,45.629149],[-122.67286,45.628908],[-122.672966,45.628892],[-122.672989,45.628818],[-122.673568,45.628819],[-122.673621,45.628792],[-122.673631,45.62873],[-122.673759,45.628731],[-122.673762,45.628796],[-122.673804,45.62883],[-122.674015,45.628821],[-122.67402,45.628891],[-122.674074,45.628924],[-122.674271,45.628912],[-122.674293,45.628986],[-122.674399,45.629002],[-122.674399,45.629134],[-122.674432,45.629173],[-122.674783,45.629183],[-122.674805,45.629258],[-122.674911,45.629274]]]}},{"type":"Feature","properties":{"id":23,"area_m2":7000,"px":70,"rank":18,"persistent":false},"geometry":{"type":"Polygon","coordinates":[[[-122.681058,45.631181],[-122.681057,45.631361],[-122.680862,45.631362],[-122.680806,45.631394],[-122.680799,45.631631],[-122.680569,45.631629],[-122.680542,45.631665],[-122.680541,45.63181],[-122.680435,45.631825],[-122.680412,45.6319],[-122.68019,45.631908],[-122.680155,45.631989],[-122.680027,45.631988],[-122.680048,45.631769],[-122.679994,45.631721],[-122.679689,45.631708],[-122.679645,45.631747],[-122.679642,45.631897],[-122.679388,45.631897],[-122.679352,45.631816],[-122.67913,45.631806],[-122.679108,45.631732],[-122.679002,45.631716],[-122.679004,45.631446],[-122.679084,45.631442],[-122.679129,45.631408],[-122.679134,45.631176],[-122.679647,45.631177],[-122.679669,45.631252],[-122.679774,45.631268],[-122.679774,45.631584],[-122.679849,45.631628],[-122.679967,45.631627],[-122.68002,45.6316],[-122.680031,45.631269],[-122.680137,45.631253],[-122.68016,45.631179],[-122.680545,45.63118],[-122.680605,45.631204],[-122.680673,45.63118],[-122.681058,45.631181]],[[-122.679591,45.63136],[-122.679422,45.631353],[-122.679388,45.631447],[-122.679315,45.631449],[-122.679269,45.631475],[-122.679225,45.631584],[-122.679284,45.631643],[-122.679475,45.631621],[-122.679513,45.631589],[-122.679516,45.631537],[-122.67959,45.631535],[-122.679636,45.631509],[-122.679636,45.631386],[-122.679591,45.63136]]]}},{"type":"Feature","properties":{"id":72,"area_m2":6200,"px":62,"rank":19,"persistent":false},"geometry":{"type":"Polygon","coordinates":[[[-122.687235,45.627778],[-122.687234,45.627868],[-122.687154,45.627872],[-122.687109,45.627906],[-122.687105,45.628048],[-122.686999,45.628063],[-122.686976,45.628137],[-122.686861,45.628161],[-122.686847,45.628227],[-122.686619,45.628239],[-122.68659,45.628316],[-122.686475,45.62834],[-122.686462,45.628406],[-122.686233,45.628418],[-122.686205,45.628454],[-122.686204,45.628585],[-122.686076,45.628585],[-122.686054,45.628511],[-122.685948,45.628495],[-122.685949,45.628405],[-122.686064,45.628381],[-122.686077,45.628274],[-122.686023,45.628227],[-122.685821,45.628224],[-122.685822,45.628044],[-122.685916,45.628035],[-122.685951,45.627991],[-122.685938,45.627889],[-122.685823,45.627864],[-122.685824,45.627774],[-122.685939,45.62775],[-122.685953,45.627595],[-122.686059,45.627579],[-122.686082,45.627505],[-122.686338,45.627506],[-122.686366,45.627583],[-122.686594,45.627596],[-122.686603,45.627658],[-122.686656,45.627685],[-122.686851,45.627687],[-122.686911,45.627711],[-122.686979,45.627687],[-122.687107,45.627688],[-122.687129,45.627762],[-122.687235,45.627778]],[[-122.686643,45.628046],[-122.686717,45.628008],[-122.686712,45.627895],[-122.686659,45.627868],[-122.686505,45.627872],[-122.686466,45.627909],[-122.686473,45.628017],[-122.686526,45.628045],[-122.686643,45.628046]]]}},{"type":"Feature","properties":{"id":88,"area_m2":5700,"px":57,"rank":20,"persistent":true},"geometry":{"type":"Polygon","coordinates":[[[-122.677625,45.625771],[-122.677621,45.626491],[-122.677515,45.626507],[-122.677492,45.626581],[-122.676979,45.626579],[-122.676957,45.626505],[-122.676851,45.626489],[-122.676844,45.626068],[-122.676784,45.626039],[-122.676469,45.626038],[-122.676469,45.625948],[-122.676703,45.625933],[-122.676727,45.625769],[-122.677625,45.625771]]]}},{"type":"Feature","properties":{"id":29,"area_m2":5600,"px":56,"rank":21,"persistent":false},"geometry":{"type":"Polygon","coordinates":[[[-122.678877,45.631175],[-122.678875,45.631445],[-122.678769,45.631461],[-122.678746,45.631535],[-122.678631,45.631559],[-122.678618,45.631624],[-122.677463,45.631621],[-122.677441,45.631547],[-122.677335,45.631531],[-122.677302,45.63145],[-122.677208,45.63144],[-122.677207,45.631214],[-122.677168,45.631177],[-122.677081,45.63117],[-122.677081,45.63108],[-122.677338,45.631081],[-122.677366,45.631159],[-122.677526,45.631196],[-122.677596,45.631172],[-122.678877,45.631175]],[[-122.678028,45.631533],[-122.678102,45.631495],[-122.678097,45.631382],[-122.678044,45.631354],[-122.67789,45.631359],[-122.677851,45.631396],[-122.677858,45.631504],[-122.67791,45.631532],[-122.678028,45.631533]]]}},{"type":"Feature","properties":{"id":12,"area_m2":5400,"px":54,"rank":22,"persistent":false},"geometry":{"type":"Polygon","coordinates":[[[-122.683234,45.632088],[-122.683231,45.632537],[-122.683125,45.632553],[-122.683102,45.632627],[-122.682987,45.632651],[-122.682974,45.632717],[-122.682845,45.632716],[-122.682833,45.63265],[-122.682769,45.632626],[-122.682395,45.632626],[-122.682342,45.632654],[-122.682332,45.632715],[-122.682204,45.632715],[-122.682196,45.63264],[-122.68213,45.632611],[-122.681368,45.632623],[-122.681315,45.632651],[-122.681306,45.632712],[-122.681178,45.632712],[-122.681179,45.632532],[-122.681252,45.63253],[-122.681298,45.632504],[-122.681308,45.632352],[-122.681821,45.632354],[-122.681881,45.632378],[-122.681949,45.632354],[-122.682529,45.632355],[-122.68259,45.632312],[-122.682592,45.632176],[-122.68272,45.632176],[-122.682796,45.6322],[-122.682949,45.632164],[-122.682977,45.632087],[-122.683234,45.632088]]]}},{"type":"Feature","properties":{"id":16,"area_m2":4900,"px":49,"rank":23,"persistent":false},"geometry":{"type":"Polygon","coordinates":[[[-122.678617,45.631715],[-122.678615,45.632165],[-122.678534,45.632168],[-122.678489,45.632203],[-122.678485,45.632434],[-122.678034,45.632434],[-122.67798,45.632461],[-122.677971,45.632523],[-122.677843,45.632522],[-122.677845,45.632031],[-122.677805,45.631989],[-122.677718,45.631982],[-122.677719,45.631712],[-122.678617,45.631715]]]}},{"type":"Feature","properties":{"id":69,"area_m2":4600,"px":46,"rank":24,"persistent":false},"geometry":{"type":"Polygon","coordinates":[[[-122.672223,45.628096],[-122.672221,45.628546],[-122.672115,45.628562],[-122.672092,45.628636],[-122.671641,45.628635],[-122.671588,45.628663],[-122.671576,45.628724],[-122.671065,45.628723],[-122.671031,45.628642],[-122.670879,45.628632],[-122.670818,45.628661],[-122.670809,45.628722],[-122.67068,45.628722],[-122.670681,45.628632],[-122.670775,45.628623],[-122.67081,45.628542],[-122.670883,45.62854],[-122.670929,45.628514],[-122.670939,45.628362],[-122.67102,45.628358],[-122.671062,45.628329],[-122.671069,45.628093],[-122.671582,45.628094],[-122.671642,45.628118],[-122.67171,45.628095],[-122.672223,45.628096]],[[-122.671374,45.628634],[-122.671449,45.62859],[-122.671449,45.628402],[-122.671397,45.628366],[-122.671248,45.628352],[-122.671201,45.628383],[-122.671195,45.628453],[-122.671121,45.628455],[-122.671076,45.628481],[-122.671069,45.628594],[-122.671128,45.628632],[-122.671374,45.628634]],[[-122.672016,45.628455],[-122.672092,45.628412],[-122.672091,45.628224],[-122.67204,45.628188],[-122.671893,45.628187],[-122.671839,45.628228],[-122.67184,45.628417],[-122.671891,45.628453],[-122.672016,45.628455]]]}},{"type":"Feature","properties":{"id":52,"area_m2":4500,"px":45,"rank":25,"persistent":false},"geometry":{"type":"Polygon","coordinates":[[[-122.685941,45.629665],[-122.685941,45.629755],[-122.685813,45.629754],[-122.685752,45.62973],[-122.685684,45.629754],[-122.685556,45.629754],[-122.685553,45.629702],[-122.685516,45.62967],[-122.6853,45.629663],[-122.685288,45.629507],[-122.685119,45.629469],[-122.685048,45.629507],[-122.685043,45.629662],[-122.684787,45.629661],[-122.684789,45.629392],[-122.685023,45.629376],[-122.685045,45.629338],[-122.685033,45.629236],[-122.684977,45.629212],[-122.684837,45.629216],[-122.684795,45.629245],[-122.684778,45.629312],[-122.684404,45.6293],[-122.684405,45.62921],[-122.684735,45.629209],[-122.684784,45.629178],[-122.68479,45.629122],[-122.685134,45.629116],[-122.685172,45.629084],[-122.685175,45.629033],[-122.685304,45.629033],[-122.685312,45.629094],[-122.685365,45.629122],[-122.685816,45.629124],[-122.685815,45.629621],[-122.685854,45.629658],[-122.685941,45.629665]]]}},{"type":"Feature","properties":{"id":53,"area_m2":4000,"px":40,"rank":26,"persistent":false},"geometry":{"type":"Polygon","coordinates":[[[-122.684406,45.62894],[-122.684405,45.62912],[-122.684183,45.629122],[-122.684128,45.629175],[-122.684165,45.62928],[-122.684276,45.6293],[-122.684288,45.629456],[-122.684403,45.629481],[-122.684402,45.62957],[-122.684187,45.629576],[-122.684149,45.629608],[-122.684145,45.62966],[-122.683889,45.629659],[-122.683889,45.629569],[-122.68401,45.629557],[-122.684027,45.629488],[-122.683958,45.629455],[-122.683879,45.62949],[-122.683633,45.629478],[-122.683611,45.629404],[-122.683506,45.629388],[-122.683506,45.629298],[-122.683612,45.629282],[-122.683667,45.629176],[-122.68363,45.629062],[-122.683588,45.629032],[-122.683508,45.629028],[-122.683474,45.628947],[-122.683252,45.628937],[-122.683229,45.628863],[-122.683124,45.628847],[-122.683125,45.628667],[-122.683381,45.628668],[-122.683394,45.628734],[-122.683509,45.628758],[-122.683515,45.628815],[-122.683563,45.628846],[-122.683697,45.628873],[-122.683765,45.628849],[-122.68415,45.62885],[-122.684153,45.628901],[-122.68419,45.628933],[-122.684406,45.62894]],[[-122.68381,45.629385],[-122.683952,45.629403],[-122.684006,45.629379],[-122.684016,45.629248],[-122.683965,45.629212],[-122.683818,45.629211],[-122.683766,45.629247],[-122.683766,45.62935],[-122.68381,45.629385]]]}},{"type":"Feature","properties":{"id":15,"area_m2":3800,"px":38,"rank":27,"persistent":false},"geometry":{"type":"Polygon","coordinates":[[[-122.684519,45.631641],[-122.684518,45.631821],[-122.684412,45.631837],[-122.684357,45.631942],[-122.684388,45.632091],[-122.684294,45.6321],[-122.68426,45.63218],[-122.684179,45.632184],[-122.684134,45.632218],[-122.684129,45.63254],[-122.683873,45.632539],[-122.683851,45.632375],[-122.683617,45.632359],[-122.683595,45.632284],[-122.683489,45.632268],[-122.683491,45.631998],[-122.683747,45.631999],[-122.683748,45.632135],[-122.683794,45.632175],[-122.683943,45.632204],[-122.684091,45.632173],[-122.684131,45.632131],[-122.684127,45.63193],[-122.684066,45.631896],[-122.683876,45.631909],[-122.683854,45.631835],[-122.683749,45.631819],[-122.68375,45.631639],[-122.683855,45.631623],[-122.683878,45.631549],[-122.684101,45.631541],[-122.684137,45.63146],[-122.684264,45.63146],[-122.684263,45.631592],[-122.684297,45.631631],[-122.684519,45.631641]]]}},{"type":"Feature","properties":{"id":18,"area_m2":3800,"px":38,"rank":28,"persistent":false},"geometry":{"type":"Polygon","coordinates":[[[-122.675797,45.631347],[-122.675796,45.631436],[-122.675453,45.631437],[-122.675392,45.63148],[-122.675415,45.631762],[-122.675457,45.631792],[-122.675537,45.631796],[-122.675571,45.631877],[-122.675665,45.631886],[-122.675665,45.631976],[-122.675537,45.631976],[-122.675531,45.631919],[-122.675482,45.631888],[-122.675281,45.631885],[-122.675281,45.631664],[-122.675248,45.631624],[-122.675093,45.631601],[-122.675027,45.631644],[-122.675029,45.631941],[-122.675071,45.63197],[-122.675152,45.631975],[-122.675185,45.632056],[-122.675408,45.632066],[-122.67543,45.63214],[-122.675535,45.632156],[-122.675535,45.632246],[-122.6755,45.632288],[-122.675534,45.632336],[-122.675534,45.632426],[-122.675406,45.632425],[-122.675397,45.632364],[-122.675344,45.632336],[-122.674765,45.632334],[-122.674743,45.632259],[-122.674637,45.632243],[-122.674638,45.632153],[-122.67498,45.632153],[-122.675041,45.632109],[-122.675006,45.631994],[-122.674895,45.631973],[-122.674898,45.631524],[-122.674971,45.631522],[-122.675017,45.631496],[-122.675027,45.631344],[-122.675133,45.631329],[-122.675156,45.631255],[-122.675378,45.631246],[-122.675415,45.631165],[-122.675669,45.631166],[-122.675678,45.631318],[-122.675723,45.631344],[-122.675797,45.631347]]]}},{"type":"Feature","properties":{"id":94,"area_m2":3800,"px":38,"rank":29,"persistent":false},"geometry":{"type":"Polygon","coordinates":[[[-122.676343,45.625588],[-122.676341,45.625857],[-122.676236,45.625873],[-122.676213,45.625947],[-122.675956,45.625946],[-122.675953,45.625895],[-122.675916,45.625863],[-122.6757,45.625856],[-122.67572,45.625726],[-122.675687,45.625685],[-122.675316,45.625675],[-122.675308,45.625523],[-122.675263,45.625497],[-122.675189,45.625494],[-122.675191,45.625134],[-122.675832,45.625136],[-122.675855,45.62521],[-122.67596,45.625226],[-122.675976,45.625477],[-122.676087,45.625497],[-122.676093,45.625553],[-122.676134,45.625583],[-122.676343,45.625588]],[[-122.675754,45.625406],[-122.67583,45.625363],[-122.67583,45.625269],[-122.675804,45.625238],[-122.675524,45.625225],[-122.675465,45.625245],[-122.675447,45.625356],[-122.675474,45.625393],[-122.675754,45.625406]],[[-122.675956,45.625674],[-122.675905,45.625653],[-122.675848,45.625663],[-122.67581,45.625705],[-122.675826,45.625745],[-122.675878,45.625766],[-122.67595,45.625754],[-122.675977,45.625716],[-122.675956,45.625674]]]}},{"type":"Feature","properties":{"id":46,"area_m2":3600,"px":36,"rank":30,"persistent":false},"geometry":{"type":"Polygon","coordinates":[[[-122.676961,45.62973],[-122.676958,45.63027],[-122.676188,45.630267],[-122.67619,45.629998],[-122.676224,45.629955],[-122.67619,45.629907],[-122.676191,45.629818],[-122.676296,45.629802],[-122.676319,45.629728],[-122.676535,45.629722],[-122.676573,45.62969],[-122.676578,45.629639],[-122.676833,45.629639],[-122.676855,45.629714],[-122.676961,45.62973]]]}},{"type":"Feature","properties":{"id":36,"area_m2":3400,"px":34,"rank":31,"persistent":false},"geometry":{"type":"Polygon","coordinates":[[[-122.682214,45.630825],[-122.682213,45.631094],[-122.681572,45.631093],[-122.68157,45.630861],[-122.681525,45.630827],[-122.681445,45.630822],[-122.681447,45.630462],[-122.68196,45.630464],[-122.681982,45.630538],[-122.682088,45.630554],[-122.682095,45.630796],[-122.682141,45.630822],[-122.682214,45.630825]]]}},{"type":"Feature","properties":{"id":13,"area_m2":3200,"px":32,"rank":32,"persistent":false},"geometry":{"type":"Polygon","coordinates":[[[-122.677717,45.632072],[-122.677714,45.632522],[-122.677609,45.632538],[-122.677586,45.632612],[-122.677384,45.632613],[-122.677335,45.632644],[-122.677328,45.632701],[-122.6772,45.632701],[-122.677178,45.632626],[-122.677073,45.63261],[-122.677077,45.63189],[-122.677205,45.631891],[-122.677214,45.631952],[-122.677266,45.63198],[-122.677589,45.631982],[-122.677611,45.632056],[-122.677717,45.632072]]]}},{"type":"Feature","properties":{"id":2,"area_m2":3100,"px":31,"rank":33,"persistent":false},"geometry":{"type":"Polygon","coordinates":[[[-122.673475,45.632962],[-122.673443,45.633008],[-122.673477,45.63305],[-122.673476,45.63323],[-122.672835,45.633228],[-122.672837,45.632737],[-122.672797,45.632695],[-122.67271,45.632688],[-122.67271,45.632598],[-122.673352,45.6326],[-122.673319,45.632748],[-122.673373,45.632854],[-122.673478,45.63287],[-122.673475,45.632962]]]}},{"type":"Feature","properties":{"id":68,"area_m2":2900,"px":29,"rank":34,"persistent":false},"geometry":{"type":"Polygon","coordinates":[[[-122.674917,45.628104],[-122.674917,45.628194],[-122.674817,45.628206],[-122.674788,45.628283],[-122.674688,45.628295],[-122.674659,45.628373],[-122.674565,45.628382],[-122.67453,45.628463],[-122.674457,45.628465],[-122.674411,45.628491],[-122.674401,45.628732],[-122.674016,45.628731],[-122.674017,45.62842],[-122.673977,45.628377],[-122.67389,45.628371],[-122.67389,45.628281],[-122.673925,45.628238],[-122.673891,45.628191],[-122.673891,45.628101],[-122.674148,45.628102],[-122.674175,45.628179],[-122.674329,45.628206],[-122.674395,45.628177],[-122.674404,45.628102],[-122.674917,45.628104]]]}},{"type":"Feature","properties":{"id":107,"area_m2":2800,"px":28,"rank":35,"persistent":false},"geometry":{"type":"Polygon","coordinates":[[[-122.672131,45.621885],[-122.672131,45.621975],[-122.672025,45.621991],[-122.672002,45.622065],[-122.671491,45.622063],[-122.671461,45.621985],[-122.671233,45.621972],[-122.671227,45.621916],[-122.671179,45.621885],[-122.670977,45.621882],[-122.670917,45.621857],[-122.670849,45.621881],[-122.67072,45.621881],[-122.67072,45.621654],[-122.670681,45.621617],[-122.670594,45.621611],[-122.670594,45.621521],[-122.670979,45.621522],[-122.670992,45.621588],[-122.671107,45.621612],[-122.67114,45.621693],[-122.671491,45.621703],[-122.671504,45.621769],[-122.671619,45.621794],[-122.671624,45.62185],[-122.671673,45.621881],[-122.671807,45.621908],[-122.671875,45.621884],[-122.672131,45.621885]]]}},{"type":"Feature","properties":{"id":39,"area_m2":2700,"px":27,"rank":36,"persistent":false},"geometry":{"type":"Polygon","coordinates":[[[-122.680291,45.630639],[-122.68029,45.630819],[-122.680216,45.630821],[-122.680171,45.630847],[-122.680161,45.630999],[-122.679904,45.630998],[-122.679883,45.630834],[-122.679649,45.630817],[-122.679649,45.630672],[-122.679623,45.630636],[-122.679265,45.630636],[-122.679266,45.630456],[-122.680164,45.630459],[-122.680172,45.63061],[-122.680217,45.630637],[-122.680291,45.630639]]]}},{"type":"Feature","properties":{"id":48,"area_m2":2600,"px":26,"rank":37,"persistent":false},"geometry":{"type":"Polygon","coordinates":[[[-122.670418,45.629621],[-122.670416,45.629981],[-122.670311,45.629997],[-122.670287,45.630071],[-122.670053,45.630086],[-122.67003,45.63025],[-122.669773,45.630249],[-122.669774,45.630159],[-122.669868,45.63015],[-122.669902,45.630106],[-122.66989,45.630003],[-122.669775,45.629979],[-122.669777,45.629619],[-122.670418,45.629621]]]}},{"type":"Feature","properties":{"id":25,"area_m2":2300,"px":23,"rank":38,"persistent":true},"geometry":{"type":"Polygon","coordinates":[[[-122.676564,45.63135],[-122.676532,45.631396],[-122.676566,45.631439],[-122.676564,45.631799],[-122.676436,45.631798],[-122.676427,45.631737],[-122.676374,45.631709],[-122.676051,45.631707],[-122.676054,45.631167],[-122.676439,45.631168],[-122.676461,45.631243],[-122.676567,45.631259],[-122.676564,45.63135]]]}},{"type":"Feature","properties":{"id":45,"area_m2":2300,"px":23,"rank":39,"persistent":false},"geometry":{"type":"Polygon","coordinates":[[[-122.685555,45.629934],[-122.685554,45.630114],[-122.68548,45.630116],[-122.685435,45.630142],[-122.685425,45.630293],[-122.685209,45.630299],[-122.685171,45.630331],[-122.685168,45.630383],[-122.685052,45.630406],[-122.685039,45.630472],[-122.684911,45.630472],[-122.684899,45.630316],[-122.684783,45.630292],[-122.68475,45.630211],[-122.684656,45.630201],[-122.684657,45.629931],[-122.684873,45.629925],[-122.684911,45.629894],[-122.684916,45.629842],[-122.685427,45.629843],[-122.685449,45.629918],[-122.685555,45.629934]],[[-122.68522,45.630203],[-122.685296,45.63016],[-122.685281,45.629953],[-122.685222,45.629933],[-122.684942,45.629944],[-122.684913,45.629986],[-122.68493,45.630182],[-122.684982,45.630202],[-122.68522,45.630203]]]}},{"type":"Feature","properties":{"id":7,"area_m2":2100,"px":21,"rank":40,"persistent":false},"geometry":{"type":"Polygon","coordinates":[[[-122.686183,45.632366],[-122.686181,45.632726],[-122.6861,45.63273],[-122.686056,45.632764],[-122.686051,45.632995],[-122.685945,45.633011],[-122.685922,45.633085],[-122.685794,45.633085],[-122.685796,45.632725],[-122.685877,45.632721],[-122.685921,45.632687],[-122.685926,45.632414],[-122.685886,45.632371],[-122.685798,45.632365],[-122.685798,45.632138],[-122.685759,45.632101],[-122.685671,45.632094],[-122.685672,45.631914],[-122.685801,45.631915],[-122.685803,45.632056],[-122.685847,45.632091],[-122.685928,45.632095],[-122.68594,45.632251],[-122.686055,45.632275],[-122.686089,45.632356],[-122.686183,45.632366]]]}},{"type":"Feature","properties":{"id":35,"area_m2":2000,"px":20,"rank":41,"persistent":false},"geometry":{"type":"Polygon","coordinates":[[[-122.67054,45.630702],[-122.67054,45.630791],[-122.670452,45.630798],[-122.670413,45.630835],[-122.670409,45.631151],[-122.670281,45.631151],[-122.67026,45.630896],[-122.669898,45.63088],[-122.669901,45.63043],[-122.670006,45.630414],[-122.670029,45.63034],[-122.670414,45.630341],[-122.670414,45.630658],[-122.670453,45.630695],[-122.67054,45.630702]],[[-122.67008,45.630711],[-122.670236,45.630696],[-122.670278,45.630667],[-122.670284,45.630474],[-122.670231,45.630433],[-122.670091,45.630431],[-122.67003,45.630473],[-122.670029,45.63067],[-122.67008,45.630711]]]}},{"type":"Feature","properties":{"id":49,"area_m2":2000,"px":20,"rank":42,"persistent":false},"geometry":{"type":"Polygon","coordinates":[[[-122.673754,45.629631],[-122.673753,45.62972],[-122.673666,45.629727],[-122.673626,45.629764],[-122.673624,45.62999],[-122.673589,45.630032],[-122.673623,45.63008],[-122.673622,45.63017],[-122.673238,45.630169],[-122.673216,45.630095],[-122.67311,45.630079],[-122.673112,45.629719],[-122.673218,45.629703],[-122.673241,45.629629],[-122.673754,45.629631]]]}},{"type":"Feature","properties":{"id":102,"area_m2":2000,"px":20,"rank":43,"persistent":false},"geometry":{"type":"Polygon","coordinates":[[[-122.670711,45.623501],[-122.670707,45.624221],[-122.670626,45.624225],[-122.670581,45.624259],[-122.670577,45.624491],[-122.67032,45.62449],[-122.670321,45.62431],[-122.670409,45.624304],[-122.670448,45.624267],[-122.670451,45.624041],[-122.670539,45.624034],[-122.670579,45.623992],[-122.670567,45.623885],[-122.670452,45.62386],[-122.670455,45.62341],[-122.670583,45.623411],[-122.670605,45.623485],[-122.670711,45.623501]]]}},{"type":"Feature","properties":{"id":106,"area_m2":2000,"px":20,"rank":44,"persistent":false},"geometry":{"type":"Polygon","coordinates":[[[-122.671613,45.622694],[-122.671612,45.622874],[-122.671507,45.622889],[-122.671484,45.622963],[-122.671368,45.622987],[-122.671355,45.623053],[-122.671227,45.623053],[-122.671221,45.622996],[-122.671172,45.622965],[-122.670971,45.622962],[-122.670965,45.622905],[-122.670924,45.622876],[-122.670715,45.622871],[-122.670692,45.622797],[-122.670587,45.622781],[-122.670587,45.622691],[-122.671613,45.622694]]]}},{"type":"Feature","properties":{"id":9,"area_m2":1900,"px":19,"rank":45,"persistent":false},"geometry":{"type":"Polygon","coordinates":[[[-122.675789,45.632697],[-122.675788,45.632877],[-122.675682,45.632892],[-122.675659,45.632966],[-122.674889,45.632964],[-122.674891,45.632694],[-122.674997,45.632679],[-122.67502,45.632605],[-122.675276,45.632605],[-122.675289,45.632671],[-122.675353,45.632695],[-122.675498,45.632687],[-122.675533,45.632606],[-122.675661,45.632606],[-122.675683,45.632681],[-122.675789,45.632697]]]}},{"type":"Feature","properties":{"id":57,"area_m2":1900,"px":19,"rank":46,"persistent":false},"geometry":{"type":"Polygon","coordinates":[[[-122.672218,45.629086],[-122.672217,45.629266],[-122.672143,45.629268],[-122.672097,45.629294],[-122.672087,45.629446],[-122.671981,45.629461],[-122.671958,45.629535],[-122.671702,45.629535],[-122.671705,45.628995],[-122.67209,45.628996],[-122.672112,45.62907],[-122.672218,45.629086]]]}},{"type":"Feature","properties":{"id":105,"area_m2":1900,"px":19,"rank":47,"persistent":false},"geometry":{"type":"Polygon","coordinates":[[[-122.670328,45.62314],[-122.670326,45.62341],[-122.670221,45.623426],[-122.670198,45.6235],[-122.670082,45.623523],[-122.670069,45.623589],[-122.669941,45.623589],[-122.669939,45.623357],[-122.669895,45.623323],[-122.669814,45.623319],[-122.669816,45.622959],[-122.670073,45.622959],[-122.670095,45.623034],[-122.6702,45.62305],[-122.670234,45.623131],[-122.670328,45.62314]]]}},{"type":"Feature","properties":{"id":112,"area_m2":1900,"px":19,"rank":48,"persistent":false},"geometry":{"type":"Polygon","coordinates":[[[-122.687412,45.618958],[-122.687411,45.619138],[-122.687305,45.619153],[-122.687282,45.619227],[-122.687026,45.619227],[-122.687023,45.619175],[-122.686986,45.619143],[-122.68677,45.619136],[-122.686757,45.61907],[-122.686642,45.619045],[-122.686608,45.618965],[-122.686386,45.618955],[-122.686387,45.618865],[-122.686771,45.618866],[-122.686832,45.61889],[-122.6869,45.618866],[-122.687284,45.618867],[-122.687307,45.618942],[-122.687412,45.618958]]]}},{"type":"Feature","properties":{"id":27,"area_m2":1800,"px":18,"rank":49,"persistent":false},"geometry":{"type":"Polygon","coordinates":[[[-122.671692,45.631155],[-122.671692,45.631245],[-122.67112,45.631243],[-122.671063,45.631267],[-122.67105,45.631369],[-122.671072,45.631407],[-122.671434,45.631424],[-122.671434,45.631513],[-122.671179,45.63153],[-122.671157,45.631569],[-122.671176,45.631693],[-122.67107,45.631709],[-122.671047,45.631783],[-122.670919,45.631783],[-122.670916,45.631641],[-122.670843,45.631602],[-122.670692,45.631614],[-122.670664,45.631651],[-122.670662,45.631782],[-122.670534,45.631781],[-122.670535,45.631602],[-122.670641,45.631586],[-122.670664,45.631512],[-122.670871,45.631512],[-122.670928,45.631488],[-122.670922,45.631243],[-122.671028,45.631227],[-122.671051,45.631153],[-122.671692,45.631155]]]}},{"type":"Feature","properties":{"id":41,"area_m2":1600,"px":16,"rank":50,"persistent":false},"geometry":{"type":"Polygon","coordinates":[[[-122.674903,45.630534],[-122.674901,45.630894],[-122.674795,45.630909],[-122.674772,45.630984],[-122.674388,45.630982],[-122.674365,45.630908],[-122.67426,45.630892],[-122.674261,45.630712],[-122.674335,45.63071],[-122.67438,45.630684],[-122.67439,45.630533],[-122.674903,45.630534]],[[-122.674649,45.630715],[-122.674593,45.630689],[-122.674536,45.630699],[-122.674485,45.630745],[-122.674498,45.63079],[-122.674562,45.630826],[-122.674627,45.630817],[-122.674679,45.630766],[-122.674649,45.630715]]]}},{"type":"Feature","properties":{"id":1,"area_m2":1500,"px":15,"rank":51,"persistent":false},"geometry":{"type":"Polygon","coordinates":[[[-122.685922,45.633175],[-122.685921,45.633265],[-122.68528,45.633263],[-122.685282,45.632993],[-122.685362,45.632989],[-122.685407,45.632955],[-122.685411,45.632724],[-122.685539,45.632724],[-122.685548,45.632875],[-122.685593,45.632902],[-122.685667,45.632904],[-122.685683,45.633155],[-122.685735,45.633174],[-122.685922,45.633175]]]}},{"type":"Feature","properties":{"id":26,"area_m2":1500,"px":15,"rank":52,"persistent":false},"geometry":{"type":"Polygon","coordinates":[[[-122.674642,45.631433],[-122.67464,45.631613],[-122.674535,45.631629],[-122.674512,45.631703],[-122.674396,45.631727],[-122.674383,45.631793],[-122.674255,45.631792],[-122.674233,45.631718],[-122.674127,45.631702],[-122.674129,45.631342],[-122.674514,45.631343],[-122.674536,45.631417],[-122.674642,45.631433]]]}},{"type":"Feature","properties":{"id":61,"area_m2":1500,"px":15,"rank":53,"persistent":false},"geometry":{"type":"Polygon","coordinates":[[[-122.68864,45.628862],[-122.688638,45.629222],[-122.68851,45.629222],[-122.688501,45.629147],[-122.688436,45.629118],[-122.688282,45.629143],[-122.688253,45.629221],[-122.687997,45.62922],[-122.687998,45.62904],[-122.688071,45.629038],[-122.688117,45.629012],[-122.688127,45.628861],[-122.68864,45.628862]]]}},{"type":"Feature","properties":{"id":28,"area_m2":1400,"px":14,"rank":54,"persistent":false},"geometry":{"type":"Polygon","coordinates":[[[-122.689012,45.631203],[-122.689011,45.631383],[-122.688783,45.631395],[-122.688754,45.631473],[-122.688654,45.631485],[-122.688625,45.631562],[-122.688531,45.631571],[-122.688496,45.631652],[-122.688385,45.631671],[-122.688367,45.631741],[-122.688111,45.631741],[-122.688112,45.631651],[-122.688192,45.631647],[-122.688237,45.631613],[-122.688241,45.631471],[-122.688469,45.63146],[-122.688498,45.631382],[-122.688592,45.631373],[-122.688627,45.631292],[-122.688738,45.631273],[-122.688756,45.631203],[-122.689012,45.631203]]]}},{"type":"Feature","properties":{"id":67,"area_m2":1400,"px":14,"rank":55,"persistent":false},"geometry":{"type":"Polygon","coordinates":[[[-122.675429,45.628285],[-122.675427,45.628735],[-122.67517,45.628734],[-122.67511,45.62871],[-122.675042,45.628734],[-122.674914,45.628734],[-122.674916,45.628374],[-122.675239,45.628374],[-122.675292,45.628346],[-122.675301,45.628285],[-122.675429,45.628285]]]}},{"type":"Feature","properties":{"id":17,"area_m2":1300,"px":13,"rank":56,"persistent":false},"geometry":{"type":"Polygon","coordinates":[[[-122.674767,45.631974],[-122.674766,45.632064],[-122.674572,45.632064],[-122.674519,45.632092],[-122.674508,45.632333],[-122.674042,45.632336],[-122.673996,45.632375],[-122.673994,45.632511],[-122.673866,45.632511],[-122.673867,45.632241],[-122.674311,45.632242],[-122.674375,45.632209],[-122.674378,45.632011],[-122.674334,45.631977],[-122.674254,45.631972],[-122.674254,45.631882],[-122.674382,45.631883],[-122.674391,45.631944],[-122.674444,45.631972],[-122.674767,45.631974]]]}},{"type":"Feature","properties":{"id":50,"area_m2":1300,"px":13,"rank":57,"persistent":false},"geometry":{"type":"Polygon","coordinates":[[[-122.678116,45.629643],[-122.678115,45.629823],[-122.677473,45.629821],[-122.677468,45.629764],[-122.677419,45.629733],[-122.677089,45.62973],[-122.67709,45.62964],[-122.678116,45.629643]]]}},{"type":"Feature","properties":{"id":74,"area_m2":1300,"px":13,"rank":58,"persistent":false},"geometry":{"type":"Polygon","coordinates":[[[-122.67992,45.628208],[-122.679919,45.628388],[-122.679845,45.62839],[-122.6798,45.628416],[-122.67979,45.628567],[-122.679533,45.628567],[-122.679511,45.628493],[-122.679405,45.628476],[-122.679407,45.628206],[-122.67992,45.628208]]]}},{"type":"Feature","properties":{"id":14,"area_m2":1200,"px":12,"rank":59,"persistent":false},"geometry":{"type":"Polygon","coordinates":[[[-122.680923,45.632261],[-122.680922,45.632441],[-122.680817,45.632457],[-122.680793,45.632531],[-122.680571,45.632539],[-122.680536,45.63262],[-122.680408,45.63262],[-122.680409,45.63253],[-122.680489,45.632526],[-122.680534,45.632492],[-122.680536,45.632393],[-122.680504,45.632359],[-122.680336,45.632352],[-122.680287,45.632383],[-122.680281,45.632439],[-122.680153,45.632439],[-122.680153,45.632349],[-122.680259,45.632333],[-122.680282,45.632259],[-122.680397,45.632236],[-122.680411,45.63217],[-122.680667,45.63217],[-122.680673,45.63224],[-122.680727,45.632273],[-122.680923,45.632261]]]}},{"type":"Feature","properties":{"id":24,"area_m2":1200,"px":12,"rank":60,"persistent":false},"geometry":{"type":"Polygon","coordinates":[[[-122.683364,45.631728],[-122.683363,45.631818],[-122.683258,45.631833],[-122.683235,45.631907],[-122.683107,45.631907],[-122.683046,45.631883],[-122.682978,45.631907],[-122.68285,45.631906],[-122.68285,45.631816],[-122.682885,45.631774],[-122.682851,45.631726],[-122.682851,45.631636],[-122.682925,45.631634],[-122.682971,45.631608],[-122.682981,45.631457],[-122.683237,45.631457],[-122.683239,45.631689],[-122.683283,45.631723],[-122.683364,45.631728]]]}},{"type":"Feature","properties":{"id":55,"area_m2":1200,"px":12,"rank":61,"persistent":false},"geometry":{"type":"Polygon","coordinates":[[[-122.677089,45.629281],[-122.677057,45.629328],[-122.677091,45.62937],[-122.67709,45.62946],[-122.676985,45.629476],[-122.676962,45.62955],[-122.676705,45.629549],[-122.676683,45.629475],[-122.676577,45.629458],[-122.676579,45.629189],[-122.676685,45.629173],[-122.676708,45.629099],[-122.677093,45.6291],[-122.677089,45.629281]],[[-122.676957,45.629426],[-122.676982,45.629325],[-122.67695,45.629289],[-122.676761,45.629281],[-122.67671,45.629317],[-122.676709,45.629421],[-122.67676,45.629457],[-122.676908,45.629457],[-122.676957,45.629426]]]}},{"type":"Feature","properties":{"id":80,"area_m2":1200,"px":12,"rank":62,"persistent":false},"geometry":{"type":"Polygon","coordinates":[[[-122.676973,45.62766],[-122.676972,45.627749],[-122.676587,45.627748],[-122.676582,45.627692],[-122.676533,45.627661],[-122.676203,45.627657],[-122.676203,45.627567],[-122.676309,45.627552],[-122.676332,45.627478],[-122.676555,45.627469],[-122.676589,45.627388],[-122.676846,45.627389],[-122.676845,45.627479],[-122.676765,45.627483],[-122.676723,45.627512],[-122.67672,45.62762],[-122.676778,45.627658],[-122.676973,45.62766]]]}},{"type":"Feature","properties":{"id":110,"area_m2":1200,"px":12,"rank":63,"persistent":false},"geometry":{"type":"Polygon","coordinates":[[[-122.670471,45.62062],[-122.67047,45.6208],[-122.670214,45.620799],[-122.670205,45.620738],[-122.670152,45.62071],[-122.669829,45.620708],[-122.669831,45.620438],[-122.669959,45.620439],[-122.669968,45.6205],[-122.670021,45.620528],[-122.670343,45.62053],[-122.670366,45.620604],[-122.670471,45.62062]]]}},{"type":"Feature","properties":{"id":37,"area_m2":1100,"px":11,"rank":64,"persistent":false},"geometry":{"type":"Polygon","coordinates":[[[-122.681316,45.630822],[-122.681315,45.631092],[-122.68093,45.631091],[-122.680931,45.631001],[-122.681018,45.630995],[-122.681059,45.630953],[-122.681062,45.630461],[-122.68119,45.630462],[-122.68119,45.630778],[-122.681229,45.630815],[-122.681316,45.630822]]]}},{"type":"Feature","properties":{"id":54,"area_m2":1000,"px":10,"rank":65,"persistent":false},"geometry":{"type":"Polygon","coordinates":[[[-122.678117,45.629373],[-122.678117,45.629463],[-122.678011,45.629478],[-122.677988,45.629552],[-122.67786,45.629552],[-122.677847,45.629486],[-122.677783,45.629462],[-122.677638,45.629471],[-122.677603,45.629551],[-122.677475,45.629551],[-122.677453,45.629477],[-122.677347,45.629461],[-122.677348,45.629371],[-122.677453,45.629355],[-122.677477,45.629281],[-122.677605,45.629282],[-122.677617,45.629347],[-122.677681,45.629372],[-122.677827,45.629363],[-122.677861,45.629282],[-122.67799,45.629283],[-122.678012,45.629357],[-122.678117,45.629373]]]}},{"type":"Feature","properties":{"id":58,"area_m2":1000,"px":10,"rank":66,"persistent":false},"geometry":{"type":"Polygon","coordinates":[[[-122.670419,45.629441],[-122.670419,45.629531],[-122.669906,45.629529],[-122.669906,45.629303],[-122.669867,45.629266],[-122.669779,45.629259],[-122.66978,45.629079],[-122.670037,45.62908],[-122.670035,45.629391],[-122.670063,45.629428],[-122.670419,45.629441]]]}},{"type":"Feature","properties":{"id":78,"area_m2":1000,"px":10,"rank":67,"persistent":false},"geometry":{"type":"Polygon","coordinates":[[[-122.684414,45.62759],[-122.684413,45.62777],[-122.684211,45.627772],[-122.684162,45.627803],[-122.684155,45.62786],[-122.684027,45.627859],[-122.684019,45.627708],[-122.683974,45.627681],[-122.6839,45.627678],[-122.683901,45.627589],[-122.684006,45.627573],[-122.684029,45.627499],[-122.684286,45.6275],[-122.684308,45.627574],[-122.684414,45.62759]]]}},{"type":"Feature","properties":{"id":108,"area_m2":1000,"px":10,"rank":68,"persistent":false},"geometry":{"type":"Polygon","coordinates":[[[-122.670467,45.62134],[-122.670466,45.62152],[-122.670338,45.62152],[-122.670325,45.621454],[-122.67021,45.621429],[-122.670205,45.621359],[-122.670151,45.621327],[-122.669988,45.621348],[-122.669953,45.621429],[-122.669825,45.621428],[-122.669827,45.621158],[-122.670211,45.62116],[-122.670234,45.621234],[-122.670339,45.62125],[-122.670373,45.621331],[-122.670467,45.62134]]]}},{"type":"Feature","properties":{"id":63,"area_m2":900,"px":9,"rank":69,"persistent":false},"geometry":{"type":"Polygon","coordinates":[[[-122.675554,45.629006],[-122.675553,45.629096],[-122.675337,45.629101],[-122.6753,45.629133],[-122.675296,45.629185],[-122.67504,45.629184],[-122.675041,45.628914],[-122.675426,45.628915],[-122.675448,45.628989],[-122.675554,45.629006]]]}},{"type":"Feature","properties":{"id":111,"area_m2":900,"px":9,"rank":70,"persistent":false},"geometry":{"type":"Polygon","coordinates":[[[-122.687797,45.618869],[-122.687796,45.619049],[-122.687709,45.619055],[-122.687668,45.619097],[-122.687667,45.619228],[-122.687633,45.619271],[-122.687667,45.619318],[-122.687666,45.619498],[-122.687538,45.619498],[-122.687515,45.619424],[-122.68741,45.619408],[-122.687411,45.619228],[-122.687492,45.619224],[-122.687536,45.61919],[-122.687541,45.618958],[-122.687646,45.618942],[-122.687669,45.618868],[-122.687797,45.618869]]]}},{"type":"Feature","properties":{"id":81,"area_m2":800,"px":8,"rank":71,"persistent":false},"geometry":{"type":"Polygon","coordinates":[[[-122.674664,45.627563],[-122.674663,45.627743],[-122.67415,45.627741],[-122.674151,45.627562],[-122.674664,45.627563]]]}},{"type":"Feature","properties":{"id":31,"area_m2":700,"px":7,"rank":72,"persistent":false},"geometry":{"type":"Polygon","coordinates":[[[-122.68388,45.631279],[-122.683879,45.631459],[-122.683677,45.631461],[-122.683628,45.631492],[-122.683622,45.631548],[-122.683493,45.631548],[-122.683495,45.631278],[-122.68388,45.631279]]]}},{"type":"Feature","properties":{"id":77,"area_m2":700,"px":7,"rank":73,"persistent":false},"geometry":{"type":"Polygon","coordinates":[[[-122.670685,45.627912],[-122.670684,45.628002],[-122.670579,45.628017],[-122.670556,45.628091],[-122.670299,45.62809],[-122.670301,45.627731],[-122.670429,45.627731],[-122.670429,45.627862],[-122.670463,45.627902],[-122.670685,45.627912]]]}},{"type":"Feature","properties":{"id":100,"area_m2":700,"px":7,"rank":74,"persistent":false},"geometry":{"type":"Polygon","coordinates":[[[-122.677629,45.625051],[-122.677628,45.625141],[-122.677374,45.62514],[-122.677369,45.625089],[-122.677332,45.625057],[-122.677116,45.62505],[-122.677094,45.624975],[-122.676988,45.624959],[-122.676989,45.624779],[-122.677117,45.62478],[-122.677134,45.62485],[-122.677245,45.62487],[-122.677258,45.624936],[-122.677373,45.62496],[-122.677407,45.625041],[-122.677629,45.625051]]]}},{"type":"Feature","properties":{"id":103,"area_m2":700,"px":7,"rank":75,"persistent":false},"geometry":{"type":"Polygon","coordinates":[[[-122.670067,45.623859],[-122.670064,45.624489],[-122.669935,45.624489],[-122.669939,45.623859],[-122.670067,45.623859]]]}},{"type":"Feature","properties":{"id":109,"area_m2":700,"px":7,"rank":76,"persistent":false},"geometry":{"type":"Polygon","coordinates":[[[-122.671752,45.620894],[-122.671751,45.621074],[-122.671645,45.621089],[-122.671622,45.621163],[-122.671494,45.621163],[-122.671472,45.621089],[-122.671367,45.621073],[-122.671368,45.620893],[-122.671752,45.620894]]]}},{"type":"Feature","properties":{"id":10,"area_m2":600,"px":6,"rank":77,"persistent":false},"geometry":{"type":"Polygon","coordinates":[[[-122.674635,45.632603],[-122.674634,45.632693],[-122.674418,45.632699],[-122.674381,45.632731],[-122.674377,45.632783],[-122.673992,45.632781],[-122.67397,45.632707],[-122.673865,45.632691],[-122.673865,45.632601],[-122.673993,45.632602],[-122.674006,45.632668],[-122.67407,45.632692],[-122.67433,45.632688],[-122.674372,45.632659],[-122.674378,45.632603],[-122.674635,45.632603]]]}},{"type":"Feature","properties":{"id":75,"area_m2":600,"px":6,"rank":78,"persistent":false},"geometry":{"type":"Polygon","coordinates":[[[-122.677097,45.62838],[-122.677096,45.62856],[-122.676968,45.62856],[-122.676955,45.628494],[-122.676891,45.628469],[-122.676638,45.628471],[-122.676589,45.628502],[-122.676582,45.628558],[-122.676454,45.628558],[-122.676455,45.628468],[-122.676561,45.628453],[-122.676584,45.628379],[-122.677097,45.62838]]]}},{"type":"Feature","properties":{"id":83,"area_m2":600,"px":6,"rank":79,"persistent":false},"geometry":{"type":"Polygon","coordinates":[[[-122.670047,45.62728],[-122.670046,45.62755],[-122.669789,45.627549],[-122.669791,45.627279],[-122.670047,45.62728]]]}},{"type":"Feature","properties":{"id":8,"area_m2":500,"px":5,"rank":80,"persistent":false},"geometry":{"type":"Polygon","coordinates":[[[-122.674504,45.632963],[-122.674504,45.633053],[-122.673863,45.633051],[-122.673863,45.632961],[-122.674504,45.632963]]]}},{"type":"Feature","properties":{"id":34,"area_m2":500,"px":5,"rank":81,"persistent":false},"geometry":{"type":"Polygon","coordinates":[[[-122.682983,45.631097],[-122.682982,45.631187],[-122.682726,45.631186],[-122.682704,45.631112],[-122.682598,45.631096],[-122.682598,45.631006],[-122.682704,45.63099],[-122.682727,45.630916],[-122.682855,45.630916],[-122.682864,45.631068],[-122.682909,45.631094],[-122.682983,45.631097]]]}},{"type":"Feature","properties":{"id":38,"area_m2":500,"px":5,"rank":82,"persistent":false},"geometry":{"type":"Polygon","coordinates":[[[-122.680675,45.63082],[-122.680674,45.631],[-122.680568,45.631016],[-122.680545,45.63109],[-122.680417,45.631089],[-122.680418,45.63082],[-122.680675,45.63082]]]}},{"type":"Feature","properties":{"id":43,"area_m2":500,"px":5,"rank":83,"persistent":false},"geometry":{"type":"Polygon","coordinates":[[[-122.673236,45.630439],[-122.673236,45.630529],[-122.673148,45.630535],[-122.673109,45.630572],[-122.673106,45.630799],[-122.672978,45.630798],[-122.67298,45.630438],[-122.673236,45.630439]]]}},{"type":"Feature","properties":{"id":59,"area_m2":500,"px":5,"rank":84,"persistent":false},"geometry":{"type":"Polygon","coordinates":[[[-122.675809,45.629186],[-122.675808,45.629456],[-122.675679,45.629456],[-122.675657,45.629382],[-122.675552,45.629366],[-122.675553,45.629186],[-122.675809,45.629186]]]}},{"type":"Feature","properties":{"id":82,"area_m2":500,"px":5,"rank":85,"persistent":false},"geometry":{"type":"Polygon","coordinates":[[[-122.678,45.627482],[-122.677999,45.627572],[-122.677894,45.627588],[-122.677871,45.627662],[-122.677358,45.627661],[-122.677358,45.627571],[-122.677809,45.627571],[-122.677862,45.627543],[-122.677872,45.627482],[-122.678,45.627482]]]}},{"type":"Feature","properties":{"id":87,"area_m2":500,"px":5,"rank":86,"persistent":false},"geometry":{"type":"Polygon","coordinates":[[[-122.680955,45.626591],[-122.680954,45.626771],[-122.680849,45.626786],[-122.680826,45.62686],[-122.680698,45.62686],[-122.680699,45.62659],[-122.680955,45.626591]]]}},{"type":"Feature","properties":{"id":20,"area_m2":400,"px":4,"rank":87,"persistent":false},"geometry":{"type":"Polygon","coordinates":[[[-122.676947,45.63216],[-122.676946,45.63225],[-122.676561,45.632249],[-122.676562,45.632159],[-122.676668,45.632143],[-122.676691,45.632069],[-122.676819,45.63207],[-122.676841,45.632144],[-122.676947,45.63216]]]}},{"type":"Feature","properties":{"id":62,"area_m2":400,"px":4,"rank":88,"persistent":false},"geometry":{"type":"Polygon","coordinates":[[[-122.677734,45.629102],[-122.677733,45.629192],[-122.677477,45.629191],[-122.677479,45.628921],[-122.677607,45.628921],[-122.677615,45.629073],[-122.67766,45.629099],[-122.677734,45.629102]]]}},{"type":"Feature","properties":{"id":79,"area_m2":400,"px":4,"rank":89,"persistent":false},"geometry":{"type":"Polygon","coordinates":[[[-122.683388,45.627497],[-122.683387,45.627587],[-122.683307,45.627591],[-122.683262,45.627625],[-122.683258,45.627767],[-122.68313,45.627767],[-122.683131,45.627497],[-122.683388,45.627497]]]}},{"type":"Feature","properties":{"id":84,"area_m2":400,"px":4,"rank":90,"persistent":false},"geometry":{"type":"Polygon","coordinates":[[[-122.687751,45.627149],[-122.68775,45.627329],[-122.687494,45.627329],[-122.687495,45.627149],[-122.687751,45.627149]]]}},{"type":"Feature","properties":{"id":89,"area_m2":400,"px":4,"rank":91,"persistent":false},"geometry":{"type":"Polygon","coordinates":[[[-122.685318,45.626423],[-122.685318,45.626513],[-122.684805,45.626511],[-122.684805,45.626421],[-122.685318,45.626423]]]}},{"type":"Feature","properties":{"id":90,"area_m2":400,"px":4,"rank":92,"persistent":false},"geometry":{"type":"Polygon","coordinates":[[[-122.685833,45.626154],[-122.685832,45.626334],[-122.685575,45.626333],[-122.685576,45.626153],[-122.685833,45.626154]]]}},{"type":"Feature","properties":{"id":95,"area_m2":400,"px":4,"rank":93,"persistent":false},"geometry":{"type":"Polygon","coordinates":[[[-122.673393,45.625489],[-122.673393,45.625579],[-122.673008,45.625578],[-122.673008,45.625488],[-122.673114,45.625472],[-122.673137,45.625398],[-122.673265,45.625399],[-122.673288,45.625473],[-122.673393,45.625489]]]}},{"type":"Feature","properties":{"id":97,"area_m2":400,"px":4,"rank":94,"persistent":false},"geometry":{"type":"Polygon","coordinates":[[[-122.680451,45.625149],[-122.680449,45.625419],[-122.680321,45.625419],[-122.680299,45.625344],[-122.680193,45.625328],[-122.680194,45.625238],[-122.680299,45.625223],[-122.680322,45.625149],[-122.680451,45.625149]]]}},{"type":"Feature","properties":{"id":101,"area_m2":400,"px":4,"rank":95,"persistent":false},"geometry":{"type":"Polygon","coordinates":[[[-122.683403,45.624707],[-122.683403,45.624797],[-122.683018,45.624796],[-122.683019,45.624616],[-122.683147,45.624617],[-122.683153,45.624673],[-122.683202,45.624704],[-122.683403,45.624707]]]}},{"type":"Feature","properties":{"id":6,"area_m2":300,"px":3,"rank":96,"persistent":false},"geometry":{"type":"Polygon","coordinates":[[[-122.688746,45.632913],[-122.688745,45.633003],[-122.68864,45.633018],[-122.688617,45.633092],[-122.688488,45.633092],[-122.688489,45.632912],[-122.688746,45.632913]]]}},{"type":"Feature","properties":{"id":19,"area_m2":300,"px":3,"rank":97,"persistent":false},"geometry":{"type":"Polygon","coordinates":[[[-122.673483,45.63206],[-122.673482,45.63233],[-122.673354,45.63233],[-122.673355,45.63206],[-122.673483,45.63206]]]}},{"type":"Feature","properties":{"id":21,"area_m2":300,"px":3,"rank":98,"persistent":false},"geometry":{"type":"Polygon","coordinates":[[[-122.682721,45.631906],[-122.682721,45.631996],[-122.682615,45.632012],[-122.682592,45.632086],[-122.682336,45.632085],[-122.682336,45.631995],[-122.682538,45.631993],[-122.682587,45.631962],[-122.682593,45.631906],[-122.682721,45.631906]]]}},{"type":"Feature","properties":{"id":32,"area_m2":300,"px":3,"rank":99,"persistent":false},"geometry":{"type":"Polygon","coordinates":[[[-122.690295,45.631207],[-122.690293,45.631477],[-122.690165,45.631476],[-122.690167,45.631206],[-122.690295,45.631207]]]}},{"type":"Feature","properties":{"id":33,"area_m2":300,"px":3,"rank":100,"persistent":false},"geometry":{"type":"Polygon","coordinates":[[[-122.676952,45.63117],[-122.676952,45.63126],[-122.676846,45.631275],[-122.676823,45.631349],[-122.676695,45.631349],[-122.676696,45.631169],[-122.676952,45.63117]]]}},{"type":"Feature","properties":{"id":40,"area_m2":300,"px":3,"rank":101,"persistent":false},"geometry":{"type":"Polygon","coordinates":[[[-122.675414,45.630895],[-122.675414,45.630985],[-122.675029,45.630984],[-122.67503,45.630894],[-122.675414,45.630895]]]}},{"type":"Feature","properties":{"id":44,"area_m2":300,"px":3,"rank":102,"persistent":false},"geometry":{"type":"Polygon","coordinates":[[[-122.680933,45.630551],[-122.680933,45.630641],[-122.680548,45.63064],[-122.680548,45.63055],[-122.680933,45.630551]]]}},{"type":"Feature","properties":{"id":47,"area_m2":300,"px":3,"rank":103,"persistent":false},"geometry":{"type":"Polygon","coordinates":[[[-122.674778,45.630084],[-122.674777,45.630263],[-122.67452,45.630263],[-122.674521,45.630173],[-122.674626,45.630157],[-122.674649,45.630083],[-122.674778,45.630084]]]}},{"type":"Feature","properties":{"id":60,"area_m2":300,"px":3,"rank":104,"persistent":false},"geometry":{"type":"Polygon","coordinates":[[[-122.686585,45.629216],[-122.686584,45.629396],[-122.686328,45.629396],[-122.686328,45.629306],[-122.686434,45.62929],[-122.686457,45.629216],[-122.686585,45.629216]]]}},{"type":"Feature","properties":{"id":65,"area_m2":300,"px":3,"rank":105,"persistent":false},"geometry":{"type":"Polygon","coordinates":[[[-122.676966,45.62874],[-122.676966,45.62883],[-122.676581,45.628828],[-122.676582,45.628739],[-122.676966,45.62874]]]}},{"type":"Feature","properties":{"id":70,"area_m2":300,"px":3,"rank":106,"persistent":false},"geometry":{"type":"Polygon","coordinates":[[[-122.688129,45.628501],[-122.688128,45.628591],[-122.688023,45.628606],[-122.688,45.62868],[-122.687871,45.62868],[-122.687872,45.6285],[-122.688129,45.628501]]]}},{"type":"Feature","properties":{"id":73,"area_m2":300,"px":3,"rank":107,"persistent":false},"geometry":{"type":"Polygon","coordinates":[[[-122.68056,45.62848],[-122.680559,45.62857],[-122.680175,45.628569],[-122.680175,45.628479],[-122.68056,45.62848]]]}},{"type":"Feature","properties":{"id":76,"area_m2":300,"px":3,"rank":108,"persistent":false},"geometry":{"type":"Polygon","coordinates":[[[-122.670169,45.62836],[-122.670168,45.62854],[-122.669912,45.628539],[-122.669912,45.628449],[-122.670018,45.628434],[-122.670041,45.62836],[-122.670169,45.62836]]]}},{"type":"Feature","properties":{"id":92,"area_m2":300,"px":3,"rank":109,"persistent":false},"geometry":{"type":"Polygon","coordinates":[[[-122.676468,45.626128],[-122.676467,45.626308],[-122.676211,45.626307],[-122.676211,45.626217],[-122.676317,45.626202],[-122.67634,45.626128],[-122.676468,45.626128]]]}},{"type":"Feature","properties":{"id":98,"area_m2":300,"px":3,"rank":110,"persistent":false},"geometry":{"type":"Polygon","coordinates":[[[-122.677628,45.625231],[-122.677627,45.625411],[-122.67737,45.62541],[-122.677371,45.62532],[-122.677477,45.625305],[-122.6775,45.625231],[-122.677628,45.625231]]]}},{"type":"Feature","properties":{"id":99,"area_m2":300,"px":3,"rank":111,"persistent":false},"geometry":{"type":"Polygon","coordinates":[[[-122.673781,45.62495],[-122.67378,45.62513],[-122.673674,45.625146],[-122.673651,45.62522],[-122.673523,45.625219],[-122.673524,45.625129],[-122.673604,45.625126],[-122.673649,45.625091],[-122.673653,45.62495],[-122.673781,45.62495]]]}},{"type":"Feature","properties":{"id":104,"area_m2":300,"px":3,"rank":112,"persistent":false},"geometry":{"type":"Polygon","coordinates":[[[-122.674045,45.623601],[-122.674044,45.623871],[-122.673916,45.62387],[-122.673917,45.6236],[-122.674045,45.623601]]]}}]}