{"type":"FeatureCollection","features":[{"type":"Feature","properties":{"id":111,"area_m2":105100,"px":1051,"rank":1,"persistent":false},"geometry":{"type":"Polygon","coordinates":[[[-122.684166,45.625969],[-122.684166,45.626059],[-122.683979,45.626059],[-122.683922,45.626083],[-122.683908,45.626239],[-122.68378,45.626238],[-122.683719,45.626214],[-122.683651,45.626238],[-122.683523,45.626238],[-122.683524,45.626003],[-122.683498,45.625967],[-122.683443,45.625954],[-122.683309,45.625973],[-122.683271,45.626005],[-122.683268,45.626057],[-122.683011,45.626056],[-122.68302,45.625811],[-122.682845,45.625773],[-122.682783,45.625785],[-122.682756,45.625826],[-122.682771,45.626216],[-122.682831,45.626236],[-122.683395,45.626237],[-122.683393,45.626327],[-122.682625,45.626325],[-122.682616,45.62625],[-122.682551,45.626221],[-122.681471,45.626232],[-122.681468,45.62609],[-122.681424,45.626056],[-122.681344,45.626052],[-122.681343,45.625825],[-122.681276,45.625782],[-122.680974,45.62579],[-122.68094,45.625831],[-122.680959,45.62596],[-122.680853,45.625976],[-122.68083,45.62605],[-122.680702,45.62605],[-122.68069,45.625894],[-122.680575,45.625869],[-122.680541,45.625788],[-122.680447,45.625778],[-122.680448,45.625689],[-122.680542,45.62568],[-122.680576,45.625599],[-122.680657,45.625596],[-122.680699,45.625566],[-122.680706,45.62533],[-122.680834,45.62533],[-122.68084,45.625387],[-122.680889,45.625418],[-122.68109,45.625421],[-122.681096,45.625478],[-122.681138,45.625507],[-122.681306,45.625505],[-122.681343,45.625473],[-122.681347,45.625422],[-122.681435,45.625415],[-122.681474,45.625378],[-122.681477,45.625021],[-122.681437,45.624978],[-122.68135,45.624971],[-122.681322,45.624894],[-122.681222,45.624881],[-122.68121,45.624725],[-122.681095,45.624701],[-122.681061,45.62462],[-122.680967,45.62461],[-122.680939,45.624533],[-122.680839,45.62452],[-122.680805,45.624439],[-122.68063,45.624434],[-122.680589,45.624463],[-122.680582,45.624519],[-122.680465,45.62453],[-122.680455,45.624429],[-122.680542,45.624423],[-122.680582,45.624386],[-122.680582,45.624293],[-122.680543,45.624256],[-122.680362,45.624258],[-122.680327,45.624339],[-122.680212,45.624362],[-122.680198,45.624428],[-122.679942,45.624427],[-122.679933,45.624366],[-122.67988,45.624338],[-122.679727,45.624338],[-122.679671,45.624371],[-122.679702,45.624587],[-122.679753,45.624607],[-122.67994,45.624608],[-122.67994,45.624697],[-122.679859,45.624701],[-122.679815,45.624736],[-122.679792,45.624832],[-122.679838,45.624873],[-122.68002,45.624874],[-122.680062,45.624845],[-122.680068,45.624788],[-122.680174,45.624772],[-122.680197,45.624608],[-122.680454,45.624609],[-122.680453,45.624699],[-122.680353,45.624711],[-122.680324,45.624789],[-122.68023,45.624797],[-122.680196,45.624878],[-122.680122,45.62488],[-122.680076,45.624906],[-122.680066,45.625148],[-122.679809,45.625147],[-122.679782,45.625069],[-122.679606,45.625033],[-122.679438,45.62508],[-122.679424,45.625236],[-122.679318,45.625252],[-122.679295,45.625326],[-122.678782,45.625324],[-122.678769,45.625258],[-122.678654,45.625234],[-122.67862,45.625153],[-122.678398,45.625143],[-122.678377,45.624889],[-122.678143,45.624872],[-122.678144,45.624783],[-122.678178,45.62474],[-122.678144,45.624692],[-122.678145,45.624603],[-122.678225,45.624599],[-122.678267,45.624569],[-122.678273,45.624472],[-122.678246,45.624435],[-122.677927,45.624401],[-122.677855,45.624459],[-122.677889,45.624512],[-122.677888,45.624602],[-122.677632,45.624601],[-122.677632,45.624456],[-122.6776,45.624417],[-122.677248,45.62442],[-122.677235,45.624354],[-122.67712,45.624329],[-122.677086,45.624249],[-122.676864,45.624239],[-122.676858,45.624182],[-122.67681,45.624151],[-122.676608,45.624148],[-122.676595,45.624082],[-122.67648,45.624058],[-122.676452,45.62398],[-122.676224,45.623967],[-122.676202,45.623893],[-122.676096,45.623877],[-122.676098,45.623697],[-122.676203,45.623681],[-122.676226,45.623607],[-122.676342,45.623583],[-122.676355,45.623517],[-122.676483,45.623518],[-122.676467,45.623753],[-122.676516,45.623785],[-122.67661,45.623788],[-122.676613,45.62384],[-122.67665,45.623872],[-122.67682,45.623888],[-122.676863,45.623854],[-122.676867,45.623789],[-122.676977,45.623769],[-122.676987,45.623638],[-122.676941,45.623611],[-122.676868,45.623609],[-122.676869,45.623429],[-122.676903,45.623381],[-122.676829,45.623255],[-122.676418,45.623248],[-122.676365,45.623276],[-122.676356,45.623337],[-122.67623,45.623337],[-122.676225,45.623285],[-122.676188,45.623253],[-122.676019,45.62325],[-122.675977,45.62328],[-122.675971,45.623336],[-122.675856,45.62336],[-122.675842,45.623426],[-122.675727,45.62345],[-122.675713,45.623605],[-122.675328,45.623604],[-122.675316,45.623538],[-122.675201,45.623514],[-122.675173,45.623436],[-122.674999,45.623426],[-122.674948,45.623462],[-122.674945,45.62356],[-122.674984,45.623597],[-122.675072,45.623604],[-122.675071,45.623694],[-122.674945,45.623693],[-122.674915,45.623615],[-122.674687,45.623603],[-122.674684,45.623551],[-122.674647,45.623519],[-122.674431,45.623512],[-122.674409,45.623438],[-122.674303,45.623421],[-122.674304,45.623331],[-122.674338,45.623284],[-122.67428,45.623225],[-122.673791,45.62324],[-122.673757,45.623159],[-122.67359,45.623152],[-122.673538,45.623188],[-122.673534,45.623329],[-122.673502,45.623387],[-122.673556,45.623494],[-122.673661,45.62351],[-122.673669,45.623751],[-122.673714,45.623778],[-122.673788,45.62378],[-122.673787,45.62396],[-122.67366,45.62396],[-122.67365,45.623808],[-122.673605,45.623782],[-122.673531,45.623779],[-122.673532,45.623558],[-122.673499,45.623518],[-122.673082,45.623509],[-122.673029,45.623536],[-122.673019,45.623598],[-122.672891,45.623597],[-122.672891,45.623371],[-122.672852,45.623334],[-122.672764,45.623327],[-122.672765,45.623147],[-122.672839,45.623145],[-122.672885,45.623119],[-122.672897,45.622967],[-122.673151,45.622968],[-122.673164,45.623034],[-122.673279,45.623059],[-122.673313,45.62314],[-122.673466,45.623149],[-122.673518,45.623129],[-122.673536,45.622969],[-122.673571,45.622927],[-122.673537,45.622879],[-122.673537,45.622789],[-122.673611,45.622787],[-122.673656,45.622761],[-122.673657,45.622638],[-122.673604,45.62261],[-122.673472,45.62261],[-122.673419,45.622637],[-122.673409,45.622699],[-122.673153,45.622698],[-122.673153,45.622608],[-122.673355,45.622606],[-122.673404,45.622575],[-122.67341,45.622519],[-122.673633,45.62251],[-122.673668,45.62243],[-122.673783,45.622406],[-122.673796,45.62234],[-122.673907,45.62232],[-122.673925,45.62225],[-122.674182,45.622251],[-122.674182,45.622388],[-122.674235,45.622429],[-122.674745,45.622433],[-122.674799,45.622417],[-122.674822,45.622379],[-122.674815,45.622101],[-122.674755,45.622073],[-122.674439,45.622072],[-122.674431,45.62192],[-122.674386,45.621894],[-122.674312,45.621891],[-122.674313,45.621711],[-122.674954,45.621713],[-122.674988,45.621794],[-122.67521,45.621804],[-122.675216,45.621861],[-122.675265,45.621892],[-122.675466,45.621895],[-122.675472,45.621951],[-122.675513,45.621981],[-122.675722,45.621985],[-122.675728,45.622042],[-122.675769,45.622071],[-122.676107,45.622077],[-122.67611,45.622128],[-122.676147,45.62216],[-122.676363,45.622167],[-122.676362,45.622389],[-122.676402,45.622431],[-122.676563,45.622435],[-122.676612,45.622405],[-122.676618,45.622348],[-122.676746,45.622348],[-122.676769,45.622423],[-122.676874,45.622439],[-122.676854,45.622563],[-122.676875,45.622602],[-122.67713,45.622619],[-122.677152,45.622694],[-122.677257,45.62271],[-122.677257,45.6228],[-122.677062,45.6228],[-122.677006,45.622832],[-122.677,45.62302],[-122.67704,45.623063],[-122.677227,45.623057],[-122.677256,45.62298],[-122.67735,45.622971],[-122.677385,45.62289],[-122.677496,45.622871],[-122.677514,45.622801],[-122.677898,45.622802],[-122.677903,45.622948],[-122.677945,45.622978],[-122.678026,45.622982],[-122.678028,45.623124],[-122.678072,45.623158],[-122.678153,45.623162],[-122.678175,45.623327],[-122.678229,45.623343],[-122.678793,45.623344],[-122.678793,45.623475],[-122.67882,45.623512],[-122.679049,45.623525],[-122.679054,45.623582],[-122.679103,45.623613],[-122.679305,45.623616],[-122.679305,45.623766],[-122.67935,45.623805],[-122.679648,45.62379],[-122.679686,45.623758],[-122.679689,45.623707],[-122.679805,45.623683],[-122.679818,45.623617],[-122.679946,45.623617],[-122.679951,45.623688],[-122.680013,45.623721],[-122.680844,45.62371],[-122.680861,45.62378],[-122.680971,45.6238],[-122.680984,45.623866],[-122.681099,45.623891],[-122.681133,45.623972],[-122.681355,45.623981],[-122.681389,45.624062],[-122.681611,45.624072],[-122.681633,45.624146],[-122.681739,45.624163],[-122.681744,45.624309],[-122.681786,45.624339],[-122.681866,45.624343],[-122.681871,45.62449],[-122.681913,45.624519],[-122.681993,45.624523],[-122.682027,45.624604],[-122.682249,45.624614],[-122.682262,45.62468],[-122.682377,45.624704],[-122.682405,45.624782],[-122.682633,45.624795],[-122.682639,45.624852],[-122.68268,45.624881],[-122.682889,45.624886],[-122.682902,45.624952],[-122.683017,45.624976],[-122.683023,45.625033],[-122.683071,45.625064],[-122.683347,45.625065],[-122.683396,45.625034],[-122.683402,45.624977],[-122.68353,45.624978],[-122.683552,45.625052],[-122.683658,45.625068],[-122.683661,45.625498],[-122.683723,45.625532],[-122.683912,45.625519],[-122.68392,45.62567],[-122.683966,45.625697],[-122.684039,45.625699],[-122.684039,45.625789],[-122.684004,45.625837],[-122.684044,45.625936],[-122.684085,45.625965],[-122.684166,45.625969]],[[-122.673275,45.623327],[-122.673225,45.623305],[-122.673167,45.623315],[-122.67313,45.623357],[-122.673146,45.623398],[-122.673198,45.623418],[-122.673269,45.623406],[-122.673297,45.623368],[-122.673275,45.623327]],[[-122.674691,45.622973],[-122.674885,45.622972],[-122.674938,45.622945],[-122.674948,45.622752],[-122.674908,45.622709],[-122.674618,45.622705],[-122.674569,45.622735],[-122.674563,45.622792],[-122.67449,45.622794],[-122.674444,45.62282],[-122.674434,45.623013],[-122.674462,45.62305],[-122.674649,45.623056],[-122.674687,45.623024],[-122.674691,45.622973]],[[-122.674618,45.623242],[-122.674542,45.623287],[-122.674573,45.623398],[-122.674629,45.623422],[-122.674782,45.623414],[-122.674816,45.623374],[-122.674804,45.623267],[-122.674755,45.623244],[-122.674618,45.623242]],[[-122.675716,45.623155],[-122.675704,45.622999],[-122.675589,45.622975],[-122.675576,45.622909],[-122.675461,45.622885],[-122.675455,45.622828],[-122.675407,45.622797],[-122.675239,45.622803],[-122.675204,45.622884],[-122.67511,45.622893],[-122.675075,45.622974],[-122.674995,45.622978],[-122.67495,45.623012],[-122.674955,45.623215],[-122.675,45.623241],[-122.675074,45.623244],[-122.675086,45.62331],[-122.675201,45.623334],[-122.675207,45.623391],[-122.675256,45.623422],[-122.675458,45.623425],[-122.675525,45.623449],[-122.675686,45.623413],[-122.675715,45.623336],[-122.675802,45.623329],[-122.675843,45.623287],[-122.675831,45.62318],[-122.675716,45.623155]],[[-122.676619,45.622709],[-122.676521,45.622704],[-122.676488,45.622743],[-122.676503,45.62279],[-122.676368,45.622826],[-122.676359,45.622942],[-122.676397,45.622984],[-122.676553,45.622977],[-122.676606,45.622949],[-122.6766,45.622806],[-122.67665,45.622756],[-122.676619,45.622709]],[[-122.677506,45.62424],[-122.677524,45.624196],[-122.677492,45.62416],[-122.677419,45.624151],[-122.67737,45.624175],[-122.67736,45.624217],[-122.677395,45.624254],[-122.677453,45.624264],[-122.677506,45.62424]],[[-122.678278,45.624154],[-122.678222,45.624139],[-122.678164,45.624159],[-122.678147,45.624207],[-122.678174,45.624243],[-122.678236,45.624256],[-122.678294,45.62423],[-122.678309,45.62419],[-122.678278,45.624154]],[[-122.678202,45.623804],[-122.678393,45.623769],[-122.678403,45.623651],[-122.678352,45.623615],[-122.678205,45.623615],[-122.678152,45.623656],[-122.678153,45.623768],[-122.678202,45.623804]],[[-122.678529,45.624783],[-122.678547,45.624739],[-122.678515,45.624703],[-122.678443,45.624694],[-122.678393,45.624718],[-122.678383,45.62476],[-122.678418,45.624797],[-122.678476,45.624807],[-122.678529,45.624783]],[[-122.678662,45.624423],[-122.678693,45.624371],[-122.678641,45.62432],[-122.678576,45.624311],[-122.678512,45.624346],[-122.678499,45.624392],[-122.678549,45.624437],[-122.678606,45.624447],[-122.678662,45.624423]],[[-122.678661,45.624603],[-122.678692,45.624567],[-122.678677,45.624527],[-122.678619,45.624501],[-122.678557,45.624513],[-122.67853,45.624549],[-122.678546,45.624597],[-122.678604,45.624618],[-122.678661,45.624603]],[[-122.681912,45.625524],[-122.682069,45.625509],[-122.682111,45.62548],[-122.682116,45.625287],[-122.682063,45.625246],[-122.681923,45.625244],[-122.681862,45.625286],[-122.681861,45.625483],[-122.681912,45.625524]],[[-122.682501,45.625605],[-122.682467,45.625642],[-122.682481,45.625682],[-122.682539,45.625708],[-122.682595,45.625699],[-122.682627,45.625665],[-122.682616,45.625616],[-122.682562,45.625592],[-122.682501,45.625605]]]}},{"type":"Feature","properties":{"id":78,"area_m2":29100,"px":291,"rank":2,"persistent":false},"geometry":{"type":"Polygon","coordinates":[[[-122.681332,45.628032],[-122.681332,45.628122],[-122.681226,45.628137],[-122.681203,45.628211],[-122.681088,45.628235],[-122.681074,45.628301],[-122.680818,45.6283],[-122.680795,45.628226],[-122.68069,45.62821],[-122.680673,45.62805],[-122.680563,45.62803],[-122.680529,45.627949],[-122.680381,45.627925],[-122.680315,45.627954],[-122.680306,45.628029],[-122.680232,45.628031],[-122.680187,45.628057],[-122.680177,45.628208],[-122.680048,45.628208],[-122.679988,45.628184],[-122.67992,45.628208],[-122.679476,45.628207],[-122.679416,45.628235],[-122.679406,45.628296],[-122.679278,45.628296],[-122.679279,45.628206],[-122.679373,45.628197],[-122.679408,45.628116],[-122.679516,45.62811],[-122.679556,45.628066],[-122.679519,45.627956],[-122.679409,45.627936],[-122.679394,45.627674],[-122.679444,45.627613],[-122.679405,45.627573],[-122.679342,45.627564],[-122.679285,45.627601],[-122.679297,45.627658],[-122.679188,45.627675],[-122.679153,45.627756],[-122.679079,45.627758],[-122.679034,45.627784],[-122.679023,45.628025],[-122.678451,45.628024],[-122.678383,45.628067],[-122.678379,45.62842],[-122.678407,45.628461],[-122.679149,45.628476],[-122.679147,45.628746],[-122.679041,45.628761],[-122.679018,45.628835],[-122.678377,45.628834],[-122.678364,45.628768],[-122.678301,45.628743],[-122.678155,45.628752],[-122.67812,45.628833],[-122.677992,45.628832],[-122.677983,45.628771],[-122.677931,45.628743],[-122.677736,45.628742],[-122.677676,45.628717],[-122.677608,45.628741],[-122.67748,45.628741],[-122.677465,45.628569],[-122.677683,45.628559],[-122.677736,45.628518],[-122.677739,45.62816],[-122.677678,45.628113],[-122.677424,45.628111],[-122.677368,45.628135],[-122.677368,45.628553],[-122.677224,45.62856],[-122.677227,45.62802],[-122.677414,45.628021],[-122.677471,45.627997],[-122.677485,45.627751],[-122.67787,45.627752],[-122.677883,45.627818],[-122.677998,45.627842],[-122.678003,45.627899],[-122.678052,45.62793],[-122.678308,45.627947],[-122.678377,45.627914],[-122.678384,45.627664],[-122.678465,45.62766],[-122.678509,45.627625],[-122.678533,45.627354],[-122.67848,45.627306],[-122.678258,45.627303],[-122.678263,45.626403],[-122.678735,45.626398],[-122.678775,45.626361],[-122.678777,45.626224],[-122.678905,45.626225],[-122.678903,45.626626],[-122.67895,45.626671],[-122.67922,45.626689],[-122.679284,45.626651],[-122.679279,45.626524],[-122.679234,45.626498],[-122.67916,45.626495],[-122.679162,45.626226],[-122.679418,45.626226],[-122.67944,45.6263],[-122.679546,45.626317],[-122.679563,45.626387],[-122.679674,45.626407],[-122.679708,45.626488],[-122.679801,45.626497],[-122.679829,45.626575],[-122.679929,45.626588],[-122.679926,45.627218],[-122.679852,45.62722],[-122.679806,45.627246],[-122.67981,45.627373],[-122.679866,45.627397],[-122.680181,45.627399],[-122.680182,45.627535],[-122.680242,45.627578],[-122.680391,45.627588],[-122.680434,45.627554],[-122.680437,45.627489],[-122.680566,45.62749],[-122.680588,45.627564],[-122.680693,45.62758],[-122.68071,45.62765],[-122.680821,45.62767],[-122.680855,45.627751],[-122.680949,45.627761],[-122.680977,45.627839],[-122.681077,45.627851],[-122.681104,45.627929],[-122.681204,45.627941],[-122.681232,45.628019],[-122.681332,45.628032]],[[-122.678393,45.628619],[-122.678356,45.628489],[-122.678251,45.628473],[-122.678235,45.628133],[-122.678176,45.628113],[-122.677896,45.628124],[-122.677868,45.628166],[-122.677883,45.628632],[-122.677934,45.628652],[-122.678336,45.628652],[-122.678393,45.628619]],[[-122.678688,45.62766],[-122.67883,45.627678],[-122.678884,45.627654],[-122.678894,45.627523],[-122.678843,45.627487],[-122.678696,45.627487],[-122.678644,45.627523],[-122.678644,45.627626],[-122.678688,45.62766]],[[-122.679408,45.627462],[-122.679415,45.627327],[-122.679284,45.627306],[-122.679278,45.627249],[-122.67923,45.627218],[-122.678821,45.627215],[-122.678754,45.627254],[-122.678804,45.627386],[-122.679155,45.627396],[-122.679161,45.627452],[-122.679209,45.627483],[-122.679372,45.627493],[-122.679408,45.627462]],[[-122.679855,45.62768],[-122.679997,45.627666],[-122.680043,45.62764],[-122.680046,45.627521],[-122.679991,45.627489],[-122.679823,45.627492],[-122.679776,45.627538],[-122.679801,45.627648],[-122.679855,45.62768]]]}},{"type":"Feature","properties":{"id":1,"area_m2":12900,"px":129,"rank":3,"persistent":true},"geometry":{"type":"Polygon","coordinates":[[[-122.690291,45.631837],[-122.690284,45.633097],[-122.690179,45.633112],[-122.690156,45.633187],[-122.690029,45.633186],[-122.689994,45.633105],[-122.689824,45.633085],[-122.689777,45.633115],[-122.689771,45.633185],[-122.689655,45.633209],[-122.689642,45.633275],[-122.689514,45.633275],[-122.689502,45.633119],[-122.689445,45.633095],[-122.689258,45.633094],[-122.689253,45.632947],[-122.689212,45.632918],[-122.689131,45.632914],[-122.689097,45.632833],[-122.688618,45.632822],[-122.688616,45.632681],[-122.688572,45.632646],[-122.688491,45.632642],[-122.688491,45.632552],[-122.68872,45.63254],[-122.688749,45.632463],[-122.688849,45.632451],[-122.688877,45.632373],[-122.688971,45.632364],[-122.689006,45.632283],[-122.689117,45.632264],[-122.689135,45.632194],[-122.689369,45.632179],[-122.689392,45.632104],[-122.689492,45.632092],[-122.689521,45.632015],[-122.689615,45.632006],[-122.68965,45.631925],[-122.68976,45.631906],[-122.689778,45.631835],[-122.690291,45.631837]]]}},{"type":"Feature","properties":{"id":105,"area_m2":11600,"px":116,"rank":4,"persistent":false},"geometry":{"type":"Polygon","coordinates":[[[-122.673646,45.62612],[-122.673645,45.6263],[-122.673539,45.626315],[-122.673516,45.626389],[-122.673312,45.626378],[-122.673265,45.626409],[-122.673259,45.626479],[-122.673065,45.626479],[-122.673011,45.626507],[-122.672999,45.627018],[-122.672871,45.627018],[-122.672871,45.626868],[-122.67282,45.626827],[-122.672291,45.626824],[-122.672231,45.626871],[-122.672229,45.627196],[-122.671972,45.627195],[-122.671973,45.627105],[-122.672053,45.627101],[-122.672098,45.627067],[-122.672093,45.626941],[-122.672028,45.626912],[-122.671717,45.626924],[-122.671715,45.626693],[-122.671671,45.626658],[-122.67159,45.626654],[-122.671592,45.626474],[-122.671702,45.626455],[-122.671754,45.626347],[-122.671721,45.626293],[-122.671724,45.625754],[-122.672365,45.625756],[-122.672364,45.625936],[-122.672277,45.625942],[-122.672237,45.625979],[-122.672236,45.626162],[-122.672296,45.626205],[-122.672491,45.626207],[-122.672492,45.626343],[-122.672545,45.626384],[-122.672692,45.626385],[-122.672743,45.626349],[-122.67275,45.625757],[-122.672856,45.625742],[-122.672879,45.625668],[-122.673007,45.625668],[-122.673016,45.625729],[-122.673069,45.625757],[-122.67352,45.62576],[-122.67352,45.626076],[-122.673559,45.626113],[-122.673646,45.62612]],[[-122.67203,45.626115],[-122.672105,45.626072],[-122.672105,45.625884],[-122.672054,45.625848],[-122.671906,45.625847],[-122.671853,45.625888],[-122.671854,45.626076],[-122.671905,45.626113],[-122.67203,45.626115]],[[-122.672922,45.626384],[-122.673109,45.626373],[-122.673131,45.62634],[-122.673134,45.625897],[-122.673087,45.625852],[-122.672947,45.625848],[-122.672878,45.625896],[-122.672875,45.626339],[-122.672922,45.626384]]]}},{"type":"Feature","properties":{"id":51,"area_m2":11400,"px":114,"rank":5,"persistent":false},"geometry":{"type":"Polygon","coordinates":[[[-122.681455,45.629022],[-122.681453,45.629292],[-122.68138,45.629294],[-122.681334,45.62932],[-122.681324,45.629562],[-122.681236,45.629568],[-122.681195,45.62961],[-122.681207,45.629718],[-122.681322,45.629742],[-122.681322,45.629832],[-122.681287,45.629879],[-122.681327,45.629979],[-122.681369,45.630008],[-122.681449,45.630012],[-122.681448,45.630282],[-122.681342,45.630298],[-122.681319,45.630372],[-122.679266,45.630366],[-122.679267,45.630186],[-122.679361,45.630177],[-122.679396,45.630133],[-122.679384,45.630031],[-122.679268,45.630006],[-122.67927,45.629826],[-122.679343,45.629824],[-122.679389,45.629798],[-122.679399,45.629647],[-122.679613,45.629646],[-122.679667,45.629618],[-122.679643,45.629491],[-122.679528,45.629467],[-122.679529,45.629377],[-122.679623,45.629368],[-122.679657,45.629287],[-122.679773,45.629264],[-122.679787,45.629108],[-122.680043,45.629108],[-122.680119,45.629132],[-122.680272,45.629097],[-122.6803,45.629019],[-122.680754,45.629033],[-122.680808,45.629001],[-122.680814,45.62893],[-122.681327,45.628932],[-122.681349,45.629006],[-122.681455,45.629022]],[[-122.680308,45.630155],[-122.680277,45.630029],[-122.680167,45.630009],[-122.680154,45.629943],[-122.680039,45.629918],[-122.680033,45.629862],[-122.679992,45.629832],[-122.679595,45.629827],[-122.679532,45.62986],[-122.679525,45.630138],[-122.679571,45.630183],[-122.679733,45.630183],[-122.679775,45.630154],[-122.679781,45.630098],[-122.679907,45.630098],[-122.679915,45.630155],[-122.679956,45.630184],[-122.680252,45.630188],[-122.680308,45.630155]],[[-122.680941,45.629739],[-122.680972,45.629693],[-122.680935,45.629599],[-122.680891,45.629565],[-122.680811,45.62956],[-122.68081,45.629424],[-122.680771,45.629387],[-122.680346,45.629383],[-122.6803,45.629422],[-122.680297,45.629559],[-122.680169,45.629559],[-122.680148,45.629304],[-122.679855,45.629288],[-122.679795,45.629316],[-122.679794,45.629439],[-122.679839,45.629465],[-122.679913,45.629468],[-122.679904,45.629623],[-122.679946,45.629646],[-122.68004,45.629648],[-122.680046,45.629705],[-122.680087,45.629734],[-122.680296,45.629739],[-122.680297,45.629876],[-122.680336,45.629913],[-122.680889,45.629917],[-122.680935,45.629877],[-122.680941,45.629739]],[[-122.680607,45.62929],[-122.680682,45.629247],[-122.680683,45.629154],[-122.680656,45.629122],[-122.680377,45.629109],[-122.680317,45.629129],[-122.680299,45.62924],[-122.680327,45.629277],[-122.680607,45.62929]],[[-122.681192,45.630102],[-122.681187,45.630031],[-122.681133,45.629999],[-122.680621,45.63001],[-122.68056,45.630038],[-122.680551,45.6301],[-122.680443,45.630106],[-122.680403,45.630161],[-122.680431,45.630251],[-122.680483,45.630279],[-122.681265,45.630279],[-122.681316,45.630244],[-122.681317,45.63014],[-122.681273,45.630106],[-122.681192,45.630102]],[[-122.681248,45.629292],[-122.681322,45.629254],[-122.681309,45.629132],[-122.681198,45.629111],[-122.681192,45.629055],[-122.681151,45.629025],[-122.68097,45.629033],[-122.680941,45.629075],[-122.680958,45.629271],[-122.68101,45.629291],[-122.681248,45.629292]]]}},{"type":"Feature","properties":{"id":86,"area_m2":10900,"px":109,"rank":6,"persistent":false},"geometry":{"type":"Polygon","coordinates":[[[-122.673767,45.62729],[-122.673764,45.62792],[-122.673658,45.627936],[-122.673635,45.62801],[-122.672739,45.628007],[-122.672669,45.627983],[-122.672609,45.628007],[-122.672251,45.62801],[-122.672204,45.628056],[-122.672221,45.628546],[-122.672115,45.628562],[-122.672092,45.628636],[-122.671707,45.628635],[-122.671715,45.627285],[-122.672485,45.627287],[-122.672512,45.627365],[-122.672666,45.627391],[-122.672732,45.627362],[-122.672741,45.627287],[-122.673767,45.62729]],[[-122.672016,45.628455],[-122.672092,45.628412],[-122.672091,45.628224],[-122.67204,45.628188],[-122.671893,45.628187],[-122.671839,45.628228],[-122.67184,45.628417],[-122.671891,45.628453],[-122.672016,45.628455]],[[-122.672404,45.627917],[-122.672478,45.627878],[-122.672473,45.627765],[-122.67242,45.627738],[-122.672266,45.627742],[-122.672227,45.627779],[-122.672234,45.627887],[-122.672286,45.627915],[-122.672404,45.627917]],[[-122.673559,45.62792],[-122.673613,45.627904],[-122.673636,45.627871],[-122.673638,45.627429],[-122.673591,45.627384],[-122.673452,45.62738],[-122.673382,45.627428],[-122.67338,45.627739],[-122.673134,45.62775],[-122.673096,45.627661],[-122.672935,45.627635],[-122.672871,45.627673],[-122.672867,45.627779],[-122.672928,45.627827],[-122.673112,45.627818],[-122.673129,45.627885],[-122.673177,45.627916],[-122.673559,45.62792]],[[-122.672921,45.627569],[-122.673112,45.627534],[-122.673122,45.627417],[-122.673071,45.627381],[-122.672924,45.62738],[-122.67287,45.627421],[-122.672871,45.627533],[-122.672921,45.627569]]]}},{"type":"Feature","properties":{"id":101,"area_m2":10000,"px":100,"rank":7,"persistent":false},"geometry":{"type":"Polygon","coordinates":[[[-122.687111,45.627058],[-122.68711,45.627238],[-122.686779,45.627239],[-122.68673,45.62727],[-122.686722,45.627327],[-122.686596,45.627326],[-122.686591,45.62718],[-122.686549,45.62715],[-122.686469,45.627146],[-122.686466,45.627094],[-122.686429,45.627062],[-122.686281,45.627031],[-122.686213,45.627055],[-122.686011,45.627057],[-122.685956,45.627103],[-122.685954,45.627324],[-122.685698,45.627324],[-122.685681,45.627253],[-122.68557,45.627233],[-122.685558,45.627167],[-122.685443,45.627143],[-122.685409,45.627062],[-122.68493,45.627052],[-122.684917,45.626986],[-122.684802,45.626961],[-122.684768,45.62688],[-122.684546,45.626871],[-122.68454,45.626814],[-122.684492,45.626783],[-122.68429,45.62678],[-122.684291,45.62669],[-122.684547,45.626691],[-122.68456,45.626757],[-122.684623,45.626781],[-122.684769,45.626772],[-122.684804,45.626691],[-122.685317,45.626693],[-122.68535,45.626774],[-122.685496,45.626783],[-122.68556,45.626759],[-122.685573,45.626693],[-122.686046,45.626688],[-122.686085,45.626651],[-122.686086,45.626558],[-122.686047,45.626521],[-122.685959,45.626514],[-122.685959,45.626383],[-122.685926,45.626343],[-122.685637,45.626335],[-122.685584,45.626362],[-122.685575,45.626423],[-122.685448,45.626423],[-122.685424,45.626349],[-122.685319,45.626333],[-122.68532,45.626153],[-122.685536,45.626147],[-122.685573,45.626115],[-122.685577,45.626063],[-122.685833,45.626064],[-122.685855,45.626138],[-122.685961,45.626154],[-122.685995,45.626235],[-122.686089,45.626245],[-122.686105,45.626405],[-122.686216,45.626425],[-122.68625,45.626506],[-122.686344,45.626516],[-122.686366,45.62668],[-122.686471,45.626696],[-122.686477,45.626753],[-122.686518,45.626782],[-122.686727,45.626787],[-122.686749,45.626861],[-122.686855,45.626877],[-122.686855,45.627008],[-122.686888,45.627048],[-122.687111,45.627058]]]}},{"type":"Feature","properties":{"id":109,"area_m2":9800,"px":98,"rank":8,"persistent":false},"geometry":{"type":"Polygon","coordinates":[[[-122.671592,45.625845],[-122.671561,45.625892],[-122.671595,45.625934],[-122.671592,45.626294],[-122.67127,45.626294],[-122.671208,45.626342],[-122.671224,45.626453],[-122.671335,45.626473],[-122.671369,45.626554],[-122.671463,45.626564],[-122.671461,45.626834],[-122.671205,45.626833],[-122.671201,45.626781],[-122.671164,45.626749],[-122.670949,45.626742],[-122.670981,45.626594],[-122.670889,45.626538],[-122.670821,45.626562],[-122.670459,45.626577],[-122.670435,45.626831],[-122.670307,45.62683],[-122.670306,45.626694],[-122.670246,45.626651],[-122.670113,45.626651],[-122.670068,45.626669],[-122.67005,45.62683],[-122.669922,45.626829],[-122.6699,45.626755],[-122.669794,45.626739],[-122.669795,45.626649],[-122.669905,45.626629],[-122.669957,45.626522],[-122.669924,45.626469],[-122.669916,45.626318],[-122.66987,45.626291],[-122.669797,45.626288],[-122.669798,45.626109],[-122.669871,45.626107],[-122.669917,45.626081],[-122.669927,45.625929],[-122.670055,45.62593],[-122.670116,45.625954],[-122.670184,45.62593],[-122.670312,45.62593],[-122.670372,45.625955],[-122.67044,45.625931],[-122.670568,45.625931],[-122.670577,45.626006],[-122.67065,45.626035],[-122.670802,45.626006],[-122.670825,45.625932],[-122.67094,45.625908],[-122.670954,45.625842],[-122.671176,45.625834],[-122.671211,45.625753],[-122.671596,45.625754],[-122.671592,45.625845]],[[-122.671388,45.626203],[-122.671462,45.626165],[-122.671457,45.626052],[-122.671404,45.626024],[-122.67125,45.626029],[-122.67121,45.626066],[-122.671217,45.626174],[-122.67127,45.626202],[-122.671388,45.626203]]]}},{"type":"Feature","properties":{"id":102,"area_m2":9300,"px":93,"rank":9,"persistent":false},"geometry":{"type":"Polygon","coordinates":[[[-122.677624,45.625861],[-122.677624,45.625951],[-122.677536,45.625957],[-122.677496,45.626],[-122.677501,45.626097],[-122.677542,45.626127],[-122.677623,45.626131],[-122.677622,45.62622],[-122.677535,45.626227],[-122.677494,45.62627],[-122.677492,45.626581],[-122.677457,45.626623],[-122.677491,45.626672],[-122.677488,45.627211],[-122.677382,45.627226],[-122.677359,45.6273],[-122.676846,45.627299],[-122.676843,45.627247],[-122.676806,45.627215],[-122.67659,45.627208],[-122.676557,45.627127],[-122.676404,45.627118],[-122.676337,45.627156],[-122.676333,45.627298],[-122.676205,45.627297],[-122.676183,45.627223],[-122.676077,45.627207],[-122.676078,45.627117],[-122.676272,45.627116],[-122.676329,45.627084],[-122.676336,45.626716],[-122.676282,45.62667],[-122.67608,45.626667],[-122.676081,45.626577],[-122.676406,45.62659],[-122.67646,45.626558],[-122.676466,45.626488],[-122.676789,45.626488],[-122.676851,45.62644],[-122.676836,45.626059],[-122.676777,45.626039],[-122.676503,45.626047],[-122.676469,45.626087],[-122.676467,45.626308],[-122.676339,45.626307],[-122.676341,45.626038],[-122.676446,45.626022],[-122.676469,45.625948],[-122.67682,45.62594],[-122.676855,45.625859],[-122.67697,45.625835],[-122.676984,45.625769],[-122.677496,45.625771],[-122.677519,45.625845],[-122.677624,45.625861]],[[-122.676594,45.626668],[-122.676612,45.626623],[-122.67658,45.626588],[-122.676508,45.626579],[-122.676458,45.626603],[-122.676448,45.626644],[-122.676483,45.626682],[-122.676541,45.626692],[-122.676594,45.626668]],[[-122.676595,45.626847],[-122.676626,45.626811],[-122.676612,45.626771],[-122.676554,45.626745],[-122.676492,45.626757],[-122.676465,45.626793],[-122.676481,45.626842],[-122.676538,45.626862],[-122.676595,45.626847]],[[-122.676721,45.626758],[-122.676687,45.626796],[-122.676701,45.626836],[-122.67676,45.626862],[-122.676816,45.626853],[-122.676848,45.626819],[-122.676837,45.62677],[-122.676782,45.626745],[-122.676721,45.626758]],[[-122.677107,45.626669],[-122.677125,45.626625],[-122.677093,45.626589],[-122.677021,45.626581],[-122.676971,45.626604],[-122.676961,45.626646],[-122.676997,45.626683],[-122.677054,45.626693],[-122.677107,45.626669]],[[-122.677361,45.627071],[-122.677294,45.627017],[-122.677024,45.627034],[-122.676977,45.627073],[-122.676981,45.627176],[-122.677045,45.627209],[-122.677313,45.627206],[-122.677359,45.627167],[-122.677361,45.627071]]]}},{"type":"Feature","properties":{"id":40,"area_m2":9200,"px":92,"rank":10,"persistent":false},"geometry":{"type":"Polygon","coordinates":[[[-122.672852,45.630348],[-122.672851,45.630528],[-122.672757,45.630537],[-122.672722,45.630618],[-122.672606,45.630641],[-122.672592,45.630797],[-122.672477,45.630821],[-122.672463,45.630977],[-122.672357,45.630993],[-122.672334,45.631067],[-122.672078,45.631066],[-122.672017,45.631042],[-122.671949,45.631065],[-122.671821,45.631065],[-122.671813,45.6309],[-122.671755,45.630872],[-122.671566,45.630884],[-122.671566,45.630739],[-122.67154,45.630703],[-122.671182,45.630703],[-122.671182,45.630613],[-122.67137,45.630614],[-122.671426,45.63059],[-122.67144,45.630434],[-122.671551,45.630415],[-122.671569,45.630254],[-122.67165,45.63025],[-122.671695,45.630216],[-122.671701,45.629625],[-122.671958,45.629625],[-122.671958,45.629866],[-122.672031,45.629909],[-122.672165,45.629892],[-122.672207,45.629863],[-122.672215,45.629626],[-122.672471,45.629627],[-122.672493,45.629701],[-122.672599,45.629717],[-122.672598,45.629897],[-122.672563,45.62994],[-122.672597,45.629987],[-122.672596,45.630167],[-122.672347,45.630179],[-122.67232,45.630222],[-122.672345,45.630313],[-122.672386,45.630343],[-122.672527,45.630371],[-122.672595,45.630347],[-122.672852,45.630348]],[[-122.671872,45.630431],[-122.672014,45.630449],[-122.672069,45.630425],[-122.672079,45.630294],[-122.672028,45.630258],[-122.671881,45.630258],[-122.671829,45.630293],[-122.671828,45.630397],[-122.671872,45.630431]]]}},{"type":"Feature","properties":{"id":93,"area_m2":7200,"px":72,"rank":11,"persistent":false},"geometry":{"type":"Polygon","coordinates":[[[-122.675948,45.627387],[-122.675945,45.627927],[-122.675839,45.627942],[-122.675816,45.628016],[-122.674918,45.628014],[-122.67491,45.627939],[-122.674844,45.62791],[-122.67469,45.627935],[-122.674661,45.628013],[-122.67402,45.628011],[-122.673998,45.627937],[-122.673892,45.627921],[-122.673895,45.627381],[-122.674535,45.627383],[-122.674597,45.627407],[-122.674667,45.627383],[-122.675948,45.627387]],[[-122.675302,45.627833],[-122.675251,45.627811],[-122.675194,45.627821],[-122.675156,45.627863],[-122.675172,45.627904],[-122.675225,45.627924],[-122.675296,45.627912],[-122.675323,45.627874],[-122.675302,45.627833]]]}},{"type":"Feature","properties":{"id":65,"area_m2":6900,"px":69,"rank":12,"persistent":false},"geometry":{"type":"Polygon","coordinates":[[[-122.674783,45.629183],[-122.674781,45.629543],[-122.673883,45.629541],[-122.673881,45.629386],[-122.673809,45.629347],[-122.673655,45.629372],[-122.673627,45.62945],[-122.673304,45.62945],[-122.673251,45.629478],[-122.673241,45.629539],[-122.672985,45.629538],[-122.672985,45.629448],[-122.673172,45.629449],[-122.673229,45.629425],[-122.673243,45.629269],[-122.67343,45.629269],[-122.673482,45.62925],[-122.67352,45.629056],[-122.673459,45.629001],[-122.67305,45.629],[-122.672989,45.629042],[-122.672987,45.629178],[-122.672906,45.629182],[-122.672862,45.629216],[-122.672873,45.62944],[-122.672729,45.629448],[-122.672731,45.628998],[-122.672837,45.628982],[-122.67286,45.628908],[-122.673083,45.628899],[-122.673117,45.628819],[-122.67363,45.62882],[-122.673639,45.628882],[-122.673692,45.628909],[-122.674143,45.628912],[-122.674146,45.628963],[-122.674183,45.628995],[-122.674399,45.629002],[-122.674412,45.629068],[-122.674527,45.629093],[-122.674561,45.629174],[-122.674783,45.629183]]]}},{"type":"Feature","properties":{"id":47,"area_m2":6700,"px":67,"rank":13,"persistent":false},"geometry":{"type":"Polygon","coordinates":[[[-122.679139,45.630096],[-122.679136,45.630726],[-122.67903,45.630741],[-122.679007,45.630815],[-122.678751,45.630815],[-122.678738,45.630749],[-122.678674,45.630725],[-122.678529,45.630733],[-122.678494,45.630814],[-122.678109,45.630813],[-122.678087,45.630739],[-122.677981,45.630723],[-122.678001,45.630588],[-122.677933,45.630543],[-122.677766,45.630548],[-122.677729,45.63058],[-122.677725,45.630632],[-122.67761,45.630656],[-122.677596,45.630722],[-122.677468,45.630721],[-122.677481,45.630571],[-122.677435,45.630544],[-122.677341,45.630541],[-122.677343,45.630271],[-122.677436,45.630269],[-122.677482,45.630242],[-122.677472,45.630091],[-122.677728,45.630092],[-122.677751,45.630166],[-122.677856,45.630182],[-122.677859,45.630324],[-122.677932,45.630362],[-122.67805,45.630362],[-122.678099,45.630339],[-122.678113,45.630093],[-122.678219,45.630077],[-122.678242,45.630003],[-122.678499,45.630004],[-122.678507,45.630066],[-122.678568,45.630094],[-122.679139,45.630096]],[[-122.678495,45.630584],[-122.678436,45.630531],[-122.678273,45.630553],[-122.678239,45.630592],[-122.678251,45.630699],[-122.678307,45.630723],[-122.67846,45.630715],[-122.678493,45.630681],[-122.678495,45.630584]],[[-122.678754,45.630275],[-122.67872,45.630312],[-122.678734,45.630352],[-122.678792,45.630378],[-122.678849,45.630369],[-122.67888,45.630335],[-122.678869,45.630286],[-122.678815,45.630262],[-122.678754,45.630275]],[[-122.678931,45.630725],[-122.679005,45.630687],[-122.678999,45.630574],[-122.678947,45.630546],[-122.678791,45.630538],[-122.678752,45.63058],[-122.67876,45.630696],[-122.678813,45.630724],[-122.678931,45.630725]]]}},{"type":"Feature","properties":{"id":37,"area_m2":6600,"px":66,"rank":14,"persistent":false},"geometry":{"type":"Polygon","coordinates":[[[-122.690298,45.630667],[-122.690296,45.631027],[-122.689945,45.631035],[-122.68991,45.631116],[-122.689795,45.631139],[-122.689782,45.631205],[-122.689671,45.631225],[-122.689653,45.631295],[-122.689268,45.631294],[-122.689251,45.631224],[-122.68914,45.631204],[-122.689123,45.631133],[-122.689013,45.631113],[-122.689004,45.631052],[-122.688951,45.631024],[-122.688791,45.631032],[-122.688756,45.631112],[-122.688499,45.631112],[-122.688439,45.631088],[-122.688371,45.631111],[-122.688243,45.631111],[-122.688243,45.631021],[-122.688324,45.631017],[-122.688368,45.630983],[-122.688373,45.630842],[-122.688478,45.630826],[-122.688501,45.630752],[-122.688617,45.630728],[-122.68863,45.630662],[-122.688846,45.630656],[-122.688884,45.630625],[-122.688887,45.630573],[-122.689089,45.630571],[-122.689138,45.63054],[-122.689144,45.630484],[-122.689367,45.630475],[-122.689401,45.630394],[-122.68953,45.630396],[-122.689529,45.630575],[-122.689441,45.630581],[-122.689402,45.630618],[-122.689401,45.630801],[-122.68944,45.630838],[-122.689527,45.630845],[-122.689533,45.630901],[-122.689574,45.630931],[-122.689872,45.630942],[-122.689909,45.630911],[-122.689912,45.630846],[-122.689993,45.630842],[-122.690035,45.630813],[-122.690041,45.630666],[-122.690298,45.630667]]]}},{"type":"Feature","properties":{"id":125,"area_m2":6500,"px":65,"rank":15,"persistent":false},"geometry":{"type":"Polygon","coordinates":[[[-122.674427,45.624232],[-122.674424,45.624682],[-122.674101,45.624682],[-122.674048,45.624709],[-122.674039,45.624771],[-122.673828,45.624761],[-122.673785,45.624795],[-122.673782,45.62486],[-122.673666,45.624884],[-122.673653,45.62495],[-122.673073,45.624949],[-122.67302,45.624977],[-122.673011,45.625038],[-122.672883,45.625038],[-122.672874,45.624886],[-122.672829,45.62486],[-122.672756,45.624857],[-122.672759,45.624318],[-122.672839,45.624313],[-122.672884,45.624279],[-122.672889,45.623958],[-122.672924,45.62391],[-122.672872,45.623797],[-122.672762,45.623777],[-122.672762,45.623687],[-122.67289,45.623688],[-122.672899,45.623749],[-122.672952,45.623777],[-122.673275,45.623779],[-122.673297,45.623853],[-122.673402,45.623869],[-122.673403,45.624005],[-122.673449,45.624045],[-122.673786,45.62405],[-122.673813,45.624141],[-122.674042,45.624141],[-122.674048,45.624197],[-122.674097,45.624229],[-122.674427,45.624232]],[[-122.673576,45.62486],[-122.673631,45.624844],[-122.673653,45.624811],[-122.673639,45.624339],[-122.67358,45.624319],[-122.672915,45.62433],[-122.672887,45.624372],[-122.672901,45.624838],[-122.672961,45.624858],[-122.673576,45.62486]],[[-122.673064,45.624044],[-122.673213,45.624061],[-122.673265,45.624033],[-122.673268,45.623902],[-122.673212,45.623869],[-122.673045,45.623872],[-122.672998,45.623918],[-122.673023,45.624015],[-122.673064,45.624044]],[[-122.673915,45.624412],[-122.673859,45.624396],[-122.673801,45.624417],[-122.673784,45.624465],[-122.673811,45.624501],[-122.673873,45.624514],[-122.673931,45.624488],[-122.673946,45.624448],[-122.673915,45.624412]]]}},{"type":"Feature","properties":{"id":14,"area_m2":6100,"px":61,"rank":16,"persistent":false},"geometry":{"type":"Polygon","coordinates":[[[-122.678616,45.631895],[-122.678616,45.631985],[-122.678528,45.631991],[-122.678489,45.632028],[-122.678485,45.632434],[-122.678026,45.632435],[-122.677977,45.632466],[-122.677971,45.632523],[-122.677743,45.632534],[-122.677714,45.632612],[-122.677201,45.632611],[-122.677179,45.632536],[-122.677073,45.63252],[-122.677076,45.63198],[-122.677589,45.631982],[-122.677623,45.632063],[-122.677799,45.632081],[-122.677844,45.632043],[-122.677845,45.631936],[-122.677806,45.631899],[-122.677718,45.631892],[-122.677719,45.631802],[-122.677824,45.631787],[-122.677847,45.631712],[-122.677976,45.631713],[-122.678036,45.631737],[-122.678104,45.631713],[-122.678489,45.631714],[-122.678497,45.631866],[-122.678542,45.631892],[-122.678616,45.631895]],[[-122.677263,45.63252],[-122.677564,45.632506],[-122.677586,45.632473],[-122.677583,45.632105],[-122.677519,45.632072],[-122.677251,45.632075],[-122.677204,45.632119],[-122.677207,45.632487],[-122.677263,45.63252]]]}},{"type":"Feature","properties":{"id":58,"area_m2":5900,"px":59,"rank":17,"persistent":false},"geometry":{"type":"Polygon","coordinates":[[[-122.671578,45.628814],[-122.671577,45.628994],[-122.671483,45.629003],[-122.671448,45.629048],[-122.671461,45.62915],[-122.671576,45.629174],[-122.671573,45.629534],[-122.671339,45.629549],[-122.671316,45.629714],[-122.67121,45.629729],[-122.671187,45.629803],[-122.670802,45.629802],[-122.670803,45.629712],[-122.67089,45.629706],[-122.67093,45.629669],[-122.670934,45.629221],[-122.670872,45.629173],[-122.670549,45.629171],[-122.670552,45.628811],[-122.670625,45.628809],[-122.670671,45.628783],[-122.670681,45.628632],[-122.671066,45.628633],[-122.671065,45.628723],[-122.670871,45.628723],[-122.670818,45.628751],[-122.670809,45.628859],[-122.670862,45.6289],[-122.671259,45.628902],[-122.671312,45.628875],[-122.671321,45.628814],[-122.671578,45.628814]]]}},{"type":"Feature","properties":{"id":29,"area_m2":5700,"px":57,"rank":18,"persistent":false},"geometry":{"type":"Polygon","coordinates":[[[-122.674515,45.631073],[-122.674514,45.631343],[-122.67442,45.631352],[-122.674385,45.631432],[-122.674311,45.631435],[-122.674266,45.631461],[-122.674255,45.631702],[-122.674127,45.631702],[-122.674126,45.631552],[-122.674089,45.631515],[-122.673803,45.631508],[-122.673744,45.631551],[-122.673741,45.631791],[-122.673357,45.63179],[-122.673341,45.631449],[-122.673289,45.63143],[-122.673157,45.631431],[-122.673108,45.631462],[-122.673101,45.631519],[-122.672973,45.631518],[-122.672961,45.631362],[-122.672846,45.631338],[-122.672812,45.631257],[-122.672718,45.631248],[-122.672719,45.631158],[-122.672935,45.631152],[-122.672972,45.63112],[-122.672976,45.631069],[-122.673104,45.631069],[-122.673165,45.631093],[-122.673234,45.631069],[-122.673746,45.631071],[-122.673806,45.631095],[-122.673876,45.631071],[-122.674515,45.631073]],[[-122.674129,45.631382],[-122.674107,45.631344],[-122.674047,45.631328],[-122.673986,45.63135],[-122.673966,45.631389],[-122.673991,45.631427],[-122.674054,45.631445],[-122.674112,45.631425],[-122.674129,45.631382]]]}},{"type":"Feature","properties":{"id":89,"area_m2":5300,"px":53,"rank":19,"persistent":false},"geometry":{"type":"Polygon","coordinates":[[[-122.686977,45.628047],[-122.686976,45.628137],[-122.686871,45.628153],[-122.686847,45.628227],[-122.686625,45.628236],[-122.68659,45.628316],[-122.686475,45.62834],[-122.686462,45.628406],[-122.686077,45.628405],[-122.686056,45.628227],[-122.686003,45.628211],[-122.685821,45.628224],[-122.685799,45.62815],[-122.685694,45.628134],[-122.685695,45.627954],[-122.685884,45.627968],[-122.685942,45.627939],[-122.685953,45.627595],[-122.686466,45.627596],[-122.6865,45.627677],[-122.686722,45.627687],[-122.686744,45.627761],[-122.68685,45.627777],[-122.686852,45.628009],[-122.686896,45.628043],[-122.686977,45.628047]]]}},{"type":"Feature","properties":{"id":41,"area_m2":5100,"px":51,"rank":20,"persistent":false},"geometry":{"type":"Polygon","coordinates":[[[-122.671443,45.629984],[-122.671441,45.630254],[-122.671185,45.630253],[-122.671124,45.630229],[-122.671056,45.630253],[-122.670928,45.630252],[-122.67086,45.630228],[-122.670766,45.630289],[-122.670804,45.630412],[-122.670844,45.630441],[-122.671183,45.630433],[-122.671183,45.630523],[-122.671089,45.630532],[-122.671054,45.630577],[-122.671059,45.63076],[-122.671101,45.630789],[-122.671181,45.630793],[-122.67118,45.631063],[-122.670795,45.631062],[-122.670796,45.630882],[-122.670828,45.630824],[-122.670774,45.630718],[-122.670669,45.630702],[-122.670669,45.630612],[-122.670703,45.630559],[-122.670661,45.63046],[-122.670608,45.630433],[-122.670476,45.630432],[-122.670419,45.630464],[-122.670412,45.630791],[-122.670196,45.630797],[-122.670158,45.630829],[-122.670154,45.63088],[-122.669898,45.63088],[-122.6699,45.63061],[-122.670028,45.63061],[-122.670096,45.630634],[-122.670175,45.630598],[-122.670157,45.63043],[-122.670251,45.630421],[-122.670286,45.630341],[-122.670401,45.630317],[-122.670415,45.630161],[-122.670639,45.630166],[-122.670672,45.630072],[-122.670778,45.630056],[-122.670801,45.629982],[-122.671443,45.629984]]]}},{"type":"Feature","properties":{"id":83,"area_m2":4900,"px":49,"rank":21,"persistent":false},"geometry":{"type":"Polygon","coordinates":[[[-122.684796,45.628041],[-122.684795,45.628131],[-122.684708,45.628138],[-122.684668,45.628175],[-122.684665,45.628581],[-122.684559,45.628597],[-122.684536,45.628671],[-122.684408,45.62867],[-122.684395,45.628604],[-122.684331,45.62858],[-122.684186,45.628589],[-122.684151,45.62867],[-122.683766,45.628669],[-122.683761,45.628612],[-122.683712,45.628581],[-122.683125,45.628577],[-122.683103,45.628503],[-122.682998,45.628486],[-122.682998,45.628397],[-122.683328,45.628395],[-122.683377,45.628364],[-122.683383,45.628308],[-122.684241,45.628303],[-122.684281,45.628261],[-122.684283,45.62804],[-122.684796,45.628041]]]}},{"type":"Feature","properties":{"id":5,"area_m2":4800,"px":48,"rank":22,"persistent":false},"geometry":{"type":"Polygon","coordinates":[[[-122.672577,45.632959],[-122.672545,45.633005],[-122.672579,45.633048],[-122.672578,45.633227],[-122.672194,45.633226],[-122.672181,45.63316],[-122.672117,45.633136],[-122.671857,45.63314],[-122.671815,45.633169],[-122.671809,45.633225],[-122.671552,45.633225],[-122.671555,45.632685],[-122.672006,45.632685],[-122.672059,45.632657],[-122.672069,45.632596],[-122.672582,45.632598],[-122.672577,45.632959]]]}},{"type":"Feature","properties":{"id":117,"area_m2":4700,"px":47,"rank":23,"persistent":false},"geometry":{"type":"Polygon","coordinates":[[[-122.674809,45.624593],[-122.674804,45.625583],[-122.674103,45.625581],[-122.674043,45.62561],[-122.674033,45.625671],[-122.673777,45.62567],[-122.673778,45.62558],[-122.673865,45.625574],[-122.673906,45.625532],[-122.67391,45.624951],[-122.674294,45.624952],[-122.674295,45.625363],[-122.674354,45.625401],[-122.674508,45.625396],[-122.674547,45.625359],[-122.67455,45.625132],[-122.674584,45.62509],[-122.67455,45.625041],[-122.674551,45.624862],[-122.674586,45.62482],[-122.674552,45.624772],[-122.674553,45.624592],[-122.674809,45.624593]]]}},{"type":"Feature","properties":{"id":16,"area_m2":4500,"px":45,"rank":24,"persistent":false},"geometry":{"type":"Polygon","coordinates":[[[-122.671174,45.632053],[-122.671173,45.632143],[-122.670964,45.632147],[-122.670923,45.632176],[-122.670905,45.632244],[-122.67083,45.632234],[-122.670773,45.632267],[-122.670779,45.632314],[-122.670833,45.632345],[-122.670927,45.632312],[-122.671172,45.632323],[-122.671172,45.632413],[-122.671066,45.632429],[-122.671043,45.632503],[-122.670928,45.632527],[-122.670914,45.632593],[-122.670529,45.632592],[-122.670469,45.632567],[-122.670401,45.632591],[-122.669888,45.63259],[-122.669866,45.632515],[-122.66976,45.632499],[-122.669761,45.632319],[-122.669796,45.632277],[-122.669762,45.632229],[-122.669762,45.632139],[-122.669978,45.632134],[-122.670016,45.632102],[-122.670019,45.63205],[-122.67035,45.632049],[-122.670399,45.632018],[-122.670407,45.631961],[-122.670533,45.631962],[-122.670542,45.632023],[-122.670594,45.632051],[-122.671174,45.632053]],[[-122.670533,45.6325],[-122.670564,45.632465],[-122.670549,45.632424],[-122.670491,45.632398],[-122.670429,45.63241],[-122.670402,45.632446],[-122.670418,45.632495],[-122.670476,45.632515],[-122.670533,45.6325]]]}},{"type":"Feature","properties":{"id":60,"area_m2":4500,"px":45,"rank":25,"persistent":false},"geometry":{"type":"Polygon","coordinates":[[[-122.683377,45.629388],[-122.683376,45.629658],[-122.682734,45.629656],[-122.682712,45.629582],[-122.682607,45.629565],[-122.682598,45.629414],[-122.682553,45.629388],[-122.682479,45.629385],[-122.682452,45.629307],[-122.682095,45.629294],[-122.682092,45.629152],[-122.682048,45.629118],[-122.681968,45.629114],[-122.681968,45.629024],[-122.682074,45.629008],[-122.682097,45.628934],[-122.68242,45.628934],[-122.682473,45.628906],[-122.682482,45.628845],[-122.68261,45.628845],[-122.682614,45.628897],[-122.682651,45.628929],[-122.682867,45.628936],[-122.682889,45.62901],[-122.682994,45.629027],[-122.683028,45.629108],[-122.683122,45.629117],[-122.683139,45.629277],[-122.683249,45.629297],[-122.683283,45.629378],[-122.683377,45.629388]],[[-122.682403,45.629205],[-122.682477,45.629167],[-122.682472,45.629054],[-122.682419,45.629026],[-122.682265,45.629031],[-122.682226,45.629068],[-122.682233,45.629176],[-122.682286,45.629204],[-122.682403,45.629205]],[[-122.683118,45.629475],[-122.683067,45.629453],[-122.68301,45.629463],[-122.682973,45.629505],[-122.682988,45.629546],[-122.683041,45.629566],[-122.683112,45.629554],[-122.683139,45.629517],[-122.683118,45.629475]]]}},{"type":"Feature","properties":{"id":34,"area_m2":4100,"px":41,"rank":26,"persistent":false},"geometry":{"type":"Polygon","coordinates":[[[-122.685033,45.631462],[-122.685033,45.631552],[-122.684905,45.631552],[-122.684882,45.631478],[-122.684777,45.631462],[-122.68476,45.631301],[-122.68465,45.631281],[-122.684637,45.631215],[-122.684522,45.631191],[-122.684519,45.631139],[-122.684482,45.631107],[-122.684266,45.6311],[-122.684244,45.631026],[-122.684138,45.63101],[-122.684121,45.63085],[-122.684011,45.630829],[-122.683977,45.630748],[-122.683883,45.630739],[-122.683883,45.630649],[-122.683918,45.630607],[-122.683884,45.630558],[-122.683886,45.630109],[-122.684015,45.630109],[-122.684037,45.630184],[-122.684142,45.6302],[-122.684155,45.630356],[-122.68427,45.63038],[-122.684303,45.630461],[-122.684397,45.630471],[-122.684389,45.630626],[-122.684431,45.630648],[-122.684525,45.630651],[-122.684547,45.630725],[-122.684652,45.630741],[-122.684661,45.630893],[-122.684706,45.630919],[-122.68478,45.630922],[-122.684796,45.631082],[-122.684907,45.631102],[-122.684911,45.631429],[-122.684953,45.631458],[-122.685033,45.631462]]]}},{"type":"Feature","properties":{"id":95,"area_m2":3600,"px":36,"rank":27,"persistent":false},"geometry":{"type":"Polygon","coordinates":[[[-122.671587,45.627284],[-122.671583,45.627824],[-122.671071,45.627823],[-122.671048,45.627748],[-122.670943,45.627732],[-122.670909,45.627651],[-122.670815,45.627642],[-122.670788,45.627551],[-122.670559,45.627551],[-122.670537,45.627477],[-122.670431,45.627461],[-122.670432,45.627281],[-122.670648,45.627275],[-122.670686,45.627243],[-122.670689,45.627192],[-122.670817,45.627192],[-122.670823,45.627262],[-122.670884,45.627295],[-122.671587,45.627284]]]}},{"type":"Feature","properties":{"id":33,"area_m2":3500,"px":35,"rank":28,"persistent":false},"geometry":{"type":"Polygon","coordinates":[[[-122.678748,45.631265],[-122.678747,45.631445],[-122.678641,45.63146],[-122.678618,45.631534],[-122.678288,45.631536],[-122.678239,45.631567],[-122.678233,45.631623],[-122.677591,45.631622],[-122.677569,45.631547],[-122.677464,45.631531],[-122.677465,45.631261],[-122.677571,45.631246],[-122.677594,45.631172],[-122.678107,45.631173],[-122.678167,45.631197],[-122.678235,45.631173],[-122.678492,45.631174],[-122.678495,45.631226],[-122.678532,45.631258],[-122.678748,45.631265]],[[-122.678029,45.631443],[-122.678102,45.631405],[-122.678097,45.631292],[-122.678045,45.631264],[-122.677891,45.631269],[-122.677853,45.631301],[-122.677838,45.631413],[-122.677891,45.631441],[-122.678029,45.631443]]]}},{"type":"Feature","properties":{"id":103,"area_m2":3400,"px":34,"rank":29,"persistent":false},"geometry":{"type":"Polygon","coordinates":[[[-122.684032,45.627049],[-122.684031,45.627229],[-122.683646,45.627228],[-122.683644,45.627073],[-122.683573,45.627034],[-122.683403,45.627071],[-122.683389,45.627227],[-122.683005,45.627226],[-122.683002,45.627175],[-122.682964,45.627143],[-122.682749,45.627136],[-122.68275,45.626956],[-122.682978,45.626944],[-122.683007,45.626866],[-122.683101,45.626857],[-122.683135,45.626777],[-122.683246,45.626757],[-122.683264,45.626687],[-122.683521,45.626688],[-122.683524,45.626739],[-122.683561,45.626771],[-122.683777,45.626778],[-122.683798,45.627033],[-122.684032,45.627049]]]}},{"type":"Feature","properties":{"id":91,"area_m2":3300,"px":33,"rank":30,"persistent":false},"geometry":{"type":"Polygon","coordinates":[[[-122.682487,45.628035],[-122.682486,45.628215],[-122.682229,45.628214],[-122.682207,45.62814],[-122.682102,45.628124],[-122.682089,45.628058],[-122.681974,45.628033],[-122.681946,45.627956],[-122.681846,45.627943],[-122.681824,45.627779],[-122.68159,45.627762],[-122.681592,45.627493],[-122.681698,45.627477],[-122.681721,45.627403],[-122.681977,45.627404],[-122.681986,45.627465],[-122.682039,45.627493],[-122.682362,45.627495],[-122.68236,45.627765],[-122.682325,45.627812],[-122.682359,45.627855],[-122.68236,45.627991],[-122.682399,45.628028],[-122.682487,45.628035]]]}},{"type":"Feature","properties":{"id":76,"area_m2":3200,"px":32,"rank":31,"persistent":false},"geometry":{"type":"Polygon","coordinates":[[[-122.682355,45.628575],[-122.682354,45.628755],[-122.682249,45.62877],[-122.682226,45.628844],[-122.682024,45.628846],[-122.681975,45.628877],[-122.681969,45.628934],[-122.68184,45.628933],[-122.681818,45.628859],[-122.681713,45.628843],[-122.6817,45.628687],[-122.681585,45.628662],[-122.681587,45.628261],[-122.681547,45.628219],[-122.68146,45.628212],[-122.681461,45.628032],[-122.681589,45.628033],[-122.68161,45.628197],[-122.681844,45.628213],[-122.681867,45.628287],[-122.681972,45.628304],[-122.681989,45.628374],[-122.6821,45.628394],[-122.682134,45.628475],[-122.682228,45.628484],[-122.682255,45.628562],[-122.682355,45.628575]]]}},{"type":"Feature","properties":{"id":28,"area_m2":3100,"px":31,"rank":32,"persistent":false},"geometry":{"type":"Polygon","coordinates":[[[-122.677079,45.63153],[-122.677078,45.63171],[-122.676972,45.631726],[-122.676949,45.6318],[-122.676564,45.631799],[-122.676551,45.631733],[-122.676487,45.631709],[-122.676342,45.631717],[-122.676307,45.631798],[-122.676179,45.631798],[-122.676157,45.631723],[-122.676051,45.631707],[-122.676054,45.631167],[-122.676567,45.631169],[-122.676567,45.631485],[-122.676606,45.631522],[-122.676694,45.631529],[-122.676673,45.631659],[-122.676713,45.631703],[-122.676915,45.631701],[-122.676949,45.631661],[-122.67695,45.63153],[-122.677079,45.63153]]]}},{"type":"Feature","properties":{"id":52,"area_m2":3100,"px":31,"rank":33,"persistent":false},"geometry":{"type":"Polygon","coordinates":[[[-122.676961,45.62973],[-122.676959,45.63009],[-122.676885,45.630092],[-122.676839,45.630118],[-122.676829,45.630269],[-122.676188,45.630267],[-122.67619,45.629998],[-122.676291,45.629994],[-122.676337,45.629953],[-122.676319,45.629728],[-122.67665,45.629726],[-122.676698,45.629696],[-122.676707,45.629639],[-122.676833,45.629639],[-122.676855,45.629714],[-122.676961,45.62973]]]}},{"type":"Feature","properties":{"id":6,"area_m2":2900,"px":29,"rank":34,"persistent":false},"geometry":{"type":"Polygon","coordinates":[[[-122.671427,45.632684],[-122.671425,45.633044],[-122.671351,45.633046],[-122.671305,45.633072],[-122.671295,45.633224],[-122.671039,45.633223],[-122.670978,45.633199],[-122.67091,45.633223],[-122.670782,45.633222],[-122.670722,45.633198],[-122.670654,45.633222],[-122.670526,45.633222],[-122.670529,45.632682],[-122.671427,45.632684]],[[-122.67122,45.633044],[-122.671295,45.633],[-122.671295,45.632812],[-122.671243,45.632776],[-122.671096,45.632776],[-122.671043,45.632817],[-122.671043,45.633005],[-122.671095,45.633041],[-122.67122,45.633044]]]}},{"type":"Feature","properties":{"id":26,"area_m2":2900,"px":29,"rank":35,"persistent":false},"geometry":{"type":"Polygon","coordinates":[[[-122.679774,45.631358],[-122.679772,45.631718],[-122.679666,45.631733],[-122.679643,45.631807],[-122.679528,45.631831],[-122.679514,45.631897],[-122.679386,45.631897],[-122.67938,45.63184],[-122.679332,45.631809],[-122.67913,45.631806],[-122.679108,45.631732],[-122.679002,45.631716],[-122.679003,45.631536],[-122.679091,45.631529],[-122.67913,45.631493],[-122.679133,45.631266],[-122.679239,45.63125],[-122.679262,45.631176],[-122.679647,45.631177],[-122.679655,45.631329],[-122.6797,45.631355],[-122.679774,45.631358]]]}},{"type":"Feature","properties":{"id":23,"area_m2":2700,"px":27,"rank":36,"persistent":false},"geometry":{"type":"Polygon","coordinates":[[[-122.675669,45.631256],[-122.675668,45.631436],[-122.675446,45.631438],[-122.675391,45.631491],[-122.675415,45.631852],[-122.675471,45.631885],[-122.675665,45.631886],[-122.675665,45.631976],[-122.675419,45.631987],[-122.675386,45.631901],[-122.675281,45.631885],[-122.675281,45.631664],[-122.675248,45.631624],[-122.675087,45.631616],[-122.675027,45.631658],[-122.675036,45.63195],[-122.675152,45.631975],[-122.675157,45.632031],[-122.675199,45.632061],[-122.675397,45.632054],[-122.67543,45.63214],[-122.675535,45.632156],[-122.675535,45.632246],[-122.675407,45.632245],[-122.675379,45.632168],[-122.675151,45.632155],[-122.675128,45.632081],[-122.675023,45.632064],[-122.674989,45.631983],[-122.674895,45.631974],[-122.674898,45.631524],[-122.675013,45.6315],[-122.675027,45.631344],[-122.675133,45.631329],[-122.675156,45.631255],[-122.675669,45.631256]]]}},{"type":"Feature","properties":{"id":122,"area_m2":2700,"px":27,"rank":37,"persistent":false},"geometry":{"type":"Polygon","coordinates":[[[-122.670959,45.624852],[-122.670957,45.625302],[-122.670851,45.625318],[-122.670828,45.625392],[-122.670315,45.62539],[-122.670317,45.62503],[-122.670391,45.625028],[-122.670436,45.625002],[-122.670446,45.624851],[-122.670959,45.624852]]]}},{"type":"Feature","properties":{"id":116,"area_m2":2600,"px":26,"rank":38,"persistent":false},"geometry":{"type":"Polygon","coordinates":[[[-122.675829,45.625317],[-122.675797,45.625364],[-122.675831,45.625406],[-122.675829,45.625676],[-122.675316,45.625675],[-122.675308,45.625523],[-122.675263,45.625497],[-122.675189,45.625494],[-122.675191,45.625224],[-122.675296,45.625209],[-122.67532,45.625135],[-122.675832,45.625136],[-122.675829,45.625317]]]}},{"type":"Feature","properties":{"id":53,"area_m2":2500,"px":25,"rank":39,"persistent":false},"geometry":{"type":"Polygon","coordinates":[[[-122.670418,45.629621],[-122.670416,45.629981],[-122.670311,45.629997],[-122.670287,45.630071],[-122.670105,45.630056],[-122.670053,45.630073],[-122.67003,45.63025],[-122.669773,45.630249],[-122.669774,45.630159],[-122.669868,45.63015],[-122.669902,45.630106],[-122.66989,45.630003],[-122.669775,45.629979],[-122.669777,45.629619],[-122.670418,45.629621]]]}},{"type":"Feature","properties":{"id":119,"area_m2":2400,"px":24,"rank":40,"persistent":false},"geometry":{"type":"Polygon","coordinates":[[[-122.672624,45.625397],[-122.672623,45.625577],[-122.672517,45.625592],[-122.672494,45.625666],[-122.672109,45.625665],[-122.672107,45.6256],[-122.672064,45.625566],[-122.671853,45.625575],[-122.671831,45.6255],[-122.671726,45.625484],[-122.671728,45.625034],[-122.671856,45.625035],[-122.671917,45.625059],[-122.671985,45.625035],[-122.672241,45.625036],[-122.672258,45.625196],[-122.67231,45.625216],[-122.672497,45.625217],[-122.672484,45.625367],[-122.67253,45.625394],[-122.672624,45.625397]],[[-122.672495,45.625437],[-122.672436,45.625384],[-122.672273,45.625405],[-122.672239,45.625444],[-122.672251,45.625552],[-122.672308,45.625576],[-122.672461,45.625567],[-122.672493,45.625533],[-122.672495,45.625437]]]}},{"type":"Feature","properties":{"id":81,"area_m2":2300,"px":23,"rank":41,"persistent":false},"geometry":{"type":"Polygon","coordinates":[[[-122.674789,45.628103],[-122.674789,45.628193],[-122.674708,45.628197],[-122.674663,45.628231],[-122.674659,45.628373],[-122.674465,45.628373],[-122.674412,45.628401],[-122.674401,45.628642],[-122.674295,45.628658],[-122.674272,45.628732],[-122.674144,45.628732],[-122.674122,45.628657],[-122.674016,45.628641],[-122.674019,45.628191],[-122.674235,45.628185],[-122.674272,45.628154],[-122.674276,45.628102],[-122.674404,45.628102],[-122.674465,45.628127],[-122.674533,45.628103],[-122.674789,45.628103]]]}},{"type":"Feature","properties":{"id":15,"area_m2":2200,"px":22,"rank":42,"persistent":false},"geometry":{"type":"Polygon","coordinates":[[[-122.672072,45.631966],[-122.67207,45.632416],[-122.671964,45.632432],[-122.671941,45.632506],[-122.671826,45.632529],[-122.671812,45.632595],[-122.671684,45.632595],[-122.671685,45.632284],[-122.671645,45.632241],[-122.671558,45.632234],[-122.671559,45.631965],[-122.671665,45.631949],[-122.67169,45.631875],[-122.671816,45.631875],[-122.671822,45.631932],[-122.671871,45.631963],[-122.672072,45.631966]]]}},{"type":"Feature","properties":{"id":66,"area_m2":2200,"px":22,"rank":43,"persistent":false},"geometry":{"type":"Polygon","coordinates":[[[-122.672219,45.628816],[-122.672217,45.629266],[-122.672136,45.62927],[-122.672091,45.629304],[-122.672087,45.629536],[-122.671702,45.629535],[-122.671705,45.629085],[-122.671833,45.629085],[-122.671842,45.629146],[-122.671902,45.629175],[-122.672041,45.629171],[-122.672089,45.629122],[-122.67209,45.628954],[-122.672062,45.628918],[-122.671706,45.628905],[-122.671707,45.628725],[-122.671835,45.628725],[-122.671844,45.628786],[-122.671896,45.628814],[-122.672219,45.628816]]]}},{"type":"Feature","properties":{"id":104,"area_m2":2200,"px":22,"rank":44,"persistent":false},"geometry":{"type":"Polygon","coordinates":[[[-122.682494,45.626685],[-122.682492,45.627135],[-122.682169,45.627135],[-122.682116,45.627162],[-122.682106,45.627224],[-122.681978,45.627223],[-122.681956,45.627149],[-122.681851,45.627133],[-122.681852,45.626953],[-122.681886,45.626911],[-122.681852,45.626863],[-122.681853,45.626773],[-122.682175,45.626773],[-122.682228,45.626746],[-122.682238,45.626684],[-122.682494,45.626685]]]}},{"type":"Feature","properties":{"id":4,"area_m2":2100,"px":21,"rank":45,"persistent":false},"geometry":{"type":"Polygon","coordinates":[[[-122.673605,45.633141],[-122.673605,45.63323],[-122.672835,45.633228],[-122.672838,45.632688],[-122.673095,45.632689],[-122.673074,45.632813],[-122.673096,45.632853],[-122.67335,45.63287],[-122.673366,45.63312],[-122.673418,45.63314],[-122.673605,45.633141]]]}},{"type":"Feature","properties":{"id":49,"area_m2":2100,"px":21,"rank":46,"persistent":false},"geometry":{"type":"Polygon","coordinates":[[[-122.685554,45.630114],[-122.685554,45.630204],[-122.685466,45.63021],[-122.685427,45.630247],[-122.685423,45.630563],[-122.685295,45.630563],[-122.685295,45.630432],[-122.685268,45.630395],[-122.685107,45.630358],[-122.685039,45.630382],[-122.684911,45.630382],[-122.684889,45.630308],[-122.684783,45.630292],[-122.684784,45.630202],[-122.684818,45.630159],[-122.684784,45.630112],[-122.684785,45.629932],[-122.685427,45.629933],[-122.685435,45.630085],[-122.68548,45.630111],[-122.685554,45.630114]]]}},{"type":"Feature","properties":{"id":85,"area_m2":2100,"px":21,"rank":47,"persistent":false},"geometry":{"type":"Polygon","coordinates":[[[-122.673633,45.62828],[-122.673632,45.62846],[-122.673504,45.62846],[-122.673499,45.62839],[-122.673445,45.628357],[-122.673266,45.628389],[-122.673246,45.628639],[-122.67299,45.628638],[-122.672968,45.628564],[-122.672862,45.628548],[-122.672863,45.628368],[-122.672957,45.628359],[-122.672992,45.628314],[-122.67298,45.628212],[-122.672864,45.628188],[-122.672865,45.628098],[-122.673378,45.628099],[-122.6734,45.628174],[-122.673506,45.62819],[-122.67354,45.628271],[-122.673633,45.62828]]]}},{"type":"Feature","properties":{"id":88,"area_m2":2100,"px":21,"rank":48,"persistent":false},"geometry":{"type":"Polygon","coordinates":[[[-122.685438,45.627953],[-122.685437,45.628133],[-122.685343,45.628142],[-122.685308,45.628187],[-122.685321,45.628289],[-122.685436,45.628313],[-122.685435,45.628493],[-122.684922,45.628492],[-122.684923,45.628312],[-122.685023,45.6283],[-122.685052,45.628222],[-122.685146,45.628213],[-122.68518,45.628168],[-122.685178,45.627991],[-122.685134,45.627956],[-122.685053,45.627952],[-122.685053,45.627726],[-122.685014,45.627688],[-122.684926,45.627682],[-122.684927,45.627592],[-122.685055,45.627592],[-122.685077,45.627666],[-122.685183,45.627682],[-122.685217,45.627763],[-122.685311,45.627773],[-122.685319,45.627924],[-122.685364,45.627951],[-122.685438,45.627953]]]}},{"type":"Feature","properties":{"id":38,"area_m2":2000,"px":20,"rank":49,"persistent":false},"geometry":{"type":"Polygon","coordinates":[[[-122.68196,45.630464],[-122.681959,45.630644],[-122.681629,45.630645],[-122.68158,45.630676],[-122.681573,45.630733],[-122.681386,45.630732],[-122.681334,45.630752],[-122.681315,45.631002],[-122.681242,45.631004],[-122.681196,45.63103],[-122.681186,45.631182],[-122.681058,45.631181],[-122.681061,45.630551],[-122.681318,45.630552],[-122.681352,45.630633],[-122.681505,45.630642],[-122.681571,45.630604],[-122.681575,45.630463],[-122.68196,45.630464]]]}},{"type":"Feature","properties":{"id":82,"area_m2":2000,"px":20,"rank":50,"persistent":false},"geometry":{"type":"Polygon","coordinates":[[[-122.671581,45.628184],[-122.671579,45.628634],[-122.671473,45.62865],[-122.67145,45.628724],[-122.671322,45.628723],[-122.671322,45.628634],[-122.67141,45.628627],[-122.671449,45.62859],[-122.67145,45.628497],[-122.671411,45.62846],[-122.671255,45.628441],[-122.671201,45.628473],[-122.671194,45.628543],[-122.670938,45.628542],[-122.670939,45.628362],[-122.671027,45.628356],[-122.671066,45.628319],[-122.671069,45.628093],[-122.671454,45.628094],[-122.671476,45.628168],[-122.671581,45.628184]]]}},{"type":"Feature","properties":{"id":62,"area_m2":1900,"px":19,"rank":51,"persistent":false},"geometry":{"type":"Polygon","coordinates":[[[-122.679144,45.629286],[-122.679144,45.629376],[-122.679038,45.629391],[-122.679015,45.629465],[-122.678899,45.629489],[-122.678886,45.629555],[-122.678373,45.629554],[-122.678351,45.629479],[-122.678245,45.629463],[-122.678246,45.629373],[-122.678433,45.629374],[-122.678489,45.62935],[-122.678503,45.629194],[-122.679016,45.629195],[-122.679039,45.62927],[-122.679144,45.629286]]]}},{"type":"Feature","properties":{"id":13,"area_m2":1800,"px":18,"rank":52,"persistent":false},"geometry":{"type":"Polygon","coordinates":[[[-122.680923,45.632261],[-122.680922,45.632531],[-122.680599,45.632531],[-122.680546,45.632559],[-122.680536,45.63262],[-122.680408,45.63262],[-122.680409,45.63253],[-122.680489,45.632526],[-122.680531,45.632497],[-122.680532,45.632383],[-122.680476,45.632351],[-122.680281,45.632349],[-122.680276,45.632203],[-122.680235,45.632173],[-122.680154,45.632169],[-122.680152,45.632027],[-122.680108,45.631993],[-122.680027,45.631988],[-122.680027,45.631899],[-122.68035,45.631898],[-122.680403,45.631871],[-122.680413,45.63181],[-122.680541,45.63181],[-122.68054,45.6319],[-122.680446,45.631909],[-122.680412,45.63199],[-122.680338,45.631992],[-122.680292,45.632018],[-122.680296,45.632145],[-122.680352,45.632169],[-122.680539,45.63217],[-122.68054,45.632307],[-122.680593,45.632348],[-122.680747,45.632346],[-122.680789,45.632317],[-122.680795,45.632261],[-122.680923,45.632261]]]}},{"type":"Feature","properties":{"id":69,"area_m2":1800,"px":18,"rank":53,"persistent":false},"geometry":{"type":"Polygon","coordinates":[[[-122.68864,45.628952],[-122.688639,45.629042],[-122.688444,45.629043],[-122.688391,45.62907],[-122.688381,45.629311],[-122.688165,45.629317],[-122.688128,45.629349],[-122.688124,45.629401],[-122.687867,45.6294],[-122.687869,45.62913],[-122.687975,45.629114],[-122.687998,45.62904],[-122.688232,45.629025],[-122.688255,45.628861],[-122.688512,45.628862],[-122.688534,45.628936],[-122.68864,45.628952]]]}},{"type":"Feature","properties":{"id":12,"area_m2":1700,"px":17,"rank":54,"persistent":false},"geometry":{"type":"Polygon","coordinates":[[[-122.682077,45.632354],[-122.682076,45.632534],[-122.681971,45.63255],[-122.681948,45.632624],[-122.681178,45.632622],[-122.681179,45.632532],[-122.681284,45.632516],[-122.681307,45.632442],[-122.681423,45.632418],[-122.681436,45.632353],[-122.682077,45.632354]]]}},{"type":"Feature","properties":{"id":10,"area_m2":1700,"px":17,"rank":55,"persistent":false},"geometry":{"type":"Polygon","coordinates":[[[-122.683234,45.631998],[-122.683231,45.632537],[-122.683125,45.632553],[-122.683102,45.632627],[-122.682987,45.632651],[-122.682974,45.632717],[-122.682845,45.632716],[-122.682846,45.632626],[-122.68288,45.632584],[-122.682846,45.632536],[-122.682848,45.632176],[-122.682954,45.632161],[-122.682977,45.632087],[-122.683093,45.632063],[-122.683106,45.631997],[-122.683234,45.631998]]]}},{"type":"Feature","properties":{"id":18,"area_m2":1700,"px":17,"rank":56,"persistent":false},"geometry":{"type":"Polygon","coordinates":[[[-122.689524,45.631475],[-122.689523,45.631655],[-122.689417,45.63167],[-122.689394,45.631744],[-122.689294,45.631756],[-122.689265,45.631834],[-122.689171,45.631843],[-122.689136,45.631924],[-122.689025,45.631943],[-122.689007,45.632013],[-122.688785,45.632022],[-122.68875,45.632103],[-122.688635,45.632126],[-122.688622,45.632192],[-122.688511,45.632212],[-122.688493,45.632282],[-122.688382,45.632301],[-122.688364,45.632372],[-122.688236,45.632371],[-122.688236,45.632281],[-122.688317,45.632277],[-122.688361,45.632243],[-122.688366,45.632102],[-122.6886,45.632086],[-122.688623,45.632012],[-122.688723,45.632],[-122.688752,45.631923],[-122.688852,45.631911],[-122.68888,45.631833],[-122.68898,45.631821],[-122.689009,45.631743],[-122.689103,45.631734],[-122.689138,45.631654],[-122.689249,45.631634],[-122.689267,45.631474],[-122.689524,45.631475]]]}},{"type":"Feature","properties":{"id":30,"area_m2":1700,"px":17,"rank":57,"persistent":false},"geometry":{"type":"Polygon","coordinates":[[[-122.671564,45.631154],[-122.671563,45.631334],[-122.671446,45.631345],[-122.671426,45.631273],[-122.671373,45.631245],[-122.67112,45.631243],[-122.671059,45.631272],[-122.671072,45.631407],[-122.671126,45.631423],[-122.671423,45.631413],[-122.671434,45.631513],[-122.671179,45.63153],[-122.671157,45.631569],[-122.671176,45.631693],[-122.67107,45.631709],[-122.671047,45.631783],[-122.670919,45.631783],[-122.670918,45.631646],[-122.670858,45.631603],[-122.670711,45.631606],[-122.670669,45.631635],[-122.670663,45.631692],[-122.670535,45.631691],[-122.670535,45.631602],[-122.670641,45.631586],[-122.670664,45.631512],[-122.670871,45.631512],[-122.670928,45.631488],[-122.670922,45.631243],[-122.671028,45.631227],[-122.671051,45.631153],[-122.671564,45.631154]]]}},{"type":"Feature","properties":{"id":55,"area_m2":1700,"px":17,"rank":58,"persistent":false},"geometry":{"type":"Polygon","coordinates":[[[-122.673625,45.62972],[-122.673622,45.63017],[-122.673238,45.630169],[-122.673238,45.630079],[-122.673272,45.630026],[-122.673222,45.629919],[-122.673111,45.629899],[-122.673112,45.629719],[-122.673218,45.629703],[-122.673243,45.629629],[-122.673497,45.62963],[-122.67352,45.629704],[-122.673625,45.62972]]]}},{"type":"Feature","properties":{"id":17,"area_m2":1500,"px":15,"rank":59,"persistent":false},"geometry":{"type":"Polygon","coordinates":[[[-122.684131,45.63218],[-122.684129,45.63254],[-122.683873,45.632539],[-122.683851,45.632465],[-122.683745,45.632449],[-122.683711,45.632368],[-122.683617,45.632359],[-122.683615,45.632217],[-122.683571,45.632183],[-122.68349,45.632178],[-122.68349,45.632088],[-122.683747,45.632089],[-122.683756,45.63215],[-122.683808,45.632178],[-122.684131,45.63218]]]}},{"type":"Feature","properties":{"id":32,"area_m2":1500,"px":15,"rank":60,"persistent":false},"geometry":{"type":"Polygon","coordinates":[[[-122.680929,45.631181],[-122.680928,45.631361],[-122.680841,45.631367],[-122.680801,45.631404],[-122.680798,45.631721],[-122.68067,45.63172],[-122.680667,45.631579],[-122.680623,45.631544],[-122.680543,45.63154],[-122.680531,45.631384],[-122.680415,45.631359],[-122.68041,45.631303],[-122.680368,45.631274],[-122.680159,45.631269],[-122.68016,45.631179],[-122.680545,45.63118],[-122.680605,45.631204],[-122.680673,45.63118],[-122.680929,45.631181]]]}},{"type":"Feature","properties":{"id":54,"area_m2":1500,"px":15,"rank":61,"persistent":false},"geometry":{"type":"Polygon","coordinates":[[[-122.683503,45.629838],[-122.683501,45.630108],[-122.683396,45.630124],[-122.683373,45.630198],[-122.68286,45.630196],[-122.682861,45.630016],[-122.682976,45.629993],[-122.68299,45.629837],[-122.683096,45.629821],[-122.683119,45.629747],[-122.683375,45.629748],[-122.683397,45.629822],[-122.683503,45.629838]],[[-122.683297,45.630017],[-122.683371,45.629979],[-122.683365,45.629866],[-122.683313,45.629839],[-122.683159,45.629843],[-122.683119,45.62988],[-122.683126,45.629988],[-122.683179,45.630016],[-122.683297,45.630017]]]}},{"type":"Feature","properties":{"id":90,"area_m2":1500,"px":15,"rank":62,"persistent":false},"geometry":{"type":"Polygon","coordinates":[[[-122.68313,45.627767],[-122.683129,45.627857],[-122.683042,45.627863],[-122.683002,45.6279],[-122.682999,45.628126],[-122.682894,45.628142],[-122.682871,45.628216],[-122.682742,45.628216],[-122.68272,45.628141],[-122.682615,45.628125],[-122.682615,45.628035],[-122.682709,45.628027],[-122.682744,45.627982],[-122.682739,45.627799],[-122.682697,45.62777],[-122.682617,45.627765],[-122.682618,45.627585],[-122.682874,45.627586],[-122.682896,45.62775],[-122.68313,45.627767]]]}},{"type":"Feature","properties":{"id":120,"area_m2":1500,"px":15,"rank":63,"persistent":false},"geometry":{"type":"Polygon","coordinates":[[[-122.6716,45.625034],[-122.671596,45.625664],[-122.671083,45.625662],[-122.671086,45.625122],[-122.671214,45.625123],[-122.671221,45.625544],[-122.671274,45.625572],[-122.671406,45.625572],[-122.671468,45.625525],[-122.671472,45.625034],[-122.6716,45.625034]]]}},{"type":"Feature","properties":{"id":72,"area_m2":1400,"px":14,"rank":64,"persistent":true},"geometry":{"type":"Polygon","coordinates":[[[-122.670423,45.628811],[-122.670421,45.629171],[-122.670293,45.629171],[-122.670292,45.629034],[-122.670253,45.628997],[-122.669781,45.628989],[-122.669783,45.628629],[-122.669911,45.628629],[-122.669912,45.628766],[-122.669958,45.628805],[-122.670423,45.628811]]]}},{"type":"Feature","properties":{"id":106,"area_m2":1400,"px":14,"rank":65,"persistent":false},"geometry":{"type":"Polygon","coordinates":[[[-122.673643,45.62657],[-122.673641,45.62702],[-122.673535,45.627035],[-122.673512,45.62711],[-122.673384,45.627109],[-122.673382,45.626878],[-122.673338,45.626843],[-122.673257,45.626839],[-122.673259,45.626569],[-122.673643,45.62657]]]}},{"type":"Feature","properties":{"id":131,"area_m2":1400,"px":14,"rank":66,"persistent":false},"geometry":{"type":"Polygon","coordinates":[[[-122.671738,45.623414],[-122.671737,45.623504],[-122.671521,45.62351],[-122.671484,45.623542],[-122.67148,45.623593],[-122.671224,45.623593],[-122.671219,45.623356],[-122.671177,45.623327],[-122.671097,45.623322],[-122.671063,45.623241],[-122.670969,45.623232],[-122.67097,45.623142],[-122.671226,45.623143],[-122.671229,45.623194],[-122.671266,45.623226],[-122.671482,45.623233],[-122.671504,45.623308],[-122.67161,45.623324],[-122.671644,45.623405],[-122.671738,45.623414]]]}},{"type":"Feature","properties":{"id":25,"area_m2":1300,"px":13,"rank":67,"persistent":false},"geometry":{"type":"Polygon","coordinates":[[[-122.684519,45.631641],[-122.684518,45.631821],[-122.684412,45.631837],[-122.684389,45.631911],[-122.684261,45.63191],[-122.684252,45.631849],[-122.6842,45.631821],[-122.683749,45.631819],[-122.68375,45.631639],[-122.684519,45.631641]]]}},{"type":"Feature","properties":{"id":45,"area_m2":1300,"px":13,"rank":68,"persistent":false},"geometry":{"type":"Polygon","coordinates":[[[-122.674903,45.630624],[-122.674902,45.630714],[-122.674801,45.630718],[-122.674757,45.630753],[-122.674772,45.630984],[-122.674388,45.630982],[-122.674365,45.630908],[-122.67426,45.630892],[-122.674261,45.630712],[-122.674335,45.63071],[-122.67438,45.630684],[-122.67439,45.630533],[-122.674775,45.630534],[-122.674797,45.630608],[-122.674903,45.630624]],[[-122.674649,45.630715],[-122.674593,45.630689],[-122.674536,45.630699],[-122.674485,45.630745],[-122.674498,45.63079],[-122.674562,45.630826],[-122.674627,45.630817],[-122.674679,45.630766],[-122.674649,45.630715]]]}},{"type":"Feature","properties":{"id":61,"area_m2":1300,"px":13,"rank":69,"persistent":false},"geometry":{"type":"Polygon","coordinates":[[[-122.681967,45.629204],[-122.681966,45.629384],[-122.681892,45.629386],[-122.681847,45.629412],[-122.681837,45.629563],[-122.68158,45.629563],[-122.681583,45.629023],[-122.681711,45.629023],[-122.681734,45.629097],[-122.681839,45.629113],[-122.681873,45.629194],[-122.681967,45.629204]]]}},{"type":"Feature","properties":{"id":133,"area_m2":1300,"px":13,"rank":70,"persistent":false},"geometry":{"type":"Polygon","coordinates":[[[-122.671363,45.621703],[-122.671362,45.621883],[-122.671105,45.621882],[-122.671022,45.621859],[-122.670871,45.621897],[-122.670848,45.621971],[-122.67072,45.621971],[-122.670723,45.621521],[-122.670851,45.621521],[-122.670863,45.621587],[-122.670978,45.621612],[-122.670984,45.621668],[-122.671025,45.621698],[-122.671363,45.621703]]]}},{"type":"Feature","properties":{"id":8,"area_m2":1200,"px":12,"rank":71,"persistent":false},"geometry":{"type":"Polygon","coordinates":[[[-122.675789,45.632697],[-122.675788,45.632877],[-122.675682,45.632892],[-122.675659,45.632966],[-122.675018,45.632964],[-122.674996,45.63289],[-122.67489,45.632874],[-122.67489,45.632784],[-122.674996,45.632769],[-122.675019,45.632695],[-122.675532,45.632696],[-122.675593,45.63272],[-122.675661,45.632696],[-122.675789,45.632697]]]}},{"type":"Feature","properties":{"id":135,"area_m2":1200,"px":12,"rank":72,"persistent":false},"geometry":{"type":"Polygon","coordinates":[[[-122.670471,45.62062],[-122.67047,45.6208],[-122.670214,45.620799],[-122.670205,45.620738],[-122.670152,45.62071],[-122.669829,45.620708],[-122.669831,45.620438],[-122.669959,45.620439],[-122.669968,45.6205],[-122.670021,45.620528],[-122.670343,45.62053],[-122.670366,45.620604],[-122.670471,45.62062]]]}},{"type":"Feature","properties":{"id":11,"area_m2":1100,"px":11,"rank":73,"persistent":false},"geometry":{"type":"Polygon","coordinates":[[[-122.682719,45.632266],[-122.682717,45.632626],[-122.682204,45.632625],[-122.682205,45.632445],[-122.682421,45.632439],[-122.682459,45.632407],[-122.682463,45.632355],[-122.682578,45.632332],[-122.682591,45.632266],[-122.682719,45.632266]]]}},{"type":"Feature","properties":{"id":44,"area_m2":1100,"px":11,"rank":74,"persistent":false},"geometry":{"type":"Polygon","coordinates":[[[-122.680291,45.630639],[-122.68029,45.630819],[-122.680216,45.630821],[-122.680171,45.630847],[-122.680161,45.630999],[-122.679904,45.630998],[-122.679922,45.630858],[-122.679878,45.630822],[-122.679777,45.630818],[-122.679778,45.630638],[-122.679884,45.630622],[-122.679909,45.630548],[-122.680163,45.630549],[-122.680185,45.630623],[-122.680291,45.630639]]]}},{"type":"Feature","properties":{"id":63,"area_m2":1100,"px":11,"rank":75,"persistent":false},"geometry":{"type":"Polygon","coordinates":[[[-122.67799,45.629283],[-122.677988,45.629552],[-122.67786,45.629552],[-122.677847,45.629486],[-122.677783,45.629462],[-122.677638,45.629471],[-122.677603,45.629551],[-122.677475,45.629551],[-122.677478,45.629011],[-122.677606,45.629011],[-122.677605,45.629323],[-122.677632,45.629359],[-122.677806,45.62937],[-122.677855,45.629339],[-122.677861,45.629282],[-122.67799,45.629283]]]}},{"type":"Feature","properties":{"id":68,"area_m2":1100,"px":11,"rank":76,"persistent":false},"geometry":{"type":"Polygon","coordinates":[[[-122.675554,45.629006],[-122.675551,45.629456],[-122.675295,45.629455],[-122.675295,45.629365],[-122.675376,45.629361],[-122.67542,45.629327],[-122.675421,45.629134],[-122.675355,45.629095],[-122.67504,45.629094],[-122.675041,45.628914],[-122.675298,45.628915],[-122.675301,45.628967],[-122.675338,45.628999],[-122.675554,45.629006]]]}},{"type":"Feature","properties":{"id":31,"area_m2":1000,"px":10,"rank":77,"persistent":false},"geometry":{"type":"Polygon","coordinates":[[[-122.689012,45.631203],[-122.689011,45.631293],[-122.688911,45.631305],[-122.688883,45.631383],[-122.688783,45.631395],[-122.688754,45.631473],[-122.68866,45.631481],[-122.688625,45.631562],[-122.688514,45.631582],[-122.688496,45.631652],[-122.688391,45.631667],[-122.688367,45.631741],[-122.688239,45.631741],[-122.68824,45.631561],[-122.688346,45.631546],[-122.688369,45.631472],[-122.688463,45.631463],[-122.688498,45.631382],[-122.688609,45.631362],[-122.688627,45.631292],[-122.688829,45.63129],[-122.688878,45.63126],[-122.688884,45.631203],[-122.689012,45.631203]]]}},{"type":"Feature","properties":{"id":39,"area_m2":1000,"px":10,"rank":78,"persistent":false},"geometry":{"type":"Polygon","coordinates":[[[-122.682214,45.630825],[-122.682213,45.631094],[-122.682085,45.631094],[-122.682024,45.63107],[-122.681956,45.631094],[-122.681572,45.631093],[-122.681573,45.630913],[-122.681895,45.630913],[-122.681948,45.630885],[-122.681958,45.630824],[-122.682214,45.630825]]]}},{"type":"Feature","properties":{"id":96,"area_m2":1000,"px":10,"rank":79,"persistent":false},"geometry":{"type":"Polygon","coordinates":[[[-122.676973,45.62757],[-122.676972,45.627749],[-122.676587,45.627748],[-122.676584,45.627697],[-122.676547,45.627665],[-122.676331,45.627658],[-122.676332,45.627568],[-122.676438,45.627552],[-122.676461,45.627478],[-122.676676,45.627472],[-122.676714,45.62744],[-122.676718,45.627389],[-122.676846,45.627389],[-122.676834,45.627539],[-122.676879,45.627567],[-122.676973,45.62757]]]}},{"type":"Feature","properties":{"id":3,"area_m2":900,"px":9,"rank":80,"persistent":false},"geometry":{"type":"Polygon","coordinates":[[[-122.685794,45.633175],[-122.685793,45.633265],[-122.68528,45.633263],[-122.685282,45.632993],[-122.68541,45.632994],[-122.68547,45.633018],[-122.685538,45.632994],[-122.685666,45.632994],[-122.685675,45.633146],[-122.68572,45.633172],[-122.685794,45.633175]]]}},{"type":"Feature","properties":{"id":9,"area_m2":900,"px":9,"rank":81,"persistent":false},"geometry":{"type":"Polygon","coordinates":[[[-122.674763,45.632694],[-122.674761,45.632874],[-122.674633,45.632873],[-122.674628,45.632803],[-122.674567,45.63277],[-122.673864,45.632781],[-122.673865,45.632691],[-122.674316,45.632691],[-122.674369,45.632664],[-122.674378,45.632603],[-122.674635,45.632603],[-122.674657,45.632678],[-122.674763,45.632694]]]}},{"type":"Feature","properties":{"id":19,"area_m2":900,"px":9,"rank":82,"persistent":false},"geometry":{"type":"Polygon","coordinates":[[[-122.675278,45.632245],[-122.675278,45.632335],[-122.674636,45.632333],[-122.674629,45.632092],[-122.674576,45.632064],[-122.674381,45.632063],[-122.674382,45.631973],[-122.674638,45.631973],[-122.674661,45.632048],[-122.674766,45.632064],[-122.674767,45.6322],[-122.674813,45.63224],[-122.675278,45.632245]]]}},{"type":"Feature","properties":{"id":114,"area_m2":900,"px":9,"rank":83,"persistent":false},"geometry":{"type":"Polygon","coordinates":[[[-122.680316,45.62569],[-122.680285,45.625736],[-122.680319,45.625779],[-122.680318,45.625959],[-122.68019,45.625958],[-122.68019,45.625827],[-122.680156,45.625787],[-122.679806,45.625777],[-122.679807,45.625597],[-122.68032,45.625599],[-122.680316,45.62569]]]}},{"type":"Feature","properties":{"id":27,"area_m2":800,"px":8,"rank":84,"persistent":false},"geometry":{"type":"Polygon","coordinates":[[[-122.683237,45.631547],[-122.683235,45.631817],[-122.682979,45.631817],[-122.68297,45.631665],[-122.682925,45.631639],[-122.682851,45.631636],[-122.682852,45.631456],[-122.682981,45.631457],[-122.682986,45.631513],[-122.683035,45.631545],[-122.683237,45.631547]]]}},{"type":"Feature","properties":{"id":110,"area_m2":800,"px":8,"rank":85,"persistent":false},"geometry":{"type":"Polygon","coordinates":[[[-122.675953,45.626487],[-122.675952,45.626576],[-122.675872,45.62658],[-122.675827,45.626614],[-122.675823,45.626756],[-122.675695,45.626756],[-122.675673,45.626682],[-122.675567,45.626665],[-122.675569,45.626395],[-122.675825,45.626396],[-122.675847,45.62647],[-122.675953,45.626487]]]}},{"type":"Feature","properties":{"id":75,"area_m2":700,"px":7,"rank":86,"persistent":false},"geometry":{"type":"Polygon","coordinates":[[[-122.683509,45.628758],[-122.683508,45.628938],[-122.683252,45.628937],[-122.683229,45.628863],[-122.683124,45.628847],[-122.683125,45.628667],[-122.683381,45.628668],[-122.683403,45.628742],[-122.683509,45.628758]]]}},{"type":"Feature","properties":{"id":124,"area_m2":700,"px":7,"rank":87,"persistent":false},"geometry":{"type":"Polygon","coordinates":[[[-122.680837,45.62479],[-122.680837,45.62488],[-122.680756,45.624884],[-122.680712,45.624918],[-122.680708,45.62506],[-122.68058,45.625059],[-122.680557,45.624985],[-122.680452,45.624969],[-122.680453,45.624789],[-122.680558,45.624773],[-122.680582,45.624699],[-122.68071,45.6247],[-122.680732,45.624774],[-122.680837,45.62479]]]}},{"type":"Feature","properties":{"id":136,"area_m2":700,"px":7,"rank":88,"persistent":false},"geometry":{"type":"Polygon","coordinates":[[[-122.687284,45.618957],[-122.687283,45.619047],[-122.687203,45.619051],[-122.687158,45.619085],[-122.687154,45.619227],[-122.687026,45.619227],[-122.687004,45.619152],[-122.686898,45.619136],[-122.686899,45.618956],[-122.687005,45.618941],[-122.687028,45.618867],[-122.687156,45.618867],[-122.687178,45.618941],[-122.687284,45.618957]]]}},{"type":"Feature","properties":{"id":2,"area_m2":600,"px":6,"rank":89,"persistent":false},"geometry":{"type":"Polygon","coordinates":[[[-122.686179,45.632996],[-122.686178,45.633266],[-122.68605,45.633265],[-122.686048,45.633034],[-122.686004,45.632999],[-122.685923,45.632995],[-122.685925,45.632725],[-122.686053,45.632725],[-122.686055,45.632957],[-122.686099,45.632991],[-122.686179,45.632996]]]}},{"type":"Feature","properties":{"id":20,"area_m2":600,"px":6,"rank":90,"persistent":false},"geometry":{"type":"Polygon","coordinates":[[[-122.674509,45.632153],[-122.674508,45.632333],[-122.673867,45.632331],[-122.673867,45.632241],[-122.674318,45.632241],[-122.674371,45.632214],[-122.674381,45.632153],[-122.674509,45.632153]]]}},{"type":"Feature","properties":{"id":48,"area_m2":600,"px":6,"rank":91,"persistent":false},"geometry":{"type":"Polygon","coordinates":[[[-122.680933,45.630551],[-122.680933,45.630641],[-122.680827,45.630656],[-122.680804,45.630731],[-122.680547,45.63073],[-122.680525,45.630656],[-122.68042,45.630639],[-122.68042,45.63055],[-122.680933,45.630551]]]}},{"type":"Feature","properties":{"id":77,"area_m2":600,"px":6,"rank":92,"persistent":false},"geometry":{"type":"Polygon","coordinates":[[[-122.68056,45.62848],[-122.680559,45.62866],[-122.680335,45.628655],[-122.680303,45.628694],[-122.680301,45.628839],[-122.680173,45.628839],[-122.680175,45.628569],[-122.68028,45.628553],[-122.680304,45.628479],[-122.68056,45.62848]]]}},{"type":"Feature","properties":{"id":84,"area_m2":600,"px":6,"rank":93,"persistent":false},"geometry":{"type":"Polygon","coordinates":[[[-122.677096,45.62847],[-122.677095,45.62865],[-122.676967,45.62865],[-122.676954,45.628584],[-122.676839,45.628559],[-122.676805,45.628478],[-122.676583,45.628468],[-122.676584,45.628379],[-122.676968,45.62838],[-122.676991,45.628454],[-122.677096,45.62847]]]}},{"type":"Feature","properties":{"id":7,"area_m2":500,"px":5,"rank":94,"persistent":false},"geometry":{"type":"Polygon","coordinates":[[[-122.674504,45.632963],[-122.674504,45.633053],[-122.673863,45.633051],[-122.673863,45.632961],[-122.674504,45.632963]]]}},{"type":"Feature","properties":{"id":43,"area_m2":500,"px":5,"rank":95,"persistent":false},"geometry":{"type":"Polygon","coordinates":[[[-122.680803,45.630911],[-122.680802,45.631001],[-122.680417,45.630999],[-122.680418,45.63082],[-122.680675,45.63082],[-122.680697,45.630894],[-122.680803,45.630911]]]}},{"type":"Feature","properties":{"id":67,"area_m2":500,"px":5,"rank":96,"persistent":false},"geometry":{"type":"Polygon","coordinates":[[[-122.67042,45.629351],[-122.670419,45.629441],[-122.670314,45.629456],[-122.670291,45.629531],[-122.669906,45.629529],[-122.669907,45.62935],[-122.670035,45.62935],[-122.670048,45.629416],[-122.670112,45.62944],[-122.670257,45.629431],[-122.670292,45.629351],[-122.67042,45.629351]]]}},{"type":"Feature","properties":{"id":71,"area_m2":500,"px":5,"rank":97,"persistent":false},"geometry":{"type":"Polygon","coordinates":[[[-122.676964,45.6291],[-122.676963,45.62937],[-122.676835,45.629369],[-122.676826,45.629218],[-122.676781,45.629191],[-122.676707,45.629189],[-122.676708,45.629009],[-122.676836,45.629009],[-122.676859,45.629083],[-122.676964,45.6291]]]}},{"type":"Feature","properties":{"id":80,"area_m2":500,"px":5,"rank":98,"persistent":false},"geometry":{"type":"Polygon","coordinates":[[[-122.675301,45.628375],[-122.675299,45.628735],[-122.67517,45.628734],[-122.67517,45.628508],[-122.675131,45.628471],[-122.675044,45.628464],[-122.675044,45.628374],[-122.675301,45.628375]]]}},{"type":"Feature","properties":{"id":98,"area_m2":500,"px":5,"rank":99,"persistent":false},"geometry":{"type":"Polygon","coordinates":[[[-122.678,45.627482],[-122.677999,45.627572],[-122.677894,45.627588],[-122.677871,45.627662],[-122.677358,45.627661],[-122.677358,45.627571],[-122.677809,45.627571],[-122.677862,45.627543],[-122.677872,45.627482],[-122.678,45.627482]]]}},{"type":"Feature","properties":{"id":115,"area_m2":500,"px":5,"rank":100,"persistent":false},"geometry":{"type":"Polygon","coordinates":[[[-122.676342,45.625678],[-122.676341,45.625857],[-122.676236,45.625873],[-122.676213,45.625947],[-122.675956,45.625946],[-122.675957,45.625856],[-122.676151,45.625856],[-122.676212,45.625814],[-122.676208,45.62571],[-122.676167,45.625681],[-122.676086,45.625677],[-122.676087,45.625587],[-122.676215,45.625587],[-122.676237,45.625661],[-122.676342,45.625678]]]}},{"type":"Feature","properties":{"id":123,"area_m2":500,"px":5,"rank":101,"persistent":false},"geometry":{"type":"Polygon","coordinates":[[[-122.673779,45.62522],[-122.673779,45.62531],[-122.673394,45.625309],[-122.673395,45.625219],[-122.673476,45.625215],[-122.67352,45.625181],[-122.673524,45.625039],[-122.673652,45.62504],[-122.673661,45.625191],[-122.673706,45.625218],[-122.673779,45.62522]]]}},{"type":"Feature","properties":{"id":127,"area_m2":500,"px":5,"rank":102,"persistent":false},"geometry":{"type":"Polygon","coordinates":[[[-122.677118,45.6246],[-122.677118,45.62469],[-122.67699,45.624689],[-122.676981,45.624628],[-122.676928,45.6246],[-122.676477,45.624598],[-122.676478,45.624508],[-122.676991,45.624509],[-122.677013,45.624583],[-122.677118,45.6246]]]}},{"type":"Feature","properties":{"id":128,"area_m2":500,"px":5,"rank":103,"persistent":false},"geometry":{"type":"Polygon","coordinates":[[[-122.673399,45.624409],[-122.673398,45.624679],[-122.67327,45.624679],[-122.673247,45.624604],[-122.673142,45.624588],[-122.673143,45.624408],[-122.673399,45.624409]]]}},{"type":"Feature","properties":{"id":22,"area_m2":400,"px":4,"rank":104,"persistent":false},"geometry":{"type":"Polygon","coordinates":[[[-122.676819,45.63207],[-122.676818,45.632249],[-122.676561,45.632249],[-122.676562,45.632069],[-122.676819,45.63207]]]}},{"type":"Feature","properties":{"id":56,"area_m2":400,"px":4,"rank":105,"persistent":false},"geometry":{"type":"Polygon","coordinates":[[[-122.678115,45.629733],[-122.678115,45.629823],[-122.67773,45.629822],[-122.677731,45.629732],[-122.677836,45.629716],[-122.677859,45.629642],[-122.677987,45.629643],[-122.67801,45.629717],[-122.678115,45.629733]]]}},{"type":"Feature","properties":{"id":57,"area_m2":400,"px":4,"rank":106,"persistent":false},"geometry":{"type":"Polygon","coordinates":[[[-122.677602,45.629732],[-122.677602,45.629821],[-122.677345,45.629821],[-122.677323,45.629747],[-122.677217,45.62973],[-122.677218,45.62964],[-122.677474,45.629641],[-122.677497,45.629715],[-122.677602,45.629732]]]}},{"type":"Feature","properties":{"id":64,"area_m2":400,"px":4,"rank":107,"persistent":false},"geometry":{"type":"Polygon","coordinates":[[[-122.676962,45.62946],[-122.676962,45.62955],[-122.676705,45.629549],[-122.676683,45.629475],[-122.676577,45.629458],[-122.676579,45.629279],[-122.676707,45.629279],[-122.676706,45.62941],[-122.67674,45.62945],[-122.676962,45.62946]]]}},{"type":"Feature","properties":{"id":74,"area_m2":400,"px":4,"rank":108,"persistent":false},"geometry":{"type":"Polygon","coordinates":[[[-122.68415,45.62885],[-122.684149,45.62903],[-122.683893,45.629029],[-122.683894,45.628849],[-122.68415,45.62885]]]}},{"type":"Feature","properties":{"id":79,"area_m2":400,"px":4,"rank":109,"persistent":false},"geometry":{"type":"Polygon","coordinates":[[[-122.676966,45.62874],[-122.676966,45.62883],[-122.676581,45.628828],[-122.676582,45.628739],[-122.676687,45.628723],[-122.67671,45.628649],[-122.676839,45.628649],[-122.676861,45.628723],[-122.676966,45.62874]]]}},{"type":"Feature","properties":{"id":87,"area_m2":400,"px":4,"rank":110,"persistent":false},"geometry":{"type":"Polygon","coordinates":[[[-122.679918,45.628478],[-122.679918,45.628568],[-122.679405,45.628566],[-122.679405,45.628476],[-122.679918,45.628478]]]}},{"type":"Feature","properties":{"id":94,"area_m2":400,"px":4,"rank":111,"persistent":false},"geometry":{"type":"Polygon","coordinates":[[[-122.684285,45.62759],[-122.684285,45.62768],[-122.684204,45.627684],[-122.68416,45.627718],[-122.684155,45.62786],[-122.684027,45.627859],[-122.684029,45.627589],[-122.684285,45.62759]]]}},{"type":"Feature","properties":{"id":112,"area_m2":400,"px":4,"rank":112,"persistent":false},"geometry":{"type":"Polygon","coordinates":[[[-122.674544,45.626122],[-122.674543,45.626212],[-122.674159,45.626211],[-122.674159,45.626121],[-122.674265,45.626106],[-122.674288,45.626032],[-122.674416,45.626032],[-122.674438,45.626106],[-122.674544,45.626122]]]}},{"type":"Feature","properties":{"id":118,"area_m2":400,"px":4,"rank":113,"persistent":false},"geometry":{"type":"Polygon","coordinates":[[[-122.673393,45.625489],[-122.673392,45.625669],[-122.673264,45.625669],[-122.673258,45.625612],[-122.67321,45.625581],[-122.673008,45.625578],[-122.673008,45.625488],[-122.673393,45.625489]]]}},{"type":"Feature","properties":{"id":137,"area_m2":400,"px":4,"rank":114,"persistent":false},"geometry":{"type":"Polygon","coordinates":[[[-122.686771,45.618866],[-122.68677,45.619046],[-122.686642,45.619045],[-122.686637,45.618989],[-122.686588,45.618958],[-122.686386,45.618955],[-122.686387,45.618865],[-122.686771,45.618866]]]}},{"type":"Feature","properties":{"id":21,"area_m2":300,"px":3,"rank":115,"persistent":false},"geometry":{"type":"Polygon","coordinates":[[[-122.686954,45.632098],[-122.686953,45.632278],[-122.686825,45.632277],[-122.686822,45.632136],[-122.686778,45.632101],[-122.686698,45.632097],[-122.686698,45.632007],[-122.686826,45.632007],[-122.686849,45.632082],[-122.686954,45.632098]]]}},{"type":"Feature","properties":{"id":24,"area_m2":300,"px":3,"rank":116,"persistent":false},"geometry":{"type":"Polygon","coordinates":[[[-122.68516,45.631823],[-122.685159,45.631913],[-122.684903,45.631912],[-122.684904,45.631732],[-122.685032,45.631732],[-122.685054,45.631807],[-122.68516,45.631823]]]}},{"type":"Feature","properties":{"id":35,"area_m2":300,"px":3,"rank":117,"persistent":false},"geometry":{"type":"Polygon","coordinates":[[[-122.683879,45.631369],[-122.683879,45.631459],[-122.683622,45.631458],[-122.683623,45.631279],[-122.683751,45.631279],[-122.683774,45.631353],[-122.683879,45.631369]]]}},{"type":"Feature","properties":{"id":36,"area_m2":300,"px":3,"rank":118,"persistent":false},"geometry":{"type":"Polygon","coordinates":[[[-122.676952,45.63117],[-122.676952,45.63126],[-122.676846,45.631275],[-122.676823,45.631349],[-122.676695,45.631349],[-122.676696,45.631169],[-122.676952,45.63117]]]}},{"type":"Feature","properties":{"id":42,"area_m2":300,"px":3,"rank":119,"persistent":false},"geometry":{"type":"Polygon","coordinates":[[[-122.670539,45.630972],[-122.670538,45.631061],[-122.670282,45.631061],[-122.670283,45.630881],[-122.670411,45.630881],[-122.670433,45.630955],[-122.670539,45.630972]]]}},{"type":"Feature","properties":{"id":46,"area_m2":300,"px":3,"rank":120,"persistent":false},"geometry":{"type":"Polygon","coordinates":[[[-122.683498,45.630738],[-122.683497,45.630828],[-122.683113,45.630827],[-122.683113,45.630737],[-122.683498,45.630738]]]}},{"type":"Feature","properties":{"id":50,"area_m2":300,"px":3,"rank":121,"persistent":false},"geometry":{"type":"Polygon","coordinates":[[[-122.679779,45.630458],[-122.679778,45.630548],[-122.679394,45.630547],[-122.679394,45.630457],[-122.679779,45.630458]]]}},{"type":"Feature","properties":{"id":59,"area_m2":300,"px":3,"rank":122,"persistent":false},"geometry":{"type":"Polygon","coordinates":[[[-122.687995,45.62958],[-122.687994,45.62976],[-122.687865,45.62976],[-122.687843,45.629686],[-122.687738,45.62967],[-122.687738,45.62958],[-122.687995,45.62958]]]}},{"type":"Feature","properties":{"id":70,"area_m2":300,"px":3,"rank":123,"persistent":false},"geometry":{"type":"Polygon","coordinates":[[[-122.685559,45.629304],[-122.685558,45.629394],[-122.685173,45.629392],[-122.685174,45.629303],[-122.685559,45.629304]]]}},{"type":"Feature","properties":{"id":73,"area_m2":300,"px":3,"rank":124,"persistent":false},"geometry":{"type":"Polygon","coordinates":[[[-122.672603,45.628907],[-122.672603,45.628997],[-122.672497,45.629013],[-122.672474,45.629087],[-122.672346,45.629086],[-122.672347,45.628907],[-122.672603,45.628907]]]}},{"type":"Feature","properties":{"id":92,"area_m2":300,"px":3,"rank":125,"persistent":false},"geometry":{"type":"Polygon","coordinates":[[[-122.670685,45.627912],[-122.670684,45.628002],[-122.670579,45.628017],[-122.670556,45.628091],[-122.670428,45.628091],[-122.670405,45.628017],[-122.6703,45.628],[-122.6703,45.627911],[-122.670428,45.627911],[-122.670489,45.627935],[-122.670557,45.627911],[-122.670685,45.627912]]]}},{"type":"Feature","properties":{"id":97,"area_m2":300,"px":3,"rank":126,"persistent":false},"geometry":{"type":"Polygon","coordinates":[[[-122.683516,45.627588],[-122.683515,45.627678],[-122.683259,45.627677],[-122.68326,45.627497],[-122.683388,45.627497],[-122.68341,45.627572],[-122.683516,45.627588]]]}},{"type":"Feature","properties":{"id":99,"area_m2":300,"px":3,"rank":127,"persistent":false},"geometry":{"type":"Polygon","coordinates":[[[-122.677744,45.627392],[-122.677743,45.627482],[-122.677359,45.627481],[-122.677359,45.627391],[-122.677744,45.627392]]]}},{"type":"Feature","properties":{"id":100,"area_m2":300,"px":3,"rank":128,"persistent":false},"geometry":{"type":"Polygon","coordinates":[[[-122.687751,45.627149],[-122.68775,45.627329],[-122.687494,45.627329],[-122.687495,45.627239],[-122.6876,45.627223],[-122.687623,45.627149],[-122.687751,45.627149]]]}},{"type":"Feature","properties":{"id":107,"area_m2":300,"px":3,"rank":129,"persistent":false},"geometry":{"type":"Polygon","coordinates":[[[-122.670049,45.62701],[-122.670048,45.6271],[-122.669792,45.627099],[-122.669793,45.626919],[-122.669921,45.626919],[-122.669943,45.626994],[-122.670049,45.62701]]]}},{"type":"Feature","properties":{"id":108,"area_m2":300,"px":3,"rank":130,"persistent":false},"geometry":{"type":"Polygon","coordinates":[[[-122.680955,45.626681],[-122.680954,45.626771],[-122.680849,45.626786],[-122.680826,45.62686],[-122.680698,45.62686],[-122.680699,45.62668],[-122.680955,45.626681]]]}},{"type":"Feature","properties":{"id":113,"area_m2":300,"px":3,"rank":131,"persistent":false},"geometry":{"type":"Polygon","coordinates":[[[-122.679035,45.625955],[-122.679034,45.626135],[-122.678906,45.626135],[-122.678883,45.626061],[-122.678778,45.626044],[-122.678778,45.625954],[-122.679035,45.625955]]]}},{"type":"Feature","properties":{"id":121,"area_m2":300,"px":3,"rank":132,"persistent":false},"geometry":{"type":"Polygon","coordinates":[[[-122.680064,45.625418],[-122.680064,45.625508],[-122.679807,45.625507],[-122.679808,45.625327],[-122.679936,45.625328],[-122.679959,45.625402],[-122.680064,45.625418]]]}},{"type":"Feature","properties":{"id":126,"area_m2":300,"px":3,"rank":133,"persistent":false},"geometry":{"type":"Polygon","coordinates":[[[-122.671218,45.624583],[-122.671217,45.624763],[-122.671088,45.624762],[-122.671066,45.624688],[-122.670961,45.624672],[-122.670961,45.624582],[-122.671218,45.624583]]]}},{"type":"Feature","properties":{"id":129,"area_m2":300,"px":3,"rank":134,"persistent":false},"geometry":{"type":"Polygon","coordinates":[[[-122.670579,45.624041],[-122.670578,45.624311],[-122.67045,45.62431],[-122.670451,45.624041],[-122.670579,45.624041]]]}},{"type":"Feature","properties":{"id":130,"area_m2":300,"px":3,"rank":135,"persistent":false},"geometry":{"type":"Polygon","coordinates":[[[-122.671479,45.623773],[-122.671478,45.623953],[-122.671221,45.623953],[-122.671222,45.623863],[-122.671328,45.623847],[-122.671351,45.623773],[-122.671479,45.623773]]]}},{"type":"Feature","properties":{"id":132,"area_m2":300,"px":3,"rank":136,"persistent":false},"geometry":{"type":"Polygon","coordinates":[[[-122.671746,45.621884],[-122.671745,45.622064],[-122.671617,45.622064],[-122.671595,45.621989],[-122.67149,45.621973],[-122.67149,45.621883],[-122.671746,45.621884]]]}},{"type":"Feature","properties":{"id":134,"area_m2":300,"px":3,"rank":137,"persistent":false},"geometry":{"type":"Polygon","coordinates":[[[-122.670083,45.621249],[-122.670082,45.621339],[-122.669976,45.621355],[-122.669953,45.621429],[-122.669825,45.621428],[-122.669826,45.621248],[-122.670083,45.621249]]]}}]}