{"type":"FeatureCollection","features":[{"type":"Feature","properties":{"id":37,"area_m2":65900,"px":659,"rank":1},"geometry":{"type":"Polygon","coordinates":[[[-122.755318,45.636405],[-122.755318,45.636495],[-122.755189,45.636495],[-122.755122,45.636471],[-122.75495,45.636514],[-122.754932,45.636764],[-122.754826,45.63678],[-122.754803,45.636854],[-122.754703,45.636866],[-122.754674,45.636944],[-122.75458,45.636953],[-122.754545,45.637033],[-122.754435,45.637053],[-122.754417,45.637123],[-122.75416,45.637123],[-122.754161,45.637033],[-122.754389,45.637021],[-122.754417,45.636984],[-122.754418,45.636853],[-122.754512,45.636844],[-122.754547,45.636763],[-122.754641,45.636761],[-122.754687,45.636734],[-122.754676,45.636584],[-122.754787,45.636564],[-122.754805,45.636404],[-122.754886,45.6364],[-122.75493,45.636366],[-122.754925,45.636163],[-122.754872,45.636135],[-122.754678,45.636134],[-122.754672,45.636077],[-122.754623,45.636046],[-122.754422,45.636043],[-122.754416,45.635986],[-122.754374,45.635957],[-122.754165,45.635952],[-122.754153,45.635796],[-122.754097,45.635773],[-122.75391,45.635772],[-122.753904,45.635625],[-122.753863,45.635596],[-122.753782,45.635592],[-122.753779,45.63554],[-122.753742,45.635508],[-122.753594,45.635477],[-122.753524,45.635501],[-122.753269,45.6355],[-122.753201,45.635476],[-122.753041,45.635512],[-122.753012,45.63559],[-122.752918,45.635599],[-122.752883,45.63568],[-122.752768,45.635703],[-122.752754,45.635859],[-122.752649,45.635875],[-122.752626,45.635949],[-122.75251,45.635973],[-122.752497,45.636039],[-122.752282,45.63604],[-122.752229,45.636068],[-122.752225,45.636274],[-122.752274,45.636306],[-122.752367,45.63631],[-122.752367,45.636399],[-122.752333,45.636441],[-122.752367,45.636489],[-122.752366,45.636579],[-122.752251,45.636602],[-122.752241,45.63672],[-122.752285,45.636754],[-122.752365,45.636759],[-122.752369,45.63681],[-122.752406,45.636842],[-122.752552,45.636849],[-122.752619,45.636811],[-122.752623,45.636669],[-122.752751,45.63667],[-122.75275,45.636849],[-122.752676,45.636852],[-122.752631,45.636878],[-122.752627,45.636996],[-122.75269,45.637029],[-122.753006,45.63703],[-122.753028,45.637104],[-122.753134,45.63712],[-122.753133,45.637432],[-122.753173,45.637474],[-122.753319,45.637481],[-122.753371,45.637461],[-122.75339,45.637301],[-122.753774,45.637302],[-122.753777,45.637534],[-122.753821,45.637568],[-122.753902,45.637572],[-122.753901,45.637662],[-122.753867,45.637704],[-122.753901,45.637753],[-122.753883,45.637982],[-122.753927,45.638018],[-122.754028,45.638024],[-122.754027,45.638202],[-122.753799,45.638214],[-122.753772,45.638245],[-122.753771,45.638338],[-122.753832,45.638381],[-122.754026,45.638383],[-122.754011,45.638528],[-122.75406,45.63856],[-122.754154,45.638563],[-122.754153,45.638653],[-122.753897,45.638652],[-122.753836,45.638628],[-122.753768,45.638652],[-122.75364,45.638652],[-122.753608,45.638557],[-122.753446,45.638562],[-122.753393,45.63859],[-122.753384,45.638651],[-122.75331,45.638653],[-122.753264,45.638679],[-122.753254,45.638831],[-122.753126,45.638831],[-122.753104,45.638756],[-122.752998,45.63874],[-122.752976,45.638576],[-122.752871,45.63856],[-122.752865,45.638503],[-122.752824,45.638474],[-122.752615,45.638469],[-122.752616,45.638199],[-122.752818,45.638198],[-122.752872,45.638151],[-122.752864,45.637958],[-122.752812,45.637931],[-122.752694,45.63793],[-122.75263,45.637953],[-122.752616,45.638019],[-122.752488,45.638019],[-122.75242,45.637995],[-122.75236,45.638019],[-122.752137,45.638027],[-122.752103,45.638067],[-122.752102,45.638198],[-122.751767,45.638198],[-122.751714,45.638218],[-122.751698,45.638259],[-122.751744,45.638378],[-122.751973,45.638378],[-122.751996,45.638452],[-122.752101,45.638468],[-122.752101,45.638558],[-122.751914,45.638558],[-122.751857,45.638582],[-122.751843,45.638738],[-122.751628,45.638744],[-122.75159,45.638776],[-122.751585,45.638827],[-122.751458,45.638827],[-122.751453,45.638757],[-122.751399,45.638724],[-122.751074,45.638736],[-122.751051,45.638662],[-122.750946,45.638646],[-122.750946,45.638556],[-122.750981,45.638513],[-122.750947,45.638466],[-122.750947,45.638376],[-122.751028,45.638372],[-122.751072,45.638338],[-122.751077,45.638106],[-122.751278,45.638104],[-122.751333,45.638053],[-122.751316,45.637946],[-122.751206,45.637926],[-122.751172,45.637845],[-122.751078,45.637836],[-122.751079,45.637656],[-122.751184,45.63764],[-122.751207,45.637566],[-122.751335,45.637567],[-122.751327,45.637812],[-122.751369,45.637834],[-122.751462,45.637837],[-122.751466,45.637889],[-122.751503,45.637921],[-122.751658,45.637951],[-122.751855,45.637903],[-122.751848,45.637748],[-122.752187,45.637758],[-122.75223,45.637724],[-122.752253,45.637624],[-122.752213,45.637575],[-122.752105,45.637568],[-122.752077,45.63749],[-122.751977,45.637478],[-122.751976,45.637341],[-122.751924,45.6373],[-122.751754,45.637293],[-122.751722,45.637332],[-122.751721,45.637477],[-122.751593,45.637477],[-122.751584,45.637326],[-122.751539,45.637299],[-122.751465,45.637297],[-122.751477,45.637056],[-122.751424,45.637028],[-122.75121,45.637026],[-122.75121,45.636936],[-122.751316,45.636921],[-122.751339,45.636847],[-122.751467,45.636847],[-122.751495,45.636925],[-122.751723,45.636937],[-122.751729,45.636994],[-122.75177,45.637023],[-122.751911,45.637052],[-122.75206,45.637024],[-122.752105,45.63699],[-122.752109,45.636848],[-122.752143,45.636806],[-122.752103,45.636701],[-122.752062,45.636672],[-122.751981,45.636668],[-122.751975,45.636611],[-122.751934,45.636582],[-122.751725,45.636577],[-122.751726,45.636397],[-122.751834,45.636391],[-122.751873,45.636336],[-122.751832,45.636233],[-122.751726,45.636217],[-122.751692,45.636136],[-122.751599,45.636127],[-122.751577,45.635963],[-122.75141,45.635922],[-122.751343,45.635946],[-122.751214,45.635946],[-122.751188,45.635855],[-122.750958,45.635855],[-122.750952,45.635799],[-122.750904,45.635768],[-122.750574,45.635765],[-122.750551,45.63569],[-122.750446,45.635674],[-122.750446,45.635584],[-122.750481,45.635537],[-122.750447,45.635494],[-122.750434,45.635338],[-122.750319,45.635314],[-122.750313,45.635257],[-122.750272,45.635228],[-122.750063,45.635223],[-122.750065,45.635044],[-122.75032,45.635044],[-122.750337,45.635204],[-122.750389,45.635224],[-122.750535,45.635218],[-122.750573,45.635186],[-122.750576,45.635135],[-122.75067,45.635132],[-122.750719,45.6351],[-122.750688,45.634975],[-122.750577,45.634955],[-122.750572,45.634898],[-122.75053,45.634869],[-122.750321,45.634864],[-122.750341,45.634735],[-122.750308,45.634694],[-122.750065,45.634683],[-122.750052,45.634617],[-122.749937,45.634593],[-122.749903,45.634512],[-122.749681,45.634503],[-122.749668,45.634437],[-122.749553,45.634412],[-122.749548,45.634356],[-122.749506,45.634326],[-122.749297,45.634322],[-122.749275,45.634248],[-122.749169,45.634231],[-122.749169,45.6341],[-122.749136,45.63406],[-122.748785,45.634051],[-122.748763,45.633976],[-122.748657,45.63396],[-122.74864,45.6338],[-122.748588,45.63378],[-122.748401,45.63378],[-122.748379,45.633706],[-122.748273,45.633689],[-122.748274,45.6336],[-122.74838,45.633584],[-122.748403,45.63351],[-122.748531,45.63351],[-122.748543,45.633576],[-122.748659,45.6336],[-122.748693,45.633681],[-122.748915,45.633691],[-122.748915,45.633822],[-122.748942,45.633859],[-122.749171,45.633872],[-122.749176,45.633942],[-122.749223,45.633973],[-122.749427,45.633962],[-122.749435,45.634114],[-122.749481,45.63414],[-122.749554,45.634142],[-122.749588,45.634223],[-122.749682,45.634233],[-122.749704,45.634307],[-122.749938,45.634323],[-122.749951,45.634389],[-122.750066,45.634414],[-122.750094,45.634491],[-122.750322,45.634504],[-122.750328,45.634561],[-122.75037,45.63459],[-122.750579,45.634595],[-122.75058,45.634731],[-122.750625,45.634771],[-122.750901,45.634774],[-122.750954,45.634747],[-122.750963,45.634686],[-122.751206,45.634676],[-122.75124,45.634636],[-122.751236,45.634451],[-122.751187,45.634418],[-122.751093,45.634416],[-122.75108,45.63435],[-122.750965,45.634325],[-122.750962,45.634274],[-122.750925,45.634242],[-122.750709,45.634235],[-122.750691,45.634165],[-122.750581,45.634144],[-122.750564,45.634074],[-122.750453,45.634054],[-122.75044,45.633988],[-122.750325,45.633964],[-122.750291,45.633883],[-122.750069,45.633873],[-122.750056,45.633807],[-122.749941,45.633783],[-122.749935,45.633726],[-122.749894,45.633697],[-122.749685,45.633692],[-122.749667,45.633622],[-122.749557,45.633602],[-122.749544,45.633536],[-122.749429,45.633512],[-122.749395,45.633431],[-122.749173,45.633421],[-122.749155,45.633351],[-122.749045,45.633331],[-122.749028,45.633261],[-122.748917,45.633241],[-122.7489,45.633171],[-122.748789,45.63315],[-122.748776,45.633084],[-122.748661,45.63306],[-122.748627,45.632979],[-122.748405,45.63297],[-122.748392,45.632904],[-122.748277,45.632879],[-122.748271,45.632823],[-122.74823,45.632793],[-122.748021,45.632789],[-122.747999,45.632715],[-122.747893,45.632698],[-122.747894,45.632429],[-122.748022,45.632429],[-122.74804,45.632499],[-122.74815,45.632519],[-122.748163,45.632585],[-122.748278,45.632609],[-122.748312,45.63269],[-122.748534,45.6327],[-122.748547,45.632766],[-122.748662,45.63279],[-122.748696,45.632871],[-122.748918,45.632881],[-122.748936,45.632951],[-122.749046,45.632971],[-122.749064,45.633041],[-122.749174,45.633061],[-122.749187,45.633127],[-122.749302,45.633152],[-122.749336,45.633233],[-122.749558,45.633242],[-122.749581,45.633316],[-122.749686,45.633333],[-122.749686,45.633464],[-122.74972,45.633504],[-122.749942,45.633513],[-122.749948,45.63357],[-122.749996,45.633601],[-122.750198,45.633604],[-122.750211,45.63367],[-122.750326,45.633694],[-122.750332,45.633751],[-122.75038,45.633782],[-122.750967,45.633785],[-122.750989,45.63386],[-122.751095,45.633876],[-122.751129,45.633957],[-122.751223,45.633966],[-122.751223,45.634056],[-122.751188,45.634104],[-122.751222,45.634146],[-122.751223,45.634283],[-122.751256,45.634317],[-122.751544,45.634326],[-122.751597,45.634298],[-122.751607,45.634237],[-122.751735,45.634237],[-122.751757,45.634311],[-122.751863,45.634327],[-122.751862,45.634417],[-122.751828,45.634465],[-122.751875,45.634573],[-122.751931,45.634597],[-122.752118,45.634598],[-122.752141,45.634672],[-122.752246,45.634688],[-122.752246,45.634778],[-122.752,45.634789],[-122.751984,45.634721],[-122.751942,45.634692],[-122.751667,45.634688],[-122.751606,45.63473],[-122.751585,45.634816],[-122.751618,45.634857],[-122.751978,45.634857],[-122.751998,45.634929],[-122.752058,45.634958],[-122.752689,45.634959],[-122.752749,45.634931],[-122.752759,45.634869],[-122.752961,45.634867],[-122.75301,45.634837],[-122.753016,45.63478],[-122.753144,45.63478],[-122.753144,45.634911],[-122.753177,45.634951],[-122.753528,45.634961],[-122.75355,45.635035],[-122.753656,45.635051],[-122.753636,45.635181],[-122.753663,45.635219],[-122.753912,45.635232],[-122.753917,45.635289],[-122.753966,45.63532],[-122.754168,45.635323],[-122.754185,45.635393],[-122.754296,45.635413],[-122.75433,45.635494],[-122.754424,45.635503],[-122.754452,45.635581],[-122.75468,45.635594],[-122.754702,45.635668],[-122.754808,45.635684],[-122.754842,45.635765],[-122.754936,45.635774],[-122.754935,45.635864],[-122.754901,45.635912],[-122.754941,45.636011],[-122.754982,45.63604],[-122.755063,45.636045],[-122.755066,45.636186],[-122.75511,45.63622],[-122.75519,45.636225],[-122.755203,45.636381],[-122.755318,45.636405]],[[-122.751049,45.635142],[-122.7509,45.635122],[-122.750845,45.635146],[-122.750834,45.635272],[-122.75088,45.635311],[-122.751029,45.635328],[-122.751086,45.635291],[-122.751088,45.635179],[-122.751049,45.635142]],[[-122.752259,45.635639],[-122.75222,45.635424],[-122.751987,45.635408],[-122.751974,45.635342],[-122.751859,45.635317],[-122.751831,45.63524],[-122.751602,45.635227],[-122.751597,45.63517],[-122.751555,45.635141],[-122.751387,45.635143],[-122.751349,45.635175],[-122.751346,45.635226],[-122.751265,45.63523],[-122.751223,45.635259],[-122.751197,45.63535],[-122.751219,45.63539],[-122.751473,45.635407],[-122.75149,45.635477],[-122.751601,45.635497],[-122.751614,45.635563],[-122.751729,45.635587],[-122.751735,45.635644],[-122.751776,45.635673],[-122.752207,45.635676],[-122.752259,45.635639]],[[-122.751371,45.635762],[-122.751533,45.63578],[-122.751588,45.635756],[-122.751597,45.635625],[-122.751546,45.635589],[-122.751399,45.635589],[-122.75135,45.63562],[-122.751327,45.635727],[-122.751371,45.635762]],[[-122.752235,45.637298],[-122.752254,45.637254],[-122.752221,45.637218],[-122.752156,45.637209],[-122.752104,45.637229],[-122.752088,45.637269],[-122.752125,45.637312],[-122.752182,45.637322],[-122.752235,45.637298]],[[-122.752744,45.637748],[-122.752678,45.637725],[-122.752607,45.63776],[-122.752517,45.637753],[-122.752475,45.637784],[-122.752474,45.637821],[-122.752549,45.637863],[-122.752628,45.637828],[-122.752718,45.637835],[-122.752764,45.637795],[-122.752744,45.637748]],[[-122.752788,45.637473],[-122.752937,45.637493],[-122.752991,45.637469],[-122.753003,45.637344],[-122.752957,45.637304],[-122.752808,45.637287],[-122.752751,45.637324],[-122.752749,45.637436],[-122.752788,45.637473]],[[-122.753643,45.63757],[-122.753577,45.637547],[-122.753506,45.637582],[-122.753179,45.637575],[-122.753137,45.637604],[-122.753131,45.63766],[-122.752897,45.637676],[-122.75286,45.637805],[-122.752901,45.637836],[-122.753055,45.637864],[-122.753131,45.637841],[-122.753341,45.63785],[-122.753384,45.637816],[-122.753388,45.637751],[-122.753503,45.637727],[-122.753527,45.63765],[-122.753595,45.637661],[-122.753648,45.637641],[-122.753643,45.63757]],[[-122.753765,45.638079],[-122.75379,45.637977],[-122.753758,45.637941],[-122.75357,45.637934],[-122.753518,45.63797],[-122.753518,45.638073],[-122.753569,45.638109],[-122.753716,45.638109],[-122.753765,45.638079]]]}},{"type":"Feature","properties":{"id":77,"area_m2":48500,"px":485,"rank":2},"geometry":{"type":"Polygon","coordinates":[[[-122.74545,45.633863],[-122.745448,45.633953],[-122.745321,45.633953],[-122.745299,45.633879],[-122.745148,45.63384],[-122.744977,45.633869],[-122.74494,45.6339],[-122.744936,45.633952],[-122.744821,45.633976],[-122.744808,45.634042],[-122.744697,45.634061],[-122.744679,45.634131],[-122.744568,45.634151],[-122.74455,45.634221],[-122.744422,45.634221],[-122.7444,45.634057],[-122.744038,45.63404],[-122.744042,45.633881],[-122.743989,45.63386],[-122.743782,45.633859],[-122.74377,45.633703],[-122.743655,45.633679],[-122.743621,45.633598],[-122.743527,45.633589],[-122.743499,45.633511],[-122.743399,45.633499],[-122.743371,45.633421],[-122.742914,45.63342],[-122.742886,45.633456],[-122.742889,45.633549],[-122.742933,45.633583],[-122.743013,45.633588],[-122.743035,45.633752],[-122.743141,45.633768],[-122.743147,45.633825],[-122.743188,45.633854],[-122.743397,45.633859],[-122.743409,45.634015],[-122.743525,45.634039],[-122.743558,45.63412],[-122.743652,45.634129],[-122.74368,45.634207],[-122.74378,45.63422],[-122.743814,45.634301],[-122.743969,45.634334],[-122.744037,45.63431],[-122.744165,45.63431],[-122.744164,45.63449],[-122.744058,45.634506],[-122.744035,45.63458],[-122.743801,45.634595],[-122.743778,45.63467],[-122.743705,45.634672],[-122.743659,45.634698],[-122.743649,45.634849],[-122.743543,45.634865],[-122.74352,45.634939],[-122.743264,45.634938],[-122.743263,45.634802],[-122.743217,45.634762],[-122.74288,45.634757],[-122.742892,45.634607],[-122.742846,45.63458],[-122.742752,45.634577],[-122.74273,45.634503],[-122.742625,45.634487],[-122.742591,45.634406],[-122.742497,45.634397],[-122.74248,45.634236],[-122.742369,45.634216],[-122.742366,45.634165],[-122.742329,45.634133],[-122.742113,45.634126],[-122.742091,45.634052],[-122.741985,45.634035],[-122.742006,45.633816],[-122.741966,45.633772],[-122.74177,45.633771],[-122.741733,45.633803],[-122.741729,45.633855],[-122.741614,45.633879],[-122.7416,45.633945],[-122.741399,45.633946],[-122.74135,45.633977],[-122.741343,45.634034],[-122.741215,45.634034],[-122.741193,45.633959],[-122.741087,45.633943],[-122.74107,45.633873],[-122.74096,45.633853],[-122.740926,45.633772],[-122.740832,45.633763],[-122.740804,45.633685],[-122.740704,45.633672],[-122.740721,45.633532],[-122.740677,45.633497],[-122.740576,45.633492],[-122.740577,45.633312],[-122.740677,45.6333],[-122.740706,45.633223],[-122.740806,45.63321],[-122.740835,45.633133],[-122.740929,45.633124],[-122.740963,45.633043],[-122.741074,45.633024],[-122.741092,45.632863],[-122.741198,45.632848],[-122.741221,45.632774],[-122.74143,45.63277],[-122.741472,45.632741],[-122.741478,45.632684],[-122.741584,45.632669],[-122.741607,45.632505],[-122.741713,45.632489],[-122.741736,45.632415],[-122.74183,45.632406],[-122.741865,45.632325],[-122.741975,45.632306],[-122.741993,45.632235],[-122.742227,45.63222],[-122.742245,45.632089],[-122.742203,45.63206],[-122.742122,45.632056],[-122.742089,45.631975],[-122.741995,45.631965],[-122.741967,45.631887],[-122.741867,45.631875],[-122.741862,45.631638],[-122.74182,45.631609],[-122.74174,45.631605],[-122.741723,45.631444],[-122.741612,45.631424],[-122.741578,45.631343],[-122.741484,45.631334],[-122.741484,45.631107],[-122.741445,45.63107],[-122.741357,45.631064],[-122.741335,45.630899],[-122.741102,45.630883],[-122.741079,45.630809],[-122.740974,45.630793],[-122.740956,45.630723],[-122.740846,45.630702],[-122.740829,45.630632],[-122.740718,45.630612],[-122.740701,45.630542],[-122.74059,45.630522],[-122.740573,45.630452],[-122.740462,45.630432],[-122.740449,45.630366],[-122.740334,45.630341],[-122.7403,45.63026],[-122.73995,45.63025],[-122.739927,45.630176],[-122.739822,45.63016],[-122.739822,45.630029],[-122.739788,45.629989],[-122.739438,45.629979],[-122.739438,45.629834],[-122.739406,45.629795],[-122.739054,45.629798],[-122.739037,45.629638],[-122.738985,45.629618],[-122.738798,45.629618],[-122.738806,45.629463],[-122.738749,45.629438],[-122.738542,45.629437],[-122.738543,45.629347],[-122.738648,45.629332],[-122.738671,45.629257],[-122.7388,45.629258],[-122.738817,45.629328],[-122.738927,45.629348],[-122.73894,45.629414],[-122.739055,45.629438],[-122.739089,45.629519],[-122.739311,45.629529],[-122.739317,45.629586],[-122.739366,45.629617],[-122.739568,45.62962],[-122.73959,45.629694],[-122.739696,45.62971],[-122.739675,45.629839],[-122.739708,45.62988],[-122.739951,45.62989],[-122.739954,45.629942],[-122.739992,45.629974],[-122.740207,45.629981],[-122.740187,45.630111],[-122.74022,45.630152],[-122.740463,45.630162],[-122.740469,45.630232],[-122.740515,45.630263],[-122.740719,45.630252],[-122.740742,45.630326],[-122.740847,45.630343],[-122.740881,45.630423],[-122.740975,45.630433],[-122.741008,45.630527],[-122.741231,45.630523],[-122.741258,45.630614],[-122.741487,45.630614],[-122.741493,45.630671],[-122.741542,45.630702],[-122.741872,45.630705],[-122.74188,45.630856],[-122.741926,45.630883],[-122.741999,45.630885],[-122.741999,45.630975],[-122.741964,45.631018],[-122.741999,45.631065],[-122.741998,45.631155],[-122.741791,45.631155],[-122.741738,45.631175],[-122.741744,45.631386],[-122.741788,45.631421],[-122.741869,45.631425],[-122.741872,45.631477],[-122.741909,45.631509],[-122.742125,45.631516],[-122.742159,45.631597],[-122.742381,45.631606],[-122.742403,45.63168],[-122.742509,45.631696],[-122.742489,45.631921],[-122.742535,45.631962],[-122.742636,45.631967],[-122.742635,45.632057],[-122.742601,45.632104],[-122.742635,45.632147],[-122.742652,45.632307],[-122.742763,45.632327],[-122.742775,45.632393],[-122.74289,45.632417],[-122.742894,45.632469],[-122.742931,45.632501],[-122.743147,45.632508],[-122.743159,45.632574],[-122.743275,45.632598],[-122.743308,45.632679],[-122.743531,45.632689],[-122.743531,45.63282],[-122.743558,45.632857],[-122.743786,45.632869],[-122.743804,45.63294],[-122.743914,45.63296],[-122.743927,45.633026],[-122.744042,45.63305],[-122.744045,45.633102],[-122.744083,45.633134],[-122.744298,45.633141],[-122.744316,45.633211],[-122.744426,45.633231],[-122.74446,45.633312],[-122.744554,45.633321],[-122.744582,45.633399],[-122.744682,45.633412],[-122.74471,45.633489],[-122.744938,45.633502],[-122.744961,45.633576],[-122.745066,45.633592],[-122.745083,45.633663],[-122.745194,45.633683],[-122.745228,45.633764],[-122.745322,45.633773],[-122.74535,45.633851],[-122.74545,45.633863]],[[-122.743651,45.634399],[-122.743629,45.634325],[-122.743523,45.634309],[-122.743506,45.634239],[-122.743396,45.634219],[-122.743362,45.634138],[-122.743268,45.634128],[-122.74324,45.634051],[-122.74314,45.634038],[-122.743112,45.63396],[-122.743012,45.633948],[-122.742984,45.63387],[-122.742884,45.633857],[-122.742856,45.63378],[-122.742756,45.633767],[-122.742728,45.633689],[-122.7425,45.633677],[-122.742485,45.633594],[-122.7426,45.633575],[-122.742629,45.633497],[-122.742729,45.633485],[-122.742758,45.633407],[-122.742845,45.633401],[-122.742886,45.633359],[-122.742885,45.633271],[-122.742846,45.633234],[-122.742536,45.633236],[-122.742501,45.633316],[-122.742421,45.63332],[-122.742376,45.633355],[-122.742338,45.633454],[-122.742388,45.633579],[-122.74217,45.633588],[-122.742116,45.633634],[-122.742116,45.633722],[-122.742149,45.633757],[-122.742371,45.633766],[-122.742371,45.633856],[-122.742336,45.633904],[-122.742383,45.634012],[-122.742498,45.634037],[-122.742532,45.634118],[-122.742626,45.634127],[-122.742654,45.634205],[-122.742754,45.634217],[-122.742782,45.634295],[-122.742882,45.634308],[-122.74291,45.634385],[-122.74301,45.634398],[-122.743038,45.634476],[-122.743138,45.634488],[-122.74316,45.634562],[-122.743265,45.634578],[-122.743268,45.634644],[-122.743311,45.634678],[-122.743603,45.634665],[-122.743644,45.634636],[-122.743651,45.634579],[-122.743761,45.63456],[-122.74377,45.634428],[-122.743725,45.634402],[-122.743651,45.634399]],[[-122.743019,45.633049],[-122.742962,45.633034],[-122.742904,45.633054],[-122.742888,45.633102],[-122.742914,45.633138],[-122.742976,45.633151],[-122.743035,45.633125],[-122.743049,45.633085],[-122.743019,45.633049]],[[-122.743528,45.632957],[-122.743477,45.632935],[-122.743419,45.632945],[-122.743382,45.632987],[-122.743398,45.633028],[-122.74345,45.633048],[-122.743522,45.633036],[-122.743549,45.632998],[-122.743528,45.632957]],[[-122.743818,45.6334],[-122.743981,45.633422],[-122.744032,45.633395],[-122.744032,45.633259],[-122.743987,45.633232],[-122.743913,45.63323],[-122.74391,45.633178],[-122.743873,45.633146],[-122.743696,45.633132],[-122.743657,45.633174],[-122.743665,45.633291],[-122.743711,45.633317],[-122.743784,45.633319],[-122.743818,45.6334]],[[-122.744731,45.633952],[-122.744807,45.633908],[-122.744786,45.633788],[-122.744681,45.633771],[-122.744663,45.633701],[-122.744553,45.633681],[-122.744536,45.633611],[-122.744425,45.633591],[-122.744412,45.633525],[-122.744297,45.633501],[-122.744263,45.63342],[-122.744048,45.633423],[-122.744021,45.633466],[-122.744046,45.633557],[-122.744087,45.633586],[-122.744168,45.63359],[-122.744202,45.633671],[-122.744296,45.633681],[-122.744318,45.633845],[-122.744423,45.633861],[-122.744429,45.633918],[-122.744471,45.633947],[-122.744731,45.633952]]]}},{"type":"Feature","properties":{"id":15,"area_m2":45900,"px":459,"rank":3},"geometry":{"type":"Polygon","coordinates":[[[-122.756198,45.640547],[-122.756198,45.640637],[-122.75607,45.640637],[-122.756064,45.64058],[-122.756015,45.640549],[-122.755762,45.640546],[-122.755698,45.64057],[-122.755685,45.640636],[-122.755574,45.640656],[-122.755555,45.640906],[-122.755339,45.640912],[-122.755302,45.640944],[-122.755298,45.640995],[-122.755217,45.640999],[-122.755173,45.641034],[-122.755175,45.641142],[-122.755217,45.641171],[-122.755297,45.641176],[-122.755297,45.641265],[-122.755169,45.641265],[-122.755093,45.641241],[-122.75494,45.641277],[-122.754912,45.641355],[-122.754574,45.641358],[-122.754532,45.641387],[-122.754526,45.641444],[-122.754411,45.641468],[-122.754397,45.641534],[-122.754269,45.641533],[-122.754264,45.641463],[-122.754217,45.641432],[-122.754033,45.641449],[-122.753993,45.641493],[-122.754016,45.641584],[-122.75406,45.641619],[-122.75414,45.641623],[-122.75414,45.641713],[-122.753884,45.641712],[-122.753862,45.641548],[-122.753655,45.641536],[-122.753608,45.641582],[-122.753633,45.641679],[-122.753674,45.641708],[-122.753771,45.64172],[-122.753755,45.641802],[-122.753627,45.641802],[-122.753604,45.641728],[-122.753499,45.641712],[-122.753481,45.641641],[-122.753371,45.641621],[-122.753337,45.64154],[-122.753243,45.641531],[-122.753215,45.641453],[-122.753115,45.641441],[-122.753087,45.641363],[-122.752987,45.64135],[-122.752959,45.641273],[-122.752859,45.64126],[-122.752837,45.641096],[-122.752603,45.64108],[-122.752581,45.641005],[-122.752475,45.640989],[-122.75247,45.640843],[-122.752428,45.640813],[-122.752348,45.640809],[-122.752314,45.640728],[-122.752168,45.640719],[-122.752114,45.640734],[-122.752091,45.640898],[-122.751834,45.640898],[-122.751835,45.640718],[-122.751908,45.640716],[-122.751954,45.64069],[-122.751964,45.640538],[-122.75222,45.640539],[-122.752254,45.64062],[-122.7524,45.640629],[-122.752464,45.640605],[-122.752477,45.640539],[-122.752595,45.640529],[-122.752628,45.640614],[-122.752749,45.640638],[-122.752749,45.640712],[-122.752632,45.640724],[-122.752586,45.640765],[-122.75261,45.640866],[-122.752666,45.640899],[-122.752786,45.640914],[-122.752848,45.640889],[-122.752846,45.640728],[-122.752896,45.640673],[-122.752846,45.640623],[-122.752862,45.640504],[-122.75284,45.640466],[-122.752606,45.64045],[-122.752626,45.640325],[-122.752605,45.640286],[-122.75235,45.640269],[-122.75237,45.640139],[-122.752343,45.640102],[-122.752162,45.640065],[-122.752094,45.640088],[-122.751709,45.640088],[-122.75171,45.639998],[-122.751904,45.639997],[-122.751957,45.63997],[-122.751981,45.639853],[-122.751933,45.639821],[-122.751839,45.639818],[-122.751839,45.639729],[-122.751945,45.639712],[-122.751968,45.639638],[-122.752224,45.639639],[-122.752252,45.639717],[-122.752405,45.639753],[-122.752483,45.639729],[-122.752798,45.639743],[-122.75286,45.63971],[-122.752866,45.63964],[-122.752981,45.639616],[-122.752995,45.63955],[-122.753123,45.639551],[-122.753157,45.639632],[-122.753319,45.639654],[-122.753374,45.639621],[-122.75338,45.639551],[-122.753495,45.639527],[-122.753519,45.63945],[-122.753758,45.639449],[-122.753785,45.639412],[-122.753764,45.639325],[-122.753711,45.639284],[-122.753543,45.639291],[-122.753498,45.639382],[-122.753381,45.639371],[-122.753381,45.639281],[-122.753462,45.639277],[-122.753506,45.639243],[-122.753509,45.639055],[-122.753448,45.639012],[-122.753254,45.639011],[-122.753254,45.638921],[-122.753577,45.638921],[-122.75363,45.638893],[-122.75364,45.638832],[-122.753896,45.638832],[-122.753908,45.638988],[-122.754024,45.639013],[-122.754027,45.639078],[-122.754062,45.639109],[-122.75428,45.639103],[-122.754302,45.639177],[-122.754408,45.639193],[-122.754408,45.639325],[-122.754435,45.639361],[-122.754664,45.639374],[-122.754669,45.639431],[-122.754718,45.639462],[-122.75492,45.639465],[-122.754919,45.639554],[-122.754725,45.639555],[-122.754672,45.639583],[-122.754662,45.63977],[-122.754684,45.639808],[-122.75485,45.639848],[-122.754918,45.639825],[-122.755175,45.639825],[-122.755197,45.639989],[-122.755431,45.640006],[-122.755453,45.64008],[-122.755559,45.640096],[-122.755576,45.640166],[-122.755686,45.640186],[-122.75572,45.640267],[-122.755814,45.640277],[-122.755842,45.640354],[-122.755942,45.640367],[-122.75597,45.640445],[-122.75607,45.640457],[-122.756098,45.640535],[-122.756198,45.640547]],[[-122.75317,45.640631],[-122.753243,45.640593],[-122.753238,45.64048],[-122.753185,45.640452],[-122.753031,45.640457],[-122.752992,45.640494],[-122.752999,45.640602],[-122.753052,45.64063],[-122.75317,45.640631]],[[-122.753884,45.64117],[-122.753818,45.641148],[-122.753747,45.641183],[-122.753656,45.641176],[-122.753614,45.641206],[-122.753613,45.641244],[-122.753689,45.641286],[-122.753768,45.641251],[-122.753858,45.641258],[-122.753904,45.641217],[-122.753884,45.64117]],[[-122.754151,45.639233],[-122.754124,45.639192],[-122.754069,45.639179],[-122.754008,45.639201],[-122.753988,45.63924],[-122.754013,45.639278],[-122.754076,45.639296],[-122.754134,45.639276],[-122.754151,45.639233]],[[-122.754021,45.639642],[-122.753987,45.63968],[-122.754001,45.63972],[-122.754059,45.639746],[-122.754116,45.639737],[-122.754147,45.639703],[-122.754137,45.639654],[-122.754082,45.639629],[-122.754021,45.639642]]]}},{"type":"Feature","properties":{"id":28,"area_m2":41500,"px":415,"rank":4},"geometry":{"type":"Polygon","coordinates":[[[-122.748631,45.639721],[-122.74863,45.639901],[-122.748374,45.6399],[-122.748371,45.639849],[-122.748334,45.639817],[-122.7482,45.639796],[-122.748139,45.639812],[-122.748117,45.63999],[-122.748016,45.639994],[-122.747971,45.640029],[-122.747988,45.640169],[-122.747859,45.640169],[-122.747854,45.640113],[-122.747805,45.640081],[-122.747603,45.640079],[-122.747607,45.639919],[-122.747554,45.639899],[-122.747347,45.639898],[-122.747325,45.639824],[-122.74722,45.639808],[-122.747186,45.639727],[-122.747092,45.639717],[-122.747075,45.639557],[-122.746964,45.639537],[-122.74693,45.639456],[-122.746836,45.639447],[-122.746837,45.639357],[-122.746917,45.639353],[-122.746962,45.639319],[-122.746969,45.639108],[-122.746769,45.639074],[-122.746715,45.639106],[-122.746709,45.639176],[-122.746581,45.639176],[-122.746572,45.639025],[-122.746527,45.638998],[-122.746453,45.638996],[-122.746454,45.638816],[-122.746764,45.63883],[-122.746833,45.638797],[-122.746836,45.638675],[-122.746792,45.638641],[-122.746712,45.638636],[-122.746712,45.638547],[-122.74684,45.638547],[-122.746868,45.638625],[-122.747051,45.63866],[-122.747131,45.638595],[-122.747075,45.638473],[-122.746969,45.638457],[-122.746963,45.6384],[-122.746922,45.638371],[-122.746713,45.638366],[-122.746637,45.638343],[-122.746484,45.638378],[-122.746456,45.638456],[-122.746125,45.638458],[-122.746076,45.638488],[-122.74607,45.638545],[-122.745866,45.638534],[-122.745819,45.638564],[-122.745813,45.638634],[-122.745685,45.638634],[-122.745663,45.63856],[-122.745557,45.638544],[-122.745544,45.638478],[-122.745429,45.638454],[-122.745401,45.638376],[-122.745301,45.638363],[-122.745302,45.638273],[-122.745336,45.638231],[-122.745316,45.638192],[-122.745242,45.638159],[-122.745174,45.638183],[-122.745046,45.638183],[-122.745023,45.638109],[-122.744918,45.638092],[-122.7449,45.638022],[-122.74479,45.638002],[-122.744756,45.637921],[-122.744662,45.637912],[-122.744634,45.637834],[-122.744534,45.637822],[-122.744535,45.637552],[-122.744641,45.637536],[-122.744664,45.637462],[-122.744779,45.637438],[-122.744794,45.637372],[-122.744936,45.63738],[-122.744921,45.637504],[-122.744954,45.637543],[-122.745149,45.637541],[-122.745176,45.637504],[-122.745174,45.637411],[-122.74513,45.637377],[-122.745034,45.637365],[-122.74505,45.637283],[-122.745155,45.637267],[-122.745178,45.637193],[-122.745401,45.637184],[-122.745435,45.637104],[-122.745659,45.637108],[-122.745692,45.637069],[-122.745693,45.636924],[-122.745787,45.636915],[-122.745822,45.636834],[-122.745915,45.636832],[-122.745961,45.636805],[-122.745937,45.636679],[-122.745822,45.636654],[-122.745814,45.636503],[-122.745768,45.636477],[-122.745695,45.636474],[-122.745695,45.636384],[-122.745823,45.636384],[-122.745836,45.63645],[-122.745951,45.636475],[-122.745954,45.63654],[-122.745997,45.636574],[-122.746336,45.636566],[-122.746358,45.63664],[-122.746464,45.636656],[-122.746481,45.636726],[-122.746592,45.636746],[-122.746626,45.636827],[-122.746719,45.636836],[-122.746747,45.636914],[-122.746847,45.636927],[-122.746847,45.637017],[-122.746741,45.637032],[-122.746718,45.637106],[-122.746509,45.63711],[-122.746467,45.637139],[-122.746461,45.637196],[-122.74633,45.637216],[-122.746314,45.637257],[-122.746366,45.637367],[-122.746717,45.637376],[-122.746778,45.637401],[-122.746933,45.63737],[-122.746974,45.637328],[-122.746975,45.637107],[-122.747103,45.637107],[-122.747104,45.637334],[-122.747143,45.637371],[-122.74723,45.637378],[-122.74723,45.637468],[-122.747021,45.637471],[-122.746979,45.6375],[-122.746973,45.637557],[-122.746841,45.637577],[-122.746824,45.637776],[-122.746851,45.637814],[-122.747045,45.637825],[-122.747094,45.637794],[-122.747101,45.637737],[-122.747227,45.637721],[-122.74724,45.637547],[-122.747358,45.637558],[-122.74738,45.637632],[-122.747486,45.637648],[-122.74752,45.637729],[-122.747614,45.637738],[-122.747615,45.637875],[-122.74766,45.637914],[-122.747829,45.637913],[-122.747866,45.637881],[-122.74787,45.637829],[-122.748255,45.63783],[-122.748254,45.63792],[-122.747939,45.637919],[-122.747878,45.637948],[-122.747857,45.638069],[-122.747903,45.638097],[-122.747997,45.638099],[-122.747996,45.638189],[-122.747962,45.638232],[-122.747996,45.638279],[-122.747996,45.638369],[-122.747809,45.638369],[-122.747757,45.638389],[-122.747738,45.638549],[-122.747623,45.638573],[-122.747625,45.638721],[-122.747498,45.638748],[-122.747462,45.638863],[-122.747515,45.638906],[-122.747684,45.63892],[-122.747737,45.638874],[-122.747722,45.638736],[-122.747866,45.638729],[-122.747934,45.638753],[-122.748094,45.638717],[-122.748122,45.638681],[-122.748124,45.63846],[-122.748252,45.63846],[-122.748312,45.638484],[-122.74838,45.63846],[-122.748509,45.638461],[-122.748508,45.63855],[-122.748474,45.638593],[-122.748508,45.638641],[-122.748507,45.63873],[-122.748145,45.638746],[-122.748122,45.63882],[-122.748041,45.638824],[-122.747999,45.638853],[-122.747993,45.638999],[-122.747899,45.639008],[-122.747864,45.639089],[-122.747749,45.639113],[-122.747736,45.63922],[-122.747776,45.639263],[-122.747863,45.639269],[-122.747891,45.639347],[-122.747991,45.639359],[-122.748019,45.639437],[-122.748119,45.63945],[-122.748147,45.639528],[-122.748247,45.63954],[-122.748269,45.639614],[-122.748375,45.63963],[-122.748403,45.639708],[-122.748631,45.639721]],[[-122.747657,45.639449],[-122.747729,45.639416],[-122.747733,45.639312],[-122.747694,45.639275],[-122.747607,45.639268],[-122.747573,45.639188],[-122.747351,45.639178],[-122.747283,45.639154],[-122.747107,45.639201],[-122.747094,45.639309],[-122.747127,45.639348],[-122.74735,45.639358],[-122.747355,45.639415],[-122.747404,45.639446],[-122.747657,45.639449]]]}},{"type":"Feature","properties":{"id":3,"area_m2":34500,"px":345,"rank":5},"geometry":{"type":"Polygon","coordinates":[[[-122.760796,45.645508],[-122.760796,45.645598],[-122.76069,45.645613],[-122.760667,45.645687],[-122.760552,45.645711],[-122.760539,45.645777],[-122.760352,45.645777],[-122.7603,45.645796],[-122.760281,45.645956],[-122.760181,45.645969],[-122.760153,45.646046],[-122.760058,45.646055],[-122.760024,45.646136],[-122.75995,45.646138],[-122.759905,45.646164],[-122.759895,45.646316],[-122.75951,45.646315],[-122.75953,45.646185],[-122.75949,45.646142],[-122.758997,45.646134],[-122.758985,45.646068],[-122.758869,45.646044],[-122.758866,45.645992],[-122.758829,45.64596],[-122.758485,45.645953],[-122.758485,45.645863],[-122.758579,45.645861],[-122.758628,45.645828],[-122.758601,45.645707],[-122.758486,45.645683],[-122.75848,45.645626],[-122.758432,45.645595],[-122.758101,45.645592],[-122.758113,45.645442],[-122.758068,45.645414],[-122.757974,45.645412],[-122.757975,45.645232],[-122.758009,45.645184],[-122.75796,45.645059],[-122.75801,45.645004],[-122.75796,45.644954],[-122.757959,45.644878],[-122.757887,45.644858],[-122.757818,45.644898],[-122.75782,45.644939],[-122.757863,45.644969],[-122.757863,45.645044],[-122.757741,45.645067],[-122.757718,45.645141],[-122.75759,45.645141],[-122.757568,45.645067],[-122.757462,45.64505],[-122.757445,45.64498],[-122.757334,45.64496],[-122.7573,45.644879],[-122.757206,45.64487],[-122.757178,45.644792],[-122.757078,45.64478],[-122.75707,45.644538],[-122.757017,45.644511],[-122.756823,45.644509],[-122.756823,45.644419],[-122.757208,45.64442],[-122.757276,45.644444],[-122.757442,45.644405],[-122.757465,45.64433],[-122.757546,45.644326],[-122.75759,45.644292],[-122.757595,45.644061],[-122.757777,45.644075],[-122.757835,45.644055],[-122.757852,45.643971],[-122.757932,45.643967],[-122.757977,45.643933],[-122.757981,45.643702],[-122.758087,45.643686],[-122.75811,45.643612],[-122.758204,45.643609],[-122.758246,45.643587],[-122.758239,45.643432],[-122.75845,45.643442],[-122.758493,45.643408],[-122.758496,45.643343],[-122.758624,45.643343],[-122.758623,45.643523],[-122.758529,45.643532],[-122.758495,45.643612],[-122.758379,45.643636],[-122.758375,45.643764],[-122.758547,45.643816],[-122.758622,45.643793],[-122.758751,45.643793],[-122.758763,45.643949],[-122.758812,45.643972],[-122.759022,45.643981],[-122.759007,45.644124],[-122.759073,45.644167],[-122.759215,45.64415],[-122.759262,45.644105],[-122.75925,45.643998],[-122.759119,45.643966],[-122.759136,45.643794],[-122.75928,45.643802],[-122.759264,45.643925],[-122.759297,45.643965],[-122.759479,45.643968],[-122.759517,45.643936],[-122.759537,45.643835],[-122.759493,45.643799],[-122.759377,45.643787],[-122.759393,45.643704],[-122.759487,45.643696],[-122.759521,45.643615],[-122.759637,45.643591],[-122.759651,45.643435],[-122.759779,45.643435],[-122.759839,45.643459],[-122.759907,45.643436],[-122.760035,45.643436],[-122.760034,45.643742],[-122.760057,45.64378],[-122.760236,45.643794],[-122.760285,45.643763],[-122.760291,45.643706],[-122.760417,45.643707],[-122.760442,45.643781],[-122.760547,45.643797],[-122.760546,45.643977],[-122.760357,45.643963],[-122.760295,45.643996],[-122.760289,45.644246],[-122.760099,45.644233],[-122.760033,45.644276],[-122.760014,45.644476],[-122.760058,45.644512],[-122.760159,45.644516],[-122.760171,45.644672],[-122.760228,45.644696],[-122.760415,45.644697],[-122.760414,45.644967],[-122.760296,45.644977],[-122.760203,45.644944],[-122.760148,45.644975],[-122.76014,45.645016],[-122.760191,45.645054],[-122.760274,45.645045],[-122.76029,45.645203],[-122.760332,45.645232],[-122.760413,45.645237],[-122.760441,45.645315],[-122.760669,45.645327],[-122.760657,45.645478],[-122.760703,45.645505],[-122.760796,45.645508]],[[-122.757943,45.644502],[-122.757995,45.644371],[-122.757944,45.644334],[-122.757764,45.644332],[-122.757705,45.644371],[-122.757727,45.644478],[-122.757776,45.644509],[-122.757943,45.644502]],[[-122.758238,45.644423],[-122.758181,45.644408],[-122.758123,45.644428],[-122.758106,45.644477],[-122.758133,45.644513],[-122.758195,45.644525],[-122.758254,45.644499],[-122.758268,45.644459],[-122.758238,45.644423]],[[-122.758363,45.64406],[-122.758312,45.644039],[-122.758254,45.644049],[-122.758217,45.644091],[-122.758233,45.644131],[-122.758285,45.644152],[-122.758357,45.64414],[-122.758384,45.644102],[-122.758363,45.64406]],[[-122.758238,45.645085],[-122.758213,45.645187],[-122.758245,45.645223],[-122.758433,45.64523],[-122.758485,45.645194],[-122.758485,45.645091],[-122.758434,45.645055],[-122.758287,45.645055],[-122.758238,45.645085]],[[-122.759007,45.645569],[-122.758997,45.645452],[-122.75896,45.64542],[-122.758784,45.64542],[-122.758747,45.645452],[-122.758743,45.645503],[-122.758649,45.645505],[-122.758603,45.645533],[-122.758623,45.645654],[-122.758676,45.645682],[-122.758832,45.64569],[-122.758868,45.645659],[-122.758871,45.645594],[-122.758965,45.645591],[-122.759007,45.645569]],[[-122.758861,45.645077],[-122.75867,45.645042],[-122.75862,45.645078],[-122.758618,45.645203],[-122.758676,45.645246],[-122.758825,45.645229],[-122.758872,45.64519],[-122.758861,45.645077]],[[-122.759273,45.645999],[-122.759232,45.64588],[-122.759081,45.645841],[-122.759017,45.64585],[-122.758966,45.645896],[-122.759004,45.646011],[-122.759052,45.646042],[-122.759241,45.646035],[-122.759273,45.645999]],[[-122.760033,45.644784],[-122.760064,45.644733],[-122.760014,45.644688],[-122.76003,45.644551],[-122.759985,45.644507],[-122.759706,45.644503],[-122.759651,45.644535],[-122.759645,45.644605],[-122.759502,45.644597],[-122.759518,45.644335],[-122.75965,45.644314],[-122.759666,45.644274],[-122.759635,45.644235],[-122.759572,45.644221],[-122.759508,45.644256],[-122.759339,45.644244],[-122.759285,45.64426],[-122.759242,45.644559],[-122.759288,45.6446],[-122.759404,45.644612],[-122.759388,45.644694],[-122.759166,45.644696],[-122.759112,45.64475],[-122.759144,45.64485],[-122.759259,45.644874],[-122.759282,45.644949],[-122.759336,45.644964],[-122.759603,45.644959],[-122.759643,45.644922],[-122.759645,45.644785],[-122.759751,45.644769],[-122.759774,45.644695],[-122.7599,45.644696],[-122.759917,45.644778],[-122.759786,45.644809],[-122.759774,45.644936],[-122.759832,45.644978],[-122.759974,45.644963],[-122.760028,45.644922],[-122.760033,45.644784]],[[-122.759769,45.645726],[-122.759742,45.645684],[-122.759687,45.645672],[-122.759626,45.645694],[-122.759606,45.645733],[-122.759632,45.64577],[-122.759694,45.645789],[-122.759752,45.645769],[-122.759769,45.645726]],[[-122.759768,45.645906],[-122.759741,45.645864],[-122.759687,45.645852],[-122.759626,45.645874],[-122.759606,45.645913],[-122.759631,45.64595],[-122.759693,45.645969],[-122.759751,45.645949],[-122.759768,45.645906]],[[-122.759896,45.645504],[-122.75983,45.645481],[-122.759759,45.645516],[-122.759669,45.645509],[-122.759627,45.64554],[-122.759626,45.645577],[-122.759702,45.645619],[-122.75978,45.645584],[-122.759871,45.645591],[-122.759917,45.645551],[-122.759896,45.645504]],[[-122.760156,45.645326],[-122.760175,45.645281],[-122.760142,45.645246],[-122.760077,45.645236],[-122.760024,45.645256],[-122.760008,45.645297],[-122.760046,45.64534],[-122.760103,45.64535],[-122.760156,45.645326]],[[-122.760158,45.645418],[-122.760102,45.645402],[-122.760044,45.645422],[-122.760027,45.645471],[-122.760054,45.645507],[-122.760116,45.645519],[-122.760174,45.645493],[-122.760189,45.645453],[-122.760158,45.645418]],[[-122.76041,45.645415],[-122.760359,45.645393],[-122.760302,45.645403],[-122.760264,45.645445],[-122.76028,45.645486],[-122.760333,45.645506],[-122.760404,45.645494],[-122.760431,45.645456],[-122.76041,45.645415]]]}},{"type":"Feature","properties":{"id":7,"area_m2":22200,"px":222,"rank":6},"geometry":{"type":"Polygon","coordinates":[[[-122.753238,45.641893],[-122.753207,45.641939],[-122.753241,45.641981],[-122.753239,45.642251],[-122.753134,45.642267],[-122.753111,45.642341],[-122.752726,45.64234],[-122.752726,45.64225],[-122.752807,45.642246],[-122.752849,45.642217],[-122.752854,45.642114],[-122.752793,45.642071],[-122.752599,45.64207],[-122.752582,45.641819],[-122.75253,45.6418],[-122.752215,45.641799],[-122.752198,45.641639],[-122.752088,45.641619],[-122.752054,45.641538],[-122.75196,45.641528],[-122.751932,45.641451],[-122.751832,45.641438],[-122.751804,45.64136],[-122.751704,45.641348],[-122.751676,45.64127],[-122.751576,45.641257],[-122.751548,45.64118],[-122.751448,45.641167],[-122.75142,45.641089],[-122.75132,45.641077],[-122.751298,45.641003],[-122.751192,45.640987],[-122.751192,45.640855],[-122.751165,45.640819],[-122.750885,45.640806],[-122.750821,45.64083],[-122.750807,45.641076],[-122.750705,45.64108],[-122.750659,45.64112],[-122.75069,45.641322],[-122.750805,45.641346],[-122.750839,45.641427],[-122.750933,45.641436],[-122.750961,45.641514],[-122.751061,45.641526],[-122.751089,45.641604],[-122.751189,45.641617],[-122.751217,45.641694],[-122.751317,45.641707],[-122.751345,45.641785],[-122.751445,45.641797],[-122.751467,45.641871],[-122.751573,45.641888],[-122.751552,45.642102],[-122.751574,45.642141],[-122.751828,45.642158],[-122.751841,45.642224],[-122.751956,45.642248],[-122.751984,45.642326],[-122.752212,45.642339],[-122.752235,45.642413],[-122.75234,45.642429],[-122.752353,45.642495],[-122.752468,45.64252],[-122.752496,45.642597],[-122.752596,45.64261],[-122.752595,45.64288],[-122.752561,45.642922],[-122.752595,45.64297],[-122.752594,45.64306],[-122.752378,45.643066],[-122.752341,45.643098],[-122.752337,45.643149],[-122.752081,45.643149],[-122.752081,45.643059],[-122.752175,45.643057],[-122.752224,45.643024],[-122.75221,45.642879],[-122.752291,45.642875],[-122.752335,45.642841],[-122.752322,45.642629],[-122.752211,45.642609],[-122.752203,45.642547],[-122.752142,45.642519],[-122.751989,45.642528],[-122.751955,45.642608],[-122.751827,45.642608],[-122.751814,45.642452],[-122.751758,45.642428],[-122.751571,45.642428],[-122.751548,45.642353],[-122.751443,45.642337],[-122.751409,45.642256],[-122.751315,45.642247],[-122.751314,45.64211],[-122.751275,45.642073],[-122.751114,45.642069],[-122.751065,45.6421],[-122.751058,45.642156],[-122.75093,45.642156],[-122.750931,45.642066],[-122.751018,45.64206],[-122.751058,45.642023],[-122.751058,45.641916],[-122.751014,45.641877],[-122.750715,45.641892],[-122.750678,45.641924],[-122.750674,45.641976],[-122.750559,45.641999],[-122.750546,45.642065],[-122.750289,45.642065],[-122.750272,45.641904],[-122.750162,45.641884],[-122.750128,45.641803],[-122.750034,45.641794],[-122.750006,45.641716],[-122.749906,45.641704],[-122.749906,45.641614],[-122.749941,45.641571],[-122.749907,45.641524],[-122.74991,45.641364],[-122.749858,45.641344],[-122.749705,45.641346],[-122.749656,45.641377],[-122.74965,45.641433],[-122.749522,45.641433],[-122.749523,45.641253],[-122.749846,45.641253],[-122.749908,45.6412],[-122.749891,45.641003],[-122.749839,45.640984],[-122.749524,45.640983],[-122.749524,45.640893],[-122.749862,45.64089],[-122.749904,45.64086],[-122.74991,45.640804],[-122.750025,45.64078],[-122.750038,45.640714],[-122.750149,45.640695],[-122.750167,45.640624],[-122.750524,45.640613],[-122.750587,45.640493],[-122.750553,45.640445],[-122.750553,45.640355],[-122.750681,45.640355],[-122.75069,45.640417],[-122.750743,45.640445],[-122.751066,45.640446],[-122.751069,45.640498],[-122.751106,45.64053],[-122.751322,45.640537],[-122.751322,45.640627],[-122.751287,45.640675],[-122.751327,45.640774],[-122.751383,45.640806],[-122.751578,45.640807],[-122.751578,45.640939],[-122.751605,45.640975],[-122.751962,45.640988],[-122.751984,45.641153],[-122.752218,45.641169],[-122.752223,45.641316],[-122.752264,45.641345],[-122.752345,45.641349],[-122.752378,45.641443],[-122.752675,45.641438],[-122.752724,45.641407],[-122.75273,45.64135],[-122.752858,45.64135],[-122.75288,45.641514],[-122.753114,45.641531],[-122.753096,45.641761],[-122.75314,45.641797],[-122.753241,45.641801],[-122.753238,45.641893]],[[-122.750567,45.641035],[-122.750528,45.640911],[-122.750407,45.640887],[-122.750423,45.640769],[-122.750401,45.640731],[-122.750346,45.640715],[-122.750189,45.64073],[-122.750169,45.640856],[-122.750213,45.64089],[-122.75031,45.640902],[-122.750294,45.641021],[-122.750316,45.641059],[-122.750523,45.641071],[-122.750567,45.641035]],[[-122.750924,45.640692],[-122.750956,45.640581],[-122.750917,45.640543],[-122.750715,45.640545],[-122.75068,45.640625],[-122.7506,45.640629],[-122.750558,45.640659],[-122.750564,45.640794],[-122.750626,45.640819],[-122.750774,45.640797],[-122.750808,45.640716],[-122.750924,45.640692]]]}},{"type":"Feature","properties":{"id":94,"area_m2":11700,"px":117,"rank":7},"geometry":{"type":"Polygon","coordinates":[[[-122.746231,45.631255],[-122.746231,45.631345],[-122.74615,45.631349],[-122.746106,45.631383],[-122.746102,45.631524],[-122.745717,45.631524],[-122.745714,45.631472],[-122.745677,45.63144],[-122.745461,45.631433],[-122.745444,45.631363],[-122.745333,45.631343],[-122.745316,45.631272],[-122.745205,45.631252],[-122.745196,45.631191],[-122.745144,45.631163],[-122.745011,45.631163],[-122.744966,45.631182],[-122.744948,45.631342],[-122.744766,45.631328],[-122.744704,45.631352],[-122.744697,45.631488],[-122.744738,45.631517],[-122.744819,45.631522],[-122.744841,45.631596],[-122.745075,45.631612],[-122.745081,45.631669],[-122.745129,45.6317],[-122.745331,45.631703],[-122.745323,45.631858],[-122.745365,45.63188],[-122.745459,45.631883],[-122.745481,45.631957],[-122.745587,45.631973],[-122.745586,45.632153],[-122.745329,45.632153],[-122.745307,45.632079],[-122.745202,45.632062],[-122.745202,45.631931],[-122.745174,45.631895],[-122.744946,45.631882],[-122.744933,45.631816],[-122.744818,45.631792],[-122.74479,45.631714],[-122.744562,45.631701],[-122.744539,45.631627],[-122.744434,45.631611],[-122.744434,45.631479],[-122.744406,45.631443],[-122.74405,45.63143],[-122.744027,45.631356],[-122.743922,45.631339],[-122.743922,45.631118],[-122.743882,45.631076],[-122.743586,45.631073],[-122.743544,45.631102],[-122.743538,45.631159],[-122.743422,45.631182],[-122.743409,45.631248],[-122.743079,45.63125],[-122.74303,45.631281],[-122.743024,45.631337],[-122.742897,45.631337],[-122.742883,45.631181],[-122.742827,45.631157],[-122.74264,45.631157],[-122.74264,45.631067],[-122.742856,45.631061],[-122.742894,45.631029],[-122.742897,45.630977],[-122.743154,45.630978],[-122.743222,45.631002],[-122.743282,45.630978],[-122.743632,45.630976],[-122.743686,45.630934],[-122.743668,45.630799],[-122.743796,45.630799],[-122.74383,45.63088],[-122.744052,45.63089],[-122.74408,45.630968],[-122.744226,45.630994],[-122.7443,45.630965],[-122.744309,45.63089],[-122.744437,45.630891],[-122.744497,45.630915],[-122.744567,45.630891],[-122.745335,45.630893],[-122.745338,45.630944],[-122.745375,45.630976],[-122.745719,45.630984],[-122.745732,45.63105],[-122.745847,45.631074],[-122.745875,45.631152],[-122.746104,45.631164],[-122.746126,45.631239],[-122.746231,45.631255]]]}},{"type":"Feature","properties":{"id":27,"area_m2":9200,"px":92,"rank":8},"geometry":{"type":"Polygon","coordinates":[[[-122.761204,45.640198],[-122.761203,45.640378],[-122.761075,45.640378],[-122.761066,45.640316],[-122.761006,45.640288],[-122.760306,45.640286],[-122.760306,45.640106],[-122.760435,45.640106],[-122.76044,45.640163],[-122.760489,45.640194],[-122.760777,45.640196],[-122.760838,45.640152],[-122.760807,45.640041],[-122.76075,45.640017],[-122.760563,45.640016],[-122.760558,45.63987],[-122.760517,45.639841],[-122.760436,45.639836],[-122.760433,45.639785],[-122.760395,45.639753],[-122.760051,45.639745],[-122.760043,45.639594],[-122.75999,45.639566],[-122.759795,45.639565],[-122.759796,45.639434],[-122.759762,45.639394],[-122.759607,45.63936],[-122.759539,45.639384],[-122.759283,45.639384],[-122.759278,45.639237],[-122.759236,45.639208],[-122.759155,45.639203],[-122.759139,45.639043],[-122.759028,45.639023],[-122.758994,45.638942],[-122.7589,45.638933],[-122.758883,45.638773],[-122.758772,45.638753],[-122.758767,45.638696],[-122.758725,45.638667],[-122.758516,45.638662],[-122.758517,45.638572],[-122.758597,45.638568],[-122.758642,45.638534],[-122.758644,45.638346],[-122.758584,45.638303],[-122.758389,45.638302],[-122.75839,45.638122],[-122.758647,45.638122],[-122.75865,45.638174],[-122.758687,45.638206],[-122.758903,45.638213],[-122.758925,45.638377],[-122.75903,45.638393],[-122.759043,45.638459],[-122.759158,45.638483],[-122.759162,45.638535],[-122.759199,45.638567],[-122.759415,45.638574],[-122.759431,45.638734],[-122.759542,45.638754],[-122.759576,45.638835],[-122.75967,45.638845],[-122.759698,45.638922],[-122.759798,45.638935],[-122.759787,45.639036],[-122.75961,45.639025],[-122.759554,45.639048],[-122.759558,45.639185],[-122.75961,45.639204],[-122.759742,45.639202],[-122.759791,45.639171],[-122.759808,45.639104],[-122.759925,45.639115],[-122.759948,45.639189],[-122.760053,45.639205],[-122.760075,45.63937],[-122.760181,45.639386],[-122.760187,45.639442],[-122.760228,45.639472],[-122.760437,45.639476],[-122.76042,45.639616],[-122.760464,45.639652],[-122.760565,45.639657],[-122.760582,45.639817],[-122.760634,45.639836],[-122.760821,45.639837],[-122.760837,45.639997],[-122.760948,45.640017],[-122.760982,45.640098],[-122.761076,45.640108],[-122.761104,45.640185],[-122.761204,45.640198]]]}},{"type":"Feature","properties":{"id":65,"area_m2":7800,"px":78,"rank":9},"geometry":{"type":"Polygon","coordinates":[[[-122.749292,45.635402],[-122.749291,45.635582],[-122.749035,45.635581],[-122.749018,45.635511],[-122.748907,45.635491],[-122.748898,45.63543],[-122.748838,45.635401],[-122.74857,45.635404],[-122.748528,45.635434],[-122.748522,45.63549],[-122.747807,45.635491],[-122.747758,45.635522],[-122.747752,45.635578],[-122.747636,45.635602],[-122.747623,45.635668],[-122.747508,45.635692],[-122.747494,45.635848],[-122.747292,45.63585],[-122.747243,45.635881],[-122.747237,45.635937],[-122.747109,45.635937],[-122.747109,45.635847],[-122.747203,45.635838],[-122.747237,45.635793],[-122.747225,45.635691],[-122.74711,45.635667],[-122.74711,45.635577],[-122.747297,45.635577],[-122.747349,45.635558],[-122.747367,45.635356],[-122.747327,45.635314],[-122.74724,45.635307],[-122.747212,45.63523],[-122.747112,45.635217],[-122.747084,45.635139],[-122.746984,45.635127],[-122.746984,45.635037],[-122.747112,45.635037],[-122.74713,45.635107],[-122.74724,45.635127],[-122.747258,45.635198],[-122.747368,45.635218],[-122.747377,45.635279],[-122.74743,45.635307],[-122.747753,45.635309],[-122.747821,45.635333],[-122.747881,45.635309],[-122.748127,45.635298],[-122.748172,45.63539],[-122.748344,45.6354],[-122.748411,45.63536],[-122.748393,45.63525],[-122.748328,45.635206],[-122.748149,45.63523],[-122.748121,45.635059],[-122.74807,45.635039],[-122.747882,45.635039],[-122.74786,45.634964],[-122.747755,45.634948],[-122.747737,45.634878],[-122.747627,45.634858],[-122.747593,45.634777],[-122.747499,45.634768],[-122.747471,45.63469],[-122.747371,45.634678],[-122.747371,45.634546],[-122.747343,45.63451],[-122.747115,45.634497],[-122.747109,45.63444],[-122.747061,45.634409],[-122.746859,45.634406],[-122.746853,45.63435],[-122.746812,45.63432],[-122.746603,45.634316],[-122.746603,45.634226],[-122.746825,45.634217],[-122.746859,45.634178],[-122.746861,45.634046],[-122.746989,45.634047],[-122.747011,45.634121],[-122.747117,45.634137],[-122.747138,45.634391],[-122.747372,45.634408],[-122.747378,45.634464],[-122.747426,45.634495],[-122.747628,45.634498],[-122.747628,45.634588],[-122.747593,45.634636],[-122.747655,45.634756],[-122.747824,45.634781],[-122.747878,45.634749],[-122.747884,45.634679],[-122.748141,45.634679],[-122.748158,45.63475],[-122.748268,45.63477],[-122.748302,45.634851],[-122.748396,45.63486],[-122.748424,45.634938],[-122.748524,45.63495],[-122.748552,45.635028],[-122.748652,45.63504],[-122.74868,45.635118],[-122.748908,45.635131],[-122.748931,45.635205],[-122.749036,45.635221],[-122.749049,45.635287],[-122.749164,45.635312],[-122.749192,45.635389],[-122.749292,45.635402]]]}},{"type":"Feature","properties":{"id":60,"area_m2":5000,"px":50,"rank":10},"geometry":{"type":"Polygon","coordinates":[[[-122.750956,45.636306],[-122.750956,45.636396],[-122.75085,45.636411],[-122.750827,45.636485],[-122.750502,45.636472],[-122.750448,45.636504],[-122.750442,45.636574],[-122.750185,45.636574],[-122.750179,45.636517],[-122.750131,45.636486],[-122.749801,45.636483],[-122.749788,45.636417],[-122.749673,45.636393],[-122.749667,45.636336],[-122.749625,45.636307],[-122.749416,45.636302],[-122.749356,45.636278],[-122.749288,45.636302],[-122.74916,45.636302],[-122.749143,45.636051],[-122.749092,45.636032],[-122.748776,45.636031],[-122.748784,45.635876],[-122.748727,45.635851],[-122.74852,45.63585],[-122.748521,45.63576],[-122.749034,45.635761],[-122.749037,45.635813],[-122.749074,45.635845],[-122.74929,45.635852],[-122.749296,45.635909],[-122.749344,45.63594],[-122.749546,45.635943],[-122.749559,45.636009],[-122.749674,45.636033],[-122.749677,45.636084],[-122.749715,45.636116],[-122.74993,45.636123],[-122.749939,45.636185],[-122.749992,45.636212],[-122.750315,45.636214],[-122.750321,45.636271],[-122.750369,45.636302],[-122.750956,45.636306]]]}},{"type":"Feature","properties":{"id":47,"area_m2":4900,"px":49,"rank":11},"geometry":{"type":"Polygon","coordinates":[[[-122.756854,45.637218],[-122.756854,45.637308],[-122.756766,45.637315],[-122.756727,45.637352],[-122.756724,45.637578],[-122.756513,45.637555],[-122.756362,45.637593],[-122.756339,45.637667],[-122.756211,45.637667],[-122.756195,45.637585],[-122.756299,45.637571],[-122.756338,45.637534],[-122.75634,45.637356],[-122.756312,45.63732],[-122.756144,45.637283],[-122.75606,45.637324],[-122.756083,45.637577],[-122.755955,45.637576],[-122.755894,45.637552],[-122.755826,45.637576],[-122.75557,45.637576],[-122.755565,45.637236],[-122.755504,45.637202],[-122.755315,45.637215],[-122.755315,45.637125],[-122.755421,45.63711],[-122.755446,45.637035],[-122.7557,45.637036],[-122.755703,45.637088],[-122.755741,45.63712],[-122.755922,45.637117],[-122.755957,45.637037],[-122.756045,45.63703],[-122.756085,45.636988],[-122.756073,45.636881],[-122.755958,45.636856],[-122.755958,45.636767],[-122.756086,45.636767],[-122.756114,45.636845],[-122.756343,45.636857],[-122.756365,45.636932],[-122.75647,45.636948],[-122.756488,45.637018],[-122.756598,45.637038],[-122.756632,45.637119],[-122.756726,45.637128],[-122.756754,45.637206],[-122.756854,45.637218]]]}},{"type":"Feature","properties":{"id":115,"area_m2":4400,"px":44,"rank":12},"geometry":{"type":"Polygon","coordinates":[[[-122.735732,45.62691],[-122.735731,45.627],[-122.735637,45.627003],[-122.735588,45.627035],[-122.735602,45.62718],[-122.735496,45.627196],[-122.735473,45.62727],[-122.735258,45.627276],[-122.73522,45.627308],[-122.735216,45.627359],[-122.734832,45.627358],[-122.734815,45.627198],[-122.734763,45.627178],[-122.734576,45.627178],[-122.734559,45.627107],[-122.734448,45.627087],[-122.734431,45.627017],[-122.73432,45.626997],[-122.734307,45.626931],[-122.734192,45.626907],[-122.734189,45.626855],[-122.734152,45.626823],[-122.73397,45.626825],[-122.733936,45.626865],[-122.733935,45.626996],[-122.733807,45.626996],[-122.733795,45.62684],[-122.73368,45.626816],[-122.733674,45.626759],[-122.733632,45.62673],[-122.733424,45.626725],[-122.733421,45.626583],[-122.733377,45.626549],[-122.733296,45.626545],[-122.733297,45.626455],[-122.733553,45.626455],[-122.733613,45.62648],[-122.733681,45.626456],[-122.733809,45.626456],[-122.733812,45.626521],[-122.733855,45.626555],[-122.734066,45.626547],[-122.734078,45.626703],[-122.734193,45.626727],[-122.734206,45.626793],[-122.734321,45.626817],[-122.734327,45.626874],[-122.734375,45.626905],[-122.734577,45.626908],[-122.734638,45.626932],[-122.734706,45.626908],[-122.734834,45.626908],[-122.734861,45.626986],[-122.735044,45.627021],[-122.735221,45.626979],[-122.735219,45.626819],[-122.735325,45.626804],[-122.735348,45.62673],[-122.735474,45.62673],[-122.735456,45.626859],[-122.735477,45.626893],[-122.735732,45.62691]]]}},{"type":"Feature","properties":{"id":86,"area_m2":4300,"px":43,"rank":13},"geometry":{"type":"Polygon","coordinates":[[[-122.748275,45.633329],[-122.748274,45.633509],[-122.748018,45.633509],[-122.748014,45.633457],[-122.747977,45.633425],[-122.747761,45.633418],[-122.747749,45.633352],[-122.747634,45.633328],[-122.7476,45.633247],[-122.747377,45.633237],[-122.74736,45.633167],[-122.747249,45.633147],[-122.747216,45.633066],[-122.747122,45.633057],[-122.747094,45.632979],[-122.746994,45.632966],[-122.746966,45.632889],[-122.746737,45.632876],[-122.746725,45.63281],[-122.74661,45.632786],[-122.746604,45.632729],[-122.746562,45.6327],[-122.746353,45.632695],[-122.746336,45.632625],[-122.746226,45.632605],[-122.746208,45.632535],[-122.746098,45.632514],[-122.746085,45.632448],[-122.74597,45.632424],[-122.745936,45.632343],[-122.745714,45.632334],[-122.745714,45.632154],[-122.745842,45.632154],[-122.745848,45.632211],[-122.745897,45.632242],[-122.746099,45.632245],[-122.746104,45.632301],[-122.746146,45.63233],[-122.746355,45.632335],[-122.746361,45.632392],[-122.746402,45.632421],[-122.746611,45.632426],[-122.746623,45.632582],[-122.74668,45.632606],[-122.746867,45.632606],[-122.746889,45.63268],[-122.746995,45.632697],[-122.747029,45.632778],[-122.747123,45.632787],[-122.747122,45.632918],[-122.747156,45.632958],[-122.747507,45.632968],[-122.747524,45.633038],[-122.747635,45.633058],[-122.747647,45.633124],[-122.747762,45.633148],[-122.747796,45.633229],[-122.748019,45.633239],[-122.748024,45.633296],[-122.748073,45.633327],[-122.748275,45.633329]]]}},{"type":"Feature","properties":{"id":46,"area_m2":3900,"px":39,"rank":14},"geometry":{"type":"Polygon","coordinates":[[[-122.750952,45.637116],[-122.750952,45.637296],[-122.750823,45.637295],[-122.750755,45.637271],[-122.750595,45.637307],[-122.750566,45.637385],[-122.750486,45.637389],[-122.750444,45.637418],[-122.750437,45.637565],[-122.750226,45.637542],[-122.750075,45.63758],[-122.750052,45.637654],[-122.74983,45.637662],[-122.749795,45.637743],[-122.749538,45.637743],[-122.749539,45.637653],[-122.749626,45.637646],[-122.749666,45.637609],[-122.749668,45.637383],[-122.749897,45.637371],[-122.749925,45.637294],[-122.750006,45.63729],[-122.750048,45.63726],[-122.750054,45.637114],[-122.750283,45.637102],[-122.750311,45.637024],[-122.750405,45.637015],[-122.75044,45.636935],[-122.750551,45.636915],[-122.750569,45.636845],[-122.750825,45.636845],[-122.750825,45.636935],[-122.75079,45.636983],[-122.750828,45.637077],[-122.750872,45.637111],[-122.750952,45.637116]]]}},{"type":"Feature","properties":{"id":31,"area_m2":3200,"px":32,"rank":15},"geometry":{"type":"Polygon","coordinates":[[[-122.750684,45.639815],[-122.750683,45.639905],[-122.750299,45.639904],[-122.750281,45.639834],[-122.750171,45.639814],[-122.750153,45.639744],[-122.750043,45.639724],[-122.750026,45.639654],[-122.749915,45.639634],[-122.749902,45.639568],[-122.749787,45.639543],[-122.749784,45.639492],[-122.749747,45.63946],[-122.749402,45.639452],[-122.749342,45.639428],[-122.749274,45.639452],[-122.749018,45.639452],[-122.749018,45.639272],[-122.749233,45.639271],[-122.74929,45.639238],[-122.749276,45.639002],[-122.74935,45.639],[-122.749395,45.638974],[-122.749405,45.638823],[-122.749662,45.638823],[-122.749684,45.638897],[-122.74979,45.638913],[-122.749824,45.638994],[-122.749918,45.639004],[-122.749917,45.639094],[-122.749883,45.639141],[-122.749917,45.639184],[-122.749918,45.63932],[-122.749957,45.639357],[-122.750044,45.639364],[-122.750044,45.639454],[-122.750009,45.639502],[-122.750066,45.639618],[-122.75012,45.639634],[-122.750556,45.639635],[-122.750544,45.639785],[-122.75059,45.639813],[-122.750684,45.639815]],[[-122.749823,45.639141],[-122.749783,45.639037],[-122.749735,45.639006],[-122.749474,45.639003],[-122.749417,45.639027],[-122.749407,45.639144],[-122.749451,45.639178],[-122.749532,45.639183],[-122.749512,45.639312],[-122.749545,45.639353],[-122.749718,45.639363],[-122.749775,45.639339],[-122.749789,45.639183],[-122.749823,45.639141]]]}},{"type":"Feature","properties":{"id":32,"area_m2":3000,"px":30,"rank":16},"geometry":{"type":"Polygon","coordinates":[[[-122.751329,45.639097],[-122.751328,45.639277],[-122.751227,45.639281],[-122.751181,45.639321],[-122.751198,45.639546],[-122.750996,45.639548],[-122.750947,45.639579],[-122.750941,45.639636],[-122.750813,45.639636],[-122.750808,45.639489],[-122.750766,45.63946],[-122.750686,45.639455],[-122.750683,45.639314],[-122.750639,45.639279],[-122.750558,45.639275],[-122.750541,45.639115],[-122.750489,45.639095],[-122.750302,45.639094],[-122.750297,45.639038],[-122.750248,45.639007],[-122.750046,45.639004],[-122.750046,45.638914],[-122.750152,45.638898],[-122.750177,45.638824],[-122.750303,45.638824],[-122.750309,45.638881],[-122.750358,45.638912],[-122.750559,45.638915],[-122.750572,45.638981],[-122.750687,45.639005],[-122.75071,45.63908],[-122.750831,45.639103],[-122.750816,45.639232],[-122.750877,45.639275],[-122.751017,45.639274],[-122.751071,45.639227],[-122.751059,45.63912],[-122.750928,45.639088],[-122.750945,45.638916],[-122.751073,45.638916],[-122.751095,45.63899],[-122.751201,45.639006],[-122.751235,45.639087],[-122.751329,45.639097]]]}},{"type":"Feature","properties":{"id":71,"area_m2":2700,"px":27,"rank":17},"geometry":{"type":"Polygon","coordinates":[[[-122.745315,45.635303],[-122.745314,45.635483],[-122.745058,45.635482],[-122.745035,45.635408],[-122.74493,45.635392],[-122.744908,45.635318],[-122.744802,45.635302],[-122.744785,45.635232],[-122.744674,45.635212],[-122.74464,45.635131],[-122.744546,45.635121],[-122.744518,45.635044],[-122.744418,45.635031],[-122.74439,45.634953],[-122.74429,45.634941],[-122.744263,45.634863],[-122.744163,45.63485],[-122.744135,45.634773],[-122.744035,45.63476],[-122.744035,45.63467],[-122.744141,45.634655],[-122.744164,45.63458],[-122.744292,45.634581],[-122.744314,45.634655],[-122.74442,45.634671],[-122.744442,45.634745],[-122.744548,45.634761],[-122.744565,45.634832],[-122.744676,45.634852],[-122.744709,45.634933],[-122.744803,45.634942],[-122.744831,45.63502],[-122.744931,45.635032],[-122.744959,45.63511],[-122.745059,45.635123],[-122.745087,45.6352],[-122.745187,45.635213],[-122.745215,45.635291],[-122.745315,45.635303]]]}},{"type":"Feature","properties":{"id":75,"area_m2":2700,"px":27,"rank":18},"geometry":{"type":"Polygon","coordinates":[[[-122.745959,45.634855],[-122.745958,45.635034],[-122.745831,45.635034],[-122.745826,45.634982],[-122.745789,45.63495],[-122.745573,45.634944],[-122.745572,45.634807],[-122.745527,45.634768],[-122.745365,45.634767],[-122.745323,45.634796],[-122.745317,45.634853],[-122.745189,45.634853],[-122.745172,45.634692],[-122.745061,45.634672],[-122.745028,45.634591],[-122.744934,45.634582],[-122.744906,45.634504],[-122.744806,45.634492],[-122.744778,45.634414],[-122.744678,45.634401],[-122.744679,45.634222],[-122.745063,45.634222],[-122.745086,45.634297],[-122.745191,45.634313],[-122.745225,45.634394],[-122.745319,45.634403],[-122.745341,45.634567],[-122.745447,45.634583],[-122.745459,45.634649],[-122.745574,45.634674],[-122.745608,45.634755],[-122.745831,45.634764],[-122.745853,45.634838],[-122.745959,45.634855]]]}},{"type":"Feature","properties":{"id":88,"area_m2":2400,"px":24,"rank":19},"geometry":{"type":"Polygon","coordinates":[[[-122.7502,45.633154],[-122.7502,45.633244],[-122.749996,45.633232],[-122.749949,45.633263],[-122.749943,45.633333],[-122.749815,45.633333],[-122.749797,45.633262],[-122.749687,45.633242],[-122.749653,45.633162],[-122.749559,45.633152],[-122.749531,45.633074],[-122.749303,45.633062],[-122.749285,45.632991],[-122.749175,45.632971],[-122.749162,45.632905],[-122.749047,45.632881],[-122.749044,45.632829],[-122.749006,45.632797],[-122.748791,45.63279],[-122.748791,45.632611],[-122.748826,45.632568],[-122.748792,45.63252],[-122.748792,45.632431],[-122.74892,45.632431],[-122.748943,45.632505],[-122.749048,45.632521],[-122.749082,45.632602],[-122.749176,45.632611],[-122.749176,45.632701],[-122.749141,45.632749],[-122.749209,45.632872],[-122.749377,45.632879],[-122.749426,45.632849],[-122.749432,45.632792],[-122.74956,45.632792],[-122.749578,45.632862],[-122.749688,45.632883],[-122.749722,45.632963],[-122.749816,45.632973],[-122.749844,45.633051],[-122.750072,45.633063],[-122.750095,45.633138],[-122.7502,45.633154]]]}},{"type":"Feature","properties":{"id":62,"area_m2":2100,"px":21,"rank":20},"geometry":{"type":"Polygon","coordinates":[[[-122.746722,45.636206],[-122.746722,45.636386],[-122.746648,45.636388],[-122.746602,45.636415],[-122.746592,45.636566],[-122.746464,45.636566],[-122.746442,45.636492],[-122.746336,45.636475],[-122.746302,45.636394],[-122.746208,45.636385],[-122.746192,45.636225],[-122.746081,45.636205],[-122.746047,45.636124],[-122.745953,45.636115],[-122.745925,45.636037],[-122.745825,45.636024],[-122.745797,45.635946],[-122.745697,45.635934],[-122.745669,45.635856],[-122.745569,45.635844],[-122.745541,45.635766],[-122.745441,45.635753],[-122.745442,45.635573],[-122.74557,45.635574],[-122.745593,45.635648],[-122.745698,45.635664],[-122.745716,45.635734],[-122.745826,45.635754],[-122.745843,45.635825],[-122.745954,45.635845],[-122.745971,45.635915],[-122.746082,45.635935],[-122.746099,45.636005],[-122.74621,45.636025],[-122.746223,45.636091],[-122.746338,45.636115],[-122.746372,45.636196],[-122.746526,45.63623],[-122.746594,45.636206],[-122.746722,45.636206]]]}},{"type":"Feature","properties":{"id":38,"area_m2":1700,"px":17,"rank":21},"geometry":{"type":"Polygon","coordinates":[[[-122.750176,45.638644],[-122.750175,45.638734],[-122.75007,45.63875],[-122.750047,45.638824],[-122.74979,45.638823],[-122.749768,45.638749],[-122.749662,45.638733],[-122.74965,45.638577],[-122.749535,45.638553],[-122.749501,45.638472],[-122.749407,45.638462],[-122.749379,45.638385],[-122.749279,45.638372],[-122.749251,45.638294],[-122.749151,45.638282],[-122.749151,45.638192],[-122.749536,45.638193],[-122.749539,45.638334],[-122.749583,45.638369],[-122.749664,45.638373],[-122.749686,45.638537],[-122.750048,45.638554],[-122.75007,45.638628],[-122.750176,45.638644]]]}},{"type":"Feature","properties":{"id":66,"area_m2":1700,"px":17,"rank":22},"geometry":{"type":"Polygon","coordinates":[[[-122.746981,45.635667],[-122.746981,45.635847],[-122.746852,45.635846],[-122.74684,45.63569],[-122.746784,45.635667],[-122.746597,45.635666],[-122.746574,45.635592],[-122.746469,45.635576],[-122.746469,45.635444],[-122.746435,45.635405],[-122.746267,45.635398],[-122.746219,45.635428],[-122.746212,45.635485],[-122.746084,45.635485],[-122.746076,45.635333],[-122.74603,45.635307],[-122.745957,45.635304],[-122.745958,45.635125],[-122.746214,45.635125],[-122.746227,45.635191],[-122.746342,45.635215],[-122.746376,45.635296],[-122.746598,45.635306],[-122.746615,45.635466],[-122.746726,45.635486],[-122.746759,45.635567],[-122.746853,45.635577],[-122.746881,45.635654],[-122.746981,45.635667]]]}},{"type":"Feature","properties":{"id":72,"area_m2":1500,"px":15,"rank":23},"geometry":{"type":"Polygon","coordinates":[[[-122.749807,45.635043],[-122.749806,45.635133],[-122.74955,45.635132],[-122.749467,45.63511],[-122.749316,45.635148],[-122.749293,45.635222],[-122.749165,45.635222],[-122.749165,45.635132],[-122.749246,45.635128],[-122.74929,45.635094],[-122.749288,45.634972],[-122.749227,45.634938],[-122.749038,45.634951],[-122.749015,45.634877],[-122.74891,45.634861],[-122.74891,45.634771],[-122.749016,45.634755],[-122.749041,45.634681],[-122.749167,45.634682],[-122.749173,45.634738],[-122.749221,45.634769],[-122.749551,45.634772],[-122.749564,45.634928],[-122.749679,45.634953],[-122.749713,45.635034],[-122.749807,45.635043]]]}},{"type":"Feature","properties":{"id":93,"area_m2":1500,"px":15,"rank":24},"geometry":{"type":"Polygon","coordinates":[[[-122.748024,45.632159],[-122.748023,45.632249],[-122.747897,45.632248],[-122.747892,45.632197],[-122.747855,45.632165],[-122.747639,45.632158],[-122.747622,45.632088],[-122.747511,45.632068],[-122.747477,45.631987],[-122.747383,45.631977],[-122.747355,45.631899],[-122.747127,45.631887],[-122.747105,45.631812],[-122.746999,45.631796],[-122.746986,45.63173],[-122.746871,45.631706],[-122.746843,45.631628],[-122.746743,45.631616],[-122.746744,45.631526],[-122.747257,45.631527],[-122.747256,45.631617],[-122.747222,45.631659],[-122.747242,45.631698],[-122.747316,45.631731],[-122.747384,45.631707],[-122.747512,45.631708],[-122.747512,45.631798],[-122.747477,45.631845],[-122.747529,45.631958],[-122.747639,45.631978],[-122.747643,45.63203],[-122.74768,45.632062],[-122.747896,45.632069],[-122.747918,45.632143],[-122.748024,45.632159]]]}},{"type":"Feature","properties":{"id":1,"area_m2":1400,"px":14,"rank":25},"geometry":{"type":"Polygon","coordinates":[[[-122.758865,45.646944],[-122.758865,45.647034],[-122.758609,45.647033],[-122.758587,45.646869],[-122.758353,45.646852],[-122.75833,45.646778],[-122.758225,45.646762],[-122.758226,45.646402],[-122.758354,45.646403],[-122.758377,45.646477],[-122.758482,45.646493],[-122.758495,45.646649],[-122.75861,45.646673],[-122.758644,45.646754],[-122.758738,45.646763],[-122.758746,45.646915],[-122.758792,45.646941],[-122.758865,45.646944]]]}},{"type":"Feature","properties":{"id":68,"area_m2":1400,"px":14,"rank":26},"geometry":{"type":"Polygon","coordinates":[[[-122.744929,45.635572],[-122.744928,45.635662],[-122.744802,45.635662],[-122.744791,45.6356],[-122.744739,45.635573],[-122.744288,45.635571],[-122.744275,45.635415],[-122.74416,45.63539],[-122.744126,45.63531],[-122.744032,45.6353],[-122.744033,45.63503],[-122.744162,45.635031],[-122.744184,45.635105],[-122.744289,45.635121],[-122.744298,45.635272],[-122.744343,45.635299],[-122.744417,45.635301],[-122.744451,45.635382],[-122.744545,45.635391],[-122.744573,45.635469],[-122.744801,45.635482],[-122.744823,45.635556],[-122.744929,45.635572]]]}},{"type":"Feature","properties":{"id":9,"area_m2":1300,"px":13,"rank":27},"geometry":{"type":"Polygon","coordinates":[[[-122.764659,45.642455],[-122.764659,45.642545],[-122.764443,45.642551],[-122.764405,45.642583],[-122.764402,45.642635],[-122.764286,45.642659],[-122.764273,45.642724],[-122.764145,45.642724],[-122.764123,45.64265],[-122.764017,45.642634],[-122.763983,45.642553],[-122.763889,45.642544],[-122.76389,45.642364],[-122.764018,45.642364],[-122.764078,45.642388],[-122.764146,45.642364],[-122.764531,45.642365],[-122.764553,45.642439],[-122.764659,45.642455]]]}},{"type":"Feature","properties":{"id":26,"area_m2":1300,"px":13,"rank":28},"geometry":{"type":"Polygon","coordinates":[[[-122.752222,45.640179],[-122.752222,45.640269],[-122.752116,45.640284],[-122.752093,45.640358],[-122.751649,45.640358],[-122.751589,45.640386],[-122.751579,45.640447],[-122.751194,45.640446],[-122.751195,45.640357],[-122.751402,45.640357],[-122.751459,45.640332],[-122.751452,45.640177],[-122.752222,45.640179]]]}},{"type":"Feature","properties":{"id":108,"area_m2":1300,"px":13,"rank":29},"geometry":{"type":"Polygon","coordinates":[[[-122.738547,45.628357],[-122.738547,45.628447],[-122.738466,45.628451],[-122.738422,45.628485],[-122.738418,45.628627],[-122.738312,45.628642],[-122.738289,45.628716],[-122.738161,45.628716],[-122.738162,45.628446],[-122.738197,45.628399],[-122.73816,45.628291],[-122.738096,45.628253],[-122.737906,45.628266],[-122.737907,45.628086],[-122.738109,45.628084],[-122.738158,45.628053],[-122.738164,45.627996],[-122.738292,45.627997],[-122.738292,45.628086],[-122.738257,45.628134],[-122.7383,45.628238],[-122.738346,45.628264],[-122.738419,45.628267],[-122.738453,45.628348],[-122.738547,45.628357]]]}},{"type":"Feature","properties":{"id":10,"area_m2":1200,"px":12,"rank":30},"geometry":{"type":"Polygon","coordinates":[[[-122.751442,45.642427],[-122.751442,45.642517],[-122.751336,45.642533],[-122.751313,45.642607],[-122.751185,45.642607],[-122.751151,45.642526],[-122.750929,45.642516],[-122.750906,45.642442],[-122.750801,45.642426],[-122.750802,45.642246],[-122.751186,45.642247],[-122.751209,45.642321],[-122.751314,45.642337],[-122.751348,45.642418],[-122.751442,45.642427]]]}},{"type":"Feature","properties":{"id":92,"area_m2":1200,"px":12,"rank":31},"geometry":{"type":"Polygon","coordinates":[[[-122.747638,45.632248],[-122.747637,45.632428],[-122.747381,45.632427],[-122.747373,45.632276],[-122.74732,45.632248],[-122.747125,45.632247],[-122.747103,45.632083],[-122.746741,45.632066],[-122.746742,45.631976],[-122.747255,45.631977],[-122.747277,45.632051],[-122.747382,45.632067],[-122.747404,45.632232],[-122.747638,45.632248]]]}},{"type":"Feature","properties":{"id":25,"area_m2":1100,"px":11,"rank":32},"geometry":{"type":"Polygon","coordinates":[[[-122.749013,45.640352],[-122.749013,45.640442],[-122.748907,45.640457],[-122.748884,45.640531],[-122.748769,45.640555],[-122.748755,45.640621],[-122.748627,45.640621],[-122.748627,45.64049],[-122.748594,45.64045],[-122.748372,45.64044],[-122.748372,45.64035],[-122.748559,45.640351],[-122.748616,45.640327],[-122.748629,45.640171],[-122.748758,45.640171],[-122.74878,45.640245],[-122.748885,45.640262],[-122.748919,45.640342],[-122.749013,45.640352]]]}},{"type":"Feature","properties":{"id":43,"area_m2":1100,"px":11,"rank":33},"geometry":{"type":"Polygon","coordinates":[[[-122.7548,45.637574],[-122.754799,45.637664],[-122.754694,45.63768],[-122.754671,45.637754],[-122.754476,45.637754],[-122.754417,45.637792],[-122.754426,45.637909],[-122.754541,45.637934],[-122.75454,45.638203],[-122.754284,45.638203],[-122.754317,45.638055],[-122.754262,45.637949],[-122.754157,45.637933],[-122.754157,45.637843],[-122.754263,45.637827],[-122.754286,45.637753],[-122.754401,45.637729],[-122.754415,45.637663],[-122.754616,45.637661],[-122.754665,45.63763],[-122.754672,45.637574],[-122.7548,45.637574]]]}},{"type":"Feature","properties":{"id":81,"area_m2":1100,"px":11,"rank":34},"geometry":{"type":"Polygon","coordinates":[[[-122.746346,45.634315],[-122.746346,45.634405],[-122.746091,45.634405],[-122.746086,45.634353],[-122.746049,45.634321],[-122.745833,45.634314],[-122.745811,45.63424],[-122.745705,45.634224],[-122.745671,45.634143],[-122.745577,45.634133],[-122.745578,45.633954],[-122.745706,45.633954],[-122.745719,45.63402],[-122.745834,45.634044],[-122.745837,45.634096],[-122.745874,45.634128],[-122.74609,45.634135],[-122.746112,45.634209],[-122.746218,45.634225],[-122.746252,45.634306],[-122.746346,45.634315]]]}},{"type":"Feature","properties":{"id":42,"area_m2":1000,"px":10,"rank":35},"geometry":{"type":"Polygon","coordinates":[[[-122.750049,45.638194],[-122.750049,45.638374],[-122.749921,45.638373],[-122.749898,45.638299],[-122.749793,45.638283],[-122.749776,45.638123],[-122.749665,45.638103],[-122.749631,45.638022],[-122.749537,45.638013],[-122.749538,45.637833],[-122.749794,45.637833],[-122.749803,45.637985],[-122.749848,45.638011],[-122.749922,45.638014],[-122.749939,45.638174],[-122.750049,45.638194]]]}},{"type":"Feature","properties":{"id":53,"area_m2":1000,"px":10,"rank":36},"geometry":{"type":"Polygon","coordinates":[[[-122.750312,45.636754],[-122.750312,45.636844],[-122.750206,45.63686],[-122.750183,45.636934],[-122.750068,45.636958],[-122.750055,45.637024],[-122.749798,45.637023],[-122.749799,45.636843],[-122.749887,45.636837],[-122.749926,45.6368],[-122.749929,45.636573],[-122.750057,45.636574],[-122.750057,45.636705],[-122.75009,45.636745],[-122.750312,45.636754]]]}},{"type":"Feature","properties":{"id":55,"area_m2":900,"px":9,"rank":37},"geometry":{"type":"Polygon","coordinates":[[[-122.74518,45.636833],[-122.745179,45.637013],[-122.745051,45.637013],[-122.74505,45.636876],[-122.745004,45.636837],[-122.744795,45.636832],[-122.744735,45.636808],[-122.744667,45.636832],[-122.74441,45.636831],[-122.744411,45.636651],[-122.744539,45.636652],[-122.7446,45.636676],[-122.744668,45.636652],[-122.744924,45.636652],[-122.744946,45.636727],[-122.745052,45.636743],[-122.745086,45.636824],[-122.74518,45.636833]]]}},{"type":"Feature","properties":{"id":105,"area_m2":900,"px":9,"rank":38},"geometry":{"type":"Polygon","coordinates":[[[-122.738544,45.629077],[-122.738543,45.629257],[-122.738287,45.629256],[-122.738274,45.629101],[-122.738218,45.629077],[-122.738031,45.629076],[-122.738028,45.628934],[-122.737984,45.6289],[-122.737903,45.628896],[-122.737904,45.628806],[-122.73816,45.628806],[-122.738182,45.62897],[-122.738288,45.628987],[-122.738293,45.629043],[-122.738335,45.629073],[-122.738544,45.629077]]]}},{"type":"Feature","properties":{"id":107,"area_m2":900,"px":9,"rank":39},"geometry":{"type":"Polygon","coordinates":[[[-122.741624,45.628724],[-122.741624,45.628814],[-122.741496,45.628814],[-122.74149,45.628757],[-122.741449,45.628728],[-122.741308,45.628699],[-122.74124,45.628723],[-122.741111,45.628723],[-122.741108,45.628671],[-122.741071,45.628639],[-122.740855,45.628632],[-122.740856,45.628542],[-122.740949,45.62854],[-122.740999,45.628508],[-122.740985,45.628363],[-122.741113,45.628363],[-122.741135,45.628437],[-122.741241,45.628453],[-122.741258,45.628524],[-122.741369,45.628544],[-122.741403,45.628624],[-122.741497,45.628634],[-122.741524,45.628712],[-122.741624,45.628724]]]}},{"type":"Feature","properties":{"id":24,"area_m2":800,"px":8,"rank":40},"geometry":{"type":"Polygon","coordinates":[[[-122.761972,45.64065],[-122.761972,45.640739],[-122.761891,45.640743],[-122.761847,45.640778],[-122.761843,45.640919],[-122.761586,45.640919],[-122.761564,45.640845],[-122.761458,45.640828],[-122.761459,45.640739],[-122.761564,45.640723],[-122.761587,45.640649],[-122.761972,45.64065]]]}},{"type":"Feature","properties":{"id":39,"area_m2":800,"px":8,"rank":41},"geometry":{"type":"Polygon","coordinates":[[[-122.749406,45.638643],[-122.749405,45.638732],[-122.749279,45.638732],[-122.749274,45.63868],[-122.749237,45.638648],[-122.749021,45.638642],[-122.748999,45.638477],[-122.748637,45.638461],[-122.748637,45.638371],[-122.748743,45.638355],[-122.748766,45.638281],[-122.748894,45.638281],[-122.748917,45.638356],[-122.749022,45.638372],[-122.749039,45.638442],[-122.74915,45.638462],[-122.749184,45.638543],[-122.749278,45.638552],[-122.749306,45.63863],[-122.749406,45.638643]]]}},{"type":"Feature","properties":{"id":61,"area_m2":800,"px":8,"rank":42},"geometry":{"type":"Polygon","coordinates":[[[-122.748518,45.63639],[-122.748517,45.63657],[-122.748261,45.63657],[-122.748252,45.636418],[-122.748207,45.636392],[-122.748133,45.636389],[-122.748099,45.636308],[-122.748005,45.636299],[-122.748006,45.636209],[-122.748262,45.63621],[-122.748284,45.636284],[-122.74839,45.6363],[-122.748424,45.636381],[-122.748518,45.63639]]]}},{"type":"Feature","properties":{"id":80,"area_m2":800,"px":8,"rank":43},"geometry":{"type":"Polygon","coordinates":[[[-122.748527,45.63423],[-122.748527,45.63432],[-122.748421,45.634336],[-122.748398,45.63441],[-122.74827,45.634409],[-122.74827,45.634278],[-122.748237,45.634239],[-122.747886,45.634229],[-122.747887,45.634049],[-122.748143,45.634049],[-122.748156,45.634115],[-122.748271,45.63414],[-122.748305,45.63422],[-122.748527,45.63423]]]}},{"type":"Feature","properties":{"id":85,"area_m2":800,"px":8,"rank":44},"geometry":{"type":"Polygon","coordinates":[[[-122.745708,45.633414],[-122.745707,45.633684],[-122.745579,45.633683],[-122.745579,45.633552],[-122.745552,45.633516],[-122.745323,45.633503],[-122.745318,45.633446],[-122.745269,45.633415],[-122.745067,45.633412],[-122.745068,45.633232],[-122.745196,45.633233],[-122.745209,45.633299],[-122.745324,45.633323],[-122.74533,45.63338],[-122.745371,45.633409],[-122.745708,45.633414]]]}},{"type":"Feature","properties":{"id":90,"area_m2":800,"px":8,"rank":45},"geometry":{"type":"Polygon","coordinates":[[[-122.743916,45.63251],[-122.743916,45.6326],[-122.74366,45.632599],[-122.743637,45.632525],[-122.743532,45.632509],[-122.743514,45.632438],[-122.743404,45.632418],[-122.74337,45.632338],[-122.743276,45.632328],[-122.743248,45.63225],[-122.743148,45.632238],[-122.743148,45.632148],[-122.743277,45.632148],[-122.743289,45.632214],[-122.743404,45.632239],[-122.743408,45.63229],[-122.743445,45.632322],[-122.743661,45.632329],[-122.743683,45.632403],[-122.743789,45.632419],[-122.743822,45.6325],[-122.743916,45.63251]]]}},{"type":"Feature","properties":{"id":110,"area_m2":800,"px":8,"rank":46},"geometry":{"type":"Polygon","coordinates":[[[-122.739831,45.62809],[-122.739831,45.62818],[-122.739615,45.628186],[-122.739578,45.628218],[-122.739574,45.628269],[-122.739317,45.628269],[-122.739295,45.628195],[-122.73919,45.628178],[-122.73919,45.628089],[-122.739401,45.628098],[-122.739443,45.628064],[-122.739447,45.627999],[-122.739703,45.628],[-122.739726,45.628074],[-122.739831,45.62809]]]}},{"type":"Feature","properties":{"id":22,"area_m2":700,"px":7,"rank":47},"geometry":{"type":"Polygon","coordinates":[[[-122.76274,45.641011],[-122.76274,45.641101],[-122.762485,45.641101],[-122.76248,45.641049],[-122.762443,45.641017],[-122.762227,45.64101],[-122.762228,45.64083],[-122.762485,45.640831],[-122.762507,45.640905],[-122.762612,45.640921],[-122.762646,45.641002],[-122.76274,45.641011]]]}},{"type":"Feature","properties":{"id":34,"area_m2":700,"px":7,"rank":48},"geometry":{"type":"Polygon","coordinates":[[[-122.753252,45.639281],[-122.753252,45.639371],[-122.753146,45.639386],[-122.753123,45.639461],[-122.752739,45.63946],[-122.752739,45.63937],[-122.75282,45.639366],[-122.752864,45.639332],[-122.752868,45.63919],[-122.752996,45.63919],[-122.753002,45.639247],[-122.753051,45.639278],[-122.753252,45.639281]]]}},{"type":"Feature","properties":{"id":44,"area_m2":700,"px":7,"rank":49},"geometry":{"type":"Polygon","coordinates":[[[-122.750434,45.637746],[-122.750402,45.637792],[-122.750436,45.637835],[-122.750436,45.637925],[-122.749923,45.637923],[-122.749923,45.637744],[-122.750134,45.637766],[-122.750286,45.637728],[-122.750309,45.637654],[-122.750435,45.637655],[-122.750434,45.637746]]]}},{"type":"Feature","properties":{"id":69,"area_m2":700,"px":7,"rank":50},"geometry":{"type":"Polygon","coordinates":[[[-122.743262,45.635299],[-122.743261,45.635478],[-122.743156,45.635494],[-122.743133,45.635568],[-122.743005,45.635568],[-122.742982,45.635494],[-122.742877,45.635478],[-122.742843,45.635397],[-122.742749,45.635387],[-122.742749,45.635297],[-122.742877,45.635298],[-122.742938,45.635322],[-122.743006,45.635298],[-122.743262,45.635299]]]}},{"type":"Feature","properties":{"id":76,"area_m2":700,"px":7,"rank":51},"geometry":{"type":"Polygon","coordinates":[[[-122.74737,45.634858],[-122.74737,45.634948],[-122.747113,45.634947],[-122.747091,45.634873],[-122.746985,45.634857],[-122.746968,45.634786],[-122.746857,45.634766],[-122.746823,45.634685],[-122.746729,45.634676],[-122.746702,45.634598],[-122.746601,45.634586],[-122.746602,45.634496],[-122.74673,45.634496],[-122.746743,45.634562],[-122.746858,45.634586],[-122.746861,45.634638],[-122.746898,45.63467],[-122.747114,45.634677],[-122.747114,45.634808],[-122.747148,45.634848],[-122.74737,45.634858]]]}},{"type":"Feature","properties":{"id":2,"area_m2":600,"px":6,"rank":52},"geometry":{"type":"Polygon","coordinates":[[[-122.759509,45.646405],[-122.759509,45.646495],[-122.759403,45.646511],[-122.75938,45.646585],[-122.759252,45.646584],[-122.759252,45.646358],[-122.759212,45.646321],[-122.759125,45.646314],[-122.759125,45.646224],[-122.759382,45.646225],[-122.75939,45.646376],[-122.759436,45.646402],[-122.759509,45.646405]]]}},{"type":"Feature","properties":{"id":6,"area_m2":600,"px":6,"rank":53},"geometry":{"type":"Polygon","coordinates":[[[-122.759268,45.642894],[-122.759267,45.642984],[-122.759173,45.642993],[-122.759139,45.643074],[-122.759065,45.643076],[-122.759019,45.643102],[-122.75901,45.643254],[-122.758881,45.643253],[-122.758883,45.642983],[-122.758976,45.642981],[-122.759022,45.642954],[-122.759012,45.642804],[-122.75914,45.642804],[-122.759162,45.642878],[-122.759268,45.642894]]]}},{"type":"Feature","properties":{"id":35,"area_m2":600,"px":6,"rank":54},"geometry":{"type":"Polygon","coordinates":[[[-122.749148,45.638912],[-122.749148,45.639002],[-122.749042,45.639018],[-122.749019,45.639092],[-122.748904,45.639115],[-122.74889,45.639181],[-122.748634,45.639181],[-122.748635,45.639001],[-122.748957,45.639],[-122.74901,45.638973],[-122.74902,45.638912],[-122.749148,45.638912]]]}},{"type":"Feature","properties":{"id":84,"area_m2":600,"px":6,"rank":55},"geometry":{"type":"Polygon","coordinates":[[[-122.747247,45.633597],[-122.747247,45.633687],[-122.747141,45.633703],[-122.747118,45.633777],[-122.74699,45.633777],[-122.746968,45.633612],[-122.746734,45.633596],[-122.746735,45.633416],[-122.746863,45.633416],[-122.746876,45.633482],[-122.746991,45.633507],[-122.746994,45.633558],[-122.747031,45.63359],[-122.747247,45.633597]]]}},{"type":"Feature","properties":{"id":87,"area_m2":600,"px":6,"rank":56},"geometry":{"type":"Polygon","coordinates":[[[-122.746607,45.633326],[-122.746607,45.633416],[-122.74635,45.633415],[-122.746338,45.633259],[-122.746281,45.633235],[-122.746094,45.633235],[-122.746095,45.633145],[-122.746201,45.633129],[-122.746223,45.633055],[-122.746352,45.633055],[-122.746364,45.633211],[-122.746479,45.633236],[-122.746513,45.633316],[-122.746607,45.633326]]]}},{"type":"Feature","properties":{"id":91,"area_m2":600,"px":6,"rank":57},"geometry":{"type":"Polygon","coordinates":[[[-122.748664,45.63234],[-122.748663,45.63252],[-122.748407,45.63252],[-122.748385,45.632445],[-122.748279,45.632429],[-122.748279,45.632339],[-122.748385,45.632324],[-122.748408,45.63225],[-122.748536,45.63225],[-122.748559,45.632324],[-122.748664,45.63234]]]}},{"type":"Feature","properties":{"id":99,"area_m2":600,"px":6,"rank":58},"geometry":{"type":"Polygon","coordinates":[[[-122.74508,45.630532],[-122.745079,45.630712],[-122.744951,45.630712],[-122.744938,45.630646],[-122.744823,45.630621],[-122.744789,45.630541],[-122.744567,45.630531],[-122.744567,45.630441],[-122.744952,45.630442],[-122.744974,45.630516],[-122.74508,45.630532]]]}},{"type":"Feature","properties":{"id":101,"area_m2":600,"px":6,"rank":59},"geometry":{"type":"Polygon","coordinates":[[[-122.743542,45.630259],[-122.743541,45.630529],[-122.743412,45.630528],[-122.743352,45.630504],[-122.743284,45.630528],[-122.743156,45.630528],[-122.743156,45.630438],[-122.743237,45.630434],[-122.743281,45.6304],[-122.743285,45.630258],[-122.743542,45.630259]]]}},{"type":"Feature","properties":{"id":116,"area_m2":600,"px":6,"rank":60},"geometry":{"type":"Polygon","coordinates":[[[-122.736243,45.627182],[-122.736243,45.627272],[-122.736117,45.627271],[-122.736112,45.62722],[-122.736075,45.627188],[-122.735859,45.627181],[-122.735859,45.627091],[-122.735894,45.627048],[-122.73586,45.627001],[-122.735861,45.626821],[-122.735989,45.626821],[-122.735997,45.626973],[-122.736042,45.626999],[-122.736116,45.627001],[-122.736133,45.627162],[-122.736243,45.627182]]]}},{"type":"Feature","properties":{"id":13,"area_m2":500,"px":5,"rank":61},"geometry":{"type":"Polygon","coordinates":[[[-122.754395,45.642164],[-122.754394,45.642254],[-122.754138,45.642253],[-122.754135,45.642111],[-122.754091,45.642077],[-122.75401,45.642073],[-122.754011,45.641983],[-122.754267,45.641983],[-122.754276,45.642135],[-122.754321,45.642161],[-122.754395,45.642164]]]}},{"type":"Feature","properties":{"id":17,"area_m2":500,"px":5,"rank":62},"geometry":{"type":"Polygon","coordinates":[[[-122.761199,45.641278],[-122.761199,45.641368],[-122.760943,45.641367],[-122.76094,45.641226],[-122.760896,45.641191],[-122.760815,45.641187],[-122.760815,45.641097],[-122.761072,45.641098],[-122.76108,45.641249],[-122.761126,45.641275],[-122.761199,45.641278]]]}},{"type":"Feature","properties":{"id":23,"area_m2":500,"px":5,"rank":63},"geometry":{"type":"Polygon","coordinates":[[[-122.761458,45.640919],[-122.761457,45.641008],[-122.761072,45.641008],[-122.761073,45.640918],[-122.761154,45.640914],[-122.761198,45.64088],[-122.761202,45.640738],[-122.76133,45.640738],[-122.761339,45.64089],[-122.761384,45.640916],[-122.761458,45.640919]]]}},{"type":"Feature","properties":{"id":33,"area_m2":500,"px":5,"rank":64},"geometry":{"type":"Polygon","coordinates":[[[-122.758257,45.639202],[-122.758257,45.639292],[-122.758048,45.639295],[-122.758006,45.639324],[-122.758,45.639381],[-122.757889,45.639401],[-122.757871,45.639561],[-122.757742,45.63956],[-122.757743,45.639381],[-122.757849,45.639365],[-122.757872,45.639291],[-122.757987,45.639267],[-122.758001,45.639201],[-122.758257,45.639202]]]}},{"type":"Feature","properties":{"id":45,"area_m2":500,"px":5,"rank":65},"geometry":{"type":"Polygon","coordinates":[[[-122.755442,45.637485],[-122.755441,45.637665],[-122.755237,45.637654],[-122.75519,45.637685],[-122.755184,45.637755],[-122.755056,45.637755],[-122.755056,45.637575],[-122.755162,45.637559],[-122.755185,45.637485],[-122.755442,45.637485]]]}},{"type":"Feature","properties":{"id":49,"area_m2":500,"px":5,"rank":66},"geometry":{"type":"Polygon","coordinates":[[[-122.755057,45.637395],[-122.755057,45.637485],[-122.754929,45.637484],[-122.754868,45.63746],[-122.7548,45.637484],[-122.754544,45.637483],[-122.754544,45.637394],[-122.75465,45.637378],[-122.754673,45.637304],[-122.754929,45.637304],[-122.754951,45.637379],[-122.755057,45.637395]]]}},{"type":"Feature","properties":{"id":50,"area_m2":500,"px":5,"rank":67},"geometry":{"type":"Polygon","coordinates":[[[-122.747488,45.637108],[-122.747488,45.637198],[-122.74736,45.637198],[-122.747347,45.637132],[-122.747232,45.637107],[-122.747198,45.637027],[-122.746975,45.637017],[-122.746976,45.636837],[-122.747104,45.636837],[-122.747127,45.636911],[-122.747232,45.636928],[-122.747245,45.636994],[-122.74736,45.637018],[-122.747388,45.637096],[-122.747488,45.637108]]]}},{"type":"Feature","properties":{"id":73,"area_m2":500,"px":5,"rank":68},"geometry":{"type":"Polygon","coordinates":[[[-122.743906,45.63485],[-122.743905,45.63503],[-122.743799,45.635045],[-122.743776,45.63512],[-122.74352,45.635119],[-122.74352,45.635029],[-122.743626,45.635013],[-122.743649,45.634939],[-122.743764,45.634916],[-122.743778,45.63485],[-122.743906,45.63485]]]}},{"type":"Feature","properties":{"id":82,"area_m2":500,"px":5,"rank":69},"geometry":{"type":"Polygon","coordinates":[[[-122.741728,45.634035],[-122.741727,45.634215],[-122.741622,45.63423],[-122.741599,45.634305],[-122.741483,45.634328],[-122.74147,45.634394],[-122.741342,45.634394],[-122.741342,45.634304],[-122.741423,45.6343],[-122.741467,45.634266],[-122.741471,45.634124],[-122.741577,45.634109],[-122.7416,45.634035],[-122.741728,45.634035]]]}},{"type":"Feature","properties":{"id":83,"area_m2":500,"px":5,"rank":70},"geometry":{"type":"Polygon","coordinates":[[[-122.747759,45.633958],[-122.747758,45.634048],[-122.747632,45.634048],[-122.747627,45.633996],[-122.74759,45.633964],[-122.747374,45.633957],[-122.747375,45.633778],[-122.747631,45.633778],[-122.74764,45.63393],[-122.747685,45.633956],[-122.747759,45.633958]]]}},{"type":"Feature","properties":{"id":102,"area_m2":500,"px":5,"rank":71},"geometry":{"type":"Polygon","coordinates":[[[-122.7438,45.629989],[-122.743799,45.630169],[-122.743671,45.630169],[-122.74361,45.630145],[-122.743542,45.630169],[-122.743414,45.630168],[-122.743415,45.629988],[-122.7438,45.629989]]]}},{"type":"Feature","properties":{"id":104,"area_m2":500,"px":5,"rank":72},"geometry":{"type":"Polygon","coordinates":[[[-122.734949,45.629699],[-122.734948,45.629789],[-122.734692,45.629788],[-122.73467,45.629714],[-122.734564,45.629698],[-122.734551,45.629632],[-122.734436,45.629608],[-122.734408,45.62953],[-122.734308,45.629517],[-122.734309,45.629427],[-122.734437,45.629428],[-122.734454,45.629498],[-122.734565,45.629518],[-122.734577,45.629584],[-122.734693,45.629608],[-122.734727,45.629689],[-122.734949,45.629699]]]}},{"type":"Feature","properties":{"id":109,"area_m2":500,"px":5,"rank":73},"geometry":{"type":"Polygon","coordinates":[[[-122.740857,45.628182],[-122.740857,45.628272],[-122.740751,45.628288],[-122.740728,45.628362],[-122.740472,45.628361],[-122.740472,45.628271],[-122.740507,45.628229],[-122.740473,45.628181],[-122.740473,45.628091],[-122.740601,45.628092],[-122.740607,45.628148],[-122.740655,45.62818],[-122.740857,45.628182]]]}},{"type":"Feature","properties":{"id":120,"area_m2":500,"px":5,"rank":74},"geometry":{"type":"Polygon","coordinates":[[[-122.735226,45.625289],[-122.735225,45.625469],[-122.735003,45.625478],[-122.734969,45.625517],[-122.734968,45.625648],[-122.73484,45.625648],[-122.734841,45.625468],[-122.734946,45.625453],[-122.734969,45.625379],[-122.735085,45.625355],[-122.735098,45.625289],[-122.735226,45.625289]]]}},{"type":"Feature","properties":{"id":8,"area_m2":400,"px":4,"rank":75},"geometry":{"type":"Polygon","coordinates":[[[-122.751954,45.642698],[-122.751954,45.642788],[-122.751848,45.642804],[-122.751825,45.642878],[-122.75171,45.642902],[-122.751696,45.642968],[-122.751568,45.642968],[-122.751569,45.642878],[-122.751649,45.642874],[-122.751694,45.64284],[-122.751698,45.642698],[-122.751954,45.642698]]]}},{"type":"Feature","properties":{"id":11,"area_m2":400,"px":4,"rank":76},"geometry":{"type":"Polygon","coordinates":[[[-122.754009,45.642253],[-122.754008,45.642523],[-122.75388,45.642523],[-122.753877,45.642381],[-122.753833,45.642347],[-122.753752,45.642342],[-122.753753,45.642252],[-122.754009,45.642253]]]}},{"type":"Feature","properties":{"id":30,"area_m2":400,"px":4,"rank":77},"geometry":{"type":"Polygon","coordinates":[[[-122.750042,45.639814],[-122.750041,45.639994],[-122.749785,45.639993],[-122.749786,45.639813],[-122.750042,45.639814]]]}},{"type":"Feature","properties":{"id":40,"area_m2":400,"px":4,"rank":78},"geometry":{"type":"Polygon","coordinates":[[[-122.750561,45.638465],[-122.750561,45.638555],[-122.750433,45.638555],[-122.750372,45.63853],[-122.750304,45.638554],[-122.750176,45.638554],[-122.750177,45.638374],[-122.750434,45.638375],[-122.750456,45.638449],[-122.750561,45.638465]]]}},{"type":"Feature","properties":{"id":51,"area_m2":400,"px":4,"rank":79},"geometry":{"type":"Polygon","coordinates":[[[-122.749542,45.636933],[-122.749541,45.637023],[-122.749436,45.637038],[-122.749413,45.637112],[-122.749156,45.637112],[-122.749157,45.636932],[-122.749285,45.636932],[-122.749346,45.636956],[-122.749414,45.636932],[-122.749542,45.636933]]]}},{"type":"Feature","properties":{"id":54,"area_m2":400,"px":4,"rank":80},"geometry":{"type":"Polygon","coordinates":[[[-122.749029,45.636751],[-122.749028,45.637021],[-122.7489,45.637021],[-122.748897,45.636879],[-122.748853,45.636845],[-122.748773,45.636841],[-122.748773,45.636751],[-122.749029,45.636751]]]}},{"type":"Feature","properties":{"id":58,"area_m2":400,"px":4,"rank":81},"geometry":{"type":"Polygon","coordinates":[[[-122.748388,45.63675],[-122.748387,45.63684],[-122.748131,45.636839],[-122.748128,45.636698],[-122.748084,45.636663],[-122.748004,45.636659],[-122.748004,45.636569],[-122.748132,45.636569],[-122.748154,45.636644],[-122.74826,45.63666],[-122.748294,45.636741],[-122.748388,45.63675]]]}},{"type":"Feature","properties":{"id":63,"area_m2":400,"px":4,"rank":82},"geometry":{"type":"Polygon","coordinates":[[[-122.74762,45.636208],[-122.74762,45.636298],[-122.747364,45.636298],[-122.747361,45.636156],[-122.747317,45.636122],[-122.747236,45.636117],[-122.747237,45.636027],[-122.747365,45.636028],[-122.747387,45.636102],[-122.747493,45.636118],[-122.747526,45.636199],[-122.74762,45.636208]]]}},{"type":"Feature","properties":{"id":64,"area_m2":400,"px":4,"rank":83},"geometry":{"type":"Polygon","coordinates":[[[-122.75006,45.635854],[-122.750059,45.635944],[-122.749675,45.635943],[-122.749676,45.635763],[-122.749804,45.635763],[-122.749809,45.63582],[-122.749858,45.635851],[-122.75006,45.635854]]]}},{"type":"Feature","properties":{"id":74,"area_m2":400,"px":4,"rank":84},"geometry":{"type":"Polygon","coordinates":[[[-122.743136,45.634938],[-122.743135,45.635118],[-122.743007,45.635118],[-122.742994,45.634962],[-122.742938,45.634938],[-122.742751,45.634937],[-122.742751,45.634847],[-122.743008,45.634848],[-122.74303,45.634922],[-122.743136,45.634938]]]}},{"type":"Feature","properties":{"id":78,"area_m2":400,"px":4,"rank":85},"geometry":{"type":"Polygon","coordinates":[[[-122.746088,45.634675],[-122.746087,45.634765],[-122.745959,45.634764],[-122.745937,45.63469],[-122.745831,45.634674],[-122.745819,45.634608],[-122.745703,45.634584],[-122.745675,45.634506],[-122.745575,45.634493],[-122.745576,45.634404],[-122.745704,45.634404],[-122.745726,45.634478],[-122.745832,45.634494],[-122.745845,45.63456],[-122.74596,45.634584],[-122.745988,45.634662],[-122.746088,45.634675]]]}},{"type":"Feature","properties":{"id":79,"area_m2":400,"px":4,"rank":86},"geometry":{"type":"Polygon","coordinates":[[[-122.748911,45.634501],[-122.748911,45.634591],[-122.748526,45.63459],[-122.748527,45.63441],[-122.748655,45.63441],[-122.748661,45.634467],[-122.748709,45.634498],[-122.748911,45.634501]]]}},{"type":"Feature","properties":{"id":89,"area_m2":400,"px":4,"rank":87},"geometry":{"type":"Polygon","coordinates":[[[-122.739297,45.632589],[-122.739296,45.632769],[-122.739168,45.632769],[-122.739146,45.632695],[-122.73904,45.632679],[-122.739041,45.632499],[-122.739169,45.632499],[-122.739192,45.632573],[-122.739297,45.632589]]]}},{"type":"Feature","properties":{"id":95,"area_m2":400,"px":4,"rank":88},"geometry":{"type":"Polygon","coordinates":[[[-122.738274,45.631957],[-122.738273,45.632047],[-122.738145,45.632046],[-122.738123,45.631972],[-122.738017,45.631956],[-122.738005,45.63189],[-122.73789,45.631866],[-122.737862,45.631788],[-122.737762,45.631776],[-122.737762,45.631686],[-122.73789,45.631686],[-122.737913,45.63176],[-122.738018,45.631776],[-122.738031,45.631842],[-122.738146,45.631867],[-122.738174,45.631944],[-122.738274,45.631957]]]}},{"type":"Feature","properties":{"id":100,"area_m2":400,"px":4,"rank":89},"geometry":{"type":"Polygon","coordinates":[[[-122.736227,45.630602],[-122.736227,45.630692],[-122.736099,45.630692],[-122.736077,45.630617],[-122.735971,45.630601],[-122.735958,45.630535],[-122.735843,45.630511],[-122.735815,45.630433],[-122.735715,45.630421],[-122.735716,45.630331],[-122.735844,45.630331],[-122.735866,45.630405],[-122.735972,45.630421],[-122.735984,45.630487],[-122.7361,45.630512],[-122.736127,45.630589],[-122.736227,45.630602]]]}},{"type":"Feature","properties":{"id":106,"area_m2":400,"px":4,"rank":90},"geometry":{"type":"Polygon","coordinates":[[[-122.742138,45.628725],[-122.742136,45.628995],[-122.742008,45.628995],[-122.742008,45.628768],[-122.741969,45.628731],[-122.741881,45.628725],[-122.741882,45.628635],[-122.74201,45.628635],[-122.742032,45.628709],[-122.742138,45.628725]]]}},{"type":"Feature","properties":{"id":113,"area_m2":400,"px":4,"rank":91},"geometry":{"type":"Polygon","coordinates":[[[-122.739706,45.62755],[-122.739705,45.62764],[-122.739192,45.627638],[-122.739193,45.627549],[-122.739706,45.62755]]]}},{"type":"Feature","properties":{"id":121,"area_m2":400,"px":4,"rank":92},"geometry":{"type":"Polygon","coordinates":[[[-122.735483,45.6252],[-122.735483,45.62529],[-122.735356,45.625289],[-122.735351,45.625238],[-122.735314,45.625206],[-122.735098,45.625199],[-122.735099,45.625019],[-122.735227,45.625019],[-122.73525,45.625093],[-122.735355,45.625109],[-122.735389,45.62519],[-122.735483,45.6252]]]}},{"type":"Feature","properties":{"id":4,"area_m2":300,"px":3,"rank":93},"geometry":{"type":"Polygon","coordinates":[[[-122.75426,45.643514],[-122.75426,45.643603],[-122.754132,45.643603],[-122.754129,45.643552],[-122.754092,45.64352],[-122.753876,45.643513],[-122.753876,45.643423],[-122.754133,45.643423],[-122.754155,45.643497],[-122.75426,45.643514]]]}},{"type":"Feature","properties":{"id":5,"area_m2":300,"px":3,"rank":94},"geometry":{"type":"Polygon","coordinates":[[[-122.764143,45.643084],[-122.764142,45.643264],[-122.764037,45.64328],[-122.764014,45.643354],[-122.763886,45.643354],[-122.763886,45.643264],[-122.763967,45.64326],[-122.764011,45.643226],[-122.764015,45.643084],[-122.764143,45.643084]]]}},{"type":"Feature","properties":{"id":12,"area_m2":300,"px":3,"rank":95},"geometry":{"type":"Polygon","coordinates":[[[-122.757218,45.64208],[-122.757218,45.64217],[-122.757137,45.642174],[-122.757093,45.642208],[-122.757089,45.642349],[-122.75696,45.642349],[-122.756961,45.642169],[-122.757067,45.642154],[-122.75709,45.642079],[-122.757218,45.64208]]]}},{"type":"Feature","properties":{"id":14,"area_m2":300,"px":3,"rank":96},"geometry":{"type":"Polygon","coordinates":[[[-122.754782,45.641624],[-122.754781,45.641804],[-122.754653,45.641804],[-122.754631,45.64173],[-122.754525,45.641714],[-122.754526,45.641624],[-122.754782,45.641624]]]}},{"type":"Feature","properties":{"id":16,"area_m2":300,"px":3,"rank":97},"geometry":{"type":"Polygon","coordinates":[[[-122.762483,45.641191],[-122.762482,45.641461],[-122.762354,45.64146],[-122.762355,45.64119],[-122.762483,45.641191]]]}},{"type":"Feature","properties":{"id":18,"area_m2":300,"px":3,"rank":98},"geometry":{"type":"Polygon","coordinates":[[[-122.76043,45.641096],[-122.760429,45.641366],[-122.760301,45.641366],[-122.760302,45.641096],[-122.76043,45.641096]]]}},{"type":"Feature","properties":{"id":19,"area_m2":300,"px":3,"rank":99},"geometry":{"type":"Polygon","coordinates":[[[-122.752602,45.64126],[-122.752602,45.64135],[-122.752475,45.641349],[-122.752451,45.641275],[-122.752346,45.641259],[-122.752347,45.641079],[-122.752475,45.641079],[-122.752483,45.641231],[-122.752529,45.641257],[-122.752602,45.64126]]]}},{"type":"Feature","properties":{"id":20,"area_m2":300,"px":3,"rank":100},"geometry":{"type":"Polygon","coordinates":[[[-122.761713,45.641189],[-122.761713,45.641279],[-122.761456,45.641278],[-122.761457,45.641099],[-122.761585,45.641099],[-122.761607,45.641173],[-122.761713,45.641189]]]}},{"type":"Feature","properties":{"id":21,"area_m2":300,"px":3,"rank":101},"geometry":{"type":"Polygon","coordinates":[[[-122.755811,45.640997],[-122.75581,45.641267],[-122.755682,45.641266],[-122.755683,45.640996],[-122.755811,45.640997]]]}},{"type":"Feature","properties":{"id":29,"area_m2":300,"px":3,"rank":102},"geometry":{"type":"Polygon","coordinates":[[[-122.757613,45.63983],[-122.757612,45.6401],[-122.757483,45.6401],[-122.757485,45.63983],[-122.757613,45.63983]]]}},{"type":"Feature","properties":{"id":36,"area_m2":300,"px":3,"rank":103},"geometry":{"type":"Polygon","coordinates":[[[-122.758131,45.638751],[-122.75813,45.638931],[-122.758002,45.638931],[-122.757999,45.638789],[-122.757955,45.638755],[-122.757874,45.638751],[-122.757875,45.638661],[-122.758003,45.638661],[-122.758025,45.638735],[-122.758131,45.638751]]]}},{"type":"Feature","properties":{"id":41,"area_m2":300,"px":3,"rank":104},"geometry":{"type":"Polygon","coordinates":[[[-122.752359,45.638199],[-122.752358,45.638379],[-122.752102,45.638378],[-122.752102,45.638288],[-122.752208,45.638273],[-122.752231,45.638199],[-122.752359,45.638199]]]}},{"type":"Feature","properties":{"id":48,"area_m2":300,"px":3,"rank":105},"geometry":{"type":"Polygon","coordinates":[[[-122.749283,45.637472],[-122.749282,45.637562],[-122.749156,45.637562],[-122.749132,45.637488],[-122.749026,45.637471],[-122.749027,45.637292],[-122.749155,45.637292],[-122.749164,45.637443],[-122.749209,45.63747],[-122.749283,45.637472]]]}},{"type":"Feature","properties":{"id":52,"area_m2":300,"px":3,"rank":106},"geometry":{"type":"Polygon","coordinates":[[[-122.755316,45.636945],[-122.755315,45.637035],[-122.755059,45.637034],[-122.755037,45.63696],[-122.754931,45.636944],[-122.754931,45.636854],[-122.755059,45.636855],[-122.755065,45.636911],[-122.755114,45.636942],[-122.755316,45.636945]]]}},{"type":"Feature","properties":{"id":56,"area_m2":300,"px":3,"rank":107},"geometry":{"type":"Polygon","coordinates":[[[-122.753135,45.63676],[-122.753135,45.63685],[-122.753029,45.636866],[-122.753006,45.63694],[-122.752878,45.63694],[-122.752879,45.63676],[-122.753135,45.63676]]]}},{"type":"Feature","properties":{"id":57,"area_m2":300,"px":3,"rank":108},"geometry":{"type":"Polygon","coordinates":[[[-122.755317,45.636585],[-122.755316,45.636855],[-122.755188,45.636855],[-122.755189,45.636585],[-122.755317,45.636585]]]}},{"type":"Feature","properties":{"id":59,"area_m2":300,"px":3,"rank":109},"geometry":{"type":"Polygon","coordinates":[[[-122.749672,45.636573],[-122.749671,45.636753],[-122.749543,45.636752],[-122.749521,45.636678],[-122.749415,45.636662],[-122.749415,45.636572],[-122.749672,45.636573]]]}},{"type":"Feature","properties":{"id":67,"area_m2":300,"px":3,"rank":110},"geometry":{"type":"Polygon","coordinates":[[[-122.748778,45.635581],[-122.748778,45.635671],[-122.748393,45.63567],[-122.748393,45.63558],[-122.748778,45.635581]]]}},{"type":"Feature","properties":{"id":70,"area_m2":300,"px":3,"rank":111},"geometry":{"type":"Polygon","coordinates":[[[-122.747111,45.635397],[-122.74711,45.635487],[-122.746982,45.635487],[-122.74696,45.635413],[-122.746854,45.635396],[-122.746821,45.635316],[-122.746727,45.635306],[-122.746727,45.635216],[-122.746855,45.635217],[-122.746877,45.635291],[-122.746983,45.635307],[-122.747017,45.635388],[-122.747111,45.635397]]]}},{"type":"Feature","properties":{"id":96,"area_m2":300,"px":3,"rank":112},"geometry":{"type":"Polygon","coordinates":[[[-122.746359,45.631525],[-122.746357,45.631795],[-122.746229,45.631795],[-122.74623,45.631525],[-122.746359,45.631525]]]}},{"type":"Feature","properties":{"id":97,"area_m2":300,"px":3,"rank":113},"geometry":{"type":"Polygon","coordinates":[[[-122.743536,45.631609],[-122.743535,45.631699],[-122.743407,45.631698],[-122.743385,45.631624],[-122.743279,45.631608],[-122.743245,45.631527],[-122.743151,45.631518],[-122.743152,45.631428],[-122.74328,45.631428],[-122.743302,45.631502],[-122.743408,45.631518],[-122.743442,45.631599],[-122.743536,45.631609]]]}},{"type":"Feature","properties":{"id":98,"area_m2":300,"px":3,"rank":114},"geometry":{"type":"Polygon","coordinates":[[[-122.746744,45.631346],[-122.746744,45.631436],[-122.746359,45.631435],[-122.74636,45.631345],[-122.746744,45.631346]]]}},{"type":"Feature","properties":{"id":103,"area_m2":300,"px":3,"rank":115},"geometry":{"type":"Polygon","coordinates":[[[-122.743673,45.629719],[-122.743672,45.629809],[-122.743566,45.629824],[-122.743543,45.629898],[-122.743415,45.629898],[-122.743416,45.629808],[-122.74345,45.629766],[-122.743416,45.629718],[-122.743417,45.629628],[-122.743545,45.629629],[-122.743567,45.629703],[-122.743673,45.629719]]]}},{"type":"Feature","properties":{"id":111,"area_m2":300,"px":3,"rank":116},"geometry":{"type":"Polygon","coordinates":[[[-122.738549,45.627907],[-122.738548,45.628177],[-122.73842,45.628177],[-122.738421,45.627907],[-122.738549,45.627907]]]}},{"type":"Feature","properties":{"id":112,"area_m2":300,"px":3,"rank":117},"geometry":{"type":"Polygon","coordinates":[[[-122.739961,45.62773],[-122.739961,45.62782],[-122.739759,45.627822],[-122.73971,45.627853],[-122.739704,45.62791],[-122.739576,45.627909],[-122.739576,45.627819],[-122.739682,45.627804],[-122.739705,45.62773],[-122.739961,45.62773]]]}},{"type":"Feature","properties":{"id":114,"area_m2":300,"px":3,"rank":118},"geometry":{"type":"Polygon","coordinates":[[[-122.736114,45.627451],[-122.736113,45.627631],[-122.735985,45.627631],[-122.735963,45.627557],[-122.735857,45.627541],[-122.735858,45.627451],[-122.736114,45.627451]]]}},{"type":"Feature","properties":{"id":117,"area_m2":300,"px":3,"rank":119},"geometry":{"type":"Polygon","coordinates":[[[-122.736374,45.626642],[-122.736374,45.626732],[-122.736268,45.626747],[-122.736245,45.626822],[-122.736117,45.626821],[-122.736118,45.626641],[-122.736374,45.626642]]]}},{"type":"Feature","properties":{"id":118,"area_m2":300,"px":3,"rank":120},"geometry":{"type":"Polygon","coordinates":[[[-122.738043,45.626466],[-122.738042,45.626646],[-122.737914,45.626645],[-122.737892,45.626571],[-122.737786,45.626555],[-122.737786,45.626465],[-122.738043,45.626466]]]}},{"type":"Feature","properties":{"id":119,"area_m2":300,"px":3,"rank":121},"geometry":{"type":"Polygon","coordinates":[[[-122.737274,45.626374],[-122.737273,45.626464],[-122.737017,45.626463],[-122.737018,45.626283],[-122.737146,45.626284],[-122.737168,45.626358],[-122.737274,45.626374]]]}}]}