{"type":"FeatureCollection","features":[{"type":"Feature","properties":{"id":4,"area_m2":365200,"px":3652,"rank":1,"persistent":false},"geometry":{"type":"Polygon","coordinates":[[[-122.940059,46.13609],[-122.940059,46.13618],[-122.939862,46.136181],[-122.939801,46.136224],[-122.939805,46.136327],[-122.939847,46.136356],[-122.939929,46.13636],[-122.939929,46.13645],[-122.939725,46.136453],[-122.939676,46.136484],[-122.93967,46.13654],[-122.93954,46.13654],[-122.939539,46.136404],[-122.939493,46.136364],[-122.93933,46.136364],[-122.939288,46.136393],[-122.939281,46.13645],[-122.939154,46.13645],[-122.939146,46.136393],[-122.939104,46.136364],[-122.938826,46.136361],[-122.938773,46.136388],[-122.938764,46.13645],[-122.938689,46.136452],[-122.938643,46.136478],[-122.938634,46.13663],[-122.938539,46.136632],[-122.938493,46.136659],[-122.938517,46.137056],[-122.938633,46.13708],[-122.938639,46.137136],[-122.938689,46.137167],[-122.939022,46.13717],[-122.939022,46.137259],[-122.938703,46.13726],[-122.938651,46.137279],[-122.938633,46.13744],[-122.938598,46.137482],[-122.938633,46.13753],[-122.938633,46.13789],[-122.938503,46.13789],[-122.938427,46.137866],[-122.938292,46.137894],[-122.93825,46.137923],[-122.938245,46.138116],[-122.938285,46.138153],[-122.938373,46.13816],[-122.938373,46.13834],[-122.938114,46.138339],[-122.938113,46.138099],[-122.938032,46.138056],[-122.937744,46.138089],[-122.937726,46.138339],[-122.937467,46.138339],[-122.937461,46.138282],[-122.937419,46.138253],[-122.937079,46.138249],[-122.93701,46.138225],[-122.936854,46.138258],[-122.936819,46.138339],[-122.936738,46.138343],[-122.936696,46.138372],[-122.936693,46.13857],[-122.936738,46.138605],[-122.936819,46.138609],[-122.936819,46.138699],[-122.936707,46.138718],[-122.936689,46.138879],[-122.936608,46.138883],[-122.936566,46.138912],[-122.936569,46.13912],[-122.936615,46.139146],[-122.936689,46.139149],[-122.936724,46.13923],[-122.93688,46.139263],[-122.937049,46.139227],[-122.937078,46.139149],[-122.937336,46.139149],[-122.937336,46.139239],[-122.937255,46.139243],[-122.93721,46.139277],[-122.937207,46.139419],[-122.937125,46.139423],[-122.937081,46.139457],[-122.937077,46.139689],[-122.936995,46.139693],[-122.936951,46.139727],[-122.936953,46.140015],[-122.936995,46.140045],[-122.93713,46.140073],[-122.93728,46.140047],[-122.93733,46.140016],[-122.937336,46.139959],[-122.937452,46.139935],[-122.937465,46.139869],[-122.937595,46.139869],[-122.937594,46.140049],[-122.937483,46.140069],[-122.937431,46.140176],[-122.937465,46.140229],[-122.937464,46.140499],[-122.937358,46.140515],[-122.937335,46.140589],[-122.937206,46.140589],[-122.937205,46.140354],[-122.937153,46.140308],[-122.936865,46.140323],[-122.936823,46.140352],[-122.936817,46.140409],[-122.936729,46.140415],[-122.936689,46.140452],[-122.936691,46.14073],[-122.936735,46.140765],[-122.936817,46.140769],[-122.936851,46.14085],[-122.937041,46.14085],[-122.937075,46.14081],[-122.937076,46.140679],[-122.937205,46.140679],[-122.937205,46.140859],[-122.93717,46.140901],[-122.937205,46.140949],[-122.937205,46.141219],[-122.937098,46.141235],[-122.937075,46.141309],[-122.936946,46.141309],[-122.936923,46.141235],[-122.936816,46.141219],[-122.936803,46.141063],[-122.936687,46.141039],[-122.936674,46.140883],[-122.936558,46.140859],[-122.936523,46.140778],[-122.936428,46.140768],[-122.936415,46.140613],[-122.936366,46.14059],[-122.936232,46.140589],[-122.936179,46.140617],[-122.936169,46.140678],[-122.935959,46.140682],[-122.935916,46.140712],[-122.93591,46.140768],[-122.935836,46.140771],[-122.93579,46.140797],[-122.93578,46.141128],[-122.935706,46.14113],[-122.93566,46.141157],[-122.935651,46.141308],[-122.935569,46.141312],[-122.935525,46.141346],[-122.935521,46.141488],[-122.935392,46.141488],[-122.935386,46.141431],[-122.935344,46.141402],[-122.935191,46.141398],[-122.935116,46.141438],[-122.935133,46.141578],[-122.935003,46.141578],[-122.934997,46.141521],[-122.934948,46.14149],[-122.93482,46.141474],[-122.934757,46.141498],[-122.93475,46.141634],[-122.934792,46.141664],[-122.934874,46.141668],[-122.934879,46.141724],[-122.934921,46.141754],[-122.935087,46.14178],[-122.935239,46.141742],[-122.935262,46.141668],[-122.935391,46.141668],[-122.935391,46.141848],[-122.935303,46.141854],[-122.935263,46.141891],[-122.935261,46.142388],[-122.935187,46.14239],[-122.935141,46.142416],[-122.935097,46.14252],[-122.935131,46.142568],[-122.935131,46.142658],[-122.935043,46.142664],[-122.935003,46.142701],[-122.935001,46.143378],[-122.934889,46.143397],[-122.934871,46.143558],[-122.934783,46.143564],[-122.934743,46.143601],[-122.934748,46.143704],[-122.93479,46.143734],[-122.934871,46.143738],[-122.934871,46.143828],[-122.934675,46.143829],[-122.934621,46.143856],[-122.934612,46.144097],[-122.934523,46.144104],[-122.934484,46.144141],[-122.934482,46.144367],[-122.934223,46.144367],[-122.934223,46.144187],[-122.934312,46.144181],[-122.934351,46.144144],[-122.934353,46.143966],[-122.934319,46.143926],[-122.93414,46.143895],[-122.933987,46.143933],[-122.933964,46.144007],[-122.933835,46.144007],[-122.933855,46.143878],[-122.933815,46.143834],[-122.933317,46.143827],[-122.933304,46.143761],[-122.933188,46.143737],[-122.933185,46.143685],[-122.933147,46.143653],[-122.9328,46.143646],[-122.932787,46.14313],[-122.93273,46.143107],[-122.932282,46.143106],[-122.932273,46.142955],[-122.932227,46.142928],[-122.932153,46.142926],[-122.932137,46.142844],[-122.932254,46.142824],[-122.932283,46.142746],[-122.932378,46.142737],[-122.932412,46.142656],[-122.932494,46.142652],[-122.932536,46.142623],[-122.932539,46.142501],[-122.932467,46.142462],[-122.932079,46.142478],[-122.93203,46.142509],[-122.932024,46.142566],[-122.931908,46.14259],[-122.9319,46.142713],[-122.931942,46.142742],[-122.932024,46.142746],[-122.93204,46.142828],[-122.931903,46.142865],[-122.931894,46.143016],[-122.931635,46.143016],[-122.931626,46.142954],[-122.931573,46.142927],[-122.931317,46.142926],[-122.931264,46.142945],[-122.931256,46.143077],[-122.931302,46.143103],[-122.931376,46.143106],[-122.931376,46.143376],[-122.930913,46.143378],[-122.930864,46.143409],[-122.930858,46.143465],[-122.930783,46.143468],[-122.930737,46.143494],[-122.930708,46.143589],[-122.930736,46.143632],[-122.930987,46.143645],[-122.93101,46.14372],[-122.931116,46.143736],[-122.931116,46.143915],[-122.931014,46.14392],[-122.930968,46.14396],[-122.930986,46.144185],[-122.930857,46.144185],[-122.930848,46.144124],[-122.930794,46.144096],[-122.930401,46.144096],[-122.93034,46.144139],[-122.930339,46.144275],[-122.930232,46.144291],[-122.930209,46.144365],[-122.92995,46.144365],[-122.92995,46.144185],[-122.930025,46.144183],[-122.930071,46.144156],[-122.930071,46.144033],[-122.930025,46.144007],[-122.929951,46.144005],[-122.929947,46.14394],[-122.929905,46.143906],[-122.92963,46.143901],[-122.929571,46.14393],[-122.929528,46.144042],[-122.929562,46.144095],[-122.929562,46.144185],[-122.92948,46.144189],[-122.929436,46.144223],[-122.929432,46.144364],[-122.929044,46.144364],[-122.928983,46.14434],[-122.928912,46.144364],[-122.928526,46.144364],[-122.928465,46.14434],[-122.928396,46.144364],[-122.928267,46.144364],[-122.928275,46.144119],[-122.928217,46.144094],[-122.928008,46.144094],[-122.928009,46.143734],[-122.928115,46.143718],[-122.928138,46.143644],[-122.928255,46.14362],[-122.928268,46.143554],[-122.928498,46.143542],[-122.928527,46.143423],[-122.928486,46.14338],[-122.928398,46.143374],[-122.928369,46.143296],[-122.928268,46.143284],[-122.928251,46.143123],[-122.928139,46.143104],[-122.928105,46.143023],[-122.92801,46.143014],[-122.928011,46.142294],[-122.928085,46.142291],[-122.928131,46.142265],[-122.92814,46.142114],[-122.92827,46.142114],[-122.928338,46.142138],[-122.928516,46.14209],[-122.928531,46.141754],[-122.928659,46.141754],[-122.928681,46.141828],[-122.928788,46.141844],[-122.928794,46.142081],[-122.928836,46.14211],[-122.928933,46.142122],[-122.928897,46.142328],[-122.928924,46.142371],[-122.92925,46.142382],[-122.929299,46.142351],[-122.929305,46.142294],[-122.929422,46.14227],[-122.929435,46.142163],[-122.929401,46.142124],[-122.929031,46.142107],[-122.929081,46.141982],[-122.929047,46.141934],[-122.929047,46.141844],[-122.929121,46.141842],[-122.929167,46.141816],[-122.929177,46.141664],[-122.929436,46.141665],[-122.929504,46.141689],[-122.929666,46.141652],[-122.929695,46.141575],[-122.929776,46.141571],[-122.929818,46.141541],[-122.929825,46.141395],[-122.929906,46.141391],[-122.929948,46.141361],[-122.929954,46.141215],[-122.930138,46.141229],[-122.930196,46.141208],[-122.930213,46.141035],[-122.930308,46.141026],[-122.930343,46.140981],[-122.930337,46.140798],[-122.930295,46.140769],[-122.930214,46.140765],[-122.930214,46.140585],[-122.930343,46.140585],[-122.930349,46.140655],[-122.930404,46.140688],[-122.9306,46.140659],[-122.930622,46.140619],[-122.930602,46.140495],[-122.930691,46.140489],[-122.93073,46.140452],[-122.930733,46.140045],[-122.930839,46.140029],[-122.930862,46.139955],[-122.931058,46.139954],[-122.931118,46.139917],[-122.931121,46.139644],[-122.931051,46.139596],[-122.930891,46.139608],[-122.930863,46.139644],[-122.930862,46.139775],[-122.930756,46.139791],[-122.930733,46.139865],[-122.930603,46.139865],[-122.930604,46.139595],[-122.930678,46.139593],[-122.930724,46.139567],[-122.930733,46.139415],[-122.930992,46.139415],[-122.931005,46.139481],[-122.931121,46.139506],[-122.931127,46.139562],[-122.931177,46.139593],[-122.931338,46.139594],[-122.931395,46.139561],[-122.931363,46.139345],[-122.931311,46.139326],[-122.931122,46.139325],[-122.931099,46.139251],[-122.930992,46.139235],[-122.930993,46.139145],[-122.931081,46.139139],[-122.931121,46.139102],[-122.931122,46.138876],[-122.931461,46.138875],[-122.931509,46.138859],[-122.931531,46.13882],[-122.931511,46.138696],[-122.931599,46.138689],[-122.931639,46.138652],[-122.931641,46.138426],[-122.93177,46.138426],[-122.931793,46.1385],[-122.931899,46.138516],[-122.931899,46.138786],[-122.931865,46.138834],[-122.931908,46.138937],[-122.931962,46.138965],[-122.932088,46.138966],[-122.932155,46.138928],[-122.932158,46.138696],[-122.932247,46.13869],[-122.932286,46.138653],[-122.932288,46.138336],[-122.932377,46.13833],[-122.932416,46.138293],[-122.932418,46.138156],[-122.932453,46.138108],[-122.932415,46.138015],[-122.932348,46.137976],[-122.931771,46.137976],[-122.931748,46.137902],[-122.931642,46.137886],[-122.931642,46.137796],[-122.932493,46.137794],[-122.932546,46.137753],[-122.932548,46.137616],[-122.932636,46.13761],[-122.932676,46.137573],[-122.932676,46.13748],[-122.93263,46.13744],[-122.932419,46.137436],[-122.932358,46.137412],[-122.932289,46.137436],[-122.93216,46.137436],[-122.932154,46.137379],[-122.932105,46.137348],[-122.931772,46.137346],[-122.931772,46.137166],[-122.931884,46.137146],[-122.931902,46.136986],[-122.931983,46.136982],[-122.932025,46.136953],[-122.932031,46.136765],[-122.931969,46.136717],[-122.931643,46.136716],[-122.931643,46.136537],[-122.931717,46.136533],[-122.931763,46.136507],[-122.931773,46.136356],[-122.932086,46.13637],[-122.932144,46.13635],[-122.932196,46.136224],[-122.932161,46.136176],[-122.932162,46.136086],[-122.932291,46.136086],[-122.93236,46.13611],[-122.93242,46.136086],[-122.932624,46.136084],[-122.932673,46.136053],[-122.93268,46.135996],[-122.932761,46.135992],[-122.932803,46.135963],[-122.932792,46.135566],[-122.932739,46.135547],[-122.932551,46.135546],[-122.932538,46.13548],[-122.932473,46.135456],[-122.932326,46.135465],[-122.932292,46.135546],[-122.932162,46.135546],[-122.932162,46.135457],[-122.932237,46.135454],[-122.932283,46.135428],[-122.932292,46.135186],[-122.932374,46.135182],[-122.932418,46.135148],[-122.932422,46.134916],[-122.932771,46.134923],[-122.932809,46.134887],[-122.932809,46.13478],[-122.932748,46.134737],[-122.932552,46.134736],[-122.932552,46.134646],[-122.93264,46.13464],[-122.93268,46.134603],[-122.932681,46.134411],[-122.932635,46.134367],[-122.932293,46.134376],[-122.932224,46.134352],[-122.932082,46.13438],[-122.93204,46.134409],[-122.932034,46.134466],[-122.931918,46.13449],[-122.931903,46.134556],[-122.931646,46.134556],[-122.931646,46.134376],[-122.931734,46.134369],[-122.931774,46.134332],[-122.931776,46.134106],[-122.93181,46.134063],[-122.931776,46.134016],[-122.931776,46.133926],[-122.931905,46.133926],[-122.931981,46.133949],[-122.932116,46.133922],[-122.932158,46.133893],[-122.932158,46.133779],[-122.932116,46.13375],[-122.932035,46.133746],[-122.932035,46.133656],[-122.932164,46.133656],[-122.932174,46.133717],[-122.932227,46.133745],[-122.932542,46.133735],[-122.932559,46.133803],[-122.932608,46.133834],[-122.932791,46.13383],[-122.932831,46.133786],[-122.932799,46.13368],[-122.932742,46.133657],[-122.932564,46.133667],[-122.932553,46.133566],[-122.932627,46.133564],[-122.932673,46.133538],[-122.932683,46.133386],[-122.933043,46.133374],[-122.93307,46.133343],[-122.93307,46.13325],[-122.933009,46.133208],[-122.932683,46.133206],[-122.932614,46.133182],[-122.932452,46.133218],[-122.932424,46.133296],[-122.932165,46.133296],[-122.932165,46.133206],[-122.932267,46.133202],[-122.932312,46.133166],[-122.932309,46.132971],[-122.93226,46.132938],[-122.932165,46.132936],[-122.932131,46.132855],[-122.932036,46.132846],[-122.932033,46.132704],[-122.931988,46.13267],[-122.931907,46.132666],[-122.931907,46.132535],[-122.931879,46.132498],[-122.931648,46.132486],[-122.931642,46.132429],[-122.931593,46.132398],[-122.931389,46.132395],[-122.93139,46.131946],[-122.931519,46.131946],[-122.931525,46.132016],[-122.931572,46.132047],[-122.931744,46.132027],[-122.931778,46.131987],[-122.931779,46.131766],[-122.932167,46.131766],[-122.93217,46.131908],[-122.932244,46.131946],[-122.932363,46.131945],[-122.932412,46.131922],[-122.932426,46.131766],[-122.932685,46.131766],[-122.932746,46.13179],[-122.932814,46.131766],[-122.933073,46.131767],[-122.93309,46.132017],[-122.933143,46.132036],[-122.933331,46.132037],[-122.933354,46.132111],[-122.933461,46.132127],[-122.933461,46.132307],[-122.933372,46.132313],[-122.933333,46.13235],[-122.933337,46.132633],[-122.933379,46.132663],[-122.93346,46.132667],[-122.933464,46.132718],[-122.933501,46.13275],[-122.933848,46.132757],[-122.933871,46.132831],[-122.933978,46.132847],[-122.933977,46.133117],[-122.933943,46.133159],[-122.933963,46.133198],[-122.934046,46.133231],[-122.934107,46.133207],[-122.934484,46.133196],[-122.934495,46.133297],[-122.934379,46.133321],[-122.934366,46.133429],[-122.934407,46.133471],[-122.934511,46.133485],[-122.934496,46.133538],[-122.934541,46.133577],[-122.934606,46.133576],[-122.934655,46.133541],[-122.934652,46.133499],[-122.934609,46.13347],[-122.934625,46.133387],[-122.934754,46.133388],[-122.93476,46.133444],[-122.934809,46.133475],[-122.935142,46.133478],[-122.935155,46.133544],[-122.935271,46.133568],[-122.935277,46.133624],[-122.935319,46.133654],[-122.935582,46.133658],[-122.935657,46.13362],[-122.93566,46.133478],[-122.935742,46.133474],[-122.935784,46.133445],[-122.935784,46.133331],[-122.935727,46.133299],[-122.935531,46.133298],[-122.935522,46.133236],[-122.935461,46.133208],[-122.935306,46.133217],[-122.935272,46.133298],[-122.935142,46.133298],[-122.935143,46.133208],[-122.935224,46.133204],[-122.935269,46.133169],[-122.935271,46.133071],[-122.935238,46.133037],[-122.935082,46.133004],[-122.935013,46.133028],[-122.934822,46.133014],[-122.93476,46.133047],[-122.934754,46.133117],[-122.934495,46.133117],[-122.934496,46.132937],[-122.934528,46.132879],[-122.934473,46.132773],[-122.934366,46.132756],[-122.934367,46.132487],[-122.934473,46.132472],[-122.934496,46.132397],[-122.935014,46.132398],[-122.935017,46.132539],[-122.935062,46.132574],[-122.935143,46.132578],[-122.935143,46.132709],[-122.935171,46.132745],[-122.935402,46.132758],[-122.935408,46.132815],[-122.935457,46.132846],[-122.935728,46.132847],[-122.935781,46.13282],[-122.93579,46.132758],[-122.935902,46.132738],[-122.93592,46.132668],[-122.935994,46.132666],[-122.93604,46.13264],[-122.936032,46.132418],[-122.93592,46.132398],[-122.935907,46.132332],[-122.935791,46.132308],[-122.935788,46.132256],[-122.93575,46.132224],[-122.935532,46.132218],[-122.935526,46.132148],[-122.935479,46.132117],[-122.935308,46.132137],[-122.935273,46.132218],[-122.935014,46.132218],[-122.935014,46.132128],[-122.935239,46.132119],[-122.935273,46.132038],[-122.93539,46.132014],[-122.935403,46.131948],[-122.935532,46.131948],[-122.935538,46.132005],[-122.93558,46.132034],[-122.935729,46.132037],[-122.935782,46.13201],[-122.935791,46.131948],[-122.935903,46.131928],[-122.935921,46.131858],[-122.936048,46.131858],[-122.936085,46.131939],[-122.936249,46.131961],[-122.936303,46.131928],[-122.936309,46.131858],[-122.936426,46.131834],[-122.936441,46.131768],[-122.936827,46.131769],[-122.93684,46.131925],[-122.937011,46.131963],[-122.937077,46.131934],[-122.937086,46.131859],[-122.937202,46.131835],[-122.937216,46.131769],[-122.937992,46.131769],[-122.938005,46.131925],[-122.938054,46.131948],[-122.938181,46.131949],[-122.938242,46.131921],[-122.938251,46.131859],[-122.938363,46.13184],[-122.938381,46.13177],[-122.939157,46.13177],[-122.93918,46.131844],[-122.939286,46.13186],[-122.9393,46.132016],[-122.939416,46.13204],[-122.939425,46.132372],[-122.939471,46.132398],[-122.939545,46.1324],[-122.939551,46.132457],[-122.939593,46.132486],[-122.939804,46.13249],[-122.939804,46.13258],[-122.939226,46.13258],[-122.939165,46.132608],[-122.939156,46.13294],[-122.939061,46.132949],[-122.939026,46.13303],[-122.938915,46.13305],[-122.938898,46.133166],[-122.938959,46.133209],[-122.939156,46.13321],[-122.939161,46.133537],[-122.939218,46.133569],[-122.939414,46.13357],[-122.939414,46.13366],[-122.939081,46.133662],[-122.939032,46.133693],[-122.939024,46.13375],[-122.938896,46.13375],[-122.938891,46.13368],[-122.938843,46.133649],[-122.938666,46.133672],[-122.938638,46.133708],[-122.938617,46.134149],[-122.938657,46.134193],[-122.938766,46.1342],[-122.938775,46.134261],[-122.938836,46.13429],[-122.939099,46.134288],[-122.939149,46.134257],[-122.939155,46.1342],[-122.939284,46.1342],[-122.939307,46.134274],[-122.939413,46.13429],[-122.939413,46.13438],[-122.939284,46.13438],[-122.939215,46.134356],[-122.939038,46.134404],[-122.939025,46.13456],[-122.93893,46.134569],[-122.938895,46.134614],[-122.938896,46.134876],[-122.938936,46.134913],[-122.939024,46.13492],[-122.939024,46.13501],[-122.938808,46.135011],[-122.938746,46.135055],[-122.938783,46.13517],[-122.938894,46.13519],[-122.938929,46.135271],[-122.939024,46.13528],[-122.939023,46.13564],[-122.938765,46.13564],[-122.938681,46.135617],[-122.938528,46.135655],[-122.938504,46.13573],[-122.938376,46.135729],[-122.93837,46.135673],[-122.938328,46.135644],[-122.938165,46.135644],[-122.938123,46.135673],[-122.938117,46.135729],[-122.938036,46.135733],[-122.937994,46.135763],[-122.937988,46.135951],[-122.938028,46.135993],[-122.938117,46.135999],[-122.938126,46.136061],[-122.938179,46.136088],[-122.938893,46.13609],[-122.938897,46.136231],[-122.938963,46.13627],[-122.939227,46.136268],[-122.939276,46.136237],[-122.939282,46.13618],[-122.939409,46.13618],[-122.939446,46.136261],[-122.93961,46.136283],[-122.939669,46.13624],[-122.93967,46.13609],[-122.940059,46.13609]],[[-122.928397,46.142652],[-122.928345,46.14263],[-122.928287,46.14264],[-122.92825,46.142682],[-122.928266,46.142723],[-122.928319,46.142743],[-122.928391,46.142731],[-122.928418,46.142693],[-122.928397,46.142652]],[[-122.928718,46.143128],[-122.928868,46.1431],[-122.92891,46.143071],[-122.928893,46.14294],[-122.928838,46.142924],[-122.92855,46.14294],[-122.928528,46.142978],[-122.92855,46.143088],[-122.928718,46.143128]],[[-122.928948,46.144147],[-122.928909,46.144037],[-122.928867,46.144008],[-122.928679,46.14402],[-122.928621,46.144136],[-122.928678,46.144258],[-122.928733,46.144274],[-122.928892,46.144258],[-122.928948,46.144147]],[[-122.930375,46.142793],[-122.930287,46.142721],[-122.930209,46.142745],[-122.930082,46.142745],[-122.930005,46.142721],[-122.929851,46.142757],[-122.929822,46.142835],[-122.929605,46.142841],[-122.929567,46.142873],[-122.929563,46.142924],[-122.929475,46.142931],[-122.929434,46.142973],[-122.929447,46.14308],[-122.929563,46.143105],[-122.929552,46.143206],[-122.929445,46.143205],[-122.929428,46.143138],[-122.929379,46.143107],[-122.929099,46.143093],[-122.929051,46.143124],[-122.929045,46.143194],[-122.928836,46.143194],[-122.928783,46.143215],[-122.928766,46.14325],[-122.928795,46.143359],[-122.928861,46.143388],[-122.929112,46.143373],[-122.929165,46.143346],[-122.929175,46.143284],[-122.929423,46.143273],[-122.929502,46.143309],[-122.929574,46.143274],[-122.929759,46.143284],[-122.929813,46.143256],[-122.929822,46.143195],[-122.93004,46.143188],[-122.930115,46.143068],[-122.930081,46.143015],[-122.930082,46.142925],[-122.930265,46.142939],[-122.930319,46.142922],[-122.930375,46.142793]],[[-122.929373,46.143632],[-122.929158,46.143637],[-122.929174,46.143513],[-122.929133,46.143471],[-122.928965,46.143464],[-122.928904,46.143494],[-122.928928,46.14362],[-122.92906,46.143652],[-122.929045,46.143776],[-122.929086,46.143818],[-122.929363,46.143824],[-122.929415,46.143805],[-122.929424,46.14366],[-122.929373,46.143632]],[[-122.929174,46.144134],[-122.929146,46.144093],[-122.929091,46.144081],[-122.929029,46.144103],[-122.929009,46.144142],[-122.929035,46.144179],[-122.929098,46.144198],[-122.929157,46.144178],[-122.929174,46.144134]],[[-122.929436,46.143553],[-122.929467,46.143517],[-122.929453,46.143477],[-122.929394,46.143451],[-122.929331,46.143463],[-122.929304,46.143499],[-122.929321,46.143548],[-122.929379,46.143568],[-122.929436,46.143553]],[[-122.929952,46.142565],[-122.930034,46.142561],[-122.930079,46.142527],[-122.930082,46.142254],[-122.930034,46.142209],[-122.929893,46.142205],[-122.929825,46.142248],[-122.929823,46.142475],[-122.929716,46.14249],[-122.929693,46.142565],[-122.929463,46.142577],[-122.92942,46.14271],[-122.929484,46.142744],[-122.929775,46.142741],[-122.929817,46.142711],[-122.929823,46.142655],[-122.929939,46.142631],[-122.929952,46.142565]],[[-122.929951,46.143645],[-122.929948,46.14358],[-122.929905,46.143546],[-122.929625,46.143556],[-122.929566,46.143593],[-122.929564,46.143691],[-122.929604,46.143728],[-122.929692,46.143735],[-122.929726,46.143816],[-122.929897,46.143848],[-122.930039,46.143818],[-122.930079,46.143781],[-122.930067,46.143669],[-122.929951,46.143645]],[[-122.930394,46.141845],[-122.930448,46.141829],[-122.930471,46.141796],[-122.930454,46.141505],[-122.930281,46.141461],[-122.930213,46.141485],[-122.929982,46.141497],[-122.929954,46.141539],[-122.929971,46.141735],[-122.930083,46.141755],[-122.930089,46.141812],[-122.930131,46.141841],[-122.930394,46.141845]],[[-122.930134,46.143566],[-122.930292,46.143551],[-122.930334,46.143522],[-122.930338,46.143328],[-122.930285,46.143287],[-122.930144,46.143286],[-122.930082,46.143328],[-122.930082,46.143525],[-122.930134,46.143566]],[[-122.932155,46.141486],[-122.932155,46.141355],[-122.932121,46.141315],[-122.931808,46.141312],[-122.93177,46.141344],[-122.931766,46.141396],[-122.93165,46.14142],[-122.931637,46.141486],[-122.931401,46.141501],[-122.931378,46.141576],[-122.931283,46.141585],[-122.931248,46.141665],[-122.931136,46.141685],[-122.931119,46.141755],[-122.930759,46.141768],[-122.93073,46.141845],[-122.930629,46.141857],[-122.9306,46.141935],[-122.930506,46.141944],[-122.930471,46.142025],[-122.930355,46.142049],[-122.930351,46.142176],[-122.930396,46.142203],[-122.930471,46.142205],[-122.930476,46.142275],[-122.930524,46.142306],[-122.930859,46.142295],[-122.930865,46.142365],[-122.930927,46.142399],[-122.931206,46.142379],[-122.931244,46.142347],[-122.931248,46.142296],[-122.931336,46.142289],[-122.931377,46.142247],[-122.931364,46.14214],[-122.931248,46.142115],[-122.931248,46.142026],[-122.931588,46.142022],[-122.93163,46.141992],[-122.931636,46.141936],[-122.931718,46.141932],[-122.93176,46.141903],[-122.931766,46.141756],[-122.932126,46.141744],[-122.932155,46.141666],[-122.932243,46.14166],[-122.932284,46.141617],[-122.932271,46.14151],[-122.932155,46.141486]],[[-122.930674,46.142658],[-122.930531,46.142643],[-122.930476,46.142675],[-122.93045,46.142785],[-122.930497,46.142831],[-122.930666,46.142834],[-122.930723,46.142802],[-122.93072,46.142684],[-122.930674,46.142658]],[[-122.931117,46.143056],[-122.931057,46.143003],[-122.930858,46.143015],[-122.930774,46.142993],[-122.930612,46.143039],[-122.930602,46.143157],[-122.930662,46.143194],[-122.930858,46.143195],[-122.930864,46.143252],[-122.930906,46.143281],[-122.931062,46.143283],[-122.931115,46.143242],[-122.931117,46.143056]],[[-122.931268,46.141171],[-122.931243,46.141069],[-122.931194,46.141038],[-122.931045,46.141038],[-122.930993,46.141074],[-122.930993,46.141177],[-122.931045,46.141213],[-122.931235,46.141206],[-122.931268,46.141171]],[[-122.931431,46.140586],[-122.931507,46.140542],[-122.931491,46.140335],[-122.93138,46.140316],[-122.931374,46.140259],[-122.931324,46.140228],[-122.93102,46.140238],[-122.930991,46.140279],[-122.931008,46.140476],[-122.931061,46.140495],[-122.93125,46.140496],[-122.931284,46.140576],[-122.931431,46.140586]],[[-122.931769,46.139146],[-122.93176,46.138904],[-122.931707,46.138877],[-122.93155,46.138869],[-122.931512,46.138906],[-122.93151,46.139056],[-122.931429,46.13906],[-122.931384,46.139094],[-122.93139,46.139207],[-122.931443,46.139235],[-122.93164,46.139236],[-122.931649,46.139297],[-122.931702,46.139325],[-122.932005,46.13931],[-122.932028,46.139272],[-122.932005,46.139162],[-122.931769,46.139146]],[[-122.931769,46.139506],[-122.931734,46.139425],[-122.931573,46.139417],[-122.931519,46.139444],[-122.931477,46.139538],[-122.93151,46.139596],[-122.93151,46.139774],[-122.931476,46.139829],[-122.931509,46.139866],[-122.931513,46.140007],[-122.931564,46.140043],[-122.931713,46.140043],[-122.931765,46.140008],[-122.931769,46.139686],[-122.931864,46.139677],[-122.931898,46.139632],[-122.931885,46.13953],[-122.931769,46.139506]],[[-122.931897,46.140406],[-122.931894,46.140341],[-122.931851,46.140307],[-122.931661,46.140332],[-122.931638,46.14037],[-122.931661,46.14057],[-122.931828,46.14061],[-122.932004,46.14057],[-122.932021,46.140439],[-122.931979,46.14041],[-122.931897,46.140406]],[[-122.933968,46.141217],[-122.933941,46.141126],[-122.933709,46.141127],[-122.933691,46.141057],[-122.93358,46.141037],[-122.933562,46.140967],[-122.93345,46.140947],[-122.933433,46.140877],[-122.933321,46.140857],[-122.933312,46.140795],[-122.933251,46.140767],[-122.933117,46.140769],[-122.933065,46.140805],[-122.933061,46.141217],[-122.932673,46.141216],[-122.93265,46.141142],[-122.932544,46.141126],[-122.932544,46.140946],[-122.932762,46.14094],[-122.9328,46.140908],[-122.932803,46.140857],[-122.932891,46.14085],[-122.932931,46.140813],[-122.932929,46.140625],[-122.932885,46.140591],[-122.932803,46.140586],[-122.932804,46.140497],[-122.932878,46.140494],[-122.932924,46.140468],[-122.932933,46.140317],[-122.93305,46.140293],[-122.933063,46.140191],[-122.933028,46.140146],[-122.932933,46.140136],[-122.932928,46.14008],[-122.932878,46.140049],[-122.932675,46.140046],[-122.932606,46.140022],[-122.932438,46.140062],[-122.932416,46.1401],[-122.932415,46.140406],[-122.93232,46.140415],[-122.932285,46.140496],[-122.932204,46.1405],[-122.932162,46.140529],[-122.932165,46.140648],[-122.932211,46.140674],[-122.932285,46.140676],[-122.93232,46.140757],[-122.932415,46.140766],[-122.932414,46.140856],[-122.932026,46.140856],[-122.932013,46.1407],[-122.93185,46.140662],[-122.931776,46.140691],[-122.931767,46.140766],[-122.931686,46.14077],[-122.931641,46.140804],[-122.931651,46.140922],[-122.931767,46.140947],[-122.931767,46.141036],[-122.931685,46.14104],[-122.931641,46.141074],[-122.93165,46.141192],[-122.9317,46.141215],[-122.931834,46.141215],[-122.931887,46.141187],[-122.931896,46.141126],[-122.932155,46.141126],[-122.932178,46.1412],[-122.932285,46.141216],[-122.932306,46.141394],[-122.93236,46.14141],[-122.932543,46.141396],[-122.932544,46.141803],[-122.932584,46.14184],[-122.932672,46.141846],[-122.932678,46.141903],[-122.932727,46.141934],[-122.932897,46.141927],[-122.932931,46.141847],[-122.933156,46.141838],[-122.93319,46.141798],[-122.933191,46.141667],[-122.933394,46.141665],[-122.933444,46.141634],[-122.93345,46.141577],[-122.933674,46.141568],[-122.933709,46.141487],[-122.933825,46.141463],[-122.933838,46.141397],[-122.934069,46.141385],[-122.934097,46.141349],[-122.934091,46.141251],[-122.934049,46.141221],[-122.933968,46.141217]],[[-122.932101,46.140048],[-122.931951,46.140022],[-122.931786,46.140066],[-122.931768,46.140186],[-122.931795,46.140227],[-122.932086,46.140226],[-122.932139,46.140206],[-122.932147,46.140075],[-122.932101,46.140048]],[[-122.933582,46.138787],[-122.933671,46.138781],[-122.93371,46.138744],[-122.933695,46.138447],[-122.933642,46.138427],[-122.933453,46.138427],[-122.933447,46.13837],[-122.933398,46.138339],[-122.933065,46.138337],[-122.933065,46.138247],[-122.933167,46.138242],[-122.933213,46.138202],[-122.933177,46.138086],[-122.933065,46.138067],[-122.933066,46.137797],[-122.933172,46.137781],[-122.933228,46.137675],[-122.933195,46.137615],[-122.933196,46.137167],[-122.933291,46.137158],[-122.933325,46.137113],[-122.933303,46.137003],[-122.93312,46.136963],[-122.93295,46.137011],[-122.932937,46.137256],[-122.932855,46.137261],[-122.932811,46.137295],[-122.932807,46.137616],[-122.932719,46.137623],[-122.932678,46.137665],[-122.932677,46.137976],[-122.932642,46.138019],[-122.932677,46.138066],[-122.932677,46.138156],[-122.932582,46.138165],[-122.932547,46.13821],[-122.932547,46.138468],[-122.93257,46.1385],[-122.932935,46.138517],[-122.932958,46.138591],[-122.933065,46.138607],[-122.933064,46.138787],[-122.93297,46.138796],[-122.932935,46.138841],[-122.932948,46.138943],[-122.933064,46.138967],[-122.933064,46.139237],[-122.932934,46.139236],[-122.932873,46.139212],[-122.932805,46.139236],[-122.932546,46.139236],[-122.932541,46.138806],[-122.932471,46.138772],[-122.932316,46.138798],[-122.932288,46.13884],[-122.932287,46.139236],[-122.932171,46.13926],[-122.932158,46.139367],[-122.932213,46.139414],[-122.932416,46.139416],[-122.932432,46.139499],[-122.93218,46.139522],[-122.932157,46.139596],[-122.932076,46.1396],[-122.932034,46.139629],[-122.93205,46.13976],[-122.932157,46.139776],[-122.932163,46.139833],[-122.932212,46.139864],[-122.932416,46.139866],[-122.932477,46.13989],[-122.93264,46.139864],[-122.932695,46.139816],[-122.932674,46.13964],[-122.932634,46.139603],[-122.932546,46.139596],[-122.93253,46.139514],[-122.932675,46.139506],[-122.932744,46.139531],[-122.932805,46.139507],[-122.933245,46.139507],[-122.9333,46.139491],[-122.933323,46.139417],[-122.933418,46.139408],[-122.933452,46.139363],[-122.933449,46.139185],[-122.933404,46.139151],[-122.933323,46.139147],[-122.933323,46.139057],[-122.933512,46.139057],[-122.933569,46.139033],[-122.933582,46.138787]],[[-122.932682,46.134106],[-122.932763,46.134102],[-122.932808,46.134068],[-122.93281,46.13397],[-122.93277,46.133933],[-122.932364,46.133926],[-122.932303,46.133955],[-122.932294,46.134147],[-122.932334,46.13419],[-122.932628,46.134207],[-122.932676,46.134176],[-122.932682,46.134106]],[[-122.932684,46.132036],[-122.93265,46.131955],[-122.932496,46.131946],[-122.932435,46.131975],[-122.932425,46.132036],[-122.932344,46.13204],[-122.932299,46.132074],[-122.932299,46.132358],[-122.932343,46.132392],[-122.932425,46.132396],[-122.932431,46.132453],[-122.93248,46.132484],[-122.932661,46.13247],[-122.932684,46.132306],[-122.932765,46.132302],[-122.93281,46.132268],[-122.932808,46.13207],[-122.932766,46.13204],[-122.932684,46.132036]],[[-122.93257,46.142472],[-122.932733,46.14249],[-122.932788,46.142466],[-122.932798,46.142335],[-122.932746,46.142299],[-122.932597,46.142299],[-122.932548,46.14233],[-122.932525,46.142437],[-122.93257,46.142472]],[[-122.933067,46.136537],[-122.933156,46.13653],[-122.933195,46.136493],[-122.933197,46.136135],[-122.933149,46.136091],[-122.933008,46.136087],[-122.932947,46.136115],[-122.932938,46.136176],[-122.932826,46.136196],[-122.932808,46.136266],[-122.93262,46.136267],[-122.932563,46.13629],[-122.93255,46.136578],[-122.93259,46.13662],[-122.932679,46.136626],[-122.932685,46.136683],[-122.932727,46.136712],[-122.932997,46.136716],[-122.933064,46.136678],[-122.933067,46.136537]],[[-122.933201,46.133027],[-122.933289,46.13302],[-122.933329,46.132983],[-122.93333,46.132715],[-122.933308,46.132682],[-122.933253,46.132667],[-122.932824,46.132677],[-122.932752,46.132642],[-122.932696,46.132656],[-122.932669,46.132722],[-122.932726,46.132755],[-122.932802,46.132745],[-122.932813,46.132845],[-122.932738,46.132849],[-122.932692,46.132875],[-122.932663,46.13297],[-122.932685,46.13301],[-122.932812,46.133026],[-122.932826,46.133092],[-122.93289,46.133116],[-122.933153,46.133112],[-122.933195,46.133083],[-122.933201,46.133027]],[[-122.933087,46.135322],[-122.933067,46.13514],[-122.933028,46.135103],[-122.932751,46.135097],[-122.93269,46.135125],[-122.932669,46.135247],[-122.932715,46.135274],[-122.93281,46.135276],[-122.932813,46.135328],[-122.932851,46.13536],[-122.933048,46.13536],[-122.933087,46.135322]],[[-122.932859,46.142477],[-122.932782,46.142522],[-122.932814,46.142633],[-122.932871,46.142656],[-122.933025,46.142648],[-122.933059,46.142608],[-122.933047,46.142501],[-122.932997,46.142478],[-122.932859,46.142477]],[[-122.933216,46.134967],[-122.93317,46.134839],[-122.933,46.134814],[-122.932945,46.134846],[-122.932922,46.134967],[-122.932982,46.135005],[-122.933164,46.135004],[-122.933216,46.134967]],[[-122.93307,46.134736],[-122.933088,46.134692],[-122.933056,46.134656],[-122.93299,46.134647],[-122.932937,46.134667],[-122.932921,46.134708],[-122.932958,46.13475],[-122.933016,46.13476],[-122.93307,46.134736]],[[-122.934236,46.133657],[-122.934317,46.133653],[-122.934359,46.133624],[-122.934365,46.133526],[-122.934337,46.13349],[-122.934107,46.133477],[-122.934101,46.13342],[-122.934052,46.133389],[-122.933788,46.133387],[-122.933722,46.133425],[-122.933718,46.133567],[-122.933589,46.133567],[-122.93352,46.133543],[-122.933459,46.133567],[-122.933119,46.133571],[-122.933072,46.13361],[-122.93307,46.133746],[-122.932976,46.133749],[-122.932926,46.133781],[-122.93295,46.133898],[-122.932996,46.133924],[-122.93307,46.133927],[-122.933074,46.133978],[-122.933111,46.13401],[-122.933588,46.134017],[-122.933588,46.134197],[-122.933514,46.134199],[-122.933468,46.134225],[-122.933458,46.134377],[-122.933329,46.134377],[-122.933327,46.13415],[-122.933259,46.134107],[-122.933093,46.134122],[-122.93307,46.134286],[-122.932982,46.134293],[-122.932941,46.134335],[-122.932942,46.134423],[-122.932981,46.13446],[-122.933329,46.134467],[-122.93333,46.134693],[-122.933369,46.13473],[-122.933458,46.134737],[-122.933458,46.134827],[-122.933424,46.13488],[-122.933457,46.134917],[-122.933463,46.134987],[-122.933511,46.135018],[-122.933675,46.135001],[-122.933713,46.134969],[-122.933717,46.134917],[-122.933798,46.134913],[-122.93384,46.134884],[-122.933846,46.134557],[-122.933941,46.134548],[-122.933976,46.134503],[-122.933963,46.134401],[-122.933847,46.134377],[-122.933847,46.134197],[-122.934043,46.134196],[-122.934097,46.134169],[-122.934106,46.133927],[-122.934194,46.133921],[-122.934234,46.133884],[-122.934236,46.133657]],[[-122.935037,46.142525],[-122.934996,46.142421],[-122.934954,46.142392],[-122.934766,46.142403],[-122.934743,46.142568],[-122.934655,46.142574],[-122.934615,46.142611],[-122.934629,46.14283],[-122.934395,46.142844],[-122.934358,46.142876],[-122.934354,46.142927],[-122.934225,46.142927],[-122.934219,46.142871],[-122.93417,46.14284],[-122.933966,46.142837],[-122.933948,46.142767],[-122.933837,46.142747],[-122.933827,46.142686],[-122.933774,46.142658],[-122.933612,46.142666],[-122.933577,46.142747],[-122.933224,46.142756],[-122.933189,46.142837],[-122.933108,46.142841],[-122.933063,46.142875],[-122.933059,46.143197],[-122.932971,46.143203],[-122.93293,46.143245],[-122.932942,46.143533],[-122.932999,46.143556],[-122.933318,46.143557],[-122.933346,46.143635],[-122.933576,46.143647],[-122.933586,46.143708],[-122.933639,46.143736],[-122.934448,46.143728],[-122.934482,46.143689],[-122.934483,46.143558],[-122.934571,46.143551],[-122.934612,46.143509],[-122.9346,46.143402],[-122.934483,46.143377],[-122.934483,46.143288],[-122.93468,46.143287],[-122.934736,46.143254],[-122.934727,46.142845],[-122.934863,46.142809],[-122.934873,46.142658],[-122.934947,46.142655],[-122.934993,46.142629],[-122.935037,46.142525]],[[-122.933457,46.135587],[-122.933389,46.135533],[-122.933096,46.135551],[-122.933049,46.135597],[-122.933074,46.135693],[-122.933138,46.135726],[-122.933409,46.135723],[-122.933455,46.135683],[-122.933457,46.135587]],[[-122.933196,46.139778],[-122.933138,46.139763],[-122.93308,46.139783],[-122.933064,46.139832],[-122.93309,46.139868],[-122.933153,46.13988],[-122.933212,46.139854],[-122.933227,46.139814],[-122.933196,46.139778]],[[-122.934097,46.141667],[-122.934093,46.141616],[-122.934056,46.141584],[-122.933866,46.141589],[-122.933838,46.141667],[-122.933737,46.141679],[-122.933708,46.141757],[-122.933613,46.141766],[-122.933579,46.141847],[-122.933462,46.141871],[-122.933449,46.142027],[-122.933348,46.142039],[-122.933319,46.142117],[-122.933224,46.142126],[-122.93319,46.142207],[-122.933073,46.142231],[-122.933063,46.142348],[-122.933108,46.142383],[-122.933189,46.142387],[-122.93319,46.142518],[-122.933224,46.142558],[-122.933378,46.142567],[-122.933439,46.142538],[-122.933483,46.142435],[-122.933449,46.142387],[-122.933449,46.142297],[-122.933667,46.142291],[-122.933704,46.142259],[-122.933708,46.142207],[-122.933824,46.142183],[-122.933837,46.142117],[-122.933949,46.142097],[-122.933967,46.142027],[-122.934156,46.142027],[-122.934213,46.142003],[-122.934225,46.141711],[-122.934185,46.141674],[-122.934097,46.141667]],[[-122.936162,46.13939],[-122.936191,46.139019],[-122.93617,46.138985],[-122.936042,46.138968],[-122.936026,46.138886],[-122.936077,46.138831],[-122.936017,46.138778],[-122.93593,46.138795],[-122.935911,46.138878],[-122.935524,46.138878],[-122.935518,46.138821],[-122.935469,46.13879],[-122.93517,46.138797],[-122.935136,46.138842],[-122.935158,46.139042],[-122.935524,46.139058],[-122.935524,46.139328],[-122.935489,46.13937],[-122.935524,46.139418],[-122.935523,46.139508],[-122.935417,46.139524],[-122.935394,46.139598],[-122.935265,46.139598],[-122.935247,46.139528],[-122.935135,46.139508],[-122.935123,46.139429],[-122.935045,46.139405],[-122.934889,46.139442],[-122.934876,46.139598],[-122.934747,46.139598],[-122.934729,46.139437],[-122.934677,46.139418],[-122.934529,46.139424],[-122.934488,46.139466],[-122.934487,46.139687],[-122.934169,46.139688],[-122.934108,46.139716],[-122.934099,46.139867],[-122.934011,46.139874],[-122.933971,46.139911],[-122.933969,46.140137],[-122.933581,46.140137],[-122.933577,46.140085],[-122.93354,46.140053],[-122.93337,46.140051],[-122.933328,46.14008],[-122.933322,46.140137],[-122.93324,46.140141],[-122.933196,46.140175],[-122.933205,46.140383],[-122.933262,46.140406],[-122.93364,46.140407],[-122.933701,46.140378],[-122.93371,46.140317],[-122.933839,46.140317],[-122.933908,46.140341],[-122.934057,46.140311],[-122.934095,46.140279],[-122.934099,46.140227],[-122.934215,46.140203],[-122.934228,46.140137],[-122.93434,46.140118],[-122.934358,46.140047],[-122.934452,46.140045],[-122.934495,46.140022],[-122.934487,46.139867],[-122.934746,46.139868],[-122.934775,46.139945],[-122.935005,46.139958],[-122.935011,46.140014],[-122.93506,46.140045],[-122.935393,46.140048],[-122.935399,46.140105],[-122.935448,46.140136],[-122.935877,46.140129],[-122.935911,46.14009],[-122.935912,46.139958],[-122.935993,46.139954],[-122.936038,46.13992],[-122.936035,46.139798],[-122.935966,46.139764],[-122.935653,46.139778],[-122.935653,46.139688],[-122.935727,46.139686],[-122.935773,46.13966],[-122.935783,46.139508],[-122.935993,46.139504],[-122.936036,46.139475],[-122.936042,46.139418],[-122.936116,46.139416],[-122.936162,46.13939]],[[-122.933382,46.133477],[-122.933456,46.133438],[-122.93345,46.133325],[-122.933397,46.133298],[-122.933242,46.133303],[-122.933202,46.13334],[-122.93321,46.133448],[-122.933263,46.133476],[-122.933382,46.133477]],[[-122.934491,46.136447],[-122.93458,46.136441],[-122.934619,46.136404],[-122.934618,46.135946],[-122.934559,46.135908],[-122.934288,46.13591],[-122.934235,46.135951],[-122.934233,46.136087],[-122.934151,46.136091],[-122.934109,46.13612],[-122.934103,46.136267],[-122.934022,46.136271],[-122.933977,46.136305],[-122.933973,46.136717],[-122.933885,46.136723],[-122.933845,46.13676],[-122.933849,46.136864],[-122.933891,46.136893],[-122.933973,46.136897],[-122.933989,46.136979],[-122.933762,46.136991],[-122.93372,46.13702],[-122.933714,46.137077],[-122.93364,46.137079],[-122.933594,46.137105],[-122.933588,46.137219],[-122.933632,46.137253],[-122.933714,46.137257],[-122.933713,46.137347],[-122.933639,46.137349],[-122.933593,46.137375],[-122.933584,46.137617],[-122.933467,46.137641],[-122.933454,46.137797],[-122.933342,46.137816],[-122.93329,46.137924],[-122.933324,46.137977],[-122.933342,46.138137],[-122.933394,46.138157],[-122.933583,46.138157],[-122.933589,46.138214],[-122.933638,46.138245],[-122.933819,46.138231],[-122.933842,46.138067],[-122.933924,46.138063],[-122.933968,46.138029],[-122.933971,46.137661],[-122.933931,46.137623],[-122.933843,46.137617],[-122.933843,46.137527],[-122.934039,46.137526],[-122.934096,46.137494],[-122.934102,46.137257],[-122.934218,46.137233],[-122.934232,46.137131],[-122.934197,46.137086],[-122.934102,46.137077],[-122.934087,46.136995],[-122.934203,46.136975],[-122.934232,46.136897],[-122.934327,46.136888],[-122.934362,46.136807],[-122.934436,46.136805],[-122.934482,46.136779],[-122.934491,46.136447]],[[-122.933633,46.139957],[-122.933709,46.139914],[-122.933709,46.13982],[-122.933676,46.139786],[-122.93338,46.139777],[-122.933319,46.139797],[-122.933303,46.139838],[-122.933357,46.139948],[-122.933633,46.139957]],[[-122.933608,46.133162],[-122.933583,46.13306],[-122.933534,46.133029],[-122.933385,46.133029],[-122.933334,46.133065],[-122.933334,46.133168],[-122.933385,46.133204],[-122.933575,46.133197],[-122.933608,46.133162]],[[-122.933585,46.136307],[-122.933518,46.136253],[-122.933339,46.136291],[-122.933327,46.136488],[-122.933361,46.136528],[-122.933515,46.136537],[-122.933572,46.136513],[-122.933585,46.136307]],[[-122.933508,46.136908],[-122.933666,46.136893],[-122.933708,46.136864],[-122.933713,46.13667],[-122.933659,46.136629],[-122.933498,46.136628],[-122.933437,46.136672],[-122.933457,46.136867],[-122.933508,46.136908]],[[-122.933901,46.139711],[-122.934058,46.139681],[-122.934098,46.139644],[-122.934086,46.139351],[-122.934037,46.139328],[-122.933841,46.139327],[-122.93378,46.139303],[-122.933616,46.139336],[-122.933582,46.139376],[-122.933581,46.139507],[-122.9335,46.139511],[-122.933455,46.139545],[-122.933465,46.139663],[-122.933514,46.139686],[-122.93384,46.139687],[-122.933901,46.139711]],[[-122.934753,46.134238],[-122.934685,46.134184],[-122.934491,46.134218],[-122.934475,46.134259],[-122.93451,46.13437],[-122.934374,46.134406],[-122.934364,46.134557],[-122.934262,46.134562],[-122.934218,46.134597],[-122.934234,46.134917],[-122.934022,46.134908],[-122.933979,46.134942],[-122.933975,46.135007],[-122.933894,46.135011],[-122.933852,46.13504],[-122.933852,46.135154],[-122.933894,46.135183],[-122.933975,46.135187],[-122.933975,46.135277],[-122.933744,46.135289],[-122.933716,46.135326],[-122.933716,46.135457],[-122.933634,46.135461],[-122.933592,46.13549],[-122.933586,46.135727],[-122.933498,46.135733],[-122.933457,46.135775],[-122.933456,46.136142],[-122.933502,46.136186],[-122.93366,46.136175],[-122.933706,46.136148],[-122.933715,46.135907],[-122.93379,46.135905],[-122.933836,46.135878],[-122.933845,46.135727],[-122.933926,46.135723],[-122.933971,46.135689],[-122.933975,46.135547],[-122.934171,46.135546],[-122.934228,46.135514],[-122.934268,46.135415],[-122.934234,46.135367],[-122.934234,46.135277],[-122.934346,46.135258],[-122.934364,46.135097],[-122.934445,46.135093],[-122.93449,46.135059],[-122.934494,46.134737],[-122.934575,46.134733],[-122.934617,46.134704],[-122.934608,46.134385],[-122.93474,46.134354],[-122.934753,46.134238]],[[-122.934109,46.140576],[-122.934289,46.140601],[-122.934344,46.140577],[-122.934356,46.140451],[-122.934309,46.140411],[-122.934159,46.140395],[-122.934104,46.140427],[-122.934087,46.140508],[-122.933894,46.140499],[-122.933845,46.14053],[-122.933839,46.140587],[-122.933603,46.140603],[-122.933545,46.140719],[-122.933589,46.140828],[-122.933642,46.140856],[-122.933798,46.140851],[-122.933835,46.140819],[-122.933839,46.140767],[-122.933955,46.140743],[-122.933969,46.140677],[-122.93408,46.140657],[-122.934109,46.140576]],[[-122.934877,46.138698],[-122.934864,46.138632],[-122.9348,46.138608],[-122.934544,46.13861],[-122.934495,46.138641],[-122.934489,46.138697],[-122.934359,46.138697],[-122.934346,46.138631],[-122.93423,46.138607],[-122.934227,46.138556],[-122.934189,46.138524],[-122.933883,46.138523],[-122.933842,46.138566],[-122.933841,46.138787],[-122.933753,46.138793],[-122.933713,46.13883],[-122.933721,46.139118],[-122.933774,46.139146],[-122.93397,46.139147],[-122.934005,46.139228],[-122.934167,46.139236],[-122.93422,46.139209],[-122.934229,46.139147],[-122.934311,46.139143],[-122.934353,46.139114],[-122.934359,46.138877],[-122.934747,46.138878],[-122.934751,46.138943],[-122.934787,46.138974],[-122.934965,46.138961],[-122.935006,46.138919],[-122.935005,46.138741],[-122.934966,46.138704],[-122.934877,46.138698]],[[-122.935526,46.137528],[-122.9356,46.137526],[-122.935646,46.1375],[-122.935646,46.137377],[-122.935593,46.137349],[-122.935397,46.137348],[-122.935391,46.137291],[-122.935342,46.13726],[-122.934879,46.137258],[-122.93487,46.137183],[-122.934804,46.137154],[-122.934648,46.13718],[-122.93462,46.137257],[-122.934388,46.137256],[-122.934361,46.137292],[-122.934361,46.137527],[-122.934326,46.13757],[-122.93436,46.137617],[-122.93436,46.137887],[-122.934265,46.137896],[-122.934231,46.137977],[-122.934149,46.137981],[-122.934104,46.138016],[-122.934118,46.138407],[-122.93432,46.138434],[-122.934356,46.138403],[-122.93436,46.138337],[-122.934455,46.138328],[-122.934489,46.138247],[-122.934564,46.138245],[-122.93461,46.138219],[-122.934619,46.137798],[-122.934837,46.137791],[-122.934875,46.137759],[-122.934878,46.137708],[-122.934995,46.137684],[-122.935008,46.137618],[-122.935135,46.137618],[-122.935137,46.137888],[-122.935049,46.137894],[-122.935008,46.137936],[-122.935007,46.138248],[-122.934783,46.13825],[-122.934728,46.138298],[-122.934754,46.138394],[-122.934796,46.138423],[-122.935108,46.138416],[-122.935137,46.138338],[-122.935231,46.138329],[-122.935266,46.138248],[-122.935348,46.138244],[-122.935392,46.13821],[-122.935396,46.137888],[-122.935484,46.137882],[-122.935525,46.137839],[-122.935526,46.137528]],[[-122.934358,46.142389],[-122.934286,46.142363],[-122.934119,46.142403],[-122.934096,46.142441],[-122.934118,46.142551],[-122.934272,46.142581],[-122.934333,46.142565],[-122.934389,46.142435],[-122.934358,46.142389]],[[-122.934408,46.141487],[-122.934482,46.141449],[-122.934476,46.141336],[-122.934423,46.141308],[-122.934268,46.141314],[-122.934228,46.141351],[-122.934236,46.141459],[-122.934289,46.141486],[-122.934408,46.141487]],[[-122.934751,46.135638],[-122.934833,46.135633],[-122.934877,46.135599],[-122.934881,46.135416],[-122.934847,46.135377],[-122.934677,46.13537],[-122.934628,46.135401],[-122.934622,46.135457],[-122.934438,46.135444],[-122.934376,46.135468],[-122.934343,46.135671],[-122.934377,46.135718],[-122.934696,46.135725],[-122.934745,46.135694],[-122.934751,46.135638]],[[-122.934763,46.140548],[-122.93474,46.140351],[-122.934698,46.140322],[-122.934616,46.140317],[-122.934594,46.140243],[-122.934539,46.140227],[-122.93438,46.140243],[-122.934361,46.140369],[-122.934405,46.140403],[-122.934487,46.140408],[-122.934509,46.140572],[-122.934718,46.140583],[-122.934763,46.140548]],[[-122.935656,46.136898],[-122.935633,46.136824],[-122.935527,46.136808],[-122.935509,46.136648],[-122.935346,46.136628],[-122.935271,46.136666],[-122.935268,46.136808],[-122.934879,46.136808],[-122.934845,46.136727],[-122.934683,46.136719],[-122.93463,46.136746],[-122.93462,46.136807],[-122.934504,46.136831],[-122.934491,46.136933],[-122.934525,46.136978],[-122.93462,46.136988],[-122.934626,46.137044],[-122.934668,46.137073],[-122.93481,46.137102],[-122.934879,46.137078],[-122.935138,46.137078],[-122.935141,46.137129],[-122.935179,46.137161],[-122.935397,46.137168],[-122.935431,46.137249],[-122.935578,46.137258],[-122.935652,46.13722],[-122.935656,46.137078],[-122.935744,46.137072],[-122.935784,46.137035],[-122.935772,46.136922],[-122.935656,46.136898]],[[-122.934925,46.142118],[-122.934999,46.142079],[-122.93499,46.141962],[-122.934873,46.141938],[-122.93487,46.141886],[-122.934832,46.141854],[-122.934648,46.141843],[-122.934615,46.141883],[-122.934627,46.142004],[-122.934744,46.142028],[-122.934747,46.142079],[-122.934785,46.142111],[-122.934925,46.142118]],[[-122.935028,46.135058],[-122.935002,46.134946],[-122.934949,46.134919],[-122.934685,46.134919],[-122.934624,46.134961],[-122.934626,46.135059],[-122.934685,46.135096],[-122.934983,46.135093],[-122.935028,46.135058]],[[-122.935192,46.134828],[-122.935247,46.134812],[-122.93527,46.134779],[-122.935269,46.134691],[-122.935229,46.134654],[-122.934823,46.134648],[-122.934762,46.134676],[-122.934754,46.134784],[-122.934793,46.134821],[-122.935192,46.134828]],[[-122.935004,46.141218],[-122.935085,46.141214],[-122.93513,46.141179],[-122.93513,46.141076],[-122.935078,46.14104],[-122.934915,46.141044],[-122.934878,46.141076],[-122.934874,46.141128],[-122.934793,46.141132],[-122.934748,46.141166],[-122.934748,46.141269],[-122.9348,46.141305],[-122.934969,46.141299],[-122.935004,46.141218]],[[-122.936082,46.134426],[-122.936013,46.134297],[-122.935866,46.134288],[-122.935802,46.134312],[-122.935788,46.134378],[-122.93567,46.134389],[-122.93559,46.134354],[-122.935514,46.134396],[-122.935543,46.134458],[-122.935648,46.134457],[-122.935687,46.134546],[-122.935788,46.134558],[-122.935804,46.13464],[-122.935462,46.134649],[-122.935403,46.134686],[-122.935415,46.13509],[-122.935283,46.135122],[-122.935269,46.135278],[-122.935153,46.135302],[-122.93514,46.135404],[-122.935195,46.135455],[-122.935399,46.135458],[-122.935414,46.13554],[-122.93508,46.135548],[-122.935016,46.135581],[-122.93501,46.135908],[-122.934921,46.135914],[-122.934881,46.135956],[-122.934896,46.13635],[-122.934791,46.136364],[-122.934751,46.136406],[-122.934752,46.136584],[-122.934798,46.136623],[-122.935009,46.136628],[-122.935078,46.136652],[-122.935153,46.136619],[-122.935172,46.136575],[-122.935133,46.136481],[-122.935091,46.136452],[-122.935009,46.136448],[-122.934994,46.136365],[-122.93511,46.136345],[-122.935139,46.136268],[-122.93524,46.136256],[-122.935269,46.136178],[-122.935363,46.136169],[-122.935398,46.136088],[-122.93548,46.136084],[-122.935522,46.136055],[-122.935528,46.135818],[-122.935644,46.135794],[-122.935657,46.135692],[-122.935623,46.135647],[-122.935528,46.135638],[-122.935512,46.135556],[-122.935623,46.135539],[-122.935658,46.135458],[-122.935774,46.135434],[-122.935787,46.135242],[-122.935732,46.13519],[-122.935529,46.135188],[-122.935513,46.135106],[-122.93561,46.135094],[-122.935652,46.135065],[-122.935659,46.134828],[-122.935875,46.134827],[-122.935929,46.134799],[-122.935902,46.134656],[-122.935999,46.134644],[-122.936041,46.134615],[-122.936047,46.134468],[-122.936082,46.134426]],[[-122.93543,46.134441],[-122.935377,46.134304],[-122.935271,46.134288],[-122.935279,46.134043],[-122.935229,46.134019],[-122.935045,46.134014],[-122.935012,46.134053],[-122.935012,46.134288],[-122.934937,46.13429],[-122.934891,46.134316],[-122.934895,46.134444],[-122.935065,46.134491],[-122.935143,46.134468],[-122.93527,46.134468],[-122.935347,46.134491],[-122.93543,46.134441]],[[-122.934916,46.140761],[-122.935066,46.140781],[-122.935121,46.140757],[-122.935132,46.140631],[-122.935086,46.140592],[-122.934935,46.140575],[-122.934878,46.140612],[-122.934876,46.140724],[-122.934916,46.140761]],[[-122.934923,46.140314],[-122.935066,46.140331],[-122.935122,46.140307],[-122.935131,46.140176],[-122.935079,46.14014],[-122.934931,46.14014],[-122.934879,46.140176],[-122.934879,46.140279],[-122.934923,46.140314]],[[-122.935145,46.133926],[-122.935176,46.133891],[-122.935161,46.13385],[-122.935102,46.133825],[-122.93504,46.133837],[-122.935013,46.133873],[-122.935029,46.133921],[-122.935087,46.133941],[-122.935145,46.133926]],[[-122.935706,46.138788],[-122.935782,46.138745],[-122.935761,46.138624],[-122.935706,46.138608],[-122.935536,46.138619],[-122.935484,46.138524],[-122.935348,46.138504],[-122.935288,46.13852],[-122.935266,46.138644],[-122.935288,46.138682],[-122.935343,46.138698],[-122.935514,46.138687],[-122.935553,46.138776],[-122.935706,46.138788]],[[-122.935401,46.134018],[-122.935367,46.134055],[-122.935381,46.134095],[-122.93544,46.134121],[-122.935497,46.134112],[-122.935528,46.134078],[-122.935517,46.134029],[-122.935462,46.134005],[-122.935401,46.134018]],[[-122.935838,46.136538],[-122.935914,46.136495],[-122.935914,46.136402],[-122.935887,46.13637],[-122.935657,46.136358],[-122.935651,46.136301],[-122.935602,46.13627],[-122.935468,46.136268],[-122.935415,46.136288],[-122.935398,46.136484],[-122.935426,46.136526],[-122.935838,46.136538]],[[-122.935652,46.140498],[-122.935671,46.140453],[-122.935638,46.140418],[-122.935565,46.140409],[-122.935515,46.140433],[-122.935505,46.140475],[-122.935541,46.140512],[-122.935599,46.140522],[-122.935652,46.140498]],[[-122.935917,46.13798],[-122.935914,46.137888],[-122.936103,46.137888],[-122.93616,46.137864],[-122.936167,46.137742],[-122.93611,46.137709],[-122.935914,46.137708],[-122.935908,46.137652],[-122.935866,46.137622],[-122.935703,46.137622],[-122.935656,46.137667],[-122.935655,46.138068],[-122.935573,46.138072],[-122.935531,46.138101],[-122.935548,46.138232],[-122.935603,46.138248],[-122.935891,46.138232],[-122.935914,46.138068],[-122.935948,46.138026],[-122.935917,46.13798]],[[-122.937472,46.134199],[-122.937506,46.134056],[-122.937443,46.133941],[-122.93713,46.13392],[-122.937087,46.133954],[-122.937083,46.134019],[-122.937002,46.134023],[-122.936957,46.134057],[-122.936954,46.134289],[-122.936824,46.134289],[-122.936802,46.134034],[-122.936626,46.133994],[-122.936449,46.134042],[-122.936436,46.134198],[-122.936354,46.134203],[-122.93631,46.134237],[-122.936308,46.134425],[-122.936369,46.134467],[-122.936565,46.134469],[-122.936581,46.134551],[-122.936445,46.134587],[-122.936435,46.134738],[-122.936199,46.134754],[-122.936176,46.134918],[-122.936095,46.134922],[-122.93605,46.134957],[-122.936064,46.135079],[-122.936117,46.135098],[-122.936305,46.135098],[-122.936321,46.135181],[-122.936203,46.135193],[-122.936161,46.135223],[-122.936165,46.135469],[-122.935967,46.135458],[-122.935902,46.135493],[-122.935916,46.135638],[-122.935882,46.135691],[-122.935951,46.135809],[-122.9361,46.135832],[-122.936163,46.135808],[-122.936186,46.135537],[-122.936359,46.135562],[-122.936429,46.135529],[-122.936419,46.135196],[-122.936516,46.135184],[-122.936558,46.135155],[-122.936565,46.134919],[-122.936667,46.134914],[-122.936713,46.134874],[-122.936679,46.134566],[-122.936914,46.134566],[-122.93695,46.134534],[-122.936954,46.134469],[-122.937313,46.134457],[-122.937342,46.134379],[-122.937423,46.134375],[-122.937468,46.134341],[-122.937506,46.134247],[-122.937472,46.134199]],[[-122.936099,46.134198],[-122.936174,46.13416],[-122.936164,46.134042],[-122.936107,46.134019],[-122.935932,46.134028],[-122.935898,46.134074],[-122.935931,46.134174],[-122.935981,46.134197],[-122.936099,46.134198]],[[-122.936225,46.137258],[-122.9363,46.13722],[-122.936286,46.137098],[-122.936174,46.137078],[-122.936168,46.137022],[-122.936126,46.136992],[-122.935943,46.137],[-122.935915,46.137037],[-122.935911,46.137238],[-122.935965,46.137258],[-122.936225,46.137258]],[[-122.936376,46.138521],[-122.936183,46.138529],[-122.936141,46.138499],[-122.936081,46.138497],[-122.936034,46.138527],[-122.936025,46.138569],[-122.93607,46.138604],[-122.936172,46.138608],[-122.936168,46.138858],[-122.936222,46.138878],[-122.936375,46.138876],[-122.93643,46.13883],[-122.936428,46.138557],[-122.936376,46.138521]],[[-122.936309,46.132079],[-122.936241,46.132025],[-122.936058,46.132051],[-122.93603,46.132094],[-122.936067,46.132212],[-122.936132,46.132232],[-122.93628,46.132206],[-122.936307,46.132175],[-122.936309,46.132079]],[[-122.93632,46.138383],[-122.936296,46.138282],[-122.936254,46.138253],[-122.936111,46.138235],[-122.936049,46.138268],[-122.936044,46.138398],[-122.936089,46.138438],[-122.936288,46.138419],[-122.93632,46.138383]],[[-122.936308,46.133208],[-122.936302,46.133138],[-122.936255,46.133107],[-122.936104,46.133121],[-122.936058,46.133147],[-122.936049,46.13343],[-122.936089,46.133472],[-122.936367,46.133478],[-122.936428,46.13345],[-122.936434,46.133247],[-122.936389,46.133213],[-122.936308,46.133208]],[[-122.936078,46.136542],[-122.936502,46.136551],[-122.936557,46.136519],[-122.936562,46.136407],[-122.936528,46.136368],[-122.93612,46.136345],[-122.936058,46.136369],[-122.936045,46.136503],[-122.936078,46.136542]],[[-122.936436,46.132756],[-122.936384,46.132735],[-122.936326,46.132745],[-122.936289,46.132787],[-122.936305,46.132828],[-122.936358,46.132848],[-122.93643,46.132836],[-122.936457,46.132798],[-122.936436,46.132756]],[[-122.937018,46.13681],[-122.936731,46.136802],[-122.936695,46.136833],[-122.936692,46.136899],[-122.936573,46.13691],[-122.936521,46.136815],[-122.936331,46.136813],[-122.936284,46.136859],[-122.936309,46.136955],[-122.936373,46.136988],[-122.936551,46.136978],[-122.936568,46.137059],[-122.936622,46.137091],[-122.937039,46.137072],[-122.93708,46.13703],[-122.937071,46.136837],[-122.937018,46.13681]],[[-122.936559,46.139909],[-122.936499,46.139856],[-122.936334,46.139878],[-122.9363,46.139917],[-122.936313,46.140024],[-122.93637,46.140048],[-122.936524,46.140039],[-122.936557,46.140005],[-122.936559,46.139909]],[[-122.936856,46.135962],[-122.936817,46.135852],[-122.936767,46.135821],[-122.936457,46.135834],[-122.936434,46.135872],[-122.93645,46.136081],[-122.936313,46.136117],[-122.936327,46.136253],[-122.936505,46.136269],[-122.936561,46.136252],[-122.936583,46.136213],[-122.936547,46.136096],[-122.936799,46.136073],[-122.936856,46.135962]],[[-122.93669,46.138199],[-122.936623,46.138145],[-122.93646,46.138171],[-122.936432,46.138207],[-122.936448,46.138332],[-122.936514,46.138352],[-122.936662,46.138326],[-122.936689,46.138295],[-122.93669,46.138199]],[[-122.936772,46.137803],[-122.936615,46.137775],[-122.936455,46.137814],[-122.936432,46.137853],[-122.936454,46.137963],[-122.936622,46.138003],[-122.936797,46.137963],[-122.936814,46.137832],[-122.936772,46.137803]],[[-122.936818,46.139419],[-122.936812,46.139362],[-122.936763,46.139331],[-122.9365,46.139329],[-122.936443,46.139353],[-122.93643,46.139738],[-122.936463,46.139783],[-122.936654,46.13977],[-122.936689,46.139689],[-122.936784,46.13968],[-122.936818,46.139599],[-122.936935,46.139575],[-122.936939,46.139447],[-122.936893,46.139421],[-122.936818,46.139419]],[[-122.937881,46.132799],[-122.937858,46.132708],[-122.937821,46.132676],[-122.937603,46.132669],[-122.937603,46.132579],[-122.937638,46.132531],[-122.937603,46.132489],[-122.937603,46.132344],[-122.93757,46.132305],[-122.937344,46.132309],[-122.937316,46.132231],[-122.937086,46.132219],[-122.93708,46.132162],[-122.93703,46.132131],[-122.936767,46.132129],[-122.936715,46.132148],[-122.936698,46.132355],[-122.936738,46.132392],[-122.936826,46.132399],[-122.936826,46.132669],[-122.936725,46.132681],[-122.936696,46.132759],[-122.936587,46.132765],[-122.936547,46.132814],[-122.9366,46.132943],[-122.936826,46.132939],[-122.936808,46.133259],[-122.936853,46.133294],[-122.936955,46.133299],[-122.936954,46.133569],[-122.936866,46.133575],[-122.936825,46.133617],[-122.936825,46.13379],[-122.936859,46.13383],[-122.937084,46.133839],[-122.93716,46.133862],[-122.937314,46.133827],[-122.937343,46.133749],[-122.937472,46.133749],[-122.937485,46.133905],[-122.937534,46.133928],[-122.937653,46.133929],[-122.937718,46.133905],[-122.937731,46.133839],[-122.937847,46.133815],[-122.937861,46.133348],[-122.93782,46.133306],[-122.937732,46.133299],[-122.937732,46.133029],[-122.937767,46.132987],[-122.937732,46.132939],[-122.937732,46.13285],[-122.93786,46.132833],[-122.937881,46.132799]],[[-122.936818,46.140089],[-122.936757,46.140036],[-122.936593,46.140058],[-122.936559,46.140097],[-122.936572,46.140205],[-122.936629,46.140228],[-122.936783,46.14022],[-122.936816,46.140185],[-122.936818,46.140089]],[[-122.936839,46.137664],[-122.936815,46.137562],[-122.936773,46.137533],[-122.936629,46.137515],[-122.936567,46.137548],[-122.936563,46.137679],[-122.936608,46.137718],[-122.936807,46.137699],[-122.936839,46.137664]],[[-122.93747,46.135639],[-122.937447,46.135565],[-122.937341,46.135549],[-122.937325,46.135377],[-122.937461,46.13534],[-122.937455,46.135197],[-122.937587,46.135165],[-122.9376,46.135058],[-122.937552,46.135013],[-122.937411,46.135009],[-122.937343,46.135052],[-122.937357,46.135181],[-122.93726,46.135193],[-122.937217,46.135222],[-122.937227,46.135361],[-122.937105,46.135385],[-122.937082,46.135459],[-122.936734,46.135465],[-122.936697,46.135497],[-122.936674,46.135588],[-122.936714,46.135632],[-122.936823,46.135639],[-122.936857,46.13572],[-122.936952,46.135729],[-122.936986,46.13581],[-122.937211,46.135819],[-122.937239,46.135897],[-122.937387,46.135923],[-122.937461,46.135894],[-122.93747,46.135819],[-122.937558,46.135813],[-122.937598,46.135776],[-122.937586,46.135663],[-122.93747,46.135639]],[[-122.937375,46.136227],[-122.937334,46.136122],[-122.937292,46.136093],[-122.937104,46.136105],[-122.937081,46.136179],[-122.936999,46.136183],[-122.936955,46.136217],[-122.936974,46.136433],[-122.937029,46.136449],[-122.937187,46.136433],[-122.93721,46.136359],[-122.937292,46.136355],[-122.937334,46.136326],[-122.937375,46.136227]],[[-122.93701,46.138171],[-122.937315,46.138143],[-122.937338,46.138105],[-122.937315,46.137995],[-122.93726,46.137979],[-122.936972,46.137995],[-122.936955,46.138139],[-122.93701,46.138171]],[[-122.93752,46.132242],[-122.937685,46.132215],[-122.937727,46.132186],[-122.937732,46.131993],[-122.937678,46.131951],[-122.937537,46.13195],[-122.937483,46.131978],[-122.937474,46.132039],[-122.9374,46.132041],[-122.937354,46.132067],[-122.937346,46.132175],[-122.937385,46.132213],[-122.93752,46.132242]],[[-122.937859,46.134739],[-122.937941,46.134735],[-122.937986,46.134701],[-122.937966,46.134485],[-122.937911,46.134469],[-122.937541,46.134469],[-122.937494,46.134485],[-122.937471,46.134523],[-122.937471,46.13478],[-122.937494,46.134813],[-122.937684,46.134852],[-122.937837,46.134813],[-122.937859,46.134739]],[[-122.938243,46.137077],[-122.938176,46.137055],[-122.938105,46.13709],[-122.937986,46.137079],[-122.937983,46.137028],[-122.937945,46.136996],[-122.937775,46.136993],[-122.937733,46.137023],[-122.937727,46.137079],[-122.937611,46.137103],[-122.937598,46.137169],[-122.937481,46.137193],[-122.937474,46.137316],[-122.937538,46.137349],[-122.937808,46.137345],[-122.937851,46.137316],[-122.937857,46.137259],[-122.938068,46.137255],[-122.93811,46.137226],[-122.938127,46.137158],[-122.938237,46.137157],[-122.938265,46.137119],[-122.938243,46.137077]],[[-122.938394,46.137569],[-122.938374,46.137398],[-122.93834,46.137359],[-122.938014,46.137362],[-122.937986,46.137439],[-122.937904,46.137443],[-122.93786,46.137478],[-122.937856,46.137619],[-122.937821,46.137662],[-122.937856,46.137709],[-122.937856,46.137799],[-122.937625,46.137811],[-122.937564,46.137921],[-122.937577,46.137966],[-122.937681,46.138002],[-122.937833,46.137963],[-122.937867,46.137878],[-122.938054,46.137913],[-122.938216,46.137877],[-122.938244,46.137841],[-122.938245,46.13762],[-122.938372,46.137603],[-122.938394,46.137569]],[[-122.938173,46.132309],[-122.938247,46.132271],[-122.938238,46.132153],[-122.938121,46.132129],[-122.938118,46.132078],[-122.93808,46.132046],[-122.937896,46.132035],[-122.937863,46.132074],[-122.937875,46.132195],[-122.937992,46.132219],[-122.937995,46.132271],[-122.938033,46.132303],[-122.938173,46.132309]],[[-122.938639,46.13258],[-122.938604,46.132499],[-122.93845,46.13249],[-122.938389,46.132518],[-122.93838,46.132579],[-122.938261,46.13259],[-122.938182,46.132555],[-122.938105,46.132598],[-122.938134,46.13266],[-122.93825,46.132669],[-122.93825,46.132939],[-122.938155,46.132948],[-122.93812,46.133029],[-122.938008,46.133049],[-122.937956,46.133167],[-122.93799,46.133209],[-122.938,46.133361],[-122.938045,46.133387],[-122.93812,46.133389],[-122.938126,46.133446],[-122.938168,46.133475],[-122.93846,46.133475],[-122.938502,46.133446],[-122.938508,46.13339],[-122.93859,46.133386],[-122.938632,46.133356],[-122.938638,46.13285],[-122.938733,46.132841],[-122.938768,46.132796],[-122.938762,46.132613],[-122.93872,46.132584],[-122.938639,46.13258]],[[-122.938297,46.13663],[-122.938374,46.136586],[-122.938374,46.136493],[-122.938347,46.136462],[-122.938065,46.136449],[-122.938005,46.136469],[-122.937987,46.136581],[-122.938015,46.136617],[-122.938297,46.13663]],[[-122.93867,46.135063],[-122.938633,46.134944],[-122.93859,46.13491],[-122.9384,46.134935],[-122.938377,46.134974],[-122.938399,46.135174],[-122.938454,46.13519],[-122.938613,46.135174],[-122.93867,46.135063]],[[-122.93882,46.13222],[-122.938895,46.132181],[-122.93888,46.132059],[-122.938769,46.13204],[-122.938765,46.131974],[-122.938722,46.13194],[-122.938538,46.131962],[-122.93851,46.131998],[-122.938527,46.13211],[-122.938639,46.13213],[-122.938642,46.132181],[-122.93868,46.132213],[-122.93882,46.13222]]]}},{"type":"Feature","properties":{"id":67,"area_m2":58200,"px":582,"rank":2,"persistent":false},"geometry":{"type":"Polygon","coordinates":[[[-122.946148,46.131773],[-122.946147,46.131953],[-122.946041,46.131969],[-122.945985,46.132075],[-122.946018,46.132223],[-122.94589,46.13224],[-122.945868,46.132279],[-122.945888,46.132403],[-122.945793,46.132412],[-122.945759,46.132493],[-122.945684,46.132496],[-122.945638,46.132522],[-122.945629,46.132763],[-122.945534,46.132772],[-122.945499,46.132853],[-122.945418,46.132857],[-122.945376,46.132886],[-122.945369,46.133213],[-122.945288,46.133217],[-122.945243,46.133251],[-122.945205,46.133345],[-122.94524,46.133393],[-122.94524,46.133483],[-122.94511,46.133483],[-122.945049,46.133459],[-122.944993,46.133473],[-122.944946,46.133525],[-122.944981,46.133573],[-122.944981,46.133663],[-122.944886,46.133672],[-122.944851,46.133753],[-122.94477,46.133757],[-122.944725,46.133791],[-122.944722,46.133898],[-122.944749,46.133934],[-122.94498,46.133933],[-122.94498,46.134203],[-122.944892,46.134209],[-122.944851,46.134252],[-122.94485,46.134563],[-122.944647,46.134565],[-122.944597,46.134596],[-122.944591,46.134653],[-122.944462,46.134653],[-122.944444,46.134492],[-122.944243,46.134466],[-122.944206,46.134497],[-122.944169,46.134616],[-122.944221,46.134723],[-122.944332,46.134743],[-122.944332,46.134833],[-122.944226,46.134848],[-122.944203,46.134922],[-122.943944,46.134922],[-122.943921,46.134848],[-122.943815,46.134832],[-122.943822,46.134677],[-122.94378,46.134655],[-122.943685,46.134652],[-122.943673,46.134483],[-122.94361,46.134458],[-122.943482,46.134474],[-122.943427,46.134521],[-122.943426,46.135012],[-122.943319,46.135028],[-122.943296,46.135102],[-122.943167,46.135102],[-122.943167,46.135012],[-122.943248,46.135008],[-122.943293,46.134974],[-122.943296,46.134791],[-122.943256,46.134748],[-122.943128,46.134729],[-122.943041,46.134767],[-122.943037,46.134922],[-122.942956,46.134926],[-122.942914,46.134955],[-122.942889,46.135237],[-122.942935,46.135278],[-122.943037,46.135282],[-122.943037,46.135461],[-122.942949,46.135468],[-122.942909,46.135505],[-122.942907,46.135912],[-122.942875,46.13597],[-122.942946,46.136099],[-122.943166,46.136092],[-122.943165,46.136362],[-122.943131,46.13641],[-122.943165,46.136452],[-122.943169,46.136684],[-122.943235,46.136722],[-122.943553,46.136722],[-122.943553,46.136991],[-122.943424,46.136992],[-122.943418,46.136935],[-122.943376,46.136906],[-122.94322,46.136904],[-122.943171,46.136935],[-122.943165,46.136992],[-122.942976,46.136992],[-122.942924,46.137012],[-122.942906,46.137172],[-122.942776,46.137172],[-122.942777,46.136992],[-122.942883,46.136976],[-122.942906,46.136902],[-122.943137,46.13689],[-122.943165,46.136853],[-122.943162,46.13676],[-122.943117,46.136726],[-122.943036,46.136722],[-122.943033,46.136657],[-122.942996,46.136625],[-122.942777,46.136632],[-122.942754,46.136558],[-122.942648,46.136542],[-122.942648,46.136452],[-122.942754,46.136436],[-122.94281,46.13633],[-122.942771,46.136215],[-122.942729,46.136186],[-122.942648,46.136182],[-122.942645,46.136117],[-122.942602,46.136083],[-122.942389,46.136092],[-122.942389,46.136002],[-122.942471,46.135998],[-122.942513,46.135968],[-122.942515,46.13586],[-122.942456,46.135823],[-122.94226,46.13582],[-122.94226,46.135732],[-122.942456,46.135731],[-122.942516,46.135693],[-122.942551,46.135583],[-122.942496,46.135477],[-122.94239,46.135462],[-122.94239,46.135282],[-122.942485,46.135279],[-122.942531,46.135252],[-122.94252,46.135102],[-122.942594,46.135099],[-122.94264,46.135073],[-122.94264,46.13495],[-122.942594,46.134924],[-122.94252,46.134922],[-122.942514,46.134852],[-122.942459,46.134819],[-122.941907,46.13484],[-122.941873,46.13488],[-122.941872,46.135281],[-122.941743,46.135281],[-122.941741,46.135145],[-122.941702,46.135108],[-122.941354,46.135101],[-122.941355,46.134921],[-122.94145,46.134912],[-122.941484,46.134867],[-122.941478,46.134684],[-122.941436,46.134655],[-122.941355,46.134651],[-122.941355,46.134381],[-122.941462,46.134365],[-122.941517,46.134259],[-122.941485,46.134201],[-122.941485,46.133841],[-122.941618,46.133821],[-122.941615,46.133661],[-122.941696,46.133657],[-122.941738,46.133628],[-122.941745,46.133391],[-122.941874,46.133391],[-122.941943,46.133415],[-122.942004,46.133391],[-122.9422,46.13339],[-122.942253,46.133363],[-122.942263,46.133302],[-122.942392,46.133302],[-122.942401,46.133453],[-122.942447,46.133479],[-122.942521,46.133482],[-122.942521,46.133572],[-122.942486,46.133614],[-122.942521,46.133662],[-122.942513,46.133817],[-122.942571,46.133841],[-122.94278,46.133842],[-122.94276,46.133971],[-122.9428,46.134015],[-122.943128,46.134029],[-122.943168,46.133987],[-122.943168,46.133662],[-122.943203,46.13362],[-122.943169,46.133572],[-122.943169,46.133392],[-122.943264,46.133383],[-122.943298,46.133338],[-122.943295,46.13316],[-122.94325,46.133126],[-122.943169,46.133122],[-122.943169,46.133032],[-122.943264,46.13303],[-122.943313,46.132997],[-122.943299,46.132762],[-122.943653,46.132753],[-122.943687,46.132714],[-122.943687,46.132582],[-122.943776,46.132576],[-122.943816,46.132534],[-122.943804,46.132426],[-122.943688,46.132402],[-122.943682,46.132166],[-122.94364,46.132136],[-122.943558,46.132132],[-122.943559,46.131862],[-122.943665,46.131846],[-122.943688,46.131772],[-122.94511,46.131773],[-122.945173,46.131797],[-122.945243,46.131773],[-122.945887,46.131773],[-122.94595,46.131797],[-122.946018,46.131773],[-122.946148,46.131773]],[[-122.942779,46.134242],[-122.942719,46.134189],[-122.942451,46.134189],[-122.942397,46.134222],[-122.942391,46.134292],[-122.942275,46.134316],[-122.942227,46.134424],[-122.942265,46.134523],[-122.942309,46.134557],[-122.942391,46.134562],[-122.942425,46.134643],[-122.942602,46.134648],[-122.942644,46.134618],[-122.94265,46.134562],[-122.942766,46.134538],[-122.942779,46.134242]],[[-122.944984,46.132854],[-122.944927,46.132839],[-122.944874,46.132855],[-122.944852,46.132943],[-122.944593,46.132943],[-122.94457,46.132868],[-122.944448,46.132845],[-122.944442,46.132765],[-122.944352,46.132754],[-122.9443,46.132805],[-122.94435,46.13286],[-122.944334,46.133032],[-122.944227,46.133048],[-122.944204,46.133122],[-122.944075,46.133122],[-122.944062,46.133056],[-122.943946,46.133032],[-122.943943,46.132967],[-122.9439,46.132933],[-122.943749,46.132943],[-122.9437,46.132966],[-122.943687,46.133212],[-122.943598,46.133219],[-122.943559,46.133256],[-122.943575,46.133462],[-122.943619,46.133481],[-122.943878,46.133496],[-122.94394,46.133462],[-122.943945,46.133392],[-122.944204,46.133393],[-122.944204,46.133572],[-122.944109,46.133582],[-122.944074,46.133662],[-122.943993,46.133667],[-122.943948,46.133701],[-122.943945,46.133807],[-122.943978,46.133847],[-122.944299,46.133833],[-122.944333,46.133794],[-122.944334,46.133663],[-122.944551,46.133656],[-122.944589,46.133624],[-122.944593,46.133573],[-122.944709,46.133549],[-122.944722,46.133483],[-122.944838,46.133459],[-122.94485,46.133346],[-122.944796,46.133305],[-122.944641,46.133307],[-122.944599,46.133336],[-122.944593,46.133393],[-122.944463,46.133393],[-122.944464,46.133123],[-122.944967,46.133113],[-122.945001,46.133067],[-122.944966,46.13295],[-122.945016,46.132901],[-122.944984,46.132854]],[[-122.944191,46.133956],[-122.943998,46.133921],[-122.943948,46.133957],[-122.943946,46.134083],[-122.944005,46.134125],[-122.944156,46.134108],[-122.944202,46.134069],[-122.944191,46.133956]],[[-122.944514,46.134203],[-122.944589,46.134164],[-122.944583,46.134051],[-122.944529,46.134024],[-122.944374,46.134029],[-122.944335,46.134066],[-122.944342,46.134174],[-122.944395,46.134202],[-122.944514,46.134203]],[[-122.945387,46.132543],[-122.945348,46.132239],[-122.945293,46.132223],[-122.945005,46.132239],[-122.944982,46.132403],[-122.944947,46.132445],[-122.945005,46.132567],[-122.945052,46.132583],[-122.945335,46.132581],[-122.945387,46.132543]],[[-122.945365,46.1321],[-122.945405,46.13199],[-122.94533,46.131869],[-122.945173,46.131839],[-122.944992,46.131891],[-122.944992,46.132014],[-122.945037,46.132041],[-122.945112,46.132043],[-122.945115,46.132095],[-122.945153,46.132127],[-122.94533,46.132127],[-122.945365,46.1321]]]}},{"type":"Feature","properties":{"id":1,"area_m2":18800,"px":188,"rank":3,"persistent":false},"geometry":{"type":"Polygon","coordinates":[[[-122.941086,46.144101],[-122.941086,46.144191],[-122.940979,46.144207],[-122.940956,46.144281],[-122.940697,46.144281],[-122.940694,46.144229],[-122.940656,46.144197],[-122.940459,46.144197],[-122.940419,46.144241],[-122.940438,46.144371],[-122.938237,46.14437],[-122.938229,46.144025],[-122.93817,46.143996],[-122.937979,46.144009],[-122.937956,46.143935],[-122.937849,46.143919],[-122.937849,46.143829],[-122.93795,46.143817],[-122.937979,46.143739],[-122.93808,46.143727],[-122.938108,46.14365],[-122.938203,46.14364],[-122.938238,46.14356],[-122.938354,46.143536],[-122.9384,46.143411],[-122.938345,46.143305],[-122.938238,46.14329],[-122.938238,46.1432],[-122.938313,46.143197],[-122.938359,46.143171],[-122.938368,46.14302],[-122.938475,46.143004],[-122.938498,46.14293],[-122.938627,46.14293],[-122.938627,46.14311],[-122.938552,46.143112],[-122.938506,46.143138],[-122.938503,46.143256],[-122.938545,46.143286],[-122.938627,46.14329],[-122.938632,46.143346],[-122.938674,46.143376],[-122.938885,46.14338],[-122.938891,46.143437],[-122.938941,46.143468],[-122.939211,46.143469],[-122.939265,46.143442],[-122.939274,46.14338],[-122.939531,46.14338],[-122.93955,46.143464],[-122.939644,46.143479],[-122.939697,46.143428],[-122.939647,46.143373],[-122.939663,46.14329],[-122.939769,46.143275],[-122.939792,46.1432],[-122.939921,46.143201],[-122.939927,46.143271],[-122.939982,46.143303],[-122.94031,46.143291],[-122.940319,46.143622],[-122.940372,46.14365],[-122.940568,46.143652],[-122.940568,46.143741],[-122.940372,46.143742],[-122.940319,46.143769],[-122.940322,46.143987],[-122.940379,46.14401],[-122.940568,46.144011],[-122.940577,46.144072],[-122.94063,46.1441],[-122.941086,46.144101]],[[-122.939456,46.143841],[-122.939649,46.143806],[-122.939659,46.143689],[-122.939607,46.143653],[-122.939458,46.143653],[-122.939405,46.143694],[-122.939406,46.143805],[-122.939456,46.143841]],[[-122.939844,46.144022],[-122.940002,46.144006],[-122.940044,46.143977],[-122.940049,46.143784],[-122.939995,46.143743],[-122.939854,46.143741],[-122.939793,46.143784],[-122.939793,46.143981],[-122.939844,46.144022]]]}},{"type":"Feature","properties":{"id":3,"area_m2":14900,"px":149,"rank":4,"persistent":false},"geometry":{"type":"Polygon","coordinates":[[[-122.937331,46.143559],[-122.937331,46.143649],[-122.937236,46.143658],[-122.937202,46.143739],[-122.93712,46.143743],[-122.937078,46.143772],[-122.937072,46.144009],[-122.936554,46.144009],[-122.936493,46.143985],[-122.936425,46.144009],[-122.936295,46.144008],[-122.936262,46.143914],[-122.936099,46.143919],[-122.936045,46.143947],[-122.936036,46.144008],[-122.935955,46.144012],[-122.93591,46.144047],[-122.935906,46.144368],[-122.935259,46.144368],[-122.93525,46.144293],[-122.935184,46.144264],[-122.935028,46.14429],[-122.935,46.144368],[-122.934741,46.144368],[-122.934741,46.144278],[-122.934853,46.144258],[-122.934905,46.144145],[-122.934853,46.144027],[-122.934741,46.144008],[-122.934742,46.143918],[-122.93513,46.143918],[-122.935136,46.143975],[-122.935178,46.144004],[-122.935518,46.144008],[-122.935579,46.144032],[-122.935729,46.144004],[-122.935771,46.143975],[-122.935778,46.143738],[-122.935866,46.143732],[-122.935906,46.143695],[-122.935898,46.143497],[-122.935852,46.143471],[-122.935778,46.143468],[-122.935765,46.143402],[-122.935649,46.143378],[-122.935643,46.143321],[-122.935601,46.143292],[-122.93526,46.143288],[-122.935237,46.143214],[-122.935131,46.143198],[-122.935131,46.143108],[-122.935212,46.143104],[-122.935254,46.143075],[-122.935261,46.142838],[-122.935335,46.142836],[-122.935381,46.142809],[-122.93539,46.142658],[-122.93552,46.142658],[-122.935535,46.14283],[-122.935486,46.142891],[-122.935525,46.142931],[-122.935589,46.142941],[-122.935646,46.142903],[-122.935633,46.142846],[-122.935731,46.142834],[-122.935773,46.142805],[-122.935779,46.142658],[-122.935874,46.142649],[-122.935908,46.142568],[-122.93599,46.142564],[-122.936032,46.142535],[-122.936038,46.142437],[-122.93601,46.142401],[-122.935779,46.142388],[-122.935756,46.142314],[-122.93565,46.142298],[-122.93565,46.142118],[-122.935779,46.142118],[-122.935785,46.142175],[-122.935834,46.142206],[-122.936038,46.142208],[-122.936047,46.14227],[-122.936108,46.142298],[-122.936256,46.142292],[-122.936294,46.14226],[-122.936297,46.142209],[-122.936414,46.142185],[-122.936418,46.142057],[-122.936372,46.142031],[-122.936298,46.142028],[-122.936298,46.141849],[-122.936427,46.141849],[-122.936427,46.14198],[-122.936461,46.142019],[-122.936686,46.142029],[-122.936686,46.142209],[-122.936604,46.142213],[-122.936559,46.142247],[-122.936556,46.142479],[-122.936238,46.142479],[-122.936173,46.142512],[-122.936167,46.142748],[-122.936086,46.142752],[-122.936041,46.142787],[-122.936037,46.143108],[-122.935956,46.143112],[-122.935914,46.143142],[-122.935913,46.143345],[-122.935985,46.143378],[-122.936682,46.143379],[-122.936745,46.143403],[-122.936814,46.143379],[-122.936943,46.143379],[-122.936944,46.14351],[-122.936978,46.14355],[-122.937133,46.143583],[-122.937202,46.143559],[-122.937331,46.143559]]]}},{"type":"Feature","properties":{"id":25,"area_m2":4600,"px":46,"rank":5,"persistent":false},"geometry":{"type":"Polygon","coordinates":[[[-122.939535,46.14113],[-122.939535,46.14131],[-122.93944,46.141319],[-122.939406,46.141364],[-122.939419,46.141466],[-122.939535,46.14149],[-122.939535,46.14158],[-122.939077,46.141568],[-122.939023,46.1416],[-122.939015,46.14167],[-122.938629,46.14167],[-122.938625,46.141618],[-122.938587,46.141586],[-122.93837,46.14158],[-122.938361,46.141428],[-122.938315,46.141402],[-122.93824,46.141398],[-122.93824,46.14131],[-122.938275,46.141267],[-122.938241,46.141219],[-122.938241,46.14113],[-122.938352,46.14111],[-122.938404,46.141002],[-122.93837,46.14095],[-122.938369,46.140723],[-122.938308,46.140681],[-122.938112,46.140679],[-122.938112,46.14059],[-122.938371,46.14059],[-122.938393,46.140664],[-122.9385,46.14068],[-122.938509,46.140831],[-122.938555,46.140857],[-122.938629,46.14086],[-122.938629,46.141171],[-122.93867,46.141213],[-122.938888,46.14122],[-122.938894,46.141277],[-122.938943,46.141308],[-122.939206,46.14131],[-122.939275,46.141267],[-122.939277,46.14104],[-122.939406,46.14104],[-122.939429,46.141114],[-122.939535,46.14113]]]}},{"type":"Feature","properties":{"id":63,"area_m2":4300,"px":43,"rank":6,"persistent":false},"geometry":{"type":"Polygon","coordinates":[[[-122.941741,46.136721],[-122.941741,46.136811],[-122.941646,46.13682],[-122.941611,46.136901],[-122.94153,46.136905],[-122.941485,46.13694],[-122.941481,46.137351],[-122.941352,46.137351],[-122.941291,46.137327],[-122.941222,46.137351],[-122.940964,46.137351],[-122.940887,46.137327],[-122.940733,46.137363],[-122.940704,46.137441],[-122.940575,46.137441],[-122.940575,46.137261],[-122.940692,46.137237],[-122.940703,46.137124],[-122.940664,46.137087],[-122.940576,46.137081],[-122.940547,46.137003],[-122.940446,46.136991],[-122.940446,46.136901],[-122.940576,46.136901],[-122.940644,46.136925],[-122.940824,46.13689],[-122.940836,46.137127],[-122.940889,46.137169],[-122.941282,46.137171],[-122.941352,46.137122],[-122.941347,46.136934],[-122.941305,46.136905],[-122.941223,46.136901],[-122.941195,46.136823],[-122.940835,46.136811],[-122.940832,46.136579],[-122.940787,46.136545],[-122.940706,46.136541],[-122.940706,46.136451],[-122.94074,46.136408],[-122.940706,46.136361],[-122.940706,46.136271],[-122.940835,46.136271],[-122.940841,46.136328],[-122.94089,46.136359],[-122.941094,46.136361],[-122.941103,46.136512],[-122.941149,46.136539],[-122.941223,46.136541],[-122.941258,46.136622],[-122.941353,46.136631],[-122.941387,46.136712],[-122.941741,46.136721]]]}},{"type":"Feature","properties":{"id":85,"area_m2":3900,"px":39,"rank":7,"persistent":false},"geometry":{"type":"Polygon","coordinates":[[[-122.941227,46.133391],[-122.941227,46.133481],[-122.941125,46.133485],[-122.94108,46.133521],[-122.941097,46.133841],[-122.941022,46.133843],[-122.940977,46.133869],[-122.940967,46.134021],[-122.94086,46.134037],[-122.940838,46.134111],[-122.940601,46.134127],[-122.940578,46.134291],[-122.940497,46.134295],[-122.940452,46.134329],[-122.940449,46.134471],[-122.940319,46.13447],[-122.940297,46.134396],[-122.94019,46.13438],[-122.94019,46.134291],[-122.940421,46.134278],[-122.940449,46.134242],[-122.940449,46.134111],[-122.940538,46.134104],[-122.940578,46.134062],[-122.940576,46.133879],[-122.940531,46.133845],[-122.94045,46.133841],[-122.94045,46.133751],[-122.940669,46.133758],[-122.940705,46.133726],[-122.940709,46.133661],[-122.940797,46.133654],[-122.940838,46.133612],[-122.94081,46.133493],[-122.940579,46.133481],[-122.940557,46.133406],[-122.94045,46.133391],[-122.94045,46.133211],[-122.940525,46.133208],[-122.940571,46.133182],[-122.94058,46.133031],[-122.940968,46.133031],[-122.940968,46.133211],[-122.940933,46.133259],[-122.940977,46.133362],[-122.94103,46.13339],[-122.941227,46.133391]]]}},{"type":"Feature","properties":{"id":100,"area_m2":3500,"px":35,"rank":8,"persistent":false},"geometry":{"type":"Polygon","coordinates":[[[-122.9433,46.131772],[-122.9433,46.131862],[-122.943193,46.131878],[-122.94317,46.131952],[-122.942974,46.131953],[-122.94292,46.13198],[-122.942914,46.132094],[-122.942959,46.132128],[-122.94304,46.132132],[-122.94304,46.132222],[-122.942852,46.132222],[-122.942795,46.132246],[-122.942781,46.132402],[-122.942693,46.132408],[-122.942653,46.132445],[-122.942651,46.132672],[-122.942545,46.132687],[-122.942522,46.132762],[-122.942263,46.132761],[-122.94224,46.132687],[-122.942134,46.132671],[-122.942134,46.132582],[-122.942229,46.132572],[-122.942263,46.132492],[-122.94238,46.132468],[-122.942393,46.132312],[-122.942505,46.132292],[-122.942523,46.132132],[-122.942611,46.132125],[-122.942651,46.132088],[-122.942639,46.131976],[-122.942523,46.131952],[-122.942523,46.131772],[-122.9433,46.131772]]]}},{"type":"Feature","properties":{"id":73,"area_m2":2500,"px":25,"rank":9,"persistent":false},"geometry":{"type":"Polygon","coordinates":[[[-122.944202,46.135733],[-122.944202,46.136002],[-122.944127,46.136005],[-122.944081,46.136031],[-122.944072,46.136182],[-122.943554,46.136182],[-122.943566,46.136032],[-122.94352,46.136005],[-122.943425,46.136002],[-122.943425,46.135732],[-122.943542,46.135708],[-122.943555,46.135552],[-122.943661,46.135536],[-122.943684,46.135462],[-122.943814,46.135462],[-122.943819,46.135532],[-122.943867,46.135563],[-122.944073,46.135553],[-122.944082,46.135704],[-122.944128,46.13573],[-122.944202,46.135733]],[[-122.943813,46.135773],[-122.943786,46.135731],[-122.943731,46.135719],[-122.943669,46.135741],[-122.943649,46.13578],[-122.943675,46.135817],[-122.943738,46.135836],[-122.943796,46.135816],[-122.943813,46.135773]]]}},{"type":"Feature","properties":{"id":66,"area_m2":2300,"px":23,"rank":10,"persistent":false},"geometry":{"type":"Polygon","coordinates":[[[-122.931514,46.136536],[-122.931513,46.136896],[-122.931439,46.136898],[-122.931393,46.136924],[-122.931383,46.137076],[-122.931302,46.13708],[-122.931257,46.137114],[-122.931254,46.137255],[-122.930995,46.137255],[-122.930995,46.137165],[-122.93103,46.137118],[-122.930995,46.137075],[-122.930992,46.136844],[-122.930933,46.136806],[-122.930737,46.136805],[-122.930737,46.136715],[-122.931072,46.136726],[-122.931119,46.136696],[-122.931125,46.136625],[-122.931242,46.136601],[-122.931255,46.136536],[-122.931514,46.136536]]]}},{"type":"Feature","properties":{"id":74,"area_m2":2300,"px":23,"rank":11,"persistent":false},"geometry":{"type":"Polygon","coordinates":[[[-122.930349,46.135635],[-122.930349,46.135725],[-122.930261,46.135731],[-122.930221,46.135768],[-122.93022,46.135995],[-122.929995,46.136004],[-122.929961,46.136085],[-122.929844,46.136109],[-122.929831,46.136175],[-122.929702,46.136174],[-122.929692,46.136113],[-122.929639,46.136086],[-122.929184,46.136084],[-122.929184,46.135994],[-122.929402,46.135988],[-122.92944,46.135956],[-122.929443,46.135904],[-122.929891,46.135904],[-122.929948,46.135881],[-122.929961,46.135779],[-122.929938,46.13574],[-122.929702,46.135724],[-122.929702,46.135545],[-122.929832,46.135545],[-122.929841,46.135606],[-122.929894,46.135634],[-122.930349,46.135635]]]}},{"type":"Feature","properties":{"id":64,"area_m2":2100,"px":21,"rank":12,"persistent":false},"geometry":{"type":"Polygon","coordinates":[[[-122.940446,46.137171],[-122.940446,46.137261],[-122.94008,46.137276],[-122.940057,46.13744],[-122.939539,46.13744],[-122.939536,46.137389],[-122.939498,46.137357],[-122.939281,46.13735],[-122.939281,46.13726],[-122.939669,46.13726],[-122.939678,46.137322],[-122.939731,46.137349],[-122.939865,46.137349],[-122.939915,46.137326],[-122.939925,46.137119],[-122.93988,46.137084],[-122.939799,46.13708],[-122.939799,46.13681],[-122.939928,46.13681],[-122.939934,46.136867],[-122.939984,46.136898],[-122.940187,46.136901],[-122.9402,46.137147],[-122.940257,46.13717],[-122.940446,46.137171]]]}},{"type":"Feature","properties":{"id":53,"area_m2":1900,"px":19,"rank":13,"persistent":false},"geometry":{"type":"Polygon","coordinates":[[[-122.940057,46.137891],[-122.940056,46.13807],[-122.93958,46.138077],[-122.93954,46.138114],[-122.939538,46.13825],[-122.939409,46.13825],[-122.939403,46.138193],[-122.939354,46.138162],[-122.93915,46.13816],[-122.93915,46.13798],[-122.939257,46.137964],[-122.939312,46.137858],[-122.93928,46.1378],[-122.93928,46.13771],[-122.939539,46.13771],[-122.93954,46.137847],[-122.939594,46.137888],[-122.939798,46.13789],[-122.939859,46.137914],[-122.939927,46.13789],[-122.940057,46.137891]]]}},{"type":"Feature","properties":{"id":72,"area_m2":1800,"px":18,"rank":14,"persistent":false},"geometry":{"type":"Polygon","coordinates":[[[-122.945367,46.135463],[-122.945367,46.135643],[-122.945238,46.135643],[-122.945162,46.135619],[-122.945074,46.13568],[-122.945108,46.135733],[-122.945093,46.135878],[-122.945143,46.135911],[-122.945237,46.135913],[-122.945237,46.136003],[-122.945131,46.136019],[-122.945108,46.136093],[-122.944991,46.136117],[-122.944978,46.136183],[-122.944719,46.136183],[-122.94472,46.135913],[-122.944801,46.135909],[-122.944846,46.135875],[-122.944849,46.135643],[-122.94495,46.135631],[-122.944979,46.135553],[-122.945067,46.135547],[-122.945107,46.135509],[-122.945095,46.135397],[-122.944979,46.135373],[-122.944979,46.135193],[-122.945109,46.135193],[-122.945131,46.135267],[-122.945238,46.135283],[-122.945247,46.135434],[-122.945293,46.135461],[-122.945367,46.135463]]]}},{"type":"Feature","properties":{"id":77,"area_m2":1600,"px":16,"rank":15,"persistent":false},"geometry":{"type":"Polygon","coordinates":[[[-122.942001,46.135461],[-122.942001,46.135641],[-122.941894,46.135657],[-122.941871,46.135731],[-122.941742,46.135731],[-122.941742,46.1356],[-122.941714,46.135564],[-122.941483,46.135551],[-122.941478,46.135494],[-122.941428,46.135463],[-122.941225,46.135461],[-122.941221,46.135319],[-122.941177,46.135285],[-122.941095,46.135281],[-122.941095,46.135191],[-122.941484,46.135191],[-122.941464,46.135321],[-122.941497,46.135362],[-122.941872,46.135371],[-122.941895,46.135446],[-122.942001,46.135461]]]}},{"type":"Feature","properties":{"id":10,"area_m2":1400,"px":14,"rank":16,"persistent":false},"geometry":{"type":"Polygon","coordinates":[[[-122.941475,46.143291],[-122.941475,46.143381],[-122.94138,46.14339],[-122.941345,46.143471],[-122.941271,46.143473],[-122.941225,46.1435],[-122.941216,46.143651],[-122.940827,46.143651],[-122.940818,46.143499],[-122.940772,46.143473],[-122.940698,46.143471],[-122.940698,46.143201],[-122.940828,46.143201],[-122.940829,46.143337],[-122.94089,46.14338],[-122.941283,46.14338],[-122.941336,46.143353],[-122.941346,46.143291],[-122.941475,46.143291]]]}},{"type":"Feature","properties":{"id":49,"area_m2":1300,"px":13,"rank":17,"persistent":false},"geometry":{"type":"Polygon","coordinates":[[[-122.928404,46.138244],[-122.928404,46.138514],[-122.928309,46.138523],[-122.928274,46.138568],[-122.928287,46.13867],[-122.928404,46.138694],[-122.928403,46.138784],[-122.928322,46.138788],[-122.928277,46.138822],[-122.928274,46.139054],[-122.928015,46.139053],[-122.928015,46.138964],[-122.92811,46.138954],[-122.928144,46.13891],[-122.928132,46.138808],[-122.928015,46.138783],[-122.928015,46.138604],[-122.92811,46.138594],[-122.928145,46.138514],[-122.928219,46.138511],[-122.928265,46.138485],[-122.928275,46.138244],[-122.928404,46.138244]]]}},{"type":"Feature","properties":{"id":83,"area_m2":1300,"px":13,"rank":18,"persistent":false},"geometry":{"type":"Polygon","coordinates":[[[-122.932422,46.134556],[-122.932422,46.134736],[-122.932348,46.134738],[-122.932302,46.134765],[-122.932292,46.134916],[-122.932163,46.134916],[-122.93215,46.13485],[-122.932085,46.134826],[-122.931939,46.134835],[-122.931904,46.134916],[-122.931775,46.134916],[-122.931752,46.134842],[-122.931645,46.134826],[-122.931611,46.134745],[-122.931516,46.134736],[-122.931518,46.134646],[-122.931904,46.134646],[-122.931939,46.134727],[-122.932108,46.134734],[-122.932157,46.134703],[-122.932163,46.134646],[-122.93228,46.134622],[-122.932293,46.134556],[-122.932422,46.134556]]]}},{"type":"Feature","properties":{"id":44,"area_m2":1200,"px":12,"rank":19,"persistent":false},"geometry":{"type":"Polygon","coordinates":[[[-122.945105,46.138793],[-122.945105,46.138883],[-122.944787,46.138883],[-122.944722,46.138916],[-122.944716,46.139063],[-122.944682,46.139116],[-122.944734,46.139223],[-122.944846,46.139243],[-122.944845,46.139512],[-122.944716,46.139513],[-122.944703,46.139267],[-122.944646,46.139243],[-122.944457,46.139243],[-122.944458,46.139063],[-122.944546,46.139056],[-122.944585,46.139019],[-122.944587,46.138793],[-122.945105,46.138793]]]}},{"type":"Feature","properties":{"id":8,"area_m2":1100,"px":11,"rank":20,"persistent":false},"geometry":{"type":"Polygon","coordinates":[[[-122.94199,46.143293],[-122.941958,46.143339],[-122.941993,46.143382],[-122.941993,46.143651],[-122.941886,46.143667],[-122.941863,46.143741],[-122.941604,46.143741],[-122.941604,46.143651],[-122.941699,46.143642],[-122.941734,46.143597],[-122.941731,46.14342],[-122.941686,46.143385],[-122.941605,46.143381],[-122.941605,46.143291],[-122.941808,46.143289],[-122.941858,46.143258],[-122.941864,46.143202],[-122.941991,46.143202],[-122.94199,46.143293]]]}},{"type":"Feature","properties":{"id":28,"area_m2":1100,"px":11,"rank":21,"persistent":false},"geometry":{"type":"Polygon","coordinates":[[[-122.938111,46.14113],[-122.938111,46.141219],[-122.937723,46.141219],[-122.937714,46.141068],[-122.937668,46.141042],[-122.937593,46.141039],[-122.937559,46.140958],[-122.937464,46.140949],[-122.937464,46.140859],[-122.937571,46.140843],[-122.937594,46.140769],[-122.937852,46.140769],[-122.937861,46.141101],[-122.937915,46.141128],[-122.938111,46.14113]]]}},{"type":"Feature","properties":{"id":31,"area_m2":1100,"px":11,"rank":22,"persistent":false},"geometry":{"type":"Polygon","coordinates":[[[-122.929825,46.140495],[-122.929825,46.140585],[-122.929512,46.140571],[-122.929459,46.140587],[-122.929437,46.140764],[-122.929178,46.140764],[-122.929178,46.140674],[-122.929213,46.140632],[-122.929178,46.140584],[-122.929179,46.140314],[-122.929437,46.140314],[-122.929472,46.140395],[-122.929696,46.140405],[-122.929719,46.140479],[-122.929825,46.140495]]]}},{"type":"Feature","properties":{"id":37,"area_m2":1100,"px":11,"rank":23,"persistent":false},"geometry":{"type":"Polygon","coordinates":[[[-122.929179,46.140134],[-122.929178,46.140224],[-122.92879,46.140224],[-122.928787,46.140172],[-122.928749,46.14014],[-122.928531,46.140134],[-122.928525,46.140077],[-122.928476,46.140046],[-122.928273,46.140044],[-122.928273,46.139954],[-122.928476,46.139952],[-122.928526,46.139921],[-122.928532,46.139864],[-122.928661,46.139864],[-122.928661,46.139995],[-122.928689,46.140032],[-122.929049,46.140044],[-122.929072,46.140118],[-122.929179,46.140134]]]}},{"type":"Feature","properties":{"id":54,"area_m2":1100,"px":11,"rank":24,"persistent":false},"geometry":{"type":"Polygon","coordinates":[[[-122.9442,46.137533],[-122.9442,46.137892],[-122.944093,46.137908],[-122.94407,46.137982],[-122.943941,46.137982],[-122.943941,46.137712],[-122.943975,46.137659],[-122.943923,46.137552],[-122.943812,46.137532],[-122.943812,46.137352],[-122.944071,46.137353],[-122.944059,46.137503],[-122.944105,46.13753],[-122.9442,46.137533]]]}},{"type":"Feature","properties":{"id":76,"area_m2":1100,"px":11,"rank":25,"persistent":false},"geometry":{"type":"Polygon","coordinates":[[[-122.94006,46.13528],[-122.940059,46.13555],[-122.939978,46.135554],[-122.939933,46.135589],[-122.939929,46.13582],[-122.9398,46.13582],[-122.939791,46.135669],[-122.939745,46.135643],[-122.939671,46.135639],[-122.939671,46.13555],[-122.939752,46.135546],[-122.939795,46.135517],[-122.939799,46.135414],[-122.93976,46.135377],[-122.939671,46.13537],[-122.939671,46.13528],[-122.94006,46.13528]]]}},{"type":"Feature","properties":{"id":96,"area_m2":1100,"px":11,"rank":26,"persistent":false},"geometry":{"type":"Polygon","coordinates":[[[-122.942781,46.132942],[-122.94278,46.133122],[-122.942651,46.133122],[-122.942645,46.133065],[-122.942603,46.133036],[-122.942455,46.133033],[-122.942394,46.133075],[-122.942392,46.133212],[-122.942133,46.133211],[-122.942133,46.133031],[-122.942168,46.132989],[-122.942134,46.132941],[-122.942134,46.132852],[-122.942392,46.132852],[-122.942402,46.132913],[-122.942455,46.132941],[-122.942781,46.132942]]]}},{"type":"Feature","properties":{"id":48,"area_m2":1000,"px":10,"rank":27,"persistent":false},"geometry":{"type":"Polygon","coordinates":[[[-122.940833,46.138791],[-122.940832,46.139061],[-122.940573,46.139061],[-122.940551,46.138897],[-122.940315,46.138881],[-122.940315,46.138701],[-122.940574,46.138701],[-122.940577,46.138752],[-122.940615,46.138784],[-122.940833,46.138791]]]}},{"type":"Feature","properties":{"id":62,"area_m2":1000,"px":10,"rank":28,"persistent":false},"geometry":{"type":"Polygon","coordinates":[[[-122.928923,46.137164],[-122.928923,46.137434],[-122.928816,46.13745],[-122.928794,46.137524],[-122.928535,46.137524],[-122.928535,46.137254],[-122.928642,46.137238],[-122.928665,46.137164],[-122.928923,46.137164]]]}},{"type":"Feature","properties":{"id":68,"area_m2":1000,"px":10,"rank":29,"persistent":false},"geometry":{"type":"Polygon","coordinates":[[[-122.944072,46.136273],[-122.944072,46.136452],[-122.943953,46.136463],[-122.943866,46.136429],[-122.943795,46.136476],[-122.943826,46.136533],[-122.943942,46.136542],[-122.943942,46.136722],[-122.943813,46.136722],[-122.943807,46.136666],[-122.943757,46.136635],[-122.943554,46.136632],[-122.943554,46.136362],[-122.943772,46.136356],[-122.94381,46.136324],[-122.943813,46.136272],[-122.944072,46.136273]]]}},{"type":"Feature","properties":{"id":81,"area_m2":1000,"px":10,"rank":30,"persistent":false},"geometry":{"type":"Polygon","coordinates":[[[-122.946015,46.134563],[-122.946015,46.134653],[-122.945927,46.13466],[-122.945887,46.134697],[-122.945886,46.135013],[-122.945756,46.135013],[-122.945744,46.134844],[-122.945681,46.134819],[-122.945497,46.134833],[-122.945494,46.134691],[-122.94545,46.134657],[-122.945368,46.134653],[-122.945368,46.134563],[-122.945757,46.134563],[-122.945818,46.134587],[-122.945886,46.134563],[-122.946015,46.134563]]]}},{"type":"Feature","properties":{"id":15,"area_m2":900,"px":9,"rank":31,"persistent":false},"geometry":{"type":"Polygon","coordinates":[[[-122.936944,46.142659],[-122.936944,46.142749],[-122.936849,46.142758],[-122.936814,46.142803],[-122.936827,46.142905],[-122.936944,46.142929],[-122.936944,46.143019],[-122.936685,46.143019],[-122.936662,46.142945],[-122.936555,46.142929],[-122.936556,46.142659],[-122.936944,46.142659]]]}},{"type":"Feature","properties":{"id":23,"area_m2":900,"px":9,"rank":32,"persistent":false},"geometry":{"type":"Polygon","coordinates":[[[-122.942772,46.141132],[-122.942772,46.141402],[-122.94269,46.141406],[-122.942646,46.14144],[-122.942642,46.141672],[-122.942535,46.141688],[-122.942513,46.141762],[-122.942383,46.141762],[-122.942384,46.141492],[-122.942478,46.141483],[-122.942513,46.141402],[-122.942587,46.141399],[-122.942633,46.141373],[-122.942643,46.141132],[-122.942772,46.141132]]]}},{"type":"Feature","properties":{"id":29,"area_m2":900,"px":9,"rank":33,"persistent":false},"geometry":{"type":"Polygon","coordinates":[[[-122.929825,46.140675],[-122.929825,46.140765],[-122.929744,46.140769],[-122.929699,46.140803],[-122.929695,46.140945],[-122.929589,46.14096],[-122.929566,46.141034],[-122.929307,46.141034],[-122.929246,46.14101],[-122.929177,46.141034],[-122.929048,46.141034],[-122.929048,46.140944],[-122.929155,46.140928],[-122.929178,46.140854],[-122.929307,46.140854],[-122.929376,46.140879],[-122.929543,46.140839],[-122.929566,46.140675],[-122.929825,46.140675]]]}},{"type":"Feature","properties":{"id":40,"area_m2":900,"px":9,"rank":34,"persistent":false},"geometry":{"type":"Polygon","coordinates":[[[-122.940314,46.139781],[-122.940313,46.139871],[-122.94011,46.139873],[-122.94006,46.139904],[-122.940054,46.13996],[-122.939925,46.13996],[-122.939902,46.139886],[-122.939796,46.13987],[-122.939761,46.139789],[-122.939666,46.13978],[-122.939667,46.1396],[-122.939773,46.139585],[-122.939796,46.13951],[-122.939925,46.13951],[-122.939925,46.1396],[-122.939891,46.139648],[-122.939948,46.139765],[-122.940314,46.139781]]]}},{"type":"Feature","properties":{"id":99,"area_m2":900,"px":9,"rank":35,"persistent":false},"geometry":{"type":"Polygon","coordinates":[[[-122.941486,46.132851],[-122.941486,46.132941],[-122.94071,46.132941],[-122.940687,46.132867],[-122.94058,46.132851],[-122.94058,46.132761],[-122.94071,46.132761],[-122.940771,46.132785],[-122.940839,46.132761],[-122.941098,46.132761],[-122.941104,46.132818],[-122.941153,46.132849],[-122.941486,46.132851]]]}},{"type":"Feature","properties":{"id":12,"area_m2":800,"px":8,"rank":36,"persistent":false},"geometry":{"type":"Polygon","coordinates":[[[-122.937462,46.143019],[-122.937461,46.143379],[-122.937202,46.143379],[-122.937203,46.143019],[-122.937462,46.143019]]]}},{"type":"Feature","properties":{"id":51,"area_m2":800,"px":8,"rank":37,"persistent":false},"geometry":{"type":"Polygon","coordinates":[[[-122.930864,46.138065],[-122.930864,46.138155],[-122.93068,46.138141],[-122.930622,46.138162],[-122.930605,46.138335],[-122.930498,46.138351],[-122.930475,46.138425],[-122.930346,46.138425],[-122.930346,46.138245],[-122.930435,46.138239],[-122.930474,46.138202],[-122.930476,46.137975],[-122.930735,46.137975],[-122.930758,46.138049],[-122.930864,46.138065]]]}},{"type":"Feature","properties":{"id":86,"area_m2":800,"px":8,"rank":38,"persistent":false},"geometry":{"type":"Polygon","coordinates":[[[-122.929186,46.134284],[-122.929186,46.134374],[-122.928929,46.134374],[-122.928921,46.134317],[-122.928872,46.134286],[-122.928539,46.134284],[-122.928539,46.134014],[-122.928669,46.134014],[-122.928669,46.134145],[-122.928703,46.134185],[-122.929057,46.134194],[-122.929079,46.134268],[-122.929186,46.134284]]]}},{"type":"Feature","properties":{"id":89,"area_m2":800,"px":8,"rank":39,"persistent":false},"geometry":{"type":"Polygon","coordinates":[[[-122.929834,46.133835],[-122.929834,46.134015],[-122.929759,46.134017],[-122.929713,46.134043],[-122.929704,46.134194],[-122.929445,46.134194],[-122.929445,46.134104],[-122.92948,46.134062],[-122.929446,46.134014],[-122.929446,46.133834],[-122.929575,46.133834],[-122.929636,46.133859],[-122.929705,46.133835],[-122.929834,46.133835]]]}},{"type":"Feature","properties":{"id":17,"area_m2":700,"px":7,"rank":40,"persistent":false},"geometry":{"type":"Polygon","coordinates":[[[-122.941085,46.142482],[-122.941053,46.142529],[-122.941087,46.142571],[-122.941087,46.142661],[-122.940829,46.142661],[-122.940825,46.142519],[-122.940781,46.142485],[-122.940699,46.142481],[-122.940699,46.142391],[-122.940903,46.142389],[-122.940952,46.142358],[-122.940958,46.142301],[-122.941088,46.142301],[-122.941085,46.142482]]]}},{"type":"Feature","properties":{"id":59,"area_m2":700,"px":7,"rank":41,"persistent":false},"geometry":{"type":"Polygon","coordinates":[[[-122.930218,46.137615],[-122.930217,46.137705],[-122.930111,46.137721],[-122.930088,46.137795],[-122.929829,46.137795],[-122.929829,46.137525],[-122.930088,46.137525],[-122.930111,46.137599],[-122.930218,46.137615]]]}},{"type":"Feature","properties":{"id":78,"area_m2":700,"px":7,"rank":42,"persistent":false},"geometry":{"type":"Polygon","coordinates":[[[-122.929055,46.135454],[-122.929055,46.135544],[-122.928926,46.135544],[-122.928857,46.13552],[-122.928722,46.135546],[-122.928673,46.135577],[-122.928666,46.135634],[-122.928537,46.135634],[-122.928514,46.13556],[-122.928408,46.135544],[-122.928408,46.135454],[-122.928626,46.135447],[-122.928664,46.135416],[-122.928667,46.135364],[-122.928926,46.135364],[-122.928949,46.135438],[-122.929055,46.135454]]]}},{"type":"Feature","properties":{"id":82,"area_m2":700,"px":7,"rank":43,"persistent":false},"geometry":{"type":"Polygon","coordinates":[[[-122.940316,46.134742],[-122.940284,46.134788],[-122.940319,46.134831],[-122.940319,46.13501],[-122.940189,46.13501],[-122.940176,46.134854],[-122.940119,46.134831],[-122.939931,46.13483],[-122.939931,46.13474],[-122.940037,46.134725],[-122.94006,46.13465],[-122.940177,46.134626],[-122.94019,46.134561],[-122.940317,46.134561],[-122.940316,46.134742]]]}},{"type":"Feature","properties":{"id":88,"area_m2":700,"px":7,"rank":44,"persistent":false},"geometry":{"type":"Polygon","coordinates":[[[-122.945887,46.133843],[-122.945886,46.134023],[-122.94578,46.134039],[-122.945757,46.134113],[-122.945641,46.134137],[-122.945627,46.134203],[-122.945369,46.134203],[-122.945369,46.134023],[-122.945716,46.134017],[-122.945756,46.13398],[-122.945757,46.133843],[-122.945887,46.133843]]]}},{"type":"Feature","properties":{"id":91,"area_m2":700,"px":7,"rank":45,"persistent":false},"geometry":{"type":"Polygon","coordinates":[[[-122.928669,46.133384],[-122.928669,46.133474],[-122.928574,46.133483],[-122.92854,46.133528],[-122.928553,46.13363],[-122.928669,46.133654],[-122.928669,46.133744],[-122.928562,46.13376],[-122.928539,46.133834],[-122.92841,46.133834],[-122.928387,46.13376],[-122.928281,46.133744],[-122.928281,46.133654],[-122.928355,46.133651],[-122.928401,46.133625],[-122.928411,46.133474],[-122.928517,46.133458],[-122.92854,46.133384],[-122.928669,46.133384]]]}},{"type":"Feature","properties":{"id":103,"area_m2":700,"px":7,"rank":46,"persistent":false},"geometry":{"type":"Polygon","coordinates":[[[-122.929965,46.132575],[-122.929965,46.132665],[-122.929708,46.132664],[-122.929697,46.132603],[-122.929644,46.132575],[-122.929188,46.132574],[-122.929189,46.132394],[-122.929318,46.132394],[-122.929324,46.132451],[-122.929373,46.132482],[-122.929706,46.132485],[-122.92971,46.132536],[-122.929747,46.132568],[-122.929965,46.132575]]]}},{"type":"Feature","properties":{"id":6,"area_m2":600,"px":6,"rank":47,"persistent":false},"geometry":{"type":"Polygon","coordinates":[[[-122.931504,46.144096],[-122.931504,46.144186],[-122.931423,46.14419],[-122.931378,46.144224],[-122.931374,46.144366],[-122.931116,46.144365],[-122.931116,46.144186],[-122.931222,46.14417],[-122.931245,46.144096],[-122.931504,46.144096]]]}},{"type":"Feature","properties":{"id":7,"area_m2":600,"px":6,"rank":48,"persistent":false},"geometry":{"type":"Polygon","coordinates":[[[-122.941086,46.143741],[-122.941086,46.144011],[-122.940827,46.144011],[-122.940804,46.143937],[-122.940698,46.143921],[-122.940698,46.143831],[-122.940902,46.143829],[-122.940951,46.143798],[-122.940957,46.143741],[-122.941086,46.143741]]]}},{"type":"Feature","properties":{"id":11,"area_m2":600,"px":6,"rank":49,"persistent":false},"geometry":{"type":"Polygon","coordinates":[[[-122.932282,46.143376],[-122.932282,46.143466],[-122.932023,46.143466],[-122.93201,46.1434],[-122.931945,46.143376],[-122.93169,46.143378],[-122.93164,46.143409],[-122.931634,46.143466],[-122.931505,46.143466],[-122.931505,46.143376],[-122.931612,46.14336],[-122.931635,46.143286],[-122.932023,46.143286],[-122.932026,46.143338],[-122.932064,46.14337],[-122.932282,46.143376]]]}},{"type":"Feature","properties":{"id":19,"area_m2":600,"px":6,"rank":50,"persistent":false},"geometry":{"type":"Polygon","coordinates":[[[-122.939276,46.14185],[-122.939275,46.14212],[-122.939016,46.14212],[-122.939017,46.14203],[-122.939051,46.141988],[-122.939017,46.14194],[-122.939017,46.14176],[-122.939146,46.14176],[-122.939169,46.141834],[-122.939276,46.14185]]]}},{"type":"Feature","properties":{"id":39,"area_m2":600,"px":6,"rank":51,"persistent":false},"geometry":{"type":"Polygon","coordinates":[[[-122.940702,46.139601],[-122.940702,46.139961],[-122.940595,46.139977],[-122.940572,46.140051],[-122.940443,46.140051],[-122.940443,46.139871],[-122.940531,46.139864],[-122.940571,46.139827],[-122.940573,46.139601],[-122.940702,46.139601]]]}},{"type":"Feature","properties":{"id":46,"area_m2":600,"px":6,"rank":52,"persistent":false},"geometry":{"type":"Polygon","coordinates":[[[-122.940573,46.139331],[-122.940573,46.139421],[-122.940316,46.139421],[-122.940311,46.139369],[-122.940273,46.139337],[-122.940055,46.13933],[-122.940055,46.139151],[-122.940185,46.139151],[-122.940191,46.139207],[-122.94024,46.139238],[-122.940444,46.139241],[-122.940466,46.139315],[-122.940573,46.139331]]]}},{"type":"Feature","properties":{"id":56,"area_m2":600,"px":6,"rank":53,"persistent":false},"geometry":{"type":"Polygon","coordinates":[[[-122.931512,46.137616],[-122.931512,46.137886],[-122.931253,46.137885],[-122.93123,46.137811],[-122.931124,46.137795],[-122.931124,46.137705],[-122.931328,46.137703],[-122.931377,46.137672],[-122.931383,46.137616],[-122.931512,46.137616]]]}},{"type":"Feature","properties":{"id":58,"area_m2":600,"px":6,"rank":54,"persistent":false},"geometry":{"type":"Polygon","coordinates":[[[-122.942258,46.137442],[-122.942258,46.137532],[-122.942177,46.137536],[-122.942132,46.13757],[-122.942128,46.137711],[-122.942022,46.137727],[-122.941999,46.137801],[-122.941869,46.137801],[-122.941847,46.137727],[-122.94174,46.137711],[-122.94174,46.137621],[-122.941835,46.137619],[-122.941884,46.137587],[-122.94187,46.137441],[-122.941999,46.137442],[-122.94206,46.137466],[-122.942129,46.137442],[-122.942258,46.137442]]]}},{"type":"Feature","properties":{"id":60,"area_m2":600,"px":6,"rank":55,"persistent":false},"geometry":{"type":"Polygon","coordinates":[[[-122.928276,46.137344],[-122.928275,46.137704],[-122.928169,46.137719],[-122.928146,46.137794],[-122.928017,46.137793],[-122.928017,46.137704],[-122.928112,46.137694],[-122.928146,46.13765],[-122.928143,46.137472],[-122.928098,46.137438],[-122.928017,46.137433],[-122.928017,46.137344],[-122.928276,46.137344]]]}},{"type":"Feature","properties":{"id":57,"area_m2":600,"px":6,"rank":56,"persistent":false},"geometry":{"type":"Polygon","coordinates":[[[-122.945365,46.137263],[-122.945365,46.137533],[-122.945284,46.137537],[-122.945239,46.137571],[-122.945235,46.137803],[-122.945106,46.137803],[-122.945106,46.137533],[-122.945188,46.137529],[-122.945232,46.137495],[-122.945236,46.137263],[-122.945365,46.137263]]]}},{"type":"Feature","properties":{"id":75,"area_m2":600,"px":6,"rank":57,"persistent":false},"geometry":{"type":"Polygon","coordinates":[[[-122.941483,46.135821],[-122.941483,46.135911],[-122.941354,46.135911],[-122.941341,46.135845],[-122.941224,46.135821],[-122.94119,46.13574],[-122.940965,46.135731],[-122.940966,46.135641],[-122.941169,46.135639],[-122.941218,46.135608],[-122.941225,46.135551],[-122.941354,46.135551],[-122.941357,46.135783],[-122.941402,46.135817],[-122.941483,46.135821]]]}},{"type":"Feature","properties":{"id":79,"area_m2":600,"px":6,"rank":58,"persistent":false},"geometry":{"type":"Polygon","coordinates":[[[-122.932033,46.135276],[-122.932033,46.135456],[-122.931903,46.135456],[-122.931897,46.135399],[-122.931848,46.135368],[-122.931645,46.135366],[-122.931645,46.135096],[-122.931774,46.135096],[-122.931775,46.135227],[-122.931809,46.135267],[-122.932033,46.135276]]]}},{"type":"Feature","properties":{"id":94,"area_m2":600,"px":6,"rank":59,"persistent":false},"geometry":{"type":"Polygon","coordinates":[[[-122.939803,46.13285],[-122.939803,46.13294],[-122.939715,46.132947],[-122.939675,46.132984],[-122.939673,46.13321],[-122.939599,46.133212],[-122.939553,46.133239],[-122.939544,46.13339],[-122.939414,46.13339],[-122.939415,46.13321],[-122.939503,46.133204],[-122.939543,46.133167],[-122.939544,46.13294],[-122.939651,46.132924],[-122.939674,46.13285],[-122.939803,46.13285]]]}},{"type":"Feature","properties":{"id":97,"area_m2":600,"px":6,"rank":60,"persistent":false},"geometry":{"type":"Polygon","coordinates":[[[-122.937473,46.132849],[-122.937473,46.132939],[-122.937366,46.132955],[-122.937343,46.133029],[-122.937214,46.133029],[-122.937191,46.132955],[-122.937085,46.132939],[-122.937081,46.132797],[-122.937037,46.132763],[-122.936956,46.132759],[-122.936956,46.132669],[-122.937085,46.132669],[-122.937098,46.132735],[-122.937214,46.132759],[-122.937218,46.132811],[-122.937255,46.132843],[-122.937473,46.132849]]]}},{"type":"Feature","properties":{"id":30,"area_m2":500,"px":5,"rank":61,"persistent":false},"geometry":{"type":"Polygon","coordinates":[[[-122.945492,46.140503],[-122.945491,46.140863],[-122.945362,46.140863],[-122.945361,46.140547],[-122.945321,46.14051],[-122.945233,46.140503],[-122.945233,46.140413],[-122.945362,46.140413],[-122.945385,46.140487],[-122.945492,46.140503]]]}},{"type":"Feature","properties":{"id":38,"area_m2":500,"px":5,"rank":62,"persistent":false},"geometry":{"type":"Polygon","coordinates":[[[-122.943421,46.139872],[-122.943421,46.140052],[-122.943217,46.140054],[-122.943168,46.140085],[-122.943162,46.140142],[-122.943032,46.140142],[-122.943032,46.140052],[-122.943114,46.140048],[-122.943158,46.140014],[-122.943162,46.139872],[-122.943421,46.139872]]]}},{"type":"Feature","properties":{"id":90,"area_m2":500,"px":5,"rank":63,"persistent":false},"geometry":{"type":"Polygon","coordinates":[[[-122.939155,46.13384],[-122.939155,46.13411],[-122.939025,46.13411],[-122.939003,46.134036],[-122.938896,46.13402],[-122.938861,46.133939],[-122.938767,46.13393],[-122.938767,46.13384],[-122.938896,46.13384],[-122.938957,46.133864],[-122.939026,46.13384],[-122.939155,46.13384]]]}},{"type":"Feature","properties":{"id":92,"area_m2":500,"px":5,"rank":64,"persistent":false},"geometry":{"type":"Polygon","coordinates":[[[-122.931129,46.133565],[-122.931129,46.133655],[-122.931022,46.133671],[-122.930999,46.133745],[-122.93087,46.133745],[-122.93087,46.133385],[-122.931,46.133385],[-122.931009,46.133537],[-122.931055,46.133563],[-122.931129,46.133565]]]}},{"type":"Feature","properties":{"id":102,"area_m2":500,"px":5,"rank":65,"persistent":false},"geometry":{"type":"Polygon","coordinates":[[[-122.941486,46.132581],[-122.941486,46.132671],[-122.941098,46.132671],[-122.941095,46.132619],[-122.941057,46.132587],[-122.940839,46.132581],[-122.940839,46.132491],[-122.941098,46.132491],[-122.941107,46.132552],[-122.941161,46.13258],[-122.941486,46.132581]]]}},{"type":"Feature","properties":{"id":16,"area_m2":400,"px":4,"rank":66,"persistent":false},"geometry":{"type":"Polygon","coordinates":[[[-122.938757,46.14248],[-122.938757,46.14284],[-122.938627,46.14284],[-122.938628,46.14248],[-122.938757,46.14248]]]}},{"type":"Feature","properties":{"id":18,"area_m2":400,"px":4,"rank":67,"persistent":false},"geometry":{"type":"Polygon","coordinates":[[[-122.943289,46.142392],[-122.943289,46.142482],[-122.943182,46.142498],[-122.943159,46.142572],[-122.9429,46.142572],[-122.9429,46.142482],[-122.943007,46.142466],[-122.94303,46.142392],[-122.943289,46.142392]]]}},{"type":"Feature","properties":{"id":26,"area_m2":400,"px":4,"rank":68,"persistent":false},"geometry":{"type":"Polygon","coordinates":[[[-122.937075,46.141399],[-122.937075,46.141669],[-122.936816,46.141669],[-122.936816,46.141579],[-122.936897,46.141575],[-122.936942,46.141541],[-122.936946,46.141399],[-122.937075,46.141399]]]}},{"type":"Feature","properties":{"id":32,"area_m2":400,"px":4,"rank":69,"persistent":false},"geometry":{"type":"Polygon","coordinates":[[[-122.928531,46.140404],[-122.928531,46.140674],[-122.928424,46.14069],[-122.928401,46.140764],[-122.928272,46.140764],[-122.928272,46.140674],[-122.92836,46.140667],[-122.9284,46.14063],[-122.928402,46.140404],[-122.928531,46.140404]]]}},{"type":"Feature","properties":{"id":33,"area_m2":400,"px":4,"rank":70,"persistent":false},"geometry":{"type":"Polygon","coordinates":[[[-122.928142,46.140404],[-122.928142,46.140764],[-122.928013,46.140763],[-122.928013,46.140404],[-122.928142,46.140404]]]}},{"type":"Feature","properties":{"id":43,"area_m2":400,"px":4,"rank":71,"persistent":false},"geometry":{"type":"Polygon","coordinates":[[[-122.944457,46.139333],[-122.944457,46.139603],[-122.944328,46.139603],[-122.944305,46.139528],[-122.944198,46.139513],[-122.944198,46.139423],[-122.944305,46.139407],[-122.944328,46.139333],[-122.944457,46.139333]]]}},{"type":"Feature","properties":{"id":45,"area_m2":400,"px":4,"rank":72,"persistent":false},"geometry":{"type":"Polygon","coordinates":[[[-122.928662,46.139234],[-122.928662,46.139414],[-122.928555,46.13943],[-122.928532,46.139504],[-122.928273,46.139504],[-122.928273,46.139414],[-122.928462,46.139414],[-122.928519,46.13939],[-122.928533,46.139234],[-122.928662,46.139234]]]}},{"type":"Feature","properties":{"id":50,"area_m2":400,"px":4,"rank":73,"persistent":false},"geometry":{"type":"Polygon","coordinates":[[[-122.937725,46.138699],[-122.937725,46.138789],[-122.937619,46.138805],[-122.937596,46.138879],[-122.937466,46.138879],[-122.937444,46.138805],[-122.937337,46.138789],[-122.937337,46.138699],[-122.937725,46.138699]]]}},{"type":"Feature","properties":{"id":52,"area_m2":400,"px":4,"rank":74,"persistent":false},"geometry":{"type":"Polygon","coordinates":[[[-122.943811,46.137982],[-122.943811,46.138162],[-122.943704,46.138178],[-122.943681,46.138252],[-122.943552,46.138252],[-122.943529,46.138178],[-122.943423,46.138162],[-122.943423,46.138072],[-122.943628,46.138083],[-122.943676,46.138052],[-122.943682,46.137982],[-122.943811,46.137982]]]}},{"type":"Feature","properties":{"id":55,"area_m2":400,"px":4,"rank":75,"persistent":false},"geometry":{"type":"Polygon","coordinates":[[[-122.943811,46.137712],[-122.943811,46.137892],[-122.943682,46.137892],[-122.943621,46.137868],[-122.943552,46.137892],[-122.943423,46.137892],[-122.943423,46.137802],[-122.94353,46.137786],[-122.943553,46.137712],[-122.943811,46.137712]]]}},{"type":"Feature","properties":{"id":61,"area_m2":400,"px":4,"rank":76,"persistent":false},"geometry":{"type":"Polygon","coordinates":[[[-122.931124,46.137435],[-122.931124,46.137525],[-122.930736,46.137525],[-122.930713,46.137451],[-122.930606,46.137435],[-122.930606,46.137345],[-122.930736,46.137345],[-122.930745,46.137407],[-122.930798,46.137434],[-122.931124,46.137435]]]}},{"type":"Feature","properties":{"id":69,"area_m2":400,"px":4,"rank":77,"persistent":false},"geometry":{"type":"Polygon","coordinates":[[[-122.942259,46.136542],[-122.942259,46.136632],[-122.941871,46.136631],[-122.941871,46.136451],[-122.942,46.136452],[-122.942006,46.136508],[-122.942055,46.136539],[-122.942259,46.136542]]]}},{"type":"Feature","properties":{"id":71,"area_m2":400,"px":4,"rank":78,"persistent":false},"geometry":{"type":"Polygon","coordinates":[[[-122.928795,46.136084],[-122.928795,46.136354],[-122.928666,46.136354],[-122.928643,46.13628],[-122.928536,46.136264],[-122.928537,46.136174],[-122.928643,46.136158],[-122.928666,46.136084],[-122.928795,46.136084]]]}},{"type":"Feature","properties":{"id":105,"area_m2":400,"px":4,"rank":79,"persistent":false},"geometry":{"type":"Polygon","coordinates":[[[-122.941228,46.132041],[-122.941228,46.132311],[-122.940969,46.132311],[-122.940969,46.132221],[-122.941051,46.132217],[-122.941095,46.132183],[-122.941099,46.132041],[-122.941228,46.132041]]]}},{"type":"Feature","properties":{"id":107,"area_m2":400,"px":4,"rank":80,"persistent":false},"geometry":{"type":"Polygon","coordinates":[[[-122.939804,46.13177],[-122.939804,46.13186],[-122.939601,46.131862],[-122.939551,46.131893],[-122.939545,46.13195],[-122.939416,46.13195],[-122.939416,46.13177],[-122.939804,46.13177]]]}},{"type":"Feature","properties":{"id":5,"area_m2":300,"px":3,"rank":81,"persistent":false},"geometry":{"type":"Polygon","coordinates":[[[-122.932022,46.144186],[-122.932022,46.144366],[-122.931763,46.144366],[-122.931763,46.144276],[-122.93187,46.14426],[-122.931893,46.144186],[-122.932022,46.144186]]]}},{"type":"Feature","properties":{"id":2,"area_m2":300,"px":3,"rank":82,"persistent":false},"geometry":{"type":"Polygon","coordinates":[[[-122.93759,46.144099],[-122.937589,46.144369],[-122.93746,46.144369],[-122.93746,46.144099],[-122.93759,46.144099]]]}},{"type":"Feature","properties":{"id":9,"area_m2":300,"px":3,"rank":83,"persistent":false},"geometry":{"type":"Polygon","coordinates":[[[-122.942381,46.143472],[-122.942381,46.143652],[-122.942122,46.143652],[-122.942122,46.143562],[-122.942229,46.143546],[-122.942252,46.143472],[-122.942381,46.143472]]]}},{"type":"Feature","properties":{"id":13,"area_m2":300,"px":3,"rank":84,"persistent":false},"geometry":{"type":"Polygon","coordinates":[[[-122.941346,46.142931],[-122.941346,46.143111],[-122.941217,46.143111],[-122.941194,46.143037],[-122.941087,46.143021],[-122.941087,46.142931],[-122.941346,46.142931]]]}},{"type":"Feature","properties":{"id":14,"area_m2":300,"px":3,"rank":85,"persistent":false},"geometry":{"type":"Polygon","coordinates":[[[-122.940958,46.142841],[-122.940958,46.142931],[-122.940851,46.142947],[-122.940828,46.143021],[-122.940712,46.143045],[-122.940698,46.143111],[-122.940569,46.143111],[-122.940569,46.143021],[-122.940676,46.143005],[-122.940699,46.142931],[-122.940815,46.142907],[-122.940828,46.142841],[-122.940958,46.142841]]]}},{"type":"Feature","properties":{"id":20,"area_m2":300,"px":3,"rank":86,"persistent":false},"geometry":{"type":"Polygon","coordinates":[[[-122.945102,46.141763],[-122.945102,46.141853],[-122.944898,46.141855],[-122.944849,46.141886],[-122.944843,46.141943],[-122.944714,46.141943],[-122.944714,46.141853],[-122.94482,46.141837],[-122.944843,46.141763],[-122.945102,46.141763]]]}},{"type":"Feature","properties":{"id":21,"area_m2":300,"px":3,"rank":87,"persistent":false},"geometry":{"type":"Polygon","coordinates":[[[-122.938369,46.14167],[-122.938369,46.14194],[-122.93824,46.141939],[-122.93824,46.14167],[-122.938369,46.14167]]]}},{"type":"Feature","properties":{"id":22,"area_m2":300,"px":3,"rank":88,"persistent":false},"geometry":{"type":"Polygon","coordinates":[[[-122.936039,46.141758],[-122.936039,46.141848],[-122.935932,46.141864],[-122.935909,46.141938],[-122.93578,46.141938],[-122.93578,46.141848],[-122.935814,46.141806],[-122.93578,46.141758],[-122.93578,46.141668],[-122.935909,46.141668],[-122.935932,46.141742],[-122.936039,46.141758]]]}},{"type":"Feature","properties":{"id":24,"area_m2":300,"px":3,"rank":89,"persistent":false},"geometry":{"type":"Polygon","coordinates":[[[-122.943678,46.141492],[-122.943678,46.141582],[-122.943571,46.141598],[-122.943548,46.141672],[-122.943419,46.141672],[-122.943419,46.141492],[-122.943678,46.141492]]]}},{"type":"Feature","properties":{"id":27,"area_m2":300,"px":3,"rank":90,"persistent":false},"geometry":{"type":"Polygon","coordinates":[[[-122.929307,46.141214],[-122.929307,46.141304],[-122.929177,46.141304],[-122.929174,46.141253],[-122.929136,46.141221],[-122.928918,46.141214],[-122.928919,46.141124],[-122.929177,46.141124],[-122.9292,46.141198],[-122.929307,46.141214]]]}},{"type":"Feature","properties":{"id":35,"area_m2":300,"px":3,"rank":91,"persistent":false},"geometry":{"type":"Polygon","coordinates":[[[-122.930473,46.140315],[-122.930473,46.140405],[-122.930366,46.140421],[-122.930343,46.140495],[-122.930214,46.140495],[-122.930214,46.140315],[-122.930473,46.140315]]]}},{"type":"Feature","properties":{"id":34,"area_m2":300,"px":3,"rank":92,"persistent":false},"geometry":{"type":"Polygon","coordinates":[[[-122.939407,46.14023],[-122.939407,46.14032],[-122.939325,46.140324],[-122.939281,46.140358],[-122.939277,46.1405],[-122.939148,46.1405],[-122.939148,46.14032],[-122.939255,46.140304],[-122.939277,46.14023],[-122.939407,46.14023]]]}},{"type":"Feature","properties":{"id":36,"area_m2":300,"px":3,"rank":93,"persistent":false},"geometry":{"type":"Polygon","coordinates":[[[-122.928272,46.140134],[-122.928272,46.140224],[-122.928165,46.140239],[-122.928143,46.140314],[-122.928013,46.140313],[-122.928013,46.140134],[-122.928272,46.140134]]]}},{"type":"Feature","properties":{"id":41,"area_m2":300,"px":3,"rank":94,"persistent":false},"geometry":{"type":"Polygon","coordinates":[[[-122.930215,46.139775],[-122.930215,46.139865],[-122.929826,46.139865],[-122.929827,46.139775],[-122.930215,46.139775]]]}},{"type":"Feature","properties":{"id":42,"area_m2":300,"px":3,"rank":95,"persistent":false},"geometry":{"type":"Polygon","coordinates":[[[-122.930215,46.139595],[-122.930215,46.139685],[-122.930086,46.139685],[-122.930082,46.139633],[-122.930045,46.139601],[-122.929827,46.139595],[-122.929827,46.139505],[-122.930086,46.139505],[-122.930108,46.139579],[-122.930215,46.139595]]]}},{"type":"Feature","properties":{"id":47,"area_m2":300,"px":3,"rank":96,"persistent":false},"geometry":{"type":"Polygon","coordinates":[[[-122.930345,46.139145],[-122.930345,46.139235],[-122.930086,46.139235],[-122.930086,46.139055],[-122.930216,46.139055],[-122.930238,46.139129],[-122.930345,46.139145]]]}},{"type":"Feature","properties":{"id":65,"area_m2":300,"px":3,"rank":97,"persistent":false},"geometry":{"type":"Polygon","coordinates":[[[-122.942647,46.137172],[-122.942647,46.137262],[-122.942388,46.137262],[-122.942388,46.137082],[-122.942517,46.137082],[-122.94254,46.137156],[-122.942647,46.137172]]]}},{"type":"Feature","properties":{"id":70,"area_m2":300,"px":3,"rank":98,"persistent":false},"geometry":{"type":"Polygon","coordinates":[[[-122.930737,46.136265],[-122.930737,46.136355],[-122.930478,46.136355],[-122.930478,46.136175],[-122.930608,46.136175],[-122.93063,46.136249],[-122.930737,46.136265]]]}},{"type":"Feature","properties":{"id":80,"area_m2":300,"px":3,"rank":99,"persistent":false},"geometry":{"type":"Polygon","coordinates":[[[-122.93035,46.135095],[-122.93035,46.135185],[-122.930091,46.135185],[-122.930069,46.135111],[-122.929962,46.135095],[-122.929962,46.135005],[-122.930091,46.135005],[-122.930097,46.135061],[-122.930146,46.135092],[-122.93035,46.135095]]]}},{"type":"Feature","properties":{"id":84,"area_m2":300,"px":3,"rank":100,"persistent":false},"geometry":{"type":"Polygon","coordinates":[[[-122.931257,46.134556],[-122.931257,46.134735],[-122.930998,46.134735],[-122.930998,46.134645],[-122.931105,46.13463],[-122.931128,46.134555],[-122.931257,46.134556]]]}},{"type":"Feature","properties":{"id":87,"area_m2":300,"px":3,"rank":101,"persistent":false},"geometry":{"type":"Polygon","coordinates":[[[-122.946145,46.134023],[-122.946145,46.134293],[-122.946016,46.134293],[-122.946016,46.134023],[-122.946145,46.134023]]]}},{"type":"Feature","properties":{"id":93,"area_m2":300,"px":3,"rank":102,"persistent":false},"geometry":{"type":"Polygon","coordinates":[[[-122.929964,46.133385],[-122.929964,46.133655],[-122.929834,46.133655],[-122.929835,46.133385],[-122.929964,46.133385]]]}},{"type":"Feature","properties":{"id":95,"area_m2":300,"px":3,"rank":103,"persistent":false},"geometry":{"type":"Polygon","coordinates":[[[-122.931388,46.133116],[-122.931388,46.133205],[-122.931185,46.133208],[-122.931135,46.133239],[-122.931129,46.133295],[-122.931,46.133295],[-122.931,46.133205],[-122.931107,46.13319],[-122.93113,46.133115],[-122.931388,46.133116]]]}},{"type":"Feature","properties":{"id":98,"area_m2":300,"px":3,"rank":104,"persistent":false},"geometry":{"type":"Polygon","coordinates":[[[-122.946147,46.132763],[-122.946146,46.132943],[-122.945888,46.132943],[-122.945888,46.132853],[-122.945994,46.132838],[-122.946017,46.132763],[-122.946147,46.132763]]]}},{"type":"Feature","properties":{"id":101,"area_m2":300,"px":3,"rank":105,"persistent":false},"geometry":{"type":"Polygon","coordinates":[[[-122.934237,46.132667],[-122.934237,46.132757],[-122.933978,46.132757],[-122.933978,46.132577],[-122.934108,46.132577],[-122.93413,46.132651],[-122.934237,46.132667]]]}},{"type":"Feature","properties":{"id":104,"area_m2":300,"px":3,"rank":106,"persistent":false},"geometry":{"type":"Polygon","coordinates":[[[-122.93113,46.132305],[-122.93113,46.132485],[-122.930871,46.132485],[-122.930872,46.132395],[-122.930978,46.132379],[-122.931001,46.132305],[-122.93113,46.132305]]]}},{"type":"Feature","properties":{"id":106,"area_m2":300,"px":3,"rank":107,"persistent":false},"geometry":{"type":"Polygon","coordinates":[[[-122.941746,46.131771],[-122.941746,46.131861],[-122.941639,46.131877],[-122.941617,46.131951],[-122.941487,46.131951],[-122.941487,46.131771],[-122.941746,46.131771]]]}},{"type":"Feature","properties":{"id":108,"area_m2":300,"px":3,"rank":108,"persistent":false},"geometry":{"type":"Polygon","coordinates":[[[-122.92893,46.131764],[-122.92893,46.131854],[-122.928824,46.13187],[-122.928801,46.131944],[-122.928671,46.131944],[-122.928672,46.131764],[-122.92893,46.131764]]]}}]}