{"type":"FeatureCollection","features":[{"type":"Feature","properties":{"id":1,"area_m2":1459300,"px":14593,"rank":1,"persistent":false},"geometry":{"type":"Polygon","coordinates":[[[-122.993916,46.132056],[-122.993916,46.132506],[-122.993809,46.132522],[-122.993786,46.132596],[-122.99367,46.13262],[-122.993657,46.132686],[-122.993527,46.132686],[-122.993459,46.132662],[-122.993291,46.132702],[-122.993268,46.132776],[-122.993187,46.13278],[-122.993142,46.132814],[-122.993139,46.133046],[-122.993009,46.133046],[-122.992996,46.13298],[-122.992932,46.132956],[-122.992785,46.132965],[-122.99275,46.133046],[-122.992621,46.133046],[-122.992618,46.132994],[-122.99258,46.132962],[-122.992395,46.132952],[-122.992362,46.132991],[-122.992362,46.133136],[-122.992267,46.133145],[-122.992233,46.133226],[-122.992121,46.133246],[-122.992103,46.133406],[-122.991996,46.133422],[-122.991974,46.133496],[-122.991879,46.133505],[-122.991844,46.133586],[-122.991732,46.133606],[-122.991715,46.133676],[-122.991585,46.133676],[-122.991563,46.133602],[-122.991456,46.133586],[-122.991453,46.132994],[-122.991408,46.13296],[-122.991327,46.132956],[-122.991292,46.132875],[-122.991197,46.132866],[-122.991169,46.132788],[-122.991052,46.132768],[-122.991067,46.132644],[-122.991027,46.132602],[-122.990891,46.132582],[-122.990836,46.132595],[-122.990809,46.132722],[-122.990843,46.132767],[-122.990954,46.132783],[-122.990956,46.132936],[-122.991067,46.132956],[-122.991067,46.133316],[-122.990679,46.133316],[-122.990676,46.133264],[-122.990638,46.133232],[-122.99042,46.133226],[-122.99042,46.13265],[-122.990379,46.132602],[-122.990032,46.132596],[-122.989971,46.132572],[-122.989902,46.132596],[-122.989704,46.132583],[-122.989649,46.132616],[-122.989644,46.132686],[-122.989527,46.13271],[-122.989514,46.132776],[-122.989396,46.132787],[-122.989399,46.13263],[-122.98935,46.132598],[-122.989255,46.132596],[-122.989254,46.132459],[-122.989214,46.132422],[-122.988996,46.132416],[-122.988928,46.132391],[-122.988867,46.132415],[-122.988507,46.132428],[-122.988478,46.132505],[-122.988377,46.13251],[-122.988332,46.132545],[-122.988362,46.132842],[-122.988478,46.132866],[-122.988484,46.132922],[-122.988526,46.132951],[-122.988737,46.132956],[-122.988798,46.13298],[-122.988869,46.132956],[-122.989202,46.132967],[-122.98925,46.132936],[-122.989255,46.132866],[-122.989374,46.132855],[-122.989397,46.133035],[-122.98946,46.133059],[-122.989643,46.133046],[-122.989653,46.133197],[-122.989699,46.133223],[-122.989773,46.133226],[-122.989791,46.133386],[-122.989902,46.133406],[-122.989902,46.133586],[-122.989868,46.133633],[-122.989902,46.133676],[-122.989904,46.133812],[-122.989943,46.133849],[-122.990032,46.133856],[-122.99006,46.133933],[-122.990222,46.13397],[-122.990291,46.133946],[-122.990489,46.133958],[-122.990544,46.133926],[-122.99055,46.133856],[-122.990781,46.133857],[-122.990809,46.133766],[-122.991067,46.133766],[-122.991067,46.133856],[-122.990979,46.133862],[-122.990939,46.133899],[-122.990938,46.134126],[-122.990819,46.134137],[-122.990799,46.134064],[-122.990746,46.134037],[-122.990605,46.134038],[-122.990553,46.134074],[-122.99053,46.134165],[-122.990557,46.134203],[-122.990808,46.134216],[-122.990808,46.134396],[-122.990713,46.134405],[-122.990679,46.134486],[-122.990563,46.13451],[-122.990549,46.134666],[-122.990448,46.134678],[-122.99042,46.134756],[-122.990319,46.134768],[-122.99029,46.134846],[-122.990196,46.134855],[-122.990161,46.134936],[-122.990049,46.134955],[-122.990031,46.135116],[-122.989775,46.135116],[-122.989772,46.134894],[-122.989732,46.134852],[-122.989317,46.134847],[-122.989264,46.134874],[-122.989255,46.134936],[-122.988996,46.134936],[-122.988961,46.134855],[-122.988737,46.134846],[-122.988709,46.134768],[-122.988478,46.134755],[-122.988469,46.134694],[-122.988408,46.134666],[-122.988282,46.134667],[-122.988232,46.13469],[-122.988219,46.134845],[-122.988015,46.134848],[-122.987966,46.134879],[-122.98796,46.134935],[-122.987831,46.134935],[-122.987831,46.134756],[-122.987943,46.134736],[-122.987994,46.134628],[-122.987947,46.134509],[-122.98789,46.134486],[-122.987701,46.134485],[-122.987695,46.134429],[-122.987646,46.134398],[-122.987338,46.134379],[-122.987278,46.134438],[-122.987322,46.134547],[-122.987368,46.134573],[-122.987442,46.134576],[-122.987477,46.134656],[-122.987572,46.134666],[-122.987572,46.135024],[-122.98749,46.13503],[-122.987448,46.135059],[-122.987442,46.135295],[-122.987326,46.135319],[-122.987316,46.135437],[-122.987383,46.135475],[-122.987667,46.135466],[-122.987701,46.135427],[-122.987701,46.135206],[-122.987808,46.13519],[-122.987831,46.135116],[-122.98796,46.135116],[-122.98796,46.135205],[-122.987872,46.135212],[-122.987831,46.135254],[-122.98783,46.135745],[-122.987613,46.135752],[-122.987575,46.135784],[-122.98757,46.135835],[-122.987313,46.135835],[-122.987307,46.135765],[-122.987252,46.135733],[-122.987088,46.135755],[-122.987054,46.135835],[-122.986959,46.135845],[-122.986924,46.135925],[-122.986843,46.13593],[-122.986801,46.135959],[-122.986795,46.136195],[-122.986559,46.136211],[-122.986536,46.136285],[-122.986441,46.136294],[-122.986406,46.136375],[-122.98629,46.136399],[-122.986277,46.136555],[-122.98617,46.136571],[-122.986147,46.136645],[-122.986031,46.136669],[-122.986018,46.136735],[-122.985759,46.136735],[-122.985759,46.136555],[-122.985977,46.136549],[-122.986015,46.136517],[-122.986018,46.136465],[-122.986099,46.136461],[-122.986144,46.136427],[-122.986148,46.136195],[-122.986182,46.136148],[-122.986148,46.136105],[-122.986135,46.135936],[-122.986072,46.135911],[-122.985937,46.135929],[-122.985894,46.135959],[-122.985888,46.136015],[-122.985371,46.136015],[-122.985348,46.135851],[-122.985112,46.135835],[-122.985099,46.135769],[-122.984982,46.135745],[-122.984977,46.135688],[-122.984934,46.135659],[-122.984724,46.135655],[-122.984706,46.135495],[-122.984594,46.135475],[-122.984588,46.135418],[-122.984546,46.135389],[-122.984335,46.135385],[-122.984335,46.135295],[-122.984442,46.135279],[-122.984465,46.135205],[-122.984689,46.135196],[-122.984735,46.135104],[-122.984853,46.135115],[-122.984871,46.135365],[-122.984982,46.135385],[-122.985,46.135455],[-122.985112,46.135475],[-122.985125,46.135541],[-122.985241,46.135565],[-122.985276,46.135646],[-122.985466,46.135646],[-122.9855,46.135565],[-122.985601,46.135553],[-122.98563,46.135475],[-122.985731,46.135463],[-122.985759,46.135385],[-122.98586,46.135373],[-122.985889,46.135295],[-122.985984,46.135286],[-122.986018,46.135205],[-122.986135,46.135181],[-122.986148,46.135025],[-122.986229,46.135021],[-122.986274,46.134987],[-122.986277,46.134845],[-122.986407,46.134845],[-122.986416,46.134907],[-122.986477,46.134935],[-122.986854,46.134935],[-122.986915,46.134907],[-122.986959,46.134803],[-122.986925,46.134755],[-122.986921,46.134524],[-122.986862,46.134486],[-122.986666,46.134485],[-122.986643,46.134231],[-122.986277,46.134215],[-122.986255,46.134141],[-122.986148,46.134125],[-122.986135,46.133969],[-122.986019,46.133945],[-122.986013,46.133889],[-122.985971,46.133859],[-122.985828,46.133831],[-122.98576,46.133855],[-122.985501,46.133855],[-122.985498,46.13379],[-122.985455,46.133756],[-122.985265,46.133781],[-122.985248,46.133912],[-122.98529,46.133941],[-122.985371,46.133945],[-122.985406,46.134026],[-122.985501,46.134035],[-122.985518,46.134195],[-122.985571,46.134215],[-122.985759,46.134215],[-122.985782,46.134289],[-122.985889,46.134305],[-122.985924,46.134386],[-122.986018,46.134395],[-122.986028,46.134547],[-122.986074,46.134573],[-122.986148,46.134577],[-122.986148,46.134665],[-122.986018,46.134665],[-122.986012,46.134609],[-122.98597,46.134579],[-122.98563,46.134575],[-122.985627,46.134524],[-122.985589,46.134492],[-122.985371,46.134485],[-122.985358,46.134419],[-122.985242,46.134395],[-122.985207,46.134314],[-122.984983,46.134305],[-122.984977,46.134158],[-122.984935,46.134129],[-122.984853,46.134125],[-122.984825,46.134047],[-122.984595,46.134035],[-122.984577,46.133965],[-122.984465,46.133945],[-122.984452,46.133879],[-122.984336,46.133855],[-122.984332,46.133803],[-122.984295,46.133771],[-122.984008,46.133753],[-122.983949,46.133795],[-122.983953,46.134002],[-122.983995,46.134031],[-122.984077,46.134035],[-122.984111,46.134116],[-122.984206,46.134125],[-122.984234,46.134203],[-122.984335,46.134215],[-122.984352,46.134389],[-122.984411,46.134409],[-122.984724,46.134395],[-122.984747,46.134469],[-122.984853,46.134485],[-122.984871,46.134555],[-122.984983,46.134575],[-122.985017,46.134656],[-122.985112,46.134665],[-122.985141,46.134743],[-122.985242,46.134755],[-122.98527,46.134833],[-122.985371,46.134845],[-122.985371,46.134935],[-122.985264,46.134951],[-122.985241,46.135025],[-122.984983,46.135025],[-122.984967,46.134943],[-122.985064,46.134931],[-122.985109,46.134897],[-122.985103,46.134784],[-122.985057,46.134757],[-122.984983,46.134755],[-122.984948,46.134674],[-122.984853,46.134665],[-122.984819,46.134584],[-122.984662,46.134562],[-122.984598,46.1346],[-122.9846,46.134722],[-122.984642,46.134751],[-122.984724,46.134755],[-122.984758,46.134836],[-122.984853,46.134845],[-122.984869,46.134928],[-122.984746,46.134951],[-122.984713,46.135036],[-122.984594,46.135025],[-122.984571,46.134951],[-122.984465,46.134935],[-122.98443,46.134854],[-122.984335,46.134845],[-122.984314,46.134668],[-122.98426,46.134651],[-122.984077,46.134665],[-122.984075,46.134438],[-122.984007,46.134395],[-122.983859,46.134401],[-122.983821,46.134433],[-122.983818,46.134485],[-122.983736,46.134489],[-122.983694,46.134518],[-122.983694,46.134632],[-122.983736,46.134661],[-122.983817,46.134665],[-122.983817,46.134755],[-122.983688,46.134755],[-122.983675,46.134689],[-122.98361,46.134665],[-122.983464,46.134674],[-122.983429,46.134755],[-122.9833,46.134755],[-122.983277,46.134681],[-122.98317,46.134665],[-122.983157,46.134599],[-122.983041,46.134575],[-122.983012,46.134497],[-122.982911,46.134485],[-122.982889,46.134321],[-122.982653,46.134305],[-122.982652,46.134174],[-122.982624,46.134137],[-122.982394,46.134125],[-122.982381,46.134059],[-122.982264,46.134035],[-122.982236,46.133957],[-122.982005,46.133945],[-122.981992,46.133879],[-122.981876,46.133855],[-122.981848,46.133777],[-122.981617,46.133765],[-122.981594,46.13369],[-122.981488,46.133675],[-122.981453,46.133594],[-122.981358,46.133585],[-122.981358,46.133495],[-122.981453,46.133492],[-122.981502,46.13346],[-122.981488,46.133315],[-122.981582,46.133312],[-122.981632,46.13328],[-122.981617,46.133135],[-122.981876,46.133135],[-122.981937,46.133159],[-122.982006,46.133135],[-122.982135,46.133135],[-122.982204,46.133159],[-122.982346,46.133131],[-122.982393,46.133091],[-122.982394,46.132955],[-122.982501,46.132939],[-122.982524,46.132865],[-122.98264,46.132841],[-122.982653,46.132775],[-122.982871,46.132768],[-122.982909,46.132737],[-122.982912,46.132685],[-122.983142,46.132673],[-122.983171,46.132595],[-122.983489,46.132595],[-122.98355,46.132566],[-122.983563,46.132345],[-122.983369,46.132301],[-122.9833,46.132325],[-122.983171,46.132325],[-122.983168,46.132273],[-122.98313,46.132241],[-122.982912,46.132235],[-122.982906,46.131998],[-122.982864,46.131969],[-122.982783,46.131965],[-122.982748,46.131884],[-122.982653,46.131875],[-122.982625,46.131797],[-122.982434,46.131778],[-122.982398,46.13181],[-122.982394,46.131875],[-122.982288,46.131891],[-122.982265,46.131965],[-122.982054,46.131969],[-122.982012,46.131998],[-122.982006,46.132055],[-122.981775,46.132067],[-122.981747,46.132145],[-122.981631,46.132169],[-122.981617,46.132235],[-122.981429,46.132235],[-122.981376,46.132254],[-122.981325,46.132378],[-122.981376,46.132485],[-122.981488,46.132505],[-122.981488,46.132685],[-122.981376,46.132704],[-122.981358,46.132865],[-122.981277,46.132869],[-122.981232,46.132903],[-122.981194,46.132997],[-122.981229,46.133045],[-122.981229,46.133225],[-122.980842,46.133225],[-122.980823,46.133154],[-122.980711,46.133134],[-122.980698,46.133068],[-122.980582,46.133044],[-122.980547,46.132964],[-122.980323,46.132954],[-122.980317,46.132898],[-122.980268,46.132867],[-122.980064,46.132864],[-122.980061,46.132453],[-122.980016,46.132418],[-122.979935,46.132414],[-122.9799,46.132333],[-122.979805,46.132324],[-122.979789,46.132242],[-122.979926,46.132206],[-122.979912,46.13207],[-122.979857,46.132054],[-122.979699,46.13207],[-122.979676,46.132234],[-122.979417,46.132234],[-122.979417,46.132054],[-122.979524,46.132038],[-122.979579,46.131932],[-122.979547,46.131874],[-122.979547,46.131784],[-122.979772,46.131788],[-122.979825,46.131655],[-122.979771,46.131607],[-122.979547,46.131604],[-122.979541,46.131548],[-122.979499,46.131518],[-122.979288,46.131514],[-122.979308,46.131205],[-122.979274,46.131164],[-122.979097,46.13113],[-122.979029,46.131154],[-122.978703,46.131155],[-122.97865,46.131183],[-122.97864,46.131244],[-122.978559,46.131248],[-122.978514,46.131282],[-122.978529,46.131404],[-122.97864,46.131424],[-122.978675,46.131505],[-122.97877,46.131514],[-122.978798,46.131592],[-122.978899,46.131604],[-122.978928,46.131682],[-122.979029,46.131694],[-122.979029,46.131784],[-122.978934,46.131793],[-122.978899,46.131874],[-122.978818,46.131878],[-122.978773,46.131912],[-122.978769,46.132234],[-122.97864,46.132234],[-122.978639,46.132098],[-122.978599,46.13206],[-122.978252,46.132054],[-122.978249,46.132002],[-122.978211,46.13197],[-122.977993,46.131964],[-122.97798,46.131898],[-122.977864,46.131874],[-122.977829,46.131793],[-122.977605,46.131784],[-122.977582,46.13171],[-122.977475,46.131694],[-122.977458,46.131624],[-122.977346,46.131604],[-122.977311,46.131523],[-122.977217,46.131514],[-122.977188,46.131436],[-122.977087,46.131424],[-122.977059,46.131346],[-122.976958,46.131334],[-122.976958,46.131244],[-122.977087,46.131244],[-122.977105,46.131314],[-122.977216,46.131334],[-122.97723,46.1314],[-122.977346,46.131424],[-122.977349,46.131476],[-122.977387,46.131507],[-122.977681,46.131525],[-122.977729,46.131494],[-122.977734,46.131424],[-122.977816,46.13142],[-122.977858,46.131391],[-122.977864,46.131154],[-122.977952,46.131148],[-122.977992,46.13111],[-122.977992,46.131017],[-122.977965,46.130986],[-122.977476,46.130974],[-122.977415,46.13095],[-122.977346,46.130974],[-122.977217,46.130974],[-122.977213,46.130922],[-122.977176,46.13089],[-122.976958,46.130884],[-122.976952,46.130827],[-122.976903,46.130796],[-122.976699,46.130794],[-122.976686,46.130728],[-122.97657,46.130704],[-122.976566,46.130652],[-122.976528,46.13062],[-122.976311,46.130614],[-122.976288,46.130539],[-122.976181,46.130524],[-122.976164,46.130453],[-122.976052,46.130433],[-122.976034,46.130363],[-122.975923,46.130343],[-122.975905,46.130273],[-122.975793,46.130253],[-122.975775,46.130183],[-122.975664,46.130163],[-122.975651,46.130097],[-122.975534,46.130073],[-122.975531,46.130022],[-122.975493,46.12999],[-122.975316,46.12999],[-122.975279,46.130022],[-122.975275,46.130073],[-122.974887,46.130073],[-122.974874,46.130007],[-122.974758,46.129983],[-122.974723,46.129902],[-122.974499,46.129893],[-122.974481,46.129823],[-122.974369,46.129803],[-122.974335,46.129722],[-122.97424,46.129713],[-122.974212,46.129635],[-122.974111,46.129623],[-122.974082,46.129545],[-122.973981,46.129533],[-122.973953,46.129455],[-122.973852,46.129443],[-122.973823,46.129365],[-122.973722,46.129353],[-122.973694,46.129275],[-122.973463,46.129263],[-122.973441,46.129189],[-122.973334,46.129173],[-122.973316,46.129103],[-122.973205,46.129083],[-122.973187,46.129013],[-122.973075,46.128993],[-122.973058,46.128923],[-122.972946,46.128903],[-122.972928,46.128833],[-122.972816,46.128813],[-122.972803,46.128747],[-122.972687,46.128723],[-122.972653,46.128642],[-122.972428,46.128633],[-122.972405,46.128559],[-122.972299,46.128543],[-122.972264,46.128462],[-122.972169,46.128453],[-122.972169,46.128321],[-122.972141,46.128285],[-122.971911,46.128273],[-122.971893,46.128202],[-122.971781,46.128182],[-122.971768,46.128117],[-122.971652,46.128092],[-122.971648,46.128041],[-122.971611,46.128009],[-122.971393,46.128002],[-122.971375,46.127932],[-122.971264,46.127912],[-122.971229,46.127832],[-122.971134,46.127822],[-122.971106,46.127745],[-122.971005,46.127732],[-122.970976,46.127655],[-122.970875,46.127642],[-122.970847,46.127565],[-122.970746,46.127552],[-122.970718,46.127475],[-122.970617,46.127462],[-122.970588,46.127384],[-122.970358,46.127372],[-122.97034,46.127302],[-122.970228,46.127282],[-122.970194,46.127201],[-122.970099,46.127192],[-122.970071,46.127114],[-122.96997,46.127102],[-122.969941,46.127024],[-122.96984,46.127012],[-122.969812,46.126934],[-122.969711,46.126922],[-122.969682,46.126844],[-122.969581,46.126832],[-122.969553,46.126754],[-122.969323,46.126742],[-122.969305,46.126672],[-122.969193,46.126652],[-122.969159,46.126571],[-122.969064,46.126562],[-122.969035,46.126484],[-122.968934,46.126472],[-122.968906,46.126394],[-122.968805,46.126382],[-122.968777,46.126304],[-122.968676,46.126292],[-122.968647,46.126214],[-122.968546,46.126202],[-122.968523,46.126127],[-122.968287,46.126112],[-122.968265,46.126037],[-122.968158,46.126022],[-122.968135,46.125947],[-122.968029,46.125931],[-122.968006,46.125857],[-122.967899,46.125841],[-122.967876,46.125767],[-122.96777,46.125751],[-122.967735,46.125671],[-122.96764,46.12566],[-122.967641,46.125571],[-122.968029,46.125572],[-122.968051,46.125736],[-122.968158,46.125752],[-122.968164,46.125808],[-122.968206,46.125837],[-122.968417,46.125842],[-122.968434,46.126002],[-122.968487,46.126021],[-122.968676,46.126022],[-122.968693,46.126092],[-122.968805,46.126112],[-122.968818,46.126178],[-122.968934,46.126202],[-122.968969,46.126283],[-122.969209,46.126299],[-122.969174,46.126411],[-122.96919,46.126451],[-122.969243,46.126472],[-122.969452,46.126472],[-122.969475,46.126546],[-122.969581,46.126562],[-122.969599,46.126632],[-122.969711,46.126652],[-122.969745,46.126733],[-122.96984,46.126742],[-122.969869,46.12682],[-122.96997,46.126832],[-122.969998,46.12691],[-122.970099,46.126922],[-122.970122,46.127086],[-122.970358,46.127102],[-122.970358,46.127233],[-122.970386,46.12727],[-122.970617,46.127282],[-122.970623,46.127339],[-122.970672,46.12737],[-122.970875,46.127372],[-122.970898,46.127447],[-122.971005,46.127462],[-122.971005,46.127594],[-122.971033,46.12763],[-122.971264,46.127642],[-122.97127,46.127699],[-122.971319,46.12773],[-122.971512,46.127721],[-122.971528,46.127879],[-122.97157,46.127908],[-122.971652,46.127913],[-122.97168,46.12799],[-122.971911,46.128003],[-122.971928,46.128073],[-122.97204,46.128093],[-122.972053,46.128159],[-122.972169,46.128183],[-122.972173,46.128234],[-122.97221,46.128266],[-122.97248,46.128273],[-122.972554,46.128234],[-122.972552,46.128126],[-122.97251,46.128097],[-122.972429,46.128093],[-122.972394,46.128012],[-122.972299,46.128003],[-122.972271,46.127925],[-122.97217,46.127913],[-122.972147,46.127748],[-122.971781,46.127732],[-122.971775,46.127676],[-122.971733,46.127647],[-122.971533,46.127653],[-122.971505,46.127482],[-122.971393,46.127462],[-122.971387,46.127406],[-122.971345,46.127377],[-122.971134,46.127372],[-122.971112,46.127298],[-122.971005,46.127282],[-122.971005,46.127194],[-122.971235,46.12718],[-122.971264,46.127102],[-122.971359,46.127093],[-122.971394,46.127012],[-122.971505,46.126993],[-122.971534,46.126911],[-122.971707,46.126936],[-122.971769,46.126912],[-122.97178,46.126772],[-122.971722,46.12673],[-122.971551,46.126755],[-122.971512,46.126843],[-122.971264,46.126832],[-122.971264,46.126652],[-122.971482,46.126646],[-122.971522,46.126609],[-122.971523,46.126473],[-122.971712,46.126472],[-122.971764,46.126453],[-122.971782,46.126293],[-122.971864,46.126288],[-122.971908,46.126254],[-122.971912,46.126113],[-122.972041,46.126113],[-122.972102,46.126137],[-122.972158,46.126123],[-122.972205,46.12607],[-122.972171,46.126023],[-122.972171,46.125933],[-122.972277,46.125917],[-122.9723,46.125843],[-122.972429,46.125843],[-122.972498,46.125867],[-122.972574,46.125834],[-122.972594,46.125795],[-122.972559,46.125753],[-122.972559,46.125663],[-122.972641,46.125659],[-122.972683,46.125629],[-122.972666,46.125499],[-122.972498,46.125459],[-122.97243,46.125483],[-122.9723,46.125483],[-122.972287,46.125417],[-122.972171,46.125393],[-122.972136,46.125312],[-122.971947,46.125312],[-122.971912,46.125351],[-122.971912,46.125482],[-122.97183,46.125487],[-122.971786,46.125521],[-122.971782,46.125662],[-122.971681,46.125675],[-122.971653,46.125752],[-122.971552,46.125765],[-122.971523,46.125842],[-122.971422,46.125855],[-122.971394,46.125932],[-122.971299,46.125941],[-122.971264,46.126022],[-122.971153,46.126042],[-122.971135,46.126202],[-122.971028,46.126218],[-122.971005,46.126292],[-122.970904,46.126305],[-122.970876,46.126382],[-122.970775,46.126395],[-122.970746,46.126472],[-122.970652,46.126481],[-122.970617,46.126562],[-122.970505,46.126582],[-122.970487,46.126652],[-122.970284,46.126654],[-122.970235,46.126685],[-122.970229,46.126742],[-122.970099,46.126742],[-122.970082,46.126672],[-122.96997,46.126652],[-122.969935,46.126571],[-122.96984,46.126562],[-122.969812,46.126484],[-122.969711,46.126472],[-122.969683,46.126394],[-122.969582,46.126382],[-122.969553,46.126304],[-122.969307,46.126284],[-122.969323,46.126166],[-122.9693,46.126128],[-122.969194,46.126112],[-122.969188,46.126055],[-122.969146,46.126026],[-122.968935,46.126022],[-122.968912,46.125948],[-122.968805,46.125932],[-122.968782,46.125858],[-122.968676,46.125842],[-122.968658,46.125771],[-122.968547,46.125752],[-122.968512,46.125671],[-122.968417,46.125662],[-122.968389,46.125584],[-122.968288,46.125572],[-122.968259,46.125494],[-122.968158,46.125481],[-122.96813,46.125404],[-122.968029,46.125391],[-122.968001,46.125314],[-122.9679,46.125301],[-122.967871,46.125224],[-122.967641,46.125211],[-122.967635,46.125065],[-122.967593,46.125036],[-122.967511,46.125031],[-122.967489,46.124957],[-122.967253,46.124941],[-122.96723,46.124867],[-122.967123,46.124851],[-122.967089,46.12477],[-122.966994,46.124761],[-122.966976,46.124601],[-122.966865,46.124581],[-122.96683,46.1245],[-122.966735,46.124491],[-122.966707,46.124413],[-122.966606,46.124401],[-122.966577,46.124323],[-122.966476,46.124311],[-122.966459,46.124151],[-122.966347,46.124131],[-122.966312,46.12405],[-122.966218,46.124041],[-122.966189,46.123963],[-122.966088,46.123951],[-122.966088,46.123626],[-122.966061,46.12359],[-122.96583,46.123591],[-122.965812,46.123521],[-122.9657,46.123501],[-122.965683,46.123431],[-122.965571,46.123411],[-122.965562,46.123349],[-122.965501,46.123321],[-122.96534,46.123333],[-122.965312,46.123369],[-122.965312,46.123501],[-122.965183,46.123501],[-122.96516,46.123426],[-122.965053,46.123411],[-122.965019,46.12333],[-122.964924,46.123321],[-122.964924,46.123231],[-122.965005,46.123226],[-122.96505,46.123192],[-122.965044,46.123079],[-122.964998,46.123053],[-122.964924,46.123051],[-122.964889,46.12297],[-122.964795,46.12296],[-122.964789,46.122814],[-122.964747,46.122785],[-122.964665,46.12278],[-122.964662,46.122729],[-122.964624,46.122697],[-122.964481,46.122677],[-122.964415,46.122706],[-122.964406,46.12296],[-122.964147,46.12296],[-122.964142,46.12289],[-122.964087,46.122858],[-122.963889,46.12287],[-122.963871,46.1228],[-122.963759,46.12278],[-122.963725,46.122699],[-122.96363,46.12269],[-122.963601,46.122612],[-122.9635,46.1226],[-122.963472,46.122522],[-122.963371,46.12251],[-122.963343,46.122432],[-122.963112,46.12242],[-122.96309,46.122346],[-122.962983,46.12233],[-122.962948,46.122249],[-122.962854,46.12224],[-122.962853,46.122109],[-122.962825,46.122072],[-122.962465,46.12206],[-122.962465,46.121928],[-122.962437,46.121892],[-122.962207,46.12188],[-122.962189,46.121809],[-122.962077,46.12179],[-122.962064,46.121724],[-122.961948,46.1217],[-122.961945,46.121648],[-122.961907,46.121616],[-122.961689,46.121609],[-122.961672,46.121449],[-122.961619,46.12143],[-122.96143,46.121429],[-122.961408,46.121355],[-122.961301,46.121339],[-122.961288,46.121273],[-122.961172,46.121249],[-122.961143,46.121172],[-122.961042,46.121159],[-122.961042,46.121069],[-122.961077,46.121022],[-122.961024,46.120966],[-122.960784,46.120979],[-122.960798,46.120834],[-122.960749,46.120802],[-122.960654,46.120799],[-122.960627,46.120708],[-122.960266,46.120709],[-122.960243,46.120635],[-122.960137,46.120619],[-122.960102,46.120538],[-122.960007,46.120529],[-122.960007,46.120439],[-122.960102,46.120437],[-122.960151,46.120404],[-122.960124,46.120283],[-122.960008,46.120259],[-122.959973,46.120178],[-122.959878,46.120169],[-122.95985,46.120091],[-122.959749,46.120079],[-122.95972,46.120001],[-122.959619,46.119989],[-122.959591,46.119911],[-122.95949,46.119899],[-122.959462,46.119821],[-122.959231,46.119809],[-122.959222,46.119747],[-122.959169,46.11972],[-122.958843,46.119718],[-122.958843,46.119629],[-122.958878,46.119581],[-122.958831,46.119528],[-122.958775,46.119514],[-122.958714,46.119538],[-122.958584,46.119538],[-122.958584,46.119407],[-122.958556,46.119371],[-122.958196,46.119358],[-122.958173,46.119284],[-122.958067,46.119268],[-122.958049,46.119198],[-122.957938,46.119178],[-122.957903,46.119097],[-122.957808,46.119088],[-122.95778,46.11901],[-122.957679,46.118998],[-122.957679,46.118908],[-122.957897,46.118902],[-122.957934,46.11887],[-122.957938,46.118818],[-122.958168,46.118806],[-122.958197,46.118728],[-122.958455,46.118728],[-122.958455,46.118908],[-122.958421,46.118956],[-122.958455,46.118998],[-122.958473,46.119159],[-122.958584,46.119178],[-122.958619,46.119259],[-122.95876,46.119291],[-122.958962,46.119258],[-122.95899,46.119339],[-122.959102,46.119359],[-122.959137,46.119439],[-122.959231,46.119449],[-122.95926,46.119526],[-122.959361,46.119539],[-122.959389,46.119616],[-122.95949,46.119629],[-122.959513,46.119703],[-122.959679,46.119719],[-122.959748,46.119675],[-122.959752,46.119469],[-122.95962,46.119449],[-122.959614,46.119392],[-122.959572,46.119363],[-122.959361,46.119359],[-122.959348,46.119293],[-122.959232,46.119269],[-122.959228,46.119217],[-122.959191,46.119185],[-122.958984,46.11919],[-122.95895,46.119104],[-122.958844,46.119088],[-122.958844,46.118999],[-122.958973,46.118999],[-122.958976,46.11905],[-122.959014,46.119082],[-122.959232,46.119089],[-122.959266,46.11917],[-122.95942,46.119178],[-122.959481,46.11915],[-122.959491,46.119089],[-122.959969,46.119096],[-122.960008,46.119054],[-122.959995,46.118933],[-122.959931,46.118909],[-122.959232,46.118909],[-122.959204,46.118831],[-122.958973,46.118818],[-122.958967,46.118762],[-122.958925,46.118733],[-122.958585,46.118728],[-122.958585,46.118638],[-122.958666,46.118634],[-122.958709,46.118605],[-122.958709,46.118492],[-122.958644,46.118459],[-122.958326,46.118458],[-122.958326,46.118278],[-122.95866,46.118276],[-122.958709,46.118245],[-122.958715,46.118188],[-122.958973,46.118189],[-122.958983,46.11825],[-122.959036,46.118277],[-122.959491,46.118279],[-122.959552,46.118303],[-122.959621,46.118279],[-122.960083,46.118277],[-122.960132,46.118246],[-122.960138,46.118189],[-122.960268,46.118189],[-122.960281,46.118255],[-122.960345,46.118279],[-122.960492,46.11827],[-122.960527,46.118189],[-122.960915,46.118189],[-122.960924,46.118251],[-122.960977,46.118278],[-122.961432,46.118279],[-122.961449,46.118453],[-122.961507,46.118473],[-122.961691,46.11846],[-122.961704,46.118525],[-122.961821,46.11855],[-122.961824,46.118615],[-122.961867,46.118649],[-122.962209,46.11864],[-122.962218,46.118701],[-122.962279,46.118729],[-122.96242,46.118726],[-122.962468,46.118676],[-122.962455,46.118574],[-122.962338,46.11855],[-122.962338,46.11846],[-122.962373,46.118412],[-122.962325,46.118304],[-122.962268,46.11828],[-122.96208,46.11828],[-122.96208,46.1181],[-122.962196,46.118076],[-122.962209,46.117974],[-122.962175,46.117929],[-122.96208,46.11792],[-122.962071,46.117755],[-122.962012,46.117726],[-122.961821,46.117739],[-122.961816,46.117669],[-122.961768,46.117638],[-122.961562,46.117649],[-122.961553,46.117498],[-122.961507,46.117472],[-122.961433,46.117469],[-122.961427,46.117233],[-122.961385,46.117203],[-122.961304,46.117199],[-122.961286,46.117039],[-122.961175,46.117019],[-122.961178,46.11677],[-122.961125,46.11675],[-122.960916,46.116749],[-122.960903,46.116593],[-122.960787,46.116569],[-122.960752,46.116488],[-122.960657,46.116479],[-122.960629,46.116401],[-122.960528,46.116389],[-122.960493,46.116308],[-122.960338,46.116275],[-122.960269,46.116299],[-122.96014,46.116299],[-122.960117,46.116225],[-122.96001,46.116209],[-122.960011,46.116119],[-122.960045,46.116071],[-122.959976,46.115948],[-122.959793,46.115945],[-122.959755,46.115977],[-122.959752,46.116029],[-122.959493,46.116029],[-122.95947,46.115954],[-122.959364,46.115939],[-122.95935,46.115873],[-122.959234,46.115848],[-122.959206,46.115771],[-122.959105,46.115758],[-122.959103,46.115622],[-122.959064,46.115585],[-122.958921,46.115565],[-122.958863,46.115585],[-122.958846,46.115758],[-122.958758,46.115765],[-122.958718,46.115802],[-122.958716,46.116028],[-122.958499,46.116035],[-122.958461,46.116067],[-122.958457,46.116118],[-122.958199,46.116118],[-122.958199,46.116028],[-122.958402,46.116026],[-122.958457,46.11598],[-122.958454,46.115797],[-122.95841,46.115762],[-122.958328,46.115758],[-122.958328,46.115613],[-122.958295,46.115574],[-122.958111,46.115585],[-122.958073,46.115616],[-122.958069,46.115668],[-122.95794,46.115668],[-122.957871,46.115644],[-122.957811,46.115668],[-122.957457,46.115677],[-122.957403,46.115787],[-122.957436,46.115838],[-122.95781,46.115848],[-122.957812,46.116075],[-122.957851,46.116112],[-122.95794,46.116118],[-122.957941,46.116345],[-122.957981,46.116382],[-122.958069,46.116388],[-122.958069,46.116568],[-122.957614,46.116569],[-122.95756,46.116597],[-122.957549,46.116658],[-122.957034,46.116658],[-122.957011,46.116584],[-122.956904,46.116568],[-122.956904,46.116119],[-122.956932,46.11605],[-122.956844,46.116004],[-122.956775,46.116028],[-122.956516,46.116027],[-122.956494,46.115953],[-122.956387,46.115937],[-122.956387,46.115758],[-122.956611,46.115748],[-122.956646,46.115668],[-122.956762,46.115644],[-122.956776,46.115578],[-122.956993,46.115571],[-122.957031,46.115539],[-122.957034,46.115488],[-122.95749,46.115487],[-122.957543,46.115459],[-122.957552,46.115398],[-122.957681,46.115398],[-122.95775,46.115422],[-122.957899,46.115392],[-122.957937,46.11536],[-122.95794,46.115308],[-122.958281,46.115304],[-122.958323,46.115275],[-122.958329,46.115218],[-122.959043,46.115217],[-122.959096,46.11519],[-122.959105,46.115129],[-122.959302,46.115128],[-122.959363,46.115085],[-122.959341,46.114964],[-122.959105,46.114948],[-122.959088,46.114878],[-122.958976,46.114858],[-122.958942,46.114778],[-122.958847,46.114768],[-122.958818,46.114691],[-122.958717,46.114678],[-122.958689,46.114601],[-122.958588,46.114588],[-122.95856,46.114511],[-122.958459,46.114498],[-122.95843,46.11442],[-122.958268,46.114384],[-122.9582,46.114408],[-122.958071,46.114408],[-122.958048,46.114244],[-122.957812,46.114228],[-122.957812,46.114048],[-122.957919,46.114032],[-122.957943,46.113958],[-122.9582,46.113958],[-122.958209,46.11402],[-122.958263,46.114047],[-122.958718,46.114048],[-122.958718,46.114318],[-122.958601,46.114342],[-122.95859,46.114455],[-122.958651,46.114497],[-122.958847,46.114498],[-122.958856,46.11456],[-122.958909,46.114587],[-122.959072,46.114593],[-122.959106,46.114499],[-122.959446,46.114494],[-122.959488,46.114465],[-122.959494,46.114409],[-122.959882,46.114409],[-122.959905,46.114483],[-122.960012,46.114499],[-122.960011,46.114679],[-122.959801,46.114683],[-122.959759,46.114712],[-122.959753,46.114769],[-122.959625,46.114785],[-122.959604,46.11483],[-122.959658,46.11494],[-122.959841,46.114942],[-122.959879,46.11491],[-122.959882,46.114859],[-122.960141,46.114859],[-122.960202,46.114883],[-122.96027,46.114859],[-122.960529,46.114859],[-122.960532,46.114911],[-122.96057,46.114943],[-122.960788,46.114949],[-122.960788,46.115039],[-122.960753,46.115087],[-122.960788,46.115129],[-122.960789,46.115266],[-122.960829,46.115303],[-122.961005,46.115303],[-122.961043,46.115271],[-122.961046,46.115219],[-122.961435,46.115219],[-122.961438,46.115375],[-122.961517,46.115413],[-122.961671,46.115384],[-122.961694,46.115309],[-122.96181,46.115285],[-122.961823,46.11522],[-122.961952,46.11522],[-122.961952,46.115309],[-122.961871,46.115314],[-122.961826,46.115348],[-122.961823,46.115489],[-122.961741,46.115494],[-122.961699,46.115523],[-122.961716,46.115654],[-122.961763,46.115669],[-122.962148,46.115669],[-122.962202,46.115641],[-122.962211,46.11558],[-122.962338,46.11558],[-122.962344,46.115631],[-122.962381,46.115663],[-122.962551,46.115666],[-122.962593,46.115636],[-122.962634,46.115537],[-122.962599,46.11549],[-122.962599,46.11531],[-122.96281,46.115306],[-122.962852,46.115276],[-122.962858,46.11522],[-122.962953,46.115217],[-122.963002,46.115185],[-122.962988,46.11486],[-122.963089,46.114848],[-122.963117,46.11477],[-122.963212,46.114761],[-122.963247,46.11468],[-122.963359,46.11466],[-122.963376,46.1145],[-122.963567,46.114513],[-122.963626,46.114485],[-122.963635,46.11414],[-122.963765,46.11414],[-122.963774,46.114202],[-122.963827,46.114229],[-122.963981,46.114229],[-122.964035,46.1142],[-122.964018,46.113993],[-122.963976,46.113964],[-122.963894,46.11396],[-122.963894,46.113781],[-122.963976,46.113776],[-122.964018,46.113747],[-122.964043,46.113555],[-122.963974,46.11351],[-122.963506,46.11351],[-122.963489,46.11344],[-122.963377,46.11342],[-122.963343,46.113339],[-122.963248,46.11333],[-122.963219,46.113252],[-122.963042,46.113229],[-122.96299,46.11327],[-122.962972,46.11356],[-122.963031,46.113599],[-122.963247,46.1136],[-122.963247,46.11378],[-122.962785,46.113782],[-122.962736,46.113813],[-122.96273,46.11387],[-122.962613,46.113894],[-122.9626,46.11396],[-122.962341,46.11396],[-122.96234,46.113733],[-122.962301,46.113696],[-122.962212,46.113689],[-122.962203,46.113538],[-122.962157,46.113512],[-122.962083,46.113509],[-122.962048,46.113429],[-122.961954,46.113419],[-122.961931,46.113255],[-122.961824,46.113239],[-122.96179,46.113158],[-122.961695,46.113149],[-122.961695,46.112838],[-122.961654,46.112796],[-122.961566,46.112789],[-122.961566,46.112519],[-122.961695,46.112519],[-122.961718,46.112594],[-122.961825,46.112609],[-122.961859,46.11269],[-122.961954,46.112699],[-122.961967,46.112855],[-122.962083,46.11288],[-122.962118,46.11296],[-122.962213,46.11297],[-122.962241,46.113047],[-122.962342,46.11306],[-122.962351,46.113211],[-122.962397,46.113237],[-122.962471,46.11324],[-122.962506,46.113321],[-122.962601,46.11333],[-122.962634,46.113424],[-122.962691,46.113433],[-122.962846,46.113396],[-122.962856,46.113188],[-122.962812,46.113154],[-122.96273,46.11315],[-122.962713,46.112989],[-122.962601,46.11297],[-122.962566,46.112889],[-122.962472,46.11288],[-122.962443,46.112802],[-122.962342,46.11279],[-122.962325,46.112629],[-122.962213,46.112609],[-122.962178,46.112529],[-122.962084,46.112519],[-122.962061,46.112355],[-122.961954,46.112339],[-122.961941,46.112273],[-122.961877,46.112249],[-122.96173,46.112258],[-122.961695,46.112339],[-122.961566,46.112339],[-122.961566,46.112249],[-122.961673,46.112234],[-122.961696,46.112159],[-122.961812,46.112135],[-122.961825,46.112069],[-122.961954,46.112069],[-122.961977,46.112144],[-122.962084,46.11216],[-122.962107,46.112234],[-122.962213,46.11225],[-122.962231,46.11232],[-122.962342,46.11234],[-122.96236,46.11241],[-122.962472,46.11243],[-122.962489,46.1125],[-122.962601,46.11252],[-122.962619,46.11259],[-122.96273,46.11261],[-122.96274,46.112671],[-122.962793,46.112699],[-122.962927,46.112699],[-122.962972,46.11268],[-122.96299,46.11243],[-122.963119,46.11243],[-122.963142,46.112594],[-122.963248,46.11261],[-122.963266,46.11268],[-122.963377,46.1127],[-122.963412,46.112781],[-122.963507,46.11279],[-122.963535,46.112868],[-122.963636,46.11288],[-122.963665,46.112958],[-122.963765,46.11297],[-122.963794,46.113048],[-122.963895,46.11306],[-122.963923,46.113138],[-122.964154,46.11315],[-122.964176,46.113224],[-122.964283,46.11324],[-122.964292,46.113392],[-122.964338,46.113418],[-122.964412,46.11342],[-122.96443,46.113581],[-122.964542,46.1136],[-122.964541,46.11405],[-122.964467,46.114053],[-122.964421,46.114079],[-122.964425,46.114206],[-122.964474,46.114229],[-122.964616,46.114228],[-122.964665,46.114197],[-122.964671,46.11414],[-122.9648,46.11414],[-122.964803,46.114282],[-122.964848,46.114316],[-122.964929,46.11432],[-122.964931,46.114547],[-122.96497,46.114584],[-122.965059,46.114591],[-122.965076,46.114751],[-122.965188,46.114771],[-122.965201,46.114837],[-122.965317,46.114861],[-122.965321,46.114912],[-122.965358,46.114944],[-122.965576,46.114951],[-122.965599,46.115025],[-122.965705,46.115041],[-122.965723,46.115111],[-122.965835,46.115131],[-122.965869,46.115212],[-122.965964,46.115221],[-122.965992,46.115299],[-122.966093,46.115311],[-122.966122,46.115389],[-122.966223,46.115401],[-122.966226,46.115543],[-122.966271,46.115577],[-122.966352,46.115581],[-122.966352,46.115671],[-122.966245,46.115687],[-122.966223,46.115761],[-122.966034,46.115761],[-122.965981,46.115781],[-122.965929,46.115893],[-122.965981,46.116011],[-122.966154,46.116055],[-122.966223,46.116031],[-122.966481,46.116031],[-122.966504,46.116195],[-122.96674,46.116211],[-122.966763,46.116375],[-122.966999,46.116391],[-122.967021,46.116465],[-122.967128,46.116481],[-122.967128,46.116571],[-122.967021,46.116587],[-122.966988,46.116672],[-122.966911,46.116662],[-122.966861,46.116686],[-122.966851,46.116728],[-122.966888,46.116765],[-122.966953,46.116774],[-122.967009,46.11674],[-122.967128,46.116751],[-122.967141,46.116817],[-122.967257,46.116841],[-122.967263,46.116911],[-122.967318,46.116944],[-122.967775,46.116931],[-122.967775,46.117021],[-122.967693,46.117025],[-122.967649,46.11706],[-122.967645,46.117291],[-122.967618,46.117359],[-122.967699,46.117405],[-122.967775,46.117381],[-122.967904,46.117381],[-122.967904,46.117471],[-122.967869,46.117514],[-122.96789,46.117553],[-122.967965,46.117585],[-122.968033,46.117561],[-122.968163,46.117561],[-122.968186,46.117636],[-122.968292,46.117652],[-122.968305,46.117717],[-122.968421,46.117742],[-122.96845,46.117819],[-122.968551,46.117832],[-122.968551,46.117921],[-122.968442,46.117928],[-122.968402,46.117977],[-122.968434,46.118078],[-122.968551,46.118102],[-122.968579,46.118179],[-122.969327,46.118192],[-122.969331,46.118243],[-122.969368,46.118275],[-122.969586,46.118282],[-122.969592,46.118338],[-122.969641,46.11837],[-122.969845,46.118372],[-122.969868,46.118446],[-122.969974,46.118462],[-122.969987,46.118528],[-122.970103,46.118552],[-122.970132,46.11863],[-122.970233,46.118642],[-122.970256,46.118896],[-122.970362,46.118912],[-122.970368,46.118969],[-122.97041,46.118998],[-122.970621,46.119002],[-122.970627,46.119059],[-122.970669,46.119088],[-122.97088,46.119092],[-122.970881,46.119319],[-122.970921,46.119356],[-122.971009,46.119362],[-122.971022,46.119608],[-122.971079,46.119632],[-122.971268,46.119632],[-122.971291,46.119706],[-122.971397,46.119722],[-122.971415,46.119793],[-122.971526,46.119812],[-122.971561,46.119893],[-122.971656,46.119902],[-122.971684,46.11998],[-122.971785,46.119992],[-122.971791,46.120139],[-122.971833,46.120168],[-122.971915,46.120173],[-122.971949,46.120253],[-122.972044,46.120263],[-122.972067,46.120427],[-122.972303,46.120443],[-122.972309,46.120499],[-122.972358,46.12053],[-122.972562,46.120533],[-122.972584,46.120607],[-122.972691,46.120623],[-122.972704,46.120779],[-122.97282,46.120803],[-122.972838,46.120873],[-122.97295,46.120893],[-122.972963,46.120959],[-122.973079,46.120983],[-122.973082,46.121034],[-122.97312,46.121066],[-122.973467,46.121073],[-122.97348,46.121139],[-122.973597,46.121163],[-122.973625,46.121241],[-122.973855,46.121253],[-122.973861,46.12131],[-122.973911,46.121341],[-122.974373,46.121343],[-122.974374,46.121474],[-122.974402,46.121511],[-122.974632,46.121523],[-122.974645,46.121589],[-122.974761,46.121613],[-122.974796,46.121694],[-122.97502,46.121703],[-122.975026,46.12176],[-122.975075,46.121791],[-122.975279,46.121793],[-122.975285,46.12185],[-122.975327,46.121879],[-122.975538,46.121883],[-122.975544,46.12194],[-122.975586,46.121969],[-122.976055,46.121973],[-122.976055,46.122153],[-122.975825,46.122166],[-122.975798,46.122197],[-122.975798,46.12229],[-122.975838,46.122327],[-122.975926,46.122333],[-122.975954,46.122411],[-122.976055,46.122423],[-122.976084,46.122501],[-122.976185,46.122514],[-122.976213,46.122591],[-122.976314,46.122604],[-122.976314,46.122825],[-122.976348,46.122864],[-122.976532,46.122867],[-122.97657,46.122835],[-122.976573,46.122784],[-122.976689,46.12276],[-122.976702,46.122694],[-122.976906,46.122691],[-122.976961,46.122645],[-122.976952,46.122542],[-122.976906,46.122516],[-122.976832,46.122514],[-122.976803,46.122436],[-122.976573,46.122423],[-122.97655,46.122349],[-122.976444,46.122333],[-122.976409,46.122253],[-122.976314,46.122243],[-122.976314,46.122154],[-122.976444,46.122154],[-122.976447,46.122205],[-122.976485,46.122237],[-122.976702,46.122244],[-122.976708,46.1223],[-122.976758,46.122331],[-122.976961,46.122334],[-122.976965,46.122399],[-122.977008,46.122433],[-122.97735,46.122424],[-122.977363,46.12249],[-122.977479,46.122514],[-122.977513,46.122595],[-122.977738,46.122604],[-122.977772,46.122685],[-122.977997,46.122694],[-122.978019,46.122768],[-122.978126,46.122784],[-122.978126,46.122874],[-122.977997,46.122874],[-122.977987,46.122812],[-122.977934,46.122785],[-122.977658,46.122784],[-122.977601,46.122809],[-122.977621,46.12294],[-122.977738,46.122964],[-122.977738,46.123095],[-122.977772,46.123135],[-122.977996,46.123144],[-122.978006,46.123205],[-122.978059,46.123233],[-122.978644,46.123234],[-122.978657,46.1233],[-122.978773,46.123324],[-122.978807,46.123405],[-122.979032,46.123414],[-122.979038,46.123561],[-122.97908,46.12359],[-122.979161,46.123594],[-122.97919,46.123672],[-122.97942,46.123684],[-122.979421,46.123821],[-122.979468,46.12386],[-122.979748,46.123877],[-122.979803,46.123844],[-122.979808,46.123774],[-122.979938,46.123774],[-122.979941,46.123916],[-122.979986,46.12395],[-122.980067,46.123954],[-122.980085,46.124114],[-122.980137,46.124134],[-122.980326,46.124134],[-122.980326,46.124584],[-122.980244,46.124588],[-122.9802,46.124623],[-122.980202,46.124911],[-122.980259,46.124943],[-122.980455,46.124944],[-122.98049,46.125025],[-122.980714,46.125034],[-122.980737,46.125109],[-122.980843,46.125124],[-122.980843,46.125394],[-122.980769,46.125397],[-122.980723,46.125423],[-122.980731,46.125555],[-122.980843,46.125574],[-122.980849,46.125631],[-122.980898,46.125662],[-122.981102,46.125664],[-122.981163,46.125689],[-122.981232,46.125665],[-122.981361,46.125665],[-122.981374,46.12573],[-122.98149,46.125755],[-122.981496,46.125811],[-122.981538,46.12584],[-122.981878,46.125845],[-122.981884,46.125991],[-122.981926,46.12602],[-122.982008,46.126025],[-122.982014,46.126095],[-122.982068,46.126127],[-122.982219,46.126111],[-122.982265,46.126071],[-122.982261,46.125968],[-122.982219,46.125939],[-122.982138,46.125935],[-122.982138,46.125845],[-122.982396,46.125845],[-122.982457,46.125869],[-122.982526,46.125845],[-122.982655,46.125845],[-122.982659,46.125896],[-122.982696,46.125928],[-122.982914,46.125935],[-122.982937,46.126009],[-122.983043,46.126025],[-122.983078,46.126106],[-122.983173,46.126115],[-122.983173,46.126385],[-122.982914,46.126385],[-122.982896,46.126314],[-122.982785,46.126295],[-122.982767,46.126224],[-122.982655,46.126205],[-122.982646,46.126143],[-122.982585,46.126115],[-122.982425,46.126127],[-122.982385,46.126216],[-122.982309,46.126206],[-122.982259,46.12623],[-122.982262,46.126291],[-122.982328,46.126319],[-122.982407,46.126284],[-122.982526,46.126295],[-122.982535,46.126446],[-122.982581,46.126472],[-122.982655,46.126475],[-122.982689,46.126556],[-122.982784,46.126565],[-122.982807,46.126639],[-122.983043,46.126655],[-122.983056,46.126721],[-122.983173,46.126745],[-122.983179,46.126801],[-122.983221,46.126831],[-122.983431,46.126835],[-122.983449,46.126905],[-122.983561,46.126925],[-122.983574,46.126991],[-122.98369,46.127015],[-122.983694,46.127067],[-122.983731,46.127098],[-122.984024,46.127103],[-122.984073,46.127072],[-122.984079,46.127015],[-122.984208,46.127015],[-122.984208,46.127105],[-122.984127,46.127109],[-122.984082,46.127143],[-122.984092,46.127261],[-122.984149,46.127285],[-122.984337,46.127285],[-122.984355,46.127355],[-122.984467,46.127375],[-122.98448,46.127441],[-122.984596,46.127465],[-122.9846,46.127517],[-122.984637,46.127549],[-122.984855,46.127555],[-122.984861,46.127702],[-122.984903,46.127731],[-122.984984,46.127735],[-122.985019,46.127816],[-122.985175,46.127849],[-122.985244,46.127825],[-122.985373,46.127825],[-122.985407,46.127906],[-122.985632,46.127915],[-122.98566,46.127993],[-122.985891,46.128005],[-122.985904,46.128071],[-122.985968,46.128095],[-122.986346,46.128094],[-122.986399,46.128067],[-122.986408,46.128005],[-122.986742,46.128003],[-122.986791,46.127972],[-122.986797,46.127915],[-122.987027,46.127903],[-122.987056,46.127825],[-122.987314,46.127825],[-122.987323,46.1279],[-122.98739,46.127929],[-122.987545,46.127903],[-122.987574,46.127825],[-122.987703,46.127825],[-122.987731,46.127903],[-122.987962,46.127915],[-122.987968,46.127972],[-122.98801,46.128001],[-122.988479,46.128006],[-122.988483,46.128057],[-122.988521,46.128089],[-122.988738,46.128096],[-122.98874,46.128232],[-122.988786,46.128271],[-122.989127,46.128276],[-122.98913,46.128327],[-122.989168,46.128359],[-122.989385,46.128366],[-122.989385,46.128635],[-122.988997,46.128635],[-122.988988,46.128574],[-122.988927,46.128546],[-122.988535,46.128548],[-122.988485,46.128579],[-122.988479,46.128635],[-122.988363,46.128659],[-122.98835,46.128725],[-122.988238,46.128745],[-122.98822,46.128815],[-122.987984,46.128831],[-122.987962,46.128869],[-122.987975,46.128971],[-122.988039,46.128995],[-122.988868,46.128996],[-122.988868,46.129085],[-122.988773,46.129095],[-122.988738,46.129175],[-122.988664,46.129178],[-122.988618,46.129204],[-122.988622,46.129331],[-122.988738,46.129356],[-122.988744,46.129412],[-122.988786,46.129441],[-122.988997,46.129446],[-122.989003,46.129502],[-122.989045,46.129531],[-122.989385,46.129536],[-122.989398,46.129692],[-122.989515,46.129716],[-122.989528,46.129782],[-122.989644,46.129806],[-122.98965,46.129862],[-122.989692,46.129891],[-122.989835,46.129909],[-122.989897,46.129876],[-122.9899,46.129754],[-122.989855,46.12972],[-122.989774,46.129716],[-122.989774,46.129627],[-122.98988,46.12961],[-122.989903,46.129536],[-122.990032,46.129536],[-122.990055,46.12961],[-122.990162,46.129626],[-122.990196,46.129707],[-122.990291,46.129716],[-122.990293,46.129852],[-122.990354,46.129895],[-122.990502,46.129892],[-122.990544,46.129862],[-122.99055,46.129806],[-122.990754,46.129803],[-122.990803,46.129772],[-122.990809,46.129716],[-122.990939,46.129716],[-122.990961,46.12979],[-122.991068,46.129806],[-122.991103,46.129887],[-122.991198,46.129897],[-122.991197,46.130076],[-122.991103,46.130085],[-122.991068,46.130166],[-122.990952,46.13019],[-122.990952,46.130322],[-122.991068,46.130346],[-122.991077,46.130407],[-122.991138,46.130435],[-122.991292,46.130427],[-122.991327,46.130346],[-122.991456,46.130346],[-122.991424,46.130494],[-122.991479,46.1306],[-122.991586,46.130616],[-122.991583,46.130775],[-122.991636,46.130795],[-122.991845,46.130796],[-122.991825,46.13092],[-122.991847,46.130959],[-122.992103,46.130976],[-122.992126,46.13105],[-122.992233,46.131066],[-122.992222,46.131167],[-122.992044,46.131156],[-122.991983,46.131184],[-122.991992,46.131406],[-122.992187,46.131435],[-122.992231,46.131396],[-122.992244,46.131235],[-122.992492,46.131246],[-122.992505,46.131312],[-122.992621,46.131336],[-122.992625,46.131388],[-122.992662,46.131419],[-122.992812,46.13145],[-122.99288,46.131426],[-122.99301,46.131426],[-122.993023,46.131582],[-122.993186,46.13162],[-122.993265,46.131581],[-122.993269,46.131426],[-122.993398,46.131426],[-122.993404,46.131573],[-122.993446,46.131602],[-122.993527,46.131606],[-122.993545,46.131766],[-122.993657,46.131786],[-122.993666,46.131937],[-122.993712,46.131964],[-122.993786,46.131966],[-122.993821,46.132047],[-122.993916,46.132056]],[[-122.962174,46.119261],[-122.962239,46.119116],[-122.962155,46.119066],[-122.962077,46.11909],[-122.961432,46.119089],[-122.961426,46.118853],[-122.961377,46.118822],[-122.961251,46.118819],[-122.961175,46.118863],[-122.961174,46.119041],[-122.961214,46.119083],[-122.961318,46.119097],[-122.961302,46.119179],[-122.961044,46.119179],[-122.961064,46.11869],[-122.961009,46.118642],[-122.96033,46.11864],[-122.960277,46.118668],[-122.960267,46.118729],[-122.960186,46.118733],[-122.960141,46.118767],[-122.960147,46.11888],[-122.960193,46.118907],[-122.960267,46.118909],[-122.960296,46.118987],[-122.960526,46.118999],[-122.960511,46.119234],[-122.960561,46.119267],[-122.960655,46.11927],[-122.960655,46.119359],[-122.960574,46.119363],[-122.960529,46.119397],[-122.960539,46.119515],[-122.960655,46.119539],[-122.960661,46.119596],[-122.96071,46.119627],[-122.961043,46.119629],[-122.961066,46.119703],[-122.961173,46.119719],[-122.961195,46.119883],[-122.961302,46.119899],[-122.961308,46.119956],[-122.96135,46.119985],[-122.961561,46.119989],[-122.961562,46.120126],[-122.961616,46.120167],[-122.961909,46.120176],[-122.961946,46.120145],[-122.961949,46.12008],[-122.962044,46.12007],[-122.962079,46.11999],[-122.96216,46.119986],[-122.962202,46.119956],[-122.96219,46.119739],[-122.962138,46.11972],[-122.961949,46.119719],[-122.961927,46.119645],[-122.96182,46.119629],[-122.96182,46.119361],[-122.961927,46.119344],[-122.96195,46.11927],[-122.962174,46.119261]],[[-122.960916,46.120798],[-122.960947,46.120762],[-122.960932,46.120722],[-122.960874,46.120696],[-122.960811,46.120708],[-122.960784,46.120744],[-122.960801,46.120793],[-122.960859,46.120813],[-122.960916,46.120798]],[[-122.961451,46.11617],[-122.961431,46.116068],[-122.961393,46.116036],[-122.961175,46.116029],[-122.961175,46.115939],[-122.961264,46.115933],[-122.961303,46.115896],[-122.961303,46.115789],[-122.961272,46.115755],[-122.961087,46.115766],[-122.961049,46.115798],[-122.961046,46.115849],[-122.96093,46.115873],[-122.96092,46.116081],[-122.960964,46.116115],[-122.961046,46.116119],[-122.96108,46.1162],[-122.961399,46.116207],[-122.961451,46.11617]],[[-122.961748,46.116567],[-122.961891,46.116582],[-122.961946,46.11655],[-122.96195,46.116343],[-122.961911,46.116306],[-122.961806,46.116292],[-122.961813,46.115968],[-122.96176,46.11594],[-122.961626,46.11594],[-122.961567,46.115978],[-122.961563,46.116119],[-122.961531,46.116178],[-122.961586,46.116284],[-122.961708,46.116307],[-122.961702,46.116541],[-122.961748,46.116567]],[[-122.963116,46.11648],[-122.963198,46.116476],[-122.96324,46.116447],[-122.963244,46.116253],[-122.963183,46.116211],[-122.962987,46.11621],[-122.962964,46.116136],[-122.962858,46.11612],[-122.962858,46.11603],[-122.962939,46.116026],[-122.962984,46.115992],[-122.962987,46.115899],[-122.962959,46.115862],[-122.962797,46.115826],[-122.962647,46.115854],[-122.962605,46.115883],[-122.962599,46.11594],[-122.962368,46.115952],[-122.962338,46.11603],[-122.962195,46.116022],[-122.96221,46.115898],[-122.962176,46.115859],[-122.962022,46.11585],[-122.961969,46.115869],[-122.961961,46.116001],[-122.962097,46.116037],[-122.962046,46.116162],[-122.962081,46.11621],[-122.962082,46.116526],[-122.962122,46.116563],[-122.96221,46.11657],[-122.962239,46.116647],[-122.962469,46.11666],[-122.962482,46.116726],[-122.962598,46.11675],[-122.962604,46.116806],[-122.962646,46.116836],[-122.962931,46.116838],[-122.962985,46.116796],[-122.962987,46.11666],[-122.963068,46.116656],[-122.96311,46.116627],[-122.963116,46.11648]],[[-122.962856,46.11801],[-122.962834,46.117936],[-122.962727,46.11792],[-122.962714,46.117764],[-122.962598,46.11774],[-122.96258,46.117579],[-122.962468,46.11756],[-122.962462,46.117503],[-122.96242,46.117474],[-122.962238,46.117482],[-122.96221,46.117518],[-122.962209,46.11765],[-122.962175,46.117692],[-122.962213,46.117791],[-122.962257,46.117826],[-122.962339,46.11783],[-122.962345,46.117976],[-122.962387,46.118006],[-122.962468,46.11801],[-122.962474,46.118156],[-122.962516,46.118186],[-122.962597,46.11819],[-122.962601,46.118241],[-122.962638,46.118273],[-122.962916,46.11828],[-122.962976,46.118251],[-122.962982,46.118048],[-122.962938,46.118014],[-122.962856,46.11801]],[[-122.962467,46.12044],[-122.962461,46.120383],[-122.962419,46.120354],[-122.96221,46.120366],[-122.962188,46.120405],[-122.96223,46.120604],[-122.962398,46.120644],[-122.962573,46.120604],[-122.96259,46.120473],[-122.962548,46.120444],[-122.962467,46.12044]],[[-122.962648,46.11945],[-122.962723,46.119411],[-122.962717,46.119298],[-122.962664,46.119271],[-122.962508,46.119276],[-122.962469,46.119313],[-122.962476,46.119421],[-122.96253,46.119449],[-122.962648,46.11945]],[[-122.962925,46.118627],[-122.96262,46.118656],[-122.962597,46.118694],[-122.96262,46.118804],[-122.962903,46.118834],[-122.962963,46.118817],[-122.96298,46.11866],[-122.962925,46.118627]],[[-122.963135,46.121954],[-122.963304,46.121983],[-122.963359,46.121959],[-122.963371,46.121839],[-122.96333,46.121796],[-122.963242,46.12179],[-122.963236,46.121733],[-122.963187,46.121702],[-122.962778,46.121689],[-122.96273,46.12172],[-122.962724,46.12179],[-122.962643,46.121794],[-122.962598,46.121828],[-122.962598,46.121931],[-122.96265,46.121968],[-122.962923,46.121982],[-122.962977,46.12195],[-122.962983,46.12188],[-122.963111,46.12188],[-122.963135,46.121954]],[[-122.963893,46.11585],[-122.963967,46.115848],[-122.964013,46.115822],[-122.964017,46.115703],[-122.96396,46.115671],[-122.963764,46.11567],[-122.963758,46.115523],[-122.963716,46.115494],[-122.963635,46.11549],[-122.9636,46.115409],[-122.963117,46.1154],[-122.963108,46.115338],[-122.963047,46.11531],[-122.962921,46.115311],[-122.962871,46.115334],[-122.962823,46.115442],[-122.962867,46.115551],[-122.962913,46.115577],[-122.962987,46.11558],[-122.963022,46.115661],[-122.963117,46.11567],[-122.963145,46.115748],[-122.963246,46.11576],[-122.963281,46.115841],[-122.963634,46.11585],[-122.963647,46.115916],[-122.963712,46.11594],[-122.963859,46.115931],[-122.963893,46.11585]],[[-122.963244,46.115128],[-122.963193,46.115106],[-122.963135,46.115116],[-122.963098,46.115159],[-122.963114,46.115199],[-122.963167,46.11522],[-122.963239,46.115207],[-122.963266,46.115169],[-122.963244,46.115128]],[[-122.96317,46.115051],[-122.963363,46.115016],[-122.963373,46.114898],[-122.963321,46.114862],[-122.963172,46.114862],[-122.963119,46.114903],[-122.96312,46.115015],[-122.96317,46.115051]],[[-122.964798,46.11702],[-122.964785,46.116954],[-122.964669,46.11693],[-122.964634,46.116849],[-122.96441,46.11684],[-122.964404,46.116784],[-122.964355,46.116753],[-122.964151,46.11675],[-122.964134,46.11668],[-122.964022,46.11666],[-122.964004,46.11659],[-122.963893,46.11657],[-122.963884,46.116509],[-122.963823,46.11648],[-122.963533,46.116492],[-122.963505,46.116529],[-122.963504,46.11666],[-122.963403,46.116672],[-122.963375,46.11675],[-122.963274,46.116762],[-122.963245,46.11684],[-122.963157,46.116846],[-122.963116,46.116889],[-122.963129,46.116996],[-122.963245,46.11702],[-122.963263,46.11718],[-122.963374,46.1172],[-122.963392,46.11727],[-122.963504,46.11729],[-122.963521,46.11736],[-122.963633,46.11738],[-122.963651,46.11745],[-122.963763,46.11747],[-122.963772,46.117532],[-122.963833,46.11756],[-122.964096,46.117558],[-122.964145,46.117527],[-122.964151,46.11747],[-122.964369,46.117464],[-122.964406,46.117432],[-122.96441,46.11738],[-122.964526,46.117356],[-122.964539,46.11729],[-122.964651,46.117271],[-122.964669,46.1172],[-122.964899,46.117188],[-122.964927,46.117152],[-122.964922,46.117054],[-122.96488,46.117025],[-122.964798,46.11702]],[[-122.963296,46.120901],[-122.963488,46.120866],[-122.963498,46.120748],[-122.963447,46.120712],[-122.963298,46.120712],[-122.963244,46.120753],[-122.963246,46.120865],[-122.963296,46.120901]],[[-122.964414,46.115039],[-122.964446,46.114993],[-122.964411,46.11495],[-122.964411,46.114819],[-122.964383,46.114783],[-122.964221,46.114746],[-122.964153,46.11477],[-122.964023,46.11477],[-122.963989,46.114689],[-122.963827,46.114681],[-122.963774,46.114709],[-122.963764,46.11477],[-122.963556,46.11477],[-122.963498,46.114795],[-122.963505,46.11504],[-122.963394,46.11506],[-122.963342,46.115183],[-122.963385,46.115281],[-122.963446,46.11531],[-122.963736,46.115298],[-122.963764,46.115261],[-122.963764,46.11513],[-122.963893,46.11513],[-122.963899,46.115187],[-122.963949,46.115218],[-122.964351,46.115233],[-122.96441,46.11519],[-122.964414,46.115039]],[[-122.964394,46.121856],[-122.964427,46.121751],[-122.964405,46.121717],[-122.964278,46.1217],[-122.96426,46.12154],[-122.964208,46.121521],[-122.964019,46.12152],[-122.964013,46.121464],[-122.963971,46.121434],[-122.963815,46.121433],[-122.963766,46.121464],[-122.96376,46.12152],[-122.963543,46.121521],[-122.963486,46.121555],[-122.96351,46.121762],[-122.963556,46.121788],[-122.96363,46.12179],[-122.963643,46.121856],[-122.96376,46.12188],[-122.963766,46.121937],[-122.963808,46.121966],[-122.96395,46.121994],[-122.964019,46.12197],[-122.964229,46.121966],[-122.964272,46.121937],[-122.964278,46.12188],[-122.964394,46.121856]],[[-122.964022,46.11616],[-122.963955,46.116107],[-122.963662,46.116124],[-122.963614,46.11617],[-122.96364,46.116267],[-122.963704,46.1163],[-122.963974,46.116296],[-122.964021,46.116257],[-122.964022,46.11616]],[[-122.96415,46.122779],[-122.964182,46.122733],[-122.964148,46.12269],[-122.964135,46.122534],[-122.964018,46.12251],[-122.963984,46.122429],[-122.963889,46.12242],[-122.963866,46.122256],[-122.96367,46.122233],[-122.96363,46.122275],[-122.963643,46.122576],[-122.963759,46.1226],[-122.963772,46.122666],[-122.963889,46.12269],[-122.963892,46.122742],[-122.96393,46.122774],[-122.964079,46.122804],[-122.96415,46.122779]],[[-122.964059,46.122324],[-122.964209,46.122344],[-122.964265,46.12232],[-122.964276,46.122194],[-122.964229,46.122154],[-122.964079,46.122138],[-122.964022,46.122175],[-122.96402,46.122287],[-122.964059,46.122324]],[[-122.964333,46.11666],[-122.964407,46.116622],[-122.964393,46.1165],[-122.964281,46.11648],[-122.964275,46.116424],[-122.964233,46.116394],[-122.964051,46.116402],[-122.964023,46.116439],[-122.96404,46.11655],[-122.964151,46.11657],[-122.964155,46.116622],[-122.964192,46.116654],[-122.964333,46.11666]],[[-122.965575,46.116301],[-122.965553,46.116226],[-122.965446,46.116211],[-122.965428,46.11614],[-122.965317,46.116121],[-122.965282,46.11604],[-122.965187,46.11603],[-122.965159,46.115953],[-122.965058,46.11594],[-122.965057,46.115809],[-122.965023,46.11577],[-122.96467,46.11576],[-122.964661,46.115699],[-122.9646,46.115671],[-122.964222,46.11567],[-122.964165,46.115694],[-122.964158,46.116177],[-122.9642,46.116206],[-122.964281,46.11621],[-122.964316,46.116291],[-122.96441,46.1163],[-122.964439,46.116378],[-122.96454,46.11639],[-122.964546,46.116537],[-122.964588,46.116566],[-122.964669,46.11657],[-122.964704,46.116651],[-122.964798,46.11666],[-122.964799,46.116792],[-122.964833,46.116831],[-122.965057,46.116841],[-122.965092,46.116921],[-122.965238,46.116931],[-122.965303,46.116907],[-122.965316,46.116841],[-122.965423,46.116825],[-122.965446,46.116661],[-122.965527,46.116657],[-122.965572,46.116622],[-122.965575,46.116481],[-122.965663,46.116474],[-122.965703,46.116437],[-122.965692,46.116325],[-122.965575,46.116301]],[[-122.964667,46.120571],[-122.964599,46.120517],[-122.964326,46.120534],[-122.964282,46.120569],[-122.964264,46.120676],[-122.964328,46.12071],[-122.964619,46.120706],[-122.964665,46.120667],[-122.964667,46.120571]],[[-122.964588,46.12143],[-122.96466,46.121397],[-122.964665,46.121294],[-122.964625,46.121257],[-122.964521,46.121243],[-122.964521,46.121168],[-122.964733,46.121159],[-122.964786,46.121132],[-122.964794,46.120934],[-122.964733,46.120892],[-122.96447,46.120891],[-122.964409,46.120934],[-122.964423,46.121153],[-122.964373,46.121208],[-122.964423,46.121258],[-122.964411,46.121392],[-122.964462,46.121428],[-122.964588,46.12143]],[[-122.966887,46.118416],[-122.966845,46.118207],[-122.966739,46.118191],[-122.966733,46.118134],[-122.966691,46.118105],[-122.96648,46.118101],[-122.966471,46.117949],[-122.966425,46.117923],[-122.966351,46.117921],[-122.966316,46.11784],[-122.966221,46.117831],[-122.966187,46.11775],[-122.965963,46.117741],[-122.965957,46.117684],[-122.965908,46.117653],[-122.965704,46.117651],[-122.965681,46.117577],[-122.965575,46.117561],[-122.965561,46.117405],[-122.965445,46.117381],[-122.965439,46.117324],[-122.965397,46.117295],[-122.964969,46.117297],[-122.964931,46.117329],[-122.964927,46.11738],[-122.964826,46.117393],[-122.964798,46.11747],[-122.964697,46.117483],[-122.964668,46.11756],[-122.964574,46.117569],[-122.964539,46.11765],[-122.964458,46.117654],[-122.964415,46.117684],[-122.964409,46.11783],[-122.964375,46.117873],[-122.964415,46.117977],[-122.964457,46.118006],[-122.964539,46.11801],[-122.964573,46.118091],[-122.964668,46.1181],[-122.964696,46.118178],[-122.964797,46.118191],[-122.964814,46.118454],[-122.964872,46.118474],[-122.965444,46.118461],[-122.965467,46.118535],[-122.965574,46.118551],[-122.965608,46.118632],[-122.965703,46.118641],[-122.965705,46.118777],[-122.965751,46.118817],[-122.966439,46.118815],[-122.966478,46.118777],[-122.966478,46.118684],[-122.966439,46.118647],[-122.96635,46.118641],[-122.96635,46.118551],[-122.966457,46.118535],[-122.96648,46.118461],[-122.966848,46.118454],[-122.966887,46.118416]],[[-122.964539,46.122599],[-122.96457,46.122563],[-122.964555,46.122523],[-122.964496,46.122497],[-122.964434,46.122509],[-122.964407,46.122545],[-122.964423,46.122594],[-122.964482,46.122614],[-122.964539,46.122599]],[[-122.965829,46.121339],[-122.965762,46.121317],[-122.965691,46.121352],[-122.965184,46.121341],[-122.965178,46.121284],[-122.965136,46.121255],[-122.964858,46.121252],[-122.964799,46.121289],[-122.964777,46.121475],[-122.964838,46.121519],[-122.965054,46.121521],[-122.96506,46.121667],[-122.965102,46.121696],[-122.965183,46.121701],[-122.965218,46.121782],[-122.965442,46.121791],[-122.965519,46.121814],[-122.965667,46.121782],[-122.965701,46.121701],[-122.965783,46.121697],[-122.965825,46.121667],[-122.965825,46.121554],[-122.965783,46.121525],[-122.965701,46.121521],[-122.965701,46.121432],[-122.965829,46.121414],[-122.965851,46.121375],[-122.965829,46.121339]],[[-122.965365,46.120621],[-122.965442,46.120577],[-122.96544,46.120389],[-122.965388,46.120353],[-122.96524,46.120353],[-122.965194,46.120379],[-122.96515,46.120478],[-122.965188,46.120582],[-122.965239,46.120618],[-122.965365,46.120621]],[[-122.965696,46.121217],[-122.965705,46.121091],[-122.965572,46.121071],[-122.965559,46.121005],[-122.965443,46.120981],[-122.965408,46.1209],[-122.965254,46.120891],[-122.965197,46.120915],[-122.965187,46.121122],[-122.965232,46.121157],[-122.965313,46.121161],[-122.965348,46.121242],[-122.965646,46.121248],[-122.965696,46.121217]],[[-122.966867,46.120171],[-122.966949,46.120167],[-122.966993,46.120133],[-122.966995,46.120035],[-122.966956,46.119997],[-122.96635,46.119991],[-122.96635,46.119901],[-122.966546,46.1199],[-122.966605,46.119863],[-122.966591,46.119471],[-122.966479,46.119451],[-122.966466,46.119385],[-122.96635,46.119361],[-122.966347,46.119309],[-122.966309,46.119277],[-122.966091,46.119271],[-122.966073,46.119201],[-122.965962,46.119181],[-122.965927,46.1191],[-122.965832,46.119091],[-122.965804,46.119013],[-122.965703,46.119001],[-122.965675,46.118923],[-122.965574,46.118911],[-122.965545,46.118833],[-122.965397,46.118807],[-122.965342,46.11882],[-122.965315,46.118856],[-122.965321,46.119057],[-122.965363,46.119087],[-122.965444,46.119091],[-122.965462,46.119251],[-122.965573,46.119271],[-122.965608,46.119352],[-122.965703,46.119361],[-122.965706,46.119592],[-122.965751,46.119627],[-122.965832,46.119631],[-122.96585,46.119791],[-122.965961,46.119811],[-122.96597,46.119962],[-122.966016,46.119989],[-122.966091,46.119991],[-122.966125,46.120072],[-122.96622,46.120081],[-122.966243,46.120245],[-122.966349,46.120261],[-122.966362,46.120327],[-122.966479,46.120351],[-122.966507,46.120429],[-122.966624,46.120449],[-122.966609,46.120578],[-122.966663,46.120619],[-122.966812,46.120619],[-122.966863,46.120583],[-122.966854,46.120465],[-122.966722,46.120433],[-122.966738,46.120351],[-122.966819,46.120347],[-122.966861,46.120318],[-122.966867,46.120171]],[[-122.967645,46.117741],[-122.967622,46.117577],[-122.967516,46.117561],[-122.967503,46.117495],[-122.967386,46.117471],[-122.967352,46.11739],[-122.967128,46.117381],[-122.967105,46.117307],[-122.966998,46.117291],[-122.966989,46.11705],[-122.966943,46.117023],[-122.966869,46.117021],[-122.966834,46.11694],[-122.96674,46.116931],[-122.966711,46.116853],[-122.96661,46.116841],[-122.966607,46.116776],[-122.966571,46.116744],[-122.966386,46.11676],[-122.966351,46.116841],[-122.965759,46.116843],[-122.96571,46.116874],[-122.965704,46.116931],[-122.96563,46.116933],[-122.965584,46.116959],[-122.965592,46.117271],[-122.965704,46.117291],[-122.965722,46.117361],[-122.965833,46.117381],[-122.965851,46.117451],[-122.965963,46.117471],[-122.965976,46.117537],[-122.966092,46.117561],[-122.966127,46.117642],[-122.966351,46.117651],[-122.966374,46.117725],[-122.96648,46.117741],[-122.966493,46.117897],[-122.966609,46.117921],[-122.966627,46.117991],[-122.966739,46.118011],[-122.966752,46.118077],[-122.966868,46.118101],[-122.966872,46.118153],[-122.966909,46.118185],[-122.967256,46.118191],[-122.967325,46.118215],[-122.967487,46.118179],[-122.967515,46.118101],[-122.967597,46.118097],[-122.967639,46.118068],[-122.967645,46.117921],[-122.967726,46.117917],[-122.967771,46.117883],[-122.967761,46.117765],[-122.967645,46.117741]],[[-122.965961,46.121341],[-122.965926,46.121378],[-122.965941,46.121418],[-122.966,46.121444],[-122.966057,46.121435],[-122.966088,46.121401],[-122.966077,46.121352],[-122.966022,46.121327],[-122.965961,46.121341]],[[-122.96635,46.12359],[-122.966381,46.123538],[-122.966325,46.123427],[-122.966179,46.123398],[-122.966116,46.12341],[-122.966069,46.12353],[-122.96609,46.123574],[-122.966279,46.123615],[-122.96635,46.12359]],[[-122.966788,46.121881],[-122.966865,46.121838],[-122.966849,46.121631],[-122.966737,46.121611],[-122.966731,46.121554],[-122.966682,46.121523],[-122.966356,46.121534],[-122.966329,46.121577],[-122.966366,46.121681],[-122.966478,46.121701],[-122.966491,46.121767],[-122.966607,46.121791],[-122.966642,46.121872],[-122.966788,46.121881]],[[-122.967287,46.123284],[-122.967236,46.123161],[-122.967124,46.123141],[-122.967111,46.123075],[-122.966995,46.123051],[-122.966989,46.122995],[-122.96694,46.122963],[-122.966777,46.122967],[-122.966739,46.122999],[-122.966736,46.123051],[-122.966654,46.123055],[-122.96661,46.123089],[-122.966592,46.123286],[-122.966641,46.123319],[-122.966736,46.123321],[-122.966742,46.123378],[-122.966791,46.123409],[-122.967212,46.123405],[-122.967287,46.123284]],[[-122.966657,46.119087],[-122.9668,46.119104],[-122.966855,46.11908],[-122.966864,46.118949],[-122.966813,46.118913],[-122.966664,46.118913],[-122.966612,46.118949],[-122.966612,46.119053],[-122.966657,46.119087]],[[-122.969228,46.125535],[-122.969171,46.125318],[-122.968935,46.125302],[-122.968912,46.125228],[-122.968806,46.125212],[-122.968788,46.125141],[-122.968676,46.125122],[-122.968642,46.125041],[-122.968547,46.125032],[-122.968518,46.124954],[-122.968418,46.124942],[-122.968389,46.124864],[-122.968288,46.124852],[-122.968288,46.12463],[-122.96826,46.124594],[-122.968084,46.124584],[-122.968035,46.124615],[-122.968029,46.124671],[-122.9679,46.124671],[-122.9679,46.124582],[-122.967981,46.124577],[-122.968026,46.124543],[-122.96803,46.124402],[-122.96813,46.124389],[-122.968159,46.124312],[-122.968254,46.124302],[-122.968289,46.124222],[-122.96837,46.124217],[-122.968412,46.124188],[-122.968453,46.124089],[-122.968418,46.124042],[-122.968418,46.123862],[-122.96852,46.123857],[-122.968566,46.123817],[-122.968535,46.123616],[-122.968418,46.123592],[-122.968412,46.123535],[-122.96837,46.123506],[-122.9681,46.123502],[-122.968039,46.12353],[-122.96803,46.123591],[-122.967918,46.123611],[-122.9679,46.123681],[-122.967417,46.12369],[-122.967383,46.123771],[-122.967282,46.123784],[-122.967253,46.123861],[-122.967158,46.12387],[-122.967124,46.123951],[-122.967042,46.123955],[-122.966998,46.12399],[-122.967,46.124188],[-122.967042,46.124217],[-122.967124,46.124223],[-122.967123,46.124311],[-122.967035,46.124318],[-122.966995,46.124355],[-122.967007,46.124557],[-122.967123,46.124581],[-122.967136,46.124647],[-122.967253,46.124671],[-122.967256,46.124723],[-122.967294,46.124755],[-122.967511,46.124761],[-122.967534,46.124836],[-122.967641,46.124851],[-122.967658,46.124922],[-122.96777,46.124942],[-122.967805,46.125022],[-122.9679,46.125032],[-122.967928,46.125109],[-122.968029,46.125122],[-122.968057,46.125199],[-122.968158,46.125212],[-122.968187,46.125289],[-122.968288,46.125302],[-122.968316,46.125379],[-122.968417,46.125392],[-122.96844,46.125466],[-122.968676,46.125482],[-122.968689,46.125548],[-122.968805,46.125572],[-122.96884,46.125653],[-122.968996,46.125686],[-122.969159,46.125653],[-122.969228,46.125535]],[[-122.967904,46.121883],[-122.967892,46.12173],[-122.967846,46.121704],[-122.967772,46.121701],[-122.967763,46.121627],[-122.96769,46.121598],[-122.967536,46.121627],[-122.967513,46.121701],[-122.967397,46.121725],[-122.967384,46.121791],[-122.96703,46.1218],[-122.966997,46.121835],[-122.966996,46.121936],[-122.967063,46.121985],[-122.967384,46.121971],[-122.967387,46.122023],[-122.967425,46.122055],[-122.967642,46.122061],[-122.967711,46.122085],[-122.967888,46.122037],[-122.967936,46.121929],[-122.967904,46.121883]],[[-122.967258,46.117021],[-122.967276,46.116976],[-122.967243,46.116941],[-122.96717,46.116932],[-122.96712,46.116956],[-122.96711,46.116998],[-122.967146,46.117035],[-122.967204,46.117045],[-122.967258,46.117021]],[[-122.967767,46.119958],[-122.967792,46.119856],[-122.967759,46.119821],[-122.96757,46.119814],[-122.967518,46.11985],[-122.967518,46.119953],[-122.967569,46.119989],[-122.967718,46.119989],[-122.967767,46.119958]],[[-122.97075,46.120802],[-122.970824,46.1208],[-122.97087,46.120774],[-122.970861,46.120642],[-122.970809,46.120622],[-122.970675,46.120624],[-122.970626,46.120655],[-122.97062,46.120712],[-122.970491,46.120712],[-122.970468,46.120638],[-122.970361,46.120622],[-122.970327,46.120541],[-122.970232,46.120532],[-122.970232,46.120442],[-122.970267,46.1204],[-122.970247,46.120361],[-122.970171,46.120328],[-122.970103,46.120352],[-122.969973,46.120352],[-122.969973,46.120262],[-122.970008,46.120214],[-122.96997,46.12012],[-122.969925,46.120086],[-122.969844,46.120082],[-122.969838,46.120025],[-122.969796,46.119996],[-122.969646,46.119968],[-122.969585,46.119992],[-122.969367,46.119998],[-122.96933,46.12003],[-122.969326,46.120082],[-122.969245,46.120086],[-122.969203,46.120115],[-122.969197,46.120262],[-122.969067,46.120262],[-122.969067,46.120082],[-122.9691,46.120023],[-122.969045,46.119918],[-122.968938,46.1199],[-122.968938,46.119722],[-122.96905,46.119702],[-122.969102,46.119595],[-122.969062,46.119485],[-122.96902,46.119456],[-122.968742,46.119453],[-122.968689,46.11948],[-122.968679,46.119542],[-122.968455,46.119551],[-122.96842,46.119631],[-122.968339,46.119636],[-122.968297,46.119665],[-122.968291,46.119811],[-122.96819,46.119824],[-122.968161,46.119901],[-122.968067,46.119911],[-122.968032,46.119991],[-122.967951,46.119996],[-122.967908,46.120025],[-122.967899,46.120241],[-122.967952,46.120261],[-122.968161,46.120262],[-122.968161,46.120441],[-122.968126,46.120489],[-122.968179,46.120602],[-122.968352,46.120646],[-122.96842,46.120622],[-122.968549,46.120622],[-122.968567,46.120872],[-122.968679,46.120892],[-122.968696,46.120962],[-122.968808,46.120982],[-122.968821,46.121048],[-122.968937,46.121072],[-122.968972,46.121153],[-122.969196,46.121162],[-122.969199,46.121227],[-122.969242,46.121261],[-122.969556,46.12124],[-122.969585,46.121162],[-122.969679,46.121153],[-122.969714,46.121072],[-122.969788,46.12107],[-122.969834,46.121043],[-122.969844,46.120892],[-122.969973,46.120892],[-122.969979,46.120949],[-122.970028,46.12098],[-122.970232,46.120982],[-122.970237,46.121052],[-122.970285,46.121083],[-122.970701,46.121068],[-122.970749,46.121023],[-122.97075,46.120802]],[[-122.968824,46.118517],[-122.968792,46.118391],[-122.96868,46.118372],[-122.968646,46.118291],[-122.968551,46.118281],[-122.968522,46.118204],[-122.968374,46.118178],[-122.968309,46.118198],[-122.968292,46.118497],[-122.96832,46.118539],[-122.968767,46.118551],[-122.968824,46.118517]],[[-122.968588,46.124935],[-122.968738,46.124955],[-122.968793,46.124931],[-122.968804,46.124805],[-122.968758,46.124766],[-122.968607,46.124749],[-122.96855,46.124786],[-122.968548,46.124898],[-122.968588,46.124935]],[[-122.969246,46.124762],[-122.969322,46.124718],[-122.969306,46.124512],[-122.969254,46.124492],[-122.969065,46.124492],[-122.969059,46.124435],[-122.96901,46.124404],[-122.968834,46.124414],[-122.968806,46.124456],[-122.968823,46.124742],[-122.968876,46.124761],[-122.969246,46.124762]],[[-122.969721,46.122757],[-122.969679,46.122611],[-122.969524,46.122602],[-122.969463,46.12263],[-122.969454,46.122692],[-122.969195,46.122692],[-122.969119,46.122668],[-122.969046,46.122705],[-122.969032,46.122745],[-122.969094,46.12286],[-122.969271,46.122895],[-122.969325,46.122872],[-122.969549,46.122863],[-122.969584,46.122782],[-122.969678,46.122779],[-122.969721,46.122757]],[[-122.969717,46.121343],[-122.969638,46.121318],[-122.969468,46.121366],[-122.969455,46.121522],[-122.969366,46.121528],[-122.969327,46.121565],[-122.969327,46.121672],[-122.969359,46.121706],[-122.969543,46.121695],[-122.969581,46.121664],[-122.969584,46.121612],[-122.969701,46.121588],[-122.969714,46.121432],[-122.969748,46.12139],[-122.969717,46.121343]],[[-122.969973,46.126113],[-122.969894,46.126088],[-122.969703,46.126137],[-122.969711,46.126333],[-122.969752,46.126376],[-122.96992,46.126382],[-122.969978,46.126357],[-122.96997,46.126202],[-122.970005,46.126154],[-122.969973,46.126113]],[[-122.971006,46.124942],[-122.971088,46.124938],[-122.97113,46.124909],[-122.971113,46.124778],[-122.970877,46.124762],[-122.970859,46.124692],[-122.970748,46.124672],[-122.970713,46.124591],[-122.970618,46.124582],[-122.97059,46.124504],[-122.970359,46.124492],[-122.970346,46.124426],[-122.970282,46.124402],[-122.970143,46.124403],[-122.970097,46.124423],[-122.9701,46.124672],[-122.969999,46.124684],[-122.969971,46.124762],[-122.969876,46.124771],[-122.969841,46.124852],[-122.969732,46.124859],[-122.969692,46.124902],[-122.969718,46.124999],[-122.96976,46.125028],[-122.9701,46.125032],[-122.970118,46.125192],[-122.970229,46.125212],[-122.970264,46.125293],[-122.97042,46.125326],[-122.970595,46.125286],[-122.970618,46.125212],[-122.970719,46.1252],[-122.970747,46.125122],[-122.970842,46.125113],[-122.970877,46.125032],[-122.970989,46.125013],[-122.971006,46.124942]],[[-122.969765,46.125583],[-122.969957,46.125548],[-122.969967,46.12543],[-122.969915,46.125394],[-122.969767,46.125394],[-122.969713,46.125435],[-122.969715,46.125547],[-122.969765,46.125583]],[[-122.969894,46.123862],[-122.969968,46.123824],[-122.969962,46.123711],[-122.969909,46.123683],[-122.969754,46.123688],[-122.969714,46.123725],[-122.969722,46.123833],[-122.969775,46.123861],[-122.969894,46.123862]],[[-122.970022,46.125932],[-122.970096,46.125894],[-122.97009,46.125781],[-122.970037,46.125753],[-122.969882,46.125758],[-122.969842,46.125795],[-122.96985,46.125903],[-122.969903,46.125931],[-122.970022,46.125932]],[[-122.970234,46.122153],[-122.970162,46.122128],[-122.969995,46.122168],[-122.969972,46.122292],[-122.969999,46.122333],[-122.970062,46.122345],[-122.970208,46.122316],[-122.970265,46.122205],[-122.970234,46.122153]],[[-122.970105,46.126055],[-122.970081,46.126157],[-122.970113,46.126193],[-122.970303,46.1262],[-122.970355,46.126164],[-122.970355,46.12606],[-122.970303,46.126024],[-122.970155,46.126024],[-122.970105,46.126055]],[[-122.971006,46.125842],[-122.970983,46.125768],[-122.970876,46.125752],[-122.970875,46.125616],[-122.970828,46.125576],[-122.970659,46.125579],[-122.970621,46.125611],[-122.970617,46.125662],[-122.970501,46.125686],[-122.970488,46.125932],[-122.970455,46.12599],[-122.970501,46.126088],[-122.970617,46.126112],[-122.970652,46.126193],[-122.970835,46.126196],[-122.970873,46.126164],[-122.970876,46.126112],[-122.970992,46.126088],[-122.971006,46.126022],[-122.971122,46.125998],[-122.971126,46.125871],[-122.97108,46.125845],[-122.971006,46.125842]],[[-122.971656,46.125282],[-122.971653,46.125081],[-122.971625,46.125045],[-122.971311,46.12501],[-122.971164,46.125045],[-122.971135,46.125122],[-122.971041,46.125131],[-122.971006,46.125212],[-122.970894,46.125232],[-122.97088,46.125354],[-122.970924,46.125388],[-122.971006,46.125392],[-122.971012,46.125449],[-122.971054,46.125478],[-122.971339,46.12548],[-122.971388,46.125449],[-122.971394,46.125392],[-122.971511,46.125368],[-122.971524,46.125303],[-122.971656,46.125282]],[[-122.971784,46.122823],[-122.971716,46.122769],[-122.971553,46.122795],[-122.971525,46.122872],[-122.971443,46.122876],[-122.971401,46.122906],[-122.971412,46.123046],[-122.971478,46.123066],[-122.971626,46.12304],[-122.971654,46.122962],[-122.971729,46.12296],[-122.971775,46.122934],[-122.971784,46.122823]],[[-122.971803,46.121927],[-122.971771,46.121816],[-122.971655,46.121792],[-122.971621,46.121712],[-122.971471,46.121689],[-122.971409,46.121713],[-122.971402,46.121849],[-122.971444,46.121878],[-122.971525,46.121882],[-122.97156,46.121963],[-122.971764,46.121966],[-122.971803,46.121927]],[[-122.971782,46.127053],[-122.971721,46.127],[-122.971557,46.127022],[-122.971523,46.127061],[-122.971536,46.127168],[-122.971593,46.127192],[-122.971747,46.127183],[-122.97178,46.127149],[-122.971782,46.127053]],[[-122.972222,46.127463],[-122.972296,46.127424],[-122.972282,46.127302],[-122.97217,46.127283],[-122.972164,46.127226],[-122.972122,46.127197],[-122.971919,46.127205],[-122.971891,46.127248],[-122.971929,46.127353],[-122.97204,46.127373],[-122.972044,46.127424],[-122.972081,46.127456],[-122.972222,46.127463]],[[-122.972164,46.126529],[-122.972189,46.126428],[-122.97215,46.126389],[-122.971959,46.126387],[-122.971913,46.126426],[-122.971917,46.126543],[-122.971979,46.126576],[-122.972122,46.126558],[-122.972164,46.126529]],[[-122.972224,46.122603],[-122.9723,46.122559],[-122.972298,46.122371],[-122.972247,46.122335],[-122.972098,46.122335],[-122.972044,46.122376],[-122.972046,46.122564],[-122.972098,46.1226],[-122.972224,46.122603]],[[-122.972464,46.124186],[-122.972425,46.124076],[-122.972389,46.124049],[-122.972213,46.124049],[-122.972175,46.124081],[-122.972171,46.124133],[-122.972097,46.124135],[-122.972051,46.124161],[-122.972051,46.124284],[-122.972097,46.12431],[-122.972171,46.124313],[-122.972175,46.124364],[-122.972212,46.124396],[-122.972391,46.12441],[-122.972429,46.124373],[-122.97243,46.124223],[-122.972464,46.124186]],[[-122.972448,46.127058],[-122.972423,46.126956],[-122.972374,46.126925],[-122.972212,46.126924],[-122.972153,46.126962],[-122.972176,46.127069],[-122.972225,46.1271],[-122.972415,46.127093],[-122.972448,46.127058]],[[-122.97222,46.122148],[-122.972364,46.122166],[-122.972419,46.122142],[-122.972428,46.122011],[-122.972376,46.121975],[-122.972228,46.121975],[-122.972176,46.122011],[-122.972176,46.122114],[-122.97222,46.122148]],[[-122.97261,46.127283],[-122.972684,46.127244],[-122.972679,46.127131],[-122.972625,46.127104],[-122.972468,46.127096],[-122.972429,46.127138],[-122.972438,46.127254],[-122.972491,46.127282],[-122.97261,46.127283]],[[-122.972707,46.122743],[-122.972687,46.122641],[-122.972649,46.122609],[-122.972479,46.122607],[-122.972433,46.122646],[-122.972437,46.122763],[-122.972499,46.122796],[-122.972662,46.122778],[-122.972707,46.122743]],[[-122.973614,46.123728],[-122.973578,46.123613],[-122.973466,46.123593],[-122.973432,46.123512],[-122.973337,46.123503],[-122.973308,46.123425],[-122.973078,46.123413],[-122.973078,46.123323],[-122.973179,46.123311],[-122.973208,46.123233],[-122.973308,46.123221],[-122.973337,46.123143],[-122.973438,46.123131],[-122.973466,46.123053],[-122.973555,46.123047],[-122.973594,46.123009],[-122.973587,46.122901],[-122.973541,46.122875],[-122.973467,46.122873],[-122.973444,46.122799],[-122.973263,46.122785],[-122.973214,46.122816],[-122.973208,46.122873],[-122.973091,46.122897],[-122.973078,46.122963],[-122.972966,46.122982],[-122.972949,46.123053],[-122.972837,46.123072],[-122.972819,46.123233],[-122.972724,46.123242],[-122.97269,46.123323],[-122.972578,46.123342],[-122.972528,46.123471],[-122.972595,46.123584],[-122.972819,46.123593],[-122.972842,46.123757],[-122.973078,46.123773],[-122.973084,46.123829],[-122.973133,46.12386],[-122.973302,46.123854],[-122.973337,46.123773],[-122.973575,46.123766],[-122.973614,46.123728]],[[-122.972815,46.126561],[-122.972764,46.126539],[-122.972706,46.126549],[-122.972669,46.126592],[-122.972685,46.126632],[-122.972738,46.126652],[-122.97281,46.12664],[-122.972837,46.126602],[-122.972815,46.126561]],[[-122.972947,46.125433],[-122.97292,46.125392],[-122.972865,46.125379],[-122.972803,46.125402],[-122.972783,46.125441],[-122.972809,46.125478],[-122.972872,46.125497],[-122.972931,46.125476],[-122.972947,46.125433]],[[-122.97284,46.127537],[-122.973145,46.127565],[-122.9732,46.127533],[-122.973183,46.127389],[-122.973128,46.127373],[-122.97284,46.127389],[-122.972817,46.127427],[-122.97284,46.127537]],[[-122.973646,46.126563],[-122.97372,46.126525],[-122.973706,46.126403],[-122.973594,46.126383],[-122.973577,46.126313],[-122.973465,46.126293],[-122.973452,46.126227],[-122.973336,46.126203],[-122.973301,46.126122],[-122.973084,46.126126],[-122.973057,46.126169],[-122.973094,46.126273],[-122.973206,46.126293],[-122.97324,46.126374],[-122.973335,46.126383],[-122.973364,46.126461],[-122.973465,46.126473],[-122.973493,46.126551],[-122.973646,46.126563]],[[-122.973724,46.124713],[-122.973657,46.12466],[-122.973336,46.124673],[-122.97332,46.12459],[-122.973438,46.124579],[-122.97348,46.124548],[-122.973463,46.124428],[-122.973391,46.124389],[-122.973235,46.124415],[-122.973207,46.124452],[-122.973223,46.124575],[-122.973112,46.124592],[-122.973077,46.124637],[-122.973081,46.124814],[-122.973125,46.124849],[-122.973207,46.124853],[-122.973224,46.125013],[-122.973277,46.125033],[-122.973465,46.125033],[-122.973526,46.125057],[-122.973696,46.125021],[-122.973724,46.124984],[-122.973724,46.124713]],[[-122.973444,46.122317],[-122.973484,46.122103],[-122.973439,46.122067],[-122.973231,46.122079],[-122.973173,46.122195],[-122.973231,46.122317],[-122.973286,46.122333],[-122.973444,46.122317]],[[-122.973229,46.125827],[-122.973534,46.125855],[-122.973589,46.125823],[-122.973572,46.125679],[-122.973517,46.125663],[-122.973229,46.125679],[-122.973206,46.125717],[-122.973229,46.125827]],[[-122.9776,46.129771],[-122.977625,46.129674],[-122.977604,46.12964],[-122.977476,46.129624],[-122.97746,46.129451],[-122.977565,46.129437],[-122.977604,46.1294],[-122.977604,46.129307],[-122.977565,46.12927],[-122.977429,46.12925],[-122.977374,46.129263],[-122.977347,46.129304],[-122.977363,46.129436],[-122.97724,46.12946],[-122.977217,46.129534],[-122.977088,46.129534],[-122.97707,46.129463],[-122.976958,46.129444],[-122.976924,46.129363],[-122.976829,46.129354],[-122.976801,46.129276],[-122.9767,46.129264],[-122.976671,46.129186],[-122.976441,46.129174],[-122.97644,46.129042],[-122.976406,46.129003],[-122.976237,46.128996],[-122.976188,46.129027],[-122.976182,46.129084],[-122.976053,46.129083],[-122.976039,46.129018],[-122.975923,46.128993],[-122.975889,46.128913],[-122.975699,46.128906],[-122.975644,46.128954],[-122.975677,46.129059],[-122.975793,46.129084],[-122.975828,46.129164],[-122.975923,46.129174],[-122.975951,46.129251],[-122.976052,46.129264],[-122.976052,46.129353],[-122.975923,46.129353],[-122.9759,46.129279],[-122.975794,46.129263],[-122.975776,46.129193],[-122.975664,46.129173],[-122.97563,46.129093],[-122.975535,46.129083],[-122.975506,46.129006],[-122.975405,46.128993],[-122.975377,46.128916],[-122.975276,46.128903],[-122.97526,46.128821],[-122.975311,46.128771],[-122.975285,46.128728],[-122.975193,46.128714],[-122.975148,46.128753],[-122.975162,46.128806],[-122.975017,46.128813],[-122.974994,46.128739],[-122.974888,46.128723],[-122.974853,46.128642],[-122.974758,46.128633],[-122.974758,46.128453],[-122.974833,46.128451],[-122.974879,46.128425],[-122.974888,46.128273],[-122.975017,46.128273],[-122.975035,46.128344],[-122.975147,46.128363],[-122.975164,46.128434],[-122.975276,46.128453],[-122.975294,46.128524],[-122.975405,46.128543],[-122.975415,46.128605],[-122.975468,46.128632],[-122.975664,46.128634],[-122.975733,46.128658],[-122.975882,46.128627],[-122.975922,46.12859],[-122.975923,46.128454],[-122.976005,46.128449],[-122.976047,46.12842],[-122.976049,46.128312],[-122.97599,46.128275],[-122.975828,46.128283],[-122.975794,46.128363],[-122.975535,46.128363],[-122.975513,46.128186],[-122.97546,46.12817],[-122.975276,46.128183],[-122.975276,46.128093],[-122.975311,46.128046],[-122.975242,46.127922],[-122.974888,46.127913],[-122.97486,46.127836],[-122.974629,46.127823],[-122.974626,46.127772],[-122.974588,46.12774],[-122.974439,46.127709],[-122.97437,46.127733],[-122.974241,46.127733],[-122.974212,46.127655],[-122.974065,46.127629],[-122.973991,46.127658],[-122.973982,46.127733],[-122.97387,46.127753],[-122.973852,46.127823],[-122.973534,46.127823],[-122.973477,46.127847],[-122.973465,46.128139],[-122.973505,46.128177],[-122.973593,46.128183],[-122.973593,46.128273],[-122.973487,46.128289],[-122.973464,46.128363],[-122.97328,46.128349],[-122.973227,46.128366],[-122.973205,46.128403],[-122.973218,46.128519],[-122.973334,46.128543],[-122.973369,46.128624],[-122.973464,46.128633],[-122.973492,46.128711],[-122.973593,46.128723],[-122.973621,46.128801],[-122.973722,46.128813],[-122.973751,46.128891],[-122.973852,46.128903],[-122.97388,46.128981],[-122.973981,46.128993],[-122.97401,46.129071],[-122.97424,46.129083],[-122.974263,46.129157],[-122.974369,46.129173],[-122.974387,46.129243],[-122.974499,46.129263],[-122.974533,46.129344],[-122.974628,46.129353],[-122.974657,46.129431],[-122.974758,46.129443],[-122.974786,46.129521],[-122.974887,46.129533],[-122.974916,46.129611],[-122.975017,46.129623],[-122.975045,46.129701],[-122.975146,46.129713],[-122.975174,46.129791],[-122.975405,46.129803],[-122.975422,46.129874],[-122.975534,46.129894],[-122.975552,46.129964],[-122.975664,46.129984],[-122.975677,46.130049],[-122.975793,46.130074],[-122.975828,46.130154],[-122.976052,46.130164],[-122.976058,46.13031],[-122.9761,46.130339],[-122.976181,46.130344],[-122.976216,46.130424],[-122.976535,46.130425],[-122.976569,46.130385],[-122.97657,46.130254],[-122.976676,46.130238],[-122.976699,46.130164],[-122.976896,46.130163],[-122.976949,46.130135],[-122.976958,46.129894],[-122.977171,46.129903],[-122.977214,46.129869],[-122.977217,46.129804],[-122.977558,46.1298],[-122.9776,46.129771]],[[-122.973904,46.127283],[-122.973979,46.127245],[-122.973973,46.127132],[-122.97392,46.127104],[-122.973763,46.127096],[-122.973724,46.127138],[-122.973732,46.127254],[-122.973786,46.127282],[-122.973904,46.127283]],[[-122.974372,46.124983],[-122.974304,46.12493],[-122.974038,46.124945],[-122.973989,46.124976],[-122.973972,46.125044],[-122.973868,46.125042],[-122.973838,46.125105],[-122.973915,46.125147],[-122.973994,46.125112],[-122.974316,46.125121],[-122.974368,46.125085],[-122.974372,46.124983]],[[-122.974517,46.127063],[-122.974482,46.126943],[-122.974371,46.126923],[-122.974336,46.126842],[-122.974241,46.126833],[-122.974213,46.126755],[-122.974112,46.126743],[-122.974083,46.126665],[-122.973936,46.126639],[-122.97387,46.12666],[-122.973866,46.126809],[-122.973982,46.126833],[-122.974017,46.126914],[-122.974112,46.126923],[-122.97414,46.127001],[-122.974241,46.127013],[-122.974269,46.127091],[-122.974473,46.127099],[-122.974517,46.127063]],[[-122.974379,46.124468],[-122.974366,46.124346],[-122.974324,46.124317],[-122.974023,46.124306],[-122.973984,46.124348],[-122.973993,46.124554],[-122.974046,46.124582],[-122.974201,46.124577],[-122.974239,46.124545],[-122.974242,46.124493],[-122.974337,46.124491],[-122.974379,46.124468]],[[-122.974372,46.124133],[-122.974453,46.124129],[-122.974498,46.124095],[-122.974498,46.123991],[-122.974446,46.123955],[-122.974284,46.123959],[-122.974246,46.123991],[-122.974242,46.124043],[-122.974141,46.124047],[-122.974096,46.124083],[-122.974119,46.12419],[-122.974168,46.124221],[-122.974337,46.124214],[-122.974372,46.124133]],[[-122.974293,46.126383],[-122.974368,46.126345],[-122.974362,46.126232],[-122.974308,46.126204],[-122.974153,46.126209],[-122.974114,46.126247],[-122.974121,46.126355],[-122.974174,46.126382],[-122.974293,46.126383]],[[-122.975408,46.122603],[-122.975395,46.122537],[-122.975279,46.122513],[-122.975244,46.122432],[-122.97502,46.122423],[-122.974985,46.122342],[-122.974839,46.122333],[-122.974774,46.122357],[-122.974761,46.122423],[-122.974531,46.122435],[-122.974491,46.122524],[-122.974278,46.122522],[-122.974223,46.122643],[-122.974278,46.122691],[-122.974432,46.122693],[-122.974493,46.122665],[-122.974513,46.122592],[-122.974631,46.122603],[-122.974637,46.12266],[-122.974679,46.122689],[-122.97502,46.122693],[-122.975023,46.122745],[-122.975061,46.122777],[-122.975279,46.122783],[-122.975347,46.122807],[-122.975496,46.122777],[-122.975536,46.12274],[-122.975524,46.122627],[-122.975408,46.122603]],[[-122.977406,46.126564],[-122.977331,46.126604],[-122.977348,46.126744],[-122.977218,46.126744],[-122.977205,46.126678],[-122.977141,46.126654],[-122.976878,46.126658],[-122.976836,46.126687],[-122.976819,46.126755],[-122.976571,46.126744],[-122.976554,46.126673],[-122.976442,46.126654],[-122.976407,46.126573],[-122.976312,46.126563],[-122.976284,46.126486],[-122.976183,46.126473],[-122.976155,46.126396],[-122.976054,46.126383],[-122.976025,46.126306],[-122.975924,46.126293],[-122.975896,46.126216],[-122.975795,46.126203],[-122.975772,46.126129],[-122.975536,46.126113],[-122.975513,46.126039],[-122.975407,46.126023],[-122.975389,46.125953],[-122.975277,46.125933],[-122.975243,46.125852],[-122.975148,46.125843],[-122.975119,46.125766],[-122.975018,46.125753],[-122.975019,46.125483],[-122.975113,46.125474],[-122.975148,46.125393],[-122.97526,46.125374],[-122.975272,46.125247],[-122.97523,46.125217],[-122.975148,46.125213],[-122.975135,46.125147],[-122.975019,46.125123],[-122.975013,46.125067],[-122.974971,46.125037],[-122.974821,46.125009],[-122.974648,46.125053],[-122.974596,46.125166],[-122.97463,46.125213],[-122.97463,46.125393],[-122.974556,46.125395],[-122.97451,46.125422],[-122.974501,46.125573],[-122.974406,46.125582],[-122.974371,46.125663],[-122.974255,46.125687],[-122.974251,46.125815],[-122.974297,46.125841],[-122.974371,46.125843],[-122.974406,46.125924],[-122.9745,46.125933],[-122.974529,46.126011],[-122.97463,46.126023],[-122.974658,46.126101],[-122.974759,46.126113],[-122.974788,46.126191],[-122.974889,46.126203],[-122.974917,46.126281],[-122.975018,46.126293],[-122.975045,46.126384],[-122.975277,46.126383],[-122.9753,46.126548],[-122.975536,46.126563],[-122.975553,46.126634],[-122.975665,46.126653],[-122.9757,46.126734],[-122.975794,46.126744],[-122.975823,46.126821],[-122.975924,46.126834],[-122.975952,46.126911],[-122.976053,46.126924],[-122.976082,46.127001],[-122.976183,46.127014],[-122.976211,46.127091],[-122.976401,46.127097],[-122.976438,46.127065],[-122.976442,46.127014],[-122.976571,46.127014],[-122.97664,46.127038],[-122.97681,46.127007],[-122.976849,46.126969],[-122.976841,46.126823],[-122.977089,46.126834],[-122.977092,46.126885],[-122.97713,46.126917],[-122.977348,46.126924],[-122.977354,46.12698],[-122.977403,46.127011],[-122.977572,46.127005],[-122.977606,46.126965],[-122.977603,46.126602],[-122.977552,46.126566],[-122.977406,46.126564]],[[-122.974502,46.123683],[-122.97452,46.123638],[-122.974488,46.123603],[-122.974414,46.123594],[-122.974364,46.123618],[-122.974354,46.12366],[-122.974391,46.123697],[-122.974448,46.123707],[-122.974502,46.123683]],[[-122.974684,46.121973],[-122.974758,46.121935],[-122.974744,46.121813],[-122.974632,46.121793],[-122.974626,46.121736],[-122.974584,46.121707],[-122.974401,46.121715],[-122.974373,46.121757],[-122.974391,46.121953],[-122.974443,46.121973],[-122.974684,46.121973]],[[-122.975166,46.126788],[-122.975134,46.126677],[-122.975018,46.126653],[-122.975015,46.126602],[-122.974977,46.12657],[-122.974809,46.126564],[-122.974748,46.126593],[-122.974768,46.126715],[-122.974814,46.126741],[-122.974888,46.126743],[-122.974892,46.126795],[-122.974929,46.126827],[-122.975127,46.126827],[-122.975166,46.126788]],[[-122.975052,46.127544],[-122.975216,46.127566],[-122.975268,46.127538],[-122.975267,46.127402],[-122.975221,46.127376],[-122.975147,46.127373],[-122.975144,46.127322],[-122.975106,46.12729],[-122.974928,46.127276],[-122.974889,46.127318],[-122.974897,46.127435],[-122.974943,46.127461],[-122.975017,46.127463],[-122.975052,46.127544]],[[-122.975278,46.124313],[-122.975297,46.124268],[-122.975264,46.124233],[-122.975191,46.124224],[-122.975141,46.124248],[-122.975131,46.12429],[-122.975167,46.124327],[-122.975225,46.124337],[-122.975278,46.124313]],[[-122.97541,46.124135],[-122.975353,46.12412],[-122.975295,46.12414],[-122.975278,46.124188],[-122.975305,46.124224],[-122.975368,46.124236],[-122.975427,46.12421],[-122.975441,46.12417],[-122.97541,46.124135]],[[-122.97557,46.127904],[-122.975734,46.127926],[-122.975785,46.127898],[-122.975785,46.127762],[-122.975739,46.127736],[-122.975665,46.127733],[-122.975661,46.127682],[-122.975624,46.12765],[-122.975447,46.12765],[-122.975407,46.127687],[-122.975415,46.127795],[-122.975461,46.127821],[-122.975535,46.127823],[-122.97557,46.127904]],[[-122.975798,46.124765],[-122.975803,46.124518],[-122.975746,46.124494],[-122.975578,46.1245],[-122.975537,46.124542],[-122.975536,46.124853],[-122.975455,46.124857],[-122.975413,46.124887],[-122.97543,46.125018],[-122.975485,46.125033],[-122.975643,46.125018],[-122.975666,46.124943],[-122.975747,46.124939],[-122.975789,46.12491],[-122.97583,46.124811],[-122.975798,46.124765]],[[-122.976462,46.125073],[-122.976442,46.124812],[-122.976402,46.12477],[-122.976225,46.12477],[-122.976187,46.124802],[-122.976184,46.124853],[-122.975966,46.12486],[-122.975925,46.124902],[-122.975938,46.125009],[-122.975995,46.125033],[-122.976184,46.125034],[-122.976199,46.125116],[-122.975795,46.125123],[-122.975727,46.125099],[-122.975577,46.12513],[-122.975502,46.125256],[-122.975545,46.125365],[-122.975606,46.125393],[-122.976054,46.125394],[-122.976057,46.125459],[-122.976093,46.12549],[-122.976272,46.125477],[-122.97631,46.125445],[-122.976313,46.125394],[-122.976394,46.125389],[-122.976439,46.125355],[-122.976436,46.125247],[-122.976394,46.125218],[-122.976313,46.125213],[-122.976297,46.125131],[-122.976441,46.125107],[-122.976462,46.125073]],[[-122.97607,46.123019],[-122.976042,46.122807],[-122.975849,46.12276],[-122.975701,46.122792],[-122.975667,46.122873],[-122.975555,46.122893],[-122.975539,46.123023],[-122.975605,46.123067],[-122.976013,46.123052],[-122.97607,46.123019]],[[-122.976865,46.124187],[-122.976818,46.124068],[-122.976702,46.124044],[-122.976679,46.123969],[-122.976443,46.123953],[-122.97643,46.123888],[-122.976314,46.123863],[-122.97631,46.123812],[-122.976273,46.12378],[-122.976055,46.123773],[-122.976046,46.123712],[-122.975992,46.123684],[-122.975838,46.123684],[-122.975788,46.123708],[-122.975813,46.123844],[-122.975925,46.123863],[-122.975943,46.123934],[-122.976055,46.123954],[-122.976072,46.124024],[-122.976184,46.124044],[-122.976202,46.124114],[-122.976313,46.124134],[-122.976326,46.1242],[-122.976443,46.124224],[-122.976446,46.124275],[-122.976484,46.124307],[-122.976641,46.124338],[-122.976797,46.124305],[-122.976865,46.124187]],[[-122.976105,46.127464],[-122.976179,46.127425],[-122.976173,46.127312],[-122.97612,46.127285],[-122.975965,46.12729],[-122.975925,46.127327],[-122.975933,46.127435],[-122.975986,46.127462],[-122.976105,46.127464]],[[-122.976329,46.128704],[-122.97651,46.128736],[-122.976565,46.128704],[-122.976569,46.128497],[-122.976515,46.128456],[-122.976374,46.128455],[-122.976317,46.128487],[-122.976278,46.128597],[-122.976329,46.128704]],[[-122.976442,46.125614],[-122.976415,46.125573],[-122.97636,46.12556],[-122.976298,46.125582],[-122.976278,46.125621],[-122.976304,46.125659],[-122.976367,46.125677],[-122.976425,46.125657],[-122.976442,46.125614]],[[-122.976978,46.127959],[-122.976953,46.127857],[-122.976904,46.127826],[-122.976755,46.127826],[-122.976704,46.127862],[-122.976703,46.127965],[-122.976755,46.128001],[-122.976945,46.127994],[-122.976978,46.127959]],[[-122.97698,46.122919],[-122.976955,46.122817],[-122.976906,46.122786],[-122.976757,46.122786],[-122.976706,46.122822],[-122.976706,46.122925],[-122.976757,46.122961],[-122.976947,46.122954],[-122.97698,46.122919]],[[-122.977011,46.128544],[-122.977085,46.128505],[-122.977071,46.128383],[-122.976959,46.128364],[-122.976953,46.128307],[-122.976911,46.128278],[-122.976728,46.128286],[-122.9767,46.128322],[-122.976718,46.128434],[-122.976829,46.128454],[-122.976833,46.128505],[-122.97687,46.128537],[-122.977011,46.128544]],[[-122.977348,46.126114],[-122.977325,46.12604],[-122.977219,46.126024],[-122.977217,46.125887],[-122.977178,46.12585],[-122.976771,46.125844],[-122.97671,46.125872],[-122.97671,46.126085],[-122.976756,46.126111],[-122.97683,46.126114],[-122.976865,46.126195],[-122.97696,46.126204],[-122.976975,46.126286],[-122.976871,46.1263],[-122.976832,46.126337],[-122.976832,46.12643],[-122.976871,46.126467],[-122.977014,46.126488],[-122.977072,46.126467],[-122.977089,46.126294],[-122.977219,46.126294],[-122.977287,46.126318],[-122.977455,46.126278],[-122.977472,46.126147],[-122.97743,46.126118],[-122.977348,46.126114]],[[-122.97916,46.126564],[-122.979142,46.126494],[-122.979031,46.126474],[-122.979013,46.126404],[-122.978901,46.126384],[-122.978884,46.126314],[-122.978772,46.126294],[-122.978754,46.126224],[-122.978643,46.126204],[-122.978629,46.126138],[-122.978513,46.126114],[-122.978479,46.126033],[-122.977866,46.126024],[-122.977843,46.12595],[-122.977737,46.125934],[-122.977723,46.125778],[-122.977591,46.125746],[-122.97759,46.12558],[-122.977532,46.12556],[-122.977348,46.125574],[-122.977348,46.125484],[-122.977383,46.125436],[-122.97732,46.125316],[-122.976908,46.125304],[-122.976848,46.125323],[-122.976844,46.12546],[-122.97696,46.125484],[-122.976995,46.125565],[-122.977089,46.125574],[-122.977118,46.125651],[-122.977219,46.125664],[-122.977242,46.125738],[-122.977493,46.125761],[-122.977479,46.12598],[-122.977519,46.126017],[-122.977607,46.126024],[-122.977607,46.126292],[-122.977533,46.126296],[-122.977487,46.126322],[-122.977458,46.126418],[-122.977479,46.126457],[-122.977535,46.126474],[-122.977714,46.126458],[-122.977736,46.126384],[-122.977818,46.12638],[-122.97786,46.126351],[-122.977866,46.126204],[-122.978125,46.126204],[-122.978125,46.126294],[-122.978024,46.126306],[-122.977995,46.126384],[-122.9779,46.126393],[-122.977866,46.126474],[-122.977791,46.126476],[-122.977745,46.126502],[-122.977738,46.1267],[-122.977799,46.126743],[-122.977995,46.126744],[-122.978018,46.126818],[-122.978124,46.126834],[-122.978138,46.1269],[-122.978254,46.126924],[-122.978282,46.127002],[-122.978383,46.127014],[-122.978384,46.127145],[-122.978412,46.127182],[-122.97873,46.127188],[-122.978768,46.127156],[-122.978772,46.127104],[-122.978888,46.12708],[-122.978901,46.127014],[-122.979013,46.126994],[-122.979031,46.126924],[-122.979142,46.126904],[-122.97916,46.126744],[-122.979255,46.126735],[-122.979289,46.12669],[-122.979276,46.126588],[-122.97916,46.126564]],[[-122.978124,46.127824],[-122.978206,46.12782],[-122.97825,46.127786],[-122.97825,46.127682],[-122.978198,46.127646],[-122.978023,46.127656],[-122.977995,46.127734],[-122.9779,46.127743],[-122.977865,46.127824],[-122.977753,46.127844],[-122.977736,46.127914],[-122.977477,46.127914],[-122.977454,46.12784],[-122.977347,46.127824],[-122.977348,46.127734],[-122.977449,46.12773],[-122.977496,46.127689],[-122.977471,46.127587],[-122.977414,46.127555],[-122.977266,46.127558],[-122.977224,46.127587],[-122.977218,46.127644],[-122.977001,46.127645],[-122.97694,46.127689],[-122.976977,46.127804],[-122.977088,46.127824],[-122.977106,46.127894],[-122.977218,46.127914],[-122.977236,46.127984],[-122.977347,46.128004],[-122.977365,46.128074],[-122.977477,46.128094],[-122.977486,46.128155],[-122.977539,46.128183],[-122.977837,46.128172],[-122.977865,46.128094],[-122.977939,46.128092],[-122.977985,46.128065],[-122.977995,46.127914],[-122.978101,46.127898],[-122.978124,46.127824]],[[-122.977366,46.128679],[-122.977341,46.128577],[-122.977292,46.128546],[-122.977143,46.128546],[-122.977092,46.128582],[-122.977091,46.128685],[-122.977143,46.128721],[-122.977333,46.128714],[-122.977366,46.128679]],[[-122.978125,46.124944],[-122.978324,46.124956],[-122.978375,46.124929],[-122.978378,46.124797],[-122.978322,46.124765],[-122.978125,46.124764],[-122.978119,46.124707],[-122.978077,46.124678],[-122.977419,46.124674],[-122.977358,46.124702],[-122.977349,46.124764],[-122.977274,46.124766],[-122.977228,46.124792],[-122.977219,46.124944],[-122.977184,46.124991],[-122.977273,46.125057],[-122.977349,46.125034],[-122.977607,46.125034],[-122.977611,46.125189],[-122.97769,46.125228],[-122.977843,46.125198],[-122.977866,46.125124],[-122.977961,46.125115],[-122.977996,46.125034],[-122.978108,46.125014],[-122.978125,46.124944]],[[-122.977864,46.125392],[-122.977813,46.12537],[-122.977755,46.12538],[-122.977717,46.125423],[-122.977733,46.125463],[-122.977787,46.125484],[-122.977859,46.125471],[-122.977886,46.125433],[-122.977864,46.125392]],[[-122.97812,46.124024],[-122.978144,46.123909],[-122.978112,46.123873],[-122.977922,46.123866],[-122.97787,46.123902],[-122.97787,46.124005],[-122.977922,46.124042],[-122.978072,46.124055],[-122.97812,46.124024]],[[-122.978668,46.130142],[-122.978635,46.130017],[-122.9786,46.12999],[-122.978382,46.129984],[-122.978402,46.12968],[-122.978375,46.129637],[-122.978171,46.129628],[-122.978129,46.129657],[-122.978123,46.129714],[-122.978011,46.129734],[-122.977959,46.129852],[-122.977994,46.129894],[-122.977994,46.130025],[-122.978022,46.130062],[-122.978253,46.130074],[-122.978256,46.130126],[-122.978294,46.130158],[-122.978511,46.130164],[-122.978573,46.130188],[-122.978668,46.130142]],[[-122.978773,46.124044],[-122.978769,46.123992],[-122.978732,46.12396],[-122.97859,46.12393],[-122.978526,46.123944],[-122.978479,46.124002],[-122.978514,46.124044],[-122.978537,46.124208],[-122.978704,46.124248],[-122.978879,46.124208],[-122.978896,46.124077],[-122.978854,46.124048],[-122.978773,46.124044]],[[-122.978812,46.128178],[-122.978962,46.128197],[-122.979017,46.128173],[-122.979029,46.128048],[-122.978982,46.128008],[-122.978832,46.127992],[-122.978774,46.128029],[-122.978773,46.128141],[-122.978812,46.128178]],[[-122.979179,46.125709],[-122.979155,46.125607],[-122.979105,46.125576],[-122.978944,46.125575],[-122.978884,46.125614],[-122.978907,46.125721],[-122.978957,46.125752],[-122.979147,46.125745],[-122.979179,46.125709]],[[-122.979159,46.128494],[-122.979092,46.128441],[-122.978914,46.128478],[-122.978901,46.128675],[-122.978935,46.128715],[-122.979084,46.128738],[-122.979147,46.128713],[-122.979159,46.128494]],[[-122.979567,46.128049],[-122.979535,46.127938],[-122.979419,46.127914],[-122.979415,46.127863],[-122.979377,46.127831],[-122.97921,46.127824],[-122.979148,46.127854],[-122.979169,46.127976],[-122.979215,46.128002],[-122.979289,46.128004],[-122.979292,46.128056],[-122.97933,46.128088],[-122.979527,46.128088],[-122.979567,46.128049]],[[-122.979548,46.128184],[-122.979514,46.128221],[-122.979528,46.128261],[-122.979587,46.128287],[-122.979644,46.128278],[-122.979676,46.128244],[-122.979665,46.128195],[-122.97961,46.128171],[-122.979548,46.128184]],[[-122.984596,46.129395],[-122.984535,46.129343],[-122.984337,46.129355],[-122.984319,46.129195],[-122.984274,46.129176],[-122.984141,46.129176],[-122.98408,46.129218],[-122.984078,46.129355],[-122.983971,46.129371],[-122.983916,46.129477],[-122.983948,46.129535],[-122.983948,46.129625],[-122.983819,46.129625],[-122.983813,46.129568],[-122.983764,46.129537],[-122.983506,46.129521],[-122.98344,46.12955],[-122.983431,46.129625],[-122.982785,46.129625],[-122.982722,46.129601],[-122.982654,46.129625],[-122.982525,46.129625],[-122.982512,46.129469],[-122.982462,46.129446],[-122.982336,46.129445],[-122.982275,46.129473],[-122.982266,46.129535],[-122.982154,46.129554],[-122.982136,46.129625],[-122.982024,46.129644],[-122.982007,46.129715],[-122.981877,46.129715],[-122.981877,46.129625],[-122.981972,46.129616],[-122.982007,46.129535],[-122.982081,46.129532],[-122.982127,46.129506],[-122.982136,46.129355],[-122.982243,46.129339],[-122.982266,46.129265],[-122.98245,46.129279],[-122.982508,46.129258],[-122.982519,46.129118],[-122.982477,46.129089],[-122.982395,46.129085],[-122.982382,46.129019],[-122.982318,46.128995],[-122.982055,46.128999],[-122.982013,46.129028],[-122.982007,46.129085],[-122.981776,46.129097],[-122.981748,46.129175],[-122.9815,46.129186],[-122.981489,46.129085],[-122.981707,46.129078],[-122.981745,46.129046],[-122.981748,46.128995],[-122.981864,46.128971],[-122.981878,46.128905],[-122.981989,46.128885],[-122.982007,46.128635],[-122.982136,46.128635],[-122.982142,46.128781],[-122.982184,46.128811],[-122.982266,46.128815],[-122.982272,46.128871],[-122.982314,46.128901],[-122.982477,46.128901],[-122.982519,46.128871],[-122.982525,46.128815],[-122.982632,46.128799],[-122.982648,46.128668],[-122.982606,46.128639],[-122.982525,46.128635],[-122.982525,46.128365],[-122.982599,46.128362],[-122.982645,46.128336],[-122.982655,46.128185],[-122.982756,46.128172],[-122.982784,46.128095],[-122.982872,46.128088],[-122.982912,46.128051],[-122.982904,46.127853],[-122.982858,46.127827],[-122.982784,46.127825],[-122.98275,46.127744],[-122.982655,46.127735],[-122.982632,46.127661],[-122.982321,46.127647],[-122.982272,46.127678],[-122.982266,46.127735],[-122.98215,46.127759],[-122.982137,46.127825],[-122.982025,46.127844],[-122.982007,46.127915],[-122.981771,46.12793],[-122.981748,46.128005],[-122.981667,46.128009],[-122.981625,46.128038],[-122.981619,46.128184],[-122.981537,46.128189],[-122.981493,46.128223],[-122.981482,46.12834],[-122.981524,46.128362],[-122.981619,46.128365],[-122.981642,46.128439],[-122.981748,46.128455],[-122.981783,46.128535],[-122.981878,46.128545],[-122.981893,46.128627],[-122.981748,46.128635],[-122.981735,46.128569],[-122.981619,46.128544],[-122.981615,46.128493],[-122.981578,46.128461],[-122.981387,46.128459],[-122.98134,46.128505],[-122.98136,46.128634],[-122.981253,46.12865],[-122.98123,46.128724],[-122.981135,46.128734],[-122.981101,46.128814],[-122.980989,46.128834],[-122.980971,46.128904],[-122.980759,46.128895],[-122.980718,46.128924],[-122.980702,46.129005],[-122.980618,46.128997],[-122.980566,46.129034],[-122.980578,46.12908],[-122.980636,46.129108],[-122.980723,46.129073],[-122.980971,46.129085],[-122.980984,46.12915],[-122.981101,46.129175],[-122.981107,46.129231],[-122.981156,46.129262],[-122.981478,46.129254],[-122.981489,46.129534],[-122.98136,46.129534],[-122.981342,46.129464],[-122.98123,46.129444],[-122.981213,46.129374],[-122.981101,46.129354],[-122.981088,46.129288],[-122.980971,46.129264],[-122.980965,46.129208],[-122.980916,46.129177],[-122.980747,46.129184],[-122.980712,46.129264],[-122.980359,46.129273],[-122.980324,46.129318],[-122.980352,46.129432],[-122.980515,46.129469],[-122.980583,46.129444],[-122.980712,46.129444],[-122.980735,46.129519],[-122.980842,46.129535],[-122.980855,46.1296],[-122.980971,46.129625],[-122.981,46.129702],[-122.981101,46.129715],[-122.9811,46.129894],[-122.980994,46.12991],[-122.980971,46.129984],[-122.980855,46.130008],[-122.980842,46.130074],[-122.980712,46.130074],[-122.980695,46.130004],[-122.980583,46.129984],[-122.980548,46.129904],[-122.980453,46.129894],[-122.980425,46.129817],[-122.980324,46.129804],[-122.980296,46.129727],[-122.980113,46.129718],[-122.980071,46.129748],[-122.980065,46.129804],[-122.979983,46.129808],[-122.979941,46.129838],[-122.979935,46.129984],[-122.979841,46.129993],[-122.979806,46.130074],[-122.979732,46.130077],[-122.979686,46.130103],[-122.979676,46.130254],[-122.979644,46.130312],[-122.979694,46.130415],[-122.979806,46.130434],[-122.979823,46.130505],[-122.979935,46.130524],[-122.979948,46.13059],[-122.980065,46.130614],[-122.980099,46.130695],[-122.980453,46.130704],[-122.980453,46.130926],[-122.980481,46.130962],[-122.980712,46.130975],[-122.980724,46.131054],[-122.980809,46.131077],[-122.980875,46.131027],[-122.980826,46.130967],[-122.980841,46.130885],[-122.980971,46.130885],[-122.980984,46.13095],[-122.9811,46.130975],[-122.981135,46.131055],[-122.981359,46.131065],[-122.981375,46.131147],[-122.981327,46.131213],[-122.981371,46.131251],[-122.981428,46.131257],[-122.981485,46.13122],[-122.981473,46.131162],[-122.98159,46.131142],[-122.981618,46.131065],[-122.981713,46.131056],[-122.981748,46.130975],[-122.981864,46.130951],[-122.981877,46.130795],[-122.981912,46.130752],[-122.981859,46.130634],[-122.981748,46.130615],[-122.981735,46.130459],[-122.981678,46.130435],[-122.981489,46.130435],[-122.981489,46.130345],[-122.981595,46.130329],[-122.981618,46.130255],[-122.981719,46.130242],[-122.981748,46.130165],[-122.981849,46.130152],[-122.981877,46.130075],[-122.981972,46.130066],[-122.982007,46.129985],[-122.982118,46.129965],[-122.982136,46.129895],[-122.982265,46.129895],[-122.982265,46.129985],[-122.982184,46.129989],[-122.982139,46.130023],[-122.982136,46.130255],[-122.982024,46.130274],[-122.981973,46.130382],[-122.982012,46.130505],[-122.982074,46.130538],[-122.98221,46.130522],[-122.982259,46.130491],[-122.982265,46.130435],[-122.982395,46.130435],[-122.982395,46.130525],[-122.982313,46.130529],[-122.982269,46.130563],[-122.982275,46.130676],[-122.982335,46.130704],[-122.982599,46.130702],[-122.982648,46.130671],[-122.982654,46.130615],[-122.98277,46.130591],[-122.982794,46.130514],[-122.982974,46.130538],[-122.983042,46.130485],[-122.983039,46.130383],[-122.98298,46.130346],[-122.982818,46.130354],[-122.982772,46.130446],[-122.982509,46.130427],[-122.982542,46.130204],[-122.982497,46.130169],[-122.982395,46.130165],[-122.982395,46.130075],[-122.98249,46.130066],[-122.982525,46.129985],[-122.982641,46.129961],[-122.982654,46.129805],[-122.982783,46.129805],[-122.982844,46.129829],[-122.982913,46.129805],[-122.983042,46.129805],[-122.983043,46.130296],[-122.983083,46.130338],[-122.98326,46.130338],[-122.983298,46.130307],[-122.983301,46.130255],[-122.983764,46.130253],[-122.98381,46.130226],[-122.983853,46.130128],[-122.983819,46.130075],[-122.983819,46.129895],[-122.984078,46.129895],[-122.984147,46.129919],[-122.984314,46.129879],[-122.984333,46.129753],[-122.984289,46.129719],[-122.984207,46.129715],[-122.984207,46.129625],[-122.984439,46.129626],[-122.984466,46.129535],[-122.984548,46.129531],[-122.98459,46.129502],[-122.984596,46.129395]],[[-122.979811,46.124043],[-122.979842,46.124007],[-122.979828,46.123967],[-122.979769,46.123941],[-122.979706,46.123953],[-122.979679,46.123989],[-122.979696,46.124038],[-122.979754,46.124058],[-122.979811,46.124043]],[[-122.980065,46.131874],[-122.980083,46.131829],[-122.98005,46.131794],[-122.979977,46.131785],[-122.979927,46.131809],[-122.979917,46.131851],[-122.979953,46.131888],[-122.980011,46.131898],[-122.980065,46.131874]],[[-122.980732,46.127509],[-122.9807,46.127308],[-122.980584,46.127284],[-122.980578,46.127228],[-122.980536,46.127198],[-122.980325,46.127194],[-122.980324,46.127063],[-122.980296,46.127027],[-122.980014,46.127014],[-122.979954,46.127034],[-122.97994,46.127246],[-122.979984,46.12728],[-122.980066,46.127284],[-122.980094,46.127362],[-122.980325,46.127374],[-122.980342,46.127445],[-122.980454,46.127464],[-122.980463,46.127526],[-122.980517,46.127553],[-122.980699,46.127545],[-122.980732,46.127509]],[[-122.980324,46.128634],[-122.980406,46.12863],[-122.980448,46.128601],[-122.980431,46.12847],[-122.980376,46.128454],[-122.980088,46.12847],[-122.980065,46.128508],[-122.980088,46.128708],[-122.980276,46.12872],[-122.980318,46.128691],[-122.980324,46.128634]],[[-122.981024,46.126204],[-122.981096,46.126171],[-122.981101,46.126073],[-122.981061,46.126031],[-122.980973,46.126024],[-122.980964,46.12586],[-122.980897,46.125831],[-122.980755,46.125851],[-122.980715,46.125888],[-122.980713,46.126024],[-122.980679,46.126067],[-122.980723,46.126176],[-122.980784,46.126204],[-122.981024,46.126204]],[[-122.981018,46.13277],[-122.981161,46.132788],[-122.981216,46.132764],[-122.981226,46.132633],[-122.981174,46.132597],[-122.981025,46.132597],[-122.980974,46.132633],[-122.980973,46.132736],[-122.981018,46.13277]],[[-122.982011,46.127264],[-122.98199,46.127034],[-122.981878,46.127015],[-122.981865,46.126949],[-122.981749,46.126924],[-122.981714,46.126844],[-122.981573,46.126821],[-122.981493,46.126859],[-122.98149,46.127014],[-122.981272,46.127021],[-122.98122,46.127115],[-122.981129,46.127109],[-122.981082,46.127155],[-122.981104,46.127197],[-122.981155,46.127218],[-122.981242,46.127183],[-122.98149,46.127195],[-122.98149,46.127284],[-122.981293,46.127286],[-122.981234,46.127323],[-122.981232,46.127525],[-122.981306,46.127568],[-122.981591,46.127542],[-122.981619,46.127465],[-122.981714,46.127455],[-122.981749,46.127375],[-122.98186,46.127355],[-122.981878,46.127285],[-122.982011,46.127264]],[[-122.982025,46.126525],[-122.98199,46.126404],[-122.981878,46.126385],[-122.981844,46.126304],[-122.981749,46.126294],[-122.981721,46.126217],[-122.98162,46.126204],[-122.981591,46.126127],[-122.981431,46.126115],[-122.981378,46.126134],[-122.981374,46.12627],[-122.98149,46.126295],[-122.981525,46.126375],[-122.981619,46.126385],[-122.981648,46.126462],[-122.981749,46.126475],[-122.981777,46.126552],[-122.98198,46.12656],[-122.982025,46.126525]],[[-122.982784,46.127195],[-122.982901,46.127171],[-122.98291,46.127053],[-122.982851,46.127016],[-122.982655,46.127015],[-122.982655,46.126793],[-122.982627,46.126757],[-122.982396,46.126745],[-122.982368,46.126667],[-122.982212,46.126641],[-122.982146,46.12667],[-122.982137,46.126745],[-122.982004,46.126765],[-122.982008,46.126966],[-122.982036,46.127002],[-122.982266,46.127015],[-122.982284,46.127085],[-122.982396,46.127105],[-122.982409,46.127171],[-122.982525,46.127195],[-122.982531,46.127251],[-122.982573,46.127281],[-122.982743,46.127278],[-122.982781,46.127246],[-122.982784,46.127195]],[[-122.982915,46.133766],[-122.98291,46.133538],[-122.982857,46.133497],[-122.982687,46.133504],[-122.982651,46.133585],[-122.982523,46.133585],[-122.982517,46.133528],[-122.982475,46.133499],[-122.98232,46.133497],[-122.98227,46.133528],[-122.982264,46.133585],[-122.982183,46.133589],[-122.982138,46.133623],[-122.982135,46.133716],[-122.982163,46.133752],[-122.982394,46.133765],[-122.982395,46.133901],[-122.982449,46.133942],[-122.982653,46.133945],[-122.982721,46.133969],[-122.982871,46.133938],[-122.982946,46.133818],[-122.982915,46.133766]],[[-122.982781,46.130163],[-122.98273,46.130141],[-122.982672,46.130151],[-122.982635,46.130194],[-122.982651,46.130234],[-122.982704,46.130254],[-122.982776,46.130242],[-122.982803,46.130204],[-122.982781,46.130163]],[[-122.982965,46.129265],[-122.983039,46.129226],[-122.983033,46.129113],[-122.98298,46.129086],[-122.982825,46.129091],[-122.982785,46.129128],[-122.982793,46.129236],[-122.982846,46.129264],[-122.982965,46.129265]],[[-122.984081,46.128994],[-122.984113,46.128947],[-122.984065,46.128839],[-122.983949,46.128815],[-122.983914,46.128734],[-122.983819,46.128725],[-122.983791,46.128647],[-122.98369,46.128635],[-122.983662,46.128557],[-122.983561,46.128545],[-122.983559,46.128408],[-122.983519,46.128371],[-122.983372,46.128365],[-122.983319,46.128385],[-122.983301,46.128545],[-122.983172,46.128545],[-122.983166,46.128475],[-122.983112,46.128442],[-122.982852,46.128441],[-122.982796,46.128465],[-122.98279,46.128601],[-122.982832,46.128631],[-122.982913,46.128635],[-122.982948,46.128716],[-122.983301,46.128725],[-122.983301,46.128815],[-122.983267,46.128857],[-122.983301,46.128905],[-122.983301,46.128995],[-122.983269,46.129053],[-122.983324,46.129159],[-122.983431,46.129175],[-122.983434,46.12924],[-122.98347,46.129272],[-122.983764,46.129263],[-122.983813,46.129232],[-122.983819,46.129175],[-122.984044,46.129166],[-122.984077,46.129131],[-122.984081,46.128994]],[[-122.983191,46.12751],[-122.98315,46.127391],[-122.982997,46.127352],[-122.982932,46.127361],[-122.982881,46.127407],[-122.982919,46.127521],[-122.982969,46.127552],[-122.983159,46.127545],[-122.983191,46.12751]],[[-122.983688,46.134395],[-122.98377,46.134391],[-122.983814,46.134357],[-122.983816,46.134258],[-122.98377,46.134219],[-122.98324,46.134215],[-122.983176,46.134248],[-122.983188,46.134375],[-122.98324,46.134395],[-122.983429,46.134395],[-122.983432,46.13446],[-122.983475,46.134494],[-122.983654,46.134476],[-122.983688,46.134395]],[[-122.984366,46.127993],[-122.984665,46.128017],[-122.98472,46.127985],[-122.984703,46.127841],[-122.984596,46.127825],[-122.984579,46.127755],[-122.984467,46.127735],[-122.984449,46.127665],[-122.984337,46.127645],[-122.984324,46.127579],[-122.984208,46.127555],[-122.984173,46.127474],[-122.983949,46.127465],[-122.983932,46.127395],[-122.98382,46.127375],[-122.983785,46.127294],[-122.98369,46.127285],[-122.983662,46.127207],[-122.983561,46.127195],[-122.983532,46.127117],[-122.983432,46.127105],[-122.983403,46.127027],[-122.98325,46.127015],[-122.983195,46.127031],[-122.983173,46.127069],[-122.983195,46.127269],[-122.983302,46.127285],[-122.983308,46.127341],[-122.98335,46.127371],[-122.983561,46.127375],[-122.983578,46.127445],[-122.98369,46.127465],[-122.983725,46.127546],[-122.98382,46.127555],[-122.983848,46.127633],[-122.983949,46.127645],[-122.983977,46.127723],[-122.984078,46.127735],[-122.984107,46.127813],[-122.984208,46.127825],[-122.984236,46.127903],[-122.984337,46.127915],[-122.984366,46.127993]],[[-122.983429,46.129443],[-122.983377,46.129421],[-122.98332,46.129431],[-122.983282,46.129474],[-122.983298,46.129514],[-122.983351,46.129535],[-122.983423,46.129522],[-122.98345,46.129484],[-122.983429,46.129443]],[[-122.983431,46.129355],[-122.98345,46.12931],[-122.983417,46.129274],[-122.983351,46.129265],[-122.983298,46.129285],[-122.983282,46.129326],[-122.98332,46.129368],[-122.983377,46.129378],[-122.983431,46.129355]],[[-122.986796,46.131695],[-122.98679,46.131639],[-122.986741,46.131608],[-122.986408,46.131605],[-122.986398,46.131544],[-122.986345,46.131516],[-122.986019,46.131515],[-122.985996,46.131351],[-122.98589,46.131335],[-122.985884,46.131279],[-122.985842,46.131249],[-122.985631,46.131245],[-122.985631,46.131155],[-122.985726,46.131153],[-122.985775,46.131121],[-122.98576,46.130975],[-122.985978,46.130969],[-122.986016,46.130937],[-122.986019,46.130885],[-122.986367,46.130879],[-122.986404,46.130847],[-122.986408,46.130795],[-122.986509,46.130783],[-122.986537,46.130705],[-122.986626,46.130699],[-122.986665,46.130662],[-122.986665,46.130569],[-122.986626,46.130532],[-122.986476,46.130501],[-122.986408,46.130525],[-122.986278,46.130525],[-122.986278,46.130435],[-122.986313,46.130393],[-122.986278,46.130345],[-122.98629,46.130195],[-122.986236,46.130166],[-122.98602,46.130165],[-122.986014,46.130109],[-122.985964,46.130078],[-122.985823,46.130076],[-122.985774,46.130099],[-122.985726,46.130208],[-122.985761,46.130255],[-122.98576,46.130345],[-122.985654,46.130361],[-122.985631,46.130435],[-122.985502,46.130435],[-122.985433,46.130411],[-122.985291,46.130439],[-122.985249,46.130468],[-122.985243,46.130525],[-122.985126,46.130549],[-122.985113,46.130615],[-122.985019,46.130618],[-122.984972,46.130645],[-122.984997,46.130771],[-122.985113,46.130795],[-122.985113,46.130885],[-122.984887,46.130881],[-122.984856,46.130915],[-122.984856,46.131022],[-122.984895,46.131059],[-122.984984,46.131065],[-122.985012,46.131143],[-122.985113,46.131155],[-122.985113,46.131245],[-122.984854,46.131245],[-122.984845,46.131184],[-122.984792,46.131156],[-122.984466,46.131155],[-122.984453,46.130999],[-122.984337,46.130975],[-122.984302,46.130894],[-122.984168,46.130872],[-122.98409,46.130896],[-122.984077,46.130975],[-122.983966,46.130995],[-122.983937,46.131076],[-122.983689,46.131065],[-122.98368,46.131003],[-122.983619,46.130975],[-122.983363,46.130976],[-122.983304,46.131013],[-122.983323,46.131152],[-122.983376,46.131169],[-122.98356,46.131155],[-122.983565,46.131225],[-122.983613,46.131256],[-122.9839,46.131241],[-122.983942,46.131212],[-122.983959,46.131144],[-122.984077,46.131155],[-122.9841,46.131229],[-122.984207,46.131245],[-122.984207,46.131335],[-122.983759,46.131335],[-122.983689,46.131384],[-122.983698,46.131576],[-122.983744,46.131603],[-122.983818,46.131605],[-122.983824,46.131662],[-122.983866,46.131691],[-122.984077,46.131695],[-122.984058,46.131825],[-122.984098,46.131868],[-122.984411,46.131873],[-122.98446,46.131842],[-122.984466,46.131785],[-122.984813,46.131779],[-122.984851,46.131747],[-122.984854,46.131695],[-122.984983,46.131695],[-122.985006,46.131769],[-122.985113,46.131785],[-122.985122,46.131937],[-122.985168,46.131963],[-122.985242,46.131965],[-122.985242,46.132145],[-122.98521,46.132203],[-122.985265,46.132309],[-122.985372,46.132325],[-122.985372,46.132546],[-122.985427,46.132593],[-122.985956,46.132594],[-122.98601,46.132567],[-122.986019,46.132505],[-122.986255,46.132489],[-122.986313,46.132373],[-122.986278,46.132325],[-122.986278,46.132235],[-122.986385,46.132219],[-122.986407,46.132145],[-122.986524,46.132121],[-122.986537,46.132055],[-122.986767,46.132043],[-122.986795,46.132007],[-122.986796,46.131875],[-122.98687,46.131873],[-122.986916,46.131847],[-122.986916,46.131724],[-122.98687,46.131698],[-122.986796,46.131695]],[[-122.983816,46.127967],[-122.983827,46.12785],[-122.983785,46.127827],[-122.98369,46.127825],[-122.983687,46.127773],[-122.983649,46.127741],[-122.983481,46.127735],[-122.98342,46.127764],[-122.98344,46.127886],[-122.983486,46.127913],[-122.983561,46.127915],[-122.983564,46.127967],[-122.983602,46.127998],[-122.983778,46.127999],[-122.983816,46.127967]],[[-122.984258,46.132955],[-122.98433,46.132922],[-122.984334,46.132818],[-122.984295,46.132781],[-122.984207,46.132775],[-122.984178,46.132697],[-122.984008,46.132661],[-122.983815,46.132706],[-122.983799,46.132746],[-122.983846,46.132853],[-122.984077,46.132865],[-122.984112,46.132946],[-122.984258,46.132955]],[[-122.984466,46.130115],[-122.984406,46.130063],[-122.984248,46.130081],[-122.984208,46.130124],[-122.984223,46.130247],[-122.984003,46.130257],[-122.98395,46.130298],[-122.983948,46.130525],[-122.983914,46.130573],[-122.983954,46.130672],[-122.984011,46.130704],[-122.984207,46.130705],[-122.984216,46.130766],[-122.98427,46.130794],[-122.984411,46.130793],[-122.984464,46.130752],[-122.984453,46.130639],[-122.984337,46.130615],[-122.984337,46.130435],[-122.984371,46.130387],[-122.984321,46.130263],[-122.984453,46.130231],[-122.984466,46.130115]],[[-122.984484,46.128955],[-122.984432,46.128824],[-122.984263,46.128817],[-122.984214,46.128848],[-122.984175,46.128963],[-122.984261,46.129019],[-122.984432,46.128993],[-122.984484,46.128955]],[[-122.984649,46.129726],[-122.984842,46.129691],[-122.984851,46.129573],[-122.9848,46.129537],[-122.984651,46.129537],[-122.984597,46.129578],[-122.984599,46.12969],[-122.984649,46.129726]],[[-122.984907,46.128185],[-122.984981,46.128147],[-122.984971,46.128029],[-122.984914,46.128005],[-122.984739,46.128015],[-122.984706,46.128061],[-122.984739,46.128161],[-122.984788,46.128184],[-122.984907,46.128185]],[[-122.984906,46.132595],[-122.98498,46.132557],[-122.98497,46.132439],[-122.984913,46.132415],[-122.984738,46.132425],[-122.984705,46.132471],[-122.984737,46.132571],[-122.984787,46.132594],[-122.984906,46.132595]],[[-122.984907,46.129085],[-122.984983,46.129042],[-122.984981,46.128853],[-122.984929,46.128817],[-122.984781,46.128817],[-122.984727,46.128858],[-122.984729,46.129047],[-122.98478,46.129083],[-122.984907,46.129085]],[[-122.985501,46.133495],[-122.985488,46.133429],[-122.985372,46.133405],[-122.985368,46.133354],[-122.98533,46.133322],[-122.985175,46.133316],[-122.985122,46.133344],[-122.985126,46.133471],[-122.985242,46.133495],[-122.985276,46.133576],[-122.985371,46.133585],[-122.985377,46.133655],[-122.985432,46.133688],[-122.985582,46.133671],[-122.985629,46.133632],[-122.985617,46.133519],[-122.985501,46.133495]],[[-122.985372,46.129845],[-122.985345,46.129804],[-122.98529,46.129791],[-122.985228,46.129814],[-122.985208,46.129853],[-122.985234,46.12989],[-122.985297,46.129909],[-122.985355,46.129889],[-122.985372,46.129845]],[[-122.985634,46.130167],[-122.985577,46.130151],[-122.985519,46.130172],[-122.985502,46.13022],[-122.985529,46.130256],[-122.985592,46.130268],[-122.985651,46.130242],[-122.985665,46.130202],[-122.985634,46.130167]],[[-122.98633,46.131155],[-122.986404,46.131117],[-122.986398,46.131004],[-122.986345,46.130976],[-122.98619,46.130982],[-122.98615,46.131019],[-122.986158,46.131127],[-122.986211,46.131154],[-122.98633,46.131155]],[[-122.986961,46.128323],[-122.986917,46.128214],[-122.986864,46.128186],[-122.986307,46.128197],[-122.986279,46.128275],[-122.98619,46.128282],[-122.986151,46.128319],[-122.986167,46.128705],[-122.986279,46.128725],[-122.986288,46.128787],[-122.986341,46.128814],[-122.986768,46.128803],[-122.986797,46.128725],[-122.986898,46.128713],[-122.986926,46.128635],[-122.987014,46.128629],[-122.987054,46.128592],[-122.987042,46.128479],[-122.986926,46.128455],[-122.986926,46.128365],[-122.986961,46.128323]],[[-122.986537,46.129665],[-122.986477,46.129613],[-122.986313,46.129634],[-122.98628,46.129669],[-122.986271,46.12978],[-122.986328,46.129805],[-122.986503,46.129796],[-122.986536,46.129762],[-122.986537,46.129665]],[[-122.986543,46.129479],[-122.986519,46.12958],[-122.986551,46.129616],[-122.986741,46.129623],[-122.986793,46.129587],[-122.986793,46.129484],[-122.986741,46.129448],[-122.986593,46.129448],[-122.986543,46.129479]],[[-122.987042,46.130951],[-122.987089,46.130832],[-122.987032,46.130721],[-122.986886,46.130692],[-122.986823,46.130704],[-122.986796,46.130795],[-122.986715,46.130799],[-122.986673,46.130829],[-122.986666,46.130975],[-122.986585,46.130979],[-122.98654,46.131014],[-122.98656,46.131229],[-122.98672,46.131269],[-122.986784,46.131255],[-122.986831,46.131203],[-122.986796,46.131155],[-122.986796,46.131065],[-122.986903,46.13105],[-122.986926,46.130975],[-122.987042,46.130951]],[[-122.987071,46.133636],[-122.98702,46.133504],[-122.986851,46.133498],[-122.986801,46.133529],[-122.986778,46.133636],[-122.986838,46.133674],[-122.98702,46.133673],[-122.987071,46.133636]],[[-122.987055,46.132775],[-122.987136,46.132771],[-122.987178,46.132742],[-122.987161,46.132611],[-122.987106,46.132595],[-122.986818,46.132611],[-122.986796,46.132649],[-122.986818,46.13285],[-122.987007,46.132861],[-122.987049,46.132832],[-122.987055,46.132775]],[[-122.987055,46.131196],[-122.987028,46.131154],[-122.986972,46.131142],[-122.986911,46.131164],[-122.986891,46.131203],[-122.986916,46.13124],[-122.98698,46.131259],[-122.987038,46.131239],[-122.987055,46.131196]],[[-122.987331,46.130126],[-122.98728,46.129994],[-122.98711,46.129988],[-122.987061,46.130019],[-122.987023,46.130134],[-122.987109,46.130189],[-122.987279,46.130163],[-122.987331,46.130126]],[[-122.987182,46.131063],[-122.987131,46.131042],[-122.987073,46.131052],[-122.987036,46.131094],[-122.987052,46.131135],[-122.987105,46.131155],[-122.987177,46.131143],[-122.987204,46.131105],[-122.987182,46.131063]],[[-122.987608,46.129583],[-122.987567,46.129479],[-122.987518,46.129448],[-122.987207,46.129461],[-122.98715,46.129578],[-122.987185,46.129625],[-122.987207,46.12979],[-122.987361,46.129819],[-122.987422,46.129803],[-122.987444,46.129715],[-122.987525,46.129711],[-122.987567,46.129682],[-122.987608,46.129583]],[[-122.988481,46.133407],[-122.988478,46.133316],[-122.98856,46.133311],[-122.988605,46.133277],[-122.988602,46.133169],[-122.98856,46.13314],[-122.988479,46.133135],[-122.988461,46.133065],[-122.988349,46.133045],[-122.988331,46.132975],[-122.98822,46.132955],[-122.98821,46.132894],[-122.988157,46.132867],[-122.987961,46.132865],[-122.987892,46.132841],[-122.987831,46.132865],[-122.987607,46.132875],[-122.987573,46.132914],[-122.987572,46.133045],[-122.987491,46.13305],[-122.987446,46.133084],[-122.987443,46.133225],[-122.987354,46.133232],[-122.987315,46.133269],[-122.987326,46.133471],[-122.987443,46.133495],[-122.98746,46.133566],[-122.987572,46.133586],[-122.98759,46.133656],[-122.987701,46.133676],[-122.987711,46.133737],[-122.987764,46.133764],[-122.988186,46.13377],[-122.988219,46.133676],[-122.988314,46.133666],[-122.988349,46.133586],[-122.988423,46.133583],[-122.988469,46.133557],[-122.988513,46.133453],[-122.988481,46.133407]],[[-122.988368,46.13048],[-122.988349,46.130304],[-122.988315,46.130265],[-122.988091,46.130255],[-122.988062,46.130178],[-122.987832,46.130165],[-122.987826,46.130109],[-122.987777,46.130078],[-122.987634,46.130051],[-122.987549,46.130093],[-122.987573,46.130345],[-122.987464,46.130352],[-122.987424,46.130401],[-122.987456,46.130501],[-122.987573,46.130525],[-122.987607,46.130606],[-122.987762,46.130615],[-122.987823,46.130587],[-122.987866,46.130483],[-122.987832,46.130435],[-122.987832,46.130345],[-122.987961,46.130345],[-122.987979,46.130416],[-122.988091,46.130436],[-122.9881,46.130497],[-122.988153,46.130524],[-122.988336,46.130516],[-122.988368,46.13048]],[[-122.988384,46.132283],[-122.988336,46.132169],[-122.98822,46.132145],[-122.988197,46.132071],[-122.98809,46.132055],[-122.988068,46.131981],[-122.9879,46.131941],[-122.98773,46.131978],[-122.987702,46.132055],[-122.987601,46.132068],[-122.987572,46.132145],[-122.987484,46.132152],[-122.987443,46.132194],[-122.987456,46.132301],[-122.987572,46.132325],[-122.987573,46.132457],[-122.987601,46.132493],[-122.987961,46.132506],[-122.988022,46.13253],[-122.988185,46.132496],[-122.98822,46.132416],[-122.988331,46.132396],[-122.988384,46.132283]],[[-122.989385,46.131426],[-122.989382,46.13136],[-122.989339,46.131326],[-122.989126,46.131336],[-122.989042,46.131313],[-122.98888,46.13136],[-122.988867,46.131515],[-122.988749,46.131527],[-122.988725,46.13136],[-122.988608,46.131335],[-122.988574,46.131255],[-122.988479,46.131245],[-122.988473,46.130919],[-122.988431,46.13089],[-122.98835,46.130885],[-122.988344,46.130739],[-122.988302,46.13071],[-122.98822,46.130705],[-122.988214,46.130649],[-122.988172,46.13062],[-122.988003,46.130617],[-122.98795,46.130645],[-122.987961,46.130885],[-122.987765,46.130886],[-122.987708,46.130919],[-122.987725,46.13105],[-122.987832,46.131065],[-122.987849,46.131136],[-122.987961,46.131156],[-122.987996,46.131236],[-122.98809,46.131246],[-122.988119,46.131323],[-122.98822,46.131336],[-122.988248,46.131413],[-122.988349,46.131426],[-122.988378,46.131503],[-122.988479,46.131516],[-122.988507,46.131593],[-122.988727,46.131595],[-122.988751,46.131672],[-122.988867,46.131696],[-122.988873,46.131752],[-122.988915,46.131781],[-122.989056,46.131785],[-122.989108,46.131766],[-122.989126,46.131606],[-122.989492,46.13159],[-122.989508,46.131459],[-122.989466,46.13143],[-122.989385,46.131426]],[[-122.988997,46.129986],[-122.989078,46.129981],[-122.989123,46.129947],[-122.989123,46.129844],[-122.989071,46.129808],[-122.988902,46.129815],[-122.988867,46.129895],[-122.988751,46.12992],[-122.988738,46.129985],[-122.988619,46.129996],[-122.988609,46.129896],[-122.988703,46.129886],[-122.988738,46.129806],[-122.98885,46.129786],[-122.988864,46.129664],[-122.98882,46.12963],[-122.988738,46.129625],[-122.988732,46.129569],[-122.98869,46.12954],[-122.988548,46.129511],[-122.988479,46.129535],[-122.98835,46.129535],[-122.988348,46.129385],[-122.98831,46.129349],[-122.988125,46.129365],[-122.988091,46.129445],[-122.987996,46.129455],[-122.987961,46.129535],[-122.987887,46.129538],[-122.987841,46.129564],[-122.987797,46.129668],[-122.987832,46.129715],[-122.987838,46.129862],[-122.98788,46.129891],[-122.987961,46.129895],[-122.987996,46.129976],[-122.988091,46.129986],[-122.988094,46.130037],[-122.988132,46.130069],[-122.988598,46.130065],[-122.988643,46.130156],[-122.988797,46.130165],[-122.988858,46.130137],[-122.988867,46.130076],[-122.988979,46.130056],[-122.988997,46.129986]],[[-122.988013,46.131695],[-122.988087,46.131657],[-122.988081,46.131544],[-122.988028,46.131516],[-122.987873,46.131522],[-122.987833,46.131559],[-122.987841,46.131667],[-122.987894,46.131694],[-122.988013,46.131695]],[[-122.987963,46.134217],[-122.987906,46.134202],[-122.987848,46.134222],[-122.987831,46.13427],[-122.987858,46.134306],[-122.987921,46.134319],[-122.98798,46.134293],[-122.987994,46.134253],[-122.987963,46.134217]],[[-122.990281,46.134457],[-122.99031,46.134266],[-122.990289,46.134232],[-122.990161,46.134216],[-122.990148,46.13406],[-122.990032,46.134036],[-122.990026,46.133979],[-122.989984,46.13395],[-122.989569,46.133948],[-122.98952,46.133979],[-122.989514,46.134036],[-122.989398,46.13406],[-122.989384,46.134126],[-122.989255,46.134126],[-122.989255,46.133814],[-122.989214,46.133772],[-122.989037,46.133772],[-122.988999,46.133804],[-122.988994,46.133856],[-122.988867,46.133856],[-122.988861,46.133785],[-122.988799,46.133752],[-122.988411,46.133767],[-122.988355,46.133799],[-122.988366,46.134196],[-122.988478,46.134216],[-122.988487,46.134277],[-122.988541,46.134305],[-122.989255,46.134306],[-122.989258,46.134537],[-122.989303,46.134572],[-122.989384,46.134576],[-122.98939,46.134632],[-122.989432,46.134662],[-122.989991,46.134659],[-122.990028,46.134627],[-122.990032,46.134576],[-122.990127,46.134567],[-122.990161,46.134486],[-122.990235,46.134483],[-122.990281,46.134457]],[[-122.989124,46.133452],[-122.989143,46.133265],[-122.989098,46.13323],[-122.988777,46.133219],[-122.988703,46.133358],[-122.988746,46.133467],[-122.988807,46.133495],[-122.989085,46.133489],[-122.989124,46.133452]],[[-122.989259,46.130704],[-122.98929,46.130668],[-122.989275,46.130628],[-122.989216,46.130602],[-122.989159,46.130611],[-122.989127,46.130651],[-122.989142,46.130698],[-122.989014,46.130725],[-122.988963,46.130849],[-122.98901,46.130952],[-122.989126,46.130976],[-122.989149,46.13105],[-122.989317,46.131079],[-122.989382,46.131041],[-122.989385,46.130934],[-122.989344,46.130892],[-122.989256,46.130886],[-122.989259,46.130704]],[[-122.989024,46.130521],[-122.989188,46.130539],[-122.989243,46.130515],[-122.989252,46.130384],[-122.989201,46.130348],[-122.989052,46.130348],[-122.989003,46.130379],[-122.98898,46.130486],[-122.989024,46.130521]],[[-122.989679,46.130033],[-122.989638,46.129929],[-122.989603,46.129902],[-122.98942,46.129905],[-122.989386,46.129944],[-122.989385,46.130076],[-122.989189,46.130077],[-122.989135,46.130104],[-122.989139,46.130232],[-122.989256,46.130256],[-122.989259,46.130307],[-122.989297,46.130339],[-122.989439,46.130369],[-122.989496,46.130359],[-122.989549,46.130303],[-122.989515,46.130256],[-122.989515,46.130166],[-122.989589,46.130163],[-122.989635,46.130137],[-122.989679,46.130033]],[[-122.989438,46.132259],[-122.989589,46.132233],[-122.989635,46.132207],[-122.989626,46.132075],[-122.989574,46.132056],[-122.989283,46.132055],[-122.989255,46.132096],[-122.989273,46.132216],[-122.989438,46.132259]],[[-122.991197,46.130976],[-122.991279,46.130972],[-122.991323,46.130937],[-122.991325,46.130839],[-122.991279,46.1308],[-122.991116,46.1308],[-122.991074,46.130829],[-122.991068,46.130886],[-122.990864,46.130888],[-122.990815,46.130919],[-122.990809,46.130976],[-122.990681,46.130976],[-122.990687,46.130821],[-122.990637,46.130797],[-122.990498,46.130796],[-122.990424,46.130834],[-122.990421,46.130976],[-122.990046,46.130985],[-122.990013,46.131026],[-122.990032,46.131156],[-122.989836,46.131157],[-122.989777,46.131194],[-122.989773,46.131516],[-122.989739,46.131563],[-122.989786,46.131672],[-122.989843,46.131695],[-122.990121,46.131689],[-122.99016,46.131652],[-122.990162,46.131516],[-122.990392,46.131503],[-122.990421,46.131426],[-122.990515,46.131417],[-122.99055,46.131336],[-122.990662,46.131316],[-122.99068,46.131246],[-122.991035,46.13125],[-122.991067,46.131211],[-122.991068,46.131066],[-122.991175,46.13105],[-122.991197,46.130976]],[[-122.989821,46.132502],[-122.989964,46.132519],[-122.990019,46.132495],[-122.990029,46.132364],[-122.989977,46.132328],[-122.989828,46.132328],[-122.989776,46.132364],[-122.989776,46.132467],[-122.989821,46.132502]],[[-122.990731,46.131696],[-122.990806,46.131657],[-122.9908,46.131544],[-122.990746,46.131517],[-122.990591,46.131522],[-122.990551,46.131559],[-122.990559,46.131667],[-122.990612,46.131695],[-122.990731,46.131696]],[[-122.991974,46.132236],[-122.992055,46.132232],[-122.9921,46.132197],[-122.992102,46.132099],[-122.992062,46.132062],[-122.991845,46.132056],[-122.991835,46.131994],[-122.991774,46.131966],[-122.991397,46.131966],[-122.991336,46.131994],[-122.99133,46.132287],[-122.991375,46.132322],[-122.991456,46.132326],[-122.991459,46.132377],[-122.991497,46.132409],[-122.991933,46.132409],[-122.991972,46.132372],[-122.991974,46.132236]],[[-122.992511,46.131741],[-122.992463,46.131618],[-122.992309,46.131582],[-122.992233,46.131606],[-122.992029,46.131608],[-122.991974,46.131655],[-122.991992,46.131766],[-122.992157,46.131809],[-122.992233,46.131786],[-122.992471,46.131779],[-122.992511,46.131741]]]}},{"type":"Feature","properties":{"id":20,"area_m2":91800,"px":918,"rank":2,"persistent":false},"geometry":{"type":"Polygon","coordinates":[[[-122.958068,46.117378],[-122.958068,46.117558],[-122.957973,46.117567],[-122.957939,46.117612],[-122.957944,46.117795],[-122.957986,46.117824],[-122.958068,46.117828],[-122.958068,46.118008],[-122.95768,46.118008],[-122.957603,46.117984],[-122.957441,46.118015],[-122.957401,46.118064],[-122.957443,46.118172],[-122.95755,46.118188],[-122.957563,46.118254],[-122.957679,46.118278],[-122.957708,46.118356],[-122.957809,46.118368],[-122.957818,46.11852],[-122.957864,46.118546],[-122.957938,46.118548],[-122.957972,46.118629],[-122.958067,46.118638],[-122.958067,46.118728],[-122.957938,46.118728],[-122.957909,46.11865],[-122.957732,46.118614],[-122.957563,46.118662],[-122.957549,46.118818],[-122.957291,46.118818],[-122.957268,46.118744],[-122.957115,46.118705],[-122.957032,46.118728],[-122.956773,46.118728],[-122.95675,46.118654],[-122.956644,46.118638],[-122.956609,46.118557],[-122.956514,46.118548],[-122.956497,46.118387],[-122.956385,46.118367],[-122.956368,46.118117],[-122.956315,46.118098],[-122.956126,46.118097],[-122.956104,46.118023],[-122.955997,46.118007],[-122.955979,46.117937],[-122.955868,46.117917],[-122.955833,46.117836],[-122.955738,46.117827],[-122.95571,46.11775],[-122.955609,46.117737],[-122.955606,46.117596],[-122.955561,46.117561],[-122.95548,46.117557],[-122.95548,46.117467],[-122.955592,46.117447],[-122.955609,46.117287],[-122.955691,46.117283],[-122.955735,46.117249],[-122.955739,46.116886],[-122.955698,46.116844],[-122.95561,46.116837],[-122.955608,46.116611],[-122.955569,46.116574],[-122.955481,46.116567],[-122.95548,46.116422],[-122.955447,46.116383],[-122.955222,46.116387],[-122.955153,46.116363],[-122.955092,46.116387],[-122.954963,46.116387],[-122.95494,46.116223],[-122.954885,46.116207],[-122.954739,46.116216],[-122.954705,46.116256],[-122.954704,46.116387],[-122.95448,46.116396],[-122.954445,46.116477],[-122.954344,46.116489],[-122.954316,46.116567],[-122.954221,46.116576],[-122.954186,46.116657],[-122.95407,46.116681],[-122.954057,46.116837],[-122.953962,46.116846],[-122.953927,46.116926],[-122.953846,46.116931],[-122.953804,46.11696],[-122.953798,46.117106],[-122.953668,46.117106],[-122.953668,46.116927],[-122.953757,46.11692],[-122.953796,46.116883],[-122.953796,46.116776],[-122.953752,46.116737],[-122.95341,46.116746],[-122.953401,46.116685],[-122.95334,46.116657],[-122.952504,46.116656],[-122.952501,46.116604],[-122.952463,46.116572],[-122.952245,46.116566],[-122.952245,46.116386],[-122.95232,46.116384],[-122.952366,46.116357],[-122.952375,46.116206],[-122.952708,46.116204],[-122.952757,46.116173],[-122.952763,46.116116],[-122.952879,46.116092],[-122.952893,46.115666],[-122.952988,46.115657],[-122.953023,46.115576],[-122.953134,46.115556],[-122.953152,46.115396],[-122.953253,46.115384],[-122.953282,46.115306],[-122.953376,46.115297],[-122.953411,46.115216],[-122.953523,46.115197],[-122.953541,46.115036],[-122.953647,46.115021],[-122.95367,46.114946],[-122.953929,46.114947],[-122.953942,46.115013],[-122.954006,46.115037],[-122.954153,46.115028],[-122.954188,46.114947],[-122.954317,46.114947],[-122.95434,46.115111],[-122.954506,46.115127],[-122.954563,46.115103],[-122.954573,46.114895],[-122.954528,46.114861],[-122.954447,46.114857],[-122.954444,46.114445],[-122.954399,46.114411],[-122.954318,46.114407],[-122.9543,46.114246],[-122.954188,46.114227],[-122.954189,46.113867],[-122.954502,46.113881],[-122.954555,46.113864],[-122.954577,46.113777],[-122.954658,46.113773],[-122.9547,46.113743],[-122.954707,46.113597],[-122.954903,46.113596],[-122.954959,46.113564],[-122.954966,46.113237],[-122.955183,46.113231],[-122.955221,46.113199],[-122.955225,46.113147],[-122.955613,46.113147],[-122.955619,46.113204],[-122.955668,46.113235],[-122.956001,46.113237],[-122.956001,46.113417],[-122.955912,46.113424],[-122.955873,46.113461],[-122.955873,46.113567],[-122.955904,46.113601],[-122.956389,46.113598],[-122.956392,46.113649],[-122.95643,46.113681],[-122.956647,46.113688],[-122.95667,46.113762],[-122.956777,46.113778],[-122.956778,46.113914],[-122.956839,46.113957],[-122.957001,46.113949],[-122.957036,46.113868],[-122.957553,46.113868],[-122.957576,46.113942],[-122.957683,46.113958],[-122.957682,46.114137],[-122.95658,46.114139],[-122.956527,46.114166],[-122.956518,46.114227],[-122.956287,46.11424],[-122.956259,46.114317],[-122.956142,46.114341],[-122.956129,46.114407],[-122.955893,46.114423],[-122.95587,46.114497],[-122.955776,46.114506],[-122.955741,46.114587],[-122.955667,46.11459],[-122.955621,46.114616],[-122.955611,46.114767],[-122.955523,46.114774],[-122.955483,46.114811],[-122.955482,46.115037],[-122.955365,46.115061],[-122.955352,46.115217],[-122.955271,46.115221],[-122.955226,46.115255],[-122.955223,46.115397],[-122.955141,46.115401],[-122.955099,46.11543],[-122.955099,46.115814],[-122.955141,46.115843],[-122.955222,46.115847],[-122.955228,46.115917],[-122.955283,46.11595],[-122.95597,46.115925],[-122.955998,46.115889],[-122.955993,46.115791],[-122.955951,46.115761],[-122.95587,46.115757],[-122.955852,46.115597],[-122.95574,46.115577],[-122.95574,46.115397],[-122.955775,46.115355],[-122.95574,46.115307],[-122.95574,46.115219],[-122.955958,46.115211],[-122.955996,46.115179],[-122.955999,46.115127],[-122.956081,46.115123],[-122.956125,46.115089],[-122.956116,46.114971],[-122.956,46.114947],[-122.956,46.114677],[-122.956231,46.114678],[-122.956258,46.114642],[-122.956259,46.114497],[-122.956365,46.114482],[-122.956388,46.114408],[-122.956612,46.114398],[-122.956647,46.114318],[-122.957553,46.114318],[-122.957553,46.114408],[-122.957518,46.11445],[-122.957553,46.114498],[-122.957553,46.114857],[-122.957518,46.114906],[-122.95757,46.115018],[-122.957682,46.115038],[-122.957682,46.115218],[-122.957552,46.115218],[-122.957546,46.115161],[-122.957497,46.11513],[-122.957205,46.115134],[-122.957167,46.115166],[-122.957164,46.115218],[-122.956968,46.115219],[-122.956914,46.115246],[-122.95687,46.11535],[-122.956905,46.115398],[-122.956905,46.115488],[-122.956694,46.115492],[-122.956652,46.115521],[-122.956646,46.115578],[-122.956435,46.115582],[-122.956393,46.115611],[-122.956387,46.115667],[-122.95628,46.115683],[-122.956258,46.115721],[-122.956258,46.116249],[-122.956298,46.116291],[-122.956387,46.116298],[-122.956415,46.116375],[-122.956516,46.116388],[-122.956529,46.116724],[-122.956645,46.116748],[-122.95668,46.116829],[-122.956774,46.116838],[-122.956803,46.116915],[-122.956904,46.116928],[-122.956926,46.117092],[-122.957162,46.117108],[-122.957185,46.117182],[-122.957292,46.117198],[-122.957326,46.117279],[-122.957421,46.117288],[-122.957421,46.117433],[-122.957448,46.117469],[-122.957504,46.117482],[-122.957639,46.117462],[-122.957677,46.11743],[-122.95768,46.117378],[-122.958068,46.117378]],[[-122.954705,46.115577],[-122.953981,46.115565],[-122.953934,46.115596],[-122.953928,46.115666],[-122.953827,46.115679],[-122.953799,46.115756],[-122.953704,46.115766],[-122.953669,46.115846],[-122.953557,46.115866],[-122.953546,46.116173],[-122.953602,46.116205],[-122.953798,46.116207],[-122.953799,46.116338],[-122.953827,46.116374],[-122.954009,46.116382],[-122.954051,46.116353],[-122.954057,46.116297],[-122.954169,46.116277],[-122.954187,46.116027],[-122.954293,46.116011],[-122.954316,46.115937],[-122.954411,46.115928],[-122.954446,46.115847],[-122.954558,46.115827],[-122.954575,46.115757],[-122.954893,46.115757],[-122.954946,46.115737],[-122.954964,46.115451],[-122.954941,46.115413],[-122.954886,46.115397],[-122.954728,46.115413],[-122.954705,46.115577]],[[-122.955223,46.114357],[-122.955163,46.114305],[-122.95502,46.114319],[-122.954971,46.11435],[-122.954965,46.114407],[-122.954853,46.114427],[-122.954835,46.114623],[-122.954863,46.114665],[-122.955033,46.114701],[-122.955206,46.114657],[-122.955223,46.114357]],[[-122.955728,46.113843],[-122.95576,46.113732],[-122.955728,46.113697],[-122.955522,46.11368],[-122.955486,46.113712],[-122.955483,46.113777],[-122.955401,46.113781],[-122.955359,46.11381],[-122.955362,46.113929],[-122.955416,46.113956],[-122.955571,46.113951],[-122.955609,46.113919],[-122.955612,46.113867],[-122.955728,46.113843]],[[-122.956257,46.116567],[-122.956254,46.116426],[-122.956209,46.116392],[-122.956128,46.116387],[-122.956105,46.116223],[-122.95605,46.116207],[-122.955762,46.116223],[-122.955743,46.116439],[-122.955787,46.116473],[-122.955869,46.116477],[-122.955872,46.116619],[-122.955917,46.116653],[-122.955998,46.116657],[-122.956,46.116794],[-122.956039,46.116831],[-122.956216,46.116831],[-122.956253,46.116799],[-122.956257,46.116748],[-122.956331,46.116745],[-122.956377,46.116719],[-122.956377,46.116596],[-122.956331,46.11657],[-122.956257,46.116567]]]}},{"type":"Feature","properties":{"id":34,"area_m2":48800,"px":488,"rank":3,"persistent":false},"geometry":{"type":"Polygon","coordinates":[[[-122.960791,46.109729],[-122.960791,46.109999],[-122.960696,46.110008],[-122.960662,46.110089],[-122.960545,46.110113],[-122.960532,46.110269],[-122.960431,46.110281],[-122.960403,46.110359],[-122.960302,46.110371],[-122.960273,46.110449],[-122.960178,46.110458],[-122.960144,46.110539],[-122.960032,46.110558],[-122.960014,46.110719],[-122.959908,46.110735],[-122.959885,46.110809],[-122.959626,46.110809],[-122.959626,46.110484],[-122.959593,46.110444],[-122.959368,46.110448],[-122.959354,46.110382],[-122.959238,46.110358],[-122.959232,46.110302],[-122.959183,46.110271],[-122.95885,46.110268],[-122.958844,46.110198],[-122.958797,46.110167],[-122.958591,46.110178],[-122.958569,46.110104],[-122.958462,46.110088],[-122.958461,46.109952],[-122.958414,46.109912],[-122.958264,46.109884],[-122.958203,46.109908],[-122.957973,46.10992],[-122.957944,46.109962],[-122.957967,46.110162],[-122.958203,46.110178],[-122.958221,46.110248],[-122.958332,46.110268],[-122.958367,46.110349],[-122.958462,46.110358],[-122.95849,46.110436],[-122.958591,46.110448],[-122.958619,46.110526],[-122.95872,46.110538],[-122.958743,46.110612],[-122.958979,46.110628],[-122.958997,46.110699],[-122.959108,46.110718],[-122.959122,46.110784],[-122.959238,46.110809],[-122.959272,46.110889],[-122.959497,46.110899],[-122.959496,46.111259],[-122.95939,46.111274],[-122.959367,46.111348],[-122.959251,46.111372],[-122.959237,46.111438],[-122.959001,46.111454],[-122.958978,46.111618],[-122.958849,46.111618],[-122.958843,46.111562],[-122.958794,46.111531],[-122.95859,46.111528],[-122.958577,46.111462],[-122.958513,46.111438],[-122.958121,46.111442],[-122.958079,46.111471],[-122.958073,46.111528],[-122.957956,46.111552],[-122.957943,46.111618],[-122.957595,46.111611],[-122.957556,46.111648],[-122.957555,46.111798],[-122.957448,46.111814],[-122.957425,46.111888],[-122.957208,46.111894],[-122.95717,46.111926],[-122.957166,46.111978],[-122.957055,46.111997],[-122.957037,46.112158],[-122.956955,46.112162],[-122.956911,46.112196],[-122.956907,46.112338],[-122.956806,46.11235],[-122.956778,46.112428],[-122.956683,46.112437],[-122.956648,46.112517],[-122.956537,46.112537],[-122.956519,46.112697],[-122.956412,46.112713],[-122.956389,46.112787],[-122.956288,46.1128],[-122.95626,46.112877],[-122.956165,46.112886],[-122.95613,46.112967],[-122.956019,46.112987],[-122.956001,46.113057],[-122.955872,46.113057],[-122.955811,46.113033],[-122.955742,46.113057],[-122.955225,46.113057],[-122.955225,46.112877],[-122.95532,46.112868],[-122.955354,46.112787],[-122.95547,46.112763],[-122.955484,46.112607],[-122.955565,46.112603],[-122.95561,46.112569],[-122.955613,46.112427],[-122.955708,46.112418],[-122.955743,46.112337],[-122.955855,46.112317],[-122.955872,46.112157],[-122.955967,46.112148],[-122.956002,46.112067],[-122.956083,46.112063],[-122.956125,46.112034],[-122.956131,46.111887],[-122.956226,46.111878],[-122.956261,46.111797],[-122.956335,46.111795],[-122.956381,46.111769],[-122.956391,46.111527],[-122.956485,46.111518],[-122.95652,46.111438],[-122.956627,46.111422],[-122.95665,46.111258],[-122.956744,46.111248],[-122.956779,46.111168],[-122.956853,46.111165],[-122.956899,46.111139],[-122.956909,46.110808],[-122.95701,46.110795],[-122.957038,46.110718],[-122.957126,46.110711],[-122.957166,46.110674],[-122.957168,46.110268],[-122.957501,46.110265],[-122.95755,46.110235],[-122.957556,46.110178],[-122.957651,46.110175],[-122.957697,46.110148],[-122.957686,46.109908],[-122.957787,46.109896],[-122.957815,46.109818],[-122.957904,46.109812],[-122.957943,46.109775],[-122.957939,46.109671],[-122.957897,46.109642],[-122.957815,46.109638],[-122.957815,46.109549],[-122.95789,46.109546],[-122.957936,46.109519],[-122.957945,46.109368],[-122.958271,46.109367],[-122.958324,46.10934],[-122.958333,46.109278],[-122.95868,46.109272],[-122.958718,46.10924],[-122.958722,46.109188],[-122.958838,46.109164],[-122.958851,46.109098],[-122.958963,46.109079],[-122.95898,46.109008],[-122.959092,46.108989],[-122.95911,46.108918],[-122.959314,46.108916],[-122.959363,46.108885],[-122.959369,46.108829],[-122.959498,46.108829],[-122.959521,46.108903],[-122.959627,46.108919],[-122.95965,46.108993],[-122.959757,46.109009],[-122.959779,46.109083],[-122.959886,46.109099],[-122.959909,46.109173],[-122.960015,46.109189],[-122.960033,46.109259],[-122.960145,46.109279],[-122.960179,46.10936],[-122.960274,46.109369],[-122.960302,46.109447],[-122.960403,46.109459],[-122.960432,46.109537],[-122.960533,46.109549],[-122.960561,46.109627],[-122.960662,46.109639],[-122.96069,46.109717],[-122.960791,46.109729]],[[-122.956053,46.112787],[-122.956127,46.112749],[-122.956122,46.112636],[-122.955955,46.112585],[-122.955897,46.112591],[-122.955837,46.11265],[-122.955881,46.112759],[-122.955934,46.112786],[-122.956053,46.112787]],[[-122.956552,46.112306],[-122.956491,46.11217],[-122.956337,46.112134],[-122.956179,46.112161],[-122.956133,46.112201],[-122.956134,46.112299],[-122.956193,46.112336],[-122.95639,46.112338],[-122.956481,46.112358],[-122.956552,46.112306]],[[-122.956697,46.111793],[-122.95684,46.111811],[-122.956895,46.111787],[-122.956905,46.111656],[-122.956853,46.11162],[-122.956704,46.11162],[-122.956652,46.111656],[-122.956652,46.111759],[-122.956697,46.111793]],[[-122.957688,46.110359],[-122.957609,46.110334],[-122.95744,46.110382],[-122.957426,46.110538],[-122.957338,46.110544],[-122.957298,46.110581],[-122.957298,46.110674],[-122.957331,46.110709],[-122.957508,46.110714],[-122.95755,46.110685],[-122.957556,46.110628],[-122.957672,46.110604],[-122.957685,46.110448],[-122.95772,46.110406],[-122.957688,46.110359]],[[-122.958332,46.110628],[-122.958414,46.110624],[-122.958458,46.11059],[-122.958458,46.110487],[-122.958407,46.11045],[-122.958237,46.110457],[-122.958203,46.110538],[-122.958019,46.110524],[-122.957966,46.110541],[-122.957944,46.110628],[-122.957856,46.110634],[-122.957816,46.110671],[-122.957815,46.110939],[-122.957837,46.110972],[-122.957892,46.110988],[-122.95805,46.110972],[-122.958073,46.110808],[-122.95827,46.110807],[-122.958323,46.11078],[-122.958332,46.110628]],[[-122.957944,46.110358],[-122.95791,46.110395],[-122.957925,46.110435],[-122.957984,46.110461],[-122.95804,46.110452],[-122.958072,46.110418],[-122.958061,46.110369],[-122.958006,46.110345],[-122.957944,46.110358]],[[-122.959216,46.109623],[-122.959256,46.109408],[-122.959204,46.109371],[-122.958921,46.109369],[-122.958873,46.109384],[-122.958851,46.109422],[-122.958866,46.109631],[-122.958756,46.109647],[-122.958721,46.109728],[-122.958605,46.109752],[-122.958592,46.109868],[-122.958613,46.109906],[-122.958667,46.109922],[-122.958802,46.109904],[-122.958844,46.109875],[-122.95885,46.109818],[-122.958957,46.109803],[-122.95898,46.109638],[-122.959216,46.109623]],[[-122.960015,46.109459],[-122.960002,46.109393],[-122.959886,46.109369],[-122.959858,46.109291],[-122.959717,46.109265],[-122.95966,46.109274],[-122.959627,46.109369],[-122.959532,46.109378],[-122.959498,46.109458],[-122.959423,46.109461],[-122.959377,46.109487],[-122.959368,46.109638],[-122.959267,46.109651],[-122.959239,46.109728],[-122.959144,46.109738],[-122.959109,46.109818],[-122.958993,46.109842],[-122.958997,46.109992],[-122.959062,46.110012],[-122.959469,46.109986],[-122.959497,46.109909],[-122.959572,46.109906],[-122.959618,46.10988],[-122.959627,46.109729],[-122.959734,46.109713],[-122.959756,46.109639],[-122.960075,46.109638],[-122.960131,46.109615],[-122.960135,46.109487],[-122.96009,46.109461],[-122.960015,46.109459]],[[-122.959515,46.109239],[-122.959495,46.109137],[-122.959457,46.109105],[-122.959287,46.109103],[-122.959241,46.109142],[-122.959245,46.109259],[-122.959307,46.109292],[-122.95947,46.109274],[-122.959515,46.109239]],[[-122.960607,46.109821],[-122.96043,46.109818],[-122.960403,46.109909],[-122.960308,46.109918],[-122.960274,46.109999],[-122.960157,46.110023],[-122.960145,46.11013],[-122.960179,46.11017],[-122.960363,46.110186],[-122.9604,46.110154],[-122.960403,46.110089],[-122.960498,46.11008],[-122.960533,46.109999],[-122.960649,46.109975],[-122.960653,46.109847],[-122.960607,46.109821]]]}},{"type":"Feature","properties":{"id":39,"area_m2":17000,"px":170,"rank":4,"persistent":false},"geometry":{"type":"Polygon","coordinates":[[[-122.962343,46.11081],[-122.962343,46.111079],[-122.962269,46.111082],[-122.962223,46.111108],[-122.962214,46.111349],[-122.962107,46.111365],[-122.962052,46.111471],[-122.962084,46.111529],[-122.962084,46.111709],[-122.961895,46.11171],[-122.961838,46.111733],[-122.961825,46.111979],[-122.961696,46.111979],[-122.96168,46.111717],[-122.961777,46.111705],[-122.961819,46.111676],[-122.961825,46.111578],[-122.961791,46.111538],[-122.961595,46.111542],[-122.961567,46.111578],[-122.961582,46.111702],[-122.96146,46.111725],[-122.961437,46.111799],[-122.961321,46.111823],[-122.961307,46.111889],[-122.961178,46.111889],[-122.961175,46.111824],[-122.961132,46.11179],[-122.960919,46.111799],[-122.960914,46.111652],[-122.960872,46.111623],[-122.96079,46.111619],[-122.960763,46.111528],[-122.960531,46.111529],[-122.960509,46.111455],[-122.960402,46.111439],[-122.960422,46.111309],[-122.960395,46.111272],[-122.960143,46.111259],[-122.960121,46.111185],[-122.960014,46.111169],[-122.960014,46.110989],[-122.960096,46.110985],[-122.960138,46.110955],[-122.960144,46.110719],[-122.960218,46.110716],[-122.960264,46.11069],[-122.960273,46.110539],[-122.960374,46.110527],[-122.960403,46.110449],[-122.960504,46.110437],[-122.960532,46.110359],[-122.960633,46.110347],[-122.960662,46.110269],[-122.960757,46.11026],[-122.960791,46.110179],[-122.960903,46.110159],[-122.960921,46.109999],[-122.961309,46.109999],[-122.961326,46.110159],[-122.961438,46.110179],[-122.961473,46.11026],[-122.961567,46.110269],[-122.961596,46.110347],[-122.961697,46.110359],[-122.961725,46.110437],[-122.961826,46.110449],[-122.961855,46.110527],[-122.961955,46.110539],[-122.961984,46.110617],[-122.962085,46.11063],[-122.962113,46.110707],[-122.962214,46.11072],[-122.962237,46.110794],[-122.962343,46.11081]],[[-122.961561,46.111496],[-122.961586,46.111394],[-122.961546,46.111356],[-122.961356,46.111353],[-122.961309,46.111393],[-122.961314,46.111509],[-122.961375,46.111543],[-122.961519,46.111525],[-122.961561,46.111496]],[[-122.962088,46.110988],[-122.962117,46.110931],[-122.962039,46.110877],[-122.961828,46.110899],[-122.96175,46.110876],[-122.961682,46.110908],[-122.961662,46.110947],[-122.961696,46.110989],[-122.961696,46.111079],[-122.961594,46.111084],[-122.961548,46.111124],[-122.961589,46.111347],[-122.961642,46.111363],[-122.961826,46.111349],[-122.961894,46.111373],[-122.962062,46.111334],[-122.962084,46.111301],[-122.962088,46.110988]]]}},{"type":"Feature","properties":{"id":21,"area_m2":11300,"px":113,"rank":5,"persistent":false},"geometry":{"type":"Polygon","coordinates":[[[-122.961433,46.117559],[-122.961433,46.117919],[-122.961215,46.117926],[-122.961177,46.117958],[-122.961174,46.118009],[-122.95995,46.118009],[-122.959889,46.118037],[-122.959878,46.118099],[-122.95975,46.118099],[-122.959689,46.118075],[-122.959621,46.118099],[-122.959491,46.118099],[-122.959482,46.118037],[-122.959421,46.118009],[-122.958715,46.118008],[-122.958706,46.117677],[-122.958653,46.117649],[-122.958456,46.117647],[-122.958456,46.117558],[-122.958563,46.117543],[-122.958586,46.117468],[-122.958702,46.117444],[-122.958715,46.117378],[-122.958974,46.117379],[-122.958974,46.11769],[-122.959002,46.117726],[-122.959581,46.117746],[-122.959621,46.117704],[-122.959621,46.117199],[-122.959728,46.117183],[-122.959753,46.117109],[-122.96001,46.117109],[-122.960071,46.117133],[-122.960141,46.117109],[-122.960786,46.117109],[-122.960792,46.117166],[-122.960841,46.117197],[-122.961174,46.117199],[-122.961183,46.117351],[-122.961229,46.117377],[-122.961304,46.117379],[-122.961321,46.11754],[-122.961433,46.117559]],[[-122.960527,46.117469],[-122.960733,46.11748],[-122.960783,46.117444],[-122.960785,46.117333],[-122.960731,46.117291],[-122.960446,46.117293],[-122.960404,46.117322],[-122.960396,46.117379],[-122.960268,46.117379],[-122.960259,46.117317],[-122.960206,46.11729],[-122.959792,46.117295],[-122.959751,46.117343],[-122.95976,46.1178],[-122.959919,46.117842],[-122.959992,46.117822],[-122.96001,46.117469],[-122.960139,46.117469],[-122.960144,46.117809],[-122.960206,46.117842],[-122.960356,46.117823],[-122.960394,46.117791],[-122.960398,46.117739],[-122.960479,46.117735],[-122.960524,46.117701],[-122.960527,46.117469]]]}},{"type":"Feature","properties":{"id":13,"area_m2":8800,"px":88,"rank":6,"persistent":false},"geometry":{"type":"Polygon","coordinates":[[[-122.976829,46.129714],[-122.976829,46.129804],[-122.97664,46.129804],[-122.976583,46.129828],[-122.97657,46.129984],[-122.976488,46.129988],[-122.976444,46.130022],[-122.97644,46.130164],[-122.976181,46.130164],[-122.976178,46.130112],[-122.97614,46.13008],[-122.975923,46.130073],[-122.9759,46.129999],[-122.975793,46.129983],[-122.975776,46.129913],[-122.975664,46.129893],[-122.975629,46.129813],[-122.975534,46.129803],[-122.975506,46.129726],[-122.975405,46.129713],[-122.975377,46.129636],[-122.975276,46.129623],[-122.975247,46.129546],[-122.975146,46.129533],[-122.975118,46.129456],[-122.975017,46.129443],[-122.974988,46.129366],[-122.974758,46.129353],[-122.974735,46.129279],[-122.974629,46.129263],[-122.974611,46.129193],[-122.974499,46.129173],[-122.974481,46.129103],[-122.97437,46.129083],[-122.974352,46.129013],[-122.97424,46.128993],[-122.974223,46.128923],[-122.974111,46.128903],[-122.974098,46.128837],[-122.973981,46.128813],[-122.973947,46.128732],[-122.973723,46.128723],[-122.9737,46.128649],[-122.973593,46.128633],[-122.973559,46.128552],[-122.973464,46.128543],[-122.973464,46.128453],[-122.97357,46.128437],[-122.973593,46.128363],[-122.973723,46.128363],[-122.97374,46.128433],[-122.973852,46.128453],[-122.973887,46.128534],[-122.973981,46.128543],[-122.97401,46.128621],[-122.97424,46.128633],[-122.974258,46.128703],[-122.97437,46.128723],[-122.974404,46.128804],[-122.974499,46.128813],[-122.974528,46.128891],[-122.974628,46.128903],[-122.974657,46.128981],[-122.974758,46.128993],[-122.974786,46.129071],[-122.975017,46.129083],[-122.975034,46.129154],[-122.975146,46.129173],[-122.975164,46.129244],[-122.975276,46.129263],[-122.975289,46.129329],[-122.975405,46.129353],[-122.975408,46.129405],[-122.975446,46.129437],[-122.975611,46.129455],[-122.975658,46.129424],[-122.975664,46.129354],[-122.975793,46.129354],[-122.975806,46.129419],[-122.975923,46.129444],[-122.975951,46.129521],[-122.976114,46.129547],[-122.97618,46.129504],[-122.976182,46.129354],[-122.976311,46.129354],[-122.976334,46.129428],[-122.976441,46.129444],[-122.976458,46.129514],[-122.97657,46.129534],[-122.976604,46.129615],[-122.976699,46.129624],[-122.976728,46.129701],[-122.976829,46.129714]]]}},{"type":"Feature","properties":{"id":43,"area_m2":5300,"px":53,"rank":7,"persistent":false},"geometry":{"type":"Polygon","coordinates":[[[-122.961439,46.109189],[-122.961439,46.109279],[-122.960923,46.109279],[-122.96092,46.109142],[-122.960866,46.109101],[-122.96071,46.109103],[-122.960668,46.109132],[-122.960662,46.109189],[-122.960533,46.109189],[-122.960515,46.109119],[-122.960404,46.109099],[-122.960369,46.109018],[-122.960274,46.109009],[-122.960246,46.108931],[-122.960145,46.108919],[-122.960117,46.108841],[-122.959886,46.108829],[-122.959886,46.108739],[-122.959968,46.108735],[-122.960012,46.1087],[-122.960016,46.108607],[-122.959988,46.108571],[-122.959798,46.108565],[-122.95976,46.108597],[-122.959757,46.108649],[-122.959641,46.108673],[-122.959627,46.108739],[-122.959498,46.108738],[-122.959476,46.108664],[-122.959369,46.108648],[-122.959369,46.108469],[-122.959553,46.108482],[-122.959606,46.108466],[-122.959628,46.108289],[-122.959887,46.108289],[-122.9599,46.108355],[-122.960016,46.108379],[-122.960044,46.108456],[-122.960275,46.108469],[-122.960292,46.108539],[-122.960404,46.108559],[-122.960439,46.10864],[-122.960533,46.108649],[-122.960562,46.108727],[-122.960663,46.108739],[-122.960691,46.108817],[-122.960792,46.108829],[-122.96082,46.108907],[-122.961051,46.108919],[-122.961074,46.108993],[-122.96118,46.109009],[-122.961193,46.109075],[-122.961309,46.109099],[-122.961338,46.109177],[-122.961439,46.109189]]]}},{"type":"Feature","properties":{"id":38,"area_m2":4700,"px":47,"rank":8,"persistent":false},"geometry":{"type":"Polygon","coordinates":[[[-122.96066,46.111979],[-122.96066,46.112069],[-122.960403,46.112069],[-122.960398,46.112004],[-122.960355,46.11197],[-122.960067,46.111968],[-122.960019,46.111999],[-122.960013,46.112069],[-122.959932,46.112073],[-122.95989,46.112102],[-122.959884,46.112249],[-122.959496,46.112249],[-122.959496,46.112069],[-122.959612,46.112045],[-122.959625,46.111937],[-122.95957,46.111891],[-122.959367,46.111888],[-122.959367,46.111619],[-122.959473,46.111603],[-122.959496,46.111529],[-122.959612,46.111505],[-122.959626,46.111439],[-122.960014,46.111439],[-122.960037,46.111513],[-122.960143,46.111529],[-122.960156,46.111595],[-122.960272,46.111619],[-122.960301,46.111697],[-122.960402,46.111709],[-122.960419,46.111869],[-122.960531,46.111889],[-122.960566,46.11197],[-122.96066,46.111979]]]}},{"type":"Feature","properties":{"id":35,"area_m2":4000,"px":40,"rank":9,"persistent":false},"geometry":{"type":"Polygon","coordinates":[[[-122.957813,46.112158],[-122.957813,46.112248],[-122.957596,46.112254],[-122.957558,46.112286],[-122.957554,46.112338],[-122.957466,46.112344],[-122.957425,46.112387],[-122.957442,46.112588],[-122.957495,46.112608],[-122.957684,46.112608],[-122.957683,46.112968],[-122.957295,46.112968],[-122.957234,46.112944],[-122.957166,46.112968],[-122.956907,46.112968],[-122.956924,46.112737],[-122.95688,46.112702],[-122.956778,46.112698],[-122.956778,46.112608],[-122.956852,46.112605],[-122.956898,46.112579],[-122.956907,46.112428],[-122.957096,46.112427],[-122.957153,46.112404],[-122.957166,46.112158],[-122.957273,46.112142],[-122.957296,46.112068],[-122.95752,46.112059],[-122.957557,46.111978],[-122.957684,46.111978],[-122.957693,46.112129],[-122.957739,46.112156],[-122.957813,46.112158]]]}},{"type":"Feature","properties":{"id":31,"area_m2":3900,"px":39,"rank":10,"persistent":false},"geometry":{"type":"Polygon","coordinates":[[[-122.959883,46.112969],[-122.959883,46.113149],[-122.959647,46.113164],[-122.959624,46.113329],[-122.959388,46.113344],[-122.959365,46.113508],[-122.959259,46.113524],[-122.959236,46.113598],[-122.959141,46.113608],[-122.959106,46.113688],[-122.958995,46.113708],[-122.958977,46.113778],[-122.958718,46.113778],[-122.958695,46.113704],[-122.958589,46.113688],[-122.958589,46.113508],[-122.958696,46.113493],[-122.958718,46.113418],[-122.958813,46.113409],[-122.958848,46.113328],[-122.95896,46.113309],[-122.958977,46.113238],[-122.959213,46.113223],[-122.959236,46.113059],[-122.959343,46.113043],[-122.959366,46.112969],[-122.959482,46.112945],[-122.959495,46.112879],[-122.959754,46.112879],[-122.959777,46.112953],[-122.959883,46.112969]]]}},{"type":"Feature","properties":{"id":14,"area_m2":3400,"px":34,"rank":11,"persistent":false},"geometry":{"type":"Polygon","coordinates":[[[-122.990809,46.129266],[-122.990809,46.129536],[-122.99068,46.129536],[-122.990657,46.129461],[-122.99055,46.129446],[-122.990537,46.12938],[-122.990421,46.129356],[-122.990393,46.129278],[-122.990292,46.129266],[-122.990274,46.129105],[-122.990162,46.129086],[-122.990128,46.129005],[-122.990033,46.128996],[-122.990004,46.128918],[-122.989903,46.128906],[-122.989886,46.128745],[-122.989774,46.128726],[-122.989739,46.128645],[-122.989644,46.128636],[-122.989645,46.128366],[-122.989774,46.128366],[-122.989791,46.128436],[-122.989903,46.128456],[-122.989921,46.128526],[-122.990033,46.128546],[-122.990046,46.128612],[-122.990162,46.128636],[-122.990197,46.128717],[-122.990421,46.128726],[-122.99043,46.128967],[-122.990476,46.128993],[-122.99055,46.128996],[-122.990585,46.129077],[-122.99068,46.129086],[-122.99066,46.12921],[-122.990682,46.129249],[-122.990809,46.129266]]]}},{"type":"Feature","properties":{"id":22,"area_m2":3400,"px":34,"rank":12,"persistent":false},"geometry":{"type":"Polygon","coordinates":[[[-122.959104,46.116209],[-122.959104,46.116928],[-122.9589,46.116931],[-122.958851,46.116962],[-122.958845,46.117018],[-122.958621,46.117027],[-122.958587,46.117067],[-122.958586,46.117198],[-122.958457,46.117198],[-122.958453,46.116967],[-122.958409,46.116932],[-122.958328,46.116928],[-122.958328,46.116478],[-122.958457,46.116478],[-122.958526,46.116502],[-122.958693,46.116463],[-122.958716,46.116208],[-122.959104,46.116209]],[[-122.958975,46.116609],[-122.958914,46.116556],[-122.95875,46.116577],[-122.958716,46.116617],[-122.958729,46.116724],[-122.958786,46.116748],[-122.95894,46.116739],[-122.958973,46.116705],[-122.958975,46.116609]]]}},{"type":"Feature","properties":{"id":18,"area_m2":2900,"px":29,"rank":13,"persistent":false},"geometry":{"type":"Polygon","coordinates":[[[-122.96764,46.125391],[-122.96764,46.125481],[-122.967252,46.125481],[-122.967229,46.125407],[-122.967123,46.125391],[-122.967105,46.125321],[-122.966994,46.125301],[-122.966959,46.12522],[-122.966864,46.125211],[-122.966836,46.125133],[-122.966735,46.125121],[-122.966706,46.125043],[-122.966605,46.125031],[-122.966577,46.124953],[-122.966476,46.124941],[-122.966448,46.124863],[-122.966347,46.124851],[-122.966324,46.124777],[-122.966088,46.124761],[-122.966065,46.124687],[-122.965958,46.124671],[-122.965941,46.124601],[-122.965829,46.124581],[-122.965794,46.1245],[-122.9657,46.124491],[-122.965671,46.124413],[-122.96557,46.124401],[-122.965567,46.124259],[-122.965522,46.124225],[-122.965441,46.124221],[-122.965441,46.124131],[-122.96557,46.124131],[-122.965593,46.124205],[-122.9657,46.124221],[-122.965734,46.124302],[-122.965829,46.124311],[-122.965829,46.124442],[-122.965864,46.124482],[-122.966217,46.124491],[-122.96624,46.124565],[-122.966347,46.124581],[-122.966364,46.124651],[-122.966476,46.124671],[-122.966511,46.124752],[-122.966605,46.124761],[-122.966634,46.124839],[-122.966735,46.124851],[-122.966763,46.124929],[-122.966864,46.124941],[-122.966887,46.125105],[-122.967123,46.125121],[-122.967123,46.125253],[-122.967151,46.125289],[-122.967313,46.125325],[-122.967382,46.125301],[-122.967511,46.125301],[-122.967534,46.125376],[-122.96764,46.125391]]]}},{"type":"Feature","properties":{"id":23,"area_m2":2700,"px":27,"rank":14,"persistent":false},"geometry":{"type":"Polygon","coordinates":[[[-122.958069,46.116658],[-122.958068,46.117108],[-122.957421,46.117108],[-122.957399,46.116944],[-122.957163,46.116928],[-122.957163,46.116748],[-122.95761,46.116748],[-122.957671,46.116719],[-122.957681,46.116658],[-122.958069,46.116658]]]}},{"type":"Feature","properties":{"id":24,"area_m2":2400,"px":24,"rank":15,"persistent":false},"geometry":{"type":"Polygon","coordinates":[[[-122.960657,46.116659],[-122.960657,46.117019],[-122.960528,46.117019],[-122.960466,46.116995],[-122.960398,46.117019],[-122.960269,46.117019],[-122.960269,46.116749],[-122.960304,46.116701],[-122.96026,46.116597],[-122.960199,46.116569],[-122.959915,46.116578],[-122.959881,46.116618],[-122.959882,46.116795],[-122.959922,46.116832],[-122.96001,46.116839],[-122.96001,46.117019],[-122.95988,46.117019],[-122.959858,46.116945],[-122.959751,46.116929],[-122.959752,46.116389],[-122.96001,46.116389],[-122.960019,46.11645],[-122.960073,46.116478],[-122.960398,46.116479],[-122.960421,46.116553],[-122.960528,46.116569],[-122.960562,46.11665],[-122.960657,46.116659]]]}},{"type":"Feature","properties":{"id":27,"area_m2":2200,"px":22,"rank":16,"persistent":false},"geometry":{"type":"Polygon","coordinates":[[[-122.962859,46.1145],[-122.962858,46.11468],[-122.962655,46.114682],[-122.962606,46.114713],[-122.9626,46.11477],[-122.96247,46.11477],[-122.96247,46.114638],[-122.962436,46.114599],[-122.962082,46.114589],[-122.962082,46.11432],[-122.962189,46.114304],[-122.962212,46.11423],[-122.9626,46.11423],[-122.962613,46.114386],[-122.962729,46.11441],[-122.962764,46.114491],[-122.962859,46.1145]]]}},{"type":"Feature","properties":{"id":6,"area_m2":1800,"px":18,"rank":17,"persistent":false},"geometry":{"type":"Polygon","coordinates":[[[-122.982524,46.132415],[-122.982524,46.132505],[-122.982429,46.132514],[-122.982394,46.132595],[-122.98232,46.132597],[-122.982274,46.132623],[-122.982265,46.132775],[-122.982158,46.132791],[-122.982135,46.132865],[-122.98204,46.132874],[-122.982006,46.132955],[-122.981894,46.132974],[-122.981876,46.133045],[-122.981747,46.133045],[-122.981724,46.13297],[-122.981617,46.132955],[-122.981617,46.132865],[-122.981718,46.132852],[-122.981747,46.132775],[-122.981848,46.132762],[-122.981876,46.132685],[-122.981971,46.132676],[-122.982006,46.132595],[-122.98208,46.132592],[-122.982126,46.132566],[-122.982135,46.132325],[-122.982265,46.132325],[-122.982271,46.132381],[-122.98232,46.132412],[-122.982524,46.132415]]]}},{"type":"Feature","properties":{"id":40,"area_m2":1400,"px":14,"rank":18,"persistent":false},"geometry":{"type":"Polygon","coordinates":[[[-122.958719,46.111708],[-122.958719,46.111888],[-122.958613,46.111904],[-122.95859,46.111978],[-122.958331,46.111978],[-122.95827,46.111954],[-122.958202,46.111978],[-122.957943,46.111978],[-122.957943,46.111888],[-122.957978,46.111846],[-122.957943,46.111798],[-122.957943,46.111708],[-122.958202,46.111708],[-122.958263,46.111732],[-122.958331,46.111708],[-122.958719,46.111708]]]}},{"type":"Feature","properties":{"id":11,"area_m2":1200,"px":12,"rank":19,"persistent":false},"geometry":{"type":"Polygon","coordinates":[[[-122.976828,46.131064],[-122.976828,46.131154],[-122.976569,46.131154],[-122.976547,46.131079],[-122.97644,46.131064],[-122.976422,46.130993],[-122.976311,46.130974],[-122.976276,46.130893],[-122.976181,46.130884],[-122.976153,46.130806],[-122.976052,46.130794],[-122.976023,46.130716],[-122.975922,46.130703],[-122.975922,46.130614],[-122.976181,46.130614],[-122.976204,46.130688],[-122.976311,46.130704],[-122.976328,46.130774],[-122.97644,46.130794],[-122.976475,46.130875],[-122.976569,46.130884],[-122.976598,46.130961],[-122.976699,46.130974],[-122.976727,46.131051],[-122.976828,46.131064]]]}},{"type":"Feature","properties":{"id":25,"area_m2":1100,"px":11,"rank":20,"persistent":false},"geometry":{"type":"Polygon","coordinates":[[[-122.961823,46.114949],[-122.961823,46.115129],[-122.961716,46.115145],[-122.961693,46.115219],[-122.961564,46.115219],[-122.961558,46.115163],[-122.961509,46.115132],[-122.961305,46.115129],[-122.961283,46.115055],[-122.961176,46.115039],[-122.961176,46.114949],[-122.961394,46.114943],[-122.961432,46.114911],[-122.961435,46.114859],[-122.961564,46.114859],[-122.96157,46.114916],[-122.961619,46.114947],[-122.961823,46.114949]]]}},{"type":"Feature","properties":{"id":5,"area_m2":1000,"px":10,"rank":21,"persistent":false},"geometry":{"type":"Polygon","coordinates":[[[-122.981746,46.134125],[-122.981746,46.134215],[-122.981617,46.134215],[-122.981599,46.134144],[-122.981488,46.134125],[-122.981453,46.134044],[-122.981358,46.134035],[-122.98133,46.133957],[-122.981229,46.133945],[-122.9812,46.133867],[-122.981099,46.133854],[-122.981071,46.133777],[-122.98084,46.133764],[-122.980818,46.13369],[-122.980711,46.133674],[-122.980711,46.133585],[-122.98097,46.133585],[-122.980987,46.133655],[-122.981099,46.133675],[-122.981134,46.133755],[-122.981229,46.133765],[-122.981257,46.133842],[-122.981487,46.133855],[-122.981501,46.134011],[-122.981617,46.134035],[-122.981651,46.134116],[-122.981746,46.134125]]]}},{"type":"Feature","properties":{"id":3,"area_m2":900,"px":9,"rank":22,"persistent":false},"geometry":{"type":"Polygon","coordinates":[[[-122.984206,46.135565],[-122.984206,46.135745],[-122.984076,46.135745],[-122.984053,46.135671],[-122.983947,46.135655],[-122.983929,46.135585],[-122.983817,46.135565],[-122.983783,46.135484],[-122.983688,46.135475],[-122.983659,46.135397],[-122.983559,46.135385],[-122.98353,46.135307],[-122.983429,46.135295],[-122.983401,46.135217],[-122.9833,46.135205],[-122.9833,46.135115],[-122.983429,46.135115],[-122.983447,46.135185],[-122.983558,46.135205],[-122.983572,46.135271],[-122.983688,46.135295],[-122.983722,46.135376],[-122.983947,46.135385],[-122.983947,46.135516],[-122.983981,46.135556],[-122.984206,46.135565]]]}},{"type":"Feature","properties":{"id":4,"area_m2":900,"px":9,"rank":23,"persistent":false},"geometry":{"type":"Polygon","coordinates":[[[-122.989643,46.135026],[-122.989643,46.135206],[-122.989569,46.135208],[-122.989523,46.135234],[-122.989514,46.135386],[-122.989296,46.135392],[-122.989258,46.135424],[-122.989255,46.135476],[-122.989138,46.1355],[-122.989125,46.135566],[-122.988996,46.135566],[-122.988996,46.135476],[-122.989097,46.135463],[-122.989125,46.135386],[-122.98922,46.135377],[-122.989255,46.135296],[-122.989336,46.135292],[-122.989378,46.135262],[-122.989419,46.135163],[-122.989384,46.135116],[-122.989384,46.134936],[-122.989514,46.134936],[-122.989536,46.13501],[-122.989643,46.135026]]]}},{"type":"Feature","properties":{"id":19,"area_m2":800,"px":8,"rank":24,"persistent":false},"geometry":{"type":"Polygon","coordinates":[[[-122.97942,46.123234],[-122.97942,46.123414],[-122.979291,46.123414],[-122.97929,46.123283],[-122.979262,46.123246],[-122.978903,46.123234],[-122.978899,46.123182],[-122.978861,46.12315],[-122.978644,46.123144],[-122.978644,46.123054],[-122.978902,46.123054],[-122.978964,46.123078],[-122.979032,46.123054],[-122.979161,46.123054],[-122.979184,46.123128],[-122.979291,46.123144],[-122.979325,46.123225],[-122.97942,46.123234]]]}},{"type":"Feature","properties":{"id":28,"area_m2":800,"px":8,"rank":25,"persistent":false},"geometry":{"type":"Polygon","coordinates":[[[-122.961824,46.113689],[-122.961824,46.113869],[-122.96175,46.113872],[-122.961704,46.113898],[-122.961694,46.114049],[-122.961306,46.114049],[-122.961306,46.113959],[-122.961401,46.113957],[-122.96145,46.113925],[-122.961436,46.113779],[-122.961639,46.113777],[-122.961689,46.113746],[-122.961695,46.113689],[-122.961824,46.113689]]]}},{"type":"Feature","properties":{"id":2,"area_m2":700,"px":7,"rank":26,"persistent":false},"geometry":{"type":"Polygon","coordinates":[[[-122.9855,46.136465],[-122.9855,46.136555],[-122.985371,46.136555],[-122.985348,46.136481],[-122.985241,46.136465],[-122.985228,46.136399],[-122.985112,46.136375],[-122.985083,46.136297],[-122.984982,46.136285],[-122.984982,46.136105],[-122.985241,46.136105],[-122.98525,46.136347],[-122.985296,46.136373],[-122.985371,46.136375],[-122.985405,46.136456],[-122.9855,46.136465]]]}},{"type":"Feature","properties":{"id":7,"area_m2":700,"px":7,"rank":27,"persistent":false},"geometry":{"type":"Polygon","coordinates":[[[-122.979805,46.132774],[-122.979805,46.133044],[-122.979676,46.133044],[-122.979653,46.13297],[-122.979546,46.132954],[-122.979546,46.132594],[-122.979676,46.132594],[-122.979685,46.132746],[-122.979731,46.132772],[-122.979805,46.132774]]]}},{"type":"Feature","properties":{"id":12,"area_m2":600,"px":6,"rank":28,"persistent":false},"geometry":{"type":"Polygon","coordinates":[[[-122.975663,46.130344],[-122.975663,46.130433],[-122.975405,46.130433],[-122.975392,46.130277],[-122.975335,46.130254],[-122.975146,46.130253],[-122.975146,46.130163],[-122.975534,46.130164],[-122.975543,46.130315],[-122.975589,46.130341],[-122.975663,46.130344]]]}},{"type":"Feature","properties":{"id":15,"area_m2":600,"px":6,"rank":29,"persistent":false},"geometry":{"type":"Polygon","coordinates":[[[-122.989774,46.129266],[-122.989774,46.129356],[-122.989385,46.129355],[-122.989385,46.129086],[-122.989515,46.129086],[-122.989538,46.12916],[-122.989644,46.129176],[-122.989679,46.129256],[-122.989774,46.129266]]]}},{"type":"Feature","properties":{"id":32,"area_m2":600,"px":6,"rank":30,"persistent":false},"geometry":{"type":"Polygon","coordinates":[[[-122.957942,46.113148],[-122.957942,46.113328],[-122.957813,46.113328],[-122.957751,46.113304],[-122.957683,46.113328],[-122.957554,46.113328],[-122.957554,46.113148],[-122.95766,46.113132],[-122.957683,46.113058],[-122.957813,46.113058],[-122.957835,46.113132],[-122.957942,46.113148]]]}},{"type":"Feature","properties":{"id":16,"area_m2":500,"px":5,"rank":31,"persistent":false},"geometry":{"type":"Polygon","coordinates":[[[-122.989126,46.129086],[-122.989126,46.129355],[-122.988868,46.129355],[-122.988868,46.129176],[-122.988974,46.12916],[-122.988997,46.129086],[-122.989126,46.129086]]]}},{"type":"Feature","properties":{"id":29,"area_m2":500,"px":5,"rank":32,"persistent":false},"geometry":{"type":"Polygon","coordinates":[[[-122.961047,46.113869],[-122.961047,46.114049],[-122.960918,46.114049],[-122.960895,46.113975],[-122.960789,46.113959],[-122.960754,46.113878],[-122.960659,46.113869],[-122.960659,46.113689],[-122.960789,46.113689],[-122.960789,46.11382],[-122.960823,46.11386],[-122.961047,46.113869]]]}},{"type":"Feature","properties":{"id":36,"area_m2":500,"px":5,"rank":33,"persistent":false},"geometry":{"type":"Polygon","coordinates":[[[-122.958589,46.112698],[-122.958589,46.112788],[-122.958483,46.112804],[-122.95846,46.112878],[-122.958201,46.112878],[-122.958201,46.112698],[-122.958589,46.112698]]]}},{"type":"Feature","properties":{"id":41,"area_m2":500,"px":5,"rank":34,"persistent":false},"geometry":{"type":"Polygon","coordinates":[[[-122.962991,46.11045],[-122.962991,46.11063],[-122.962884,46.110646],[-122.962861,46.11072],[-122.962732,46.11072],[-122.962732,46.11045],[-122.962991,46.11045]]]}},{"type":"Feature","properties":{"id":10,"area_m2":400,"px":4,"rank":35,"persistent":false},"geometry":{"type":"Polygon","coordinates":[[[-122.985499,46.130887],[-122.985467,46.130933],[-122.985501,46.130975],[-122.985501,46.131065],[-122.985395,46.131081],[-122.985372,46.131155],[-122.985243,46.131155],[-122.985243,46.131065],[-122.985277,46.131023],[-122.985243,46.130975],[-122.985243,46.130885],[-122.985349,46.130869],[-122.985372,46.130795],[-122.9855,46.130795],[-122.985499,46.130887]]]}},{"type":"Feature","properties":{"id":17,"area_m2":400,"px":4,"rank":36,"persistent":false},"geometry":{"type":"Polygon","coordinates":[[[-122.984596,46.127195],[-122.984596,46.127285],[-122.984469,46.127285],[-122.984444,46.127211],[-122.984338,46.127195],[-122.984338,46.126925],[-122.984467,46.126925],[-122.98447,46.127157],[-122.984515,46.127191],[-122.984596,46.127195]]]}},{"type":"Feature","properties":{"id":26,"area_m2":400,"px":4,"rank":37,"persistent":false},"geometry":{"type":"Polygon","coordinates":[[[-122.964152,46.11495],[-122.964152,46.11504],[-122.963764,46.11504],[-122.963742,46.114966],[-122.963635,46.11495],[-122.963635,46.11486],[-122.963764,46.11486],[-122.963773,46.114922],[-122.963827,46.114949],[-122.964152,46.11495]]]}},{"type":"Feature","properties":{"id":30,"area_m2":400,"px":4,"rank":38,"persistent":false},"geometry":{"type":"Polygon","coordinates":[[[-122.961436,46.113599],[-122.961436,46.113689],[-122.961354,46.113693],[-122.96131,46.113728],[-122.961306,46.113869],[-122.961177,46.113869],[-122.961154,46.113795],[-122.961048,46.113779],[-122.961048,46.113689],[-122.961251,46.113687],[-122.9613,46.113656],[-122.961306,46.113599],[-122.961436,46.113599]]]}},{"type":"Feature","properties":{"id":37,"area_m2":400,"px":4,"rank":39,"persistent":false},"geometry":{"type":"Polygon","coordinates":[[[-122.960916,46.11261],[-122.960884,46.112657],[-122.960919,46.112699],[-122.960919,46.112789],[-122.960789,46.112789],[-122.960767,46.112715],[-122.96066,46.112699],[-122.96066,46.112519],[-122.960919,46.112519],[-122.960916,46.11261]]]}},{"type":"Feature","properties":{"id":42,"area_m2":400,"px":4,"rank":40,"persistent":false},"geometry":{"type":"Polygon","coordinates":[[[-122.96312,46.11],[-122.96312,46.11018],[-122.962991,46.11018],[-122.962968,46.110106],[-122.962862,46.11009],[-122.962862,46.10991],[-122.962991,46.10991],[-122.963014,46.109984],[-122.96312,46.11]]]}},{"type":"Feature","properties":{"id":8,"area_m2":300,"px":3,"rank":41,"persistent":false},"geometry":{"type":"Polygon","coordinates":[[[-122.979417,46.132414],[-122.979417,46.132504],[-122.979158,46.132504],[-122.979158,46.132324],[-122.979287,46.132324],[-122.97931,46.132398],[-122.979417,46.132414]]]}},{"type":"Feature","properties":{"id":9,"area_m2":300,"px":3,"rank":42,"persistent":false},"geometry":{"type":"Polygon","coordinates":[[[-122.988349,46.130976],[-122.988349,46.131155],[-122.98822,46.131155],[-122.988197,46.131081],[-122.988091,46.131065],[-122.988091,46.130976],[-122.988349,46.130976]]]}},{"type":"Feature","properties":{"id":33,"area_m2":300,"px":3,"rank":43,"persistent":false},"geometry":{"type":"Polygon","coordinates":[[[-122.957424,46.113058],[-122.957424,46.113148],[-122.957036,46.113148],[-122.957036,46.113058],[-122.957424,46.113058]]]}}]}