{"type":"FeatureCollection","features":[{"type":"Feature","properties":{"id":1,"area_m2":1844700,"px":18447,"rank":1,"persistent":false},"geometry":{"type":"Polygon","coordinates":[[[-122.994045,46.132146],[-122.994045,46.132236],[-122.993957,46.132242],[-122.993917,46.132279],[-122.993916,46.132506],[-122.993809,46.132522],[-122.993786,46.132596],[-122.99367,46.13262],[-122.993657,46.132686],[-122.993473,46.132672],[-122.99342,46.132689],[-122.993398,46.132776],[-122.993303,46.132785],[-122.993268,46.132866],[-122.993194,46.132868],[-122.993148,46.132894],[-122.993139,46.133046],[-122.993009,46.133046],[-122.992975,46.132965],[-122.992828,46.132956],[-122.992764,46.13298],[-122.99275,46.133046],[-122.992403,46.133052],[-122.992364,46.133089],[-122.992362,46.133226],[-122.992255,46.133242],[-122.992233,46.133316],[-122.992132,46.133328],[-122.992103,46.133406],[-122.992002,46.133418],[-122.991974,46.133496],[-122.991873,46.133508],[-122.991844,46.133586],[-122.991743,46.133598],[-122.991715,46.133676],[-122.99162,46.133685],[-122.991585,46.133766],[-122.991473,46.133786],[-122.991456,46.133856],[-122.991326,46.133856],[-122.991321,46.133786],[-122.991266,46.133753],[-122.991085,46.133786],[-122.991049,46.134261],[-122.991095,46.134301],[-122.991197,46.134306],[-122.991197,46.134396],[-122.99109,46.134412],[-122.991067,46.134486],[-122.990966,46.134498],[-122.990938,46.134576],[-122.990837,46.134588],[-122.990808,46.134666],[-122.990713,46.134675],[-122.990679,46.134756],[-122.990567,46.134775],[-122.990549,46.134846],[-122.990184,46.134862],[-122.990164,46.134987],[-122.990209,46.135022],[-122.99029,46.135026],[-122.99029,46.135116],[-122.990184,46.135132],[-122.990161,46.135206],[-122.99006,46.135218],[-122.990031,46.135296],[-122.98993,46.135308],[-122.989902,46.135386],[-122.989807,46.135395],[-122.989772,46.135476],[-122.989661,46.135495],[-122.989643,46.135566],[-122.989514,46.135566],[-122.989479,46.135485],[-122.989325,46.135476],[-122.989264,46.135504],[-122.989255,46.135566],[-122.989024,46.135578],[-122.988996,46.135656],[-122.988648,46.135662],[-122.988611,46.135694],[-122.988607,46.135746],[-122.987771,46.135746],[-122.98771,46.135774],[-122.987701,46.135835],[-122.986972,46.13584],[-122.98693,46.135869],[-122.986924,46.135925],[-122.986836,46.135932],[-122.986795,46.135974],[-122.986808,46.136081],[-122.986924,46.136105],[-122.986924,46.136195],[-122.98657,46.136204],[-122.986536,46.136285],[-122.986441,46.136294],[-122.986406,46.136375],[-122.98629,46.136399],[-122.986277,46.136555],[-122.98617,46.136571],[-122.986147,46.136645],[-122.986031,46.136669],[-122.986018,46.136735],[-122.985759,46.136735],[-122.985736,46.136571],[-122.985371,46.136555],[-122.985348,46.136481],[-122.985241,46.136465],[-122.985241,46.136375],[-122.985574,46.136373],[-122.985624,46.136342],[-122.985631,46.136285],[-122.985888,46.136285],[-122.985911,46.136359],[-122.986064,46.136398],[-122.986222,46.136373],[-122.986277,46.136327],[-122.986264,46.136129],[-122.986207,46.136106],[-122.986018,46.136105],[-122.986009,46.136044],[-122.985948,46.136016],[-122.985794,46.136024],[-122.985759,46.136105],[-122.98563,46.136105],[-122.985612,46.136035],[-122.9855,46.136015],[-122.985487,46.135949],[-122.985371,46.135925],[-122.985336,46.135844],[-122.985112,46.135835],[-122.985099,46.135769],[-122.984982,46.135745],[-122.984977,46.135688],[-122.984934,46.135659],[-122.984724,46.135655],[-122.984714,46.135504],[-122.984668,46.135477],[-122.984594,46.135475],[-122.98456,46.135394],[-122.984465,46.135385],[-122.984436,46.135307],[-122.984206,46.135295],[-122.984206,46.135115],[-122.984294,46.135109],[-122.984334,46.135072],[-122.984322,46.134869],[-122.984265,46.134845],[-122.983818,46.134845],[-122.983818,46.134755],[-122.984014,46.134754],[-122.984073,46.134717],[-122.984076,46.134444],[-122.984042,46.134404],[-122.983866,46.134399],[-122.983824,46.134428],[-122.983818,46.134485],[-122.983711,46.134501],[-122.983688,46.134665],[-122.983581,46.134681],[-122.983559,46.134755],[-122.9833,46.134755],[-122.983277,46.134681],[-122.98317,46.134665],[-122.983136,46.134584],[-122.983041,46.134575],[-122.983019,46.134397],[-122.982966,46.134381],[-122.982782,46.134395],[-122.982759,46.134321],[-122.982653,46.134305],[-122.982653,46.134215],[-122.982759,46.134199],[-122.982815,46.134093],[-122.982782,46.134035],[-122.982782,46.133945],[-122.982877,46.133936],[-122.982912,46.133855],[-122.982993,46.133851],[-122.983035,46.133822],[-122.983041,46.133634],[-122.983018,46.133601],[-122.982912,46.133585],[-122.982894,46.133515],[-122.982782,46.133495],[-122.982769,46.133429],[-122.982653,46.133405],[-122.982618,46.133324],[-122.982456,46.133316],[-122.982395,46.133358],[-122.982394,46.133495],[-122.982293,46.133507],[-122.982264,46.133585],[-122.982176,46.133591],[-122.982136,46.133628],[-122.982148,46.133741],[-122.982264,46.133765],[-122.982264,46.133945],[-122.982005,46.133945],[-122.981992,46.133879],[-122.981876,46.133855],[-122.981841,46.133774],[-122.981617,46.133765],[-122.981636,46.13345],[-122.98159,46.133409],[-122.981488,46.133405],[-122.981488,46.133315],[-122.981745,46.133298],[-122.981767,46.133259],[-122.981747,46.133135],[-122.982135,46.133135],[-122.982204,46.133159],[-122.982346,46.133131],[-122.982388,46.133101],[-122.982394,46.133045],[-122.98251,46.133021],[-122.982524,46.132955],[-122.982635,46.132935],[-122.982653,46.132865],[-122.982871,46.132858],[-122.982909,46.132827],[-122.982912,46.132775],[-122.983041,46.132775],[-122.983045,46.132917],[-122.983111,46.132955],[-122.983402,46.132956],[-122.983429,46.13292],[-122.983432,46.132775],[-122.983818,46.132775],[-122.983846,46.132853],[-122.984077,46.132865],[-122.984086,46.132926],[-122.984139,46.132954],[-122.984281,46.132953],[-122.984333,46.132917],[-122.984336,46.132734],[-122.984308,46.132697],[-122.983948,46.132685],[-122.983938,46.132624],[-122.983885,46.132596],[-122.983559,46.132595],[-122.983579,46.132381],[-122.983557,46.132341],[-122.98343,46.132325],[-122.983424,46.132268],[-122.983375,46.132237],[-122.983042,46.132235],[-122.983032,46.132083],[-122.982986,46.132057],[-122.982912,46.132055],[-122.98292,46.1319],[-122.982877,46.131877],[-122.982783,46.131875],[-122.98276,46.131801],[-122.982653,46.131785],[-122.982653,46.131563],[-122.982625,46.131527],[-122.982436,46.131521],[-122.982398,46.131553],[-122.982394,46.131605],[-122.982265,46.131605],[-122.982196,46.131581],[-122.982014,46.131617],[-122.981986,46.131655],[-122.982006,46.131785],[-122.981899,46.1318],[-122.981844,46.131907],[-122.981876,46.131965],[-122.981876,46.132055],[-122.981652,46.132064],[-122.981618,46.132145],[-122.981501,46.132169],[-122.981488,46.132235],[-122.981376,46.132254],[-122.981359,46.132325],[-122.981264,46.132327],[-122.981221,46.13235],[-122.98121,46.132386],[-122.981258,46.132492],[-122.981488,46.132505],[-122.981488,46.132685],[-122.981381,46.1327],[-122.981357,46.132775],[-122.981229,46.132775],[-122.981223,46.132704],[-122.981176,46.132673],[-122.981025,46.132687],[-122.980976,46.132718],[-122.98095,46.132809],[-122.980991,46.132858],[-122.981099,46.132865],[-122.981117,46.133025],[-122.981229,46.133045],[-122.981229,46.133225],[-122.980841,46.133224],[-122.980818,46.13315],[-122.980711,46.133134],[-122.980711,46.133003],[-122.980677,46.132964],[-122.980323,46.132954],[-122.98032,46.132889],[-122.980277,46.132855],[-122.980064,46.132864],[-122.980055,46.132803],[-122.980001,46.132775],[-122.979868,46.132775],[-122.979823,46.132794],[-122.979823,46.132935],[-122.979934,46.132954],[-122.979969,46.133035],[-122.980064,46.133044],[-122.980092,46.133122],[-122.980193,46.133134],[-122.980222,46.133212],[-122.980323,46.133224],[-122.980351,46.133302],[-122.980452,46.133315],[-122.980452,46.133404],[-122.980323,46.133404],[-122.980305,46.133334],[-122.980193,46.133314],[-122.980159,46.133233],[-122.980064,46.133224],[-122.980035,46.133147],[-122.979934,46.133134],[-122.979906,46.133057],[-122.979676,46.133044],[-122.979653,46.13297],[-122.979546,46.132954],[-122.97954,46.132614],[-122.979478,46.132581],[-122.979287,46.132594],[-122.979265,46.13252],[-122.979158,46.132504],[-122.979158,46.132283],[-122.97913,46.132246],[-122.978967,46.13221],[-122.978899,46.132234],[-122.97877,46.132234],[-122.978747,46.13216],[-122.97864,46.132144],[-122.97864,46.132013],[-122.978606,46.131973],[-122.978252,46.131964],[-122.978249,46.131912],[-122.978211,46.13188],[-122.977993,46.131874],[-122.97797,46.1318],[-122.977818,46.131761],[-122.977734,46.131784],[-122.977605,46.131784],[-122.977582,46.13171],[-122.977475,46.131694],[-122.977475,46.131604],[-122.977688,46.131613],[-122.977731,46.131579],[-122.977734,46.131514],[-122.977851,46.13149],[-122.977864,46.131244],[-122.977959,46.131235],[-122.977993,46.131154],[-122.97811,46.13113],[-122.978122,46.131023],[-122.978094,46.130986],[-122.977605,46.130974],[-122.977599,46.130917],[-122.97755,46.130886],[-122.977087,46.130884],[-122.977081,46.130827],[-122.977032,46.130796],[-122.976699,46.130794],[-122.976681,46.130723],[-122.97657,46.130704],[-122.976535,46.130623],[-122.97644,46.130614],[-122.976412,46.130536],[-122.976181,46.130524],[-122.976164,46.130453],[-122.976052,46.130433],[-122.976017,46.130353],[-122.975923,46.130343],[-122.975894,46.130266],[-122.975793,46.130253],[-122.975765,46.130176],[-122.975664,46.130163],[-122.975641,46.130089],[-122.975405,46.130073],[-122.975392,46.130007],[-122.975275,46.129983],[-122.975272,46.129932],[-122.975234,46.1299],[-122.975077,46.129881],[-122.975022,46.129913],[-122.975016,46.129983],[-122.974759,46.129983],[-122.974754,46.129932],[-122.974717,46.1299],[-122.974499,46.129893],[-122.974481,46.129823],[-122.974369,46.129803],[-122.974335,46.129722],[-122.97424,46.129713],[-122.974212,46.129635],[-122.974111,46.129623],[-122.974082,46.129545],[-122.973981,46.129533],[-122.973953,46.129455],[-122.973852,46.129443],[-122.973823,46.129365],[-122.973722,46.129353],[-122.9737,46.129279],[-122.973463,46.129263],[-122.973441,46.129189],[-122.973334,46.129173],[-122.973316,46.129103],[-122.973205,46.129083],[-122.97317,46.129002],[-122.973075,46.128993],[-122.973047,46.128915],[-122.972946,46.128903],[-122.972917,46.128825],[-122.972816,46.128813],[-122.972817,46.128723],[-122.972898,46.128719],[-122.972943,46.128685],[-122.972944,46.128496],[-122.972905,46.128459],[-122.972817,46.128453],[-122.972813,46.128401],[-122.972776,46.128369],[-122.972558,46.128363],[-122.972558,46.128183],[-122.972592,46.128135],[-122.972529,46.128015],[-122.972299,46.128003],[-122.972281,46.127932],[-122.97217,46.127913],[-122.972157,46.127847],[-122.97204,46.127823],[-122.972037,46.127771],[-122.971999,46.127739],[-122.971691,46.127726],[-122.971653,46.127762],[-122.971649,46.127892],[-122.971781,46.127913],[-122.971804,46.127987],[-122.971911,46.128003],[-122.971924,46.128069],[-122.97204,46.128093],[-122.972068,46.12817],[-122.972169,46.128183],[-122.972169,46.128273],[-122.971911,46.128273],[-122.971893,46.128202],[-122.971781,46.128182],[-122.971747,46.128102],[-122.971652,46.128092],[-122.971623,46.128015],[-122.971393,46.128002],[-122.97137,46.127928],[-122.971264,46.127912],[-122.971246,46.127842],[-122.971134,46.127822],[-122.9711,46.127741],[-122.971005,46.127732],[-122.970976,46.127655],[-122.970875,46.127642],[-122.970847,46.127565],[-122.970746,46.127552],[-122.970746,46.127462],[-122.970976,46.12745],[-122.971005,46.127414],[-122.971005,46.127282],[-122.971106,46.12727],[-122.971135,46.127192],[-122.971235,46.12718],[-122.971264,46.127102],[-122.971359,46.127093],[-122.971394,46.127012],[-122.97151,46.126988],[-122.971523,46.126743],[-122.97163,46.126727],[-122.971653,46.126653],[-122.971841,46.126652],[-122.971898,46.126629],[-122.971912,46.126473],[-122.972023,46.126453],[-122.972075,46.126345],[-122.972041,46.126293],[-122.972041,46.126113],[-122.97217,46.126113],[-122.972193,46.126187],[-122.972346,46.126225],[-122.972429,46.126203],[-122.972559,46.126203],[-122.972576,46.126273],[-122.972688,46.126293],[-122.972697,46.126354],[-122.972751,46.126382],[-122.972913,46.126374],[-122.972947,46.126293],[-122.973206,46.126293],[-122.973229,46.126367],[-122.973351,46.126391],[-122.973336,46.126514],[-122.97337,46.126554],[-122.973648,46.126577],[-122.973711,46.126552],[-122.973711,46.126407],[-122.973661,46.126384],[-122.973449,46.126375],[-122.973459,46.126236],[-122.973417,46.126207],[-122.973336,46.126203],[-122.973301,46.126122],[-122.973145,46.126089],[-122.973077,46.126113],[-122.972688,46.126113],[-122.972689,46.125843],[-122.972721,46.125785],[-122.972666,46.125679],[-122.972559,46.125663],[-122.972532,46.125572],[-122.972477,46.125559],[-122.972341,46.125579],[-122.972304,46.125611],[-122.9723,46.125663],[-122.972082,46.125669],[-122.972045,46.125701],[-122.972041,46.125753],[-122.971805,46.125768],[-122.971782,46.126022],[-122.971676,46.126038],[-122.971653,46.126112],[-122.971464,46.126113],[-122.971412,46.126132],[-122.971394,46.126292],[-122.971312,46.126297],[-122.971268,46.126331],[-122.971264,46.126472],[-122.971028,46.126488],[-122.971005,46.126562],[-122.970924,46.126566],[-122.970882,46.126596],[-122.970876,46.126742],[-122.970099,46.126742],[-122.970096,46.12669],[-122.970058,46.126658],[-122.96984,46.126652],[-122.969818,46.126578],[-122.969711,46.126562],[-122.969688,46.126398],[-122.969452,46.126382],[-122.969435,46.126312],[-122.969323,46.126292],[-122.969305,46.126222],[-122.969193,46.126202],[-122.969176,46.126132],[-122.969064,46.126112],[-122.969051,46.126046],[-122.968935,46.126022],[-122.9689,46.125941],[-122.968676,46.125932],[-122.96867,46.125785],[-122.968628,46.125756],[-122.968547,46.125752],[-122.968518,46.125674],[-122.968288,46.125662],[-122.96827,46.125591],[-122.968158,46.125571],[-122.968124,46.125491],[-122.968029,46.125481],[-122.968,46.125404],[-122.9679,46.125391],[-122.967871,46.125314],[-122.96777,46.125301],[-122.967742,46.125224],[-122.967641,46.125211],[-122.967612,46.125134],[-122.967511,46.125121],[-122.967483,46.125044],[-122.967253,46.125031],[-122.967235,46.124961],[-122.967123,46.124941],[-122.967105,46.124871],[-122.966994,46.124851],[-122.966976,46.124781],[-122.966864,46.124761],[-122.966851,46.124695],[-122.966735,46.124671],[-122.9667,46.12459],[-122.966476,46.124581],[-122.966463,46.124425],[-122.966347,46.124401],[-122.966312,46.12432],[-122.966217,46.124311],[-122.966189,46.124233],[-122.966088,46.124221],[-122.96606,46.124143],[-122.965829,46.124131],[-122.965823,46.124074],[-122.965774,46.124043],[-122.96557,46.124041],[-122.965567,46.123899],[-122.965523,46.123865],[-122.965441,46.123861],[-122.965424,46.1237],[-122.965312,46.123681],[-122.965277,46.1236],[-122.965182,46.123591],[-122.965154,46.123513],[-122.965053,46.123501],[-122.965025,46.123423],[-122.964924,46.123411],[-122.964895,46.123333],[-122.964794,46.12332],[-122.964766,46.123243],[-122.964665,46.12323],[-122.964656,46.123079],[-122.96461,46.123053],[-122.964536,46.123049],[-122.964536,46.122961],[-122.964617,46.122956],[-122.964662,46.122922],[-122.964665,46.122829],[-122.964637,46.122793],[-122.964277,46.12278],[-122.964264,46.122714],[-122.964148,46.12269],[-122.964125,46.122616],[-122.963979,46.122587],[-122.963901,46.122611],[-122.963889,46.12269],[-122.963759,46.12269],[-122.963742,46.12262],[-122.96363,46.1226],[-122.963617,46.122534],[-122.963501,46.12251],[-122.963466,46.122429],[-122.96331,46.122396],[-122.963242,46.12242],[-122.963112,46.12242],[-122.963095,46.12235],[-122.962983,46.12233],[-122.962948,46.122249],[-122.962854,46.12224],[-122.962825,46.122162],[-122.962724,46.12215],[-122.962696,46.122072],[-122.962595,46.12206],[-122.962566,46.121982],[-122.962465,46.12197],[-122.962437,46.121892],[-122.962207,46.12188],[-122.962189,46.121809],[-122.962077,46.12179],[-122.962043,46.121709],[-122.961948,46.1217],[-122.96192,46.121622],[-122.961819,46.121609],[-122.96179,46.121532],[-122.961689,46.121519],[-122.961661,46.121442],[-122.96156,46.121429],[-122.961531,46.121352],[-122.96143,46.121339],[-122.961402,46.121262],[-122.961172,46.121249],[-122.961154,46.121179],[-122.961042,46.121159],[-122.961008,46.121078],[-122.960913,46.121069],[-122.960885,46.120991],[-122.960784,46.120979],[-122.960755,46.120901],[-122.960654,46.120889],[-122.960626,46.120811],[-122.960395,46.120799],[-122.960378,46.120729],[-122.960266,46.120709],[-122.960232,46.120628],[-122.960137,46.120619],[-122.960108,46.120541],[-122.960007,46.120529],[-122.959979,46.120451],[-122.959878,46.120439],[-122.95985,46.120361],[-122.959749,46.120349],[-122.95972,46.120271],[-122.959619,46.120259],[-122.959591,46.120181],[-122.95936,46.120169],[-122.959347,46.120013],[-122.959231,46.119989],[-122.959197,46.119908],[-122.959102,46.119899],[-122.959085,46.119725],[-122.959027,46.119705],[-122.958843,46.119718],[-122.95882,46.119644],[-122.958714,46.119628],[-122.958679,46.119548],[-122.958584,46.119538],[-122.958571,46.119382],[-122.958455,46.119358],[-122.958421,46.119277],[-122.958326,46.119268],[-122.958297,46.119191],[-122.95812,46.119167],[-122.958073,46.119198],[-122.958067,46.119268],[-122.957937,46.119268],[-122.957934,46.119036],[-122.95789,46.119002],[-122.957808,46.118998],[-122.957792,46.118916],[-122.95789,46.118904],[-122.957932,46.118875],[-122.957938,46.118638],[-122.958197,46.118638],[-122.958214,46.118708],[-122.958326,46.118728],[-122.958361,46.118809],[-122.958455,46.118818],[-122.958484,46.118896],[-122.958714,46.118908],[-122.958727,46.118974],[-122.958843,46.118999],[-122.958872,46.119076],[-122.959102,46.119089],[-122.959108,46.119145],[-122.95915,46.119174],[-122.959443,46.119175],[-122.959485,46.119145],[-122.959525,46.119052],[-122.959462,46.118921],[-122.959232,46.118909],[-122.959226,46.118852],[-122.959177,46.118821],[-122.958973,46.118818],[-122.95897,46.118767],[-122.958932,46.118735],[-122.958585,46.118728],[-122.958562,46.118654],[-122.958456,46.118638],[-122.958438,46.118478],[-122.958326,46.118458],[-122.958292,46.118377],[-122.958197,46.118368],[-122.958208,46.118267],[-122.95853,46.118276],[-122.958579,46.118245],[-122.958585,46.118188],[-122.959312,46.118188],[-122.959381,46.118144],[-122.959356,46.118042],[-122.959299,46.11801],[-122.958586,46.118008],[-122.958586,46.117918],[-122.958702,46.117894],[-122.958715,46.117787],[-122.95866,46.117741],[-122.958456,46.117738],[-122.958457,46.117468],[-122.958568,46.117449],[-122.958606,46.117339],[-122.958566,46.117295],[-122.958457,46.117288],[-122.958428,46.117211],[-122.95826,46.117199],[-122.958198,46.117247],[-122.958197,46.117737],[-122.958163,46.117791],[-122.958197,46.117828],[-122.958203,46.117975],[-122.958245,46.118004],[-122.958327,46.118008],[-122.958326,46.118098],[-122.95822,46.118114],[-122.958186,46.118199],[-122.957757,46.118188],[-122.957692,46.118212],[-122.957681,46.118415],[-122.95772,46.118452],[-122.957808,46.118458],[-122.957824,46.11863],[-122.957727,46.118642],[-122.957682,46.118676],[-122.957644,46.118776],[-122.957695,46.1189],[-122.957549,46.118908],[-122.957521,46.11883],[-122.957291,46.118818],[-122.957285,46.118761],[-122.957236,46.11873],[-122.956773,46.118728],[-122.95675,46.118654],[-122.956644,46.118638],[-122.956631,46.118572],[-122.956514,46.118548],[-122.956486,46.11847],[-122.956385,46.118457],[-122.956385,46.118368],[-122.956467,46.118363],[-122.956509,46.118334],[-122.956518,46.118208],[-122.956385,46.118187],[-122.956379,46.118131],[-122.95633,46.1181],[-122.955997,46.118097],[-122.955984,46.117941],[-122.955868,46.117917],[-122.955833,46.117836],[-122.955738,46.117827],[-122.955729,46.117676],[-122.955683,46.11765],[-122.955609,46.117647],[-122.95561,46.117197],[-122.955718,46.117191],[-122.955759,46.117141],[-122.955736,46.116786],[-122.955691,46.116751],[-122.95561,46.116747],[-122.95561,46.116242],[-122.955571,46.1162],[-122.95527,46.116211],[-122.955228,46.11624],[-122.95522,46.116297],[-122.954963,46.116297],[-122.95496,46.116245],[-122.954922,46.116213],[-122.954739,46.116216],[-122.954705,46.116256],[-122.954704,46.116387],[-122.954468,46.116403],[-122.954445,46.116477],[-122.95435,46.116486],[-122.954316,46.116567],[-122.954241,46.116569],[-122.954195,46.116595],[-122.954186,46.116747],[-122.954085,46.116759],[-122.954057,46.116837],[-122.953962,46.116846],[-122.953927,46.116926],[-122.953811,46.116951],[-122.953798,46.117106],[-122.953668,46.117106],[-122.953646,46.117032],[-122.953539,46.117015],[-122.953539,46.116926],[-122.953728,46.116926],[-122.953785,46.116903],[-122.953789,46.116775],[-122.953735,46.116748],[-122.953539,46.116746],[-122.953533,46.11669],[-122.953491,46.11666],[-122.953206,46.116659],[-122.953157,46.11669],[-122.953151,46.116746],[-122.953023,46.116746],[-122.953012,46.116685],[-122.952959,46.116657],[-122.952375,46.116656],[-122.952352,46.116582],[-122.952245,46.116565],[-122.952245,46.116476],[-122.952347,46.116472],[-122.952393,46.116431],[-122.952375,46.116116],[-122.952559,46.11613],[-122.952621,46.116105],[-122.952634,46.115936],[-122.952708,46.115934],[-122.952754,46.115908],[-122.952764,46.115756],[-122.952845,46.115752],[-122.95289,46.115718],[-122.952893,46.115576],[-122.952994,46.115564],[-122.953023,46.115486],[-122.953117,46.115477],[-122.953152,46.115396],[-122.953268,46.115372],[-122.953282,46.115216],[-122.953376,46.115207],[-122.953411,46.115126],[-122.953493,46.115122],[-122.953535,46.115093],[-122.953541,46.114946],[-122.953647,46.114931],[-122.95367,46.114856],[-122.953786,46.114832],[-122.9538,46.114767],[-122.953929,46.114767],[-122.95393,46.114903],[-122.95397,46.11494],[-122.954133,46.114944],[-122.954182,46.114913],[-122.954188,46.114857],[-122.954317,46.114857],[-122.954317,46.114988],[-122.954345,46.115024],[-122.954506,46.115036],[-122.954567,46.115008],[-122.954611,46.114904],[-122.954576,46.114857],[-122.954575,46.11472],[-122.954535,46.114683],[-122.954447,46.114677],[-122.954438,46.114435],[-122.954392,46.114409],[-122.954318,46.114407],[-122.954314,46.114175],[-122.95427,46.114141],[-122.954188,46.114137],[-122.954154,46.114056],[-122.954059,46.114047],[-122.954059,46.113957],[-122.954277,46.11395],[-122.954315,46.113918],[-122.954318,46.113867],[-122.954502,46.113881],[-122.954564,46.113856],[-122.954576,46.11364],[-122.954536,46.113603],[-122.954448,46.113597],[-122.954448,46.113507],[-122.954577,46.113507],[-122.954612,46.113588],[-122.954766,46.113597],[-122.954827,46.113568],[-122.954836,46.113507],[-122.954931,46.113504],[-122.954973,46.113482],[-122.954966,46.113057],[-122.95504,46.113055],[-122.955086,46.113028],[-122.955095,46.112877],[-122.95519,46.112868],[-122.955225,46.112787],[-122.955299,46.112785],[-122.955345,46.112759],[-122.955354,46.112517],[-122.955455,46.112505],[-122.955484,46.112427],[-122.9556,46.112403],[-122.955613,46.112337],[-122.95572,46.112321],[-122.955743,46.112157],[-122.955844,46.112145],[-122.955872,46.112067],[-122.955967,46.112058],[-122.956002,46.111977],[-122.956118,46.111953],[-122.956131,46.111797],[-122.956213,46.111793],[-122.956257,46.111759],[-122.956261,46.111617],[-122.956342,46.111613],[-122.956384,46.111584],[-122.956391,46.111437],[-122.956472,46.111433],[-122.956514,46.111404],[-122.95652,46.111258],[-122.956615,46.111248],[-122.95665,46.111168],[-122.956724,46.111165],[-122.95677,46.111139],[-122.95677,46.111016],[-122.956724,46.11099],[-122.95665,46.110987],[-122.95665,46.110808],[-122.956724,46.110805],[-122.95677,46.110779],[-122.956779,46.110628],[-122.956874,46.110618],[-122.956909,46.110538],[-122.957025,46.110514],[-122.957038,46.110358],[-122.957145,46.110342],[-122.957168,46.110268],[-122.957284,46.110244],[-122.957297,46.110178],[-122.957427,46.110178],[-122.957503,46.110201],[-122.957676,46.110149],[-122.957682,46.109946],[-122.957638,46.109912],[-122.957556,46.109908],[-122.957556,46.109818],[-122.957651,46.109809],[-122.957686,46.109728],[-122.957802,46.109704],[-122.957815,46.109548],[-122.957897,46.109544],[-122.957941,46.10951],[-122.957945,46.109368],[-122.958299,46.109359],[-122.958333,46.109319],[-122.958333,46.109188],[-122.958463,46.109188],[-122.958472,46.10925],[-122.958525,46.109277],[-122.958822,46.109266],[-122.958851,46.109188],[-122.958967,46.109164],[-122.959,46.109064],[-122.95896,46.109015],[-122.958851,46.109008],[-122.958851,46.108918],[-122.958958,46.108903],[-122.958981,46.108828],[-122.959082,46.108816],[-122.95911,46.108738],[-122.959211,46.108726],[-122.95924,46.108648],[-122.959334,46.108639],[-122.959369,46.108559],[-122.959481,46.108539],[-122.959498,46.108469],[-122.959628,46.108469],[-122.959628,46.108649],[-122.959527,46.108661],[-122.959498,46.108738],[-122.959403,46.108748],[-122.959369,46.108828],[-122.959257,46.108848],[-122.959245,46.108975],[-122.959302,46.109007],[-122.959498,46.109009],[-122.959499,46.109145],[-122.959539,46.109182],[-122.959886,46.109189],[-122.959904,46.109259],[-122.960015,46.109279],[-122.960033,46.109349],[-122.960145,46.109369],[-122.960162,46.109439],[-122.960274,46.109459],[-122.960287,46.109525],[-122.960403,46.109549],[-122.960438,46.10963],[-122.960662,46.109639],[-122.960671,46.10979],[-122.960717,46.109817],[-122.960791,46.10982],[-122.960791,46.109999],[-122.960703,46.110005],[-122.960663,46.110042],[-122.960663,46.110149],[-122.960695,46.110183],[-122.96088,46.110173],[-122.960917,46.110141],[-122.960921,46.110089],[-122.961438,46.110089],[-122.961456,46.110159],[-122.961567,46.110179],[-122.961581,46.110245],[-122.961697,46.110269],[-122.9617,46.110321],[-122.961738,46.110353],[-122.962015,46.110359],[-122.962067,46.11034],[-122.962084,46.110133],[-122.962044,46.110096],[-122.961956,46.110089],[-122.961975,46.109922],[-122.961895,46.109885],[-122.961826,46.109909],[-122.961568,46.109909],[-122.961568,46.109729],[-122.961656,46.109723],[-122.961696,46.109686],[-122.961698,46.109369],[-122.961827,46.109369],[-122.961845,46.10944],[-122.961956,46.109459],[-122.961991,46.10954],[-122.962086,46.109549],[-122.962114,46.109627],[-122.962215,46.10964],[-122.962243,46.109717],[-122.962344,46.10973],[-122.962373,46.109807],[-122.962474,46.10982],[-122.962502,46.109897],[-122.962732,46.10991],[-122.96275,46.11007],[-122.962862,46.11009],[-122.962896,46.110171],[-122.962991,46.11018],[-122.963019,46.110257],[-122.96312,46.11027],[-122.96312,46.11063],[-122.963019,46.110642],[-122.962991,46.11072],[-122.96289,46.110732],[-122.962861,46.11081],[-122.962766,46.110819],[-122.962732,46.1109],[-122.96262,46.110919],[-122.962602,46.11099],[-122.962496,46.111005],[-122.962473,46.11117],[-122.962372,46.111182],[-122.962343,46.111259],[-122.962248,46.111269],[-122.962214,46.111349],[-122.962097,46.111373],[-122.962086,46.111576],[-122.962125,46.111613],[-122.962214,46.11162],[-122.962213,46.111709],[-122.961895,46.11171],[-122.961843,46.111729],[-122.961834,46.112041],[-122.96188,46.112067],[-122.961954,46.112069],[-122.961989,46.11215],[-122.962084,46.11216],[-122.962112,46.112237],[-122.962213,46.11225],[-122.962241,46.112327],[-122.962342,46.11234],[-122.962371,46.112417],[-122.962472,46.11243],[-122.962506,46.112511],[-122.962731,46.11252],[-122.962765,46.112601],[-122.962929,46.112622],[-122.962988,46.11258],[-122.96299,46.11243],[-122.963119,46.11243],[-122.963142,46.112594],[-122.963248,46.11261],[-122.963254,46.112667],[-122.963296,46.112696],[-122.963507,46.1127],[-122.963487,46.11283],[-122.963514,46.112867],[-122.963766,46.11288],[-122.963772,46.112937],[-122.963821,46.112968],[-122.964024,46.11297],[-122.964042,46.11313],[-122.964154,46.11315],[-122.964188,46.113231],[-122.964283,46.11324],[-122.964311,46.113318],[-122.964412,46.11333],[-122.964416,46.113562],[-122.96446,46.113596],[-122.964542,46.1136],[-122.964545,46.114102],[-122.964589,46.114136],[-122.964671,46.11414],[-122.964674,46.114192],[-122.964712,46.114224],[-122.964929,46.11423],[-122.964939,46.114382],[-122.964984,46.114408],[-122.965059,46.114411],[-122.965065,46.114647],[-122.965107,46.114676],[-122.965188,46.114681],[-122.965201,46.114927],[-122.965258,46.11495],[-122.965447,46.114951],[-122.965464,46.115021],[-122.965576,46.115041],[-122.965589,46.115107],[-122.965705,46.115131],[-122.965709,46.115182],[-122.965746,46.115214],[-122.965964,46.115221],[-122.965987,46.115295],[-122.966093,46.115311],[-122.966128,46.115392],[-122.966223,46.115401],[-122.96624,46.115561],[-122.966352,46.115581],[-122.966352,46.115761],[-122.966116,46.115777],[-122.966093,46.115815],[-122.966106,46.115917],[-122.966222,46.115941],[-122.966228,46.115998],[-122.96627,46.116027],[-122.966481,46.116031],[-122.966504,46.116105],[-122.966611,46.116121],[-122.966628,46.116191],[-122.96674,46.116211],[-122.966774,46.116292],[-122.966869,46.116301],[-122.966898,46.116379],[-122.966999,46.116391],[-122.967027,46.116469],[-122.967128,46.116481],[-122.967156,46.116559],[-122.967257,46.116571],[-122.967258,46.116882],[-122.967286,46.116919],[-122.967775,46.116931],[-122.967775,46.117021],[-122.967693,46.117025],[-122.967649,46.11706],[-122.967651,46.117258],[-122.967708,46.11729],[-122.967904,46.117291],[-122.967927,46.117366],[-122.968033,46.117381],[-122.968068,46.117462],[-122.968163,46.117471],[-122.968186,46.117636],[-122.968359,46.11765],[-122.968412,46.117623],[-122.968422,46.117562],[-122.968679,46.117562],[-122.968703,46.117636],[-122.96881,46.117652],[-122.96881,46.117742],[-122.968721,46.117748],[-122.968682,46.117785],[-122.968681,46.118053],[-122.968703,46.118086],[-122.968758,46.118102],[-122.969327,46.118102],[-122.969328,46.118233],[-122.969356,46.11827],[-122.969586,46.118282],[-122.969592,46.118338],[-122.969641,46.11837],[-122.969845,46.118372],[-122.969868,46.118446],[-122.969974,46.118462],[-122.969987,46.118528],[-122.970103,46.118552],[-122.970132,46.11863],[-122.970233,46.118642],[-122.97025,46.118802],[-122.970362,46.118822],[-122.970397,46.118903],[-122.970492,46.118912],[-122.97052,46.11899],[-122.970621,46.119002],[-122.970649,46.11908],[-122.97075,46.119092],[-122.970779,46.11917],[-122.97088,46.119182],[-122.970883,46.119324],[-122.970928,46.119358],[-122.971009,46.119362],[-122.971027,46.119522],[-122.971138,46.119542],[-122.971173,46.119623],[-122.971268,46.119632],[-122.971296,46.11971],[-122.971397,46.119722],[-122.971426,46.1198],[-122.971526,46.119812],[-122.971555,46.11989],[-122.971656,46.119902],[-122.971684,46.11998],[-122.971785,46.119992],[-122.971791,46.120139],[-122.971833,46.120168],[-122.971915,46.120173],[-122.971949,46.120253],[-122.972044,46.120263],[-122.972062,46.120423],[-122.972114,46.120442],[-122.972303,46.120443],[-122.972309,46.120499],[-122.972358,46.12053],[-122.972562,46.120533],[-122.972579,46.120603],[-122.972691,46.120623],[-122.972709,46.120693],[-122.97282,46.120713],[-122.972838,46.120783],[-122.97295,46.120803],[-122.972967,46.120873],[-122.973079,46.120893],[-122.973092,46.120959],[-122.973208,46.120983],[-122.973243,46.121064],[-122.973467,46.121073],[-122.97348,46.121139],[-122.973597,46.121163],[-122.973619,46.121237],[-122.973766,46.121266],[-122.973843,46.121242],[-122.973856,46.121163],[-122.974114,46.121163],[-122.974118,46.121215],[-122.974155,46.121247],[-122.974373,46.121253],[-122.974376,46.121485],[-122.974421,46.121519],[-122.974502,46.121523],[-122.974506,46.121575],[-122.974544,46.121607],[-122.974761,46.121613],[-122.974771,46.121675],[-122.974824,46.121702],[-122.97515,46.121703],[-122.975163,46.121769],[-122.975279,46.121793],[-122.975285,46.12185],[-122.975334,46.121881],[-122.975797,46.121883],[-122.975858,46.121907],[-122.975926,46.121883],[-122.976055,46.121883],[-122.976056,46.122015],[-122.976084,46.122051],[-122.976246,46.122088],[-122.976314,46.122064],[-122.976573,46.122064],[-122.976596,46.122138],[-122.976702,46.122154],[-122.976736,46.122248],[-122.976961,46.122244],[-122.976963,46.12238],[-122.977002,46.122417],[-122.977479,46.122424],[-122.977482,46.122475],[-122.97752,46.122507],[-122.977738,46.122514],[-122.977766,46.122592],[-122.977997,46.122604],[-122.978003,46.12266],[-122.978045,46.12269],[-122.978255,46.122694],[-122.978259,46.122759],[-122.978302,46.122793],[-122.978514,46.122784],[-122.978537,46.122858],[-122.978644,46.122874],[-122.978644,46.122964],[-122.978126,46.122964],[-122.978113,46.122898],[-122.977997,46.122874],[-122.977968,46.122796],[-122.977808,46.122784],[-122.977739,46.122827],[-122.977744,46.12302],[-122.977786,46.12305],[-122.977867,46.123054],[-122.977873,46.12311],[-122.977915,46.12314],[-122.978126,46.123144],[-122.978132,46.123201],[-122.978174,46.12323],[-122.978644,46.123234],[-122.978647,46.123286],[-122.978685,46.123318],[-122.978902,46.123324],[-122.978915,46.12348],[-122.979032,46.123504],[-122.979045,46.12357],[-122.979161,46.123594],[-122.979165,46.123646],[-122.979202,46.123678],[-122.97942,46.123684],[-122.979421,46.123821],[-122.979461,46.123858],[-122.979748,46.123877],[-122.979803,46.123844],[-122.979808,46.123774],[-122.979938,46.123774],[-122.979941,46.123916],[-122.979986,46.12395],[-122.980067,46.123954],[-122.980085,46.124114],[-122.980137,46.124134],[-122.980326,46.124134],[-122.980326,46.124674],[-122.980251,46.124677],[-122.980205,46.124703],[-122.980205,46.124826],[-122.980251,46.124852],[-122.980326,46.124854],[-122.980329,46.124906],[-122.980367,46.124938],[-122.980584,46.124944],[-122.980619,46.125025],[-122.980843,46.125034],[-122.980866,46.125109],[-122.980973,46.125124],[-122.980973,46.125304],[-122.980878,46.125313],[-122.980843,46.125394],[-122.980727,46.125418],[-122.980731,46.125555],[-122.980843,46.125574],[-122.980849,46.125631],[-122.980891,46.12566],[-122.981102,46.125664],[-122.981111,46.125726],[-122.981164,46.125753],[-122.981326,46.125745],[-122.981361,46.125665],[-122.98162,46.125665],[-122.981616,46.125824],[-122.98167,46.125844],[-122.981878,46.125845],[-122.981901,46.125919],[-122.982008,46.125935],[-122.982021,46.126091],[-122.982137,46.126115],[-122.982143,46.126171],[-122.982192,46.126202],[-122.982336,46.126217],[-122.982395,46.126175],[-122.98239,46.126058],[-122.982348,46.126029],[-122.982267,46.126025],[-122.982267,46.125935],[-122.982655,46.125935],[-122.982668,46.126001],[-122.982784,46.126025],[-122.982819,46.126106],[-122.983043,46.126115],[-122.983066,46.126189],[-122.983173,46.126205],[-122.983173,46.126475],[-122.982916,46.126491],[-122.982894,46.126531],[-122.982931,46.126635],[-122.983043,46.126655],[-122.983049,46.126711],[-122.983091,46.126741],[-122.983302,46.126745],[-122.98332,46.126815],[-122.983431,46.126835],[-122.983445,46.126901],[-122.983561,46.126925],[-122.983595,46.127006],[-122.98382,46.127015],[-122.983837,46.127085],[-122.983949,46.127105],[-122.983962,46.127171],[-122.984079,46.127195],[-122.984085,46.127252],[-122.984127,46.127281],[-122.984275,46.127284],[-122.984328,46.127256],[-122.984372,46.127153],[-122.984338,46.127105],[-122.984338,46.127015],[-122.984467,46.127015],[-122.984473,46.127072],[-122.984522,46.127103],[-122.984726,46.127105],[-122.984749,46.127179],[-122.984855,46.127195],[-122.984868,46.127261],[-122.984985,46.127285],[-122.985013,46.127363],[-122.985114,46.127375],[-122.985114,46.127465],[-122.985033,46.127469],[-122.984991,46.127498],[-122.984985,46.127645],[-122.98495,46.127693],[-122.984998,46.127801],[-122.985114,46.127825],[-122.985148,46.127906],[-122.985318,46.127913],[-122.985367,46.127882],[-122.985373,46.127825],[-122.985502,46.127825],[-122.98552,46.127895],[-122.985632,46.127915],[-122.985645,46.127981],[-122.985761,46.128005],[-122.985767,46.128062],[-122.985809,46.128091],[-122.986338,46.128095],[-122.986399,46.128067],[-122.986408,46.128005],[-122.986871,46.128003],[-122.98692,46.127972],[-122.986926,46.127915],[-122.98713,46.127913],[-122.987179,46.127882],[-122.987185,46.127825],[-122.987314,46.127825],[-122.98732,46.127895],[-122.987375,46.127928],[-122.987573,46.127915],[-122.987642,46.127939],[-122.987703,46.127915],[-122.987832,46.127915],[-122.987834,46.128066],[-122.987885,46.128106],[-122.988057,46.128086],[-122.988091,46.128005],[-122.988479,46.128006],[-122.988483,46.128057],[-122.988521,46.128089],[-122.988738,46.128096],[-122.988767,46.128173],[-122.988997,46.128186],[-122.989003,46.128242],[-122.989045,46.128271],[-122.989256,46.128276],[-122.989279,46.12835],[-122.989385,46.128366],[-122.989385,46.128635],[-122.988997,46.128635],[-122.988988,46.128574],[-122.988927,46.128546],[-122.988527,46.12855],[-122.988485,46.128579],[-122.988479,46.128635],[-122.988363,46.128659],[-122.98835,46.128725],[-122.988238,46.128745],[-122.98822,46.128815],[-122.988032,46.128816],[-122.987975,46.128839],[-122.987979,46.129066],[-122.988032,46.129085],[-122.988172,46.129081],[-122.988214,46.129052],[-122.98822,46.128996],[-122.988479,46.128996],[-122.98854,46.12902],[-122.988609,46.128996],[-122.988868,46.128996],[-122.988868,46.129085],[-122.988767,46.129098],[-122.988738,46.129175],[-122.98865,46.129182],[-122.98861,46.129219],[-122.988622,46.129331],[-122.988738,46.129356],[-122.988751,46.129512],[-122.988808,46.129535],[-122.989385,46.129536],[-122.989398,46.129692],[-122.989515,46.129716],[-122.989528,46.129782],[-122.989644,46.129806],[-122.98965,46.129862],[-122.989699,46.129893],[-122.989841,46.129895],[-122.989894,46.129867],[-122.989903,46.129626],[-122.990162,46.129626],[-122.990171,46.129777],[-122.990217,46.129803],[-122.990291,46.129806],[-122.990304,46.129872],[-122.990369,46.129896],[-122.990645,46.129887],[-122.99068,46.129806],[-122.990761,46.129802],[-122.990803,46.129772],[-122.990809,46.129626],[-122.990939,46.129626],[-122.990952,46.129782],[-122.991068,46.129806],[-122.991103,46.129887],[-122.991198,46.129897],[-122.991197,46.130166],[-122.991009,46.130166],[-122.990952,46.13019],[-122.990956,46.130416],[-122.991009,46.130435],[-122.991456,46.130436],[-122.991465,46.130587],[-122.991511,46.130613],[-122.991586,46.130616],[-122.991578,46.130771],[-122.991636,46.130795],[-122.991845,46.130796],[-122.991867,46.13087],[-122.991974,46.130886],[-122.991987,46.130952],[-122.992103,46.130976],[-122.992132,46.131054],[-122.992233,46.131066],[-122.992234,46.131202],[-122.992274,46.131239],[-122.992621,46.131246],[-122.992682,46.13127],[-122.992751,46.131246],[-122.99288,46.131246],[-122.99286,46.131375],[-122.992901,46.131419],[-122.993139,46.131426],[-122.9932,46.13145],[-122.993269,46.131426],[-122.993398,46.131426],[-122.993421,46.1315],[-122.993527,46.131516],[-122.99354,46.131672],[-122.993657,46.131696],[-122.99367,46.131852],[-122.993786,46.131876],[-122.993799,46.132032],[-122.993916,46.132056],[-122.99395,46.132137],[-122.994045,46.132146]],[[-122.954558,46.115827],[-122.95459,46.115701],[-122.954533,46.115668],[-122.954099,46.115673],[-122.954059,46.11571],[-122.954057,46.115847],[-122.953951,46.115862],[-122.953928,46.115936],[-122.953692,46.115952],[-122.953678,46.116088],[-122.953724,46.116114],[-122.953798,46.116117],[-122.953802,46.116168],[-122.953839,46.1162],[-122.954016,46.1162],[-122.954056,46.116163],[-122.954057,46.116027],[-122.954288,46.116014],[-122.954316,46.115937],[-122.954411,46.115928],[-122.954446,46.115847],[-122.954558,46.115827]],[[-122.954714,46.115425],[-122.954688,46.115717],[-122.954739,46.115754],[-122.954901,46.115756],[-122.954954,46.115728],[-122.954963,46.115446],[-122.954923,46.115403],[-122.954767,46.115398],[-122.954714,46.115425]],[[-122.955223,46.114357],[-122.955202,46.11432],[-122.955148,46.114303],[-122.95502,46.114319],[-122.954974,46.114345],[-122.954964,46.114497],[-122.95493,46.114545],[-122.955005,46.114671],[-122.955161,46.114676],[-122.955214,46.114648],[-122.955223,46.114357]],[[-122.955932,46.114574],[-122.955775,46.114596],[-122.955741,46.114677],[-122.955625,46.114701],[-122.955611,46.114857],[-122.95553,46.114861],[-122.955485,46.114895],[-122.955482,46.115037],[-122.9554,46.115041],[-122.955358,46.11507],[-122.955352,46.115577],[-122.955257,46.115579],[-122.955211,46.115607],[-122.955222,46.115757],[-122.955188,46.115799],[-122.955245,46.115921],[-122.955391,46.11595],[-122.955468,46.115926],[-122.955481,46.115847],[-122.95561,46.115847],[-122.955628,46.115917],[-122.95574,46.115937],[-122.955753,46.116003],[-122.955817,46.116027],[-122.955951,46.116023],[-122.955999,46.115973],[-122.955986,46.115871],[-122.955869,46.115847],[-122.955864,46.115521],[-122.955822,46.115491],[-122.95574,46.115487],[-122.955741,46.115217],[-122.955944,46.115215],[-122.955999,46.115169],[-122.955998,46.115081],[-122.955965,46.115046],[-122.955741,46.115037],[-122.955741,46.114947],[-122.955822,46.114943],[-122.955867,46.114909],[-122.95587,46.114767],[-122.955959,46.114761],[-122.955998,46.114724],[-122.955987,46.114598],[-122.955932,46.114574]],[[-122.962328,46.114926],[-122.962375,46.114807],[-122.962318,46.114695],[-122.962082,46.114679],[-122.962059,46.114605],[-122.961953,46.114589],[-122.96194,46.114523],[-122.961823,46.114499],[-122.961795,46.114422],[-122.961694,46.114409],[-122.961694,46.114319],[-122.961789,46.11431],[-122.961824,46.114229],[-122.961898,46.114227],[-122.961944,46.114201],[-122.961953,46.11405],[-122.96206,46.114034],[-122.962083,46.11396],[-122.962266,46.113973],[-122.962329,46.113949],[-122.962342,46.113744],[-122.962307,46.113699],[-122.962212,46.113689],[-122.962184,46.113612],[-122.962083,46.113599],[-122.962077,46.113273],[-122.962035,46.113244],[-122.961954,46.113239],[-122.961936,46.113079],[-122.961824,46.113059],[-122.96179,46.112978],[-122.961695,46.112969],[-122.961678,46.112809],[-122.961566,46.112789],[-122.961531,46.112708],[-122.961436,46.112699],[-122.961433,46.112468],[-122.961389,46.112433],[-122.961307,46.112429],[-122.961307,46.112339],[-122.961414,46.112323],[-122.961437,46.112249],[-122.961626,46.112249],[-122.961682,46.112225],[-122.961692,46.112018],[-122.961633,46.11198],[-122.961437,46.111979],[-122.961428,46.111918],[-122.961374,46.11189],[-122.960919,46.111889],[-122.960919,46.111799],[-122.96102,46.111787],[-122.961049,46.111709],[-122.961144,46.1117],[-122.961178,46.111619],[-122.96126,46.111615],[-122.961302,46.111586],[-122.961308,46.111259],[-122.96142,46.111239],[-122.961438,46.111079],[-122.961519,46.111075],[-122.961561,46.111046],[-122.961558,46.110838],[-122.961497,46.11081],[-122.961213,46.110818],[-122.961179,46.110858],[-122.961179,46.110989],[-122.961072,46.111005],[-122.961049,46.111079],[-122.96092,46.111079],[-122.960851,46.111055],[-122.96079,46.111079],[-122.960594,46.11108],[-122.960541,46.111107],[-122.960532,46.111169],[-122.960014,46.111169],[-122.960014,46.110899],[-122.960109,46.11089],[-122.960144,46.110809],[-122.960218,46.110806],[-122.960264,46.11078],[-122.960273,46.110664],[-122.960246,46.110628],[-122.960191,46.110615],[-122.960049,46.110638],[-122.960014,46.110719],[-122.959898,46.110743],[-122.959885,46.110809],[-122.959508,46.11082],[-122.959479,46.110738],[-122.959367,46.110718],[-122.959333,46.110638],[-122.959238,46.110628],[-122.95921,46.110551],[-122.959109,46.110538],[-122.95908,46.110461],[-122.95887,46.110455],[-122.95883,46.110504],[-122.958873,46.110613],[-122.958979,46.110628],[-122.958997,46.110699],[-122.959108,46.110718],[-122.959122,46.110784],[-122.959238,46.110809],[-122.959272,46.110889],[-122.959497,46.110899],[-122.959496,46.111169],[-122.959395,46.111181],[-122.959367,46.111258],[-122.959272,46.111268],[-122.959237,46.111348],[-122.959126,46.111368],[-122.959108,46.111528],[-122.95872,46.111528],[-122.958717,46.111463],[-122.958674,46.111429],[-122.958394,46.111439],[-122.958341,46.111467],[-122.958331,46.111528],[-122.957998,46.11153],[-122.957949,46.111561],[-122.957943,46.111618],[-122.957713,46.11163],[-122.957684,46.111708],[-122.95746,46.111717],[-122.957425,46.111798],[-122.957324,46.11181],[-122.957296,46.111888],[-122.957201,46.111897],[-122.957166,46.111978],[-122.95705,46.112002],[-122.957037,46.112158],[-122.956955,46.112162],[-122.956911,46.112196],[-122.956907,46.112338],[-122.956812,46.112347],[-122.956778,46.112428],[-122.956696,46.112432],[-122.956654,46.112461],[-122.956648,46.112607],[-122.956412,46.112623],[-122.956389,46.112787],[-122.956283,46.112803],[-122.95626,46.112877],[-122.956165,46.112886],[-122.95613,46.112967],[-122.956019,46.112987],[-122.956001,46.113057],[-122.955641,46.113069],[-122.955613,46.113106],[-122.955622,46.113209],[-122.955683,46.113237],[-122.956001,46.113237],[-122.956006,46.113307],[-122.956061,46.11334],[-122.956389,46.113328],[-122.956395,46.113474],[-122.956437,46.113503],[-122.956518,46.113508],[-122.956547,46.113585],[-122.956906,46.113598],[-122.956906,46.113688],[-122.956872,46.113741],[-122.956945,46.113799],[-122.957036,46.113778],[-122.957553,46.113778],[-122.957571,46.113848],[-122.957683,46.113868],[-122.957692,46.113929],[-122.957753,46.113958],[-122.958016,46.113956],[-122.958065,46.113925],[-122.958071,46.113868],[-122.9582,46.113868],[-122.958213,46.113934],[-122.95833,46.113958],[-122.958333,46.11401],[-122.958371,46.114042],[-122.958718,46.114048],[-122.958741,46.114123],[-122.958847,46.114138],[-122.958882,46.114219],[-122.958976,46.114228],[-122.958989,46.114384],[-122.959106,46.114409],[-122.959119,46.114474],[-122.959183,46.114499],[-122.959342,46.114483],[-122.959365,46.114319],[-122.959471,46.114303],[-122.959494,46.114229],[-122.959589,46.114226],[-122.959631,46.114204],[-122.959624,46.114049],[-122.959848,46.11404],[-122.959883,46.113959],[-122.959999,46.113935],[-122.960012,46.113869],[-122.960124,46.113849],[-122.960142,46.113779],[-122.960253,46.113759],[-122.960271,46.113599],[-122.960626,46.113603],[-122.960659,46.113509],[-122.960754,46.1135],[-122.960789,46.113419],[-122.960884,46.113417],[-122.96093,46.113389],[-122.960918,46.113239],[-122.961048,46.113239],[-122.96107,46.113313],[-122.961177,46.113329],[-122.961177,46.11346],[-122.961205,46.113497],[-122.961565,46.113509],[-122.961587,46.113687],[-122.96164,46.113703],[-122.961824,46.113689],[-122.961824,46.113959],[-122.961717,46.113975],[-122.961694,46.114049],[-122.961491,46.114052],[-122.961441,46.114083],[-122.961435,46.114139],[-122.961306,46.114139],[-122.961306,46.113959],[-122.961428,46.113947],[-122.961445,46.113878],[-122.961367,46.113845],[-122.961295,46.11388],[-122.961082,46.113878],[-122.961048,46.113918],[-122.961047,46.114049],[-122.960966,46.114053],[-122.960921,46.114087],[-122.960918,46.114229],[-122.9607,46.114235],[-122.960662,46.114267],[-122.960659,46.114319],[-122.960542,46.114343],[-122.960529,46.114409],[-122.960418,46.114429],[-122.9604,46.114499],[-122.960169,46.114511],[-122.960141,46.114548],[-122.96015,46.114664],[-122.960209,46.114692],[-122.9604,46.114679],[-122.960406,46.114736],[-122.960455,46.114767],[-122.960658,46.114769],[-122.96064,46.114904],[-122.960708,46.114949],[-122.960999,46.114945],[-122.961041,46.114916],[-122.961047,46.114859],[-122.961277,46.114847],[-122.961306,46.114769],[-122.961648,46.114779],[-122.961691,46.114745],[-122.961694,46.114679],[-122.961823,46.114679],[-122.961846,46.114754],[-122.961953,46.11477],[-122.961953,46.115004],[-122.961999,46.115049],[-122.962183,46.115027],[-122.962211,46.11495],[-122.962328,46.114926]],[[-122.956904,46.116478],[-122.956899,46.116138],[-122.956837,46.116104],[-122.956646,46.116118],[-122.956644,46.115981],[-122.956583,46.115939],[-122.956421,46.115947],[-122.956387,46.116027],[-122.956161,46.116023],[-122.956129,46.116057],[-122.956117,46.116218],[-122.955917,46.116211],[-122.955875,46.116241],[-122.955869,46.116297],[-122.955781,46.116304],[-122.955741,46.116341],[-122.955753,46.116453],[-122.955869,46.116477],[-122.955878,46.116629],[-122.955924,46.116655],[-122.955998,46.116657],[-122.955999,46.116884],[-122.95606,46.116926],[-122.956234,46.116912],[-122.956257,46.116748],[-122.956345,46.116741],[-122.956386,46.116699],[-122.956373,46.116592],[-122.956257,46.116567],[-122.956248,46.116416],[-122.956202,46.11639],[-122.956128,46.116387],[-122.956139,46.116286],[-122.956257,46.116298],[-122.95628,46.116372],[-122.956386,46.116388],[-122.956392,46.116534],[-122.956434,46.116563],[-122.956516,46.116568],[-122.956539,46.116642],[-122.956775,46.116658],[-122.956784,46.116719],[-122.956837,46.116747],[-122.956978,46.116745],[-122.957032,46.116704],[-122.957028,46.116511],[-122.956986,46.116482],[-122.956904,46.116478]],[[-122.956053,46.112787],[-122.956129,46.112744],[-122.956127,46.112556],[-122.956076,46.11252],[-122.955927,46.11252],[-122.955881,46.112546],[-122.955838,46.112644],[-122.955875,46.112749],[-122.955927,46.112785],[-122.956053,46.112787]],[[-122.956536,46.112388],[-122.956506,46.112271],[-122.95639,46.112247],[-122.956387,46.112196],[-122.956349,46.112164],[-122.956194,46.112158],[-122.95614,46.112186],[-122.956131,46.112379],[-122.956172,46.112421],[-122.956484,46.112425],[-122.956536,46.112388]],[[-122.956641,46.114374],[-122.956666,46.114273],[-122.956633,46.114237],[-122.956443,46.11423],[-122.956394,46.114261],[-122.956371,46.114368],[-122.95643,46.114406],[-122.956592,46.114405],[-122.956641,46.114374]],[[-122.957473,46.117378],[-122.957549,46.117335],[-122.957547,46.117146],[-122.957496,46.11711],[-122.957347,46.11711],[-122.957293,46.117151],[-122.957295,46.11734],[-122.957347,46.117376],[-122.957473,46.117378]],[[-122.957553,46.115398],[-122.957571,46.115353],[-122.957538,46.115317],[-122.957465,46.115309],[-122.957415,46.115333],[-122.957405,46.115374],[-122.957441,46.115411],[-122.957499,46.115421],[-122.957553,46.115398]],[[-122.957906,46.115209],[-122.95796,46.115089],[-122.957939,46.115055],[-122.957795,46.11503],[-122.957811,46.114858],[-122.9579,46.114852],[-122.957939,46.114815],[-122.957938,46.114446],[-122.957893,46.114412],[-122.957812,46.114408],[-122.957808,46.114356],[-122.957771,46.114324],[-122.957608,46.11432],[-122.957553,46.114367],[-122.957556,46.115],[-122.9576,46.115034],[-122.957698,46.115046],[-122.957682,46.115183],[-122.957728,46.115227],[-122.957906,46.115209]],[[-122.957862,46.115848],[-122.957937,46.11581],[-122.957931,46.115697],[-122.957878,46.115669],[-122.957722,46.115674],[-122.957685,46.115706],[-122.95767,46.115818],[-122.957723,46.115847],[-122.957862,46.115848]],[[-122.958348,46.115173],[-122.958323,46.115072],[-122.958274,46.115041],[-122.958112,46.115039],[-122.958053,46.115078],[-122.958076,46.115185],[-122.958125,46.115216],[-122.958315,46.115209],[-122.958348,46.115173]],[[-122.958606,46.110324],[-122.958606,46.109943],[-122.958549,46.109909],[-122.958333,46.109908],[-122.958264,46.109884],[-122.958173,46.109935],[-122.958203,46.109998],[-122.958206,46.11014],[-122.958251,46.110174],[-122.958332,46.110178],[-122.958334,46.110315],[-122.95838,46.110354],[-122.958549,46.110357],[-122.958606,46.110324]],[[-122.958861,46.115184],[-122.958841,46.115072],[-122.958799,46.115042],[-122.958521,46.115039],[-122.958464,46.115072],[-122.958439,46.115173],[-122.9585,46.115217],[-122.958804,46.115217],[-122.958861,46.115184]],[[-122.958735,46.116163],[-122.95871,46.116062],[-122.958661,46.116031],[-122.958513,46.116031],[-122.958461,46.116067],[-122.958461,46.11617],[-122.958512,46.116206],[-122.958702,46.116199],[-122.958735,46.116163]],[[-122.959377,46.117164],[-122.959354,46.117047],[-122.9593,46.11702],[-122.958786,46.117019],[-122.958725,46.117047],[-122.958696,46.117148],[-122.958765,46.117198],[-122.959313,46.117198],[-122.959377,46.117164]],[[-122.95911,46.109548],[-122.959127,46.109498],[-122.959082,46.109463],[-122.958991,46.109469],[-122.958911,46.109434],[-122.958835,46.109477],[-122.958836,46.109514],[-122.958878,46.109544],[-122.958969,46.109537],[-122.959041,46.109572],[-122.95911,46.109548]],[[-122.959639,46.116259],[-122.959613,46.116147],[-122.959552,46.116119],[-122.959115,46.11613],[-122.959036,46.116094],[-122.958956,46.116147],[-122.958995,46.116202],[-122.959094,46.116198],[-122.959114,46.11627],[-122.959174,46.116298],[-122.959587,46.116296],[-122.959639,46.116259]],[[-122.962341,46.118548],[-122.962373,46.118502],[-122.962332,46.118403],[-122.96229,46.118374],[-122.962209,46.11837],[-122.962186,46.118295],[-122.96195,46.118279],[-122.961928,46.118205],[-122.961821,46.118189],[-122.96182,46.117963],[-122.96178,46.117926],[-122.961692,46.117919],[-122.961692,46.117739],[-122.961726,46.117692],[-122.961692,46.117649],[-122.961689,46.117508],[-122.961629,46.11747],[-122.961371,46.117456],[-122.961309,46.117489],[-122.961313,46.117621],[-122.961359,46.117647],[-122.961433,46.117649],[-122.961433,46.117918],[-122.961326,46.117935],[-122.961303,46.118009],[-122.960079,46.118009],[-122.960018,46.118037],[-122.960009,46.118099],[-122.959541,46.118099],[-122.959472,46.118144],[-122.959497,46.118245],[-122.959561,46.118278],[-122.960457,46.118279],[-122.960517,46.118251],[-122.960527,46.118189],[-122.960913,46.118189],[-122.960924,46.118251],[-122.960977,46.118278],[-122.961432,46.118279],[-122.961433,46.118514],[-122.96146,46.11855],[-122.96195,46.11855],[-122.961968,46.11862],[-122.962079,46.11864],[-122.962088,46.118701],[-122.962142,46.118729],[-122.962276,46.118729],[-122.962321,46.11871],[-122.962341,46.118548]],[[-122.960144,46.110039],[-122.960077,46.109985],[-122.959903,46.110018],[-122.959901,46.110171],[-122.95979,46.110188],[-122.959756,46.110269],[-122.959674,46.110273],[-122.959632,46.110302],[-122.959592,46.110406],[-122.959639,46.110459],[-122.959703,46.110472],[-122.959844,46.110442],[-122.959882,46.11041],[-122.959885,46.110359],[-122.959997,46.110339],[-122.959999,46.110186],[-122.960131,46.110155],[-122.960144,46.110039]],[[-122.95975,46.119088],[-122.959768,46.119044],[-122.959736,46.119008],[-122.959662,46.119],[-122.959612,46.119024],[-122.959602,46.119065],[-122.959639,46.119102],[-122.959696,46.119112],[-122.95975,46.119088]],[[-122.959804,46.115039],[-122.959878,46.115],[-122.959869,46.114883],[-122.959812,46.114859],[-122.959637,46.114868],[-122.959603,46.114915],[-122.959636,46.115015],[-122.959685,46.115038],[-122.959804,46.115039]],[[-122.960269,46.116659],[-122.960256,46.116593],[-122.96014,46.116569],[-122.960136,46.116517],[-122.960099,46.116485],[-122.959951,46.116479],[-122.959894,46.116503],[-122.95988,46.116965],[-122.959915,46.11701],[-122.960098,46.117013],[-122.960136,46.116981],[-122.960139,46.116929],[-122.960457,46.116929],[-122.960514,46.116905],[-122.960515,46.116683],[-122.960458,46.116659],[-122.960269,46.116659]],[[-122.96019,46.109841],[-122.96039,46.109795],[-122.9604,46.109677],[-122.960348,46.109641],[-122.9602,46.109641],[-122.96015,46.109672],[-122.960112,46.109787],[-122.96019,46.109841]],[[-122.960532,46.110399],[-122.960465,46.110345],[-122.960302,46.110371],[-122.960274,46.110408],[-122.96029,46.110532],[-122.960356,46.110553],[-122.960504,46.110527],[-122.960531,46.110495],[-122.960532,46.110399]],[[-122.960707,46.118999],[-122.960782,46.118961],[-122.960767,46.118839],[-122.960656,46.118819],[-122.96065,46.118762],[-122.960608,46.118733],[-122.960425,46.118741],[-122.960362,46.118861],[-122.960414,46.118979],[-122.960467,46.118999],[-122.960707,46.118999]],[[-122.960865,46.113588],[-122.960694,46.113601],[-122.960652,46.113624],[-122.960661,46.113736],[-122.960707,46.113775],[-122.960858,46.113792],[-122.960917,46.113749],[-122.960915,46.113624],[-122.960865,46.113588]],[[-122.960932,46.119944],[-122.960908,46.119843],[-122.960859,46.119812],[-122.96071,46.119811],[-122.960658,46.119847],[-122.960658,46.119951],[-122.96071,46.119987],[-122.9609,46.11998],[-122.960932,46.119944]],[[-122.961192,46.117159],[-122.961162,46.116953],[-122.961006,46.116916],[-122.960928,46.11694],[-122.960916,46.117019],[-122.960827,46.117026],[-122.960788,46.117063],[-122.96079,46.117161],[-122.960849,46.117198],[-122.961147,46.117195],[-122.961192,46.117159]],[[-122.962782,46.11351],[-122.962858,46.113466],[-122.962859,46.113198],[-122.962819,46.113156],[-122.96273,46.11315],[-122.962721,46.112998],[-122.962675,46.112972],[-122.962601,46.11297],[-122.962566,46.112889],[-122.962472,46.11288],[-122.962443,46.112802],[-122.962342,46.11279],[-122.962336,46.112643],[-122.962294,46.112614],[-122.962213,46.112609],[-122.962178,46.112529],[-122.962084,46.112519],[-122.962061,46.112355],[-122.961954,46.112339],[-122.961948,46.112283],[-122.961906,46.112254],[-122.961737,46.112256],[-122.961661,46.112382],[-122.961695,46.112429],[-122.961704,46.112581],[-122.96175,46.112607],[-122.961825,46.112609],[-122.961859,46.11269],[-122.961954,46.112699],[-122.96196,46.112846],[-122.962002,46.112875],[-122.962083,46.11288],[-122.962118,46.11296],[-122.962213,46.11297],[-122.96223,46.11313],[-122.962342,46.11315],[-122.962376,46.11323],[-122.962471,46.11324],[-122.9625,46.113317],[-122.962601,46.11333],[-122.962618,46.11349],[-122.962782,46.11351]],[[-122.961826,46.119123],[-122.961801,46.119224],[-122.961834,46.11926],[-122.962024,46.119267],[-122.962076,46.119231],[-122.962076,46.119128],[-122.962024,46.119092],[-122.961875,46.119092],[-122.961826,46.119123]],[[-122.963116,46.11657],[-122.963198,46.116566],[-122.963242,46.116532],[-122.963244,46.116253],[-122.963183,46.116211],[-122.962987,46.11621],[-122.962987,46.115899],[-122.962959,46.115862],[-122.962797,46.115826],[-122.962728,46.11585],[-122.962532,46.115851],[-122.962479,46.115878],[-122.962469,46.11594],[-122.962151,46.11594],[-122.962099,46.115959],[-122.962081,46.116431],[-122.962122,46.116473],[-122.96221,46.11648],[-122.962211,46.116611],[-122.962239,46.116647],[-122.962469,46.11666],[-122.962487,46.11673],[-122.962598,46.11675],[-122.962633,46.116831],[-122.962728,46.11684],[-122.962756,46.116918],[-122.962916,46.11693],[-122.962985,46.116886],[-122.962987,46.11666],[-122.963093,46.116644],[-122.963116,46.11657]],[[-122.962908,46.11828],[-122.96298,46.118247],[-122.962982,46.118138],[-122.962938,46.118104],[-122.962856,46.1181],[-122.962839,46.11794],[-122.962727,46.11792],[-122.962714,46.117764],[-122.962598,46.11774],[-122.962589,46.117498],[-122.962528,46.11747],[-122.962251,46.117476],[-122.96221,46.117518],[-122.962211,46.117696],[-122.96225,46.117733],[-122.962339,46.11774],[-122.96234,46.117966],[-122.96238,46.118003],[-122.962468,46.11801],[-122.962477,46.118161],[-122.962523,46.118187],[-122.962597,46.11819],[-122.962603,46.118246],[-122.962645,46.118276],[-122.962908,46.11828]],[[-122.962647,46.12071],[-122.962722,46.120672],[-122.962708,46.12055],[-122.962596,46.12053],[-122.96259,46.120473],[-122.962548,46.120444],[-122.962345,46.120452],[-122.962317,46.120496],[-122.962354,46.12069],[-122.962407,46.120709],[-122.962647,46.12071]],[[-122.963636,46.11387],[-122.96371,46.113868],[-122.963756,46.113841],[-122.963752,46.113714],[-122.963695,46.11369],[-122.963506,46.11369],[-122.963484,46.113616],[-122.963361,46.113592],[-122.963359,46.11344],[-122.963157,46.113399],[-122.963099,46.113433],[-122.963084,46.113473],[-122.963141,46.113584],[-122.963263,46.113608],[-122.963247,46.11378],[-122.963141,46.113796],[-122.963118,46.11387],[-122.963002,46.113894],[-122.962988,46.11396],[-122.962629,46.113972],[-122.9626,46.11405],[-122.962505,46.114052],[-122.962459,46.114079],[-122.962477,46.114196],[-122.962519,46.114226],[-122.9626,46.11423],[-122.962634,46.114311],[-122.962775,46.114342],[-122.962859,46.11432],[-122.96307,46.114316],[-122.963112,46.114287],[-122.963118,46.11423],[-122.963234,46.114206],[-122.963247,46.11414],[-122.963359,46.11412],[-122.963377,46.11405],[-122.963488,46.11403],[-122.963506,46.11396],[-122.963618,46.11394],[-122.963636,46.11387]],[[-122.963893,46.11585],[-122.963967,46.115848],[-122.964013,46.115822],[-122.964017,46.115703],[-122.96396,46.115671],[-122.963764,46.11567],[-122.963741,46.115596],[-122.963635,46.11558],[-122.963633,46.115443],[-122.963594,46.115406],[-122.963246,46.1154],[-122.96324,46.115343],[-122.963198,46.115314],[-122.962936,46.11531],[-122.962871,46.115334],[-122.962858,46.1154],[-122.962784,46.115402],[-122.962738,46.115428],[-122.962742,46.115556],[-122.962858,46.11558],[-122.962871,46.115646],[-122.962987,46.11567],[-122.962991,46.115722],[-122.963028,46.115753],[-122.963246,46.11576],[-122.963255,46.115821],[-122.963309,46.115849],[-122.963634,46.11585],[-122.963643,46.115912],[-122.963697,46.115939],[-122.963859,46.115931],[-122.963893,46.11585]],[[-122.96317,46.115051],[-122.963363,46.115016],[-122.963373,46.114898],[-122.963321,46.114862],[-122.963172,46.114862],[-122.963119,46.114903],[-122.96312,46.115015],[-122.96317,46.115051]],[[-122.964669,46.11702],[-122.964651,46.11695],[-122.96454,46.11693],[-122.964505,46.116849],[-122.96441,46.11684],[-122.964387,46.116766],[-122.964151,46.11675],[-122.964134,46.11668],[-122.964022,46.11666],[-122.964004,46.11659],[-122.963893,46.11657],[-122.963884,46.116509],[-122.963823,46.11648],[-122.963533,46.116492],[-122.963504,46.11657],[-122.963423,46.116574],[-122.963381,46.116603],[-122.963375,46.11675],[-122.963274,46.116762],[-122.963245,46.11684],[-122.963157,46.116846],[-122.963116,46.116889],[-122.963119,46.117072],[-122.963164,46.117106],[-122.963245,46.11711],[-122.963263,46.11727],[-122.963315,46.11729],[-122.963504,46.11729],[-122.96351,46.117347],[-122.963559,46.117378],[-122.963763,46.11738],[-122.963772,46.117532],[-122.963818,46.117558],[-122.963892,46.11756],[-122.963901,46.117622],[-122.963962,46.11765],[-122.964116,46.117641],[-122.964151,46.11756],[-122.964267,46.117536],[-122.96428,46.11747],[-122.964392,46.117451],[-122.96441,46.11738],[-122.964621,46.117376],[-122.964663,46.117347],[-122.964669,46.11729],[-122.96478,46.117271],[-122.964795,46.117059],[-122.96475,46.117025],[-122.964669,46.11702]],[[-122.963283,46.122144],[-122.963433,46.122163],[-122.963488,46.122139],[-122.963499,46.122014],[-122.963453,46.121974],[-122.963302,46.121958],[-122.963245,46.121995],[-122.963243,46.122107],[-122.963283,46.122144]],[[-122.963811,46.12251],[-122.963885,46.122472],[-122.96388,46.122359],[-122.963826,46.122331],[-122.96367,46.122323],[-122.96363,46.122365],[-122.963639,46.122482],[-122.963692,46.122509],[-122.963811,46.12251]],[[-122.964301,46.114905],[-122.964254,46.114782],[-122.964023,46.11477],[-122.964014,46.114709],[-122.963953,46.11468],[-122.963793,46.114692],[-122.96373,46.114807],[-122.963782,46.11493],[-122.963947,46.114974],[-122.964023,46.11495],[-122.964262,46.114944],[-122.964301,46.114905]],[[-122.965595,46.11643],[-122.965553,46.116136],[-122.965187,46.11612],[-122.96517,46.11605],[-122.965058,46.11603],[-122.96504,46.11596],[-122.964928,46.11594],[-122.964911,46.11587],[-122.964799,46.11585],[-122.964786,46.115784],[-122.96467,46.11576],[-122.964635,46.115679],[-122.964411,46.11567],[-122.964342,46.115646],[-122.964165,46.115694],[-122.964158,46.116177],[-122.9642,46.116206],[-122.964281,46.11621],[-122.964284,46.116352],[-122.964329,46.116386],[-122.96441,46.11639],[-122.964433,46.116554],[-122.964669,46.11657],[-122.964692,46.116645],[-122.964798,46.11666],[-122.964799,46.116792],[-122.964833,46.116831],[-122.965288,46.116828],[-122.965351,46.116708],[-122.965316,46.116661],[-122.965316,46.116571],[-122.965423,46.116555],[-122.965446,46.116481],[-122.965573,46.116464],[-122.965595,46.11643]],[[-122.96496,46.120223],[-122.964923,46.120105],[-122.964886,46.120074],[-122.964667,46.12008],[-122.964651,46.119998],[-122.964748,46.119986],[-122.964793,46.119952],[-122.964783,46.119834],[-122.964628,46.119797],[-122.964571,46.119806],[-122.964538,46.119845],[-122.964553,46.119983],[-122.964429,46.119997],[-122.964388,46.120041],[-122.964426,46.120151],[-122.964537,46.12017],[-122.96455,46.120326],[-122.964607,46.12035],[-122.964885,46.120344],[-122.96496,46.120223]],[[-122.966221,46.117921],[-122.966199,46.117757],[-122.965963,46.117741],[-122.965957,46.117684],[-122.965908,46.117653],[-122.965704,46.117651],[-122.965681,46.117577],[-122.965575,46.117561],[-122.965561,46.117405],[-122.965445,46.117381],[-122.965439,46.117324],[-122.96539,46.117293],[-122.965119,46.117292],[-122.965066,46.117319],[-122.965057,46.11738],[-122.964839,46.117387],[-122.964801,46.117419],[-122.964798,46.11747],[-122.964703,46.11748],[-122.964668,46.11756],[-122.964587,46.117564],[-122.964542,46.117599],[-122.964556,46.117901],[-122.964668,46.11792],[-122.964703,46.118001],[-122.964798,46.118011],[-122.964826,46.118088],[-122.964927,46.118101],[-122.964955,46.118178],[-122.965056,46.118191],[-122.965057,46.118322],[-122.965085,46.118358],[-122.965444,46.118371],[-122.965458,46.118437],[-122.965574,46.118461],[-122.96558,46.118517],[-122.965629,46.118548],[-122.965921,46.118544],[-122.965961,46.118507],[-122.965962,46.118371],[-122.966069,46.118355],[-122.966092,46.118281],[-122.96628,46.118281],[-122.966337,46.118257],[-122.966349,46.117964],[-122.96631,46.117927],[-122.966221,46.117921]],[[-122.965437,46.120587],[-122.965462,46.120486],[-122.965429,46.12045],[-122.965239,46.120443],[-122.965188,46.120479],[-122.965188,46.120582],[-122.965239,46.120618],[-122.965388,46.120618],[-122.965437,46.120587]],[[-122.966273,46.119912],[-122.966438,46.119895],[-122.966477,46.119858],[-122.966466,46.119385],[-122.966409,46.119361],[-122.966091,46.119361],[-122.966068,46.119287],[-122.965962,46.119271],[-122.965927,46.11919],[-122.965832,46.119181],[-122.965826,46.119034],[-122.965784,46.119005],[-122.965703,46.119001],[-122.9657,46.118949],[-122.965662,46.118917],[-122.965349,46.11892],[-122.965315,46.118959],[-122.965307,46.119246],[-122.965365,46.11927],[-122.965573,46.119271],[-122.965596,46.119345],[-122.965703,46.119361],[-122.965683,46.11958],[-122.96573,46.119626],[-122.965901,46.119643],[-122.965956,46.119611],[-122.965962,46.119541],[-122.96622,46.119541],[-122.966223,46.119876],[-122.966273,46.119912]],[[-122.965653,46.121525],[-122.965496,46.12151],[-122.965444,46.121551],[-122.965444,46.121761],[-122.96551,46.121804],[-122.965653,46.121787],[-122.9657,46.121747],[-122.965695,46.121554],[-122.965653,46.121525]],[[-122.967904,46.118011],[-122.967898,46.117685],[-122.967856,46.117655],[-122.967775,46.117651],[-122.96774,46.11757],[-122.967645,46.117561],[-122.967639,46.117415],[-122.967597,46.117385],[-122.967516,46.117381],[-122.967487,46.117303],[-122.967061,46.117292],[-122.967007,46.11732],[-122.966998,46.117381],[-122.966869,46.117381],[-122.966869,46.117291],[-122.966903,46.117243],[-122.966869,46.117201],[-122.966866,46.117059],[-122.966821,46.117025],[-122.96674,46.117021],[-122.966705,46.11694],[-122.96661,46.116931],[-122.96663,46.116801],[-122.966596,46.11676],[-122.966352,46.116751],[-122.966317,46.11667],[-122.966155,46.116662],[-122.966102,46.116689],[-122.966093,46.116751],[-122.965889,46.116753],[-122.96584,46.116784],[-122.965834,46.116841],[-122.965645,46.116841],[-122.965588,46.116865],[-122.965575,46.117201],[-122.96554,46.117243],[-122.965588,46.117357],[-122.965704,46.117381],[-122.965717,46.117447],[-122.965833,46.117471],[-122.965837,46.117522],[-122.965874,46.117554],[-122.966092,46.117561],[-122.966115,46.117635],[-122.966221,46.117651],[-122.966244,46.117725],[-122.966351,46.117741],[-122.966374,46.117815],[-122.96648,46.117831],[-122.966498,46.117901],[-122.966609,46.117921],[-122.966627,46.117991],[-122.966739,46.118011],[-122.966757,46.118081],[-122.966868,46.118101],[-122.966886,46.118171],[-122.966998,46.118191],[-122.967011,46.118257],[-122.967127,46.118281],[-122.967162,46.118362],[-122.96746,46.118369],[-122.967509,46.118338],[-122.967515,46.118281],[-122.967632,46.118257],[-122.967645,46.118191],[-122.967999,46.118182],[-122.968033,46.118143],[-122.968027,46.118045],[-122.967985,46.118015],[-122.967904,46.118011]],[[-122.966015,46.116301],[-122.96609,46.116262],[-122.966084,46.116149],[-122.96603,46.116122],[-122.965874,46.116114],[-122.965835,46.116156],[-122.965843,46.116272],[-122.965897,46.1163],[-122.966015,46.116301]],[[-122.966789,46.120621],[-122.966861,46.120588],[-122.966865,46.120485],[-122.966826,46.120447],[-122.966722,46.120433],[-122.966738,46.120351],[-122.966819,46.120347],[-122.966864,46.120313],[-122.966854,46.120105],[-122.966677,46.120057],[-122.966608,46.120081],[-122.966254,46.12009],[-122.96622,46.12013],[-122.966233,46.120237],[-122.966349,46.120261],[-122.966384,46.120342],[-122.966479,46.120351],[-122.966507,46.120429],[-122.966624,46.120449],[-122.966608,46.120567],[-122.966631,46.120605],[-122.966789,46.120621]],[[-122.969194,46.125392],[-122.969191,46.12534],[-122.969153,46.125308],[-122.968935,46.125302],[-122.968912,46.125228],[-122.968806,46.125212],[-122.968788,46.125141],[-122.968676,46.125122],[-122.968642,46.125041],[-122.968547,46.125032],[-122.968518,46.124954],[-122.968418,46.124942],[-122.968389,46.124864],[-122.968288,46.124852],[-122.968265,46.124597],[-122.968029,46.124581],[-122.968029,46.124492],[-122.96813,46.124479],[-122.968159,46.124402],[-122.96826,46.124389],[-122.968288,46.124312],[-122.968383,46.124302],[-122.968418,46.124222],[-122.968492,46.124219],[-122.968538,46.124193],[-122.968548,46.123862],[-122.968622,46.123859],[-122.968668,46.123833],[-122.968664,46.123706],[-122.968548,46.123682],[-122.96853,46.123611],[-122.968418,46.123592],[-122.968405,46.123526],[-122.968341,46.123502],[-122.968058,46.123514],[-122.96803,46.12355],[-122.96803,46.123681],[-122.967923,46.123697],[-122.9679,46.123771],[-122.967771,46.123771],[-122.967762,46.12371],[-122.967708,46.123682],[-122.967417,46.12369],[-122.967383,46.12373],[-122.967383,46.123861],[-122.967282,46.123874],[-122.967253,46.123951],[-122.967158,46.12396],[-122.967124,46.124041],[-122.967042,46.124045],[-122.966998,46.12408],[-122.967007,46.124197],[-122.967124,46.124223],[-122.967123,46.124401],[-122.967049,46.124404],[-122.967003,46.12443],[-122.967007,46.124557],[-122.967123,46.124581],[-122.967129,46.124638],[-122.967171,46.124667],[-122.967382,46.124671],[-122.967405,46.124746],[-122.967511,46.124761],[-122.967534,46.124836],[-122.967641,46.124851],[-122.967658,46.124922],[-122.96777,46.124942],[-122.967805,46.125022],[-122.9679,46.125032],[-122.967928,46.125109],[-122.968029,46.125122],[-122.968057,46.125199],[-122.968158,46.125212],[-122.968187,46.125289],[-122.968288,46.125302],[-122.968316,46.125379],[-122.968417,46.125392],[-122.96844,46.125466],[-122.968676,46.125482],[-122.968694,46.125552],[-122.968805,46.125572],[-122.968818,46.125638],[-122.968935,46.125662],[-122.968941,46.125718],[-122.968983,46.125748],[-122.969153,46.125745],[-122.96919,46.125714],[-122.969194,46.125662],[-122.969275,46.125658],[-122.969317,46.125629],[-122.969317,46.125425],[-122.969275,46.125396],[-122.969194,46.125392]],[[-122.967854,46.121706],[-122.967696,46.121678],[-122.967643,46.121701],[-122.967439,46.121704],[-122.96739,46.121735],[-122.96739,46.121938],[-122.967432,46.121967],[-122.967513,46.121971],[-122.967519,46.122028],[-122.967561,46.122057],[-122.967744,46.122049],[-122.967772,46.122013],[-122.967772,46.121881],[-122.967854,46.121877],[-122.967896,46.121848],[-122.967892,46.12173],[-122.967854,46.121706]],[[-122.967705,46.120015],[-122.967855,46.119987],[-122.967897,46.119958],[-122.96788,46.119827],[-122.967825,46.119811],[-122.967537,46.119827],[-122.967514,46.119865],[-122.967537,46.119975],[-122.967705,46.120015]],[[-122.968034,46.120893],[-122.967963,46.120867],[-122.967801,46.120904],[-122.967753,46.12101],[-122.967774,46.121055],[-122.96783,46.121071],[-122.968003,46.121059],[-122.968065,46.120944],[-122.968034,46.120893]],[[-122.970089,46.121318],[-122.970137,46.121204],[-122.970102,46.121162],[-122.970101,46.121025],[-122.970068,46.120991],[-122.969843,46.120982],[-122.969783,46.120958],[-122.969714,46.120982],[-122.969585,46.120982],[-122.969572,46.120916],[-122.969507,46.120892],[-122.96936,46.120901],[-122.969326,46.120982],[-122.969196,46.120982],[-122.969179,46.120731],[-122.969126,46.120712],[-122.968938,46.120712],[-122.968915,46.120637],[-122.968808,46.120622],[-122.968808,46.120532],[-122.96889,46.120528],[-122.968934,46.120493],[-122.968937,46.12031],[-122.968897,46.120268],[-122.968808,46.120262],[-122.96878,46.120184],[-122.968663,46.120164],[-122.968679,46.119992],[-122.968753,46.119989],[-122.968799,46.119963],[-122.968809,46.119722],[-122.968921,46.119702],[-122.968958,46.119592],[-122.968903,46.119544],[-122.96872,46.119548],[-122.968683,46.11958],[-122.968679,46.119632],[-122.968563,46.119656],[-122.96855,46.119722],[-122.968438,46.119741],[-122.96842,46.119811],[-122.968309,46.119831],[-122.968291,46.119991],[-122.968196,46.120001],[-122.968161,46.120081],[-122.968055,46.120097],[-122.968013,46.1202],[-122.968059,46.120257],[-122.968221,46.120261],[-122.968282,46.120233],[-122.968291,46.120172],[-122.968565,46.120179],[-122.968549,46.120262],[-122.968443,46.120277],[-122.96842,46.120351],[-122.968224,46.120353],[-122.968163,46.120395],[-122.968161,46.120573],[-122.968189,46.120609],[-122.968549,46.120622],[-122.968549,46.120802],[-122.968515,46.120844],[-122.968549,46.120892],[-122.968549,46.120982],[-122.968353,46.120983],[-122.968299,46.12101],[-122.968299,46.121313],[-122.96836,46.121341],[-122.968678,46.121342],[-122.968701,46.121416],[-122.968808,46.121432],[-122.968808,46.121522],[-122.968706,46.121526],[-122.968661,46.121561],[-122.968713,46.121693],[-122.969126,46.121701],[-122.969187,46.121673],[-122.969196,46.121612],[-122.969308,46.121592],[-122.969325,46.121522],[-122.969543,46.121515],[-122.969581,46.121484],[-122.969584,46.121432],[-122.969938,46.121423],[-122.969973,46.121342],[-122.970089,46.121318]],[[-122.96881,46.118372],[-122.968781,46.118294],[-122.968551,46.118281],[-122.968545,46.118225],[-122.968503,46.118196],[-122.96836,46.118178],[-122.968298,46.118211],[-122.968292,46.118371],[-122.968257,46.118419],[-122.968298,46.118518],[-122.96834,46.118547],[-122.96855,46.118552],[-122.968619,46.118576],[-122.96868,46.118552],[-122.968898,46.118545],[-122.968937,46.118508],[-122.968936,46.11841],[-122.968891,46.118376],[-122.96881,46.118372]],[[-122.968581,46.121553],[-122.968543,46.121465],[-122.968494,46.121434],[-122.968332,46.121433],[-122.968273,46.121471],[-122.968308,46.121592],[-122.968465,46.121634],[-122.968517,46.121631],[-122.968572,46.121594],[-122.968581,46.121553]],[[-122.968595,46.124938],[-122.968738,46.124955],[-122.968793,46.124931],[-122.968802,46.1248],[-122.968751,46.124764],[-122.968602,46.124764],[-122.96855,46.1248],[-122.96855,46.124903],[-122.968595,46.124938]],[[-122.968729,46.123412],[-122.968803,46.123373],[-122.968798,46.12326],[-122.968744,46.123233],[-122.968589,46.123238],[-122.968549,46.123275],[-122.968557,46.123383],[-122.96861,46.123411],[-122.968729,46.123412]],[[-122.969082,46.123912],[-122.969031,46.123781],[-122.968862,46.123774],[-122.968812,46.123805],[-122.968789,46.123912],[-122.968849,46.123951],[-122.96903,46.123949],[-122.969082,46.123912]],[[-122.969472,46.124357],[-122.969447,46.124255],[-122.969405,46.124226],[-122.969262,46.124208],[-122.9692,46.124242],[-122.969196,46.124358],[-122.969242,46.124398],[-122.969433,46.124395],[-122.969472,46.124357]],[[-122.970749,46.120842],[-122.970689,46.12079],[-122.970491,46.120802],[-122.970468,46.120728],[-122.970361,46.120712],[-122.970344,46.120642],[-122.970232,46.120622],[-122.970197,46.120541],[-122.970103,46.120532],[-122.970074,46.120454],[-122.969973,46.120442],[-122.969945,46.120364],[-122.969844,46.120352],[-122.969815,46.120274],[-122.969714,46.120262],[-122.969686,46.120184],[-122.969585,46.120172],[-122.969557,46.120094],[-122.969396,46.120082],[-122.969344,46.120102],[-122.969326,46.120262],[-122.969245,46.120266],[-122.9692,46.1203],[-122.9692,46.120493],[-122.969259,46.120531],[-122.969455,46.120532],[-122.969478,46.120606],[-122.969585,46.120622],[-122.969619,46.120703],[-122.969714,46.120712],[-122.969714,46.120857],[-122.969747,46.120896],[-122.970102,46.120892],[-122.970115,46.120958],[-122.970232,46.120982],[-122.97026,46.12106],[-122.970415,46.121086],[-122.970482,46.121057],[-122.970491,46.120982],[-122.970727,46.120966],[-122.970749,46.120842]],[[-122.9697,46.122848],[-122.96973,46.122732],[-122.969678,46.122694],[-122.969515,46.122668],[-122.969373,46.122696],[-122.969331,46.122725],[-122.969325,46.122782],[-122.96925,46.122784],[-122.969204,46.12281],[-122.969201,46.122928],[-122.969265,46.122962],[-122.969536,46.122958],[-122.969578,46.122929],[-122.969584,46.122872],[-122.9697,46.122848]],[[-122.970103,46.125573],[-122.970039,46.125548],[-122.96997,46.125572],[-122.969841,46.125572],[-122.969806,46.125491],[-122.969652,46.125482],[-122.969591,46.12551],[-122.969548,46.125625],[-122.969595,46.125728],[-122.969711,46.125752],[-122.96974,46.12583],[-122.9699,46.125842],[-122.969961,46.125814],[-122.96997,46.125752],[-122.970045,46.12575],[-122.970091,46.125724],[-122.970134,46.12562],[-122.970103,46.125573]],[[-122.969764,46.124042],[-122.969838,46.124004],[-122.969833,46.123891],[-122.969779,46.123863],[-122.969624,46.123868],[-122.969584,46.123905],[-122.969592,46.124013],[-122.969645,46.124041],[-122.969764,46.124042]],[[-122.971006,46.124762],[-122.971003,46.124711],[-122.970965,46.124679],[-122.970748,46.124672],[-122.970744,46.124621],[-122.970706,46.124589],[-122.970489,46.124582],[-122.970454,46.124501],[-122.970285,46.124494],[-122.970236,46.124525],[-122.97023,46.124582],[-122.970155,46.124584],[-122.970109,46.124611],[-122.9701,46.124762],[-122.969994,46.124778],[-122.969971,46.124852],[-122.96974,46.124864],[-122.969679,46.125],[-122.969765,46.125056],[-122.969841,46.125032],[-122.969971,46.125032],[-122.969993,46.125106],[-122.9701,46.125122],[-122.970134,46.125203],[-122.970229,46.125212],[-122.97023,46.125343],[-122.970264,46.125383],[-122.970563,46.12539],[-122.970612,46.125359],[-122.970618,46.125302],[-122.970734,46.125278],[-122.970747,46.125212],[-122.970864,46.125188],[-122.970877,46.125032],[-122.970972,46.125023],[-122.971006,46.124942],[-122.97108,46.12494],[-122.971126,46.124914],[-122.971127,46.124791],[-122.971081,46.124765],[-122.971006,46.124762]],[[-122.970229,46.12287],[-122.970177,46.122848],[-122.97012,46.122859],[-122.970082,46.122901],[-122.970098,46.122941],[-122.970151,46.122962],[-122.970223,46.122949],[-122.97025,46.122912],[-122.970229,46.12287]],[[-122.971006,46.125842],[-122.970983,46.125768],[-122.970876,46.125752],[-122.970876,46.125621],[-122.970848,46.125585],[-122.970686,46.125548],[-122.970523,46.125581],[-122.970488,46.125626],[-122.970501,46.126088],[-122.97055,46.126111],[-122.970747,46.126112],[-122.970808,46.126136],[-122.970971,46.126103],[-122.971006,46.126022],[-122.971094,46.126016],[-122.971135,46.125974],[-122.971122,46.125866],[-122.971006,46.125842]],[[-122.970881,46.122244],[-122.970824,46.122228],[-122.970766,46.122249],[-122.970749,46.122297],[-122.970776,46.122333],[-122.970839,46.122345],[-122.970898,46.122319],[-122.970912,46.122279],[-122.970881,46.122244]],[[-122.971524,46.125303],[-122.971605,46.125298],[-122.971647,46.125269],[-122.971647,46.125066],[-122.971598,46.125035],[-122.971394,46.125032],[-122.971334,46.125008],[-122.971164,46.125045],[-122.971135,46.125122],[-122.971034,46.125135],[-122.971006,46.125212],[-122.970918,46.125219],[-122.970877,46.125261],[-122.97089,46.125368],[-122.971006,46.125392],[-122.971015,46.125454],[-122.971076,46.125482],[-122.971353,46.125476],[-122.971391,46.125444],[-122.971394,46.125392],[-122.971511,46.125368],[-122.971524,46.125303]],[[-122.971182,46.127638],[-122.971333,46.127655],[-122.971384,46.127627],[-122.971387,46.127496],[-122.971331,46.127463],[-122.971162,46.127467],[-122.971115,46.127513],[-122.97114,46.127609],[-122.971182,46.127638]],[[-122.971447,46.122872],[-122.971522,46.122834],[-122.971516,46.122721],[-122.971463,46.122693],[-122.971307,46.122699],[-122.971268,46.122736],[-122.971275,46.122844],[-122.971329,46.122871],[-122.971447,46.122872]],[[-122.971784,46.122913],[-122.971724,46.12286],[-122.97156,46.122882],[-122.971526,46.122916],[-122.971517,46.123027],[-122.971567,46.123051],[-122.971744,46.123059],[-122.971782,46.123023],[-122.971784,46.122913]],[[-122.971782,46.127053],[-122.971721,46.127],[-122.971557,46.127022],[-122.971523,46.127061],[-122.971536,46.127168],[-122.971593,46.127192],[-122.971747,46.127183],[-122.97178,46.127149],[-122.971782,46.127053]],[[-122.971784,46.123183],[-122.971723,46.12313],[-122.971559,46.123152],[-122.971525,46.123191],[-122.971538,46.123298],[-122.971595,46.123322],[-122.971749,46.123313],[-122.971782,46.123279],[-122.971784,46.123183]],[[-122.971963,46.127373],[-122.972037,46.127334],[-122.972031,46.127221],[-122.971978,46.127194],[-122.971823,46.127199],[-122.971783,46.127236],[-122.971791,46.127344],[-122.971844,46.127372],[-122.971963,46.127373]],[[-122.972094,46.122963],[-122.972169,46.122924],[-122.972163,46.122811],[-122.97211,46.122784],[-122.971953,46.122776],[-122.971914,46.122817],[-122.971922,46.122934],[-122.971976,46.122961],[-122.972094,46.122963]],[[-122.972594,46.124186],[-122.972554,46.124076],[-122.972505,46.124045],[-122.972156,46.124035],[-122.972171,46.123911],[-122.972131,46.123869],[-122.971975,46.123864],[-122.971922,46.123891],[-122.971922,46.124014],[-122.972058,46.12405],[-122.972007,46.12418],[-122.972083,46.124306],[-122.972301,46.124313],[-122.972362,46.124337],[-122.972519,46.124306],[-122.972594,46.124186]],[[-122.972336,46.122476],[-122.972296,46.122366],[-122.972254,46.122337],[-122.972066,46.122348],[-122.972008,46.122465],[-122.972066,46.122587],[-122.972121,46.122603],[-122.972279,46.122587],[-122.972336,46.122476]],[[-122.972431,46.123143],[-122.972667,46.123127],[-122.97269,46.123089],[-122.972667,46.122978],[-122.972364,46.122964],[-122.972311,46.122991],[-122.972301,46.123053],[-122.972077,46.123062],[-122.972008,46.123185],[-122.972052,46.123294],[-122.972105,46.123322],[-122.972262,46.123329],[-122.972298,46.123298],[-122.972301,46.123233],[-122.972408,46.123217],[-122.972431,46.123143]],[[-122.972222,46.127553],[-122.972296,46.127514],[-122.97229,46.127401],[-122.972237,46.127374],[-122.972081,46.127379],[-122.972042,46.127416],[-122.97205,46.127524],[-122.972103,46.127552],[-122.972222,46.127553]],[[-122.972322,46.127087],[-122.972498,46.127115],[-122.97255,46.127088],[-122.972545,46.126947],[-122.972488,46.126923],[-122.972311,46.126934],[-122.972282,46.126762],[-122.97223,46.126743],[-122.972075,46.126752],[-122.972041,46.126791],[-122.972054,46.126989],[-122.972111,46.127012],[-122.972289,46.127002],[-122.972322,46.127087]],[[-122.97222,46.122148],[-122.972364,46.122166],[-122.972419,46.122142],[-122.972428,46.122011],[-122.972376,46.121975],[-122.972228,46.121975],[-122.972176,46.122011],[-122.972176,46.122114],[-122.97222,46.122148]],[[-122.972871,46.122873],[-122.972947,46.122829],[-122.972947,46.122736],[-122.97292,46.122705],[-122.972701,46.122704],[-122.972684,46.122636],[-122.972635,46.122605],[-122.972501,46.122603],[-122.972449,46.122622],[-122.972431,46.122734],[-122.972459,46.12277],[-122.972679,46.122772],[-122.972718,46.12286],[-122.972871,46.122873]],[[-122.973616,46.123002],[-122.973583,46.122897],[-122.973467,46.122873],[-122.973432,46.122792],[-122.973249,46.122789],[-122.973211,46.122821],[-122.973208,46.122873],[-122.973126,46.122877],[-122.973084,46.122906],[-122.973078,46.123053],[-122.972977,46.123065],[-122.972949,46.123143],[-122.972848,46.123155],[-122.972819,46.123233],[-122.972724,46.123242],[-122.97269,46.123323],[-122.972608,46.123327],[-122.972566,46.123356],[-122.972526,46.12346],[-122.972578,46.123573],[-122.972689,46.123593],[-122.972703,46.123659],[-122.972819,46.123683],[-122.972822,46.123734],[-122.97286,46.123766],[-122.973078,46.123773],[-122.973084,46.123829],[-122.973126,46.123859],[-122.973268,46.123887],[-122.973411,46.123861],[-122.97346,46.12383],[-122.973466,46.123773],[-122.973561,46.12377],[-122.97361,46.123738],[-122.973582,46.123617],[-122.973466,46.123593],[-122.973432,46.123512],[-122.973337,46.123503],[-122.973308,46.123425],[-122.973078,46.123411],[-122.973078,46.123323],[-122.973267,46.123323],[-122.973319,46.123303],[-122.973337,46.123143],[-122.973444,46.123127],[-122.973466,46.123053],[-122.973594,46.123036],[-122.973616,46.123002]],[[-122.972869,46.127283],[-122.972945,46.127239],[-122.972945,46.127146],[-122.972912,46.127112],[-122.972616,46.127103],[-122.972555,46.127123],[-122.972539,46.127164],[-122.972593,46.127274],[-122.972869,46.127283]],[[-122.972836,46.126608],[-122.972812,46.126506],[-122.972762,46.126475],[-122.972614,46.126475],[-122.972562,46.126511],[-122.972562,46.126614],[-122.972614,46.12665],[-122.972804,46.126643],[-122.972836,46.126608]],[[-122.972869,46.127913],[-122.972943,46.127875],[-122.972933,46.127757],[-122.972876,46.127733],[-122.972701,46.127742],[-122.972668,46.127789],[-122.9727,46.127889],[-122.97275,46.127912],[-122.972869,46.127913]],[[-122.97273,46.125656],[-122.972887,46.125675],[-122.972942,46.125643],[-122.972946,46.125436],[-122.9729,46.125397],[-122.972756,46.125379],[-122.97269,46.125423],[-122.97269,46.125619],[-122.97273,46.125656]],[[-122.973224,46.127598],[-122.973204,46.127416],[-122.973164,46.127379],[-122.972887,46.127373],[-122.972826,46.127401],[-122.972826,46.127524],[-122.972872,46.12755],[-122.972946,46.127553],[-122.97295,46.127604],[-122.972987,46.127636],[-122.973185,46.127636],[-122.973224,46.127598]],[[-122.973389,46.122333],[-122.973463,46.122295],[-122.973449,46.122173],[-122.973337,46.122153],[-122.973332,46.122096],[-122.973289,46.122067],[-122.973107,46.122075],[-122.973079,46.122111],[-122.973096,46.122223],[-122.973208,46.122243],[-122.973211,46.122294],[-122.973249,46.122326],[-122.973389,46.122333]],[[-122.973257,46.126923],[-122.973332,46.126885],[-122.973326,46.126771],[-122.973273,46.126744],[-122.973116,46.126736],[-122.973077,46.126778],[-122.973085,46.126894],[-122.973139,46.126922],[-122.973257,46.126923]],[[-122.973724,46.125033],[-122.973813,46.125027],[-122.973852,46.12499],[-122.973845,46.124612],[-122.973791,46.124584],[-122.973658,46.124584],[-122.973604,46.124611],[-122.973595,46.124673],[-122.973466,46.124673],[-122.973466,46.124583],[-122.973547,46.124579],[-122.973592,46.124545],[-122.973586,46.124431],[-122.973405,46.124379],[-122.973248,46.124409],[-122.973208,46.124446],[-122.973207,46.124583],[-122.973125,46.124587],[-122.973081,46.124621],[-122.973086,46.124824],[-122.973132,46.12485],[-122.973207,46.124853],[-122.973224,46.124923],[-122.973336,46.124943],[-122.973349,46.125009],[-122.973465,46.125033],[-122.973471,46.12509],[-122.973513,46.125119],[-122.973683,46.125117],[-122.973721,46.125085],[-122.973724,46.125033]],[[-122.974241,46.127643],[-122.974322,46.127639],[-122.974364,46.12761],[-122.974348,46.127479],[-122.974293,46.127463],[-122.97401,46.127475],[-122.973982,46.127517],[-122.973998,46.127725],[-122.973875,46.127749],[-122.973852,46.127823],[-122.973628,46.127832],[-122.973593,46.127913],[-122.973512,46.127917],[-122.97347,46.127946],[-122.973473,46.128064],[-122.973519,46.128091],[-122.973593,46.128094],[-122.973593,46.128183],[-122.973512,46.128187],[-122.973467,46.128221],[-122.97348,46.128355],[-122.973334,46.128363],[-122.973329,46.128293],[-122.973274,46.12826],[-122.973089,46.128297],[-122.973085,46.128424],[-122.973131,46.128451],[-122.973205,46.128453],[-122.973239,46.128534],[-122.973334,46.128543],[-122.973369,46.128624],[-122.973511,46.128647],[-122.973571,46.12863],[-122.973628,46.128501],[-122.973577,46.128371],[-122.973694,46.128351],[-122.973723,46.128273],[-122.973824,46.128261],[-122.973852,46.128183],[-122.973953,46.128171],[-122.973982,46.128093],[-122.974077,46.128084],[-122.974111,46.128003],[-122.974228,46.127979],[-122.974235,46.127856],[-122.974193,46.127827],[-122.974111,46.127823],[-122.974096,46.127741],[-122.974218,46.127717],[-122.974241,46.127643]],[[-122.973351,46.128863],[-122.973312,46.128649],[-122.973257,46.128633],[-122.973098,46.128649],[-122.973075,46.128687],[-122.973098,46.128887],[-122.973307,46.128899],[-122.973351,46.128863]],[[-122.973905,46.126113],[-122.973979,46.126075],[-122.973977,46.125966],[-122.973935,46.125937],[-122.973853,46.125933],[-122.973819,46.125852],[-122.973724,46.125843],[-122.973701,46.125769],[-122.973646,46.125753],[-122.973476,46.125764],[-122.973424,46.125669],[-122.973289,46.125649],[-122.973228,46.125665],[-122.973187,46.125782],[-122.973208,46.125826],[-122.973264,46.125843],[-122.973454,46.125832],[-122.973483,46.125913],[-122.973594,46.125933],[-122.973629,46.126014],[-122.973724,46.126023],[-122.973752,46.126101],[-122.973905,46.126113]],[[-122.973595,46.125433],[-122.973567,46.125392],[-122.973512,46.125379],[-122.973451,46.125402],[-122.973431,46.125441],[-122.973456,46.125478],[-122.97352,46.125497],[-122.973578,46.125476],[-122.973595,46.125433]],[[-122.973512,46.127099],[-122.973656,46.127116],[-122.973711,46.127092],[-122.97372,46.126961],[-122.973668,46.126925],[-122.97352,46.126925],[-122.973468,46.126961],[-122.973468,46.127065],[-122.973512,46.127099]],[[-122.974034,46.127283],[-122.97411,46.12724],[-122.97411,46.127147],[-122.974077,46.127112],[-122.973781,46.127103],[-122.97372,46.127124],[-122.973704,46.127164],[-122.973758,46.127274],[-122.974034,46.127283]],[[-122.973906,46.123413],[-122.973981,46.123375],[-122.973975,46.123262],[-122.973922,46.123234],[-122.973766,46.123239],[-122.973727,46.123276],[-122.973734,46.123384],[-122.973788,46.123412],[-122.973906,46.123413]],[[-122.974057,46.125305],[-122.973921,46.12529],[-122.973871,46.12531],[-122.973869,46.125475],[-122.973772,46.125487],[-122.97373,46.125516],[-122.973726,46.12562],[-122.973772,46.125659],[-122.973954,46.125651],[-122.973983,46.125614],[-122.973967,46.125491],[-122.974064,46.125479],[-122.974107,46.12545],[-122.974103,46.125332],[-122.974057,46.125305]],[[-122.974519,46.129213],[-122.974476,46.129099],[-122.97437,46.129083],[-122.974335,46.129002],[-122.97424,46.128993],[-122.97424,46.128903],[-122.974275,46.128855],[-122.974212,46.128735],[-122.974029,46.128727],[-122.973987,46.128756],[-122.973981,46.128813],[-122.973849,46.128834],[-122.973832,46.128869],[-122.973865,46.128969],[-122.973981,46.128993],[-122.974016,46.129074],[-122.974111,46.129083],[-122.974111,46.129173],[-122.974016,46.129176],[-122.973966,46.129208],[-122.973987,46.12932],[-122.974029,46.129349],[-122.974111,46.129353],[-122.974124,46.129419],[-122.97424,46.129443],[-122.974246,46.1295],[-122.974288,46.129529],[-122.974457,46.129532],[-122.974514,46.129499],[-122.974486,46.129377],[-122.974369,46.129352],[-122.97437,46.129263],[-122.974497,46.129247],[-122.974519,46.129213]],[[-122.974753,46.12716],[-122.974778,46.127058],[-122.974738,46.12702],[-122.9745,46.127013],[-122.974482,46.126943],[-122.974371,46.126923],[-122.974353,46.126853],[-122.974241,46.126833],[-122.974228,46.126767],[-122.974112,46.126743],[-122.974077,46.126662],[-122.973928,46.126639],[-122.973866,46.126664],[-122.973866,46.126809],[-122.973982,46.126833],[-122.974017,46.126914],[-122.974112,46.126923],[-122.97414,46.127001],[-122.974241,46.127013],[-122.974269,46.127091],[-122.97437,46.127103],[-122.974405,46.127184],[-122.974561,46.127217],[-122.974704,46.127191],[-122.974753,46.12716]],[[-122.974372,46.123813],[-122.974304,46.12376],[-122.974131,46.123793],[-122.974113,46.123953],[-122.974025,46.123959],[-122.973985,46.123996],[-122.973984,46.124098],[-122.974011,46.124134],[-122.974066,46.124147],[-122.974195,46.124129],[-122.974237,46.1241],[-122.974243,46.124043],[-122.974354,46.124023],[-122.974372,46.123813]],[[-122.974116,46.124312],[-122.974147,46.124276],[-122.974132,46.124236],[-122.974074,46.12421],[-122.974011,46.124222],[-122.973984,46.124258],[-122.974,46.124307],[-122.974059,46.124327],[-122.974116,46.124312]],[[-122.974528,46.128891],[-122.974705,46.128914],[-122.974755,46.128878],[-122.974741,46.128653],[-122.974629,46.128633],[-122.974623,46.128577],[-122.974581,46.128547],[-122.97437,46.128543],[-122.974367,46.128478],[-122.974324,46.128444],[-122.974119,46.128466],[-122.974091,46.128509],[-122.974129,46.128613],[-122.97424,46.128633],[-122.974275,46.128714],[-122.97437,46.128723],[-122.974398,46.128801],[-122.974499,46.128813],[-122.974528,46.128891]],[[-122.976571,46.126744],[-122.976554,46.126673],[-122.976442,46.126654],[-122.976407,46.126573],[-122.976312,46.126563],[-122.976284,46.126486],[-122.976183,46.126473],[-122.976155,46.126396],[-122.976054,46.126383],[-122.976025,46.126306],[-122.975924,46.126293],[-122.975896,46.126216],[-122.975795,46.126203],[-122.975772,46.126129],[-122.975536,46.126113],[-122.975513,46.126039],[-122.975407,46.126023],[-122.975389,46.125953],[-122.975277,46.125933],[-122.975243,46.125852],[-122.975148,46.125843],[-122.975119,46.125766],[-122.975018,46.125753],[-122.975019,46.125483],[-122.975227,46.125483],[-122.975281,46.125463],[-122.975274,46.125252],[-122.97523,46.125217],[-122.975148,46.125213],[-122.975145,46.125162],[-122.975107,46.12513],[-122.974889,46.125123],[-122.974886,46.125058],[-122.974843,46.125024],[-122.974659,46.125045],[-122.974596,46.125166],[-122.97463,46.125213],[-122.97463,46.125393],[-122.974556,46.125395],[-122.97451,46.125422],[-122.974501,46.125573],[-122.974406,46.125582],[-122.974371,46.125663],[-122.974255,46.125687],[-122.974222,46.125787],[-122.974238,46.125823],[-122.974371,46.125843],[-122.974389,46.125913],[-122.9745,46.125933],[-122.974535,46.126014],[-122.97463,46.126023],[-122.974658,46.126101],[-122.974759,46.126113],[-122.974788,46.126191],[-122.974889,46.126203],[-122.974917,46.126281],[-122.975018,46.126293],[-122.975046,46.126371],[-122.975277,46.126383],[-122.9753,46.126458],[-122.975406,46.126473],[-122.975424,46.126544],[-122.975536,46.126563],[-122.975553,46.126634],[-122.975665,46.126653],[-122.975683,46.126724],[-122.975794,46.126744],[-122.975812,46.126814],[-122.975924,46.126834],[-122.975937,46.126899],[-122.976053,46.126924],[-122.976057,46.126975],[-122.976094,46.127007],[-122.976312,46.127014],[-122.976335,46.127088],[-122.976487,46.127126],[-122.976672,46.127091],[-122.9767,46.127055],[-122.976699,46.126787],[-122.97666,46.12675],[-122.976571,46.126744]],[[-122.9745,46.123591],[-122.974448,46.12357],[-122.97439,46.12358],[-122.974353,46.123622],[-122.974369,46.123663],[-122.974422,46.123683],[-122.974494,46.12367],[-122.974521,46.123633],[-122.9745,46.123591]],[[-122.976107,46.123143],[-122.976183,46.1231],[-122.976179,46.122817],[-122.976137,46.122788],[-122.976055,46.122783],[-122.976021,46.122703],[-122.975926,46.122693],[-122.975897,46.122616],[-122.975796,46.122603],[-122.975793,46.122552],[-122.975755,46.12252],[-122.975408,46.122513],[-122.975405,46.122462],[-122.975367,46.12243],[-122.97502,46.122423],[-122.974991,46.122345],[-122.974836,46.122319],[-122.97477,46.122348],[-122.974761,46.122423],[-122.97455,46.122427],[-122.974508,46.122456],[-122.974502,46.122513],[-122.974428,46.122515],[-122.974382,46.122542],[-122.974353,46.122643],[-122.974386,46.122684],[-122.97489,46.122693],[-122.974903,46.122759],[-122.97502,46.122783],[-122.975026,46.12284],[-122.975075,46.122871],[-122.975278,46.122873],[-122.975362,46.122896],[-122.975515,46.122858],[-122.975538,46.122783],[-122.975667,46.122783],[-122.975684,46.123034],[-122.975737,46.123053],[-122.975926,46.123053],[-122.97596,46.123134],[-122.976107,46.123143]],[[-122.974906,46.129758],[-122.974881,46.129657],[-122.974839,46.129627],[-122.974696,46.12961],[-122.974634,46.129643],[-122.97463,46.12976],[-122.974676,46.129799],[-122.974867,46.129797],[-122.974906,46.129758]],[[-122.97544,46.127814],[-122.975611,46.127835],[-122.975661,46.127799],[-122.975647,46.127573],[-122.975587,46.127553],[-122.975287,46.127564],[-122.975254,46.127479],[-122.975147,46.127463],[-122.975124,46.127299],[-122.974978,46.12727],[-122.974916,46.127282],[-122.974888,46.127323],[-122.974906,46.127534],[-122.975017,46.127553],[-122.975023,46.12761],[-122.975065,46.127639],[-122.975265,46.127632],[-122.975299,46.127718],[-122.975406,46.127733],[-122.97544,46.127814]],[[-122.975148,46.126833],[-122.975166,46.126788],[-122.975134,46.126753],[-122.97506,46.126744],[-122.97501,46.126768],[-122.975,46.12681],[-122.975036,46.126847],[-122.975094,46.126857],[-122.975148,46.126833]],[[-122.975323,46.129889],[-122.975603,46.129906],[-122.975658,46.129874],[-122.975641,46.129729],[-122.975405,46.129713],[-122.975399,46.129657],[-122.97535,46.129626],[-122.975221,46.12961],[-122.975168,46.129626],[-122.975146,46.129749],[-122.975169,46.129788],[-122.975275,46.129803],[-122.975281,46.12986],[-122.975323,46.129889]],[[-122.975407,46.124313],[-122.975524,46.124289],[-122.975533,46.124172],[-122.975482,46.124136],[-122.975333,46.124136],[-122.975284,46.124167],[-122.975278,46.124223],[-122.975204,46.124226],[-122.975158,46.124252],[-122.975154,46.124383],[-122.975216,46.124417],[-122.975359,46.124399],[-122.975401,46.12437],[-122.975407,46.124313]],[[-122.975589,46.123233],[-122.975665,46.12319],[-122.975665,46.123097],[-122.975632,46.123062],[-122.975336,46.123053],[-122.975275,46.123074],[-122.975259,46.123115],[-122.975313,46.123224],[-122.975589,46.123233]],[[-122.976316,46.125013],[-122.976307,46.124887],[-122.976258,46.124856],[-122.975936,46.124864],[-122.975916,46.124702],[-122.97587,46.124676],[-122.975796,46.124673],[-122.975783,46.124594],[-122.975706,46.12457],[-122.975546,46.124612],[-122.975536,46.124853],[-122.975442,46.124862],[-122.975407,46.124943],[-122.975295,46.124963],[-122.975279,46.12508],[-122.975333,46.125121],[-122.975481,46.125121],[-122.97553,46.12509],[-122.975537,46.125033],[-122.975747,46.125029],[-122.975789,46.125],[-122.975795,46.124943],[-122.975914,46.124932],[-122.975942,46.125104],[-122.975987,46.125122],[-122.976121,46.125122],[-122.976174,46.125095],[-122.976184,46.125034],[-122.976316,46.125013]],[[-122.975683,46.128498],[-122.975658,46.128397],[-122.975609,46.128366],[-122.975448,46.128364],[-122.975388,46.128403],[-122.975411,46.12851],[-122.975461,46.128541],[-122.975651,46.128534],[-122.975683,46.128498]],[[-122.975798,46.125215],[-122.975727,46.125189],[-122.975559,46.125229],[-122.975536,46.125267],[-122.975559,46.125378],[-122.975614,46.125393],[-122.975772,46.125378],[-122.975829,46.125266],[-122.975798,46.125215]],[[-122.975814,46.125708],[-122.975789,46.125607],[-122.975747,46.125578],[-122.975604,46.12556],[-122.975542,46.125593],[-122.975538,46.12571],[-122.975584,46.125749],[-122.975775,46.125747],[-122.975814,46.125708]],[[-122.975975,46.128454],[-122.976049,46.128415],[-122.97604,46.128298],[-122.975983,46.128274],[-122.975808,46.128283],[-122.975774,46.128329],[-122.975807,46.128429],[-122.975856,46.128452],[-122.975975,46.128454]],[[-122.976105,46.128094],[-122.976181,46.12805],[-122.976181,46.127957],[-122.976148,46.127923],[-122.975984,46.127889],[-122.975791,46.127934],[-122.975775,46.127975],[-122.975828,46.128084],[-122.976105,46.128094]],[[-122.976835,46.122515],[-122.976771,46.122489],[-122.976702,46.122514],[-122.976573,46.122513],[-122.976555,46.122353],[-122.976503,46.122334],[-122.976314,46.122333],[-122.976301,46.122267],[-122.976185,46.122243],[-122.976179,46.122187],[-122.976137,46.122158],[-122.975867,46.122154],[-122.975802,46.122187],[-122.975814,46.122314],[-122.975926,46.122333],[-122.97596,46.122414],[-122.976055,46.122423],[-122.976084,46.122501],[-122.976185,46.122514],[-122.976213,46.122591],[-122.976314,46.122604],[-122.976342,46.122681],[-122.976443,46.122694],[-122.976447,46.122759],[-122.97649,46.122793],[-122.976661,46.122777],[-122.976699,46.122745],[-122.976702,46.122694],[-122.976814,46.122674],[-122.976866,46.122561],[-122.976835,46.122515]],[[-122.976201,46.127418],[-122.976177,46.127317],[-122.976128,46.127286],[-122.975966,46.127285],[-122.975907,46.127323],[-122.97593,46.12743],[-122.975979,46.127461],[-122.976169,46.127454],[-122.976201,46.127418]],[[-122.977735,46.129574],[-122.977675,46.129521],[-122.977476,46.129534],[-122.9774,46.12951],[-122.977246,46.129546],[-122.977217,46.129624],[-122.976993,46.129633],[-122.976959,46.129672],[-122.976958,46.129804],[-122.976852,46.12982],[-122.976829,46.129894],[-122.976734,46.129903],[-122.976699,46.129984],[-122.976587,46.130003],[-122.97657,46.130074],[-122.976366,46.130076],[-122.976317,46.130107],[-122.976311,46.130164],[-122.97608,46.130176],[-122.976052,46.130212],[-122.976065,46.13032],[-122.976181,46.130344],[-122.976187,46.1304],[-122.976229,46.130429],[-122.97644,46.130434],[-122.976449,46.130495],[-122.976503,46.130523],[-122.976637,46.130523],[-122.976681,46.130504],[-122.976699,46.130344],[-122.976828,46.130344],[-122.976834,46.1304],[-122.976884,46.130431],[-122.977184,46.130438],[-122.977217,46.130399],[-122.977217,46.130164],[-122.977319,46.13016],[-122.977365,46.130119],[-122.977347,46.129894],[-122.977448,46.129882],[-122.977476,46.129804],[-122.977571,46.129795],[-122.977606,46.129714],[-122.977717,46.129694],[-122.977735,46.129574]],[[-122.9767,46.128004],[-122.976899,46.128016],[-122.976953,46.127984],[-122.976958,46.127867],[-122.976918,46.12783],[-122.976571,46.127824],[-122.97651,46.1278],[-122.976332,46.12783],[-122.976292,46.127874],[-122.976312,46.128094],[-122.976237,46.128096],[-122.976191,46.128122],[-122.976191,46.128245],[-122.976245,46.128273],[-122.976379,46.128273],[-122.976432,46.128245],[-122.976441,46.128184],[-122.976571,46.128184],[-122.976588,46.128344],[-122.9767,46.128364],[-122.976703,46.128415],[-122.976741,46.128447],[-122.976919,46.128461],[-122.976958,46.128419],[-122.97695,46.128302],[-122.976904,46.128276],[-122.97683,46.128274],[-122.976795,46.128193],[-122.976684,46.128176],[-122.9767,46.128004]],[[-122.976442,46.125614],[-122.976382,46.125561],[-122.976218,46.125583],[-122.976184,46.125622],[-122.976196,46.12573],[-122.976352,46.125767],[-122.976409,46.125758],[-122.976441,46.125724],[-122.976442,46.125614]],[[-122.976493,46.128724],[-122.976569,46.12868],[-122.976567,46.128492],[-122.976515,46.128456],[-122.976367,46.128456],[-122.976321,46.128482],[-122.976278,46.128581],[-122.976315,46.128685],[-122.976367,46.128721],[-122.976493,46.128724]],[[-122.97659,46.126159],[-122.976566,46.126057],[-122.976516,46.126026],[-122.976368,46.126026],[-122.976316,46.126062],[-122.976316,46.126165],[-122.976368,46.126201],[-122.976558,46.126194],[-122.97659,46.126159]],[[-122.976753,46.124224],[-122.976828,46.124185],[-122.976818,46.124068],[-122.976761,46.124044],[-122.976586,46.124053],[-122.976552,46.124099],[-122.976585,46.1242],[-122.976635,46.124223],[-122.976753,46.124224]],[[-122.9774,46.126294],[-122.977476,46.12625],[-122.977476,46.126157],[-122.977443,46.126123],[-122.977279,46.12609],[-122.9771,46.126125],[-122.977084,46.126044],[-122.977029,46.126011],[-122.976843,46.126048],[-122.976831,46.126155],[-122.976865,46.126195],[-122.977078,46.126193],[-122.977095,46.12626],[-122.977144,46.126291],[-122.9774,46.126294]],[[-122.97916,46.126564],[-122.979142,46.126494],[-122.979031,46.126474],[-122.979013,46.126404],[-122.978901,46.126384],[-122.978884,46.126314],[-122.978772,46.126294],[-122.978754,46.126224],[-122.978643,46.126204],[-122.978629,46.126138],[-122.978513,46.126114],[-122.978479,46.126033],[-122.977995,46.126024],[-122.977978,46.125954],[-122.977866,46.125934],[-122.977831,46.125853],[-122.977737,46.125844],[-122.977714,46.12577],[-122.977591,46.125746],[-122.977601,46.125517],[-122.977559,46.125488],[-122.977478,46.125484],[-122.977443,46.125403],[-122.977348,46.125394],[-122.97732,46.125316],[-122.976908,46.125304],[-122.976848,46.125323],[-122.976834,46.125535],[-122.976879,46.12557],[-122.97696,46.125574],[-122.976983,46.125648],[-122.977219,46.125664],[-122.977225,46.12572],[-122.977274,46.125751],[-122.977493,46.125761],[-122.977481,46.125985],[-122.977526,46.12602],[-122.977607,46.126025],[-122.977607,46.126294],[-122.977519,46.1263],[-122.977478,46.126342],[-122.9775,46.126548],[-122.977555,46.126564],[-122.977708,46.126552],[-122.977736,46.126474],[-122.977831,46.126465],[-122.977866,46.126384],[-122.97794,46.126382],[-122.977986,46.126355],[-122.977995,46.126204],[-122.978125,46.126204],[-122.978125,46.126384],[-122.978024,46.126396],[-122.977995,46.126474],[-122.977879,46.126498],[-122.977866,46.126564],[-122.977759,46.12658],[-122.977725,46.126665],[-122.977281,46.126655],[-122.977228,46.126682],[-122.977218,46.126744],[-122.977089,46.126744],[-122.97702,46.12672],[-122.976945,46.126752],[-122.976925,46.126791],[-122.976959,46.126834],[-122.97696,46.127069],[-122.976993,46.127108],[-122.977218,46.127104],[-122.977231,46.12717],[-122.977348,46.127194],[-122.977354,46.12725],[-122.977403,46.127281],[-122.977865,46.127284],[-122.977963,46.127303],[-122.97803,46.127241],[-122.977995,46.127194],[-122.977992,46.127052],[-122.977947,46.127018],[-122.977866,46.127014],[-122.977831,46.126933],[-122.977736,46.126924],[-122.977736,46.126745],[-122.977995,46.126744],[-122.978013,46.126814],[-122.978124,46.126834],[-122.978159,46.126915],[-122.978254,46.126924],[-122.978282,46.127002],[-122.978383,46.127014],[-122.978412,46.127092],[-122.978513,46.127104],[-122.978541,46.127182],[-122.978724,46.12719],[-122.978766,46.127161],[-122.978772,46.127104],[-122.978888,46.12708],[-122.978901,46.127014],[-122.979013,46.126994],[-122.979031,46.126924],[-122.979142,46.126904],[-122.97916,46.126834],[-122.979234,46.126832],[-122.97928,46.126806],[-122.979286,46.126602],[-122.979242,46.126568],[-122.97916,46.126564]],[[-122.977237,46.128139],[-122.977212,46.128037],[-122.977163,46.128006],[-122.977001,46.128005],[-122.976942,46.128043],[-122.976965,46.12815],[-122.977014,46.128181],[-122.977204,46.128174],[-122.977237,46.128139]],[[-122.977916,46.129174],[-122.977991,46.129136],[-122.977985,46.129022],[-122.977932,46.128995],[-122.977719,46.128986],[-122.97777,46.128861],[-122.977729,46.128757],[-122.977673,46.128725],[-122.977461,46.128716],[-122.977477,46.128598],[-122.977454,46.12856],[-122.977286,46.12852],[-122.977218,46.128544],[-122.977034,46.12853],[-122.976981,46.128546],[-122.976959,46.128675],[-122.976993,46.128715],[-122.977363,46.128731],[-122.977347,46.128814],[-122.977158,46.128814],[-122.977106,46.128833],[-122.977068,46.128938],[-122.97709,46.128977],[-122.977217,46.128994],[-122.977231,46.12906],[-122.977295,46.129084],[-122.977442,46.129075],[-122.977476,46.128994],[-122.977606,46.128994],[-122.977606,46.129125],[-122.977634,46.129162],[-122.977916,46.129174]],[[-122.977495,46.128319],[-122.977471,46.128217],[-122.977429,46.128188],[-122.977285,46.12817],[-122.977223,46.128204],[-122.977219,46.12832],[-122.977266,46.12836],[-122.977456,46.128357],[-122.977495,46.128319]],[[-122.977476,46.129264],[-122.97747,46.129207],[-122.977421,46.129176],[-122.977273,46.129176],[-122.977221,46.129212],[-122.977227,46.129325],[-122.977272,46.129351],[-122.977347,46.129354],[-122.977352,46.129424],[-122.977407,46.129456],[-122.977558,46.12944],[-122.977604,46.1294],[-122.977593,46.129288],[-122.977476,46.129264]],[[-122.977787,46.128184],[-122.977862,46.128146],[-122.977847,46.128024],[-122.977736,46.128004],[-122.97773,46.127947],[-122.977688,46.127918],[-122.977484,46.127927],[-122.977457,46.12797],[-122.977494,46.128074],[-122.977606,46.128094],[-122.977609,46.128146],[-122.977647,46.128177],[-122.977787,46.128184]],[[-122.977606,46.130074],[-122.977571,46.130111],[-122.977586,46.130151],[-122.977645,46.130177],[-122.977702,46.130168],[-122.977733,46.130134],[-122.977722,46.130085],[-122.977667,46.13006],[-122.977606,46.130074]],[[-122.977996,46.125484],[-122.978014,46.125439],[-122.977982,46.125403],[-122.977908,46.125395],[-122.977858,46.125419],[-122.977848,46.12546],[-122.977885,46.125497],[-122.977942,46.125507],[-122.977996,46.125484]],[[-122.979562,46.13085],[-122.979524,46.13072],[-122.979418,46.130704],[-122.979404,46.130458],[-122.979347,46.130434],[-122.979159,46.130434],[-122.97915,46.130283],[-122.979104,46.130256],[-122.979029,46.130254],[-122.979012,46.129824],[-122.978959,46.129804],[-122.978771,46.129804],[-122.978765,46.129747],[-122.978715,46.129716],[-122.978512,46.129714],[-122.978506,46.129657],[-122.978464,46.129628],[-122.978253,46.129624],[-122.97824,46.129558],[-122.978123,46.129534],[-122.97812,46.129469],[-122.978077,46.129435],[-122.977872,46.129457],[-122.977845,46.1295],[-122.977868,46.129676],[-122.977912,46.12971],[-122.977994,46.129715],[-122.977994,46.129804],[-122.977892,46.129808],[-122.977847,46.129844],[-122.977882,46.129964],[-122.977934,46.129984],[-122.978123,46.129984],[-122.978129,46.130131],[-122.978171,46.13016],[-122.978252,46.130164],[-122.978258,46.130221],[-122.9783,46.13025],[-122.97877,46.130254],[-122.978774,46.130576],[-122.978833,46.130613],[-122.979029,46.130614],[-122.979029,46.130835],[-122.979064,46.130875],[-122.979505,46.130883],[-122.979562,46.13085]],[[-122.977919,46.125045],[-122.978077,46.12503],[-122.978119,46.125001],[-122.978124,46.124807],[-122.97807,46.124766],[-122.977929,46.124765],[-122.977868,46.124807],[-122.977868,46.125004],[-122.977919,46.125045]],[[-122.97812,46.124024],[-122.978144,46.123909],[-122.978112,46.123873],[-122.977922,46.123866],[-122.97787,46.123902],[-122.97787,46.124005],[-122.977922,46.124042],[-122.978072,46.124055],[-122.97812,46.124024]],[[-122.978563,46.130884],[-122.978637,46.130846],[-122.978632,46.130733],[-122.978578,46.130705],[-122.978423,46.13071],[-122.978383,46.130747],[-122.978391,46.130855],[-122.978444,46.130883],[-122.978563,46.130884]],[[-122.978824,46.124224],[-122.978899,46.124186],[-122.978889,46.124068],[-122.978773,46.124044],[-122.978769,46.123992],[-122.978732,46.12396],[-122.97859,46.12393],[-122.978532,46.123941],[-122.978479,46.123996],[-122.978527,46.12411],[-122.978643,46.124134],[-122.978647,46.124186],[-122.978684,46.124218],[-122.978824,46.124224]],[[-122.979418,46.128044],[-122.979351,46.127991],[-122.978901,46.128004],[-122.978888,46.127938],[-122.978771,46.127914],[-122.978765,46.127857],[-122.978716,46.127826],[-122.978568,46.127826],[-122.978516,46.127862],[-122.978525,46.12798],[-122.978642,46.128004],[-122.978655,46.12807],[-122.978771,46.128094],[-122.978777,46.128151],[-122.978826,46.128182],[-122.979365,46.128195],[-122.979417,46.128154],[-122.979418,46.128044]],[[-122.979288,46.131424],[-122.979376,46.131418],[-122.979416,46.131381],[-122.979416,46.131198],[-122.979362,46.131157],[-122.978703,46.131155],[-122.97865,46.131183],[-122.97864,46.131244],[-122.978559,46.131248],[-122.978514,46.131282],[-122.97852,46.131396],[-122.978566,46.131422],[-122.97864,46.131424],[-122.978646,46.131481],[-122.978696,46.131512],[-122.979225,46.131513],[-122.979279,46.131486],[-122.979288,46.131424]],[[-122.978812,46.128988],[-122.978962,46.129008],[-122.979017,46.128983],[-122.979028,46.128858],[-122.978982,46.128818],[-122.978831,46.128802],[-122.978774,46.128839],[-122.978772,46.128951],[-122.978812,46.128988]],[[-122.979083,46.125754],[-122.979157,46.125716],[-122.979147,46.125598],[-122.97909,46.125574],[-122.978915,46.125584],[-122.978882,46.12563],[-122.978915,46.12573],[-122.978964,46.125753],[-122.979083,46.125754]],[[-122.979938,46.131873],[-122.979969,46.131821],[-122.9799,46.131703],[-122.979676,46.131694],[-122.979653,46.13162],[-122.979501,46.131582],[-122.979322,46.131607],[-122.979268,46.131655],[-122.979303,46.131777],[-122.979206,46.131788],[-122.979161,46.131823],[-122.979158,46.131964],[-122.978926,46.131963],[-122.978899,46.131999],[-122.978902,46.132119],[-122.978974,46.132158],[-122.979394,46.132128],[-122.979417,46.132054],[-122.979512,46.132045],[-122.979546,46.132],[-122.979533,46.131898],[-122.979417,46.131874],[-122.979417,46.131784],[-122.979546,46.131784],[-122.979556,46.131846],[-122.979609,46.131873],[-122.979805,46.131874],[-122.979866,46.131898],[-122.979938,46.131873]],[[-122.979213,46.123954],[-122.979287,46.123916],[-122.979281,46.123803],[-122.979228,46.123775],[-122.979073,46.12378],[-122.979033,46.123818],[-122.979041,46.123925],[-122.979094,46.123953],[-122.979213,46.123954]],[[-122.982395,46.129085],[-122.982392,46.129033],[-122.982354,46.129001],[-122.982007,46.128995],[-122.98198,46.128904],[-122.981924,46.128891],[-122.981868,46.12891],[-122.981843,46.128952],[-122.981893,46.129002],[-122.981877,46.129085],[-122.981771,46.1291],[-122.981748,46.129175],[-122.981552,46.129176],[-122.981495,46.129208],[-122.981489,46.129624],[-122.98136,46.129624],[-122.981356,46.129483],[-122.981312,46.129449],[-122.98123,46.129444],[-122.981213,46.129284],[-122.98116,46.129265],[-122.980971,46.129264],[-122.980965,46.129208],[-122.980923,46.129179],[-122.980754,46.129181],[-122.980716,46.129213],[-122.980712,46.129264],[-122.980365,46.129271],[-122.980324,46.129313],[-122.980352,46.129432],[-122.980712,46.129444],[-122.980735,46.129519],[-122.980842,46.129535],[-122.980855,46.1296],[-122.980971,46.129625],[-122.981,46.129702],[-122.981101,46.129715],[-122.9811,46.129894],[-122.980994,46.12991],[-122.980971,46.129984],[-122.980855,46.130008],[-122.980842,46.130074],[-122.980712,46.130074],[-122.980689,46.13],[-122.980583,46.129984],[-122.980574,46.129833],[-122.980528,46.129807],[-122.980453,46.129804],[-122.980425,46.129727],[-122.98012,46.129717],[-122.980071,46.129748],[-122.980065,46.129804],[-122.979991,46.129807],[-122.979945,46.129833],[-122.979935,46.129984],[-122.979861,46.129987],[-122.979815,46.130013],[-122.979806,46.130164],[-122.979724,46.130168],[-122.97968,46.130203],[-122.979694,46.130415],[-122.979746,46.130434],[-122.979935,46.130434],[-122.979953,46.130505],[-122.980065,46.130524],[-122.980078,46.13059],[-122.980194,46.130614],[-122.980197,46.130666],[-122.980235,46.130698],[-122.980453,46.130704],[-122.980459,46.130851],[-122.980501,46.13088],[-122.980582,46.130884],[-122.980617,46.130965],[-122.9808,46.130968],[-122.980838,46.130936],[-122.980841,46.130885],[-122.9811,46.130885],[-122.981123,46.130959],[-122.98123,46.130975],[-122.981264,46.131055],[-122.981359,46.131065],[-122.981375,46.131147],[-122.981257,46.131159],[-122.981211,46.1312],[-122.981235,46.131301],[-122.981285,46.131332],[-122.981466,46.131319],[-122.981488,46.131281],[-122.981473,46.131162],[-122.98159,46.131142],[-122.981618,46.131065],[-122.981719,46.131052],[-122.981748,46.130975],[-122.981836,46.130968],[-122.981877,46.130926],[-122.981877,46.130795],[-122.981912,46.130747],[-122.981871,46.130648],[-122.981829,46.130619],[-122.981748,46.130615],[-122.981742,46.130558],[-122.9817,46.130529],[-122.981489,46.130525],[-122.981489,46.130345],[-122.981595,46.130329],[-122.981618,46.130255],[-122.981725,46.130239],[-122.981748,46.130165],[-122.981854,46.130149],[-122.981877,46.130075],[-122.981978,46.130062],[-122.982007,46.129985],[-122.982108,46.129972],[-122.982136,46.129895],[-122.982237,46.129882],[-122.982266,46.129805],[-122.982361,46.129796],[-122.982395,46.129715],[-122.982477,46.129711],[-122.982521,46.129676],[-122.982502,46.129551],[-122.982321,46.129537],[-122.982272,46.129568],[-122.982266,46.129625],[-122.982149,46.129649],[-122.982136,46.129715],[-122.982024,46.129734],[-122.982007,46.129805],[-122.981877,46.129805],[-122.981877,46.129625],[-122.981978,46.129612],[-122.982007,46.129535],[-122.982108,46.129522],[-122.982136,46.129445],[-122.982237,46.129432],[-122.982266,46.129355],[-122.982361,46.129346],[-122.982395,46.129265],[-122.98247,46.129262],[-122.982516,46.129236],[-122.982516,46.129113],[-122.98247,46.129087],[-122.982395,46.129085]],[[-122.980716,46.127466],[-122.980712,46.127328],[-122.980679,46.127293],[-122.980523,46.12726],[-122.980454,46.127284],[-122.980325,46.127284],[-122.980322,46.127053],[-122.980277,46.127018],[-122.980196,46.127014],[-122.980173,46.12694],[-122.980118,46.126924],[-122.979959,46.12694],[-122.979937,46.126978],[-122.979946,46.127346],[-122.979992,46.127372],[-122.980066,46.127374],[-122.9801,46.127455],[-122.980195,46.127464],[-122.980224,46.127542],[-122.980325,46.127554],[-122.980353,46.127632],[-122.980454,46.127644],[-122.980457,46.127696],[-122.980495,46.127728],[-122.98065,46.127733],[-122.980704,46.127706],[-122.980713,46.127554],[-122.980748,46.127512],[-122.980716,46.127466]],[[-122.980457,46.128456],[-122.980385,46.12843],[-122.980324,46.128454],[-122.980088,46.12847],[-122.980065,46.128508],[-122.980088,46.128708],[-122.980143,46.128724],[-122.980302,46.128709],[-122.980324,46.128634],[-122.980406,46.12863],[-122.980448,46.128601],[-122.980488,46.128502],[-122.980457,46.128456]],[[-122.980504,46.131784],[-122.980579,46.131746],[-122.980565,46.131624],[-122.980453,46.131604],[-122.98045,46.131539],[-122.980407,46.131505],[-122.980222,46.131527],[-122.980194,46.131563],[-122.980211,46.131675],[-122.980323,46.131694],[-122.980327,46.131746],[-122.980364,46.131778],[-122.980504,46.131784]],[[-122.980584,46.126654],[-122.980561,46.12658],[-122.980455,46.126564],[-122.980451,46.126499],[-122.980415,46.126467],[-122.980258,46.126475],[-122.980205,46.126503],[-122.980199,46.126616],[-122.980244,46.12665],[-122.980325,46.126654],[-122.980325,46.126786],[-122.980359,46.126825],[-122.980523,46.126858],[-122.980584,46.126834],[-122.98082,46.126819],[-122.980843,46.12678],[-122.98082,46.12667],[-122.980584,46.126654]],[[-122.980582,46.126382],[-122.980531,46.126361],[-122.980473,46.126371],[-122.980435,46.126413],[-122.980451,46.126454],[-122.980505,46.126474],[-122.980576,46.126462],[-122.980604,46.126424],[-122.980582,46.126382]],[[-122.980988,46.131385],[-122.980936,46.131254],[-122.980767,46.131247],[-122.980718,46.131278],[-122.980695,46.131385],[-122.980754,46.131423],[-122.980936,46.131422],[-122.980988,46.131385]],[[-122.981751,46.128723],[-122.981781,46.128666],[-122.981739,46.128573],[-122.981693,46.128547],[-122.981558,46.12852],[-122.981489,46.128544],[-122.98136,46.128544],[-122.981291,46.12852],[-122.98123,46.128544],[-122.981027,46.128547],[-122.980973,46.128588],[-122.980971,46.128724],[-122.980877,46.128734],[-122.980842,46.128814],[-122.98073,46.128834],[-122.980695,46.128955],[-122.98074,46.12899],[-122.980842,46.128995],[-122.980855,46.12906],[-122.980971,46.129085],[-122.980977,46.129141],[-122.981019,46.12917],[-122.98123,46.129175],[-122.981291,46.129199],[-122.981434,46.129172],[-122.981483,46.129141],[-122.981489,46.129085],[-122.981686,46.129084],[-122.981739,46.129056],[-122.981783,46.128952],[-122.981748,46.128905],[-122.981751,46.128723]],[[-122.981105,46.125936],[-122.981033,46.12591],[-122.980866,46.12595],[-122.980843,46.126024],[-122.980761,46.126028],[-122.980719,46.126058],[-122.980736,46.126189],[-122.980791,46.126204],[-122.98095,46.126189],[-122.980972,46.126114],[-122.981054,46.12611],[-122.981096,46.126081],[-122.981137,46.125982],[-122.981105,46.125936]],[[-122.98162,46.127464],[-122.981627,46.1274],[-122.981577,46.127376],[-122.981501,46.127386],[-122.981449,46.127291],[-122.981293,46.127286],[-122.98124,46.127313],[-122.981232,46.127421],[-122.981272,46.127458],[-122.981479,46.127454],[-122.981551,46.127489],[-122.98162,46.127464]],[[-122.982015,46.12726],[-122.981985,46.12712],[-122.981878,46.127105],[-122.981855,46.12694],[-122.981749,46.126924],[-122.981743,46.126868],[-122.981701,46.126839],[-122.981565,46.126821],[-122.981512,46.126837],[-122.98149,46.127014],[-122.981373,46.127038],[-122.981362,46.127151],[-122.981401,46.127188],[-122.98149,46.127195],[-122.981518,46.127272],[-122.981619,46.127285],[-122.981641,46.127372],[-122.981702,46.127388],[-122.981844,46.127365],[-122.981878,46.127285],[-122.981973,46.127282],[-122.982015,46.12726]],[[-122.982784,46.127825],[-122.982775,46.127763],[-122.982722,46.127736],[-122.982185,46.127739],[-122.982143,46.127768],[-122.982137,46.127825],[-122.98202,46.127849],[-122.982007,46.127915],[-122.981896,46.127934],[-122.981878,46.128005],[-122.981653,46.128014],[-122.981619,46.128094],[-122.981524,46.128104],[-122.981489,46.128184],[-122.981408,46.128189],[-122.981363,46.128223],[-122.98136,46.128316],[-122.981388,46.128352],[-122.981619,46.128365],[-122.981636,46.128435],[-122.981748,46.128455],[-122.981761,46.128521],[-122.981878,46.128545],[-122.981881,46.128596],[-122.981919,46.128628],[-122.982136,46.128635],[-122.982146,46.128786],[-122.982192,46.128812],[-122.982266,46.128815],[-122.982272,46.128871],[-122.982321,46.128902],[-122.982484,46.128898],[-122.982521,46.128866],[-122.982525,46.128815],[-122.982606,46.128811],[-122.982651,46.128776],[-122.982641,46.128659],[-122.982525,46.128635],[-122.982525,46.128365],[-122.982599,46.128362],[-122.982645,46.128336],[-122.982655,46.128185],[-122.982749,46.128176],[-122.982784,46.128095],[-122.982865,46.128091],[-122.98291,46.128056],[-122.982908,46.127858],[-122.982866,46.127829],[-122.982784,46.127825]],[[-122.981911,46.126443],[-122.981861,46.126314],[-122.981749,46.126294],[-122.981736,46.126229],[-122.98162,46.126204],[-122.981585,46.126124],[-122.981431,46.126115],[-122.981374,46.126138],[-122.98137,46.126266],[-122.981416,46.126292],[-122.98149,46.126295],[-122.981525,46.126375],[-122.981619,46.126385],[-122.981654,46.126465],[-122.981847,46.126493],[-122.981911,46.126443]],[[-122.982654,46.130615],[-122.983014,46.130603],[-122.983042,46.130566],[-122.983041,46.130388],[-122.982972,46.130345],[-122.982524,46.130345],[-122.982524,46.130165],[-122.982559,46.130122],[-122.982525,46.130075],[-122.982525,46.129985],[-122.982558,46.129932],[-122.982506,46.129881],[-122.982448,46.129871],[-122.982307,46.129901],[-122.982269,46.129933],[-122.982231,46.130027],[-122.982265,46.130075],[-122.982265,46.130255],[-122.982159,46.13027],[-122.982136,46.130345],[-122.981905,46.130357],[-122.981879,46.130388],[-122.981879,46.130481],[-122.981925,46.130521],[-122.982083,46.130548],[-122.982237,46.130512],[-122.982265,46.130435],[-122.982395,46.130435],[-122.982395,46.130525],[-122.982306,46.130531],[-122.982267,46.130568],[-122.982269,46.130666],[-122.982328,46.130704],[-122.982606,46.130701],[-122.982648,46.130671],[-122.982654,46.130615]],[[-122.982675,46.126874],[-122.982642,46.126769],[-122.982526,46.126745],[-122.982491,46.126664],[-122.982267,46.126655],[-122.982263,46.126589],[-122.982227,46.126558],[-122.98207,46.126566],[-122.982017,46.126593],[-122.982017,46.126716],[-122.982063,46.126742],[-122.982137,46.126745],[-122.982137,46.126835],[-122.982049,46.126841],[-122.982009,46.126878],[-122.982009,46.126971],[-122.982049,46.127008],[-122.98235,46.127024],[-122.982393,46.12699],[-122.982396,46.126925],[-122.982647,46.126912],[-122.982675,46.126874]],[[-122.982444,46.126381],[-122.982595,46.126397],[-122.982646,46.126369],[-122.982649,46.126238],[-122.982593,46.126206],[-122.982424,46.126209],[-122.982376,46.126255],[-122.982402,46.126351],[-122.982444,46.126381]],[[-122.982655,46.127105],[-122.982649,46.127048],[-122.9826,46.127017],[-122.982438,46.127016],[-122.982379,46.127054],[-122.982405,46.127166],[-122.982451,46.127192],[-122.982525,46.127195],[-122.982548,46.127269],[-122.982729,46.127282],[-122.982781,46.127246],[-122.982781,46.127143],[-122.982736,46.127109],[-122.982655,46.127105]],[[-122.982784,46.130164],[-122.982802,46.13012],[-122.98277,46.130084],[-122.982696,46.130076],[-122.982646,46.1301],[-122.982636,46.130141],[-122.982672,46.130178],[-122.98273,46.130188],[-122.982784,46.130164]],[[-122.982701,46.131421],[-122.982845,46.131438],[-122.9829,46.131414],[-122.982909,46.131283],[-122.982857,46.131247],[-122.982709,46.131247],[-122.982657,46.131283],[-122.982657,46.131386],[-122.982701,46.131421]],[[-122.982842,46.126835],[-122.982765,46.12688],[-122.982797,46.126991],[-122.982854,46.127014],[-122.983009,46.127006],[-122.983043,46.126966],[-122.98303,46.126859],[-122.982981,46.126836],[-122.982842,46.126835]],[[-122.98406,46.129065],[-122.984113,46.128947],[-122.984065,46.128839],[-122.983949,46.128815],[-122.983931,46.128745],[-122.983819,46.128725],[-122.983802,46.128655],[-122.98369,46.128635],[-122.983677,46.128569],[-122.983561,46.128545],[-122.983557,46.128493],[-122.983519,46.128461],[-122.983302,46.128455],[-122.983233,46.128431],[-122.98317,46.128455],[-122.982852,46.128441],[-122.982796,46.128465],[-122.98279,46.128601],[-122.982832,46.128631],[-122.982913,46.128635],[-122.982936,46.128709],[-122.983301,46.128725],[-122.98329,46.128875],[-122.983336,46.128902],[-122.983431,46.128905],[-122.983431,46.128995],[-122.983396,46.129037],[-122.983431,46.129085],[-122.983431,46.129265],[-122.983301,46.129265],[-122.983296,46.129195],[-122.983248,46.129164],[-122.983053,46.129186],[-122.983037,46.129118],[-122.982987,46.129087],[-122.982839,46.129087],[-122.982785,46.129128],[-122.982785,46.129221],[-122.982812,46.129253],[-122.983032,46.129254],[-122.983065,46.129339],[-122.983172,46.129355],[-122.983172,46.129445],[-122.983137,46.129487],[-122.983172,46.129535],[-122.983172,46.129625],[-122.982973,46.129612],[-122.982913,46.12966],[-122.982913,46.12977],[-122.98294,46.129806],[-122.983172,46.129805],[-122.983172,46.129895],[-122.983137,46.129937],[-122.983172,46.129985],[-122.983172,46.130075],[-122.98307,46.130079],[-122.983023,46.13012],[-122.983046,46.130216],[-122.983083,46.130248],[-122.983381,46.130255],[-122.983438,46.13023],[-122.983431,46.129895],[-122.984028,46.129895],[-122.984089,46.129865],[-122.984076,46.129758],[-122.984043,46.129724],[-122.983819,46.129715],[-122.983813,46.129645],[-122.983766,46.129614],[-122.98356,46.129625],[-122.98356,46.129535],[-122.983595,46.129487],[-122.98356,46.129445],[-122.983544,46.129272],[-122.983791,46.129253],[-122.983819,46.129175],[-122.983914,46.129166],[-122.983949,46.129085],[-122.98406,46.129065]],[[-122.983222,46.133315],[-122.983297,46.133277],[-122.983291,46.133163],[-122.983238,46.133136],[-122.983082,46.133141],[-122.983043,46.133178],[-122.98305,46.133286],[-122.983104,46.133314],[-122.983222,46.133315]],[[-122.983175,46.128186],[-122.983118,46.128171],[-122.98306,46.128191],[-122.983043,46.12824],[-122.98307,46.128276],[-122.983133,46.128288],[-122.983192,46.128262],[-122.983206,46.128222],[-122.983175,46.128186]],[[-122.983427,46.131837],[-122.983438,46.13172],[-122.983285,46.131687],[-122.9833,46.13164],[-122.983273,46.131604],[-122.983211,46.131592],[-122.983157,46.131614],[-122.983137,46.131658],[-122.983187,46.131702],[-122.983172,46.131826],[-122.9832,46.131863],[-122.983389,46.131869],[-122.983427,46.131837]],[[-122.984907,46.128185],[-122.984981,46.128147],[-122.984967,46.128025],[-122.984855,46.128005],[-122.984842,46.127939],[-122.984726,46.127915],[-122.984691,46.127834],[-122.984467,46.127825],[-122.984444,46.127751],[-122.984337,46.127735],[-122.984328,46.127583],[-122.984282,46.127557],[-122.984208,46.127555],[-122.984173,46.127474],[-122.984079,46.127465],[-122.984056,46.127391],[-122.98382,46.127375],[-122.983802,46.127305],[-122.98369,46.127285],[-122.983673,46.127215],[-122.983561,46.127195],[-122.983548,46.127129],[-122.983432,46.127105],[-122.983397,46.127024],[-122.98325,46.127015],[-122.983195,46.127031],[-122.983173,46.127069],[-122.983186,46.127261],[-122.983302,46.127285],[-122.983305,46.127336],[-122.983343,46.127368],[-122.983561,46.127375],[-122.983584,46.127449],[-122.98369,46.127465],[-122.983713,46.127629],[-122.983949,46.127645],[-122.983967,46.127715],[-122.984078,46.127735],[-122.984096,46.127805],[-122.984208,46.127825],[-122.984226,46.127895],[-122.984337,46.127915],[-122.984355,46.127985],[-122.984467,46.128005],[-122.98448,46.128071],[-122.984596,46.128095],[-122.984631,46.128176],[-122.984907,46.128185]],[[-122.983483,46.128365],[-122.983557,46.128327],[-122.983547,46.128209],[-122.983491,46.128185],[-122.983315,46.128194],[-122.983282,46.128241],[-122.983315,46.128341],[-122.983364,46.128364],[-122.983483,46.128365]],[[-122.983688,46.134395],[-122.98377,46.134391],[-122.983814,46.134357],[-122.983816,46.134258],[-122.983777,46.134221],[-122.98337,46.134215],[-122.983309,46.134243],[-122.9833,46.134436],[-122.983341,46.134479],[-122.98349,46.134509],[-122.983633,46.134483],[-122.983682,46.134452],[-122.983688,46.134395]],[[-122.983742,46.128005],[-122.983818,46.127961],[-122.983818,46.127868],[-122.983791,46.127837],[-122.983509,46.127825],[-122.983449,46.127845],[-122.983432,46.127956],[-122.98346,46.127993],[-122.983742,46.128005]],[[-122.983813,46.130685],[-122.983838,46.130575],[-122.983817,46.130541],[-122.983689,46.130525],[-122.983667,46.130361],[-122.983612,46.130345],[-122.983453,46.130361],[-122.98343,46.130399],[-122.983431,46.130656],[-122.983453,46.130689],[-122.983766,46.130716],[-122.983813,46.130685]],[[-122.986944,46.13183],[-122.986912,46.131719],[-122.986796,46.131695],[-122.98679,46.131639],[-122.986741,46.131608],[-122.986019,46.131605],[-122.98601,46.131364],[-122.985964,46.131338],[-122.98589,46.131335],[-122.985855,46.131254],[-122.98576,46.131245],[-122.98578,46.131121],[-122.985758,46.131082],[-122.985631,46.131065],[-122.985631,46.130975],[-122.985861,46.130963],[-122.98589,46.130885],[-122.985985,46.130876],[-122.986019,46.130795],[-122.986131,46.130775],[-122.986149,46.130705],[-122.98634,46.130719],[-122.986399,46.13069],[-122.986385,46.130541],[-122.986149,46.130525],[-122.986149,46.130435],[-122.986244,46.130426],[-122.986278,46.130345],[-122.98636,46.130341],[-122.986402,46.130312],[-122.986405,46.130204],[-122.986345,46.130166],[-122.985936,46.130156],[-122.985893,46.13019],[-122.98589,46.130255],[-122.985783,46.130271],[-122.98576,46.130345],[-122.985644,46.130369],[-122.985631,46.130435],[-122.985407,46.130444],[-122.985372,46.130525],[-122.985256,46.130549],[-122.985243,46.130615],[-122.985113,46.130615],[-122.985045,46.130591],[-122.984964,46.130628],[-122.984984,46.130795],[-122.984902,46.130799],[-122.98486,46.130828],[-122.984855,46.131016],[-122.984895,46.131059],[-122.984984,46.131065],[-122.984987,46.131207],[-122.985032,46.131241],[-122.985113,46.131245],[-122.985113,46.131335],[-122.984785,46.131323],[-122.98473,46.131355],[-122.984725,46.131425],[-122.984595,46.131425],[-122.984607,46.131095],[-122.984561,46.131067],[-122.984466,46.131065],[-122.984431,46.130984],[-122.984268,46.130951],[-122.984106,46.130987],[-122.984077,46.131065],[-122.983983,46.131074],[-122.983948,46.131155],[-122.983836,46.131175],[-122.983818,46.131335],[-122.983622,46.131336],[-122.983561,46.131378],[-122.983561,46.131471],[-122.983588,46.131503],[-122.983818,46.131515],[-122.983818,46.131605],[-122.983724,46.131614],[-122.983689,46.131695],[-122.983587,46.131699],[-122.983542,46.131735],[-122.983561,46.131921],[-122.983615,46.131963],[-122.983748,46.131965],[-122.983801,46.131945],[-122.983818,46.131785],[-122.984077,46.131785],[-122.984086,46.131846],[-122.98414,46.131874],[-122.984525,46.131875],[-122.984586,46.131847],[-122.984595,46.131785],[-122.984725,46.131785],[-122.984793,46.131809],[-122.984854,46.131785],[-122.98505,46.131784],[-122.985104,46.131757],[-122.985113,46.131695],[-122.985242,46.131695],[-122.985242,46.131785],[-122.985161,46.131789],[-122.985116,46.131823],[-122.985136,46.131949],[-122.985303,46.131989],[-122.985372,46.131965],[-122.985631,46.131965],[-122.985631,46.132055],[-122.985549,46.132059],[-122.985505,46.132093],[-122.985501,46.132235],[-122.98542,46.132239],[-122.985375,46.132273],[-122.985372,46.132546],[-122.985413,46.132589],[-122.985501,46.132595],[-122.985529,46.132673],[-122.985684,46.132709],[-122.985861,46.132673],[-122.98589,46.132595],[-122.986107,46.132589],[-122.986145,46.132557],[-122.986148,46.132505],[-122.986255,46.132489],[-122.986278,46.132235],[-122.986462,46.132249],[-122.986515,46.132233],[-122.986537,46.132055],[-122.986618,46.132051],[-122.986663,46.132017],[-122.986666,46.131875],[-122.986905,46.131869],[-122.986944,46.13183]],[[-122.984578,46.129425],[-122.984604,46.12929],[-122.984561,46.129267],[-122.984466,46.129265],[-122.984463,46.1292],[-122.984427,46.129168],[-122.984126,46.129179],[-122.98408,46.129218],[-122.984078,46.129355],[-122.983882,46.129356],[-122.983828,46.129383],[-122.983804,46.12959],[-122.983861,46.129624],[-122.984078,46.129625],[-122.984139,46.129649],[-122.984289,46.129621],[-122.984331,46.129592],[-122.984337,46.129535],[-122.984453,46.129511],[-122.984466,46.129445],[-122.984578,46.129425]],[[-122.984457,46.13078],[-122.984486,46.130665],[-122.984464,46.130631],[-122.984337,46.130614],[-122.984337,46.130525],[-122.984418,46.130521],[-122.984463,46.130487],[-122.984457,46.130374],[-122.984411,46.130347],[-122.984337,46.130345],[-122.984333,46.13028],[-122.98429,46.130246],[-122.984119,46.130261],[-122.984079,46.130298],[-122.984078,46.130435],[-122.983971,46.130451],[-122.983916,46.130557],[-122.983957,46.130676],[-122.984003,46.130703],[-122.984078,46.130705],[-122.984084,46.130762],[-122.984126,46.130791],[-122.984383,46.130809],[-122.984457,46.13078]],[[-122.984078,46.130075],[-122.984097,46.13003],[-122.984064,46.129994],[-122.983991,46.129986],[-122.983941,46.13001],[-122.983931,46.130051],[-122.983967,46.130089],[-122.984025,46.130099],[-122.984078,46.130075]],[[-122.986959,46.134623],[-122.986902,46.134501],[-122.986795,46.134485],[-122.986772,46.134321],[-122.986666,46.134305],[-122.98666,46.134249],[-122.986611,46.134218],[-122.986277,46.134215],[-122.986255,46.134141],[-122.986148,46.134125],[-122.986135,46.133969],[-122.986019,46.133945],[-122.986013,46.133889],[-122.985971,46.133859],[-122.985578,46.133855],[-122.985523,46.133871],[-122.985466,46.133988],[-122.985501,46.134035],[-122.985502,46.134172],[-122.985542,46.134209],[-122.98563,46.134215],[-122.985665,46.134296],[-122.985889,46.134305],[-122.985912,46.134379],[-122.986018,46.134395],[-122.986022,46.134537],[-122.986066,46.134571],[-122.986148,46.134575],[-122.986148,46.134665],[-122.986018,46.134665],[-122.986012,46.134609],[-122.985963,46.134578],[-122.98576,46.134575],[-122.985754,46.134519],[-122.985704,46.134488],[-122.985371,46.134485],[-122.985354,46.134415],[-122.985242,46.134395],[-122.985207,46.134314],[-122.985112,46.134305],[-122.985084,46.134227],[-122.984983,46.134215],[-122.984954,46.134137],[-122.984853,46.134125],[-122.984831,46.134051],[-122.984595,46.134035],[-122.984577,46.133965],[-122.984465,46.133945],[-122.984431,46.133864],[-122.984336,46.133855],[-122.984307,46.133777],[-122.984206,46.133765],[-122.984178,46.133687],[-122.984017,46.133675],[-122.983953,46.133708],[-122.983965,46.134015],[-122.984077,46.134035],[-122.98409,46.134101],[-122.984206,46.134125],[-122.984209,46.134177],[-122.984247,46.134209],[-122.984465,46.134215],[-122.984488,46.134289],[-122.984594,46.134305],[-122.984612,46.134375],[-122.984724,46.134395],[-122.984758,46.134476],[-122.984853,46.134485],[-122.984882,46.134563],[-122.984983,46.134575],[-122.985011,46.134653],[-122.985112,46.134665],[-122.985141,46.134743],[-122.985242,46.134755],[-122.98527,46.134833],[-122.985371,46.134845],[-122.985371,46.134935],[-122.985264,46.134951],[-122.985241,46.135025],[-122.985011,46.135037],[-122.984982,46.135115],[-122.984866,46.135139],[-122.984818,46.135248],[-122.984871,46.135365],[-122.984982,46.135385],[-122.985,46.135455],[-122.985112,46.135475],[-122.985125,46.135541],[-122.985241,46.135565],[-122.985247,46.135622],[-122.985289,46.135651],[-122.985595,46.135646],[-122.98563,46.135565],[-122.985725,46.135556],[-122.985759,46.135475],[-122.985834,46.135473],[-122.98588,46.135447],[-122.985889,46.135295],[-122.986078,46.135295],[-122.98613,46.135276],[-122.986148,46.135115],[-122.986236,46.135109],[-122.986276,46.135072],[-122.986277,46.134845],[-122.986407,46.134845],[-122.98642,46.134911],[-122.986536,46.134935],[-122.986539,46.134987],[-122.986577,46.135019],[-122.986772,46.13501],[-122.986795,46.134845],[-122.986883,46.134839],[-122.986923,46.134802],[-122.986925,46.134665],[-122.986959,46.134623]],[[-122.984619,46.127539],[-122.984795,46.127567],[-122.98485,46.127535],[-122.984832,46.127391],[-122.984726,46.127375],[-122.98472,46.127318],[-122.984671,46.127287],[-122.98436,46.127301],[-122.984337,46.127339],[-122.98436,46.127449],[-122.984596,46.127465],[-122.984619,46.127539]],[[-122.984469,46.130076],[-122.984412,46.130061],[-122.984354,46.130081],[-122.984337,46.13013],[-122.984364,46.130166],[-122.984427,46.130178],[-122.984486,46.130152],[-122.9845,46.130112],[-122.984469,46.130076]],[[-122.984623,46.129801],[-122.984794,46.129818],[-122.984849,46.129785],[-122.984853,46.129579],[-122.984807,46.129539],[-122.984663,46.129522],[-122.984599,46.12956],[-122.984577,46.12976],[-122.984623,46.129801]],[[-122.984622,46.134751],[-122.984786,46.134769],[-122.984841,46.134744],[-122.984852,46.134619],[-122.984805,46.134579],[-122.984655,46.134563],[-122.9846,46.134595],[-122.984577,46.134715],[-122.984622,46.134751]],[[-122.984853,46.129263],[-122.984801,46.129241],[-122.984744,46.129252],[-122.984706,46.129294],[-122.984722,46.129334],[-122.984775,46.129355],[-122.984847,46.129342],[-122.984874,46.129305],[-122.984853,46.129263]],[[-122.984906,46.130075],[-122.984981,46.130037],[-122.984975,46.129924],[-122.984921,46.129896],[-122.984765,46.129888],[-122.984725,46.12993],[-122.984734,46.130046],[-122.984788,46.130074],[-122.984906,46.130075]],[[-122.985035,46.132595],[-122.985111,46.132552],[-122.985111,46.132459],[-122.985084,46.132427],[-122.984802,46.132415],[-122.984742,46.132435],[-122.984725,46.132546],[-122.984753,46.132583],[-122.985035,46.132595]],[[-122.984983,46.134845],[-122.985001,46.1348],[-122.984969,46.134765],[-122.984896,46.134756],[-122.984845,46.13478],[-122.984835,46.134822],[-122.984872,46.134859],[-122.984929,46.134869],[-122.984983,46.134845]],[[-122.985237,46.130492],[-122.985262,46.13039],[-122.985222,46.130352],[-122.985032,46.130349],[-122.984985,46.130389],[-122.98499,46.130505],[-122.985052,46.130538],[-122.985195,46.130521],[-122.985237,46.130492]],[[-122.985372,46.132095],[-122.985311,46.132043],[-122.985147,46.132064],[-122.985113,46.132104],[-122.985126,46.132211],[-122.985183,46.132235],[-122.985337,46.132226],[-122.98537,46.132192],[-122.985372,46.132095]],[[-122.985406,46.133666],[-122.98557,46.133688],[-122.985621,46.13366],[-122.985617,46.133519],[-122.985501,46.133495],[-122.985495,46.133439],[-122.985453,46.133409],[-122.985256,46.133415],[-122.985222,46.133461],[-122.985255,46.133561],[-122.985371,46.133585],[-122.985406,46.133666]],[[-122.986929,46.128615],[-122.986926,46.128455],[-122.987014,46.128449],[-122.987054,46.128412],[-122.987054,46.128319],[-122.987008,46.128279],[-122.986538,46.128275],[-122.986503,46.128194],[-122.986349,46.128185],[-122.986288,46.128214],[-122.986279,46.128275],[-122.986197,46.128279],[-122.986155,46.128309],[-122.986155,46.128692],[-122.986212,46.128724],[-122.986408,46.128725],[-122.986414,46.128782],[-122.986456,46.128811],[-122.986639,46.128803],[-122.986667,46.128725],[-122.986783,46.128701],[-122.986797,46.128635],[-122.986929,46.128615]],[[-122.986412,46.135689],[-122.986388,46.13579],[-122.98642,46.135826],[-122.98661,46.135833],[-122.986662,46.135797],[-122.986662,46.135694],[-122.98661,46.135658],[-122.986462,46.135658],[-122.986412,46.135689]],[[-122.986717,46.135385],[-122.986792,46.135347],[-122.986786,46.135234],[-122.986732,46.135206],[-122.986577,46.135212],[-122.986538,46.135249],[-122.986545,46.135357],[-122.986599,46.135384],[-122.986717,46.135385]],[[-122.987365,46.133855],[-122.987441,46.133812],[-122.987441,46.133719],[-122.987414,46.133688],[-122.987184,46.133675],[-122.987171,46.133609],[-122.987054,46.133585],[-122.987048,46.133529],[-122.987006,46.133499],[-122.986865,46.133496],[-122.986813,46.133515],[-122.986788,46.13365],[-122.98683,46.133673],[-122.986925,46.133675],[-122.986938,46.133741],[-122.987054,46.133765],[-122.987083,46.133843],[-122.987365,46.133855]],[[-122.987444,46.129666],[-122.987416,46.129624],[-122.987361,46.129612],[-122.987299,46.129634],[-122.987279,46.129673],[-122.987305,46.12971],[-122.987368,46.129729],[-122.987427,46.129709],[-122.987444,46.129666]],[[-122.988198,46.12835],[-122.988238,46.128225],[-122.988193,46.12819],[-122.987962,46.128185],[-122.987901,46.128161],[-122.987832,46.128185],[-122.987703,46.128185],[-122.987694,46.128124],[-122.987633,46.128096],[-122.987485,46.128102],[-122.987447,46.128134],[-122.987444,46.128185],[-122.987335,46.128192],[-122.987295,46.128236],[-122.987324,46.128427],[-122.98737,46.128453],[-122.987444,46.128455],[-122.987453,46.128607],[-122.987499,46.128633],[-122.987573,46.128635],[-122.987582,46.128697],[-122.987643,46.128725],[-122.987798,46.128716],[-122.987832,46.128635],[-122.988021,46.128635],[-122.988073,46.128616],[-122.988126,46.128503],[-122.988091,46.128455],[-122.988091,46.128365],[-122.988198,46.12835]],[[-122.98796,46.134616],[-122.9879,46.134563],[-122.987701,46.134575],[-122.987695,46.134519],[-122.987646,46.134488],[-122.98751,46.134472],[-122.987451,46.134501],[-122.987452,46.134637],[-122.987498,46.134663],[-122.987572,46.134666],[-122.987572,46.135025],[-122.98749,46.13503],[-122.987446,46.135064],[-122.987442,46.135295],[-122.987354,46.135302],[-122.987314,46.135339],[-122.987314,46.135432],[-122.987354,46.135469],[-122.987631,46.135475],[-122.987692,46.135447],[-122.987701,46.135206],[-122.98779,46.135199],[-122.98783,46.135157],[-122.987831,46.134756],[-122.987947,46.134731],[-122.98796,46.134616]],[[-122.989388,46.132687],[-122.989367,46.132525],[-122.989315,46.132506],[-122.989126,46.132506],[-122.989113,46.13244],[-122.988996,46.132416],[-122.98899,46.132359],[-122.988948,46.13233],[-122.988779,46.132332],[-122.988741,46.132364],[-122.988737,46.132415],[-122.98839,46.132422],[-122.988349,46.132464],[-122.988349,46.132997],[-122.98839,46.133039],[-122.988478,46.133046],[-122.988494,46.133128],[-122.988372,46.133151],[-122.988338,46.133237],[-122.98822,46.133225],[-122.988214,46.133169],[-122.988164,46.133138],[-122.987702,46.133135],[-122.987698,46.13307],[-122.987662,46.133039],[-122.987491,46.13305],[-122.987449,46.133079],[-122.987443,46.133135],[-122.987361,46.13314],[-122.987317,46.133174],[-122.987322,46.133467],[-122.987368,46.133493],[-122.987443,46.133495],[-122.987477,46.133576],[-122.987612,46.133599],[-122.987689,46.133575],[-122.987702,46.133496],[-122.98796,46.133496],[-122.987964,46.133547],[-122.988002,46.133579],[-122.988178,46.133579],[-122.988216,46.133547],[-122.98822,46.133496],[-122.988301,46.133491],[-122.988343,46.133462],[-122.98836,46.133305],[-122.988525,46.133329],[-122.988591,46.133309],[-122.988592,46.133143],[-122.988715,46.13312],[-122.988737,46.133046],[-122.988867,46.133046],[-122.98889,46.13312],[-122.989042,46.133158],[-122.989232,46.13312],[-122.989255,46.132866],[-122.98933,46.132863],[-122.989376,46.132837],[-122.989419,46.132733],[-122.989388,46.132687]],[[-122.98822,46.132235],[-122.988219,46.132104],[-122.988185,46.132065],[-122.987961,46.132055],[-122.987952,46.131994],[-122.987898,46.131966],[-122.987614,46.131972],[-122.987572,46.132019],[-122.987582,46.132477],[-122.987635,46.132504],[-122.987831,46.132506],[-122.987892,46.13253],[-122.987961,46.132506],[-122.988179,46.132499],[-122.988216,46.132467],[-122.98822,46.132416],[-122.988308,46.132409],[-122.988349,46.132367],[-122.988336,46.13226],[-122.98822,46.132235]],[[-122.987832,46.130386],[-122.987804,46.130344],[-122.987749,46.130332],[-122.987688,46.130354],[-122.987668,46.130393],[-122.987693,46.130431],[-122.987757,46.130449],[-122.987815,46.130429],[-122.987832,46.130386]],[[-122.988107,46.134266],[-122.988087,46.13415],[-122.98805,46.134119],[-122.987886,46.134128],[-122.987837,46.134159],[-122.987799,46.134274],[-122.987884,46.134329],[-122.988055,46.134303],[-122.988107,46.134266]],[[-122.989,46.129897],[-122.988988,46.129744],[-122.988942,46.129718],[-122.988868,46.129715],[-122.988833,46.129635],[-122.988738,46.129625],[-122.98871,46.129548],[-122.988548,46.129511],[-122.988479,46.129535],[-122.98835,46.129535],[-122.988334,46.129453],[-122.988438,46.129439],[-122.988478,46.129402],[-122.988478,46.129309],[-122.988431,46.12927],[-122.988254,46.129261],[-122.988221,46.1293],[-122.988236,46.129438],[-122.988002,46.129452],[-122.987965,46.129484],[-122.987961,46.129535],[-122.98788,46.12954],[-122.987838,46.129569],[-122.987797,46.129668],[-122.987838,46.129772],[-122.98788,46.129801],[-122.987961,46.129805],[-122.987967,46.129952],[-122.988009,46.129981],[-122.988091,46.129986],[-122.988097,46.130042],[-122.988139,46.130071],[-122.988608,46.130076],[-122.988643,46.130156],[-122.988812,46.130163],[-122.988861,46.130132],[-122.988867,46.130076],[-122.988942,46.130073],[-122.988988,46.130047],[-122.989032,46.129943],[-122.989,46.129897]],[[-122.98822,46.131106],[-122.98816,46.131053],[-122.987975,46.131075],[-122.987941,46.131121],[-122.987974,46.131221],[-122.988031,46.131245],[-122.988185,46.131236],[-122.988218,46.131202],[-122.98822,46.131106]],[[-122.989125,46.135116],[-122.989108,46.135045],[-122.988996,46.135026],[-122.988961,46.134945],[-122.988867,46.134936],[-122.988838,46.134858],[-122.988478,46.134845],[-122.98846,46.134685],[-122.988408,46.134666],[-122.988267,46.13467],[-122.98822,46.134714],[-122.988219,46.134935],[-122.988131,46.134942],[-122.988091,46.134979],[-122.98809,46.135205],[-122.988008,46.13521],[-122.987963,46.135244],[-122.987966,46.135442],[-122.988008,46.135471],[-122.988089,46.135476],[-122.988124,46.135556],[-122.98828,46.13559],[-122.988349,46.135566],[-122.988689,46.135561],[-122.988731,46.135532],[-122.988737,46.135476],[-122.989077,46.135472],[-122.989119,46.135442],[-122.989125,46.135386],[-122.989214,46.135379],[-122.989254,46.135337],[-122.989249,46.135149],[-122.989207,46.13512],[-122.989125,46.135116]],[[-122.988223,46.130887],[-122.988167,46.130862],[-122.988109,46.130872],[-122.988058,46.130917],[-122.988071,46.130963],[-122.988136,46.130998],[-122.988202,46.130989],[-122.988254,46.130938],[-122.988223,46.130887]],[[-122.98835,46.130435],[-122.988368,46.130391],[-122.988336,46.130355],[-122.988262,46.130347],[-122.988212,46.13037],[-122.988202,46.130412],[-122.988239,46.130449],[-122.988296,46.130459],[-122.98835,46.130435]],[[-122.990161,46.134126],[-122.990144,46.134055],[-122.990032,46.134036],[-122.990023,46.133974],[-122.989962,46.133946],[-122.989576,46.133947],[-122.989523,46.133974],[-122.989514,46.134036],[-122.989255,46.134036],[-122.989237,46.133785],[-122.989177,46.133766],[-122.988608,46.133765],[-122.988592,46.133683],[-122.988642,46.133623],[-122.988592,46.133578],[-122.988599,46.133511],[-122.98854,46.133482],[-122.988484,46.133492],[-122.988444,46.133533],[-122.988494,46.133593],[-122.988494,46.133668],[-122.988346,46.133696],[-122.988349,46.133855],[-122.98826,46.133862],[-122.988221,46.133899],[-122.988232,46.134012],[-122.988349,46.134036],[-122.988371,46.13429],[-122.988426,46.134306],[-122.988996,46.134306],[-122.988999,46.134357],[-122.989037,46.134389],[-122.989255,46.134396],[-122.989268,46.134552],[-122.989384,46.134576],[-122.989402,46.134646],[-122.989514,46.134666],[-122.989523,46.134727],[-122.989576,46.134755],[-122.989868,46.134747],[-122.989902,46.134666],[-122.990003,46.134653],[-122.990032,46.134576],[-122.990127,46.134567],[-122.990161,46.134486],[-122.990277,46.134462],[-122.990289,46.134169],[-122.99025,46.134132],[-122.990161,46.134126]],[[-122.988479,46.130345],[-122.988445,46.130383],[-122.98846,46.130423],[-122.988518,46.130449],[-122.988575,46.13044],[-122.988607,46.130406],[-122.988596,46.130356],[-122.988541,46.130332],[-122.988479,46.130345]],[[-122.989515,46.130566],[-122.989487,46.130525],[-122.989425,46.130512],[-122.989284,46.130538],[-122.989256,46.130616],[-122.988997,46.130615],[-122.988997,46.130526],[-122.989186,46.130525],[-122.989238,46.130506],[-122.989255,46.130394],[-122.989215,46.130352],[-122.989126,46.130345],[-122.989098,46.130268],[-122.988943,46.130232],[-122.988761,46.130271],[-122.988738,46.130435],[-122.988636,46.13044],[-122.98859,46.130481],[-122.988618,46.130677],[-122.988671,46.130704],[-122.988867,46.130706],[-122.988853,46.130851],[-122.988902,46.130883],[-122.988997,46.130886],[-122.988998,46.131036],[-122.989064,46.131079],[-122.989317,46.131079],[-122.989372,46.131055],[-122.989385,46.130706],[-122.989501,46.130682],[-122.989515,46.130566]],[[-122.988997,46.131695],[-122.989004,46.131631],[-122.988954,46.131607],[-122.988878,46.131617],[-122.988864,46.13154],[-122.988828,46.131509],[-122.988671,46.131517],[-122.988617,46.131544],[-122.98861,46.131652],[-122.988649,46.131689],[-122.988856,46.131685],[-122.988928,46.13172],[-122.988997,46.131695]],[[-122.989064,46.131529],[-122.989325,46.131528],[-122.989376,46.1315],[-122.989379,46.131369],[-122.989337,46.13134],[-122.989256,46.131336],[-122.989221,46.131255],[-122.98911,46.131238],[-122.989126,46.131191],[-122.989099,46.131155],[-122.989015,46.131147],[-122.988962,46.131198],[-122.989012,46.131253],[-122.989002,46.131496],[-122.989064,46.131529]],[[-122.989914,46.130155],[-122.990084,46.130166],[-122.990139,46.13015],[-122.990162,46.130112],[-122.990139,46.130001],[-122.989958,46.129988],[-122.989909,46.130019],[-122.989892,46.130087],[-122.989774,46.130076],[-122.98976,46.13001],[-122.989644,46.129986],[-122.989616,46.129908],[-122.989455,46.129896],[-122.989389,46.129934],[-122.989385,46.130076],[-122.989273,46.130095],[-122.989222,46.130219],[-122.989273,46.130326],[-122.989385,46.130346],[-122.989398,46.130425],[-122.989475,46.130449],[-122.989631,46.130412],[-122.989644,46.130256],[-122.989862,46.130249],[-122.989914,46.130155]],[[-122.989418,46.13233],[-122.989596,46.132322],[-122.98964,46.132287],[-122.989635,46.132084],[-122.989581,46.132057],[-122.989295,46.132049],[-122.989256,46.132091],[-122.989265,46.132207],[-122.98931,46.132233],[-122.989385,46.132236],[-122.989418,46.13233]],[[-122.991054,46.133742],[-122.991071,46.133516],[-122.990938,46.133496],[-122.99092,46.133425],[-122.990809,46.133406],[-122.990774,46.133325],[-122.990679,46.133316],[-122.990651,46.133238],[-122.99042,46.133226],[-122.990417,46.132724],[-122.990372,46.13269],[-122.990291,46.132686],[-122.990256,46.132605],[-122.990162,46.132596],[-122.990139,46.132521],[-122.990091,46.132506],[-122.989706,46.132507],[-122.989653,46.132534],[-122.989644,46.132596],[-122.989537,46.132611],[-122.989479,46.132728],[-122.989514,46.132776],[-122.989514,46.132956],[-122.98944,46.132958],[-122.989394,46.132984],[-122.989388,46.133111],[-122.989452,46.133149],[-122.989773,46.133136],[-122.989796,46.13321],[-122.989902,46.133226],[-122.989904,46.133812],[-122.989943,46.133849],[-122.990032,46.133856],[-122.990055,46.13393],[-122.990291,46.133946],[-122.9903,46.134007],[-122.990353,46.134035],[-122.990638,46.134029],[-122.990678,46.133992],[-122.990679,46.133856],[-122.990892,46.133865],[-122.990935,46.133831],[-122.990938,46.133766],[-122.991054,46.133742]],[[-122.98977,46.131387],[-122.98979,46.131285],[-122.989746,46.13125],[-122.989582,46.131232],[-122.98952,46.131266],[-122.989516,46.131382],[-122.989562,46.131421],[-122.989732,46.131419],[-122.98977,46.131387]],[[-122.989696,46.130976],[-122.98977,46.130937],[-122.989764,46.130824],[-122.989711,46.130797],[-122.989556,46.130802],[-122.989516,46.130839],[-122.989524,46.130947],[-122.989577,46.130975],[-122.989696,46.130976]],[[-122.991197,46.130976],[-122.991279,46.130972],[-122.991323,46.130937],[-122.991323,46.130834],[-122.991272,46.130798],[-122.991102,46.130805],[-122.991068,46.130886],[-122.990713,46.130882],[-122.990679,46.130976],[-122.990573,46.130992],[-122.99055,46.131066],[-122.990455,46.131075],[-122.990421,46.131156],[-122.990309,46.131175],[-122.990291,46.131246],[-122.990067,46.131255],[-122.990032,46.131336],[-122.989916,46.13136],[-122.989903,46.131426],[-122.989791,46.131445],[-122.989773,46.131516],[-122.989667,46.131531],[-122.989644,46.13157],[-122.989657,46.131672],[-122.989714,46.131695],[-122.989998,46.131687],[-122.990032,46.131606],[-122.990149,46.131582],[-122.990162,46.131516],[-122.990379,46.131509],[-122.990417,46.131477],[-122.990421,46.131426],[-122.990537,46.131402],[-122.99055,46.131336],[-122.990761,46.131332],[-122.990803,46.131302],[-122.990809,46.131246],[-122.990925,46.131222],[-122.990939,46.131156],[-122.991169,46.131143],[-122.991197,46.131107],[-122.991197,46.130976]],[[-122.990288,46.130937],[-122.990308,46.130835],[-122.990256,46.130798],[-122.989944,46.130802],[-122.989904,46.130839],[-122.989919,46.130968],[-122.989873,46.131002],[-122.989879,46.131049],[-122.989935,46.131078],[-122.989993,46.131073],[-122.990031,46.131036],[-122.990017,46.130983],[-122.99025,46.130969],[-122.990288,46.130937]],[[-122.990603,46.131707],[-122.990796,46.131672],[-122.990806,46.131554],[-122.990754,46.131518],[-122.990605,46.131518],[-122.990551,46.131559],[-122.990553,46.131671],[-122.990603,46.131707]],[[-122.990941,46.129987],[-122.990885,46.129962],[-122.990827,46.129972],[-122.990777,46.130018],[-122.99079,46.130063],[-122.990855,46.130098],[-122.99092,46.130089],[-122.990973,46.130039],[-122.990941,46.129987]],[[-122.991327,46.133046],[-122.991304,46.132882],[-122.991249,46.132866],[-122.99109,46.132882],[-122.991068,46.132914],[-122.991069,46.133182],[-122.991109,46.133219],[-122.991197,46.133226],[-122.991197,46.133496],[-122.991163,46.133549],[-122.991206,46.133661],[-122.991272,46.13369],[-122.991415,46.133669],[-122.991455,46.133627],[-122.991454,46.133089],[-122.991415,46.133052],[-122.991327,46.133046]],[[-122.991974,46.132326],[-122.992062,46.132319],[-122.992102,46.132282],[-122.992103,46.132105],[-122.992062,46.132062],[-122.991845,46.132056],[-122.991839,46.131999],[-122.991789,46.131968],[-122.991534,46.131966],[-122.991469,46.13199],[-122.991456,46.132056],[-122.991382,46.132058],[-122.991336,46.132084],[-122.99133,46.132287],[-122.991375,46.132322],[-122.991456,46.132326],[-122.991459,46.132377],[-122.991497,46.132409],[-122.991919,46.132413],[-122.991968,46.132382],[-122.991974,46.132326]],[[-122.992155,46.131426],[-122.99223,46.131387],[-122.992224,46.131274],[-122.99217,46.131247],[-122.992015,46.131252],[-122.991975,46.131289],[-122.991983,46.131397],[-122.992037,46.131425],[-122.992155,46.131426]],[[-122.99335,46.13152],[-122.993207,46.131502],[-122.993152,46.131527],[-122.993142,46.131658],[-122.993194,46.131694],[-122.993343,46.131694],[-122.993395,46.131658],[-122.993395,46.131554],[-122.99335,46.13152]]]}},{"type":"Feature","properties":{"id":25,"area_m2":17100,"px":171,"rank":2,"persistent":false},"geometry":{"type":"Polygon","coordinates":[[[-122.959107,46.112339],[-122.959107,46.112608],[-122.958877,46.112621],[-122.958848,46.112698],[-122.958747,46.112711],[-122.958719,46.112788],[-122.958624,46.112797],[-122.958589,46.112878],[-122.958477,46.112898],[-122.95846,46.112968],[-122.958224,46.112984],[-122.958201,46.113058],[-122.9581,46.11307],[-122.958071,46.113148],[-122.957977,46.113157],[-122.957942,46.113238],[-122.95783,46.113258],[-122.957812,46.113328],[-122.957295,46.113328],[-122.957292,46.113276],[-122.957254,46.113244],[-122.956907,46.113238],[-122.956884,46.113163],[-122.956777,46.113148],[-122.956778,46.112518],[-122.956885,46.112502],[-122.956907,46.112428],[-122.957014,46.112412],[-122.957037,46.112338],[-122.957138,46.112325],[-122.957166,46.112248],[-122.957267,46.112236],[-122.957296,46.112158],[-122.957397,46.112146],[-122.957425,46.112068],[-122.957526,46.112056],[-122.957555,46.111978],[-122.95765,46.111969],[-122.957684,46.111888],[-122.957796,46.111868],[-122.957814,46.111798],[-122.958031,46.111792],[-122.958069,46.11176],[-122.958073,46.111708],[-122.958202,46.111708],[-122.958215,46.111774],[-122.95828,46.111798],[-122.958426,46.111789],[-122.958461,46.111708],[-122.958719,46.111708],[-122.958742,46.111782],[-122.958849,46.1118],[-122.958838,46.111899],[-122.958625,46.111897],[-122.95859,46.111978],[-122.958474,46.112002],[-122.95846,46.112068],[-122.958331,46.112068],[-122.95827,46.112044],[-122.958202,46.112068],[-122.958072,46.112068],[-122.958066,46.112011],[-122.958024,46.111982],[-122.957874,46.111954],[-122.957799,46.111987],[-122.957779,46.112026],[-122.957813,46.112068],[-122.957822,46.112233],[-122.957881,46.112261],[-122.958072,46.112248],[-122.958072,46.112393],[-122.958099,46.112429],[-122.958155,46.112442],[-122.958432,46.112416],[-122.95846,46.112338],[-122.958542,46.112334],[-122.958584,46.112305],[-122.95859,46.112158],[-122.958685,46.112149],[-122.958719,46.112068],[-122.958826,46.112053],[-122.95886,46.111967],[-122.958978,46.111978],[-122.958979,46.112295],[-122.959019,46.112332],[-122.959107,46.112339]]]}},{"type":"Feature","properties":{"id":26,"area_m2":11200,"px":112,"rank":3,"persistent":false},"geometry":{"type":"Polygon","coordinates":[[[-122.961048,46.112609],[-122.961048,46.112699],[-122.960701,46.112705],[-122.960663,46.112737],[-122.96066,46.112789],[-122.960544,46.112813],[-122.96053,46.112879],[-122.960142,46.112879],[-122.96012,46.112715],[-122.959884,46.112699],[-122.959875,46.112457],[-122.959829,46.112431],[-122.959754,46.112429],[-122.959754,46.112297],[-122.959726,46.112261],[-122.959496,46.112249],[-122.959511,46.112013],[-122.959461,46.111981],[-122.959366,46.111978],[-122.959367,46.111619],[-122.959455,46.111612],[-122.959495,46.111575],[-122.959496,46.111259],[-122.959626,46.111259],[-122.959643,46.111329],[-122.959755,46.111349],[-122.959773,46.111419],[-122.959884,46.111439],[-122.959897,46.111505],[-122.960014,46.111529],[-122.960048,46.11161],[-122.960272,46.111619],[-122.960295,46.111693],[-122.960402,46.111709],[-122.960415,46.111865],[-122.960531,46.111889],[-122.960566,46.11197],[-122.96066,46.111979],[-122.96067,46.11213],[-122.960715,46.112157],[-122.96079,46.112159],[-122.960799,46.11249],[-122.960845,46.112517],[-122.960919,46.112519],[-122.960953,46.1126],[-122.961048,46.112609]]]}},{"type":"Feature","properties":{"id":24,"area_m2":4500,"px":45,"rank":4,"persistent":false},"geometry":{"type":"Polygon","coordinates":[[[-122.959883,46.112879],[-122.959883,46.113149],[-122.959777,46.113165],[-122.959754,46.113239],[-122.959565,46.113239],[-122.959513,46.113258],[-122.959495,46.113419],[-122.959413,46.113423],[-122.959369,46.113457],[-122.959365,46.113599],[-122.95927,46.113608],[-122.959236,46.113688],[-122.959154,46.113693],[-122.959112,46.113722],[-122.959106,46.113868],[-122.958847,46.113868],[-122.958844,46.113817],[-122.958806,46.113785],[-122.958589,46.113778],[-122.958589,46.113508],[-122.958696,46.113493],[-122.958718,46.113418],[-122.958813,46.113409],[-122.958848,46.113328],[-122.95896,46.113309],[-122.958977,46.113238],[-122.959213,46.113223],[-122.959236,46.113149],[-122.959331,46.113139],[-122.959366,46.113059],[-122.95944,46.113056],[-122.959486,46.11303],[-122.959495,46.112879],[-122.959883,46.112879]]]}},{"type":"Feature","properties":{"id":18,"area_m2":2000,"px":20,"rank":5,"persistent":false},"geometry":{"type":"Polygon","coordinates":[[[-122.969711,46.126652],[-122.969711,46.126742],[-122.969323,46.126742],[-122.969305,46.126672],[-122.969193,46.126652],[-122.969159,46.126571],[-122.969064,46.126562],[-122.969035,46.126484],[-122.968934,46.126472],[-122.968906,46.126394],[-122.968805,46.126382],[-122.968777,46.126304],[-122.968676,46.126292],[-122.968647,46.126214],[-122.968546,46.126202],[-122.968518,46.126124],[-122.968287,46.126112],[-122.968265,46.126037],[-122.968158,46.126022],[-122.968145,46.125956],[-122.968029,46.125931],[-122.968,46.125854],[-122.967899,46.125841],[-122.967899,46.125752],[-122.968158,46.125752],[-122.968171,46.125818],[-122.968287,46.125842],[-122.968322,46.125923],[-122.968546,46.125932],[-122.968564,46.126092],[-122.968676,46.126112],[-122.968689,46.126178],[-122.968805,46.126202],[-122.968808,46.126253],[-122.968846,46.126285],[-122.969064,46.126292],[-122.96907,46.126438],[-122.969112,46.126468],[-122.969193,46.126472],[-122.969222,46.12655],[-122.969452,46.126562],[-122.969458,46.126619],[-122.969507,46.12665],[-122.969711,46.126652]]]}},{"type":"Feature","properties":{"id":13,"area_m2":1900,"px":19,"rank":6,"persistent":false},"geometry":{"type":"Polygon","coordinates":[[[-122.990809,46.129356],[-122.990809,46.129536],[-122.99068,46.129536],[-122.990657,46.129371],[-122.990421,46.129356],[-122.990403,46.129105],[-122.990351,46.129086],[-122.990162,46.129086],[-122.990139,46.129011],[-122.990033,46.128996],[-122.989998,46.128915],[-122.989903,46.128906],[-122.989886,46.128745],[-122.989774,46.128726],[-122.989768,46.128669],[-122.989726,46.12864],[-122.989515,46.128635],[-122.989515,46.128546],[-122.989903,46.128546],[-122.989926,46.12862],[-122.990033,46.128636],[-122.990067,46.128717],[-122.990162,46.128726],[-122.99018,46.128886],[-122.990291,46.128906],[-122.990326,46.128987],[-122.990421,46.128996],[-122.990449,46.129073],[-122.99055,46.129086],[-122.990568,46.129246],[-122.99068,46.129266],[-122.990714,46.129347],[-122.990809,46.129356]]]}},{"type":"Feature","properties":{"id":21,"area_m2":1300,"px":13,"rank":7,"persistent":false},"geometry":{"type":"Polygon","coordinates":[[[-122.966993,46.125031],[-122.966993,46.125121],[-122.966735,46.125121],[-122.966717,46.125051],[-122.966605,46.125031],[-122.966571,46.12495],[-122.966476,46.124941],[-122.966448,46.124863],[-122.966347,46.124851],[-122.966318,46.124773],[-122.966088,46.124761],[-122.966065,46.124687],[-122.965958,46.124671],[-122.965958,46.124581],[-122.966065,46.124565],[-122.966088,46.124491],[-122.966217,46.124491],[-122.96624,46.124565],[-122.966347,46.124581],[-122.966369,46.124745],[-122.966605,46.124761],[-122.966628,46.124925],[-122.966864,46.124941],[-122.966887,46.125015],[-122.966993,46.125031]]]}},{"type":"Feature","properties":{"id":7,"area_m2":1200,"px":12,"rank":8,"persistent":false},"geometry":{"type":"Polygon","coordinates":[[[-122.982394,46.132415],[-122.982394,46.132685],[-122.982287,46.132701],[-122.982265,46.132775],[-122.98217,46.132784],[-122.982135,46.132865],[-122.982023,46.132884],[-122.982006,46.132955],[-122.981747,46.132955],[-122.981747,46.132775],[-122.981977,46.132762],[-122.982005,46.132726],[-122.982006,46.132595],[-122.98223,46.132586],[-122.982264,46.132546],[-122.982265,46.132415],[-122.982394,46.132415]]]}},{"type":"Feature","properties":{"id":23,"area_m2":1200,"px":12,"rank":9,"persistent":false},"geometry":{"type":"Polygon","coordinates":[[[-122.97942,46.123234],[-122.97942,46.123414],[-122.979291,46.123414],[-122.979278,46.123348],[-122.979161,46.123324],[-122.979127,46.123243],[-122.978903,46.123234],[-122.978893,46.123173],[-122.97884,46.123145],[-122.978514,46.123144],[-122.978514,46.123054],[-122.978718,46.123052],[-122.978767,46.123021],[-122.978773,46.122964],[-122.978902,46.122964],[-122.978931,46.123042],[-122.979161,46.123054],[-122.979184,46.123128],[-122.979291,46.123144],[-122.979325,46.123225],[-122.97942,46.123234]]]}},{"type":"Feature","properties":{"id":28,"area_m2":1200,"px":12,"rank":10,"persistent":false},"geometry":{"type":"Polygon","coordinates":[[[-122.96118,46.108919],[-122.96118,46.109009],[-122.960921,46.109009],[-122.960904,46.108939],[-122.960792,46.108919],[-122.960758,46.108838],[-122.960663,46.108829],[-122.960634,46.108751],[-122.960533,46.108739],[-122.960505,46.108661],[-122.960275,46.108649],[-122.960252,46.108575],[-122.960145,46.108559],[-122.960132,46.108493],[-122.960016,46.108469],[-122.959988,46.108391],[-122.959887,46.108379],[-122.959887,46.108289],[-122.960016,46.108289],[-122.960029,46.108355],[-122.960145,46.108379],[-122.960149,46.10843],[-122.960186,46.108462],[-122.960404,46.108469],[-122.960422,46.108539],[-122.960533,46.108559],[-122.960547,46.108625],[-122.960663,46.108649],[-122.960697,46.10873],[-122.960921,46.108739],[-122.960922,46.10887],[-122.960956,46.10891],[-122.96118,46.108919]]]}},{"type":"Feature","properties":{"id":10,"area_m2":1000,"px":10,"rank":11,"persistent":false},"geometry":{"type":"Polygon","coordinates":[[[-122.976828,46.131064],[-122.976828,46.131154],[-122.976569,46.131154],[-122.976547,46.131079],[-122.97644,46.131064],[-122.976422,46.130993],[-122.976311,46.130974],[-122.976276,46.130893],[-122.976181,46.130884],[-122.976153,46.130806],[-122.976052,46.130794],[-122.976023,46.130716],[-122.975922,46.130703],[-122.975922,46.130614],[-122.976052,46.130614],[-122.976058,46.13067],[-122.976107,46.130701],[-122.976311,46.130704],[-122.976333,46.130778],[-122.97644,46.130794],[-122.976463,46.130958],[-122.976699,46.130974],[-122.976722,46.131048],[-122.976828,46.131064]]]}},{"type":"Feature","properties":{"id":6,"area_m2":900,"px":9,"rank":12,"persistent":false},"geometry":{"type":"Polygon","coordinates":[[[-122.981746,46.134035],[-122.981746,46.134125],[-122.981619,46.134125],[-122.981614,46.134073],[-122.981576,46.134041],[-122.981358,46.134035],[-122.98134,46.133964],[-122.981229,46.133945],[-122.981194,46.133864],[-122.981099,46.133854],[-122.981071,46.133777],[-122.98084,46.133764],[-122.98084,46.133585],[-122.98097,46.133585],[-122.980987,46.133655],[-122.981099,46.133675],[-122.981134,46.133755],[-122.981229,46.133765],[-122.981257,46.133842],[-122.981487,46.133855],[-122.98151,46.133929],[-122.981617,46.133945],[-122.981651,46.134026],[-122.981746,46.134035]]]}},{"type":"Feature","properties":{"id":3,"area_m2":800,"px":8,"rank":13,"persistent":false},"geometry":{"type":"Polygon","coordinates":[[[-122.984335,46.135655],[-122.984335,46.135745],[-122.984208,46.135745],[-122.984202,46.135693],[-122.984165,46.135661],[-122.983947,46.135655],[-122.983924,46.135581],[-122.983817,46.135565],[-122.9838,46.135495],[-122.983688,46.135475],[-122.983653,46.135394],[-122.983559,46.135385],[-122.98353,46.135307],[-122.983429,46.135295],[-122.983401,46.135217],[-122.9833,46.135205],[-122.9833,46.135115],[-122.983429,46.135115],[-122.983447,46.135185],[-122.983558,46.135205],[-122.983593,46.135286],[-122.983688,46.135295],[-122.983716,46.135373],[-122.983817,46.135385],[-122.983846,46.135463],[-122.983947,46.135475],[-122.983975,46.135553],[-122.984206,46.135565],[-122.984228,46.135639],[-122.984335,46.135655]]]}},{"type":"Feature","properties":{"id":12,"area_m2":800,"px":8,"rank":14,"persistent":false},"geometry":{"type":"Polygon","coordinates":[[[-122.975793,46.130434],[-122.975793,46.130523],[-122.975665,46.130523],[-122.97566,46.130472],[-122.975622,46.13044],[-122.975405,46.130433],[-122.975382,46.130359],[-122.975275,46.130343],[-122.975258,46.130183],[-122.975205,46.130164],[-122.975016,46.130163],[-122.975016,46.130073],[-122.975275,46.130073],[-122.975298,46.130148],[-122.975405,46.130163],[-122.975422,46.130234],[-122.975534,46.130254],[-122.975569,46.130334],[-122.975663,46.130344],[-122.975692,46.130421],[-122.975793,46.130434]]]}},{"type":"Feature","properties":{"id":4,"area_m2":500,"px":5,"rank":15,"persistent":false},"geometry":{"type":"Polygon","coordinates":[[[-122.984206,46.134935],[-122.984206,46.135025],[-122.984099,46.135041],[-122.984076,46.135115],[-122.983818,46.135115],[-122.983795,46.135041],[-122.983688,46.135025],[-122.983688,46.134935],[-122.983947,46.134935],[-122.984008,46.134959],[-122.984076,46.134935],[-122.984206,46.134935]]]}},{"type":"Feature","properties":{"id":16,"area_m2":500,"px":5,"rank":16,"persistent":false},"geometry":{"type":"Polygon","coordinates":[[[-122.972687,46.128543],[-122.972687,46.128633],[-122.972428,46.128633],[-122.972405,46.128559],[-122.972299,46.128543],[-122.972264,46.128462],[-122.972169,46.128453],[-122.972169,46.128363],[-122.972299,46.128363],[-122.972305,46.128419],[-122.972354,46.12845],[-122.972558,46.128453],[-122.97258,46.128527],[-122.972687,46.128543]]]}},{"type":"Feature","properties":{"id":17,"area_m2":500,"px":5,"rank":17,"persistent":false},"geometry":{"type":"Polygon","coordinates":[[[-122.970228,46.127102],[-122.970228,46.127192],[-122.970099,46.127192],[-122.970076,46.127118],[-122.96997,46.127102],[-122.969956,46.127036],[-122.96984,46.127012],[-122.969812,46.126934],[-122.969711,46.126922],[-122.969711,46.126832],[-122.96984,46.126832],[-122.969846,46.126889],[-122.969895,46.12692],[-122.970099,46.126922],[-122.970108,46.127074],[-122.970154,46.1271],[-122.970228,46.127102]]]}},{"type":"Feature","properties":{"id":2,"area_m2":400,"px":4,"rank":18,"persistent":false},"geometry":{"type":"Polygon","coordinates":[[[-122.985241,46.136105],[-122.985241,46.136285],[-122.984982,46.136285],[-122.984982,46.136105],[-122.985241,46.136105]]]}},{"type":"Feature","properties":{"id":9,"area_m2":400,"px":4,"rank":19,"persistent":false},"geometry":{"type":"Polygon","coordinates":[[[-122.984466,46.131245],[-122.984466,46.131335],[-122.98414,46.131336],[-122.984087,46.131364],[-122.984077,46.131425],[-122.983948,46.131425],[-122.983948,46.131335],[-122.984055,46.131319],[-122.984078,46.131245],[-122.984466,46.131245]]]}},{"type":"Feature","properties":{"id":11,"area_m2":400,"px":4,"rank":20,"persistent":false},"geometry":{"type":"Polygon","coordinates":[[[-122.985501,46.130795],[-122.985501,46.130885],[-122.985395,46.130901],[-122.985372,46.130975],[-122.985256,46.130999],[-122.985242,46.131065],[-122.985113,46.131065],[-122.985113,46.130885],[-122.985317,46.130883],[-122.985366,46.130852],[-122.985372,46.130795],[-122.985501,46.130795]]]}},{"type":"Feature","properties":{"id":14,"area_m2":400,"px":4,"rank":21,"persistent":false},"geometry":{"type":"Polygon","coordinates":[[[-122.989644,46.129176],[-122.989644,46.129446],[-122.989515,46.129446],[-122.989511,46.129304],[-122.989467,46.12927],[-122.989385,46.129265],[-122.989385,46.129176],[-122.989644,46.129176]]]}},{"type":"Feature","properties":{"id":20,"area_m2":400,"px":4,"rank":22,"persistent":false},"geometry":{"type":"Polygon","coordinates":[[[-122.967511,46.125391],[-122.967511,46.125481],[-122.967252,46.125481],[-122.967229,46.125407],[-122.967123,46.125391],[-122.967123,46.125301],[-122.967382,46.125301],[-122.967404,46.125376],[-122.967511,46.125391]]]}},{"type":"Feature","properties":{"id":22,"area_m2":400,"px":4,"rank":23,"persistent":false},"geometry":{"type":"Polygon","coordinates":[[[-122.965958,46.124401],[-122.965958,46.124491],[-122.9657,46.124491],[-122.965677,46.124417],[-122.96557,46.124401],[-122.96557,46.124311],[-122.965829,46.124311],[-122.965852,46.124385],[-122.965958,46.124401]]]}},{"type":"Feature","properties":{"id":5,"area_m2":300,"px":3,"rank":24,"persistent":false},"geometry":{"type":"Polygon","coordinates":[[[-122.982653,46.134035],[-122.982653,46.134125],[-122.982394,46.134125],[-122.982394,46.133945],[-122.982523,46.133945],[-122.982546,46.134019],[-122.982653,46.134035]]]}},{"type":"Feature","properties":{"id":8,"area_m2":300,"px":3,"rank":25,"persistent":false},"geometry":{"type":"Polygon","coordinates":[[[-122.977475,46.131424],[-122.977475,46.131514],[-122.977217,46.131514],[-122.977194,46.13144],[-122.977087,46.131424],[-122.977087,46.131334],[-122.977216,46.131334],[-122.977222,46.13139],[-122.977272,46.131421],[-122.977475,46.131424]]]}},{"type":"Feature","properties":{"id":15,"area_m2":300,"px":3,"rank":26,"persistent":false},"geometry":{"type":"Polygon","coordinates":[[[-122.989126,46.129176],[-122.989126,46.129265],[-122.98902,46.129281],[-122.988997,46.129355],[-122.988868,46.129355],[-122.988868,46.129176],[-122.989126,46.129176]]]}},{"type":"Feature","properties":{"id":19,"area_m2":300,"px":3,"rank":27,"persistent":false},"geometry":{"type":"Polygon","coordinates":[[[-122.98162,46.125395],[-122.98162,46.125574],[-122.98149,46.125574],[-122.981468,46.1255],[-122.981361,46.125484],[-122.981361,46.125395],[-122.98162,46.125395]]]}},{"type":"Feature","properties":{"id":27,"area_m2":300,"px":3,"rank":28,"persistent":false},"geometry":{"type":"Polygon","coordinates":[[[-122.961049,46.111259],[-122.961049,46.111529],[-122.96092,46.111529],[-122.96092,46.111259],[-122.961049,46.111259]]]}}]}