{"type":"FeatureCollection","features":[{"type":"Feature","properties":{"id":7,"area_m2":329600,"px":3296,"rank":1,"persistent":false},"geometry":{"type":"Polygon","coordinates":[[[-122.940317,46.136451],[-122.940317,46.136631],[-122.940188,46.13663],[-122.940153,46.13655],[-122.939929,46.13654],[-122.9399,46.136463],[-122.93967,46.13645],[-122.939664,46.136394],[-122.939615,46.136363],[-122.93933,46.136364],[-122.939288,46.136393],[-122.93928,46.13645],[-122.939152,46.13645],[-122.939143,46.136389],[-122.93909,46.136361],[-122.938682,46.136364],[-122.938636,46.136403],[-122.938634,46.13654],[-122.938553,46.136544],[-122.938508,46.136578],[-122.938504,46.13681],[-122.93843,46.136812],[-122.938384,46.136838],[-122.938375,46.136989],[-122.938162,46.13698],[-122.938119,46.137014],[-122.938114,46.137079],[-122.937986,46.137079],[-122.93798,46.137023],[-122.937931,46.136992],[-122.937653,46.136991],[-122.937599,46.137033],[-122.937598,46.137169],[-122.937516,46.137173],[-122.937474,46.137202],[-122.937486,46.137329],[-122.937659,46.137373],[-122.937828,46.137337],[-122.937857,46.137259],[-122.938204,46.137253],[-122.938242,46.137221],[-122.938245,46.13717],[-122.939022,46.13717],[-122.939022,46.137259],[-122.938688,46.137262],[-122.938639,46.137293],[-122.938633,46.13735],[-122.938552,46.137354],[-122.93851,46.137383],[-122.938509,46.137586],[-122.938551,46.137616],[-122.938633,46.13762],[-122.938633,46.13771],[-122.938598,46.137752],[-122.938633,46.1378],[-122.938633,46.13789],[-122.938503,46.13789],[-122.938442,46.137865],[-122.938374,46.13789],[-122.938244,46.137889],[-122.938245,46.13762],[-122.938333,46.137613],[-122.938374,46.137571],[-122.938374,46.137398],[-122.938333,46.137356],[-122.938027,46.137356],[-122.937989,46.137388],[-122.937986,46.137439],[-122.937891,46.137448],[-122.937856,46.137529],[-122.937775,46.137533],[-122.937733,46.137563],[-122.937726,46.137799],[-122.937652,46.137802],[-122.937606,46.137828],[-122.937603,46.137946],[-122.937667,46.137979],[-122.938233,46.137969],[-122.938247,46.138211],[-122.938292,46.138245],[-122.938373,46.138251],[-122.938373,46.13834],[-122.938266,46.138355],[-122.938244,46.138429],[-122.938114,46.138429],[-122.938086,46.138352],[-122.937931,46.138316],[-122.937853,46.138339],[-122.937208,46.138339],[-122.937202,46.138282],[-122.93716,46.138253],[-122.936897,46.138249],[-122.936823,46.138287],[-122.936819,46.138429],[-122.936738,46.138433],[-122.936693,46.138467],[-122.936696,46.138575],[-122.936738,46.138605],[-122.936819,46.138609],[-122.936819,46.138699],[-122.936738,46.138703],[-122.936696,46.138732],[-122.936689,46.138969],[-122.936615,46.138971],[-122.936569,46.138997],[-122.936569,46.13912],[-122.936615,46.139146],[-122.936689,46.139149],[-122.936698,46.13921],[-122.936759,46.139238],[-122.937022,46.139237],[-122.937072,46.139206],[-122.937078,46.139149],[-122.937207,46.139149],[-122.937207,46.139329],[-122.937118,46.139335],[-122.937079,46.139372],[-122.937077,46.139599],[-122.936989,46.139605],[-122.936949,46.139642],[-122.936956,46.14002],[-122.937017,46.140049],[-122.93728,46.140047],[-122.93733,46.140016],[-122.937336,46.139959],[-122.937452,46.139935],[-122.937465,46.139869],[-122.937724,46.139869],[-122.937724,46.140049],[-122.937506,46.140056],[-122.937468,46.140087],[-122.937465,46.140139],[-122.937348,46.140163],[-122.937335,46.140229],[-122.937223,46.140249],[-122.937206,46.140319],[-122.936858,46.140325],[-122.936821,46.140357],[-122.936817,46.140409],[-122.936701,46.140433],[-122.936688,46.140499],[-122.936586,46.140503],[-122.936541,46.140538],[-122.936571,46.140655],[-122.936687,46.140679],[-122.936688,46.14081],[-122.936716,46.140846],[-122.936946,46.140859],[-122.936952,46.140915],[-122.937001,46.140947],[-122.937205,46.140949],[-122.937205,46.141129],[-122.937098,46.141145],[-122.937075,46.141219],[-122.936946,46.141219],[-122.936928,46.141059],[-122.936876,46.141039],[-122.936687,46.141039],[-122.936664,46.140964],[-122.936558,46.140949],[-122.936545,46.140793],[-122.936428,46.140768],[-122.936415,46.140613],[-122.936366,46.14059],[-122.936225,46.140591],[-122.936176,46.140622],[-122.936169,46.140678],[-122.935959,46.140682],[-122.935916,46.140712],[-122.93591,46.140768],[-122.935829,46.140772],[-122.935787,46.140802],[-122.93578,46.141308],[-122.935584,46.141309],[-122.935531,46.141337],[-122.935521,46.141668],[-122.935447,46.14167],[-122.935401,46.141697],[-122.935391,46.141848],[-122.934873,46.141848],[-122.934812,46.141824],[-122.934744,46.141848],[-122.934485,46.141847],[-122.934482,46.141796],[-122.934444,46.141764],[-122.934226,46.141757],[-122.934226,46.141626],[-122.934192,46.141586],[-122.9339,46.141578],[-122.933847,46.141606],[-122.933838,46.141667],[-122.933726,46.141687],[-122.933708,46.141757],[-122.933596,46.141777],[-122.933579,46.141847],[-122.933467,46.141867],[-122.933449,46.142027],[-122.933342,46.142043],[-122.933319,46.142117],[-122.93311,46.142117],[-122.933053,46.142142],[-122.933073,46.142273],[-122.93319,46.142297],[-122.93319,46.142518],[-122.933244,46.142564],[-122.933386,46.142566],[-122.933439,46.142538],[-122.933449,46.142297],[-122.933782,46.142295],[-122.933831,46.142264],[-122.933837,46.142207],[-122.933967,46.142207],[-122.933989,46.142281],[-122.934096,46.142297],[-122.93413,46.142378],[-122.934225,46.142387],[-122.934228,46.142619],[-122.934273,46.142653],[-122.934354,46.142657],[-122.934354,46.142747],[-122.93432,46.14279],[-122.934354,46.142837],[-122.934354,46.142927],[-122.934225,46.142927],[-122.934219,46.142871],[-122.93417,46.14284],[-122.933966,46.142837],[-122.933953,46.142771],[-122.933837,46.142747],[-122.933831,46.14269],[-122.933789,46.142661],[-122.933503,46.142659],[-122.933454,46.14269],[-122.933448,46.142747],[-122.933259,46.142747],[-122.933202,46.142771],[-122.933189,46.142927],[-122.9331,46.142933],[-122.933061,46.14297],[-122.933059,46.143197],[-122.932971,46.143203],[-122.93293,46.143245],[-122.93293,46.143508],[-122.932958,46.143544],[-122.933188,46.143557],[-122.933197,46.143618],[-122.933251,46.143646],[-122.933576,46.143647],[-122.933586,46.143708],[-122.933639,46.143736],[-122.934094,46.143737],[-122.934094,46.143917],[-122.933965,46.143917],[-122.933956,46.143856],[-122.933902,46.143828],[-122.933317,46.143827],[-122.933314,46.143775],[-122.933276,46.143743],[-122.933059,46.143737],[-122.933036,46.143662],[-122.932929,46.143647],[-122.932916,46.143581],[-122.9328,46.143556],[-122.932771,46.143479],[-122.93267,46.143466],[-122.932671,46.143376],[-122.932759,46.14337],[-122.932798,46.143333],[-122.932787,46.14313],[-122.93273,46.143107],[-122.932153,46.143106],[-122.932153,46.142926],[-122.932188,46.142878],[-122.932115,46.142815],[-122.931923,46.142848],[-122.931894,46.142926],[-122.931778,46.14295],[-122.931764,46.143016],[-122.931635,46.143016],[-122.931607,46.142938],[-122.931445,46.142902],[-122.931376,46.142926],[-122.931043,46.142928],[-122.930994,46.142959],[-122.930988,46.143015],[-122.930858,46.143015],[-122.930836,46.142941],[-122.930729,46.142925],[-122.930729,46.142835],[-122.931055,46.142834],[-122.931108,46.142807],[-122.931118,46.142746],[-122.931335,46.142739],[-122.931375,46.142702],[-122.931371,46.142599],[-122.931307,46.142566],[-122.931051,46.142566],[-122.930997,46.142594],[-122.930988,46.142655],[-122.930859,46.142655],[-122.930846,46.142589],[-122.930729,46.142565],[-122.930701,46.142487],[-122.930548,46.142475],[-122.930483,46.142499],[-122.93047,46.142565],[-122.930144,46.142566],[-122.930082,46.142614],[-122.930083,46.142701],[-122.930123,46.142739],[-122.930272,46.142769],[-122.930341,46.142745],[-122.93047,46.142745],[-122.93047,46.142835],[-122.930435,46.142878],[-122.93047,46.142925],[-122.93047,46.143015],[-122.93034,46.143015],[-122.930327,46.142949],[-122.930211,46.142925],[-122.930188,46.142851],[-122.930042,46.142822],[-122.929965,46.142846],[-122.92995,46.142925],[-122.929823,46.142925],[-122.929761,46.142901],[-122.929693,46.142925],[-122.929564,46.142924],[-122.929502,46.1429],[-122.929434,46.142924],[-122.929305,46.142924],[-122.929276,46.142847],[-122.929121,46.14282],[-122.929054,46.142849],[-122.929046,46.142924],[-122.928787,46.142924],[-122.928781,46.142867],[-122.928739,46.142838],[-122.928551,46.14285],[-122.928528,46.142924],[-122.928446,46.142928],[-122.928402,46.142962],[-122.928399,46.14315],[-122.92846,46.143193],[-122.928657,46.143194],[-122.928666,46.143345],[-122.928712,46.143372],[-122.928786,46.143374],[-122.928785,46.143914],[-122.928704,46.143918],[-122.928659,46.143952],[-122.928621,46.144046],[-122.928656,46.144094],[-122.928655,46.144184],[-122.928267,46.144184],[-122.928264,46.144132],[-122.928226,46.1441],[-122.928008,46.144094],[-122.928009,46.143734],[-122.928115,46.143718],[-122.928138,46.143644],[-122.928255,46.14362],[-122.928268,46.143554],[-122.928472,46.143552],[-122.928527,46.1435],[-122.928514,46.143398],[-122.928398,46.143374],[-122.928363,46.143293],[-122.928268,46.143284],[-122.92824,46.143206],[-122.928139,46.143194],[-122.92813,46.143042],[-122.928084,46.143016],[-122.92801,46.143014],[-122.92801,46.142924],[-122.928105,46.142915],[-122.928139,46.14287],[-122.92814,46.142432],[-122.928099,46.14239],[-122.928011,46.142384],[-122.928011,46.142204],[-122.928365,46.142195],[-122.928399,46.142114],[-122.928481,46.14211],[-122.928525,46.142076],[-122.928529,46.141844],[-122.928788,46.141844],[-122.928811,46.141918],[-122.928933,46.141942],[-122.928909,46.142089],[-122.929062,46.142122],[-122.929013,46.142241],[-122.929032,46.142286],[-122.929107,46.142318],[-122.929176,46.142294],[-122.929394,46.142288],[-122.929433,46.142251],[-122.929426,46.142143],[-122.929373,46.142115],[-122.92916,46.142107],[-122.929173,46.141973],[-122.929128,46.141938],[-122.929031,46.141927],[-122.929047,46.141844],[-122.929121,46.141842],[-122.929167,46.141816],[-122.929177,46.141664],[-122.929512,46.141676],[-122.929559,46.141645],[-122.929567,46.141575],[-122.929954,46.141575],[-122.929953,46.141845],[-122.929599,46.141854],[-122.929565,46.141934],[-122.929483,46.141939],[-122.929441,46.141968],[-122.929453,46.142095],[-122.929505,46.142114],[-122.929694,46.142115],[-122.929703,46.142176],[-122.929756,46.142204],[-122.930162,46.142205],[-122.93022,46.14218],[-122.930206,46.142058],[-122.930164,46.142029],[-122.930083,46.142025],[-122.930083,46.141935],[-122.930189,46.141919],[-122.930212,46.141845],[-122.930401,46.141845],[-122.930458,46.141821],[-122.930471,46.14152],[-122.930411,46.141473],[-122.930213,46.141485],[-122.93021,46.141253],[-122.930165,46.141219],[-122.930084,46.141215],[-122.930084,46.140855],[-122.930661,46.140855],[-122.930728,46.140817],[-122.930728,46.140624],[-122.930684,46.140589],[-122.930602,46.140585],[-122.930602,46.140495],[-122.930684,46.140491],[-122.930726,46.140462],[-122.930732,46.140225],[-122.930849,46.140201],[-122.930861,46.140094],[-122.930821,46.140052],[-122.930733,46.140045],[-122.930715,46.139885],[-122.930603,46.139865],[-122.930604,46.139505],[-122.93071,46.139489],[-122.930733,46.139415],[-122.930863,46.139415],[-122.930872,46.139477],[-122.930925,46.139504],[-122.931183,46.139519],[-122.931251,46.139471],[-122.931242,46.139354],[-122.931196,46.139328],[-122.931122,46.139325],[-122.931093,46.139248],[-122.930734,46.139235],[-122.930734,46.139145],[-122.931081,46.139139],[-122.931121,46.139102],[-122.931122,46.138966],[-122.931333,46.138961],[-122.931375,46.138932],[-122.931381,46.138876],[-122.931493,46.138856],[-122.931511,46.138696],[-122.931599,46.138689],[-122.931639,46.138652],[-122.931641,46.138336],[-122.931748,46.13832],[-122.931771,46.138246],[-122.9319,46.138246],[-122.9319,46.138336],[-122.931805,46.138345],[-122.93177,46.13839],[-122.931783,46.138492],[-122.931899,46.138516],[-122.931899,46.138696],[-122.931825,46.138698],[-122.931779,46.138724],[-122.931759,46.138887],[-122.931581,46.138876],[-122.931524,46.1389],[-122.93151,46.139056],[-122.931477,46.139109],[-122.931523,46.139212],[-122.93164,46.139236],[-122.931643,46.139287],[-122.931681,46.139319],[-122.931958,46.139326],[-122.932022,46.139293],[-122.932019,46.139175],[-122.931973,46.139148],[-122.931899,46.139146],[-122.931864,46.139065],[-122.93177,46.139056],[-122.93177,46.138966],[-122.932088,46.138966],[-122.932149,46.138938],[-122.932158,46.138696],[-122.93224,46.138692],[-122.932282,46.138663],[-122.932288,46.138426],[-122.932362,46.138424],[-122.932408,46.138398],[-122.932418,46.138156],[-122.93253,46.138137],[-122.932567,46.138032],[-122.932527,46.137983],[-122.932418,46.137976],[-122.932415,46.137925],[-122.932377,46.137893],[-122.932159,46.137886],[-122.932159,46.137796],[-122.93239,46.137784],[-122.932419,46.137706],[-122.932513,46.137697],[-122.932548,46.137616],[-122.932664,46.137592],[-122.932677,46.137485],[-122.932637,46.137443],[-122.932548,46.137436],[-122.932539,46.137375],[-122.932486,46.137347],[-122.931772,46.137346],[-122.931772,46.137256],[-122.93186,46.137249],[-122.9319,46.137212],[-122.931921,46.136766],[-122.931867,46.136718],[-122.931643,46.136716],[-122.931643,46.136536],[-122.931717,46.136533],[-122.931763,46.136507],[-122.931773,46.136356],[-122.932091,46.136356],[-122.932144,46.136336],[-122.932162,46.136086],[-122.932291,46.136086],[-122.93236,46.13611],[-122.93242,46.136086],[-122.932624,46.136084],[-122.932673,46.136053],[-122.93268,46.135996],[-122.932761,46.135992],[-122.932806,46.135958],[-122.932796,46.13557],[-122.932739,46.135547],[-122.932551,46.135546],[-122.932545,46.13549],[-122.932496,46.135459],[-122.932292,46.135456],[-122.932292,46.135186],[-122.932483,46.1352],[-122.93255,46.135156],[-122.932545,46.13504],[-122.932503,46.13501],[-122.932422,46.135006],[-122.932422,46.134916],[-122.932681,46.134916],[-122.93269,46.134978],[-122.932743,46.135005],[-122.933035,46.134997],[-122.933104,46.134874],[-122.933069,46.134826],[-122.933069,46.134737],[-122.933104,46.134694],[-122.93307,46.134646],[-122.93307,46.134557],[-122.933176,46.134541],[-122.933199,46.134467],[-122.933318,46.134456],[-122.933332,46.134698],[-122.933376,46.134733],[-122.933458,46.134737],[-122.933458,46.134827],[-122.933423,46.134875],[-122.933471,46.134983],[-122.933527,46.135007],[-122.933768,46.135007],[-122.93384,46.134974],[-122.933846,46.134737],[-122.933935,46.134731],[-122.933974,46.134694],[-122.93397,46.13441],[-122.933913,46.134378],[-122.933717,46.134377],[-122.933708,46.134315],[-122.933647,46.134287],[-122.933506,46.134291],[-122.933464,46.13432],[-122.933458,46.134377],[-122.93334,46.134388],[-122.933326,46.134145],[-122.933281,46.134111],[-122.9332,46.134107],[-122.9332,46.134017],[-122.933459,46.134017],[-122.93346,46.134153],[-122.933521,46.134196],[-122.934036,46.134197],[-122.934097,46.134169],[-122.934106,46.133927],[-122.934188,46.133923],[-122.93423,46.133894],[-122.934236,46.133657],[-122.934352,46.133633],[-122.934364,46.133521],[-122.934324,46.133484],[-122.934236,46.133477],[-122.93423,46.133421],[-122.934188,46.133391],[-122.933848,46.133387],[-122.933848,46.133297],[-122.934181,46.133295],[-122.93423,46.133264],[-122.934236,46.133207],[-122.934433,46.133206],[-122.934489,46.133174],[-122.934496,46.132937],[-122.93453,46.13289],[-122.934478,46.132777],[-122.934366,46.132757],[-122.934367,46.132307],[-122.934496,46.132307],[-122.934505,46.132369],[-122.934559,46.132396],[-122.934884,46.132398],[-122.934884,46.132487],[-122.934782,46.132492],[-122.934738,46.132527],[-122.934758,46.132629],[-122.934796,46.132661],[-122.935143,46.132668],[-122.935171,46.132745],[-122.935402,46.132758],[-122.935408,46.132815],[-122.935457,46.132846],[-122.93585,46.132848],[-122.935916,46.13281],[-122.93592,46.132668],[-122.936008,46.132662],[-122.936049,46.13262],[-122.936048,46.132352],[-122.936009,46.132315],[-122.93592,46.132308],[-122.93592,46.132218],[-122.93605,46.132218],[-122.936119,46.132242],[-122.936291,46.132199],[-122.936309,46.131858],[-122.936416,46.131843],[-122.936439,46.131768],[-122.936827,46.131769],[-122.936808,46.131994],[-122.936885,46.132039],[-122.937036,46.132038],[-122.937089,46.132018],[-122.937086,46.131859],[-122.937193,46.131843],[-122.937216,46.131769],[-122.937992,46.131769],[-122.937995,46.131911],[-122.93807,46.131949],[-122.938216,46.13194],[-122.938251,46.131859],[-122.938469,46.131853],[-122.938507,46.131821],[-122.93851,46.13177],[-122.938769,46.13177],[-122.93883,46.131794],[-122.9389,46.13177],[-122.939416,46.13177],[-122.939477,46.131794],[-122.939546,46.13177],[-122.939804,46.13177],[-122.939804,46.13186],[-122.939703,46.131872],[-122.939675,46.13195],[-122.93958,46.131959],[-122.939545,46.132004],[-122.939547,46.132087],[-122.93958,46.132121],[-122.939804,46.13213],[-122.939804,46.13231],[-122.939769,46.132353],[-122.939804,46.1324],[-122.939803,46.13267],[-122.939674,46.13267],[-122.939665,46.132609],[-122.939612,46.132581],[-122.939191,46.132589],[-122.939157,46.132629],[-122.939156,46.13285],[-122.939044,46.13287],[-122.939026,46.13303],[-122.938938,46.133036],[-122.938897,46.133078],[-122.938898,46.133166],[-122.938931,46.133201],[-122.939156,46.133211],[-122.939155,46.13339],[-122.938924,46.133389],[-122.938897,46.133425],[-122.938909,46.133546],[-122.938966,46.13357],[-122.939222,46.133569],[-122.939276,46.133541],[-122.939285,46.13348],[-122.939414,46.13348],[-122.939414,46.13366],[-122.938795,46.133672],[-122.938767,46.133708],[-122.938759,46.133905],[-122.938816,46.133929],[-122.939155,46.13393],[-122.939155,46.13411],[-122.938766,46.13411],[-122.938698,46.134086],[-122.938603,46.134147],[-122.938643,46.134256],[-122.938685,46.134286],[-122.939154,46.13429],[-122.939154,46.13447],[-122.939053,46.134482],[-122.939025,46.13456],[-122.938936,46.134566],[-122.938896,46.134609],[-122.938878,46.13488],[-122.938922,46.134916],[-122.939024,46.13492],[-122.939024,46.1351],[-122.938915,46.135106],[-122.938875,46.135156],[-122.938912,46.13526],[-122.939024,46.13528],[-122.939024,46.13546],[-122.938989,46.135502],[-122.939024,46.13555],[-122.939023,46.13564],[-122.938635,46.13564],[-122.938566,46.135616],[-122.938506,46.13564],[-122.938029,46.135646],[-122.937988,46.135688],[-122.937988,46.136041],[-122.938057,46.136089],[-122.938635,46.13609],[-122.938644,46.136151],[-122.938705,46.136179],[-122.939023,46.13618],[-122.939092,46.136204],[-122.939152,46.13618],[-122.939377,46.136178],[-122.939431,46.13613],[-122.939412,46.13582],[-122.939486,46.135818],[-122.939532,46.135792],[-122.939541,46.13564],[-122.939648,46.135624],[-122.939671,46.13555],[-122.93993,46.13555],[-122.939929,46.13582],[-122.939813,46.135844],[-122.9398,46.135952],[-122.939841,46.135994],[-122.939929,46.136],[-122.939958,46.136078],[-122.940059,46.13609],[-122.940059,46.13618],[-122.939828,46.136193],[-122.9398,46.136229],[-122.939803,46.136322],[-122.939862,46.136359],[-122.940058,46.136361],[-122.940064,46.136417],[-122.940106,46.136446],[-122.940317,46.136451]],[[-122.930027,46.142387],[-122.929856,46.142381],[-122.929823,46.142475],[-122.929707,46.142499],[-122.929674,46.142599],[-122.929707,46.142645],[-122.929904,46.142651],[-122.929946,46.142621],[-122.929952,46.142565],[-122.930069,46.142541],[-122.930073,46.142413],[-122.930027,46.142387]],[[-122.931637,46.141756],[-122.931636,46.141611],[-122.93161,46.141575],[-122.931311,46.141577],[-122.931258,46.141604],[-122.931248,46.141665],[-122.931136,46.141685],[-122.931119,46.141755],[-122.930888,46.141768],[-122.93086,46.141845],[-122.930743,46.141869],[-122.93073,46.141935],[-122.930499,46.141947],[-122.930471,46.142025],[-122.930355,46.142049],[-122.930322,46.142149],[-122.930362,46.142198],[-122.930471,46.142205],[-122.930488,46.142365],[-122.930541,46.142385],[-122.930682,46.142381],[-122.930724,46.142352],[-122.93073,46.142295],[-122.930846,46.142271],[-122.930859,46.142205],[-122.930987,46.142205],[-122.930969,46.142335],[-122.93099,46.142369],[-122.931046,46.142385],[-122.931219,46.142373],[-122.931248,46.142296],[-122.931357,46.142289],[-122.931397,46.142245],[-122.93136,46.142135],[-122.931248,46.142115],[-122.931248,46.142026],[-122.931581,46.142023],[-122.93163,46.141992],[-122.931636,46.141936],[-122.931718,46.141932],[-122.93176,46.141903],[-122.931757,46.141784],[-122.931711,46.141758],[-122.931637,46.141756]],[[-122.931043,46.141599],[-122.931193,46.141573],[-122.931239,46.141547],[-122.931231,46.141415],[-122.931179,46.141396],[-122.930888,46.141394],[-122.93086,46.141435],[-122.930878,46.141556],[-122.931043,46.141599]],[[-122.931301,46.141306],[-122.931377,46.141262],[-122.931377,46.141169],[-122.93135,46.141138],[-122.93118,46.141101],[-122.931008,46.141145],[-122.93099,46.141257],[-122.931018,46.141293],[-122.931301,46.141306]],[[-122.931431,46.140586],[-122.931507,46.140542],[-122.931507,46.140359],[-122.931468,46.140322],[-122.93138,46.140316],[-122.931364,46.140233],[-122.931412,46.140167],[-122.931374,46.140132],[-122.931318,46.140122],[-122.931256,46.140155],[-122.93125,46.140225],[-122.931054,46.140226],[-122.931,46.140254],[-122.930992,46.140542],[-122.931061,46.140585],[-122.931431,46.140586]],[[-122.931803,46.139554],[-122.931763,46.139449],[-122.931714,46.139418],[-122.931565,46.139418],[-122.931513,46.139454],[-122.931475,46.139548],[-122.93151,46.139596],[-122.93151,46.139921],[-122.931563,46.139967],[-122.931713,46.139953],[-122.931765,46.139918],[-122.931769,46.139596],[-122.931803,46.139554]],[[-122.932155,46.141486],[-122.932155,46.141355],[-122.932127,46.141318],[-122.931837,46.141306],[-122.931776,46.141334],[-122.931766,46.141396],[-122.93165,46.14142],[-122.931617,46.141525],[-122.931657,46.141569],[-122.931766,46.141576],[-122.931767,46.141707],[-122.931801,46.141747],[-122.932084,46.141756],[-122.932145,46.141728],[-122.932155,46.141666],[-122.932243,46.14166],[-122.932283,46.141623],[-122.932271,46.14151],[-122.932155,46.141486]],[[-122.933968,46.141257],[-122.933907,46.141205],[-122.933709,46.141217],[-122.933709,46.141086],[-122.933675,46.141046],[-122.933434,46.141029],[-122.933441,46.140885],[-122.933395,46.140859],[-122.933321,46.140857],[-122.933312,46.140795],[-122.933251,46.140767],[-122.933085,46.140782],[-122.933062,46.140898],[-122.933103,46.14094],[-122.933191,46.140947],[-122.93322,46.141024],[-122.933336,46.141044],[-122.93332,46.141127],[-122.933137,46.141113],[-122.933083,46.141129],[-122.933061,46.141307],[-122.932932,46.141306],[-122.932871,46.141282],[-122.932802,46.141306],[-122.932673,46.141306],[-122.93265,46.141232],[-122.932544,46.141216],[-122.932509,46.141135],[-122.932414,46.141126],[-122.932414,46.141036],[-122.932496,46.141032],[-122.932541,46.140998],[-122.932528,46.140864],[-122.932639,46.140847],[-122.932674,46.140766],[-122.932786,46.140747],[-122.932803,46.140587],[-122.932904,46.140574],[-122.932933,46.140497],[-122.933021,46.14049],[-122.933062,46.140448],[-122.933057,46.14017],[-122.933015,46.140141],[-122.932933,46.140136],[-122.932899,46.140056],[-122.932804,46.140046],[-122.932776,46.139969],[-122.932659,46.139949],[-122.932674,46.13964],[-122.932634,46.139603],[-122.932546,46.139596],[-122.932546,46.139506],[-122.933252,46.139506],[-122.9333,46.139491],[-122.933323,46.139453],[-122.933305,46.139346],[-122.933193,46.139327],[-122.933159,46.139246],[-122.933018,46.139214],[-122.932934,46.139236],[-122.932731,46.139239],[-122.932681,46.13927],[-122.932675,46.139326],[-122.932546,46.139326],[-122.932547,46.138876],[-122.932656,46.13887],[-122.932695,46.138815],[-122.932642,46.138705],[-122.932465,46.1387],[-122.932423,46.13873],[-122.932417,46.138786],[-122.932336,46.13879],[-122.932291,46.138824],[-122.932287,46.139146],[-122.932199,46.139152],[-122.932159,46.13919],[-122.932161,46.139378],[-122.932205,46.139412],[-122.932287,46.139416],[-122.932287,46.139506],[-122.932083,46.139508],[-122.932028,46.13956],[-122.93205,46.13976],[-122.932157,46.139776],[-122.93217,46.139842],[-122.932286,46.139866],[-122.93229,46.139918],[-122.932327,46.13995],[-122.932561,46.139964],[-122.932545,46.140046],[-122.932464,46.14005],[-122.932421,46.14008],[-122.932415,46.140226],[-122.932334,46.14023],[-122.932292,46.140259],[-122.932285,46.140496],[-122.932176,46.140503],[-122.932136,46.140547],[-122.932169,46.140652],[-122.932285,46.140676],[-122.93232,46.140757],[-122.932415,46.140766],[-122.93243,46.140849],[-122.932308,46.140872],[-122.932285,46.140946],[-122.932156,46.140946],[-122.932143,46.14088],[-122.932026,46.140856],[-122.931998,46.140778],[-122.931821,46.140742],[-122.931651,46.14079],[-122.931644,46.140912],[-122.931686,46.140942],[-122.931767,46.140946],[-122.931747,46.141075],[-122.931787,46.141119],[-122.932155,46.141126],[-122.932161,46.141273],[-122.932203,46.141302],[-122.932284,46.141306],[-122.932288,46.141448],[-122.932332,46.141482],[-122.932414,46.141486],[-122.932427,46.141642],[-122.932543,46.141666],[-122.932552,46.141818],[-122.932718,46.141869],[-122.932802,46.141847],[-122.933013,46.141842],[-122.933055,46.141813],[-122.933061,46.141757],[-122.933177,46.141733],[-122.933191,46.141667],[-122.933394,46.141665],[-122.933444,46.141634],[-122.93345,46.141577],[-122.933674,46.141568],[-122.933709,46.141487],[-122.933804,46.141478],[-122.933838,46.141397],[-122.933955,46.141373],[-122.933968,46.141257]],[[-122.931897,46.140446],[-122.93183,46.140392],[-122.931667,46.140418],[-122.931639,46.140454],[-122.931655,46.140579],[-122.931721,46.1406],[-122.931869,46.140574],[-122.931896,46.140542],[-122.931897,46.140446]],[[-122.932025,46.140134],[-122.931974,46.140112],[-122.931916,46.140122],[-122.931878,46.140165],[-122.931894,46.140205],[-122.931947,46.140226],[-122.932019,46.140213],[-122.932047,46.140176],[-122.932025,46.140134]],[[-122.93273,46.137256],[-122.932806,46.137213],[-122.932806,46.13712],[-122.932779,46.137089],[-122.932497,46.137076],[-122.932437,46.137096],[-122.932419,46.137207],[-122.932447,46.137244],[-122.93273,46.137256]],[[-122.93259,46.142472],[-122.932733,46.14249],[-122.932788,46.142466],[-122.932798,46.142335],[-122.932746,46.142299],[-122.932597,46.142299],[-122.932546,46.142335],[-122.932545,46.142438],[-122.93259,46.142472]],[[-122.933067,46.136537],[-122.933156,46.13653],[-122.933195,46.136493],[-122.933197,46.136135],[-122.933149,46.136091],[-122.933008,46.136087],[-122.932947,46.136115],[-122.932938,46.136176],[-122.932826,46.136196],[-122.932808,46.136266],[-122.93262,46.136267],[-122.932563,46.13629],[-122.93255,46.136578],[-122.93259,46.13662],[-122.932679,46.136626],[-122.932685,46.136683],[-122.932727,46.136712],[-122.932997,46.136716],[-122.933064,46.136678],[-122.933067,46.136537]],[[-122.933582,46.138787],[-122.933664,46.138783],[-122.933709,46.138749],[-122.933706,46.13846],[-122.933642,46.138427],[-122.933324,46.138427],[-122.933321,46.138375],[-122.933283,46.138343],[-122.933065,46.138337],[-122.933065,46.138247],[-122.933174,46.13824],[-122.933215,46.138191],[-122.933177,46.138086],[-122.933065,46.138067],[-122.933031,46.137986],[-122.932936,46.137976],[-122.932936,46.137797],[-122.933025,46.13779],[-122.933064,46.137753],[-122.933065,46.137466],[-122.932998,46.137423],[-122.932855,46.137441],[-122.932807,46.137485],[-122.932807,46.137706],[-122.932718,46.137713],[-122.932679,46.13775],[-122.932677,46.137976],[-122.932642,46.138019],[-122.932677,46.138066],[-122.932677,46.138246],[-122.932595,46.13825],[-122.932553,46.13828],[-122.932553,46.138483],[-122.932609,46.138515],[-122.932806,46.138517],[-122.932812,46.138573],[-122.932861,46.138604],[-122.933065,46.138607],[-122.933064,46.138697],[-122.932983,46.138701],[-122.932938,46.138735],[-122.932935,46.138918],[-122.932976,46.13896],[-122.933064,46.138967],[-122.93307,46.139023],[-122.933112,46.139053],[-122.933262,46.139081],[-122.933323,46.139057],[-122.933554,46.139045],[-122.933582,46.139008],[-122.933582,46.138787]],[[-122.933217,46.135412],[-122.933192,46.13522],[-122.93315,46.135191],[-122.933069,46.135186],[-122.933034,46.135106],[-122.932751,46.135097],[-122.932694,46.13512],[-122.932673,46.135251],[-122.932715,46.135274],[-122.93281,46.135276],[-122.932823,46.135342],[-122.932939,46.135367],[-122.932974,46.135447],[-122.933178,46.13545],[-122.933217,46.135412]],[[-122.933143,46.136976],[-122.932978,46.136993],[-122.932937,46.137035],[-122.932937,46.137312],[-122.933004,46.13736],[-122.933148,46.137343],[-122.933195,46.137298],[-122.933193,46.137011],[-122.933143,46.136976]],[[-122.933293,46.135718],[-122.933344,46.135586],[-122.933293,46.135549],[-122.933111,46.135548],[-122.933051,46.135586],[-122.933074,46.135693],[-122.933123,46.135724],[-122.933293,46.135718]],[[-122.93462,46.139779],[-122.934614,46.139622],[-122.934542,46.139584],[-122.93427,46.139604],[-122.93423,46.139641],[-122.934228,46.139777],[-122.934083,46.13977],[-122.934099,46.139597],[-122.934188,46.139591],[-122.934227,46.139554],[-122.934216,46.139351],[-122.934159,46.139327],[-122.933841,46.139327],[-122.933837,46.139275],[-122.9338,46.139243],[-122.933616,46.139246],[-122.933582,46.139286],[-122.933581,46.139417],[-122.9335,46.139421],[-122.933455,46.139455],[-122.933455,46.139649],[-122.933514,46.139686],[-122.933711,46.139687],[-122.933717,46.139744],[-122.933759,46.139773],[-122.933985,46.139785],[-122.933935,46.13991],[-122.933969,46.139957],[-122.933969,46.140137],[-122.93384,46.140137],[-122.933831,46.140076],[-122.933777,46.140048],[-122.93337,46.140051],[-122.933328,46.14008],[-122.933322,46.140137],[-122.93324,46.140141],[-122.933196,46.140175],[-122.933205,46.140383],[-122.933382,46.140431],[-122.933451,46.140407],[-122.933647,46.140406],[-122.933701,46.140378],[-122.93371,46.140317],[-122.933941,46.140305],[-122.93398,46.140216],[-122.934193,46.140218],[-122.934228,46.140137],[-122.934344,46.140113],[-122.934358,46.140047],[-122.934547,46.140047],[-122.934604,46.140024],[-122.934617,46.139868],[-122.934652,46.139825],[-122.93462,46.139779]],[[-122.933503,46.139957],[-122.933578,46.139919],[-122.933568,46.139801],[-122.933511,46.139777],[-122.933336,46.139786],[-122.933302,46.139833],[-122.933335,46.139933],[-122.933385,46.139956],[-122.933503,46.139957]],[[-122.933749,46.136765],[-122.933705,46.136655],[-122.933652,46.136628],[-122.933368,46.136628],[-122.933307,46.136672],[-122.933339,46.136783],[-122.933455,46.136807],[-122.933464,46.136868],[-122.933518,46.136896],[-122.933652,46.136896],[-122.933696,46.136877],[-122.933749,46.136765]],[[-122.934362,46.136757],[-122.934294,46.136704],[-122.934008,46.136726],[-122.933938,46.13685],[-122.933989,46.136979],[-122.933755,46.136993],[-122.933717,46.137025],[-122.933714,46.137077],[-122.933632,46.137081],[-122.93359,46.13711],[-122.93359,46.137224],[-122.933632,46.137253],[-122.933714,46.137257],[-122.933713,46.137347],[-122.933639,46.137349],[-122.933593,46.137375],[-122.933584,46.137617],[-122.933472,46.137637],[-122.933454,46.137797],[-122.933366,46.137803],[-122.933325,46.137845],[-122.933328,46.138118],[-122.933372,46.138153],[-122.933454,46.138157],[-122.933459,46.138213],[-122.933501,46.138243],[-122.933807,46.138238],[-122.933842,46.138198],[-122.933842,46.138067],[-122.933924,46.138063],[-122.933966,46.138034],[-122.933972,46.137797],[-122.934007,46.137755],[-122.933972,46.137707],[-122.933972,46.137617],[-122.934046,46.137615],[-122.934092,46.137589],[-122.934102,46.137347],[-122.93419,46.137341],[-122.934231,46.137299],[-122.934228,46.137116],[-122.934184,46.137081],[-122.934102,46.137077],[-122.934087,46.136995],[-122.934197,46.136978],[-122.934232,46.136897],[-122.934344,46.136878],[-122.934362,46.136757]],[[-122.933585,46.136307],[-122.933518,46.136253],[-122.933339,46.136291],[-122.933327,46.136488],[-122.933361,46.136528],[-122.933515,46.136537],[-122.933572,46.136513],[-122.933585,46.136307]],[[-122.934751,46.135638],[-122.934833,46.135633],[-122.934875,46.135604],[-122.934881,46.135506],[-122.934853,46.13547],[-122.934374,46.135468],[-122.93434,46.135383],[-122.934234,46.135367],[-122.934234,46.135277],[-122.934329,46.135268],[-122.934364,46.135187],[-122.934445,46.135183],[-122.934487,46.135154],[-122.934493,46.134827],[-122.934595,46.134823],[-122.934642,46.134782],[-122.934623,46.134467],[-122.934712,46.134461],[-122.934752,46.134419],[-122.93473,46.134213],[-122.934427,46.134198],[-122.934365,46.134246],[-122.934364,46.134557],[-122.934262,46.134562],[-122.934216,46.134602],[-122.934234,46.134917],[-122.934016,46.134923],[-122.933979,46.134955],[-122.933975,46.135007],[-122.933894,46.135011],[-122.933849,46.135045],[-122.933852,46.135154],[-122.933894,46.135183],[-122.933975,46.135187],[-122.933975,46.135277],[-122.933779,46.135278],[-122.933722,46.13531],[-122.933716,46.135547],[-122.933627,46.135553],[-122.933587,46.135596],[-122.933602,46.135899],[-122.933497,46.135913],[-122.933458,46.13595],[-122.933469,46.136166],[-122.933539,46.136191],[-122.933667,46.136173],[-122.933706,46.136148],[-122.933699,46.135915],[-122.933836,46.135878],[-122.933845,46.135637],[-122.933952,46.135621],[-122.933975,46.135547],[-122.934352,46.135536],[-122.934366,46.135689],[-122.934425,46.135726],[-122.934703,46.135723],[-122.934745,46.135694],[-122.934751,46.135638]],[[-122.934092,46.140734],[-122.934117,46.140542],[-122.934084,46.140507],[-122.933917,46.140497],[-122.933852,46.140521],[-122.933839,46.140587],[-122.933615,46.140596],[-122.933545,46.140719],[-122.933593,46.140833],[-122.93365,46.140857],[-122.933934,46.140848],[-122.933968,46.140767],[-122.93405,46.140763],[-122.934092,46.140734]],[[-122.936301,46.138699],[-122.936383,46.138694],[-122.936427,46.13866],[-122.936428,46.138557],[-122.936376,46.138521],[-122.93605,46.138531],[-122.936023,46.138569],[-122.936042,46.138698],[-122.935784,46.138698],[-122.935774,46.138637],[-122.935721,46.138609],[-122.935423,46.138612],[-122.935375,46.138658],[-122.935395,46.138788],[-122.935147,46.138799],[-122.935108,46.13871],[-122.934877,46.138698],[-122.934868,46.138636],[-122.934807,46.138608],[-122.934544,46.13861],[-122.934495,46.138641],[-122.934489,46.138697],[-122.934359,46.138697],[-122.934337,46.138623],[-122.93423,46.138607],[-122.934214,46.138525],[-122.934461,46.138505],[-122.934489,46.138469],[-122.934489,46.138337],[-122.934584,46.138335],[-122.93463,46.138308],[-122.934618,46.138021],[-122.934578,46.137984],[-122.93449,46.137977],[-122.934484,46.137921],[-122.934442,46.137891],[-122.934164,46.137888],[-122.934102,46.137936],[-122.934116,46.13851],[-122.933904,46.138518],[-122.933847,46.13855],[-122.933841,46.138787],[-122.933753,46.138793],[-122.933713,46.13883],[-122.933713,46.139104],[-122.933774,46.139146],[-122.93397,46.139147],[-122.933976,46.139204],[-122.934018,46.139233],[-122.934167,46.139236],[-122.93422,46.139209],[-122.934229,46.139147],[-122.934311,46.139143],[-122.934353,46.139114],[-122.934359,46.138877],[-122.934618,46.138878],[-122.934627,46.138952],[-122.9347,46.138981],[-122.934958,46.138964],[-122.935,46.138934],[-122.935006,46.138878],[-122.935125,46.138867],[-122.935158,46.139132],[-122.935524,46.139148],[-122.935524,46.139238],[-122.935412,46.139258],[-122.935374,46.139368],[-122.935415,46.139411],[-122.935524,46.139418],[-122.935539,46.1395],[-122.935407,46.139532],[-122.935394,46.139688],[-122.935287,46.139704],[-122.935264,46.139778],[-122.935005,46.139778],[-122.934988,46.139617],[-122.934935,46.139598],[-122.934788,46.139604],[-122.934748,46.139641],[-122.934732,46.139833],[-122.934781,46.139865],[-122.934876,46.139868],[-122.934882,46.139924],[-122.934924,46.139954],[-122.935134,46.139958],[-122.93514,46.140014],[-122.935182,46.140044],[-122.935393,46.140048],[-122.935399,46.140105],[-122.935441,46.140134],[-122.935849,46.140137],[-122.93591,46.140095],[-122.935912,46.139958],[-122.935993,46.139954],[-122.936038,46.13992],[-122.93604,46.139732],[-122.936,46.139695],[-122.935912,46.139688],[-122.935908,46.139637],[-122.935871,46.139605],[-122.935653,46.139598],[-122.935637,46.139516],[-122.936101,46.139508],[-122.936162,46.13948],[-122.936171,46.139238],[-122.936266,46.139229],[-122.936301,46.139184],[-122.936298,46.139007],[-122.936253,46.138973],[-122.936172,46.138968],[-122.936172,46.138878],[-122.936246,46.138876],[-122.936292,46.13885],[-122.936301,46.138699]],[[-122.934512,46.136037],[-122.934486,46.135941],[-122.934437,46.13591],[-122.934296,46.135908],[-122.934242,46.135936],[-122.934249,46.13608],[-122.934121,46.136107],[-122.934103,46.136267],[-122.934015,46.136273],[-122.933975,46.136311],[-122.933974,46.136578],[-122.934014,46.136621],[-122.934162,46.136627],[-122.934215,46.136607],[-122.934233,46.136447],[-122.934424,46.136461],[-122.934483,46.136432],[-122.934488,46.136306],[-122.934444,46.136271],[-122.934362,46.136267],[-122.934347,46.136095],[-122.93449,46.136071],[-122.934512,46.136037]],[[-122.93449,46.137707],[-122.934509,46.137662],[-122.934476,46.137627],[-122.934403,46.137618],[-122.934353,46.137642],[-122.934343,46.137684],[-122.934379,46.137721],[-122.934437,46.137731],[-122.93449,46.137707]],[[-122.93478,46.140759],[-122.935073,46.14078],[-122.935125,46.140753],[-122.935116,46.140608],[-122.935004,46.140588],[-122.934999,46.140531],[-122.934957,46.140502],[-122.934746,46.140498],[-122.93474,46.140351],[-122.934698,46.140322],[-122.934616,46.140317],[-122.934582,46.140237],[-122.934386,46.14024],[-122.934357,46.140281],[-122.934375,46.140478],[-122.934486,46.140498],[-122.934504,46.140568],[-122.934616,46.140588],[-122.934629,46.140654],[-122.934745,46.140678],[-122.93478,46.140759]],[[-122.934699,46.139152],[-122.934572,46.139125],[-122.934513,46.139131],[-122.934461,46.139169],[-122.934456,46.139206],[-122.934523,46.139318],[-122.934692,46.139325],[-122.934744,46.139289],[-122.934744,46.139186],[-122.934699,46.139152]],[[-122.93566,46.133478],[-122.935742,46.133474],[-122.935784,46.133445],[-122.935767,46.133314],[-122.935531,46.133298],[-122.935518,46.133232],[-122.935453,46.133208],[-122.935306,46.133217],[-122.935272,46.133298],[-122.935142,46.133298],[-122.935161,46.133163],[-122.935108,46.13312],[-122.934937,46.133107],[-122.934889,46.133137],[-122.934884,46.133208],[-122.934754,46.133207],[-122.934678,46.133184],[-122.934536,46.133214],[-122.934499,46.133246],[-122.934475,46.133337],[-122.934509,46.133378],[-122.934754,46.133388],[-122.934763,46.133449],[-122.934816,46.133476],[-122.935142,46.133478],[-122.935155,46.133544],[-122.935271,46.133568],[-122.935277,46.133624],[-122.935327,46.133655],[-122.935631,46.133646],[-122.935659,46.133609],[-122.93566,46.133478]],[[-122.935526,46.137528],[-122.935607,46.137524],[-122.935652,46.13749],[-122.935654,46.137392],[-122.935614,46.137354],[-122.935397,46.137348],[-122.935387,46.137286],[-122.935334,46.137259],[-122.934879,46.137258],[-122.93487,46.137196],[-122.934816,46.137169],[-122.934683,46.137169],[-122.934629,46.137196],[-122.93462,46.137347],[-122.934531,46.137354],[-122.934492,46.137391],[-122.93449,46.137582],[-122.934523,46.137622],[-122.93485,46.137605],[-122.934878,46.137569],[-122.934879,46.137438],[-122.935008,46.137438],[-122.935014,46.137494],[-122.935063,46.137525],[-122.935267,46.137528],[-122.935267,46.137618],[-122.935178,46.137624],[-122.935139,46.137661],[-122.935137,46.137888],[-122.935036,46.1379],[-122.935007,46.137978],[-122.934919,46.137984],[-122.934879,46.138021],[-122.934884,46.138124],[-122.934926,46.138154],[-122.935007,46.138158],[-122.935007,46.138248],[-122.93479,46.138249],[-122.934733,46.138282],[-122.934751,46.138389],[-122.934789,46.138421],[-122.935081,46.138425],[-122.935131,46.138394],[-122.935137,46.138338],[-122.935211,46.138335],[-122.935257,46.138309],[-122.935266,46.138158],[-122.935355,46.138152],[-122.935394,46.138114],[-122.935396,46.137798],[-122.935484,46.137792],[-122.935524,46.137755],[-122.935526,46.137528]],[[-122.93605,46.134467],[-122.936082,46.134421],[-122.93603,46.134308],[-122.935977,46.134288],[-122.935836,46.134292],[-122.935794,46.134321],[-122.935788,46.134378],[-122.935707,46.134382],[-122.935662,46.134416],[-122.935659,46.134648],[-122.935467,46.134635],[-122.935409,46.134663],[-122.935415,46.13509],[-122.935304,46.135107],[-122.93527,46.135188],[-122.935153,46.135212],[-122.93514,46.135404],[-122.935195,46.135455],[-122.935399,46.135458],[-122.935414,46.13554],[-122.93508,46.135548],[-122.935019,46.135576],[-122.93501,46.135818],[-122.934922,46.135824],[-122.934882,46.135861],[-122.93488,46.136178],[-122.934792,46.136184],[-122.934751,46.136226],[-122.934752,46.136584],[-122.934791,46.136621],[-122.934879,46.136628],[-122.934895,46.13671],[-122.93475,46.136717],[-122.934674,46.136694],[-122.934532,46.136724],[-122.934491,46.136766],[-122.934497,46.136954],[-122.934539,46.136983],[-122.93462,46.136988],[-122.934655,46.137068],[-122.935138,46.137078],[-122.935166,46.137156],[-122.935397,46.137168],[-122.935406,46.137229],[-122.935467,46.137258],[-122.935633,46.137242],[-122.935656,46.137078],[-122.935737,46.137074],[-122.935782,46.13704],[-122.935784,46.136852],[-122.935745,46.136814],[-122.935656,46.136808],[-122.935641,46.136636],[-122.935853,46.136627],[-122.935902,46.136604],[-122.935902,46.136382],[-122.935846,46.136358],[-122.935657,46.136358],[-122.935651,46.136301],[-122.935602,46.13627],[-122.935439,46.136274],[-122.935404,46.136301],[-122.935365,46.136416],[-122.93542,46.136522],[-122.935527,46.136538],[-122.935543,46.13662],[-122.93542,46.136644],[-122.935397,46.136718],[-122.935302,46.136727],[-122.935268,46.136808],[-122.935156,46.136828],[-122.935138,46.136898],[-122.935009,46.136898],[-122.934993,46.136725],[-122.935205,46.136717],[-122.935265,46.13668],[-122.935265,46.136486],[-122.93522,46.136452],[-122.935139,46.136448],[-122.935139,46.136358],[-122.935234,46.136349],[-122.935268,46.136268],[-122.935385,46.136244],[-122.935398,46.136088],[-122.935486,46.136082],[-122.935526,46.136045],[-122.935528,46.135818],[-122.935609,46.135814],[-122.935654,46.13578],[-122.935652,46.135671],[-122.93561,46.135642],[-122.935528,46.135638],[-122.935512,46.135556],[-122.935752,46.135546],[-122.935807,46.135498],[-122.935778,46.135217],[-122.935725,46.135189],[-122.935529,46.135188],[-122.935513,46.135106],[-122.93561,46.135094],[-122.935652,46.135065],[-122.935659,46.134828],[-122.935788,46.134828],[-122.935857,46.134852],[-122.935941,46.134811],[-122.935918,46.134648],[-122.935992,46.134646],[-122.936038,46.13462],[-122.93605,46.134467]],[[-122.935063,46.135098],[-122.935118,46.135082],[-122.93514,46.135049],[-122.935139,46.134961],[-122.935099,46.134924],[-122.934693,46.134918],[-122.934632,46.134946],[-122.934624,46.135054],[-122.934664,46.135091],[-122.935063,46.135098]],[[-122.934872,46.141576],[-122.93482,46.141554],[-122.934763,46.141564],[-122.934725,46.141606],[-122.934741,46.141647],[-122.934794,46.141667],[-122.934866,46.141655],[-122.934893,46.141617],[-122.934872,46.141576]],[[-122.934762,46.134676],[-122.934735,46.134788],[-122.934787,46.134825],[-122.9352,46.134828],[-122.935264,46.134794],[-122.93527,46.134697],[-122.935208,46.134649],[-122.934823,46.134648],[-122.934762,46.134676]],[[-122.935288,46.134068],[-122.935254,46.133858],[-122.935102,46.133825],[-122.93504,46.133837],[-122.935012,46.133878],[-122.93503,46.134088],[-122.935082,46.134107],[-122.935243,46.134103],[-122.935288,46.134068]],[[-122.935318,46.134554],[-122.935469,46.13457],[-122.935521,46.134543],[-122.935524,46.134411],[-122.935467,46.134379],[-122.935298,46.134382],[-122.935251,46.134428],[-122.935276,46.134524],[-122.935318,46.134554]],[[-122.935582,46.134198],[-122.935658,46.134155],[-122.935656,46.133966],[-122.935604,46.13393],[-122.935456,46.13393],[-122.93541,46.133956],[-122.935366,46.134055],[-122.935404,46.13416],[-122.935455,46.134196],[-122.935582,46.134198]],[[-122.935704,46.140588],[-122.935778,46.14055],[-122.935768,46.140432],[-122.935711,46.140408],[-122.935536,46.140418],[-122.935503,46.140464],[-122.935535,46.140564],[-122.935585,46.140587],[-122.935704,46.140588]],[[-122.936044,46.137708],[-122.93604,46.137657],[-122.936003,46.137625],[-122.935819,46.137627],[-122.935784,46.137708],[-122.935703,46.137712],[-122.935661,46.137741],[-122.935667,46.137877],[-122.93573,46.137902],[-122.936138,46.137879],[-122.936172,46.13784],[-122.936167,46.137742],[-122.936125,46.137712],[-122.936044,46.137708]],[[-122.937474,46.1342],[-122.937468,46.134057],[-122.937409,46.13402],[-122.937124,46.134025],[-122.937087,46.134057],[-122.937083,46.134109],[-122.936967,46.134133],[-122.936952,46.134199],[-122.936809,46.134191],[-122.936824,46.134067],[-122.936777,46.134023],[-122.936506,46.134019],[-122.936449,46.134042],[-122.936449,46.134174],[-122.936506,46.134198],[-122.936695,46.134199],[-122.936695,46.134289],[-122.936376,46.134289],[-122.93631,46.134327],[-122.936324,46.134449],[-122.936376,46.134468],[-122.936565,46.134469],[-122.936565,46.134558],[-122.936477,46.134565],[-122.936437,46.134602],[-122.936451,46.134911],[-122.936317,46.134929],[-122.936229,46.134895],[-122.936161,46.134937],[-122.93619,46.134999],[-122.936305,46.135008],[-122.936321,46.135181],[-122.936203,46.135193],[-122.936161,46.135223],[-122.936175,46.135458],[-122.936046,46.135458],[-122.93597,46.135435],[-122.935886,46.135485],[-122.935916,46.135637],[-122.935882,46.135691],[-122.935951,46.135809],[-122.936147,46.135806],[-122.936175,46.13577],[-122.936175,46.135638],[-122.93627,46.135629],[-122.936305,46.135548],[-122.936386,46.135544],[-122.936429,46.135515],[-122.936419,46.135196],[-122.936516,46.135184],[-122.936561,46.13515],[-122.936549,46.134926],[-122.936646,46.134914],[-122.936688,46.134885],[-122.936694,46.134649],[-122.936801,46.134633],[-122.936824,46.134559],[-122.93694,46.134535],[-122.936954,46.134469],[-122.937313,46.134457],[-122.937342,46.134379],[-122.937423,46.134375],[-122.937466,46.134346],[-122.937506,46.134247],[-122.937474,46.1342]],[[-122.936099,46.134198],[-122.936174,46.13416],[-122.936164,46.134042],[-122.936107,46.134019],[-122.935932,46.134028],[-122.935898,46.134074],[-122.935931,46.134174],[-122.935981,46.134197],[-122.936099,46.134198]],[[-122.936435,46.133435],[-122.936445,46.133233],[-122.936402,46.133211],[-122.936308,46.133208],[-122.936273,46.133127],[-122.936076,46.133123],[-122.936029,46.133169],[-122.936049,46.133298],[-122.935974,46.133301],[-122.935928,46.133327],[-122.935925,46.133445],[-122.935989,46.133478],[-122.936389,46.133474],[-122.936435,46.133435]],[[-122.936047,46.13708],[-122.93599,46.137064],[-122.935932,46.137085],[-122.935915,46.137133],[-122.935942,46.137169],[-122.936005,46.137181],[-122.936064,46.137155],[-122.936078,46.137115],[-122.936047,46.13708]],[[-122.936172,46.136626],[-122.936121,46.136605],[-122.936063,46.136615],[-122.936026,46.136657],[-122.936041,46.136698],[-122.936095,46.136718],[-122.936167,46.136706],[-122.936194,46.136668],[-122.936172,46.136626]],[[-122.93632,46.138383],[-122.936296,46.138282],[-122.936247,46.138251],[-122.936098,46.138251],[-122.936046,46.138287],[-122.936046,46.13839],[-122.936098,46.138426],[-122.936288,46.138419],[-122.93632,46.138383]],[[-122.936427,46.136955],[-122.936452,46.136854],[-122.936419,46.136818],[-122.936229,46.136811],[-122.936177,46.136847],[-122.936177,46.13695],[-122.936229,46.136986],[-122.936378,46.136986],[-122.936427,46.136955]],[[-122.936559,46.139909],[-122.936499,46.139856],[-122.936334,46.139878],[-122.9363,46.139917],[-122.936313,46.140024],[-122.93637,46.140048],[-122.936524,46.140039],[-122.936557,46.140005],[-122.936559,46.139909]],[[-122.936818,46.139419],[-122.936812,46.139362],[-122.936763,46.139331],[-122.936453,46.139344],[-122.93643,46.139598],[-122.936341,46.139605],[-122.936302,46.139642],[-122.936323,46.139763],[-122.93649,46.139803],[-122.936559,46.139779],[-122.936795,46.139763],[-122.936818,46.139599],[-122.936913,46.13959],[-122.936948,46.139545],[-122.936935,46.139443],[-122.936818,46.139419]],[[-122.936857,46.135956],[-122.936817,46.135852],[-122.936767,46.135821],[-122.936457,46.135834],[-122.936434,46.135908],[-122.936346,46.135915],[-122.936306,46.135952],[-122.936305,46.13622],[-122.936327,46.136253],[-122.936635,46.136269],[-122.936691,46.136252],[-122.936712,46.136213],[-122.936693,46.136089],[-122.936767,46.136086],[-122.936813,46.13606],[-122.936857,46.135956]],[[-122.936819,46.136807],[-122.936745,46.136785],[-122.936692,46.136809],[-122.93659,46.136813],[-122.936551,46.136838],[-122.936542,46.137118],[-122.936589,46.137164],[-122.93701,46.137169],[-122.937074,46.137136],[-122.937071,46.136837],[-122.937018,46.13681],[-122.936819,46.136807]],[[-122.936825,46.133429],[-122.936758,46.133375],[-122.936595,46.133401],[-122.936567,46.133437],[-122.936583,46.133562],[-122.936649,46.133582],[-122.936797,46.133556],[-122.936824,46.133525],[-122.936825,46.133429]],[[-122.936901,46.133043],[-122.937037,46.133025],[-122.937081,46.13299],[-122.937072,46.132783],[-122.937015,46.132759],[-122.936826,46.132759],[-122.93682,46.132702],[-122.936771,46.132671],[-122.936602,46.132678],[-122.936567,46.132717],[-122.936579,46.132928],[-122.936642,46.132952],[-122.936826,46.132939],[-122.936848,46.133026],[-122.936901,46.133043]],[[-122.93674,46.140229],[-122.936814,46.14019],[-122.936808,46.140077],[-122.936755,46.14005],[-122.9366,46.140055],[-122.93656,46.140092],[-122.936568,46.1402],[-122.936621,46.140228],[-122.93674,46.140229]],[[-122.938638,46.13285],[-122.93872,46.132846],[-122.938764,46.132811],[-122.938762,46.132523],[-122.938698,46.13249],[-122.938428,46.132494],[-122.938386,46.132523],[-122.93838,46.132579],[-122.938298,46.132584],[-122.938253,46.132618],[-122.93825,46.132939],[-122.938143,46.132955],[-122.93812,46.133029],[-122.937895,46.133025],[-122.93785,46.13313],[-122.937732,46.133119],[-122.937719,46.132873],[-122.93767,46.13285],[-122.937457,46.132841],[-122.937473,46.132759],[-122.937568,46.13275],[-122.937603,46.132669],[-122.937677,46.132667],[-122.937723,46.132641],[-122.937733,46.132489],[-122.937807,46.132487],[-122.937853,46.132461],[-122.937853,46.132338],[-122.9378,46.13231],[-122.937603,46.132309],[-122.937542,46.132285],[-122.937474,46.132309],[-122.937114,46.132321],[-122.937086,46.132357],[-122.937085,46.132489],[-122.936859,46.132485],[-122.936828,46.132518],[-122.936828,46.132625],[-122.936889,46.132668],[-122.937085,46.132669],[-122.937098,46.132735],[-122.937214,46.132759],[-122.937237,46.132833],[-122.937359,46.132857],[-122.937343,46.133029],[-122.937262,46.133033],[-122.937217,46.133067],[-122.937214,46.133299],[-122.937017,46.1333],[-122.936961,46.133332],[-122.936954,46.133659],[-122.93688,46.133661],[-122.936834,46.133687],[-122.936842,46.133819],[-122.936895,46.133838],[-122.937151,46.133838],[-122.937204,46.13381],[-122.937213,46.133749],[-122.937343,46.133749],[-122.937356,46.133815],[-122.937472,46.133839],[-122.937506,46.13392],[-122.937702,46.133917],[-122.937731,46.13388],[-122.937731,46.133659],[-122.93782,46.133653],[-122.937859,46.133616],[-122.937861,46.133209],[-122.93799,46.133209],[-122.937991,46.133431],[-122.938025,46.13347],[-122.938474,46.13347],[-122.938508,46.13339],[-122.938597,46.133383],[-122.938636,46.133346],[-122.938638,46.13285]],[[-122.93721,46.136269],[-122.937327,46.136245],[-122.937337,46.136127],[-122.937285,46.136091],[-122.937136,46.136091],[-122.937087,46.136122],[-122.937081,46.136179],[-122.936999,46.136183],[-122.936955,46.136217],[-122.936917,46.136317],[-122.936974,46.136433],[-122.937029,46.136449],[-122.937187,46.136433],[-122.93721,46.136269]],[[-122.93726,46.138159],[-122.937336,46.138116],[-122.937336,46.138022],[-122.937309,46.137991],[-122.937027,46.137979],[-122.936967,46.137999],[-122.93695,46.13811],[-122.936978,46.138147],[-122.93726,46.138159]],[[-122.937392,46.135909],[-122.937468,46.135866],[-122.937464,46.135672],[-122.937422,46.135643],[-122.937341,46.135639],[-122.93734,46.135508],[-122.937312,46.135471],[-122.93713,46.135463],[-122.937082,46.135508],[-122.937087,46.135786],[-122.937129,46.135815],[-122.937211,46.135819],[-122.937214,46.135871],[-122.937252,46.135903],[-122.937392,46.135909]],[[-122.93747,46.135229],[-122.93741,46.135177],[-122.937246,46.135198],[-122.937212,46.135238],[-122.937224,46.135345],[-122.937281,46.135369],[-122.937436,46.13536],[-122.937469,46.135326],[-122.93747,46.135229]],[[-122.937859,46.134739],[-122.937948,46.134733],[-122.937987,46.134696],[-122.937989,46.134428],[-122.937941,46.134383],[-122.937642,46.134385],[-122.937604,46.134417],[-122.937601,46.134469],[-122.937506,46.134478],[-122.937471,46.134559],[-122.93739,46.134563],[-122.937348,46.134592],[-122.937355,46.134715],[-122.937471,46.134739],[-122.937505,46.13482],[-122.9376,46.134829],[-122.937603,46.134894],[-122.937646,46.134928],[-122.937842,46.134899],[-122.937859,46.134739]],[[-122.937939,46.132028],[-122.937744,46.13205],[-122.937649,46.132017],[-122.937594,46.132047],[-122.937586,46.132089],[-122.937638,46.132127],[-122.937722,46.132118],[-122.937774,46.132213],[-122.937937,46.132217],[-122.93799,46.132176],[-122.937989,46.132064],[-122.937939,46.132028]],[[-122.938117,46.136359],[-122.938113,46.136294],[-122.93807,46.13626],[-122.93788,46.136285],[-122.937823,46.136402],[-122.93788,46.136523],[-122.938048,46.136563],[-122.938223,46.136524],[-122.93824,46.136393],[-122.938198,46.136364],[-122.938117,46.136359]],[[-122.937991,46.132849],[-122.93801,46.132804],[-122.937977,46.132769],[-122.937912,46.13276],[-122.937858,46.13278],[-122.937842,46.13282],[-122.93788,46.132863],[-122.937938,46.132873],[-122.937991,46.132849]],[[-122.937988,46.138248],[-122.938019,46.138212],[-122.938004,46.138172],[-122.937946,46.138146],[-122.937883,46.138158],[-122.937856,46.138194],[-122.937872,46.138243],[-122.937931,46.138263],[-122.937988,46.138248]],[[-122.938636,46.1351],[-122.938717,46.135096],[-122.938759,46.135066],[-122.938743,46.134936],[-122.938688,46.13492],[-122.9384,46.134935],[-122.938377,46.134974],[-122.938399,46.135174],[-122.938588,46.135186],[-122.93863,46.135156],[-122.938636,46.1351]],[[-122.938917,46.132175],[-122.938875,46.132056],[-122.938769,46.13204],[-122.938765,46.131974],[-122.938729,46.131943],[-122.938572,46.131951],[-122.938519,46.131978],[-122.938519,46.132101],[-122.938565,46.132127],[-122.938639,46.13213],[-122.938642,46.132181],[-122.93868,46.132213],[-122.938877,46.132213],[-122.938917,46.132175]]]}},{"type":"Feature","properties":{"id":58,"area_m2":63700,"px":637,"rank":2,"persistent":false},"geometry":{"type":"Polygon","coordinates":[[[-122.946148,46.131773],[-122.946147,46.132043],[-122.946031,46.132067],[-122.946018,46.132223],[-122.945911,46.132239],[-122.945888,46.132313],[-122.945699,46.132313],[-122.945642,46.132337],[-122.945629,46.132673],[-122.945555,46.132675],[-122.945509,46.132702],[-122.945499,46.132853],[-122.945418,46.132857],[-122.945373,46.132891],[-122.94537,46.133033],[-122.945275,46.133035],[-122.945225,46.133068],[-122.945253,46.133189],[-122.945369,46.133213],[-122.945369,46.133303],[-122.945275,46.133305],[-122.945228,46.133333],[-122.94524,46.133483],[-122.94511,46.133483],[-122.945042,46.133459],[-122.944957,46.1335],[-122.944981,46.133753],[-122.944784,46.133754],[-122.944725,46.133791],[-122.944739,46.133913],[-122.944851,46.133933],[-122.944885,46.134014],[-122.94498,46.134023],[-122.944982,46.134339],[-122.945021,46.134377],[-122.945109,46.134383],[-122.945109,46.134563],[-122.94498,46.134563],[-122.944911,46.134539],[-122.944744,46.134579],[-122.944721,46.134833],[-122.944614,46.134849],[-122.944591,46.134923],[-122.944462,46.134923],[-122.944453,46.134848],[-122.944387,46.134819],[-122.944114,46.134839],[-122.944077,46.134871],[-122.944073,46.134922],[-122.943814,46.134922],[-122.943815,46.134742],[-122.943889,46.13474],[-122.943935,46.134714],[-122.943938,46.134596],[-122.943896,46.134566],[-122.943815,46.134562],[-122.943813,46.134426],[-122.94376,46.134385],[-122.94359,46.134391],[-122.943556,46.134472],[-122.943411,46.134465],[-122.943427,46.134382],[-122.943508,46.134378],[-122.94355,46.134349],[-122.943555,46.134246],[-122.943501,46.134204],[-122.943352,46.134204],[-122.943303,46.134235],[-122.943297,46.134292],[-122.943209,46.134298],[-122.943168,46.134341],[-122.943181,46.134448],[-122.943313,46.13448],[-122.943297,46.134742],[-122.943113,46.134728],[-122.94306,46.134745],[-122.943037,46.134922],[-122.942931,46.134938],[-122.942876,46.135044],[-122.942908,46.135102],[-122.9429,46.135257],[-122.942942,46.135279],[-122.943037,46.135282],[-122.94306,46.135356],[-122.943167,46.135373],[-122.943166,46.135462],[-122.943085,46.135466],[-122.94304,46.1355],[-122.943037,46.135642],[-122.942948,46.135648],[-122.942909,46.135685],[-122.942907,46.135912],[-122.942872,46.13596],[-122.942907,46.136002],[-122.94292,46.136158],[-122.942969,46.136181],[-122.943235,46.136195],[-122.94329,46.136162],[-122.943295,46.136092],[-122.943407,46.136072],[-122.94346,46.13596],[-122.943425,46.135912],[-122.943425,46.135732],[-122.943544,46.135721],[-122.94356,46.135789],[-122.94361,46.13582],[-122.943738,46.135836],[-122.943792,46.13582],[-122.943821,46.135667],[-122.943764,46.135643],[-122.943566,46.135653],[-122.943555,46.135554],[-122.943661,46.135536],[-122.943684,46.135462],[-122.943814,46.135462],[-122.943817,46.135514],[-122.943855,46.135546],[-122.944073,46.135553],[-122.944076,46.135784],[-122.94412,46.135818],[-122.944202,46.135823],[-122.944201,46.136092],[-122.944107,46.136102],[-122.944072,46.136146],[-122.944078,46.136329],[-122.94412,46.136358],[-122.944201,46.136363],[-122.944201,46.136542],[-122.943965,46.136558],[-122.943942,46.136722],[-122.943683,46.136722],[-122.943682,46.136482],[-122.94365,46.136448],[-122.943593,46.136439],[-122.943459,46.136461],[-122.943424,46.136542],[-122.943308,46.136566],[-122.943295,46.136722],[-122.943036,46.136722],[-122.943018,46.136652],[-122.942906,46.136632],[-122.942893,46.136566],[-122.942829,46.136542],[-122.942676,46.136554],[-122.942647,46.136632],[-122.942531,46.136656],[-122.942518,46.136722],[-122.942388,46.136722],[-122.942389,46.136632],[-122.94247,46.136628],[-122.942515,46.136593],[-122.942518,46.136452],[-122.94262,46.136447],[-122.942665,46.136412],[-122.942648,46.136127],[-122.942588,46.136079],[-122.942452,46.136093],[-122.942398,46.13612],[-122.942389,46.136182],[-122.94226,46.136182],[-122.94226,46.136092],[-122.942355,46.136083],[-122.942389,46.136038],[-122.942383,46.135855],[-122.942341,46.135826],[-122.94226,46.135822],[-122.94226,46.135552],[-122.94239,46.135552],[-122.942466,46.135575],[-122.942546,46.13553],[-122.942519,46.135372],[-122.942636,46.135348],[-122.942649,46.135246],[-122.942614,46.135201],[-122.94252,46.135192],[-122.94252,46.135102],[-122.942601,46.135098],[-122.942643,46.135068],[-122.942626,46.134938],[-122.94252,46.134922],[-122.942511,46.13486],[-122.942457,46.134833],[-122.941943,46.134832],[-122.941886,46.134855],[-122.941872,46.135323],[-122.941913,46.135365],[-122.942001,46.135371],[-122.942001,46.135551],[-122.941927,46.135554],[-122.941881,46.13558],[-122.941871,46.135731],[-122.941742,46.135731],[-122.941714,46.135654],[-122.941559,46.135618],[-122.941402,46.135645],[-122.941355,46.135685],[-122.941371,46.135801],[-122.941424,46.135821],[-122.941612,46.135821],[-122.941612,46.135911],[-122.941224,46.135911],[-122.941201,46.135747],[-122.940965,46.13573],[-122.940966,46.135641],[-122.941077,46.135621],[-122.941129,46.135514],[-122.941095,46.135461],[-122.941095,46.135191],[-122.941312,46.13519],[-122.941373,46.135146],[-122.941337,46.135031],[-122.941225,46.135011],[-122.941225,46.134831],[-122.94145,46.134822],[-122.941503,46.134712],[-122.941464,46.134658],[-122.941355,46.134651],[-122.941355,46.134381],[-122.941467,46.134361],[-122.941519,46.134249],[-122.941485,46.134201],[-122.941479,46.134054],[-122.941437,46.134025],[-122.941356,46.134021],[-122.941356,46.133931],[-122.941457,46.133919],[-122.941485,46.133841],[-122.94158,46.133832],[-122.941615,46.133751],[-122.941689,46.133749],[-122.941735,46.133723],[-122.941745,46.133391],[-122.941874,46.133391],[-122.94195,46.133415],[-122.942124,46.133363],[-122.942133,46.133122],[-122.942228,46.133112],[-122.942263,46.133068],[-122.94225,46.132966],[-122.942134,46.132941],[-122.942134,46.132852],[-122.942522,46.132852],[-122.942522,46.133032],[-122.942447,46.133034],[-122.942401,46.13306],[-122.942372,46.133246],[-122.942412,46.133295],[-122.942521,46.133302],[-122.942521,46.133392],[-122.942487,46.133434],[-122.942521,46.133483],[-122.942521,46.133572],[-122.942486,46.133614],[-122.942521,46.133662],[-122.942504,46.133802],[-122.942563,46.133841],[-122.94278,46.133842],[-122.94276,46.133971],[-122.9428,46.134015],[-122.943038,46.134022],[-122.943054,46.134104],[-122.942922,46.134136],[-122.94291,46.134248],[-122.942964,46.13429],[-122.94312,46.134288],[-122.943167,46.134243],[-122.943152,46.13412],[-122.94328,46.134092],[-122.943317,46.133982],[-122.943277,46.133939],[-122.943168,46.133932],[-122.943168,46.133662],[-122.943202,46.133609],[-122.943151,46.133502],[-122.943039,46.133482],[-122.943039,46.133392],[-122.943236,46.133391],[-122.943295,46.133354],[-122.943295,46.13316],[-122.94325,46.133126],[-122.943169,46.133122],[-122.943169,46.133033],[-122.943264,46.13303],[-122.943313,46.132997],[-122.943299,46.132762],[-122.943517,46.132756],[-122.943554,46.132724],[-122.943558,46.132672],[-122.943639,46.132668],[-122.943684,46.132634],[-122.943687,46.132492],[-122.943722,46.13245],[-122.943688,46.132402],[-122.943688,46.132042],[-122.943769,46.132038],[-122.943814,46.132004],[-122.943818,46.131772],[-122.944722,46.131773],[-122.944785,46.131797],[-122.944855,46.131773],[-122.945112,46.131773],[-122.945173,46.131797],[-122.945243,46.131773],[-122.945371,46.131773],[-122.945432,46.131797],[-122.945502,46.131773],[-122.945889,46.131773],[-122.94595,46.131797],[-122.946018,46.131773],[-122.946148,46.131773]],[[-122.941695,46.135195],[-122.941551,46.135178],[-122.941496,46.135202],[-122.941487,46.135333],[-122.941539,46.135369],[-122.941687,46.135369],[-122.941739,46.135333],[-122.941739,46.13523],[-122.941695,46.135195]],[[-122.942779,46.134152],[-122.942758,46.134114],[-122.942704,46.134098],[-122.942332,46.134112],[-122.942271,46.13414],[-122.942261,46.134382],[-122.942229,46.13444],[-122.942274,46.134538],[-122.942391,46.134562],[-122.942394,46.134613],[-122.942432,46.134645],[-122.942608,46.134645],[-122.942646,46.134613],[-122.94265,46.134562],[-122.942724,46.134559],[-122.94277,46.134533],[-122.942779,46.134152]],[[-122.943684,46.136362],[-122.943701,46.136312],[-122.943656,46.136277],[-122.943565,46.136283],[-122.943485,46.136248],[-122.943409,46.13629],[-122.94341,46.136328],[-122.943452,46.136358],[-122.943543,46.136351],[-122.943615,46.136386],[-122.943684,46.136362]],[[-122.943558,46.133032],[-122.943576,46.132987],[-122.943544,46.132952],[-122.94347,46.132943],[-122.94342,46.132967],[-122.94341,46.133009],[-122.943446,46.133046],[-122.943504,46.133056],[-122.943558,46.133032]],[[-122.944699,46.133557],[-122.944757,46.133435],[-122.944722,46.133393],[-122.944709,46.133237],[-122.944652,46.133213],[-122.944463,46.133213],[-122.944458,46.133143],[-122.94441,46.133112],[-122.944205,46.133122],[-122.944204,46.132991],[-122.94417,46.132952],[-122.943745,46.132942],[-122.943684,46.132963],[-122.943687,46.133212],[-122.943598,46.133219],[-122.943559,46.133256],[-122.943575,46.133462],[-122.943892,46.133506],[-122.944046,46.13347],[-122.944075,46.133392],[-122.944204,46.133393],[-122.944204,46.133572],[-122.944008,46.133573],[-122.943948,46.133611],[-122.943945,46.133794],[-122.943979,46.133833],[-122.944135,46.133867],[-122.944299,46.133833],[-122.944333,46.133794],[-122.944334,46.133663],[-122.944559,46.133667],[-122.944593,46.133573],[-122.944699,46.133557]],[[-122.944123,46.132848],[-122.944274,46.132865],[-122.944325,46.132837],[-122.944328,46.132706],[-122.944272,46.132674],[-122.944103,46.132677],[-122.944056,46.132723],[-122.944081,46.132819],[-122.944123,46.132848]],[[-122.944462,46.134563],[-122.944428,46.134482],[-122.944243,46.134466],[-122.944206,46.134497],[-122.944203,46.134562],[-122.944122,46.134567],[-122.944079,46.134596],[-122.944083,46.134714],[-122.944136,46.134741],[-122.944332,46.134743],[-122.944393,46.134767],[-122.94455,46.134736],[-122.94459,46.134699],[-122.944588,46.134601],[-122.944543,46.134567],[-122.944462,46.134563]],[[-122.944586,46.134169],[-122.944611,46.134068],[-122.944578,46.134032],[-122.944393,46.13401],[-122.944339,46.134042],[-122.944316,46.134163],[-122.944375,46.134202],[-122.944537,46.1342],[-122.944586,46.134169]],[[-122.944853,46.131903],[-122.944793,46.13185],[-122.944629,46.131872],[-122.944594,46.131911],[-122.944594,46.132043],[-122.944512,46.132047],[-122.94447,46.132076],[-122.944464,46.132444],[-122.944512,46.132489],[-122.944682,46.132486],[-122.94472,46.132454],[-122.944723,46.132403],[-122.944805,46.132399],[-122.944847,46.132369],[-122.944853,46.131903]],[[-122.944979,46.133031],[-122.944928,46.133009],[-122.94487,46.133019],[-122.944833,46.133062],[-122.944849,46.133102],[-122.944902,46.133123],[-122.944974,46.13311],[-122.945001,46.133072],[-122.944979,46.133031]],[[-122.945105,46.13291],[-122.94513,46.132808],[-122.945091,46.13277],[-122.9449,46.132767],[-122.944854,46.132806],[-122.944858,46.132923],[-122.94492,46.132956],[-122.945063,46.132939],[-122.945105,46.13291]],[[-122.945052,46.132583],[-122.945347,46.132567],[-122.94537,46.132534],[-122.945361,46.132252],[-122.9453,46.132223],[-122.945023,46.132229],[-122.944984,46.132266],[-122.944982,46.132403],[-122.944947,46.132445],[-122.944991,46.132554],[-122.945052,46.132583]],[[-122.94533,46.131869],[-122.945173,46.131839],[-122.945011,46.131875],[-122.944984,46.131906],[-122.944984,46.131999],[-122.945023,46.132036],[-122.945112,46.132043],[-122.945115,46.132095],[-122.945153,46.132127],[-122.945308,46.132132],[-122.945369,46.13209],[-122.945369,46.131907],[-122.94533,46.131869]],[[-122.945753,46.13219],[-122.945778,46.132088],[-122.945745,46.132053],[-122.945555,46.132045],[-122.945503,46.132081],[-122.945503,46.132185],[-122.945555,46.132221],[-122.945704,46.132221],[-122.945753,46.13219]]]}},{"type":"Feature","properties":{"id":76,"area_m2":18200,"px":182,"rank":3,"persistent":false},"geometry":{"type":"Polygon","coordinates":[[[-122.934108,46.132577],[-122.934107,46.132757],[-122.934019,46.132763],[-122.933979,46.132801],[-122.933977,46.133117],[-122.933719,46.133117],[-122.93371,46.133055],[-122.933649,46.133027],[-122.933393,46.133028],[-122.933336,46.13306],[-122.933348,46.133187],[-122.9334,46.133206],[-122.933589,46.133207],[-122.933612,46.133281],[-122.933718,46.133297],[-122.933718,46.133387],[-122.93347,46.133398],[-122.93345,46.133325],[-122.933397,46.133298],[-122.933263,46.133298],[-122.93321,46.133325],[-122.933213,46.133453],[-122.93327,46.133476],[-122.933448,46.133466],[-122.933459,46.133567],[-122.933105,46.133576],[-122.933071,46.133615],[-122.93307,46.133746],[-122.932989,46.133751],[-122.932947,46.13378],[-122.932942,46.133973],[-122.932982,46.13401],[-122.93307,46.134017],[-122.93307,46.134196],[-122.932963,46.134212],[-122.93294,46.134286],[-122.932485,46.134287],[-122.932432,46.134315],[-122.932422,46.134376],[-122.932293,46.134376],[-122.932224,46.134352],[-122.932082,46.13438],[-122.93204,46.134409],[-122.932034,46.134466],[-122.931918,46.13449],[-122.931904,46.134556],[-122.931775,46.134556],[-122.931752,46.134482],[-122.931646,46.134464],[-122.931646,46.134376],[-122.931748,46.134371],[-122.931794,46.134331],[-122.931776,46.134107],[-122.93181,46.134058],[-122.931776,46.134016],[-122.931776,46.133926],[-122.931905,46.133926],[-122.931974,46.13395],[-122.93213,46.133917],[-122.932164,46.133877],[-122.932164,46.133746],[-122.932542,46.133735],[-122.932594,46.13383],[-122.932777,46.133827],[-122.932811,46.133788],[-122.932806,46.13369],[-122.932742,46.133657],[-122.932564,46.133667],[-122.932553,46.133476],[-122.93266,46.13346],[-122.932683,46.133386],[-122.933036,46.133377],[-122.93307,46.133343],[-122.933071,46.133261],[-122.933048,46.133222],[-122.933001,46.133207],[-122.932683,46.133206],[-122.932622,46.133182],[-122.932553,46.133206],[-122.932424,46.133206],[-122.932406,46.133136],[-122.932295,46.133116],[-122.932285,46.133055],[-122.932232,46.133027],[-122.931648,46.133026],[-122.931638,46.132964],[-122.931577,46.132936],[-122.931,46.132935],[-122.931,46.132845],[-122.931217,46.132844],[-122.931271,46.132816],[-122.93126,46.132575],[-122.931578,46.132575],[-122.931635,46.132552],[-122.931683,46.132443],[-122.931648,46.132396],[-122.931649,46.132216],[-122.931778,46.132216],[-122.931839,46.13224],[-122.931907,46.132216],[-122.932037,46.132216],[-122.932098,46.13224],[-122.932166,46.132216],[-122.932296,46.132216],[-122.932313,46.132466],[-122.932365,46.132486],[-122.932621,46.132485],[-122.932682,46.132443],[-122.932684,46.132216],[-122.9328,46.132192],[-122.932812,46.13208],[-122.932751,46.132037],[-122.932425,46.132036],[-122.932426,46.131946],[-122.93246,46.131904],[-122.932426,46.131856],[-122.932426,46.131766],[-122.932555,46.131766],[-122.932564,46.131828],[-122.932618,46.131855],[-122.932943,46.131856],[-122.932965,46.132034],[-122.933018,46.13205],[-122.933202,46.132037],[-122.933211,46.132188],[-122.933257,46.132214],[-122.933331,46.132217],[-122.933331,46.132397],[-122.933202,46.132397],[-122.933167,46.132316],[-122.932989,46.132297],[-122.932944,46.132336],[-122.932943,46.132486],[-122.932908,46.132529],[-122.932942,46.132576],[-122.932942,46.132666],[-122.932813,46.132666],[-122.932804,46.132605],[-122.932751,46.132577],[-122.932609,46.132579],[-122.932556,46.13262],[-122.932567,46.132732],[-122.932683,46.132756],[-122.932672,46.132997],[-122.932718,46.133024],[-122.932812,46.133026],[-122.932822,46.133088],[-122.932875,46.133115],[-122.933166,46.133107],[-122.933201,46.133027],[-122.933317,46.133003],[-122.933331,46.132937],[-122.933442,46.132917],[-122.93346,46.132847],[-122.933572,46.132827],[-122.93359,46.132757],[-122.933937,46.132751],[-122.933977,46.132714],[-122.933978,46.132577],[-122.934108,46.132577]],[[-122.932682,46.134106],[-122.932763,46.134102],[-122.932805,46.134073],[-122.932789,46.133942],[-122.932734,46.133926],[-122.932446,46.133942],[-122.932403,46.13414],[-122.932425,46.13418],[-122.932634,46.134192],[-122.932676,46.134163],[-122.932682,46.134106]]]}},{"type":"Feature","properties":{"id":1,"area_m2":15000,"px":150,"rank":4,"persistent":false},"geometry":{"type":"Polygon","coordinates":[[[-122.936685,46.142389],[-122.936685,46.142479],[-122.936426,46.142479],[-122.936358,46.142454],[-122.936185,46.142498],[-122.936167,46.142658],[-122.936079,46.142665],[-122.936039,46.142702],[-122.936037,46.143018],[-122.935949,46.143025],[-122.935908,46.143067],[-122.935908,46.14333],[-122.935936,46.143366],[-122.936166,46.143378],[-122.936176,46.14344],[-122.936229,46.143467],[-122.936555,46.143469],[-122.936554,46.143829],[-122.93648,46.143831],[-122.936434,46.143857],[-122.936425,46.144009],[-122.936295,46.144008],[-122.936272,46.143934],[-122.93612,46.143896],[-122.935935,46.143931],[-122.935907,46.143967],[-122.935906,46.144188],[-122.935832,46.144191],[-122.935786,46.144217],[-122.935775,46.144368],[-122.935259,46.144368],[-122.935246,46.144302],[-122.935181,46.144278],[-122.935035,46.144287],[-122.935,46.144368],[-122.934871,46.144368],[-122.934871,46.144188],[-122.934945,46.144185],[-122.934991,46.144159],[-122.934994,46.144041],[-122.93493,46.144008],[-122.934674,46.144009],[-122.934621,46.144036],[-122.934578,46.144135],[-122.934612,46.144188],[-122.934611,46.144368],[-122.934223,46.144367],[-122.934223,46.144187],[-122.934318,46.144178],[-122.934353,46.144133],[-122.93435,46.143956],[-122.934305,46.143921],[-122.934224,46.143917],[-122.934224,46.143827],[-122.934336,46.143808],[-122.934353,46.143647],[-122.934435,46.143643],[-122.934477,46.143614],[-122.934483,46.143378],[-122.934572,46.143371],[-122.934611,46.143334],[-122.934613,46.143108],[-122.93472,46.143092],[-122.934744,46.143018],[-122.934872,46.143018],[-122.934878,46.143074],[-122.93492,46.143104],[-122.935083,46.143104],[-122.935125,46.143075],[-122.935131,46.143018],[-122.935226,46.143015],[-122.935272,46.142988],[-122.935261,46.142838],[-122.935574,46.142852],[-122.935643,46.142818],[-122.935664,46.142693],[-122.935615,46.142661],[-122.93552,46.142658],[-122.93552,46.142568],[-122.935744,46.142566],[-122.935798,46.142507],[-122.935761,46.142408],[-122.93565,46.142388],[-122.935637,46.142232],[-122.93552,46.142208],[-122.935521,46.142118],[-122.935909,46.142118],[-122.935912,46.14217],[-122.93595,46.142202],[-122.936168,46.142208],[-122.936177,46.14227],[-122.93623,46.142297],[-122.936556,46.142299],[-122.936579,46.142373],[-122.936685,46.142389]],[[-122.936106,46.143636],[-122.935907,46.143648],[-122.935907,46.143427],[-122.935873,46.143387],[-122.935649,46.143378],[-122.935639,46.143317],[-122.935586,46.143289],[-122.93526,46.143288],[-122.935226,46.143207],[-122.935079,46.143198],[-122.935005,46.143236],[-122.935001,46.143378],[-122.93492,46.143382],[-122.934877,46.143411],[-122.934871,46.143558],[-122.934797,46.14356],[-122.934751,46.143586],[-122.934742,46.143684],[-122.934776,46.143729],[-122.934871,46.143738],[-122.934859,46.143888],[-122.934906,46.143915],[-122.935,46.143918],[-122.935004,46.143969],[-122.935041,46.144001],[-122.935518,46.144008],[-122.935587,46.144032],[-122.935764,46.143984],[-122.935778,46.143828],[-122.936091,46.143842],[-122.936149,46.143822],[-122.93616,46.143668],[-122.936106,46.143636]],[[-122.935909,46.142478],[-122.935875,46.142515],[-122.935889,46.142555],[-122.935948,46.142581],[-122.936005,46.142572],[-122.936036,46.142539],[-122.936025,46.142489],[-122.93597,46.142465],[-122.935909,46.142478]]]}},{"type":"Feature","properties":{"id":53,"area_m2":6800,"px":68,"rank":5,"persistent":false},"geometry":{"type":"Polygon","coordinates":[[[-122.942129,46.136992],[-122.942129,46.137081],[-122.94194,46.137082],[-122.941883,46.137105],[-122.94187,46.137261],[-122.941652,46.137268],[-122.941614,46.1373],[-122.941611,46.137351],[-122.940902,46.137338],[-122.94084,46.137371],[-122.940834,46.137441],[-122.940705,46.137441],[-122.940701,46.137389],[-122.940664,46.137357],[-122.940316,46.137351],[-122.940294,46.137276],[-122.940187,46.13726],[-122.940187,46.137171],[-122.940316,46.137171],[-122.940322,46.137227],[-122.940372,46.137258],[-122.940627,46.137261],[-122.940692,46.137237],[-122.940716,46.13716],[-122.941282,46.137171],[-122.941346,46.137138],[-122.941347,46.136934],[-122.941305,46.136905],[-122.941223,46.136901],[-122.941214,46.13684],[-122.941161,46.136812],[-122.940863,46.136823],[-122.940835,46.13686],[-122.940834,46.136991],[-122.940728,46.137007],[-122.940694,46.137092],[-122.940576,46.137081],[-122.940553,46.137007],[-122.940446,46.136991],[-122.940446,46.136811],[-122.940671,46.136802],[-122.940738,46.136689],[-122.940688,46.136561],[-122.940576,46.136541],[-122.940576,46.136451],[-122.940671,46.136448],[-122.94072,46.136416],[-122.940706,46.136271],[-122.940965,46.136271],[-122.940968,46.136323],[-122.941006,46.136355],[-122.941224,46.136361],[-122.941246,46.136435],[-122.941353,46.136451],[-122.941333,46.136575],[-122.941355,46.136615],[-122.941612,46.136631],[-122.941634,46.136705],[-122.941741,46.136721],[-122.941764,46.136886],[-122.94187,46.136901],[-122.941876,46.136958],[-122.941918,46.136987],[-122.942129,46.136992]],[[-122.941744,46.136993],[-122.941686,46.136977],[-122.941628,46.136998],[-122.941612,46.137046],[-122.941639,46.137082],[-122.941701,46.137094],[-122.94176,46.137068],[-122.941775,46.137028],[-122.941744,46.136993]]]}},{"type":"Feature","properties":{"id":14,"area_m2":6400,"px":64,"rank":6,"persistent":false},"geometry":{"type":"Polygon","coordinates":[[[-122.941475,46.143291],[-122.941475,46.143381],[-122.941368,46.143397],[-122.941345,46.143471],[-122.941229,46.143495],[-122.941216,46.143561],[-122.940957,46.143561],[-122.940944,46.143495],[-122.940879,46.143471],[-122.940733,46.14348],[-122.940698,46.143561],[-122.940569,46.143561],[-122.940563,46.143504],[-122.940513,46.143473],[-122.939921,46.14347],[-122.939887,46.14339],[-122.939732,46.143381],[-122.939664,46.143424],[-122.939662,46.14365],[-122.939207,46.143651],[-122.939153,46.143679],[-122.939144,46.14374],[-122.938559,46.143741],[-122.938506,46.143768],[-122.938496,46.14383],[-122.938367,46.14383],[-122.938367,46.14356],[-122.938462,46.143551],[-122.938497,46.143506],[-122.938491,46.143323],[-122.938449,46.143294],[-122.938368,46.14329],[-122.938368,46.14302],[-122.938497,46.14302],[-122.938506,46.143261],[-122.938552,46.143287],[-122.938627,46.14329],[-122.938644,46.14336],[-122.938756,46.14338],[-122.938765,46.143441],[-122.938826,46.14347],[-122.939348,46.143468],[-122.939397,46.143437],[-122.939403,46.14338],[-122.939634,46.143368],[-122.939663,46.14329],[-122.939779,46.143266],[-122.939792,46.1432],[-122.940146,46.143191],[-122.94018,46.143152],[-122.940181,46.143021],[-122.940262,46.143017],[-122.940307,46.142982],[-122.94031,46.142841],[-122.94044,46.142841],[-122.94044,46.143021],[-122.940358,46.143025],[-122.940316,46.143054],[-122.94031,46.143242],[-122.940351,46.143284],[-122.940439,46.143291],[-122.940443,46.143342],[-122.94048,46.143374],[-122.940643,46.143379],[-122.940692,46.143348],[-122.940698,46.143291],[-122.940826,46.143291],[-122.940834,46.143348],[-122.940883,46.143379],[-122.941276,46.143381],[-122.941336,46.143353],[-122.941346,46.143291],[-122.941475,46.143291]]]}},{"type":"Feature","properties":{"id":6,"area_m2":5000,"px":50,"rank":7,"persistent":false},"geometry":{"type":"Polygon","coordinates":[[[-122.931246,46.143736],[-122.931245,46.143916],[-122.930987,46.143915],[-122.930977,46.143854],[-122.930924,46.143826],[-122.930646,46.143829],[-122.930599,46.143874],[-122.930598,46.144095],[-122.930394,46.144097],[-122.930345,46.144128],[-122.930339,46.144185],[-122.930209,46.144185],[-122.930207,46.143683],[-122.930147,46.143646],[-122.929951,46.143645],[-122.929942,46.143493],[-122.929896,46.143467],[-122.929822,46.143465],[-122.929822,46.143285],[-122.929929,46.143269],[-122.929952,46.143195],[-122.930068,46.143171],[-122.930081,46.143105],[-122.93034,46.143105],[-122.930341,46.143242],[-122.930381,46.143279],[-122.930858,46.143285],[-122.930858,46.143375],[-122.930763,46.143384],[-122.930728,46.143465],[-122.930654,46.143468],[-122.930608,46.143494],[-122.930621,46.143629],[-122.930676,46.143645],[-122.931116,46.143646],[-122.931139,46.14372],[-122.931246,46.143736]],[[-122.930374,46.143428],[-122.930334,46.143318],[-122.930292,46.143289],[-122.930104,46.143301],[-122.930081,46.143339],[-122.930103,46.143539],[-122.930158,46.143555],[-122.930317,46.143539],[-122.930374,46.143428]]]}},{"type":"Feature","properties":{"id":77,"area_m2":4000,"px":40,"rank":8,"persistent":false},"geometry":{"type":"Polygon","coordinates":[[[-122.941356,46.133481],[-122.941356,46.133571],[-122.941165,46.133558],[-122.941103,46.133591],[-122.941097,46.133841],[-122.941015,46.133845],[-122.940971,46.133879],[-122.940967,46.134111],[-122.940607,46.134123],[-122.940579,46.134159],[-122.940578,46.134291],[-122.940497,46.134295],[-122.940452,46.134329],[-122.940449,46.134471],[-122.940319,46.13447],[-122.940297,46.134396],[-122.94019,46.13438],[-122.94019,46.134291],[-122.940379,46.13429],[-122.940436,46.134267],[-122.940449,46.134111],[-122.940544,46.134102],[-122.940579,46.134057],[-122.940566,46.133955],[-122.94045,46.133931],[-122.94045,46.133841],[-122.940551,46.133828],[-122.940579,46.133751],[-122.940667,46.133744],[-122.940708,46.133702],[-122.9407,46.133509],[-122.940654,46.133483],[-122.940579,46.133481],[-122.940545,46.1334],[-122.94045,46.133391],[-122.94045,46.133211],[-122.940525,46.133208],[-122.940571,46.133182],[-122.94058,46.133031],[-122.940709,46.133031],[-122.940732,46.133105],[-122.940839,46.133121],[-122.940839,46.133342],[-122.940867,46.133379],[-122.941227,46.133391],[-122.941249,46.133465],[-122.941356,46.133481]]]}},{"type":"Feature","properties":{"id":89,"area_m2":3700,"px":37,"rank":9,"persistent":false},"geometry":{"type":"Polygon","coordinates":[[[-122.9433,46.131772],[-122.9433,46.131862],[-122.943205,46.131871],[-122.94317,46.131952],[-122.943075,46.131954],[-122.943026,46.131987],[-122.94304,46.132222],[-122.942844,46.132223],[-122.942791,46.13225],[-122.942781,46.132402],[-122.942675,46.132418],[-122.942619,46.132524],[-122.942652,46.132582],[-122.942651,46.132672],[-122.942545,46.132687],[-122.94252,46.132762],[-122.942393,46.132762],[-122.942387,46.132705],[-122.942337,46.132674],[-122.942134,46.132671],[-122.942134,46.132582],[-122.942222,46.132575],[-122.942262,46.132538],[-122.942264,46.132312],[-122.94246,46.132311],[-122.942519,46.132273],[-122.942523,46.132132],[-122.942557,46.132089],[-122.942523,46.132042],[-122.942523,46.131772],[-122.9433,46.131772]]]}},{"type":"Feature","properties":{"id":28,"area_m2":3200,"px":32,"rank":10,"persistent":false},"geometry":{"type":"Polygon","coordinates":[[[-122.929955,46.140495],[-122.929955,46.140675],[-122.92988,46.140677],[-122.929834,46.140703],[-122.929825,46.140855],[-122.929744,46.140859],[-122.929699,46.140893],[-122.929695,46.141035],[-122.929566,46.141034],[-122.929497,46.14101],[-122.929335,46.141047],[-122.929307,46.141083],[-122.929307,46.141304],[-122.9292,46.14132],[-122.929177,46.141394],[-122.929048,46.141394],[-122.929025,46.14132],[-122.928918,46.141304],[-122.928919,46.141034],[-122.929025,46.141018],[-122.929048,46.140944],[-122.929374,46.140943],[-122.929437,46.14089],[-122.929433,46.140803],[-122.929389,46.140769],[-122.929048,46.140764],[-122.929049,46.140584],[-122.929546,46.140578],[-122.929586,46.140534],[-122.929567,46.140405],[-122.929696,46.140405],[-122.929702,46.140461],[-122.929751,46.140492],[-122.929955,46.140495]]]}},{"type":"Feature","properties":{"id":44,"area_m2":3200,"px":32,"rank":11,"persistent":false},"geometry":{"type":"Polygon","coordinates":[[[-122.940574,46.137981],[-122.940574,46.138071],[-122.939592,46.138059],[-122.93954,46.1381],[-122.939538,46.13825],[-122.93928,46.13825],[-122.939257,46.138176],[-122.93915,46.13816],[-122.93915,46.13807],[-122.939232,46.138066],[-122.939276,46.138032],[-122.93928,46.13789],[-122.939361,46.137886],[-122.939404,46.137857],[-122.93941,46.13771],[-122.939539,46.13771],[-122.939548,46.137785],[-122.939614,46.137814],[-122.93977,46.137788],[-122.939798,46.13771],[-122.940057,46.137711],[-122.940118,46.137735],[-122.940186,46.137711],[-122.940316,46.137711],[-122.940329,46.137867],[-122.940445,46.137891],[-122.94048,46.137972],[-122.940574,46.137981]]]}},{"type":"Feature","properties":{"id":51,"area_m2":3000,"px":30,"rank":12,"persistent":false},"geometry":{"type":"Polygon","coordinates":[[[-122.931513,46.136626],[-122.931513,46.136896],[-122.931401,46.136915],[-122.931383,46.137076],[-122.931302,46.13708],[-122.93126,46.137109],[-122.931254,46.137345],[-122.931179,46.137348],[-122.931133,46.137374],[-122.931124,46.137525],[-122.930736,46.137525],[-122.930732,46.137474],[-122.930695,46.137442],[-122.930477,46.137435],[-122.930477,46.137345],[-122.930736,46.137345],[-122.93077,46.137426],[-122.930925,46.137435],[-122.930986,46.137407],[-122.930995,46.137345],[-122.931076,46.137341],[-122.931118,46.137312],[-122.931107,46.137185],[-122.930995,46.137165],[-122.930961,46.137084],[-122.930866,46.137075],[-122.930866,46.136895],[-122.930954,46.136889],[-122.930994,46.136852],[-122.930996,46.136625],[-122.931513,46.136626]]]}},{"type":"Feature","properties":{"id":36,"area_m2":2800,"px":28,"rank":13,"persistent":false},"geometry":{"type":"Polygon","coordinates":[[[-122.928792,46.138874],[-122.928791,46.139144],[-122.928561,46.139156],[-122.928532,46.139234],[-122.928451,46.139238],[-122.928409,46.139267],[-122.928403,46.139414],[-122.928273,46.139414],[-122.92827,46.139182],[-122.928226,46.139148],[-122.928144,46.139144],[-122.928135,46.138902],[-122.928089,46.138876],[-122.928015,46.138872],[-122.928015,46.138604],[-122.928132,46.13858],[-122.928145,46.138424],[-122.928252,46.138408],[-122.928275,46.138334],[-122.928404,46.138335],[-122.928404,46.138514],[-122.92833,46.138516],[-122.928284,46.138542],[-122.928287,46.13867],[-122.928404,46.138694],[-122.928407,46.138745],[-122.928445,46.138777],[-122.928662,46.138784],[-122.928685,46.138858],[-122.928792,46.138874]],[[-122.928552,46.139009],[-122.928527,46.138907],[-122.928478,46.138876],[-122.928329,46.138876],[-122.928277,46.138912],[-122.928277,46.139015],[-122.928329,46.139051],[-122.928519,46.139044],[-122.928552,46.139009]]]}},{"type":"Feature","properties":{"id":61,"area_m2":2400,"px":24,"rank":14,"persistent":false},"geometry":{"type":"Polygon","coordinates":[[[-122.945496,46.135823],[-122.945496,46.135913],[-122.945401,46.135922],[-122.945367,46.136003],[-122.945272,46.136005],[-122.945226,46.136033],[-122.945237,46.136183],[-122.94513,46.136199],[-122.945107,46.136273],[-122.945013,46.136282],[-122.944978,46.136363],[-122.944866,46.136383],[-122.944848,46.136453],[-122.944719,46.136453],[-122.94472,46.135913],[-122.944814,46.13591],[-122.944864,46.135878],[-122.944849,46.135643],[-122.944956,46.135627],[-122.944979,46.135553],[-122.945095,46.135529],[-122.945108,46.135463],[-122.945238,46.135463],[-122.945261,46.135537],[-122.945367,46.135553],[-122.945367,46.135643],[-122.94502,46.135649],[-122.94498,46.135686],[-122.944988,46.135794],[-122.945034,46.135821],[-122.945108,46.135823],[-122.945117,46.135884],[-122.945178,46.135913],[-122.945332,46.135904],[-122.945367,46.135823],[-122.945496,46.135823]]]}},{"type":"Feature","properties":{"id":67,"area_m2":1900,"px":19,"rank":15,"persistent":false},"geometry":{"type":"Polygon","coordinates":[[[-122.940448,46.134921],[-122.940448,46.135011],[-122.940252,46.135012],[-122.940198,46.135039],[-122.940189,46.13519],[-122.940101,46.135197],[-122.940061,46.135234],[-122.940059,46.13546],[-122.939801,46.13546],[-122.939778,46.135386],[-122.939671,46.13537],[-122.939671,46.13528],[-122.939778,46.135264],[-122.939801,46.13519],[-122.939997,46.135189],[-122.940054,46.135157],[-122.940059,46.134874],[-122.940019,46.134837],[-122.939931,46.13483],[-122.939931,46.13474],[-122.940037,46.134725],[-122.94006,46.13465],[-122.940177,46.134626],[-122.94019,46.134561],[-122.940319,46.134561],[-122.940319,46.134741],[-122.940287,46.134799],[-122.940342,46.134905],[-122.940448,46.134921]]]}},{"type":"Feature","properties":{"id":19,"area_m2":1800,"px":18,"rank":16,"persistent":false},"geometry":{"type":"Polygon","coordinates":[[[-122.932411,46.143376],[-122.932411,46.143466],[-122.931894,46.143466],[-122.931817,46.143442],[-122.931663,46.143478],[-122.931634,46.143556],[-122.931505,46.143556],[-122.931482,46.143392],[-122.931246,46.143376],[-122.931224,46.143301],[-122.931117,46.143285],[-122.931117,46.143106],[-122.931376,46.143106],[-122.931377,46.143242],[-122.931431,46.143283],[-122.932153,46.143286],[-122.932156,46.143338],[-122.932194,46.14337],[-122.932411,46.143376]]]}},{"type":"Feature","properties":{"id":69,"area_m2":1800,"px":18,"rank":17,"persistent":false},"geometry":{"type":"Polygon","coordinates":[[[-122.946015,46.134473],[-122.946015,46.134833],[-122.945927,46.13484],[-122.945887,46.134877],[-122.945885,46.135193],[-122.945811,46.135196],[-122.945765,46.135222],[-122.945756,46.135373],[-122.945626,46.135373],[-122.945627,46.135193],[-122.945715,46.135187],[-122.945755,46.13515],[-122.945756,46.134868],[-122.945696,46.134821],[-122.945497,46.134833],[-122.945498,46.134563],[-122.945681,46.134577],[-122.945735,46.134561],[-122.945757,46.134383],[-122.945886,46.134383],[-122.945909,46.134458],[-122.946015,46.134473]]]}},{"type":"Feature","properties":{"id":91,"area_m2":1600,"px":16,"rank":18,"persistent":false},"geometry":{"type":"Polygon","coordinates":[[[-122.93618,46.131948],[-122.936179,46.132038],[-122.935955,46.132047],[-122.93592,46.132128],[-122.935804,46.132152],[-122.935791,46.132218],[-122.935532,46.132218],[-122.93554,46.132063],[-122.935482,46.132038],[-122.935273,46.132038],[-122.93527,46.131896],[-122.935226,46.131862],[-122.935144,46.131858],[-122.935144,46.131768],[-122.935403,46.131768],[-122.935409,46.131838],[-122.935463,46.13187],[-122.935921,46.131858],[-122.935924,46.13191],[-122.935962,46.131942],[-122.93618,46.131948]]]}},{"type":"Feature","properties":{"id":64,"area_m2":1500,"px":15,"rank":19,"persistent":false},"geometry":{"type":"Polygon","coordinates":[[[-122.93022,46.135635],[-122.93022,46.135815],[-122.930146,46.135817],[-122.9301,46.135843],[-122.93009,46.135995],[-122.930009,46.135999],[-122.929964,46.136033],[-122.92996,46.136175],[-122.929831,46.136175],[-122.929831,46.135905],[-122.929948,46.135881],[-122.929961,46.135773],[-122.929906,46.135727],[-122.929702,46.135724],[-122.929702,46.135545],[-122.929809,46.135529],[-122.929832,46.135455],[-122.929961,46.135455],[-122.929984,46.135529],[-122.930091,46.135545],[-122.930125,46.135626],[-122.93022,46.135635]]]}},{"type":"Feature","properties":{"id":8,"area_m2":1400,"px":14,"rank":20,"persistent":false},"geometry":{"type":"Polygon","coordinates":[[[-122.940957,46.143741],[-122.940957,46.143831],[-122.940862,46.14384],[-122.940827,46.143921],[-122.940753,46.143923],[-122.940707,46.143949],[-122.940697,46.144101],[-122.940439,46.144101],[-122.940458,46.143971],[-122.940411,46.143925],[-122.94005,46.14392],[-122.940051,46.143741],[-122.940439,46.143741],[-122.940452,46.143807],[-122.940516,46.143831],[-122.940663,46.143822],[-122.940698,46.143741],[-122.940957,46.143741]]]}},{"type":"Feature","properties":{"id":21,"area_m2":1200,"px":12,"rank":21,"persistent":false},"geometry":{"type":"Polygon","coordinates":[[[-122.941346,46.142751],[-122.941346,46.142841],[-122.941087,46.142841],[-122.941065,46.142677],[-122.940829,46.142661],[-122.940806,46.142587],[-122.940699,46.142571],[-122.940699,46.142391],[-122.941088,46.142391],[-122.941097,46.142543],[-122.941143,46.142569],[-122.941217,46.142571],[-122.941234,46.142731],[-122.941346,46.142751]]]}},{"type":"Feature","properties":{"id":49,"area_m2":1200,"px":12,"rank":22,"persistent":false},"geometry":{"type":"Polygon","coordinates":[[[-122.942517,46.137352],[-122.942517,46.137532],[-122.942054,46.137534],[-122.942005,46.137565],[-122.941999,46.137621],[-122.941795,46.137624],[-122.941746,46.137655],[-122.94174,46.137711],[-122.941611,46.137711],[-122.941611,46.137621],[-122.941717,46.137606],[-122.94174,46.137531],[-122.941835,46.137522],[-122.94187,46.137441],[-122.941982,46.137422],[-122.941999,46.137352],[-122.942517,46.137352]]]}},{"type":"Feature","properties":{"id":9,"area_m2":1100,"px":11,"rank":23,"persistent":false},"geometry":{"type":"Polygon","coordinates":[[[-122.937072,46.143649],[-122.937072,46.143919],[-122.936965,46.143935],[-122.936942,46.144009],[-122.936684,46.144009],[-122.936684,46.143649],[-122.937072,46.143649]]]}},{"type":"Feature","properties":{"id":22,"area_m2":1000,"px":10,"rank":24,"persistent":false},"geometry":{"type":"Polygon","coordinates":[[[-122.939016,46.1423],[-122.939016,46.14239],[-122.938921,46.142399],[-122.938886,46.14248],[-122.938805,46.142484],[-122.93876,46.142518],[-122.938757,46.14284],[-122.938627,46.14284],[-122.938626,46.142613],[-122.938586,46.142576],[-122.938498,46.14257],[-122.938498,46.14239],[-122.938716,46.142383],[-122.938754,46.142352],[-122.938757,46.1423],[-122.939016,46.1423]]]}},{"type":"Feature","properties":{"id":78,"area_m2":1000,"px":10,"rank":25,"persistent":false},"geometry":{"type":"Polygon","coordinates":[[[-122.929186,46.134284],[-122.929186,46.134374],[-122.929079,46.13439],[-122.929056,46.134464],[-122.928929,46.134464],[-122.928927,46.134333],[-122.928893,46.134293],[-122.928539,46.134284],[-122.928539,46.133924],[-122.928669,46.133924],[-122.928669,46.134145],[-122.928697,46.134182],[-122.929057,46.134194],[-122.929079,46.134268],[-122.929186,46.134284]]]}},{"type":"Feature","properties":{"id":80,"area_m2":1000,"px":10,"rank":26,"persistent":false},"geometry":{"type":"Polygon","coordinates":[[[-122.929963,46.133925],[-122.929963,46.134015],[-122.929868,46.134024],[-122.929834,46.134105],[-122.929759,46.134107],[-122.929713,46.134133],[-122.929704,46.134284],[-122.929575,46.134284],[-122.929573,46.134058],[-122.929534,46.134021],[-122.929446,46.134014],[-122.929446,46.133834],[-122.929575,46.133834],[-122.929636,46.133859],[-122.929705,46.133835],[-122.929834,46.133835],[-122.929857,46.133909],[-122.929963,46.133925]]]}},{"type":"Feature","properties":{"id":82,"area_m2":1000,"px":10,"rank":27,"persistent":false},"geometry":{"type":"Polygon","coordinates":[[[-122.931258,46.133566],[-122.931258,46.133655],[-122.931062,46.133656],[-122.931008,46.133684],[-122.930999,46.133925],[-122.930911,46.133932],[-122.930871,46.133969],[-122.930869,46.134195],[-122.93074,46.134195],[-122.93074,46.133925],[-122.930829,46.133919],[-122.930869,46.133877],[-122.93087,46.133475],[-122.930999,46.133475],[-122.931005,46.133532],[-122.931055,46.133563],[-122.931258,46.133566]]]}},{"type":"Feature","properties":{"id":17,"area_m2":900,"px":9,"rank":28,"persistent":false},"geometry":{"type":"Polygon","coordinates":[[[-122.941993,46.143382],[-122.941993,46.143561],[-122.941918,46.143564],[-122.941872,46.14359],[-122.941863,46.143741],[-122.941734,46.143741],[-122.941733,46.143425],[-122.941693,46.143388],[-122.941605,46.143381],[-122.941605,46.143291],[-122.941711,46.143276],[-122.941734,46.143201],[-122.941864,46.143202],[-122.941873,46.143353],[-122.941919,46.143379],[-122.941993,46.143382]]]}},{"type":"Feature","properties":{"id":52,"area_m2":900,"px":9,"rank":29,"persistent":false},"geometry":{"type":"Polygon","coordinates":[[[-122.928923,46.137254],[-122.928923,46.137434],[-122.928816,46.13745],[-122.928794,46.137524],[-122.928535,46.137524],[-122.928535,46.137254],[-122.928642,46.137238],[-122.928665,46.137164],[-122.928794,46.137164],[-122.928817,46.137238],[-122.928923,46.137254]]]}},{"type":"Feature","properties":{"id":66,"area_m2":900,"px":9,"rank":30,"persistent":false},"geometry":{"type":"Polygon","coordinates":[[[-122.929055,46.135274],[-122.929055,46.135454],[-122.928701,46.135463],[-122.928667,46.135544],[-122.928585,46.135548],[-122.928543,46.135577],[-122.928537,46.135724],[-122.928408,46.135724],[-122.928408,46.135454],[-122.928632,46.135445],[-122.928667,46.135364],[-122.928783,46.13534],[-122.928797,46.135274],[-122.929055,46.135274]]]}},{"type":"Feature","properties":{"id":73,"area_m2":900,"px":9,"rank":31,"persistent":false},"geometry":{"type":"Polygon","coordinates":[[[-122.932422,46.134556],[-122.932422,46.134736],[-122.932315,46.134752],[-122.932292,46.134826],[-122.931775,46.134826],[-122.931775,46.134646],[-122.932034,46.134646],[-122.93211,46.13467],[-122.932264,46.134634],[-122.932293,46.134556],[-122.932422,46.134556]]]}},{"type":"Feature","properties":{"id":81,"area_m2":900,"px":9,"rank":32,"persistent":false},"geometry":{"type":"Polygon","coordinates":[[[-122.946146,46.133843],[-122.946145,46.133933],[-122.94578,46.133949],[-122.945757,46.134023],[-122.945676,46.134027],[-122.945634,46.134057],[-122.945627,46.134203],[-122.945369,46.134203],[-122.945369,46.134023],[-122.945605,46.134007],[-122.945628,46.133843],[-122.946146,46.133843]]]}},{"type":"Feature","properties":{"id":43,"area_m2":800,"px":8,"rank":33,"persistent":false},"geometry":{"type":"Polygon","coordinates":[[[-122.930735,46.137975],[-122.930735,46.138065],[-122.930623,46.138085],[-122.930585,46.138189],[-122.930626,46.138238],[-122.930735,46.138245],[-122.930734,46.138335],[-122.930628,46.138351],[-122.930605,46.138425],[-122.930476,46.138425],[-122.930467,46.138274],[-122.930421,46.138247],[-122.930346,46.138244],[-122.930346,46.138155],[-122.930428,46.138151],[-122.930473,46.138117],[-122.930476,46.137885],[-122.930606,46.137885],[-122.930628,46.137959],[-122.930735,46.137975]]]}},{"type":"Feature","properties":{"id":55,"area_m2":800,"px":8,"rank":34,"persistent":false},"geometry":{"type":"Polygon","coordinates":[[[-122.943165,46.136812],[-122.943165,46.136992],[-122.942929,46.137008],[-122.942906,46.137262],[-122.942776,46.137262],[-122.942777,46.136902],[-122.942883,46.136886],[-122.942906,46.136812],[-122.943165,46.136812]]]}},{"type":"Feature","properties":{"id":56,"area_m2":800,"px":8,"rank":35,"persistent":false},"geometry":{"type":"Polygon","coordinates":[[[-122.940187,46.136721],[-122.940187,46.13699],[-122.940106,46.136995],[-122.940061,46.137029],[-122.940057,46.13726],[-122.939928,46.13726],[-122.939925,46.137119],[-122.93988,46.137084],[-122.939799,46.13708],[-122.939799,46.13699],[-122.939894,46.136981],[-122.939928,46.1369],[-122.940045,46.136876],[-122.940058,46.136721],[-122.940187,46.136721]]]}},{"type":"Feature","properties":{"id":86,"area_m2":800,"px":8,"rank":36,"persistent":false},"geometry":{"type":"Polygon","coordinates":[[[-122.9398,46.133032],[-122.939768,46.133078],[-122.939803,46.13312],[-122.939803,46.1333],[-122.939415,46.1333],[-122.939415,46.13321],[-122.939496,46.133206],[-122.939541,46.133172],[-122.939544,46.13303],[-122.939626,46.133026],[-122.939668,46.132997],[-122.939674,46.13285],[-122.939803,46.13285],[-122.9398,46.133032]]]}},{"type":"Feature","properties":{"id":90,"area_m2":800,"px":8,"rank":37,"persistent":false},"geometry":{"type":"Polygon","coordinates":[[[-122.941358,46.131861],[-122.941358,46.132041],[-122.941269,46.132047],[-122.94123,46.132084],[-122.941228,46.132401],[-122.941098,46.132401],[-122.941093,46.132344],[-122.941043,46.132313],[-122.94084,46.132311],[-122.94084,46.132221],[-122.941028,46.132221],[-122.941085,46.132197],[-122.941099,46.132041],[-122.94118,46.132037],[-122.941225,46.132003],[-122.941228,46.131861],[-122.941358,46.131861]]]}},{"type":"Feature","properties":{"id":18,"area_m2":700,"px":7,"rank":38,"persistent":false},"geometry":{"type":"Polygon","coordinates":[[[-122.937461,46.143199],[-122.937461,46.143289],[-122.937373,46.143295],[-122.937333,46.143333],[-122.937331,46.143649],[-122.937202,46.143649],[-122.937203,46.143109],[-122.937332,46.143109],[-122.937355,46.143183],[-122.937461,46.143199]]]}},{"type":"Feature","properties":{"id":40,"area_m2":700,"px":7,"rank":39,"persistent":false},"geometry":{"type":"Polygon","coordinates":[[[-122.937725,46.138789],[-122.937725,46.138879],[-122.937466,46.138879],[-122.937457,46.138818],[-122.937404,46.13879],[-122.936949,46.138789],[-122.936949,46.138699],[-122.937596,46.138699],[-122.937619,46.138773],[-122.937725,46.138789]]]}},{"type":"Feature","properties":{"id":47,"area_m2":700,"px":7,"rank":40,"persistent":false},"geometry":{"type":"Polygon","coordinates":[[[-122.931512,46.137616],[-122.931512,46.137886],[-122.931405,46.137901],[-122.931382,46.137976],[-122.931253,46.137975],[-122.93125,46.137834],[-122.931205,46.1378],[-122.931124,46.137795],[-122.931124,46.137705],[-122.931328,46.137703],[-122.931377,46.137672],[-122.931383,46.137616],[-122.931512,46.137616]]]}},{"type":"Feature","properties":{"id":57,"area_m2":700,"px":7,"rank":41,"persistent":false},"geometry":{"type":"Polygon","coordinates":[[[-122.945884,46.136723],[-122.945884,46.136903],[-122.945495,46.136903],[-122.945473,46.136829],[-122.945366,46.136813],[-122.945366,46.136723],[-122.945884,46.136723]]]}},{"type":"Feature","properties":{"id":65,"area_m2":700,"px":7,"rank":42,"persistent":false},"geometry":{"type":"Polygon","coordinates":[[[-122.929702,46.135905],[-122.929702,46.136084],[-122.928925,46.136084],[-122.928925,46.135994],[-122.92951,46.135993],[-122.929563,46.135966],[-122.929573,46.135905],[-122.929702,46.135905]]]}},{"type":"Feature","properties":{"id":75,"area_m2":700,"px":7,"rank":43,"persistent":false},"geometry":{"type":"Polygon","coordinates":[[[-122.93294,46.134377],[-122.93294,46.134646],[-122.932833,46.134662],[-122.93281,46.134736],[-122.932552,46.134736],[-122.932552,46.134646],[-122.932633,46.134642],[-122.932678,46.134608],[-122.932681,46.134466],[-122.932788,46.134451],[-122.932811,46.134376],[-122.93294,46.134377]]]}},{"type":"Feature","properties":{"id":84,"area_m2":700,"px":7,"rank":44,"persistent":false},"geometry":{"type":"Polygon","coordinates":[[[-122.937732,46.133209],[-122.937731,46.133389],[-122.937643,46.133395],[-122.937603,46.133433],[-122.937601,46.133749],[-122.937472,46.133749],[-122.937473,46.133299],[-122.937579,46.133283],[-122.937602,46.133209],[-122.937732,46.133209]]]}},{"type":"Feature","properties":{"id":26,"area_m2":600,"px":6,"rank":45,"persistent":false},"geometry":{"type":"Polygon","coordinates":[[[-122.939405,46.14149],[-122.939405,46.14158],[-122.939079,46.141581],[-122.939026,46.141609],[-122.939017,46.14167],[-122.938758,46.14167],[-122.938758,46.14158],[-122.938865,46.141564],[-122.938888,46.14149],[-122.939405,46.14149]]]}},{"type":"Feature","properties":{"id":30,"area_m2":600,"px":6,"rank":46,"persistent":false},"geometry":{"type":"Polygon","coordinates":[[[-122.937852,46.140769],[-122.937852,46.141219],[-122.937593,46.141219],[-122.937593,46.141129],[-122.937682,46.141123],[-122.937721,46.141086],[-122.937723,46.140769],[-122.937852,46.140769]]]}},{"type":"Feature","properties":{"id":38,"area_m2":600,"px":6,"rank":47,"persistent":false},"geometry":{"type":"Polygon","coordinates":[[[-122.930345,46.139145],[-122.930345,46.139325],[-122.930086,46.139325],[-122.930083,46.139183],[-122.930038,46.139149],[-122.929957,46.139145],[-122.929957,46.139055],[-122.930216,46.139055],[-122.930238,46.139129],[-122.930345,46.139145]]]}},{"type":"Feature","properties":{"id":48,"area_m2":600,"px":6,"rank":48,"persistent":false},"geometry":{"type":"Polygon","coordinates":[[[-122.930088,46.137525],[-122.930088,46.137795],[-122.929829,46.137795],[-122.929829,46.137525],[-122.930088,46.137525]]]}},{"type":"Feature","properties":{"id":3,"area_m2":500,"px":5,"rank":49,"persistent":false},"geometry":{"type":"Polygon","coordinates":[[[-122.929821,46.144275],[-122.929821,46.144365],[-122.929562,46.144365],[-122.929556,46.144308],[-122.929507,46.144277],[-122.929371,46.14425],[-122.929303,46.144274],[-122.929173,46.144274],[-122.929174,46.144184],[-122.92928,46.144169],[-122.929303,46.144094],[-122.929432,46.144095],[-122.929446,46.14416],[-122.929562,46.144185],[-122.929596,46.144265],[-122.929821,46.144275]]]}},{"type":"Feature","properties":{"id":16,"area_m2":500,"px":5,"rank":50,"persistent":false},"geometry":{"type":"Polygon","coordinates":[[[-122.942511,46.143562],[-122.942511,46.143652],[-122.942404,46.143668],[-122.942381,46.143742],[-122.942122,46.143742],[-122.942122,46.143652],[-122.942204,46.143648],[-122.942248,46.143613],[-122.942252,46.143472],[-122.942381,46.143472],[-122.942404,46.143546],[-122.942511,46.143562]]]}},{"type":"Feature","properties":{"id":29,"area_m2":500,"px":5,"rank":51,"persistent":false},"geometry":{"type":"Polygon","coordinates":[[[-122.941089,46.141131],[-122.941089,46.141311],[-122.940959,46.141311],[-122.940898,46.141287],[-122.94083,46.141311],[-122.940701,46.141311],[-122.940701,46.141131],[-122.941089,46.141131]]]}},{"type":"Feature","properties":{"id":34,"area_m2":500,"px":5,"rank":52,"persistent":false},"geometry":{"type":"Polygon","coordinates":[[[-122.940443,46.139871],[-122.940443,46.139961],[-122.939925,46.13996],[-122.939925,46.13978],[-122.940055,46.139781],[-122.940064,46.139842],[-122.940117,46.139869],[-122.940443,46.139871]]]}},{"type":"Feature","properties":{"id":59,"area_m2":500,"px":5,"rank":53,"persistent":false},"geometry":{"type":"Polygon","coordinates":[[[-122.942259,46.136632],[-122.942259,46.136722],[-122.941871,46.136721],[-122.941871,46.136541],[-122.94213,46.136542],[-122.942152,46.136616],[-122.942259,46.136632]]]}},{"type":"Feature","properties":{"id":63,"area_m2":500,"px":5,"rank":54,"persistent":false},"geometry":{"type":"Polygon","coordinates":[[[-122.928925,46.136174],[-122.928925,46.136264],[-122.928818,46.13628],[-122.928795,46.136354],[-122.928666,46.136354],[-122.928643,46.13628],[-122.928536,46.136264],[-122.928537,46.136174],[-122.928643,46.136158],[-122.928666,46.136084],[-122.928795,46.136084],[-122.928818,46.136158],[-122.928925,46.136174]]]}},{"type":"Feature","properties":{"id":79,"area_m2":500,"px":5,"rank":55,"persistent":false},"geometry":{"type":"Polygon","coordinates":[[[-122.946145,46.134023],[-122.946145,46.134383],[-122.946016,46.134383],[-122.946014,46.134157],[-122.945975,46.13412],[-122.945887,46.134113],[-122.945887,46.134023],[-122.946145,46.134023]]]}},{"type":"Feature","properties":{"id":87,"area_m2":500,"px":5,"rank":56,"persistent":false},"geometry":{"type":"Polygon","coordinates":[[[-122.946147,46.132763],[-122.946146,46.132943],[-122.945888,46.132943],[-122.945865,46.132869],[-122.945758,46.132853],[-122.945758,46.132763],[-122.946147,46.132763]]]}},{"type":"Feature","properties":{"id":4,"area_m2":400,"px":4,"rank":57,"persistent":false},"geometry":{"type":"Polygon","coordinates":[[[-122.928655,46.144274],[-122.928655,46.144364],[-122.928137,46.144364],[-122.928138,46.144274],[-122.928655,46.144274]]]}},{"type":"Feature","properties":{"id":10,"area_m2":400,"px":4,"rank":58,"persistent":false},"geometry":{"type":"Polygon","coordinates":[[[-122.932799,46.143737],[-122.932799,46.143826],[-122.932718,46.143831],[-122.932673,46.143865],[-122.93267,46.144006],[-122.93254,46.144006],[-122.932541,46.143736],[-122.932799,46.143737]]]}},{"type":"Feature","properties":{"id":20,"area_m2":400,"px":4,"rank":59,"persistent":false},"geometry":{"type":"Polygon","coordinates":[[[-122.936814,46.142749],[-122.936814,46.142839],[-122.936708,46.142855],[-122.936685,46.142929],[-122.936555,46.142929],[-122.936556,46.142659],[-122.936685,46.142659],[-122.936708,46.142733],[-122.936814,46.142749]]]}},{"type":"Feature","properties":{"id":24,"area_m2":400,"px":4,"rank":60,"persistent":false},"geometry":{"type":"Polygon","coordinates":[[[-122.936039,46.141758],[-122.936039,46.141848],[-122.935932,46.141864],[-122.935909,46.141938],[-122.93578,46.141938],[-122.93578,46.141668],[-122.935909,46.141668],[-122.935932,46.141742],[-122.936039,46.141758]]]}},{"type":"Feature","properties":{"id":27,"area_m2":400,"px":4,"rank":61,"persistent":false},"geometry":{"type":"Polygon","coordinates":[[[-122.937075,46.141309],[-122.937075,46.141579],[-122.936968,46.141595],[-122.936945,46.141669],[-122.936816,46.141669],[-122.936816,46.141579],[-122.936904,46.141572],[-122.936944,46.141535],[-122.936946,46.141309],[-122.937075,46.141309]]]}},{"type":"Feature","properties":{"id":31,"area_m2":400,"px":4,"rank":62,"persistent":false},"geometry":{"type":"Polygon","coordinates":[[[-122.92866,46.140404],[-122.92866,46.140494],[-122.928554,46.14051],[-122.928531,46.140584],[-122.928401,46.140584],[-122.928379,46.14051],[-122.928272,46.140494],[-122.928272,46.140404],[-122.92866,46.140404]]]}},{"type":"Feature","properties":{"id":33,"area_m2":400,"px":4,"rank":63,"persistent":false},"geometry":{"type":"Polygon","coordinates":[[[-122.939407,46.14023],[-122.939407,46.14032],[-122.9393,46.140336],[-122.939277,46.14041],[-122.938889,46.14041],[-122.938889,46.14032],[-122.939215,46.140319],[-122.939268,46.140292],[-122.939277,46.14023],[-122.939407,46.14023]]]}},{"type":"Feature","properties":{"id":37,"area_m2":400,"px":4,"rank":64,"persistent":false},"geometry":{"type":"Polygon","coordinates":[[[-122.940444,46.139151],[-122.940444,46.139331],[-122.940055,46.13933],[-122.940055,46.139241],[-122.940259,46.139238],[-122.940308,46.139207],[-122.940314,46.139151],[-122.940444,46.139151]]]}},{"type":"Feature","properties":{"id":39,"area_m2":400,"px":4,"rank":65,"persistent":false},"geometry":{"type":"Polygon","coordinates":[[[-122.940833,46.138791],[-122.940832,46.139061],[-122.940573,46.139061],[-122.940574,46.138971],[-122.940655,46.138967],[-122.9407,46.138932],[-122.940703,46.138791],[-122.940833,46.138791]]]}},{"type":"Feature","properties":{"id":41,"area_m2":400,"px":4,"rank":66,"persistent":false},"geometry":{"type":"Polygon","coordinates":[[[-122.936042,46.138788],[-122.936042,46.138878],[-122.935524,46.138878],[-122.935524,46.138788],[-122.936042,46.138788]]]}},{"type":"Feature","properties":{"id":46,"area_m2":400,"px":4,"rank":67,"persistent":false},"geometry":{"type":"Polygon","coordinates":[[[-122.93203,46.137796],[-122.93203,46.137976],[-122.9319,46.137976],[-122.931894,46.137919],[-122.931845,46.137888],[-122.931642,46.137886],[-122.931642,46.137796],[-122.93203,46.137796]]]}},{"type":"Feature","properties":{"id":54,"area_m2":400,"px":4,"rank":68,"persistent":false},"geometry":{"type":"Polygon","coordinates":[[[-122.939669,46.13726],[-122.939669,46.13744],[-122.939539,46.13744],[-122.939534,46.137384],[-122.939484,46.137352],[-122.939281,46.13735],[-122.939281,46.13726],[-122.939669,46.13726]]]}},{"type":"Feature","properties":{"id":62,"area_m2":400,"px":4,"rank":69,"persistent":false},"geometry":{"type":"Polygon","coordinates":[[[-122.930737,46.136265],[-122.930737,46.136355],[-122.930349,46.136355],[-122.930349,46.136265],[-122.930456,46.136249],[-122.930478,46.136175],[-122.930608,46.136175],[-122.93063,46.136249],[-122.930737,46.136265]]]}},{"type":"Feature","properties":{"id":68,"area_m2":400,"px":4,"rank":70,"persistent":false},"geometry":{"type":"Polygon","coordinates":[[[-122.932033,46.135276],[-122.932033,46.135456],[-122.931903,46.135456],[-122.931897,46.135399],[-122.931848,46.135368],[-122.931645,46.135366],[-122.931645,46.135276],[-122.932033,46.135276]]]}},{"type":"Feature","properties":{"id":72,"area_m2":400,"px":4,"rank":71,"persistent":false},"geometry":{"type":"Polygon","coordinates":[[[-122.93035,46.135005],[-122.93035,46.135185],[-122.929962,46.135185],[-122.929962,46.135095],[-122.930166,46.135092],[-122.930215,46.135062],[-122.930221,46.135005],[-122.93035,46.135005]]]}},{"type":"Feature","properties":{"id":85,"area_m2":400,"px":4,"rank":72,"persistent":false},"geometry":{"type":"Polygon","coordinates":[[[-122.928669,46.133384],[-122.928669,46.133474],[-122.928581,46.13348],[-122.928541,46.133517],[-122.928539,46.133744],[-122.92841,46.133744],[-122.928411,46.133474],[-122.928517,46.133458],[-122.92854,46.133384],[-122.928669,46.133384]]]}},{"type":"Feature","properties":{"id":2,"area_m2":300,"px":3,"rank":73,"persistent":false},"geometry":{"type":"Polygon","coordinates":[[[-122.932022,46.144186],[-122.932022,46.144366],[-122.931763,46.144366],[-122.931763,46.144276],[-122.93187,46.14426],[-122.931893,46.144186],[-122.932022,46.144186]]]}},{"type":"Feature","properties":{"id":5,"area_m2":300,"px":3,"rank":74,"persistent":false},"geometry":{"type":"Polygon","coordinates":[[[-122.932669,46.144186],[-122.932669,46.144276],[-122.93241,46.144276],[-122.932388,46.144202],[-122.932281,46.144186],[-122.932281,46.144096],[-122.932411,46.144096],[-122.932416,46.144153],[-122.932466,46.144184],[-122.932669,46.144186]]]}},{"type":"Feature","properties":{"id":11,"area_m2":300,"px":3,"rank":75,"persistent":false},"geometry":{"type":"Polygon","coordinates":[[[-122.929951,46.143825],[-122.92995,46.144005],[-122.929821,46.144005],[-122.929798,46.143931],[-122.929692,46.143915],[-122.929692,46.143825],[-122.929951,46.143825]]]}},{"type":"Feature","properties":{"id":12,"area_m2":300,"px":3,"rank":76,"persistent":false},"geometry":{"type":"Polygon","coordinates":[[[-122.929562,46.143825],[-122.929562,46.144004],[-122.929303,46.144004],[-122.929303,46.143914],[-122.92941,46.143899],[-122.929433,46.143825],[-122.929562,46.143825]]]}},{"type":"Feature","properties":{"id":13,"area_m2":300,"px":3,"rank":77,"persistent":false},"geometry":{"type":"Polygon","coordinates":[[[-122.938238,46.14374],[-122.938237,46.14383],[-122.938131,46.143845],[-122.938108,46.143919],[-122.937979,46.143919],[-122.937979,46.143739],[-122.938238,46.14374]]]}},{"type":"Feature","properties":{"id":15,"area_m2":300,"px":3,"rank":78,"persistent":false},"geometry":{"type":"Polygon","coordinates":[[[-122.931634,46.143646],[-122.931634,46.143826],[-122.931375,46.143826],[-122.931375,46.143736],[-122.931482,46.14372],[-122.931505,46.143646],[-122.931634,46.143646]]]}},{"type":"Feature","properties":{"id":23,"area_m2":300,"px":3,"rank":79,"persistent":false},"geometry":{"type":"Polygon","coordinates":[[[-122.939146,46.14203],[-122.939146,46.14221],[-122.939016,46.14221],[-122.938994,46.142136],[-122.938887,46.14212],[-122.938887,46.14203],[-122.939146,46.14203]]]}},{"type":"Feature","properties":{"id":25,"area_m2":300,"px":3,"rank":80,"persistent":false},"geometry":{"type":"Polygon","coordinates":[[[-122.928141,46.141484],[-122.928141,46.141754],[-122.928011,46.141754],[-122.928012,46.141484],[-122.928141,46.141484]]]}},{"type":"Feature","properties":{"id":32,"area_m2":300,"px":3,"rank":81,"persistent":false},"geometry":{"type":"Polygon","coordinates":[[[-122.937465,46.140319],[-122.937464,46.140499],[-122.937206,46.140499],[-122.937206,46.140409],[-122.937312,46.140393],[-122.937335,46.140319],[-122.937465,46.140319]]]}},{"type":"Feature","properties":{"id":35,"area_m2":300,"px":3,"rank":82,"persistent":false},"geometry":{"type":"Polygon","coordinates":[[[-122.930345,46.139415],[-122.930344,46.139685],[-122.930215,46.139685],[-122.930215,46.139415],[-122.930345,46.139415]]]}},{"type":"Feature","properties":{"id":42,"area_m2":300,"px":3,"rank":83,"persistent":false},"geometry":{"type":"Polygon","coordinates":[[[-122.940056,46.138431],[-122.940056,46.1387],[-122.939927,46.1387],[-122.939927,46.13843],[-122.940056,46.138431]]]}},{"type":"Feature","properties":{"id":45,"area_m2":300,"px":3,"rank":84,"persistent":false},"geometry":{"type":"Polygon","coordinates":[[[-122.928146,46.137794],[-122.928145,46.138064],[-122.928016,46.138063],[-122.928017,46.137794],[-122.928146,46.137794]]]}},{"type":"Feature","properties":{"id":50,"area_m2":300,"px":3,"rank":85,"persistent":false},"geometry":{"type":"Polygon","coordinates":[[[-122.93928,46.13744],[-122.93928,46.13753],[-122.938892,46.13753],[-122.938892,46.13744],[-122.93928,46.13744]]]}},{"type":"Feature","properties":{"id":60,"area_m2":300,"px":3,"rank":86,"persistent":false},"geometry":{"type":"Polygon","coordinates":[[[-122.928665,46.136534],[-122.928665,46.136624],[-122.928559,46.13664],[-122.928536,46.136714],[-122.928406,46.136714],[-122.928407,46.136534],[-122.928665,46.136534]]]}},{"type":"Feature","properties":{"id":70,"area_m2":300,"px":3,"rank":87,"persistent":false},"geometry":{"type":"Polygon","coordinates":[[[-122.945238,46.135283],[-122.945238,46.135373],[-122.944979,46.135373],[-122.944979,46.135193],[-122.945109,46.135193],[-122.945131,46.135267],[-122.945238,46.135283]]]}},{"type":"Feature","properties":{"id":71,"area_m2":300,"px":3,"rank":88,"persistent":false},"geometry":{"type":"Polygon","coordinates":[[[-122.944332,46.135013],[-122.944332,46.135103],[-122.944225,46.135118],[-122.944202,46.135192],[-122.944073,46.135192],[-122.944073,46.135013],[-122.944332,46.135013]]]}},{"type":"Feature","properties":{"id":74,"area_m2":300,"px":3,"rank":89,"persistent":false},"geometry":{"type":"Polygon","coordinates":[[[-122.931257,46.134646],[-122.931257,46.134825],[-122.931127,46.134825],[-122.931105,46.134751],[-122.930998,46.134735],[-122.930998,46.134645],[-122.931257,46.134646]]]}},{"type":"Feature","properties":{"id":83,"area_m2":300,"px":3,"rank":90,"persistent":false},"geometry":{"type":"Polygon","coordinates":[[[-122.929187,46.133744],[-122.929186,46.134014],[-122.929057,46.134014],[-122.929057,46.133744],[-122.929187,46.133744]]]}},{"type":"Feature","properties":{"id":88,"area_m2":300,"px":3,"rank":91,"persistent":false},"geometry":{"type":"Polygon","coordinates":[[[-122.940968,46.132851],[-122.940968,46.132941],[-122.94071,46.132941],[-122.940687,46.132867],[-122.94058,46.132851],[-122.94058,46.132761],[-122.94071,46.132761],[-122.940715,46.132817],[-122.940765,46.132848],[-122.940968,46.132851]]]}},{"type":"Feature","properties":{"id":92,"area_m2":300,"px":3,"rank":92,"persistent":false},"geometry":{"type":"Polygon","coordinates":[[[-122.934626,46.131767],[-122.934626,46.131947],[-122.934497,46.131947],[-122.934474,46.131873],[-122.934367,46.131857],[-122.934368,46.131767],[-122.934626,46.131767]]]}}]}