{"type":"FeatureCollection","features":[{"type":"Feature","properties":{"id":1,"area_m2":1547400,"px":15474,"rank":1,"persistent":false},"geometry":{"type":"Polygon","coordinates":[[[-122.993913,46.132237],[-122.993881,46.132284],[-122.993916,46.132326],[-122.993916,46.132506],[-122.993809,46.132522],[-122.993786,46.132596],[-122.99367,46.13262],[-122.993657,46.132686],[-122.993291,46.132702],[-122.993268,46.132776],[-122.993187,46.13278],[-122.993142,46.132814],[-122.993139,46.133046],[-122.993009,46.133046],[-122.992996,46.13298],[-122.992932,46.132956],[-122.992785,46.132965],[-122.99275,46.133046],[-122.992621,46.133046],[-122.992598,46.132882],[-122.992445,46.132852],[-122.992384,46.132868],[-122.992362,46.133136],[-122.992261,46.133148],[-122.992233,46.133226],[-122.992132,46.133238],[-122.992103,46.133316],[-122.992008,46.133325],[-122.991974,46.133406],[-122.991862,46.133426],[-122.991844,46.133586],[-122.991738,46.133602],[-122.991713,46.133676],[-122.991585,46.133676],[-122.991585,46.133586],[-122.991702,46.133562],[-122.991714,46.133455],[-122.991674,46.133412],[-122.991585,46.133406],[-122.991557,46.133328],[-122.991456,46.133316],[-122.991456,46.133046],[-122.991715,46.133046],[-122.99172,46.133116],[-122.991775,46.133148],[-122.991933,46.133129],[-122.991973,46.133087],[-122.991951,46.132882],[-122.991585,46.132866],[-122.991524,46.132842],[-122.991456,46.132866],[-122.991327,46.132866],[-122.991304,46.132792],[-122.991197,46.132776],[-122.991197,46.132596],[-122.991232,46.132548],[-122.991188,46.132444],[-122.991135,46.132417],[-122.991008,46.132416],[-122.990947,46.132444],[-122.990938,46.132506],[-122.990829,46.132512],[-122.990789,46.132556],[-122.990812,46.132737],[-122.990857,46.132772],[-122.990938,46.132776],[-122.990938,46.132866],[-122.990831,46.132882],[-122.990809,46.132956],[-122.990679,46.132956],[-122.990676,46.132814],[-122.990631,46.13278],[-122.99055,46.132776],[-122.990527,46.132612],[-122.99042,46.132596],[-122.990414,46.132539],[-122.990365,46.132508],[-122.99023,46.132482],[-122.990161,46.132506],[-122.990032,46.132506],[-122.990014,46.132345],[-122.989962,46.132326],[-122.989814,46.132332],[-122.989775,46.132369],[-122.989773,46.132506],[-122.989692,46.13251],[-122.989647,46.132544],[-122.989644,46.132686],[-122.989609,46.132728],[-122.989644,46.132776],[-122.989643,46.132866],[-122.989527,46.13289],[-122.989516,46.133002],[-122.989555,46.133039],[-122.989643,46.133046],[-122.989672,46.133123],[-122.989773,46.133136],[-122.989807,46.133217],[-122.990032,46.133226],[-122.990032,46.133316],[-122.989937,46.133318],[-122.989891,46.133345],[-122.989902,46.133496],[-122.989828,46.133498],[-122.989782,46.133524],[-122.989773,46.133676],[-122.989584,46.133676],[-122.989527,46.1337],[-122.989479,46.133808],[-122.989514,46.133856],[-122.989514,46.134036],[-122.989385,46.134036],[-122.989362,46.133961],[-122.989255,46.133946],[-122.989255,46.133814],[-122.989227,46.133778],[-122.988867,46.133766],[-122.988844,46.133691],[-122.988737,46.133676],[-122.988703,46.133595],[-122.988608,46.133584],[-122.988608,46.133406],[-122.988643,46.133363],[-122.988608,46.133315],[-122.988608,46.133046],[-122.989178,46.133046],[-122.989232,46.13303],[-122.989255,46.132866],[-122.989344,46.132859],[-122.989383,46.132822],[-122.989376,46.132534],[-122.98933,46.132508],[-122.989255,46.132506],[-122.989252,46.132364],[-122.989207,46.13233],[-122.989126,46.132326],[-122.989126,46.132194],[-122.989091,46.132155],[-122.988895,46.132158],[-122.988867,46.132235],[-122.988785,46.13224],[-122.988743,46.132269],[-122.988737,46.132415],[-122.988608,46.132415],[-122.988585,46.132341],[-122.988479,46.132325],[-122.988444,46.132245],[-122.988349,46.132235],[-122.988349,46.131929],[-122.988326,46.131891],[-122.988272,46.131875],[-122.98786,46.131888],[-122.987831,46.131965],[-122.987736,46.131975],[-122.987702,46.132055],[-122.98762,46.13206],[-122.987576,46.132094],[-122.987576,46.132467],[-122.987635,46.132504],[-122.987831,46.132506],[-122.98784,46.132567],[-122.987901,46.132595],[-122.988165,46.132593],[-122.988214,46.132562],[-122.98822,46.132506],[-122.988349,46.132506],[-122.988349,46.132775],[-122.988314,46.132818],[-122.988349,46.132866],[-122.988349,46.132955],[-122.987831,46.132955],[-122.987763,46.132931],[-122.987607,46.132965],[-122.987572,46.133045],[-122.987491,46.13305],[-122.987449,46.133079],[-122.987443,46.133225],[-122.987361,46.13323],[-122.987319,46.133259],[-122.987331,46.133476],[-122.987443,46.133495],[-122.98746,46.133566],[-122.987572,46.133586],[-122.987585,46.133651],[-122.987701,46.133676],[-122.987707,46.133732],[-122.98775,46.133761],[-122.988219,46.133766],[-122.988229,46.133917],[-122.988274,46.133943],[-122.988349,46.133946],[-122.988349,46.134035],[-122.988314,46.134083],[-122.988355,46.134182],[-122.988397,46.134211],[-122.988478,46.134216],[-122.988513,46.134296],[-122.989125,46.134306],[-122.989148,46.13438],[-122.989255,46.134396],[-122.989268,46.134552],[-122.989384,46.134576],[-122.989365,46.134705],[-122.989412,46.134751],[-122.989575,46.13478],[-122.989718,46.134753],[-122.989767,46.134722],[-122.989773,46.134666],[-122.989976,46.134663],[-122.990026,46.134632],[-122.990032,46.134576],[-122.990262,46.134563],[-122.99029,46.134527],[-122.990291,46.134216],[-122.990808,46.134216],[-122.990821,46.134385],[-122.990884,46.13441],[-122.991067,46.134396],[-122.991067,46.134486],[-122.990961,46.134502],[-122.990938,46.134576],[-122.990808,46.134576],[-122.99074,46.134552],[-122.990584,46.134585],[-122.990549,46.134666],[-122.990433,46.13469],[-122.99042,46.134756],[-122.990308,46.134775],[-122.99029,46.134846],[-122.990184,46.134862],[-122.990164,46.134987],[-122.990209,46.135022],[-122.99029,46.135026],[-122.99029,46.135116],[-122.990184,46.135132],[-122.990161,46.135206],[-122.99006,46.135218],[-122.990031,46.135296],[-122.98993,46.135308],[-122.989902,46.135386],[-122.989807,46.135395],[-122.989772,46.135476],[-122.989661,46.135495],[-122.989643,46.135566],[-122.989514,46.135566],[-122.989505,46.135491],[-122.989438,46.135462],[-122.989283,46.135488],[-122.989255,46.135566],[-122.989125,46.135566],[-122.989125,46.135476],[-122.989226,46.135463],[-122.989255,46.135386],[-122.98935,46.135377],[-122.989384,46.135296],[-122.989459,46.135293],[-122.989504,46.135267],[-122.989514,46.13508],[-122.989491,46.135041],[-122.989384,46.135026],[-122.989367,46.134955],[-122.989255,46.134936],[-122.989242,46.13487],[-122.989125,46.134846],[-122.989091,46.134765],[-122.988867,46.134756],[-122.988863,46.134704],[-122.988825,46.134672],[-122.988608,46.134666],[-122.988573,46.134585],[-122.988419,46.134576],[-122.988358,46.134604],[-122.988349,46.134665],[-122.988237,46.134685],[-122.988219,46.134755],[-122.988145,46.134758],[-122.988099,46.134784],[-122.98809,46.135115],[-122.98796,46.135115],[-122.98796,46.134666],[-122.988067,46.13465],[-122.98809,46.134576],[-122.988206,46.134552],[-122.988219,46.134486],[-122.988471,46.134473],[-122.988498,46.13443],[-122.988472,46.134339],[-122.988416,46.134307],[-122.98816,46.134306],[-122.988099,46.134334],[-122.98809,46.134395],[-122.987703,46.134395],[-122.987698,46.134344],[-122.98766,46.134312],[-122.987477,46.134315],[-122.987443,46.134354],[-122.987443,46.134527],[-122.987484,46.134569],[-122.987572,46.134576],[-122.987572,46.135025],[-122.98749,46.13503],[-122.987446,46.135064],[-122.987442,46.135295],[-122.987354,46.135302],[-122.987314,46.135339],[-122.987313,46.135565],[-122.987082,46.135578],[-122.987054,46.135614],[-122.987054,46.135745],[-122.986972,46.13575],[-122.98693,46.135779],[-122.986924,46.135925],[-122.98689,46.135968],[-122.986924,46.136015],[-122.986924,46.136195],[-122.98657,46.136204],[-122.986536,46.136285],[-122.986441,46.136294],[-122.986406,46.136375],[-122.98629,46.136399],[-122.986277,46.136555],[-122.98617,46.136571],[-122.986147,46.136645],[-122.986031,46.136669],[-122.986018,46.136735],[-122.985759,46.136735],[-122.985759,46.136645],[-122.985794,46.136603],[-122.985759,46.136555],[-122.985759,46.136465],[-122.986125,46.136449],[-122.986147,46.136375],[-122.986229,46.136371],[-122.986274,46.136337],[-122.986264,46.136129],[-122.986148,46.136105],[-122.986142,46.136035],[-122.986087,46.136003],[-122.985807,46.136019],[-122.985765,46.136049],[-122.985757,46.136105],[-122.98563,46.136105],[-122.985624,46.136049],[-122.985575,46.136018],[-122.985371,46.136015],[-122.98537,46.135884],[-122.985342,46.135847],[-122.985112,46.135835],[-122.985094,46.135765],[-122.984982,46.135745],[-122.984965,46.135675],[-122.984853,46.135655],[-122.984835,46.135585],[-122.984724,46.135565],[-122.98471,46.135499],[-122.984594,46.135475],[-122.98456,46.135394],[-122.984335,46.135385],[-122.984335,46.135205],[-122.984532,46.135204],[-122.984591,46.135167],[-122.984591,46.134883],[-122.984532,46.134846],[-122.984335,46.134845],[-122.984347,46.134605],[-122.984293,46.134576],[-122.984077,46.134575],[-122.984076,46.134444],[-122.984042,46.134404],[-122.983873,46.134397],[-122.983824,46.134428],[-122.983818,46.134485],[-122.983672,46.134477],[-122.983688,46.134395],[-122.98377,46.134391],[-122.983814,46.134357],[-122.983816,46.134258],[-122.983783,46.134224],[-122.983355,46.134217],[-122.983309,46.134243],[-122.983267,46.134337],[-122.983334,46.134476],[-122.983574,46.134493],[-122.983559,46.134755],[-122.983429,46.134755],[-122.983423,46.134698],[-122.983374,46.134667],[-122.98317,46.134665],[-122.983148,46.134591],[-122.983041,46.134575],[-122.983041,46.134354],[-122.983006,46.134314],[-122.982653,46.134305],[-122.982653,46.134215],[-122.982759,46.134199],[-122.982815,46.134093],[-122.982782,46.134035],[-122.982782,46.133945],[-122.982979,46.133944],[-122.983035,46.133912],[-122.983041,46.133639],[-122.983007,46.133594],[-122.982912,46.133585],[-122.982883,46.133507],[-122.982782,46.133495],[-122.982754,46.133417],[-122.982637,46.133397],[-122.982653,46.133279],[-122.98263,46.133241],[-122.982464,46.133225],[-122.982397,46.133263],[-122.982407,46.133381],[-122.982539,46.133412],[-122.982523,46.133495],[-122.982312,46.133499],[-122.98227,46.133528],[-122.982264,46.133585],[-122.982183,46.133589],[-122.982141,46.133618],[-122.982144,46.133736],[-122.98219,46.133762],[-122.982264,46.133765],[-122.982264,46.133945],[-122.982135,46.133945],[-122.982129,46.133888],[-122.98208,46.133857],[-122.981876,46.133855],[-122.98187,46.133798],[-122.981828,46.133769],[-122.981617,46.133765],[-122.981616,46.133628],[-122.981576,46.133591],[-122.981358,46.133585],[-122.981358,46.133495],[-122.981453,46.133492],[-122.981502,46.13346],[-122.981488,46.133315],[-122.981747,46.133315],[-122.981815,46.133339],[-122.981896,46.133302],[-122.981876,46.133135],[-122.982135,46.133135],[-122.982138,46.133186],[-122.982176,46.133218],[-122.982366,46.133212],[-122.982394,46.133176],[-122.982394,46.133045],[-122.982476,46.133041],[-122.98252,46.133006],[-122.982524,46.132865],[-122.982741,46.132858],[-122.982779,46.132826],[-122.982783,46.132775],[-122.983171,46.132775],[-122.98324,46.132799],[-122.983401,46.132763],[-122.983429,46.132726],[-122.98343,46.132595],[-122.983518,46.132589],[-122.983558,46.132551],[-122.983559,46.132415],[-122.983594,46.132367],[-122.983531,46.132247],[-122.983042,46.132235],[-122.983036,46.132088],[-122.982994,46.132059],[-122.982912,46.132055],[-122.982906,46.131908],[-122.982864,46.131879],[-122.982783,46.131875],[-122.982754,46.131797],[-122.982305,46.131778],[-122.982265,46.13182],[-122.982265,46.132145],[-122.982059,46.132134],[-122.982012,46.132165],[-122.982006,46.132235],[-122.981877,46.132235],[-122.981854,46.13207],[-122.981688,46.132055],[-122.981631,46.132079],[-122.981617,46.132235],[-122.981523,46.132244],[-122.981488,46.132289],[-122.981491,46.132466],[-122.981536,46.1325],[-122.981617,46.132505],[-122.981617,46.132595],[-122.981511,46.13261],[-122.981488,46.132685],[-122.981359,46.132685],[-122.981349,46.132623],[-122.981296,46.132596],[-122.981045,46.132581],[-122.980983,46.132605],[-122.980976,46.132831],[-122.981018,46.13286],[-122.981099,46.132865],[-122.981134,46.132945],[-122.981229,46.132955],[-122.981232,46.133096],[-122.981277,46.13313],[-122.981358,46.133135],[-122.981358,46.133223],[-122.98097,46.133224],[-122.980952,46.133154],[-122.980841,46.133134],[-122.980827,46.133069],[-122.980711,46.133044],[-122.980677,46.132964],[-122.980452,46.132954],[-122.980446,46.132898],[-122.980397,46.132867],[-122.980193,46.132864],[-122.980184,46.132713],[-122.980138,46.132687],[-122.980064,46.132683],[-122.980064,46.132414],[-122.980146,46.13241],[-122.980188,46.132381],[-122.98019,46.132183],[-122.980131,46.132145],[-122.979935,46.132144],[-122.979926,46.131993],[-122.97988,46.131967],[-122.979805,46.131963],[-122.979805,46.131874],[-122.979924,46.131863],[-122.979976,46.131958],[-122.980153,46.131958],[-122.980192,46.131921],[-122.980188,46.131804],[-122.980119,46.131771],[-122.979946,46.131795],[-122.979917,46.131714],[-122.979805,46.131694],[-122.979792,46.131628],[-122.979676,46.131604],[-122.97967,46.131548],[-122.979628,46.131518],[-122.979288,46.131514],[-122.979288,46.131424],[-122.979369,46.13142],[-122.979414,46.131386],[-122.979417,46.131208],[-122.979383,46.131163],[-122.979288,46.131154],[-122.979259,46.131076],[-122.97907,46.131071],[-122.979032,46.131102],[-122.979029,46.131154],[-122.978688,46.131158],[-122.978646,46.131187],[-122.97864,46.131244],[-122.978524,46.131268],[-122.978511,46.131334],[-122.978382,46.131334],[-122.978313,46.13131],[-122.978178,46.131336],[-122.978129,46.131367],[-122.978123,46.131424],[-122.978011,46.131444],[-122.978011,46.131584],[-122.978063,46.131604],[-122.978252,46.131604],[-122.978275,46.131678],[-122.978381,46.131694],[-122.978381,46.131784],[-122.977605,46.131784],[-122.977582,46.13171],[-122.977475,46.131694],[-122.977441,46.131613],[-122.977346,46.131604],[-122.977346,46.131514],[-122.977659,46.131528],[-122.977712,46.131511],[-122.977734,46.131424],[-122.977816,46.13142],[-122.977858,46.131391],[-122.977864,46.131244],[-122.977959,46.131235],[-122.977993,46.131154],[-122.978068,46.131152],[-122.978114,46.131125],[-122.978105,46.130994],[-122.978053,46.130974],[-122.977605,46.130974],[-122.977599,46.130917],[-122.97755,46.130886],[-122.977087,46.130884],[-122.977081,46.130827],[-122.977032,46.130796],[-122.976699,46.130794],[-122.976681,46.130723],[-122.97657,46.130704],[-122.976535,46.130623],[-122.97644,46.130614],[-122.976412,46.130536],[-122.976311,46.130524],[-122.976282,46.130446],[-122.976052,46.130433],[-122.976029,46.130359],[-122.975923,46.130343],[-122.975905,46.130273],[-122.975793,46.130253],[-122.975759,46.130173],[-122.975664,46.130163],[-122.975635,46.130086],[-122.975534,46.130073],[-122.975506,46.129996],[-122.975405,46.129983],[-122.975405,46.129893],[-122.975534,46.129894],[-122.975552,46.129964],[-122.975664,46.129984],[-122.975677,46.130049],[-122.975793,46.130074],[-122.975828,46.130154],[-122.97601,46.130162],[-122.976069,46.130124],[-122.976029,46.129999],[-122.975923,46.129983],[-122.975905,46.129913],[-122.975793,46.129893],[-122.975759,46.129813],[-122.975664,46.129803],[-122.975635,46.129726],[-122.975534,46.129713],[-122.975506,46.129636],[-122.975405,46.129623],[-122.975377,46.129546],[-122.975276,46.129533],[-122.975247,46.129456],[-122.975017,46.129443],[-122.975017,46.129353],[-122.975405,46.129353],[-122.975423,46.129424],[-122.975534,46.129443],[-122.975569,46.129524],[-122.975664,46.129534],[-122.975692,46.129611],[-122.975793,46.129624],[-122.975822,46.129701],[-122.975923,46.129714],[-122.975951,46.129791],[-122.976181,46.129804],[-122.976195,46.12987],[-122.976311,46.129894],[-122.976317,46.12995],[-122.976359,46.12998],[-122.97657,46.129984],[-122.976571,46.13012],[-122.976632,46.130163],[-122.976754,46.130178],[-122.976816,46.130153],[-122.976829,46.129984],[-122.976924,46.129975],[-122.976958,46.129894],[-122.977053,46.129891],[-122.977102,46.129859],[-122.977088,46.129714],[-122.977284,46.129713],[-122.977343,46.129675],[-122.977367,46.12959],[-122.977345,46.12955],[-122.977088,46.129534],[-122.977065,46.12946],[-122.976958,46.129444],[-122.976941,46.129373],[-122.976829,46.129354],[-122.976794,46.129273],[-122.9767,46.129264],[-122.976671,46.129186],[-122.97657,46.129174],[-122.976542,46.129096],[-122.976441,46.129084],[-122.976408,46.128989],[-122.975923,46.128993],[-122.97591,46.128928],[-122.975794,46.128903],[-122.975765,46.128826],[-122.975535,46.128813],[-122.975522,46.128747],[-122.975405,46.128723],[-122.975377,46.128646],[-122.975147,46.128633],[-122.975124,46.128559],[-122.975017,46.128543],[-122.974983,46.128462],[-122.974888,46.128453],[-122.974888,46.128363],[-122.975147,46.128363],[-122.975164,46.128434],[-122.975276,46.128453],[-122.975311,46.128534],[-122.975405,46.128543],[-122.975434,46.128621],[-122.975535,46.128633],[-122.975563,46.128711],[-122.975731,46.128722],[-122.975785,46.128695],[-122.975794,46.128634],[-122.975868,46.128631],[-122.975914,46.128605],[-122.975923,46.128454],[-122.976005,46.128449],[-122.976047,46.12842],[-122.976052,46.128322],[-122.976024,46.128286],[-122.975794,46.128273],[-122.975785,46.128212],[-122.975731,46.128184],[-122.975406,46.128183],[-122.9754,46.128113],[-122.975352,46.128082],[-122.975147,46.128093],[-122.975147,46.128003],[-122.975181,46.127956],[-122.975129,46.127843],[-122.974956,46.127799],[-122.974888,46.127823],[-122.974759,46.127823],[-122.974753,46.127753],[-122.974705,46.127722],[-122.974411,46.12774],[-122.974372,46.127777],[-122.97437,46.127913],[-122.974241,46.127913],[-122.974235,46.127586],[-122.974178,46.127554],[-122.974037,46.127555],[-122.973983,46.127597],[-122.973982,46.127733],[-122.973875,46.127749],[-122.973852,46.127823],[-122.973641,46.127827],[-122.973599,46.127856],[-122.973593,46.127913],[-122.973512,46.127917],[-122.97347,46.127946],[-122.973473,46.128064],[-122.973519,46.128091],[-122.973593,46.128093],[-122.973593,46.128273],[-122.973268,46.128274],[-122.973206,46.128316],[-122.973214,46.128514],[-122.97326,46.128541],[-122.973334,46.128543],[-122.973369,46.128624],[-122.973464,46.128633],[-122.973492,46.128711],[-122.973593,46.128723],[-122.973593,46.128813],[-122.973464,46.128813],[-122.973451,46.128747],[-122.973334,46.128723],[-122.973331,46.128671],[-122.973293,46.128639],[-122.973118,46.128634],[-122.973056,46.128683],[-122.973075,46.128903],[-122.972946,46.128903],[-122.972928,46.128833],[-122.972816,46.128813],[-122.972782,46.128732],[-122.972687,46.128723],[-122.972659,46.128645],[-122.972428,46.128633],[-122.972405,46.128559],[-122.972299,46.128543],[-122.972264,46.128462],[-122.972169,46.128453],[-122.972169,46.128321],[-122.972141,46.128285],[-122.971911,46.128273],[-122.971888,46.128198],[-122.971781,46.128182],[-122.971768,46.128117],[-122.971652,46.128092],[-122.971623,46.128015],[-122.971522,46.128002],[-122.971495,46.127912],[-122.971264,46.127912],[-122.971241,46.127838],[-122.971134,46.127822],[-122.971134,46.127732],[-122.971323,46.127732],[-122.97138,46.127708],[-122.971393,46.127552],[-122.971428,46.12751],[-122.971359,46.127382],[-122.971134,46.127372],[-122.971135,46.127192],[-122.971235,46.12718],[-122.971264,46.127102],[-122.971365,46.12709],[-122.971394,46.127012],[-122.971482,46.127006],[-122.971523,46.126964],[-122.971505,46.126852],[-122.971453,46.126833],[-122.971264,46.126832],[-122.971264,46.126742],[-122.971371,46.126727],[-122.971394,46.126652],[-122.971611,46.126646],[-122.971649,46.126614],[-122.971653,46.126563],[-122.971764,46.126543],[-122.971817,46.12643],[-122.971782,46.126382],[-122.971782,46.126293],[-122.971889,46.126277],[-122.971912,46.126203],[-122.972359,46.126202],[-122.972416,46.126179],[-122.97243,46.125933],[-122.972654,46.125924],[-122.972708,46.125814],[-122.972668,46.125759],[-122.972559,46.125753],[-122.972559,46.125573],[-122.972594,46.125525],[-122.972547,46.125472],[-122.972483,46.125459],[-122.972348,46.125487],[-122.972306,46.125516],[-122.9723,46.125573],[-122.972171,46.125573],[-122.972155,46.12549],[-122.972198,46.125461],[-122.972201,46.125419],[-122.972153,46.125384],[-122.972088,46.125383],[-122.972043,46.125422],[-122.972057,46.125475],[-122.97194,46.125495],[-122.971912,46.125572],[-122.971811,46.125585],[-122.971782,46.125662],[-122.971681,46.125675],[-122.971653,46.125752],[-122.971558,46.125762],[-122.971523,46.125842],[-122.971412,46.125862],[-122.971394,46.126022],[-122.971285,46.126029],[-122.971245,46.126084],[-122.971299,46.126193],[-122.971523,46.126203],[-122.971523,46.126292],[-122.971047,46.126299],[-122.971009,46.126331],[-122.971005,46.126382],[-122.970889,46.126406],[-122.970876,46.126472],[-122.970764,46.126492],[-122.970746,46.126562],[-122.970635,46.126582],[-122.970617,46.126652],[-122.970358,46.126652],[-122.970297,46.126628],[-122.970229,46.126652],[-122.96997,46.126652],[-122.969947,46.126578],[-122.96984,46.126562],[-122.969823,46.126492],[-122.969711,46.126472],[-122.969677,46.126391],[-122.969582,46.126382],[-122.969553,46.126304],[-122.969452,46.126292],[-122.969424,46.126214],[-122.969323,46.126202],[-122.969294,46.126124],[-122.969194,46.126112],[-122.969165,46.126034],[-122.969064,46.126022],[-122.969036,46.125944],[-122.968805,46.125932],[-122.968782,46.125858],[-122.968676,46.125842],[-122.968653,46.125768],[-122.968547,46.125752],[-122.968524,46.125677],[-122.968417,46.125662],[-122.968394,46.125587],[-122.968288,46.125572],[-122.968265,46.125497],[-122.968158,46.125481],[-122.968136,46.125407],[-122.968029,46.125391],[-122.968011,46.125321],[-122.9679,46.125301],[-122.967865,46.125221],[-122.96777,46.125211],[-122.967742,46.125134],[-122.967641,46.125121],[-122.967612,46.125044],[-122.967511,46.125031],[-122.967483,46.124954],[-122.967382,46.124941],[-122.967354,46.124864],[-122.967253,46.124851],[-122.96723,46.124777],[-122.966994,46.124761],[-122.966994,46.124671],[-122.967028,46.124623],[-122.966981,46.124515],[-122.966924,46.124491],[-122.966735,46.124491],[-122.966712,46.124417],[-122.966606,46.124401],[-122.966571,46.12432],[-122.966476,46.124311],[-122.966459,46.124151],[-122.966347,46.124131],[-122.966312,46.12405],[-122.966218,46.124041],[-122.966189,46.123963],[-122.966088,46.123951],[-122.966085,46.123809],[-122.96604,46.123775],[-122.965959,46.123771],[-122.965946,46.123615],[-122.96583,46.123591],[-122.965824,46.123534],[-122.965782,46.123505],[-122.965571,46.123501],[-122.965565,46.123354],[-122.965523,46.123325],[-122.965442,46.123321],[-122.965413,46.123243],[-122.965253,46.123231],[-122.965188,46.123264],[-122.965192,46.123382],[-122.965238,46.123408],[-122.965312,46.123411],[-122.965312,46.123589],[-122.965182,46.123591],[-122.965165,46.12352],[-122.965053,46.123501],[-122.965019,46.12342],[-122.964924,46.123411],[-122.964895,46.123333],[-122.964665,46.12332],[-122.964665,46.123189],[-122.964637,46.123153],[-122.964406,46.12314],[-122.9644,46.123084],[-122.964351,46.123053],[-122.964147,46.12305],[-122.96413,46.12289],[-122.964018,46.12287],[-122.963983,46.122789],[-122.963889,46.12278],[-122.96386,46.122702],[-122.963759,46.12269],[-122.963731,46.122612],[-122.96363,46.1226],[-122.963601,46.122522],[-122.963501,46.12251],[-122.963472,46.122432],[-122.963242,46.12242],[-122.963229,46.122354],[-122.963112,46.12233],[-122.963106,46.122273],[-122.963064,46.122244],[-122.962854,46.12224],[-122.962831,46.122166],[-122.962724,46.12215],[-122.96269,46.122069],[-122.962595,46.12206],[-122.962594,46.121929],[-122.962566,46.121892],[-122.962207,46.12188],[-122.962184,46.121805],[-122.962077,46.12179],[-122.962076,46.121653],[-122.962029,46.121614],[-122.96156,46.121609],[-122.961537,46.121355],[-122.96143,46.121339],[-122.961413,46.121269],[-122.961301,46.121249],[-122.961283,46.121179],[-122.961172,46.121159],[-122.961159,46.121093],[-122.961042,46.121069],[-122.961008,46.120988],[-122.960784,46.120979],[-122.96077,46.120913],[-122.960654,46.120889],[-122.960648,46.120832],[-122.960606,46.120803],[-122.960395,46.120799],[-122.960373,46.120725],[-122.960266,46.120709],[-122.960253,46.120643],[-122.960137,46.120619],[-122.960108,46.120541],[-122.960007,46.120529],[-122.959985,46.120365],[-122.959749,46.120349],[-122.959743,46.120202],[-122.959701,46.120173],[-122.959619,46.120169],[-122.959585,46.120088],[-122.959361,46.120079],[-122.959338,46.119824],[-122.959231,46.119809],[-122.959225,46.119752],[-122.959176,46.119721],[-122.958843,46.119718],[-122.95882,46.119644],[-122.958714,46.119628],[-122.958679,46.119548],[-122.958584,46.119538],[-122.958562,46.119374],[-122.958455,46.119358],[-122.958449,46.119302],[-122.9584,46.119271],[-122.958265,46.119244],[-122.958196,46.119268],[-122.958067,46.119268],[-122.958044,46.119194],[-122.957938,46.119178],[-122.957924,46.119022],[-122.957808,46.118998],[-122.957808,46.118908],[-122.95789,46.118904],[-122.957934,46.11887],[-122.957938,46.118728],[-122.958044,46.118712],[-122.958067,46.118638],[-122.958197,46.118638],[-122.958203,46.118695],[-122.958245,46.118724],[-122.958445,46.118717],[-122.958473,46.118799],[-122.958585,46.118818],[-122.958598,46.118884],[-122.958714,46.118908],[-122.958749,46.118989],[-122.958973,46.118999],[-122.958976,46.11905],[-122.959014,46.119082],[-122.959232,46.119089],[-122.959235,46.11914],[-122.959273,46.119172],[-122.959449,46.119172],[-122.959489,46.119135],[-122.959481,46.119027],[-122.959436,46.119001],[-122.959361,46.118999],[-122.959327,46.118918],[-122.959232,46.118909],[-122.959204,46.118831],[-122.958973,46.118818],[-122.958967,46.118762],[-122.958918,46.118731],[-122.958714,46.118728],[-122.958708,46.118672],[-122.958659,46.118641],[-122.958467,46.118649],[-122.958438,46.118478],[-122.958326,46.118458],[-122.958313,46.118392],[-122.958197,46.118368],[-122.958194,46.118317],[-122.958156,46.118285],[-122.957938,46.118278],[-122.957929,46.118217],[-122.957876,46.118189],[-122.957734,46.11819],[-122.957681,46.118232],[-122.957683,46.11842],[-122.957727,46.118454],[-122.957808,46.118458],[-122.957809,46.118547],[-122.957727,46.118552],[-122.957682,46.118586],[-122.957679,46.118818],[-122.957291,46.118818],[-122.957278,46.118752],[-122.957161,46.118728],[-122.957158,46.118676],[-122.95712,46.118644],[-122.956644,46.118638],[-122.956621,46.118563],[-122.956514,46.118548],[-122.956514,46.118458],[-122.956549,46.11841],[-122.956515,46.118368],[-122.956501,46.118212],[-122.956385,46.118187],[-122.956379,46.118131],[-122.956337,46.118102],[-122.956126,46.118097],[-122.956104,46.118023],[-122.955997,46.118007],[-122.955984,46.117941],[-122.955868,46.117917],[-122.955839,46.11784],[-122.955738,46.117827],[-122.955721,46.117667],[-122.955609,46.117647],[-122.955609,46.117377],[-122.955691,46.117373],[-122.955733,46.117344],[-122.955739,46.117107],[-122.955774,46.11706],[-122.955739,46.117017],[-122.955738,46.116701],[-122.955698,46.116664],[-122.95561,46.116657],[-122.95561,46.116436],[-122.955582,46.116399],[-122.95542,46.116363],[-122.955351,46.116387],[-122.955222,46.116387],[-122.955213,46.116326],[-122.955152,46.116297],[-122.954623,46.116301],[-122.954581,46.11633],[-122.954575,46.116387],[-122.954458,46.116411],[-122.954445,46.116477],[-122.954333,46.116496],[-122.954316,46.116567],[-122.954204,46.116586],[-122.954186,46.116657],[-122.954074,46.116676],[-122.954057,46.116747],[-122.953945,46.116766],[-122.953927,46.116836],[-122.953798,46.116836],[-122.953796,46.1167],[-122.953736,46.116658],[-122.953023,46.116656],[-122.952961,46.116632],[-122.952892,46.116656],[-122.952375,46.116656],[-122.952371,46.116604],[-122.952333,46.116572],[-122.952116,46.116566],[-122.952116,46.116476],[-122.952211,46.116467],[-122.952245,46.116386],[-122.95232,46.116384],[-122.952366,46.116357],[-122.952375,46.116206],[-122.952456,46.116202],[-122.952501,46.116168],[-122.952504,46.116026],[-122.952843,46.116026],[-122.9529,46.116001],[-122.952893,46.115576],[-122.952994,46.115564],[-122.953023,46.115486],[-122.953124,46.115474],[-122.953152,46.115396],[-122.953253,46.115384],[-122.953282,46.115306],[-122.953376,46.115297],[-122.953411,46.115216],[-122.953523,46.115197],[-122.953541,46.115036],[-122.953622,46.115032],[-122.953667,46.114998],[-122.95367,46.114856],[-122.953799,46.114857],[-122.953809,46.114918],[-122.953862,46.114945],[-122.954058,46.114947],[-122.954119,46.114971],[-122.954188,46.114947],[-122.954317,46.114947],[-122.95434,46.115021],[-122.954462,46.115044],[-122.954446,46.115163],[-122.954469,46.115201],[-122.954635,46.115217],[-122.954696,46.115188],[-122.954696,46.115065],[-122.95456,46.115029],[-122.954608,46.114889],[-122.954553,46.114783],[-122.954447,46.114767],[-122.954438,46.114615],[-122.954392,46.114589],[-122.954317,46.114587],[-122.954283,46.114506],[-122.954188,46.114497],[-122.954187,46.11409],[-122.954147,46.114053],[-122.954059,46.114047],[-122.954059,46.113957],[-122.954166,46.113941],[-122.954189,46.113867],[-122.954554,46.113851],[-122.954577,46.113597],[-122.954684,46.113581],[-122.954707,46.113507],[-122.954836,46.113507],[-122.954845,46.113582],[-122.954918,46.113611],[-122.95506,46.113588],[-122.955095,46.113507],[-122.955169,46.113505],[-122.955215,46.113478],[-122.955244,46.113383],[-122.955217,46.11334],[-122.954966,46.113327],[-122.954966,46.113057],[-122.955078,46.113037],[-122.955129,46.11293],[-122.955095,46.112877],[-122.955095,46.112787],[-122.955279,46.112801],[-122.955337,46.112781],[-122.955354,46.112517],[-122.955449,46.112508],[-122.955484,46.112427],[-122.9556,46.112403],[-122.955613,46.112247],[-122.955708,46.112238],[-122.955743,46.112157],[-122.955824,46.112153],[-122.955866,46.112124],[-122.955873,46.111977],[-122.956061,46.111977],[-122.956118,46.111953],[-122.956166,46.111845],[-122.956131,46.111797],[-122.956132,46.111707],[-122.956206,46.111705],[-122.956252,46.111679],[-122.956261,46.111527],[-122.956356,46.111518],[-122.956391,46.111437],[-122.956507,46.111413],[-122.95652,46.111258],[-122.956716,46.111257],[-122.95677,46.111229],[-122.956798,46.111033],[-122.956752,46.110992],[-122.95665,46.110987],[-122.95665,46.110808],[-122.956777,46.110791],[-122.956799,46.110752],[-122.956779,46.110628],[-122.956874,46.110618],[-122.956909,46.110538],[-122.957025,46.110514],[-122.957038,46.110358],[-122.957251,46.110367],[-122.957294,46.110333],[-122.957297,46.110268],[-122.957508,46.110264],[-122.95755,46.110235],[-122.957556,46.110178],[-122.95763,46.110176],[-122.957676,46.110149],[-122.957682,46.109946],[-122.957638,46.109912],[-122.957556,46.109908],[-122.957556,46.109818],[-122.957684,46.109801],[-122.957706,46.109762],[-122.957686,46.109638],[-122.957781,46.109629],[-122.957815,46.109548],[-122.957932,46.109524],[-122.957945,46.109368],[-122.958052,46.109352],[-122.958074,46.109278],[-122.9583,46.109282],[-122.958333,46.109188],[-122.958659,46.109187],[-122.958712,46.10916],[-122.958722,46.109098],[-122.958952,46.109086],[-122.95898,46.10905],[-122.958981,46.108828],[-122.959217,46.108813],[-122.95924,46.108648],[-122.959346,46.108633],[-122.959369,46.108559],[-122.95947,46.108546],[-122.959498,46.108469],[-122.959593,46.108459],[-122.959628,46.108379],[-122.95974,46.108359],[-122.959757,46.108289],[-122.960016,46.108289],[-122.960019,46.10834],[-122.960057,46.108372],[-122.960275,46.108379],[-122.960292,46.108449],[-122.960404,46.108469],[-122.960439,46.10855],[-122.960533,46.108559],[-122.960562,46.108637],[-122.960663,46.108649],[-122.960691,46.108727],[-122.960921,46.108739],[-122.960944,46.108813],[-122.961051,46.108829],[-122.961064,46.108895],[-122.96118,46.108919],[-122.961209,46.108997],[-122.961309,46.109009],[-122.961309,46.109189],[-122.961051,46.109189],[-122.961028,46.108935],[-122.960792,46.108919],[-122.960786,46.108862],[-122.960737,46.108831],[-122.960533,46.108829],[-122.960516,46.108759],[-122.960404,46.108739],[-122.960386,46.108669],[-122.960275,46.108649],[-122.960257,46.108579],[-122.960145,46.108559],[-122.960136,46.108497],[-122.960083,46.10847],[-122.959949,46.10847],[-122.959904,46.108488],[-122.959886,46.108649],[-122.959568,46.108649],[-122.959516,46.108668],[-122.9595,46.108965],[-122.959539,46.109002],[-122.959627,46.109009],[-122.959656,46.109086],[-122.959757,46.109099],[-122.959785,46.109176],[-122.959886,46.109189],[-122.959914,46.109266],[-122.960015,46.109279],[-122.960044,46.109356],[-122.960274,46.109369],[-122.960292,46.109439],[-122.960403,46.109459],[-122.960438,46.10954],[-122.960533,46.109549],[-122.960561,46.109627],[-122.960791,46.109639],[-122.960792,46.10986],[-122.96082,46.109897],[-122.960982,46.109933],[-122.96105,46.109909],[-122.961179,46.109909],[-122.961183,46.109961],[-122.961221,46.109993],[-122.961438,46.109999],[-122.961461,46.110073],[-122.961568,46.110089],[-122.961581,46.110155],[-122.961697,46.110179],[-122.961725,46.110257],[-122.961826,46.110269],[-122.961827,46.110491],[-122.961855,46.110527],[-122.962214,46.11054],[-122.962237,46.110614],[-122.962344,46.11063],[-122.962357,46.110696],[-122.962473,46.11072],[-122.962501,46.110797],[-122.962602,46.11081],[-122.962602,46.11099],[-122.962507,46.110999],[-122.962473,46.11108],[-122.962361,46.111099],[-122.962343,46.111259],[-122.962237,46.111275],[-122.962214,46.111349],[-122.962084,46.111349],[-122.962075,46.111288],[-122.962022,46.11126],[-122.961888,46.11126],[-122.961832,46.111293],[-122.961818,46.111414],[-122.96186,46.111437],[-122.961955,46.111441],[-122.961955,46.111709],[-122.961866,46.111716],[-122.961826,46.111758],[-122.961838,46.112045],[-122.961954,46.112069],[-122.961989,46.11215],[-122.962084,46.11216],[-122.962084,46.112291],[-122.962112,46.112327],[-122.962342,46.11234],[-122.962352,46.112491],[-122.962397,46.112517],[-122.962472,46.11252],[-122.962506,46.112601],[-122.962601,46.11261],[-122.962636,46.112691],[-122.962927,46.112699],[-122.96298,46.112671],[-122.962989,46.11261],[-122.963248,46.11261],[-122.963266,46.11268],[-122.963377,46.1127],[-122.963412,46.112781],[-122.963507,46.11279],[-122.963535,46.112868],[-122.963766,46.11288],[-122.963788,46.112954],[-122.963895,46.11297],[-122.963895,46.113101],[-122.963923,46.113138],[-122.964154,46.11315],[-122.964176,46.113224],[-122.964283,46.11324],[-122.964317,46.113321],[-122.964412,46.11333],[-122.964412,46.11342],[-122.964378,46.113468],[-122.964416,46.113562],[-122.96446,46.113596],[-122.964542,46.113602],[-122.964541,46.11396],[-122.96446,46.113964],[-122.964415,46.113999],[-122.964421,46.114202],[-122.964482,46.11423],[-122.9648,46.11423],[-122.964823,46.114305],[-122.964929,46.11432],[-122.964942,46.114476],[-122.965059,46.114501],[-122.965058,46.11468],[-122.965024,46.114728],[-122.965076,46.114841],[-122.965188,46.114861],[-122.965194,46.114917],[-122.965243,46.114948],[-122.965576,46.114951],[-122.965599,46.115025],[-122.965705,46.115041],[-122.965723,46.115111],[-122.965835,46.115131],[-122.965869,46.115212],[-122.965964,46.115221],[-122.965992,46.115299],[-122.966093,46.115311],[-122.966122,46.115389],[-122.966223,46.115401],[-122.966226,46.115543],[-122.966271,46.115577],[-122.966352,46.115581],[-122.966352,46.115671],[-122.966128,46.11568],[-122.966059,46.115814],[-122.966116,46.115925],[-122.966222,46.115941],[-122.966257,46.116022],[-122.966352,46.116031],[-122.966365,46.116187],[-122.966481,46.116211],[-122.966516,46.116292],[-122.96661,46.116301],[-122.966639,46.116379],[-122.96674,46.116391],[-122.966774,46.116472],[-122.966999,46.116481],[-122.967016,46.116731],[-122.967128,46.116751],[-122.967162,46.116832],[-122.967257,46.116841],[-122.967286,46.116919],[-122.967387,46.116931],[-122.967415,46.117009],[-122.967516,46.117021],[-122.967544,46.117099],[-122.967645,46.117111],[-122.967663,46.117272],[-122.967775,46.117291],[-122.967809,46.117372],[-122.967904,46.117381],[-122.967932,46.117459],[-122.968033,46.117471],[-122.968062,46.117549],[-122.968163,46.117561],[-122.968191,46.117639],[-122.968292,46.117652],[-122.968292,46.117783],[-122.96832,46.117819],[-122.968551,46.117832],[-122.968564,46.117988],[-122.96868,46.118012],[-122.968715,46.118092],[-122.96881,46.118102],[-122.968838,46.118179],[-122.968939,46.118192],[-122.968962,46.118266],[-122.969017,46.118282],[-122.969457,46.118282],[-122.96946,46.118603],[-122.969504,46.118638],[-122.969586,46.118642],[-122.96962,46.118723],[-122.969715,46.118732],[-122.969738,46.118896],[-122.970103,46.118912],[-122.970107,46.119054],[-122.970151,46.119088],[-122.970233,46.119092],[-122.970255,46.119256],[-122.970491,46.119272],[-122.970509,46.119342],[-122.970621,46.119362],[-122.970638,46.119432],[-122.97075,46.119452],[-122.970768,46.119522],[-122.970879,46.119542],[-122.970897,46.119612],[-122.971009,46.119632],[-122.971022,46.119698],[-122.971138,46.119722],[-122.971173,46.119803],[-122.971397,46.119812],[-122.971432,46.119893],[-122.971656,46.119902],[-122.971679,46.119977],[-122.971785,46.119992],[-122.971798,46.120148],[-122.971915,46.120173],[-122.971949,46.120253],[-122.972044,46.120263],[-122.972044,46.120442],[-122.972009,46.12049],[-122.972067,46.120607],[-122.97225,46.120634],[-122.972297,46.120603],[-122.972303,46.120533],[-122.972432,46.120533],[-122.972455,46.120607],[-122.972561,46.120623],[-122.972579,46.120693],[-122.972691,46.120713],[-122.972725,46.120794],[-122.97282,46.120803],[-122.972849,46.12088],[-122.97295,46.120893],[-122.972978,46.12097],[-122.973079,46.120983],[-122.973079,46.121073],[-122.973045,46.121126],[-122.973111,46.121182],[-122.973209,46.121163],[-122.973597,46.121163],[-122.973598,46.121299],[-122.973645,46.121339],[-122.973985,46.121343],[-122.974046,46.121367],[-122.974114,46.121343],[-122.974244,46.121343],[-122.974266,46.121417],[-122.974373,46.121433],[-122.974373,46.121523],[-122.974271,46.121527],[-122.974227,46.121563],[-122.974247,46.121665],[-122.974285,46.121697],[-122.974461,46.121697],[-122.974499,46.121665],[-122.974503,46.121613],[-122.974761,46.121613],[-122.974765,46.121665],[-122.974802,46.121697],[-122.97502,46.121703],[-122.975026,46.12176],[-122.975075,46.121791],[-122.975279,46.121793],[-122.975292,46.121859],[-122.975408,46.121883],[-122.975412,46.121935],[-122.975449,46.121967],[-122.975667,46.121973],[-122.975667,46.122063],[-122.975458,46.122064],[-122.975405,46.122084],[-122.975388,46.122119],[-122.975417,46.122215],[-122.975463,46.122241],[-122.975538,46.122243],[-122.975544,46.1223],[-122.975586,46.122329],[-122.975796,46.122333],[-122.975819,46.122408],[-122.975926,46.122423],[-122.975943,46.122494],[-122.976055,46.122513],[-122.97609,46.122594],[-122.976185,46.122604],[-122.976213,46.122681],[-122.976314,46.122694],[-122.97632,46.12284],[-122.976362,46.122869],[-122.976443,46.122874],[-122.976447,46.122925],[-122.976484,46.122957],[-122.976953,46.122951],[-122.976981,46.122908],[-122.976961,46.122604],[-122.976996,46.122561],[-122.976961,46.122514],[-122.976961,46.122424],[-122.97735,46.122424],[-122.977349,46.122604],[-122.977119,46.122616],[-122.977091,46.122652],[-122.9771,46.122755],[-122.977161,46.122783],[-122.977479,46.122784],[-122.977479,46.122874],[-122.977397,46.122878],[-122.977353,46.122912],[-122.977362,46.12303],[-122.977419,46.123053],[-122.977608,46.123054],[-122.977614,46.12311],[-122.977663,46.123141],[-122.977996,46.123144],[-122.978012,46.123316],[-122.977867,46.123324],[-122.977798,46.1233],[-122.977737,46.123324],[-122.977608,46.123324],[-122.977595,46.123258],[-122.977479,46.123234],[-122.977444,46.123153],[-122.97722,46.123144],[-122.977185,46.123063],[-122.977024,46.123055],[-122.976961,46.123102],[-122.976961,46.123455],[-122.977002,46.123497],[-122.97709,46.123504],[-122.977094,46.123645],[-122.97716,46.123683],[-122.977287,46.123683],[-122.97734,46.123655],[-122.977349,46.123414],[-122.977479,46.123414],[-122.977488,46.123475],[-122.977541,46.123503],[-122.977867,46.123504],[-122.977867,46.123774],[-122.977649,46.12378],[-122.977611,46.123812],[-122.977608,46.123864],[-122.977526,46.123868],[-122.977482,46.123902],[-122.977488,46.124015],[-122.977533,46.124041],[-122.977608,46.124044],[-122.977631,46.124118],[-122.977685,46.124134],[-122.978078,46.12413],[-122.978124,46.12409],[-122.978126,46.123954],[-122.97822,46.123951],[-122.978267,46.123924],[-122.978254,46.123547],[-122.978214,46.12351],[-122.978126,46.123504],[-122.97811,46.123331],[-122.978233,46.123308],[-122.978255,46.123234],[-122.978514,46.123234],[-122.978517,46.123286],[-122.978555,46.123318],[-122.978773,46.123324],[-122.978779,46.123381],[-122.978828,46.123412],[-122.979032,46.123414],[-122.979049,46.123574],[-122.979161,46.123594],[-122.979196,46.123675],[-122.979291,46.123684],[-122.979319,46.123762],[-122.97942,46.123774],[-122.979448,46.123852],[-122.979549,46.123864],[-122.979567,46.124024],[-122.979679,46.124044],[-122.979713,46.124125],[-122.979808,46.124134],[-122.979837,46.124212],[-122.979937,46.124224],[-122.979937,46.124314],[-122.979903,46.124362],[-122.979955,46.124474],[-122.980008,46.124494],[-122.980196,46.124494],[-122.980197,46.124986],[-122.980237,46.125028],[-122.980325,46.125034],[-122.980339,46.12519],[-122.980396,46.125214],[-122.980843,46.125214],[-122.980843,46.125394],[-122.980755,46.125401],[-122.980715,46.125438],[-122.980736,46.125559],[-122.980843,46.125574],[-122.980849,46.125631],[-122.980891,46.12566],[-122.981102,46.125664],[-122.981108,46.125721],[-122.98115,46.12575],[-122.981361,46.125755],[-122.981367,46.125811],[-122.981416,46.125842],[-122.98162,46.125845],[-122.981681,46.125869],[-122.981749,46.125845],[-122.981879,46.125845],[-122.98194,46.125869],[-122.982008,46.125845],[-122.982137,46.125845],[-122.982137,46.125935],[-122.982056,46.125939],[-122.982011,46.125973],[-122.982031,46.126099],[-122.982137,46.126115],[-122.98215,46.126181],[-122.982267,46.126205],[-122.98227,46.126256],[-122.982308,46.126288],[-122.982526,46.126295],[-122.982526,46.126426],[-122.98256,46.126466],[-122.982784,46.126475],[-122.982798,46.126541],[-122.982914,46.126565],[-122.98292,46.126621],[-122.982962,46.126651],[-122.983173,46.126655],[-122.98319,46.126725],[-122.983302,46.126745],[-122.983315,46.126811],[-122.983431,46.126835],[-122.983435,46.126886],[-122.983473,46.126918],[-122.98369,46.126925],[-122.983703,46.126991],[-122.98382,46.127015],[-122.983823,46.127067],[-122.983861,46.127099],[-122.984044,46.127096],[-122.984079,46.127015],[-122.984195,46.126991],[-122.984208,46.126925],[-122.98432,46.126905],[-122.984338,46.126835],[-122.984467,46.126835],[-122.98449,46.126909],[-122.984596,46.126925],[-122.984614,46.126995],[-122.984726,46.127015],[-122.98476,46.127096],[-122.984855,46.127105],[-122.984884,46.127183],[-122.984985,46.127195],[-122.985002,46.127355],[-122.985114,46.127375],[-122.985114,46.127465],[-122.985005,46.127472],[-122.984965,46.127521],[-122.984991,46.127702],[-122.985033,46.127731],[-122.985114,46.127735],[-122.985147,46.127829],[-122.985502,46.127825],[-122.985506,46.127877],[-122.985543,46.127909],[-122.985761,46.127915],[-122.985763,46.128052],[-122.985816,46.128093],[-122.986331,46.128095],[-122.986395,46.128071],[-122.986408,46.128005],[-122.986885,46.127999],[-122.986923,46.127967],[-122.986926,46.127915],[-122.987043,46.127891],[-122.987056,46.127825],[-122.987314,46.127825],[-122.987337,46.1279],[-122.98749,46.127938],[-122.987573,46.127915],[-122.987832,46.127915],[-122.987838,46.127985],[-122.9879,46.128019],[-122.988063,46.127993],[-122.988091,46.127915],[-122.988221,46.127915],[-122.988222,46.128066],[-122.988267,46.128105],[-122.988738,46.128096],[-122.988742,46.128147],[-122.988779,46.128179],[-122.988997,46.128186],[-122.98902,46.12826],[-122.989127,46.128276],[-122.98914,46.128342],[-122.989256,46.128366],[-122.989284,46.128443],[-122.989385,46.128456],[-122.989385,46.128635],[-122.988997,46.128635],[-122.988988,46.128574],[-122.988927,46.128546],[-122.988535,46.128548],[-122.988485,46.128579],[-122.988479,46.128635],[-122.988363,46.128659],[-122.98835,46.128725],[-122.988114,46.128741],[-122.988091,46.128815],[-122.988017,46.128818],[-122.987971,46.128844],[-122.987962,46.128941],[-122.987984,46.12898],[-122.988032,46.128995],[-122.988868,46.128996],[-122.988868,46.129085],[-122.988671,46.129087],[-122.988618,46.129114],[-122.988622,46.129331],[-122.988738,46.129356],[-122.988744,46.129412],[-122.988786,46.129441],[-122.988929,46.12947],[-122.988997,46.129446],[-122.989126,46.129446],[-122.98913,46.129497],[-122.989167,46.129529],[-122.989385,46.129536],[-122.989398,46.129782],[-122.989455,46.129805],[-122.989644,46.129806],[-122.989644,46.129896],[-122.989435,46.129896],[-122.989378,46.129921],[-122.989385,46.130076],[-122.989174,46.13008],[-122.989132,46.130109],[-122.989126,46.130165],[-122.989045,46.13017],[-122.989003,46.130199],[-122.988962,46.130298],[-122.988997,46.130346],[-122.988997,46.130477],[-122.989038,46.130519],[-122.989126,46.130526],[-122.989142,46.130608],[-122.989094,46.130648],[-122.989107,46.130693],[-122.989202,46.130717],[-122.98925,46.130686],[-122.989256,46.130616],[-122.989452,46.130615],[-122.989505,46.130587],[-122.989515,46.130436],[-122.989626,46.130416],[-122.989664,46.130311],[-122.989624,46.130262],[-122.989515,46.130256],[-122.989515,46.130166],[-122.989991,46.130159],[-122.990029,46.130127],[-122.990033,46.130076],[-122.990149,46.130052],[-122.990162,46.129986],[-122.990386,46.129977],[-122.990421,46.129896],[-122.990537,46.129872],[-122.99055,46.129806],[-122.990768,46.129799],[-122.990806,46.129767],[-122.990809,46.129716],[-122.990939,46.129716],[-122.990961,46.12979],[-122.991068,46.129806],[-122.991103,46.129887],[-122.991197,46.129896],[-122.991197,46.130076],[-122.991103,46.130085],[-122.991068,46.130166],[-122.990952,46.13019],[-122.990948,46.130317],[-122.990994,46.130343],[-122.991068,46.130346],[-122.991074,46.130402],[-122.991116,46.130432],[-122.991327,46.130436],[-122.991327,46.130706],[-122.99098,46.130712],[-122.990942,46.130744],[-122.990938,46.130796],[-122.990822,46.13082],[-122.990809,46.130886],[-122.990697,46.130905],[-122.990679,46.130976],[-122.990568,46.130995],[-122.99055,46.131066],[-122.99032,46.131078],[-122.990291,46.131156],[-122.99019,46.131168],[-122.990162,46.131246],[-122.990061,46.131258],[-122.990032,46.131336],[-122.989931,46.131348],[-122.989903,46.131426],[-122.989808,46.131435],[-122.989773,46.131516],[-122.989661,46.131535],[-122.989644,46.131647],[-122.989672,46.131683],[-122.990121,46.131689],[-122.990158,46.131657],[-122.990162,46.131606],[-122.990278,46.131582],[-122.990291,46.131516],[-122.990403,46.131496],[-122.990421,46.131426],[-122.990645,46.131417],[-122.99068,46.131336],[-122.990796,46.131312],[-122.990809,46.131246],[-122.990938,46.131246],[-122.991007,46.13127],[-122.991175,46.13123],[-122.991197,46.131156],[-122.991279,46.131152],[-122.991323,46.131117],[-122.991327,46.130886],[-122.991653,46.130885],[-122.991706,46.130857],[-122.991715,46.130796],[-122.991845,46.130796],[-122.991867,46.13087],[-122.991974,46.130886],[-122.991987,46.130952],[-122.992103,46.130976],[-122.992132,46.131054],[-122.992233,46.131066],[-122.992233,46.131156],[-122.992037,46.131157],[-122.991976,46.131199],[-122.99198,46.131392],[-122.992022,46.131422],[-122.992103,46.131427],[-122.992103,46.131606],[-122.992015,46.131612],[-122.991975,46.131649],[-122.991997,46.13177],[-122.992103,46.131786],[-122.992138,46.131867],[-122.99228,46.13189],[-122.992353,46.131861],[-122.992362,46.131786],[-122.992492,46.131786],[-122.992504,46.131865],[-122.992582,46.131889],[-122.992741,46.131847],[-122.992751,46.131696],[-122.992832,46.131692],[-122.992877,46.131658],[-122.99288,46.131516],[-122.993009,46.131516],[-122.993019,46.131667],[-122.993065,46.131694],[-122.993139,46.131696],[-122.993148,46.131757],[-122.993202,46.131785],[-122.99337,46.131774],[-122.993398,46.131737],[-122.993398,46.131606],[-122.993527,46.131606],[-122.993531,46.131748],[-122.993575,46.131782],[-122.993657,46.131786],[-122.99367,46.131942],[-122.993786,46.131966],[-122.993821,46.132047],[-122.993916,46.132056],[-122.993913,46.132237]],[[-122.954834,46.115667],[-122.954923,46.115661],[-122.954962,46.115623],[-122.954962,46.11544],[-122.954901,46.115398],[-122.954767,46.115398],[-122.954723,46.115417],[-122.954705,46.115577],[-122.95412,46.115578],[-122.954067,46.115605],[-122.954058,46.115667],[-122.953854,46.115669],[-122.953805,46.1157],[-122.953799,46.115756],[-122.953563,46.115772],[-122.95354,46.11581],[-122.953543,46.116078],[-122.953588,46.116112],[-122.953669,46.116117],[-122.953704,46.116197],[-122.953798,46.116207],[-122.953821,46.116371],[-122.954009,46.116382],[-122.954051,46.116353],[-122.954057,46.116297],[-122.954185,46.11628],[-122.954206,46.116241],[-122.954187,46.116027],[-122.954293,46.116011],[-122.954316,46.115937],[-122.954411,46.115928],[-122.954446,46.115847],[-122.954558,46.115827],[-122.954575,46.115757],[-122.954806,46.115745],[-122.954834,46.115667]],[[-122.95501,46.114609],[-122.955175,46.114583],[-122.955217,46.114554],[-122.955222,46.11436],[-122.955168,46.114319],[-122.955027,46.114318],[-122.954974,46.114345],[-122.954965,46.114407],[-122.95489,46.114409],[-122.954844,46.114435],[-122.954837,46.114543],[-122.954876,46.114581],[-122.95501,46.114609]],[[-122.955993,46.115184],[-122.956033,46.115074],[-122.955977,46.114963],[-122.955741,46.114947],[-122.955725,46.114865],[-122.955857,46.114833],[-122.955882,46.114707],[-122.95582,46.114678],[-122.955652,46.114684],[-122.955612,46.114726],[-122.955627,46.11485],[-122.95553,46.114861],[-122.955485,46.114895],[-122.955482,46.115127],[-122.9554,46.115131],[-122.955356,46.115165],[-122.955352,46.115487],[-122.955156,46.115488],[-122.955095,46.11553],[-122.955106,46.115643],[-122.955222,46.115667],[-122.955223,46.115888],[-122.955257,46.115928],[-122.955435,46.115946],[-122.955478,46.115912],[-122.955481,46.115847],[-122.955576,46.115845],[-122.955618,46.115822],[-122.955611,46.115667],[-122.955713,46.115663],[-122.955759,46.115622],[-122.955741,46.115217],[-122.955958,46.115211],[-122.955993,46.115184]],[[-122.955357,46.113326],[-122.955388,46.11329],[-122.955373,46.11325],[-122.955314,46.113224],[-122.955252,46.113236],[-122.955225,46.113272],[-122.955241,46.113321],[-122.955299,46.113341],[-122.955357,46.113326]],[[-122.955606,46.113924],[-122.955631,46.113822],[-122.955598,46.113787],[-122.955408,46.113779],[-122.955357,46.113815],[-122.955357,46.113919],[-122.955408,46.113955],[-122.955557,46.113955],[-122.955606,46.113924]],[[-122.956257,46.116567],[-122.956234,46.116403],[-122.955998,46.116387],[-122.955976,46.116313],[-122.955853,46.11629],[-122.955869,46.116242],[-122.955842,46.116206],[-122.955779,46.116194],[-122.955725,46.116216],[-122.955707,46.116265],[-122.955755,46.116305],[-122.955743,46.116439],[-122.955787,46.116473],[-122.955869,46.116477],[-122.955872,46.116619],[-122.955917,46.116653],[-122.955998,46.116657],[-122.956,46.116794],[-122.956039,46.116831],[-122.956211,46.116847],[-122.956254,46.116813],[-122.956257,46.116748],[-122.956331,46.116745],[-122.956377,46.116719],[-122.956377,46.116596],[-122.956331,46.11657],[-122.956257,46.116567]],[[-122.956295,46.112475],[-122.956254,46.112371],[-122.956212,46.112341],[-122.955927,46.11234],[-122.955874,46.112381],[-122.955872,46.112517],[-122.955791,46.112521],[-122.955746,46.112556],[-122.955756,46.112673],[-122.955872,46.112697],[-122.955885,46.112763],[-122.956001,46.112787],[-122.956007,46.112844],[-122.956056,46.112875],[-122.956219,46.112871],[-122.956257,46.112839],[-122.95626,46.112787],[-122.956341,46.112783],[-122.956386,46.112749],[-122.956376,46.112631],[-122.95626,46.112607],[-122.95626,46.112517],[-122.956295,46.112475]],[[-122.95587,46.115847],[-122.955835,46.115884],[-122.95585,46.115925],[-122.955909,46.11595],[-122.955965,46.115941],[-122.955997,46.115908],[-122.955986,46.115858],[-122.955931,46.115834],[-122.95587,46.115847]],[[-122.961598,46.113603],[-122.961893,46.113612],[-122.961948,46.11358],[-122.96195,46.113368],[-122.961884,46.11333],[-122.961565,46.113329],[-122.961566,46.113149],[-122.961667,46.113145],[-122.961714,46.113104],[-122.961695,46.112838],[-122.961654,46.112796],[-122.961566,46.112789],[-122.961537,46.112712],[-122.961436,46.112699],[-122.961437,46.112429],[-122.961532,46.11242],[-122.961566,46.112339],[-122.96164,46.112337],[-122.961686,46.112311],[-122.96173,46.112202],[-122.961683,46.112093],[-122.961626,46.11207],[-122.961437,46.112069],[-122.961424,46.112003],[-122.961308,46.111979],[-122.961279,46.111901],[-122.961049,46.111889],[-122.961045,46.111837],[-122.961008,46.111805],[-122.96079,46.111799],[-122.96079,46.111529],[-122.960864,46.111527],[-122.96091,46.111501],[-122.960902,46.111369],[-122.960729,46.111325],[-122.960661,46.111349],[-122.960402,46.111349],[-122.960379,46.111275],[-122.960273,46.111259],[-122.96026,46.111193],[-122.960144,46.111169],[-122.960115,46.111091],[-122.960014,46.111079],[-122.960034,46.110865],[-122.960012,46.110825],[-122.959885,46.110809],[-122.959879,46.110739],[-122.959832,46.110708],[-122.959497,46.110718],[-122.959495,46.110582],[-122.959449,46.110543],[-122.959109,46.110538],[-122.959086,46.110464],[-122.958979,46.110448],[-122.958945,46.110367],[-122.95885,46.110358],[-122.958833,46.110108],[-122.95878,46.110089],[-122.958591,46.110088],[-122.958569,46.110014],[-122.958462,46.109998],[-122.958462,46.109853],[-122.958429,46.109814],[-122.958238,46.109827],[-122.958204,46.109867],[-122.958203,46.109998],[-122.958122,46.110002],[-122.958077,46.110036],[-122.958087,46.110154],[-122.958144,46.110178],[-122.958332,46.110178],[-122.958338,46.110235],[-122.958388,46.110266],[-122.958591,46.110268],[-122.958614,46.110432],[-122.95872,46.110448],[-122.958738,46.110519],[-122.95885,46.110538],[-122.958884,46.110619],[-122.958979,46.110628],[-122.959008,46.110706],[-122.959108,46.110718],[-122.959137,46.110796],[-122.959367,46.110809],[-122.95939,46.110883],[-122.959497,46.110899],[-122.9595,46.11104],[-122.959544,46.111074],[-122.959626,46.111079],[-122.959626,46.111169],[-122.959408,46.111175],[-122.95937,46.111207],[-122.959367,46.111258],[-122.959251,46.111282],[-122.959237,46.111348],[-122.959126,46.111368],[-122.959108,46.111438],[-122.958897,46.111442],[-122.958855,46.111472],[-122.958849,46.111528],[-122.958722,46.111545],[-122.9587,46.111584],[-122.958729,46.11168],[-122.958775,46.111706],[-122.958849,46.111708],[-122.958849,46.111888],[-122.958631,46.111895],[-122.958593,46.111927],[-122.95859,46.111978],[-122.958264,46.111979],[-122.958211,46.112007],[-122.958202,46.112068],[-122.958072,46.112068],[-122.958069,46.112016],[-122.958031,46.111984],[-122.957798,46.11197],[-122.957813,46.111833],[-122.95778,46.111794],[-122.957724,46.111785],[-122.957578,46.111814],[-122.95754,46.111943],[-122.957582,46.111974],[-122.9577,46.111986],[-122.957687,46.11212],[-122.957732,46.112154],[-122.957813,46.112158],[-122.957813,46.112247],[-122.957617,46.112249],[-122.957564,46.112276],[-122.957555,46.112559],[-122.957617,46.112607],[-122.957942,46.112608],[-122.957958,46.11278],[-122.957908,46.112841],[-122.957948,46.112881],[-122.958011,46.112891],[-122.958068,46.112853],[-122.958056,46.112796],[-122.958173,46.112776],[-122.958201,46.112698],[-122.958296,46.112689],[-122.958331,46.112608],[-122.958447,46.112584],[-122.95846,46.112428],[-122.95859,46.112428],[-122.958599,46.11267],[-122.958652,46.112697],[-122.958848,46.112698],[-122.958848,46.112788],[-122.958742,46.112804],[-122.958719,46.112878],[-122.958618,46.112891],[-122.958589,46.112968],[-122.958494,46.112977],[-122.95846,46.113058],[-122.958348,46.113078],[-122.95833,46.113148],[-122.958094,46.113164],[-122.958071,46.113328],[-122.957965,46.113344],[-122.957942,46.113418],[-122.957295,46.113418],[-122.957272,46.113344],[-122.957166,46.113328],[-122.957148,46.113257],[-122.957036,46.113238],[-122.957002,46.113157],[-122.956907,46.113148],[-122.956878,46.11307],[-122.956778,46.113058],[-122.956778,46.112878],[-122.956981,46.112875],[-122.957036,46.112824],[-122.957035,46.112741],[-122.957002,46.112707],[-122.956778,46.112698],[-122.956762,46.112525],[-122.956879,46.112505],[-122.956907,46.112428],[-122.956996,46.112421],[-122.957036,46.112379],[-122.957036,46.112283],[-122.95701,46.112247],[-122.956954,46.112234],[-122.956826,46.112252],[-122.956784,46.112281],[-122.956778,46.112338],[-122.956697,46.112342],[-122.956654,46.112371],[-122.956664,46.11251],[-122.956567,46.112522],[-122.956525,46.112551],[-122.956519,46.112787],[-122.956445,46.11279],[-122.956399,46.112816],[-122.956389,46.112967],[-122.956283,46.112983],[-122.95626,46.113057],[-122.956063,46.113058],[-122.956007,46.113091],[-122.956001,46.113189],[-122.956029,46.113225],[-122.95626,46.113237],[-122.956259,46.113506],[-122.956141,46.113518],[-122.956098,46.113488],[-122.956039,46.113486],[-122.955985,46.113526],[-122.955993,46.113572],[-122.956043,46.113596],[-122.956119,46.113586],[-122.956148,46.113668],[-122.956259,46.113687],[-122.956277,46.113758],[-122.956389,46.113778],[-122.956398,46.113839],[-122.956451,46.113866],[-122.957095,46.113867],[-122.957156,46.113839],[-122.957165,46.113778],[-122.957553,46.113778],[-122.957571,46.113848],[-122.957683,46.113868],[-122.957696,46.113934],[-122.95776,46.113958],[-122.958023,46.113954],[-122.958065,46.113925],[-122.958071,46.113868],[-122.95833,46.113868],[-122.958364,46.113949],[-122.958588,46.113958],[-122.958611,46.114032],[-122.958718,46.114048],[-122.958698,46.114268],[-122.958725,46.114306],[-122.958847,46.114318],[-122.958853,46.114375],[-122.958902,46.114406],[-122.959235,46.114409],[-122.959248,46.114475],[-122.959313,46.114499],[-122.959698,46.114496],[-122.959747,46.114465],[-122.959753,46.114409],[-122.959885,46.114388],[-122.959876,46.114262],[-122.959834,46.114233],[-122.959753,46.114229],[-122.959753,46.114139],[-122.959983,46.114127],[-122.960012,46.11409],[-122.960012,46.113869],[-122.960238,46.113873],[-122.960271,46.113779],[-122.960352,46.113775],[-122.960394,46.113746],[-122.960401,46.113599],[-122.960589,46.113599],[-122.960642,46.113579],[-122.96066,46.113329],[-122.960789,46.113329],[-122.960802,46.113395],[-122.960918,46.113419],[-122.960924,46.113476],[-122.960973,46.113507],[-122.961143,46.1135],[-122.961177,46.113419],[-122.961436,46.113419],[-122.961459,46.113493],[-122.961565,46.113509],[-122.961598,46.113603]],[[-122.95794,46.116208],[-122.95794,46.115703],[-122.957872,46.115655],[-122.957593,46.115674],[-122.957555,46.115706],[-122.957552,46.115758],[-122.957341,46.115762],[-122.957299,46.115791],[-122.957293,46.115848],[-122.957089,46.11585],[-122.95704,46.115881],[-122.957034,46.115938],[-122.95681,46.115947],[-122.956775,46.116028],[-122.956646,46.116028],[-122.956628,46.115957],[-122.956516,46.115937],[-122.956507,46.115876],[-122.956446,46.115848],[-122.956176,46.115852],[-122.956134,46.115881],[-122.956128,46.115937],[-122.956026,46.115942],[-122.95598,46.115982],[-122.956021,46.116192],[-122.956387,46.116208],[-122.9564,46.116364],[-122.956516,46.116388],[-122.95655,46.116468],[-122.956699,46.116501],[-122.956775,46.116478],[-122.956987,46.116487],[-122.95703,46.116453],[-122.957034,46.116388],[-122.958014,46.116386],[-122.958066,46.11635],[-122.958066,46.116246],[-122.958021,46.116212],[-122.95794,46.116208]],[[-122.956858,46.114232],[-122.956708,46.114203],[-122.956647,46.114228],[-122.956436,46.114232],[-122.956394,46.114261],[-122.956377,46.114328],[-122.956309,46.114318],[-122.956256,46.114338],[-122.956246,46.114394],[-122.95632,46.114432],[-122.956399,46.114396],[-122.956858,46.114404],[-122.956904,46.114364],[-122.956903,46.114266],[-122.956858,46.114232]],[[-122.957423,46.114628],[-122.957356,46.114574],[-122.956976,46.114588],[-122.956915,46.114616],[-122.956905,46.114678],[-122.956669,46.114693],[-122.956647,46.114768],[-122.956552,46.114777],[-122.956517,46.114822],[-122.95653,46.114924],[-122.956646,46.114948],[-122.956669,46.115112],[-122.956843,46.115127],[-122.956896,46.115099],[-122.956905,46.115038],[-122.957271,46.115022],[-122.957294,46.114948],[-122.957375,46.114944],[-122.95742,46.11491],[-122.957423,46.114628]],[[-122.957685,46.111348],[-122.957672,46.111282],[-122.957555,46.111258],[-122.957521,46.111177],[-122.957297,46.111168],[-122.957262,46.111087],[-122.9571,46.111079],[-122.957047,46.111106],[-122.957038,46.111168],[-122.956963,46.11117],[-122.956917,46.111196],[-122.956924,46.11134],[-122.956792,46.111372],[-122.95678,46.111484],[-122.956834,46.111525],[-122.956998,46.111535],[-122.957037,46.111493],[-122.957022,46.111355],[-122.957167,46.111348],[-122.957185,46.111418],[-122.957296,46.111438],[-122.957331,46.111519],[-122.957426,46.111528],[-122.957454,46.111606],[-122.957622,46.111617],[-122.957675,46.111589],[-122.957685,46.111528],[-122.957773,46.111522],[-122.957812,46.111484],[-122.957801,46.111372],[-122.957685,46.111348]],[[-122.957343,46.117828],[-122.957419,46.117784],[-122.95742,46.117511],[-122.957366,46.11747],[-122.957225,46.117469],[-122.957166,46.117506],[-122.957162,46.117648],[-122.95713,46.117706],[-122.95719,46.117816],[-122.957343,46.117828]],[[-122.957811,46.115038],[-122.957808,46.114536],[-122.957756,46.1145],[-122.957608,46.1145],[-122.957553,46.114547],[-122.957553,46.114989],[-122.957593,46.115032],[-122.957698,46.115046],[-122.957697,46.11521],[-122.957575,46.115234],[-122.957541,46.115319],[-122.957197,46.115304],[-122.957145,46.115427],[-122.957166,46.115471],[-122.957214,46.115488],[-122.95749,46.115487],[-122.957543,46.115459],[-122.957563,46.115387],[-122.957733,46.115398],[-122.957788,46.115382],[-122.957811,46.115344],[-122.957795,46.115226],[-122.957906,46.115209],[-122.957941,46.115164],[-122.957928,46.115062],[-122.957811,46.115038]],[[-122.957444,46.112743],[-122.957419,46.112641],[-122.95737,46.11261],[-122.957221,46.11261],[-122.957169,46.112646],[-122.957169,46.112749],[-122.957221,46.112785],[-122.957411,46.112778],[-122.957444,46.112743]],[[-122.957299,46.111979],[-122.957242,46.111964],[-122.957183,46.111984],[-122.957167,46.112033],[-122.957194,46.112069],[-122.957256,46.112081],[-122.957315,46.112055],[-122.95733,46.112015],[-122.957299,46.111979]],[[-122.958198,46.116788],[-122.95813,46.116735],[-122.957599,46.116752],[-122.957557,46.116781],[-122.957551,46.116838],[-122.957342,46.116838],[-122.957284,46.116863],[-122.957298,46.117075],[-122.95734,46.117104],[-122.957421,46.117108],[-122.957456,46.117189],[-122.957597,46.117221],[-122.95768,46.117198],[-122.95815,46.117194],[-122.958197,46.117149],[-122.958198,46.116788]],[[-122.957472,46.113144],[-122.957623,46.11316],[-122.957674,46.113133],[-122.957677,46.113001],[-122.957621,46.112969],[-122.957452,46.112972],[-122.957405,46.113018],[-122.95743,46.113115],[-122.957472,46.113144]],[[-122.957815,46.110628],[-122.957811,46.110563],[-122.957768,46.110529],[-122.957573,46.110558],[-122.957556,46.110718],[-122.957467,46.110724],[-122.957428,46.110761],[-122.957406,46.110937],[-122.95744,46.110978],[-122.95763,46.110986],[-122.957679,46.110955],[-122.957685,46.110898],[-122.957874,46.110898],[-122.957926,46.110878],[-122.957941,46.110666],[-122.957896,46.110632],[-122.957815,46.110628]],[[-122.96302,46.118958],[-122.962962,46.118836],[-122.962856,46.11882],[-122.962847,46.118668],[-122.962801,46.118642],[-122.962727,46.11864],[-122.962704,46.118566],[-122.962468,46.11855],[-122.962462,46.118403],[-122.96242,46.118374],[-122.962338,46.11837],[-122.962316,46.118295],[-122.96208,46.11828],[-122.96208,46.1181],[-122.962468,46.1181],[-122.962486,46.11817],[-122.962597,46.11819],[-122.962606,46.118251],[-122.962667,46.11828],[-122.962822,46.118271],[-122.962856,46.11819],[-122.963053,46.118189],[-122.963109,46.118157],[-122.963098,46.11803],[-122.962986,46.11801],[-122.962951,46.117929],[-122.962856,46.11792],[-122.962843,46.117764],[-122.962727,46.11774],[-122.962693,46.117659],[-122.962598,46.11765],[-122.962598,46.117428],[-122.96257,46.117392],[-122.962387,46.117384],[-122.962345,46.117413],[-122.962339,46.11747],[-122.962232,46.117485],[-122.962209,46.11765],[-122.96208,46.11765],[-122.962071,46.117588],[-122.962018,46.117561],[-122.961692,46.117559],[-122.961669,46.117485],[-122.961563,46.117469],[-122.961528,46.117388],[-122.961433,46.117379],[-122.96143,46.117238],[-122.961385,46.117203],[-122.961304,46.117199],[-122.961291,46.117043],[-122.961175,46.117019],[-122.961158,46.116756],[-122.9611,46.116735],[-122.960916,46.116749],[-122.960924,46.116594],[-122.960881,46.116572],[-122.960787,46.116569],[-122.960769,46.116499],[-122.960657,46.116479],[-122.960644,46.116413],[-122.960528,46.116389],[-122.960493,46.116308],[-122.960338,46.116275],[-122.960269,46.116299],[-122.96014,46.116299],[-122.960117,46.116225],[-122.96001,46.116209],[-122.960011,46.116119],[-122.960044,46.116066],[-122.960005,46.115972],[-122.959963,46.115943],[-122.959791,46.115932],[-122.959755,46.115964],[-122.959752,46.116029],[-122.959236,46.116029],[-122.959225,46.115954],[-122.959152,46.115925],[-122.959004,46.115951],[-122.958975,46.116028],[-122.958848,46.116028],[-122.958833,46.115949],[-122.958756,46.115925],[-122.958615,46.115951],[-122.958587,46.116028],[-122.958492,46.116037],[-122.958457,46.116118],[-122.958346,46.116138],[-122.958328,46.116353],[-122.958395,46.116402],[-122.958574,46.116364],[-122.958587,46.116208],[-122.958975,46.11621],[-122.958974,46.116928],[-122.958607,46.116935],[-122.958566,46.116979],[-122.958586,46.117198],[-122.958221,46.117214],[-122.958201,46.11734],[-122.958246,46.117374],[-122.958327,46.117378],[-122.958327,46.117468],[-122.958226,46.11748],[-122.958197,46.117558],[-122.958109,46.117565],[-122.95807,46.117602],[-122.958053,46.117794],[-122.958103,46.117826],[-122.958197,46.117828],[-122.9582,46.11824],[-122.958245,46.118274],[-122.958326,46.118278],[-122.958355,46.118356],[-122.958659,46.118366],[-122.958709,46.118335],[-122.958715,46.118278],[-122.958831,46.118254],[-122.958844,46.118189],[-122.959103,46.118189],[-122.959109,46.118245],[-122.959158,46.118276],[-122.959491,46.118279],[-122.959493,46.118429],[-122.959544,46.11847],[-122.959732,46.118439],[-122.95975,46.118279],[-122.960007,46.118279],[-122.960026,46.118349],[-122.960138,46.118369],[-122.960147,46.118444],[-122.960221,46.118473],[-122.960379,46.118439],[-122.960397,46.118279],[-122.960504,46.118263],[-122.960527,46.118189],[-122.961432,46.118189],[-122.961448,46.118542],[-122.961316,46.118573],[-122.961276,46.118708],[-122.961364,46.118753],[-122.961527,46.11872],[-122.961561,46.118681],[-122.961546,46.118557],[-122.961668,46.118534],[-122.961691,46.11846],[-122.961821,46.11846],[-122.961843,46.118534],[-122.96195,46.11855],[-122.96195,46.118998],[-122.961855,46.119009],[-122.96182,46.119089],[-122.961714,46.119105],[-122.961691,46.119179],[-122.9615,46.119166],[-122.961438,46.119199],[-122.961441,46.119331],[-122.961487,46.119357],[-122.961561,46.119359],[-122.961561,46.119629],[-122.961466,46.119638],[-122.961431,46.119719],[-122.961357,46.119722],[-122.961311,46.119748],[-122.961303,46.119856],[-122.961364,46.119898],[-122.96163,46.119912],[-122.961685,46.11988],[-122.96169,46.11981],[-122.961921,46.119797],[-122.961949,46.119761],[-122.961949,46.11963],[-122.962031,46.119625],[-122.962075,46.119591],[-122.962079,46.11945],[-122.962327,46.119439],[-122.962399,46.119474],[-122.96246,46.119456],[-122.962487,46.119416],[-122.962465,46.119376],[-122.962417,46.11936],[-122.962349,46.119371],[-122.962315,46.119285],[-122.962208,46.11927],[-122.962209,46.11918],[-122.962315,46.119164],[-122.962338,46.11909],[-122.962467,46.11909],[-122.962448,46.119219],[-122.962488,46.119263],[-122.962665,46.119294],[-122.962827,46.119258],[-122.962855,46.119221],[-122.962856,46.11909],[-122.962937,46.119086],[-122.962982,46.119052],[-122.96302,46.118958]],[[-122.95833,46.110446],[-122.958279,46.110425],[-122.958221,46.110435],[-122.958184,46.110477],[-122.9582,46.110518],[-122.958253,46.110538],[-122.958325,46.110525],[-122.958352,46.110488],[-122.95833,46.110446]],[[-122.958588,46.111526],[-122.958537,46.111505],[-122.958479,46.111515],[-122.958442,46.111557],[-122.958458,46.111598],[-122.958511,46.111618],[-122.958583,46.111605],[-122.95861,46.111568],[-122.958588,46.111526]],[[-122.959102,46.11563],[-122.959122,46.115528],[-122.95907,46.115491],[-122.958657,46.115489],[-122.958593,46.115522],[-122.958588,46.11562],[-122.958628,46.115662],[-122.958793,46.115692],[-122.958846,46.115668],[-122.959064,46.115662],[-122.959102,46.11563]],[[-122.959863,46.109893],[-122.959904,46.109774],[-122.959872,46.109738],[-122.959705,46.109729],[-122.95964,46.109753],[-122.959627,46.109819],[-122.959391,46.109834],[-122.959368,46.109908],[-122.959286,46.109913],[-122.959244,46.109942],[-122.959238,46.110088],[-122.959157,46.110093],[-122.959112,46.110127],[-122.959132,46.110343],[-122.959186,46.110358],[-122.959345,46.110343],[-122.959368,46.110269],[-122.959463,46.110259],[-122.959497,46.110179],[-122.959613,46.110155],[-122.959627,46.109999],[-122.959722,46.10999],[-122.959756,46.109909],[-122.959863,46.109893]],[[-122.960062,46.115759],[-122.960137,46.115721],[-122.960123,46.115599],[-122.960011,46.115579],[-122.959976,46.115498],[-122.959882,46.115489],[-122.959853,46.115411],[-122.959752,46.115399],[-122.959724,46.115321],[-122.959623,46.115309],[-122.959594,46.115231],[-122.95944,46.115195],[-122.959376,46.115209],[-122.959329,46.115266],[-122.959364,46.115309],[-122.959381,46.115469],[-122.959434,46.115488],[-122.959623,46.115489],[-122.95964,46.115559],[-122.959752,46.115579],[-122.959786,46.11566],[-122.959881,46.115669],[-122.95991,46.115747],[-122.960062,46.115759]],[[-122.959621,46.109425],[-122.959646,46.109324],[-122.959613,46.109288],[-122.959423,46.109281],[-122.959372,46.109317],[-122.959372,46.10942],[-122.959423,46.109456],[-122.959572,46.109456],[-122.959621,46.109425]],[[-122.96194,46.114385],[-122.961972,46.114275],[-122.961939,46.114239],[-122.961772,46.114229],[-122.961707,46.114253],[-122.961694,46.114319],[-122.961306,46.114319],[-122.961303,46.113908],[-122.961251,46.113872],[-122.961102,46.113871],[-122.961049,46.113913],[-122.961047,46.114049],[-122.960941,46.114065],[-122.960918,46.114139],[-122.960682,46.114155],[-122.960659,46.114319],[-122.960423,46.114335],[-122.9604,46.114499],[-122.960169,46.114511],[-122.960141,46.114548],[-122.960144,46.114654],[-122.960209,46.114692],[-122.960352,46.114675],[-122.960394,46.114646],[-122.960411,46.114578],[-122.960788,46.114589],[-122.960816,46.114667],[-122.961047,46.114679],[-122.961053,46.114736],[-122.961102,46.114767],[-122.961237,46.114793],[-122.961306,46.114769],[-122.961639,46.114767],[-122.96169,46.114731],[-122.961705,46.114619],[-122.961652,46.11459],[-122.961435,46.114589],[-122.961435,46.114499],[-122.961782,46.114493],[-122.96182,46.114461],[-122.961824,46.114409],[-122.96194,46.114385]],[[-122.960966,46.119179],[-122.961038,46.119146],[-122.961043,46.119048],[-122.961003,46.119006],[-122.960914,46.118999],[-122.960914,46.118909],[-122.960996,46.118905],[-122.961038,46.118876],[-122.961044,46.118778],[-122.961016,46.118741],[-122.96084,46.118731],[-122.960791,46.118762],[-122.960785,46.118819],[-122.960537,46.11883],[-122.96052,46.118762],[-122.960478,46.118733],[-122.960269,46.118745],[-122.960248,46.11879],[-122.96029,46.118893],[-122.960526,46.118909],[-122.960526,46.11904],[-122.960554,46.119077],[-122.960785,46.119089],[-122.960819,46.11917],[-122.960966,46.119179]],[[-122.960966,46.118639],[-122.961041,46.118601],[-122.961035,46.118488],[-122.960982,46.11846],[-122.960826,46.118466],[-122.960787,46.118503],[-122.960794,46.118611],[-122.960848,46.118638],[-122.960966,46.118639]],[[-122.961044,46.119359],[-122.961062,46.119314],[-122.96103,46.119279],[-122.960964,46.119269],[-122.960911,46.11929],[-122.960895,46.11933],[-122.960933,46.119373],[-122.96099,46.119383],[-122.961044,46.119359]],[[-122.961224,46.119629],[-122.961301,46.119586],[-122.961301,46.119493],[-122.961274,46.119462],[-122.960997,46.119436],[-122.960931,46.119456],[-122.960914,46.119581],[-122.960942,46.119617],[-122.961224,46.119629]],[[-122.961098,46.115129],[-122.961173,46.115091],[-122.961167,46.114978],[-122.961114,46.11495],[-122.960957,46.114942],[-122.960918,46.114984],[-122.960926,46.115101],[-122.96098,46.115128],[-122.961098,46.115129]],[[-122.961308,46.111569],[-122.961248,46.111517],[-122.961084,46.111538],[-122.96105,46.111573],[-122.961041,46.111684],[-122.961099,46.111709],[-122.961273,46.1117],[-122.961306,46.111666],[-122.961308,46.111569]],[[-122.961227,46.115939],[-122.961301,46.115901],[-122.961296,46.115788],[-122.961242,46.11576],[-122.961087,46.115766],[-122.961049,46.115798],[-122.961034,46.11591],[-122.961088,46.115938],[-122.961227,46.115939]],[[-122.961696,46.111209],[-122.961629,46.111156],[-122.961466,46.111182],[-122.961437,46.111259],[-122.961356,46.111263],[-122.961314,46.111293],[-122.961325,46.111433],[-122.96139,46.111453],[-122.961538,46.111427],[-122.961567,46.111349],[-122.961641,46.111347],[-122.961687,46.111321],[-122.961696,46.111209]],[[-122.961741,46.12071],[-122.961818,46.120666],[-122.961818,46.120573],[-122.961785,46.120539],[-122.961621,46.120505],[-122.961428,46.12055],[-122.961412,46.120591],[-122.961465,46.1207],[-122.961741,46.12071]],[[-122.961874,46.116749],[-122.961948,46.116711],[-122.961938,46.116594],[-122.961881,46.11657],[-122.961706,46.116579],[-122.961673,46.116625],[-122.961706,46.116725],[-122.961755,46.116748],[-122.961874,46.116749]],[[-122.967516,46.117741],[-122.967493,46.117667],[-122.967386,46.117651],[-122.967364,46.117487],[-122.967257,46.117471],[-122.967244,46.117405],[-122.967128,46.117381],[-122.967124,46.117329],[-122.967087,46.117297],[-122.966869,46.117291],[-122.966867,46.117065],[-122.966828,46.117027],[-122.96674,46.117021],[-122.966717,46.116857],[-122.96661,46.116841],[-122.966604,46.116784],[-122.966562,46.116755],[-122.966352,46.116751],[-122.966346,46.116694],[-122.966304,46.116665],[-122.966093,46.116661],[-122.966093,46.116571],[-122.966188,46.116562],[-122.966222,46.116481],[-122.966297,46.116479],[-122.966342,46.116452],[-122.966348,46.116339],[-122.966304,46.116305],[-122.966222,46.116301],[-122.966188,46.11622],[-122.966093,46.116211],[-122.966065,46.116133],[-122.965964,46.116121],[-122.965935,46.116043],[-122.965834,46.116031],[-122.965828,46.115974],[-122.965786,46.115945],[-122.965644,46.115917],[-122.965575,46.115941],[-122.965317,46.115941],[-122.965311,46.115884],[-122.965262,46.115853],[-122.964929,46.11585],[-122.964919,46.115789],[-122.964866,46.115761],[-122.96454,46.11576],[-122.964537,46.115709],[-122.964499,46.115677],[-122.964282,46.11567],[-122.964276,46.115614],[-122.964226,46.115583],[-122.964023,46.11558],[-122.96401,46.115514],[-122.963893,46.11549],[-122.96389,46.115438],[-122.963852,46.115406],[-122.963635,46.1154],[-122.963625,46.115339],[-122.963572,46.115311],[-122.963246,46.11531],[-122.963233,46.115244],[-122.963169,46.11522],[-122.963022,46.115229],[-122.962987,46.11531],[-122.962751,46.115326],[-122.962729,46.1154],[-122.962654,46.115402],[-122.962608,46.115428],[-122.962599,46.11558],[-122.962492,46.115595],[-122.96247,46.11567],[-122.962252,46.115676],[-122.962214,46.115708],[-122.962211,46.11576],[-122.962,46.115764],[-122.961958,46.115793],[-122.961952,46.115849],[-122.96187,46.115854],[-122.961828,46.115883],[-122.961824,46.116256],[-122.961863,46.116293],[-122.961951,46.1163],[-122.961974,46.116464],[-122.962081,46.11648],[-122.962098,46.11655],[-122.96221,46.11657],[-122.962223,46.116636],[-122.962339,46.11666],[-122.962374,46.116741],[-122.962598,46.11675],[-122.962611,46.116816],[-122.962728,46.11684],[-122.962762,46.116921],[-122.962986,46.11693],[-122.963009,46.117004],[-122.963116,46.11702],[-122.963125,46.117171],[-122.963171,46.117198],[-122.963245,46.1172],[-122.96328,46.117281],[-122.963504,46.11729],[-122.963517,46.117356],[-122.963633,46.11738],[-122.963639,46.117437],[-122.963681,46.117466],[-122.964021,46.11747],[-122.964039,46.11763],[-122.964151,46.11765],[-122.964185,46.117731],[-122.96428,46.11774],[-122.964308,46.117818],[-122.964409,46.11783],[-122.964438,46.117908],[-122.964539,46.11792],[-122.964567,46.117998],[-122.964668,46.11801],[-122.964697,46.118088],[-122.964797,46.118101],[-122.964826,46.118178],[-122.965315,46.118191],[-122.965328,46.118347],[-122.965444,46.118371],[-122.965462,46.118441],[-122.965574,46.118461],[-122.965587,46.118527],[-122.965703,46.118551],[-122.965709,46.118607],[-122.965751,46.118637],[-122.966425,46.118639],[-122.966474,46.118608],[-122.96648,46.118551],[-122.966596,46.118527],[-122.966609,46.118461],[-122.966806,46.11846],[-122.966865,46.118423],[-122.966859,46.11822],[-122.966813,46.118193],[-122.966739,46.118191],[-122.966704,46.11811],[-122.96661,46.118101],[-122.966581,46.118023],[-122.96648,46.118011],[-122.966452,46.117933],[-122.966351,46.117921],[-122.966347,46.117779],[-122.966303,46.117745],[-122.966222,46.117741],[-122.966222,46.117651],[-122.966439,46.117645],[-122.966477,46.117613],[-122.96648,46.117561],[-122.966597,46.117537],[-122.96661,46.117471],[-122.966739,46.117471],[-122.966762,46.117635],[-122.966998,46.117651],[-122.966998,46.117921],[-122.966924,46.117923],[-122.966878,46.11795],[-122.966877,46.118073],[-122.966938,46.118101],[-122.967256,46.118101],[-122.967266,46.118163],[-122.967327,46.118191],[-122.967453,46.11819],[-122.967502,46.118167],[-122.967516,46.117921],[-122.967597,46.117917],[-122.967642,46.117883],[-122.967632,46.117765],[-122.967516,46.117741]],[[-122.961879,46.111],[-122.962072,46.110965],[-122.962081,46.110848],[-122.96203,46.110812],[-122.961881,46.110812],[-122.961827,46.110853],[-122.961829,46.110965],[-122.961879,46.111]],[[-122.962471,46.11396],[-122.962448,46.113885],[-122.962342,46.11387],[-122.962332,46.113718],[-122.962286,46.113692],[-122.962212,46.113689],[-122.962189,46.113615],[-122.962011,46.113599],[-122.961955,46.113616],[-122.961934,46.113655],[-122.961962,46.113751],[-122.962008,46.113777],[-122.962083,46.11378],[-122.962082,46.114099],[-122.962104,46.114137],[-122.962165,46.114153],[-122.962566,46.114131],[-122.9626,46.114091],[-122.962594,46.113993],[-122.962552,46.113964],[-122.962471,46.11396]],[[-122.962744,46.120575],[-122.962716,46.120378],[-122.96267,46.120352],[-122.962596,46.12035],[-122.96259,46.120293],[-122.962541,46.120262],[-122.962385,46.120264],[-122.962343,46.120293],[-122.962337,46.12035],[-122.962141,46.120351],[-122.962082,46.120388],[-122.962084,46.120496],[-122.962126,46.120526],[-122.962207,46.12053],[-122.962209,46.120666],[-122.962262,46.120707],[-122.962413,46.120721],[-122.962461,46.12069],[-122.962466,46.12062],[-122.962705,46.120613],[-122.962744,46.120575]],[[-122.962354,46.11995],[-122.962328,46.119658],[-122.962275,46.119631],[-122.96212,46.119636],[-122.962079,46.119678],[-122.962087,46.119974],[-122.962154,46.120003],[-122.96231,46.119985],[-122.962354,46.11995]],[[-122.962523,46.11369],[-122.962597,46.113651],[-122.962587,46.113534],[-122.962471,46.11351],[-122.962468,46.113458],[-122.96243,46.113426],[-122.962246,46.113415],[-122.962213,46.113455],[-122.962225,46.113576],[-122.962342,46.1136],[-122.962345,46.113651],[-122.962383,46.113683],[-122.962523,46.11369]],[[-122.962733,46.113331],[-122.962676,46.113316],[-122.962618,46.113336],[-122.962601,46.113385],[-122.962628,46.113421],[-122.962691,46.113433],[-122.962749,46.113407],[-122.962764,46.113367],[-122.962733,46.113331]],[[-122.963008,46.114673],[-122.963316,46.114692],[-122.963367,46.114665],[-122.963359,46.11452],[-122.963247,46.1145],[-122.963244,46.114435],[-122.963201,46.114401],[-122.962999,46.114421],[-122.962987,46.114273],[-122.962954,46.114239],[-122.962758,46.114242],[-122.962729,46.114284],[-122.962747,46.11448],[-122.962799,46.114499],[-122.962977,46.114489],[-122.962969,46.114635],[-122.963008,46.114673]],[[-122.962986,46.121791],[-122.962929,46.121776],[-122.962871,46.121796],[-122.962854,46.121845],[-122.962881,46.121881],[-122.962944,46.121893],[-122.963003,46.121867],[-122.963017,46.121827],[-122.962986,46.121791]],[[-122.963356,46.121152],[-122.963407,46.121022],[-122.963372,46.12098],[-122.963372,46.12089],[-122.963488,46.120866],[-122.963498,46.120748],[-122.963454,46.120714],[-122.963372,46.12071],[-122.963369,46.120658],[-122.963331,46.120626],[-122.963169,46.120622],[-122.963115,46.120663],[-122.963113,46.1208],[-122.963032,46.120804],[-122.962987,46.120838],[-122.962967,46.12103],[-122.963011,46.121066],[-122.963113,46.12107],[-122.963148,46.121151],[-122.963258,46.121168],[-122.963248,46.12123],[-122.96331,46.121263],[-122.963366,46.121253],[-122.963404,46.121218],[-122.963356,46.121152]],[[-122.963235,46.113264],[-122.963042,46.113229],[-122.962992,46.113265],[-122.96299,46.11339],[-122.963049,46.113432],[-122.9632,46.113416],[-122.963246,46.113376],[-122.963235,46.113264]],[[-122.963298,46.11513],[-122.963374,46.115086],[-122.963373,46.114898],[-122.963321,46.114862],[-122.963172,46.114862],[-122.963119,46.114903],[-122.96312,46.115092],[-122.963172,46.115128],[-122.963298,46.11513]],[[-122.964311,46.121843],[-122.964264,46.121724],[-122.964148,46.1217],[-122.964125,46.121626],[-122.964019,46.12161],[-122.964017,46.121474],[-122.963964,46.121433],[-122.963665,46.121439],[-122.963631,46.121479],[-122.96363,46.12161],[-122.963549,46.121614],[-122.963504,46.121648],[-122.963524,46.121774],[-122.96376,46.12179],[-122.963773,46.121856],[-122.963889,46.12188],[-122.963895,46.121937],[-122.963944,46.121968],[-122.964249,46.121958],[-122.964311,46.121843]],[[-122.964105,46.114684],[-122.963947,46.114657],[-122.963894,46.11468],[-122.963698,46.114681],[-122.963644,46.114709],[-122.963644,46.114831],[-122.96369,46.114858],[-122.963764,46.11486],[-122.963768,46.114912],[-122.963805,46.114944],[-122.963962,46.114974],[-122.964143,46.114922],[-122.964149,46.114719],[-122.964105,46.114684]],[[-122.964926,46.120441],[-122.965007,46.120436],[-122.965052,46.120402],[-122.965052,46.120299],[-122.965,46.120263],[-122.964831,46.12027],[-122.964796,46.12035],[-122.964578,46.120357],[-122.964541,46.120389],[-122.964537,46.12044],[-122.964421,46.120464],[-122.964408,46.12053],[-122.964296,46.12055],[-122.964278,46.12062],[-122.964042,46.120636],[-122.964008,46.120771],[-122.964069,46.1208],[-122.964345,46.120799],[-122.964398,46.120772],[-122.964408,46.12071],[-122.964537,46.12071],[-122.964572,46.120791],[-122.964756,46.120807],[-122.964796,46.120766],[-122.964796,46.120531],[-122.964903,46.120515],[-122.964926,46.120441]],[[-122.964204,46.11531],[-122.964278,46.115272],[-122.964273,46.115159],[-122.964219,46.115131],[-122.964064,46.115137],[-122.964024,46.115174],[-122.964032,46.115282],[-122.964085,46.115309],[-122.964204,46.11531]],[[-122.964536,46.12125],[-122.964504,46.121156],[-122.964439,46.121148],[-122.964388,46.121173],[-122.964375,46.121219],[-122.964423,46.121258],[-122.96442,46.121406],[-122.96447,46.121429],[-122.964611,46.121428],[-122.964663,46.121392],[-122.964663,46.121289],[-122.964618,46.121255],[-122.964536,46.12125]],[[-122.964588,46.1226],[-122.964662,46.122562],[-122.964652,46.122444],[-122.964595,46.122421],[-122.96442,46.12243],[-122.964387,46.122476],[-122.96442,46.122576],[-122.964469,46.122599],[-122.964588,46.1226]],[[-122.96457,46.122951],[-122.964734,46.122973],[-122.964786,46.122945],[-122.964785,46.122809],[-122.964739,46.122783],[-122.964665,46.12278],[-122.964662,46.122729],[-122.964624,46.122697],[-122.964447,46.122697],[-122.964408,46.122734],[-122.964415,46.122842],[-122.964461,46.122868],[-122.964536,46.122871],[-122.96457,46.122951]],[[-122.964796,46.120931],[-122.964735,46.120878],[-122.964571,46.1209],[-122.964538,46.120934],[-122.964529,46.121045],[-122.964587,46.12107],[-122.964761,46.121061],[-122.964794,46.121027],[-122.964796,46.120931]],[[-122.964818,46.114815],[-122.964794,46.114714],[-122.964752,46.114684],[-122.964609,46.114667],[-122.964547,46.1147],[-122.964542,46.114817],[-122.964589,46.114856],[-122.964779,46.114854],[-122.964818,46.114815]],[[-122.965701,46.121701],[-122.965818,46.121677],[-122.965827,46.121559],[-122.965768,46.121522],[-122.965572,46.121521],[-122.965572,46.121389],[-122.965538,46.12135],[-122.965382,46.121317],[-122.965313,46.121341],[-122.965184,46.121341],[-122.965175,46.121279],[-122.965114,46.121251],[-122.964866,46.121251],[-122.964809,46.121275],[-122.964784,46.121491],[-122.964838,46.121519],[-122.965054,46.121521],[-122.965055,46.121652],[-122.965089,46.121691],[-122.965245,46.121725],[-122.965313,46.121701],[-122.965442,46.121701],[-122.965451,46.121776],[-122.965517,46.121805],[-122.965673,46.121779],[-122.965701,46.121701]],[[-122.966997,46.120081],[-122.967078,46.120077],[-122.96712,46.120048],[-122.967126,46.11995],[-122.967092,46.11991],[-122.966608,46.119901],[-122.966608,46.1195],[-122.966568,46.119457],[-122.966479,46.119451],[-122.966479,46.119361],[-122.966514,46.119319],[-122.966494,46.11928],[-122.966418,46.119247],[-122.96635,46.119271],[-122.966221,46.119271],[-122.966217,46.119219],[-122.966179,46.119187],[-122.965962,46.119181],[-122.965956,46.119034],[-122.965914,46.119005],[-122.965832,46.119001],[-122.965804,46.118923],[-122.965574,46.118911],[-122.965556,46.11884],[-122.965444,46.118821],[-122.965427,46.11875],[-122.965315,46.118731],[-122.965302,46.118665],[-122.965186,46.118641],[-122.965151,46.11856],[-122.965004,46.118551],[-122.964949,46.118566],[-122.964936,46.118702],[-122.964982,46.118728],[-122.965056,46.118731],[-122.96509,46.118811],[-122.965185,46.118821],[-122.965194,46.118972],[-122.96524,46.118998],[-122.965315,46.119001],[-122.965315,46.119091],[-122.96522,46.1191],[-122.965185,46.119181],[-122.965111,46.119183],[-122.965065,46.119209],[-122.965048,46.119336],[-122.965098,46.119359],[-122.965252,46.11936],[-122.965305,46.119332],[-122.965315,46.119271],[-122.965573,46.119271],[-122.965575,46.119587],[-122.965614,46.119624],[-122.965702,46.119631],[-122.965712,46.119782],[-122.965758,46.119808],[-122.965832,46.119811],[-122.965866,46.119892],[-122.965961,46.119901],[-122.96599,46.119979],[-122.966091,46.119991],[-122.966104,46.120147],[-122.96622,46.120171],[-122.966254,46.120252],[-122.966349,46.120261],[-122.966362,46.120417],[-122.966479,46.120441],[-122.966492,46.120507],[-122.966608,46.120531],[-122.966614,46.120588],[-122.966656,46.120617],[-122.966804,46.12062],[-122.966861,46.120588],[-122.966867,46.120351],[-122.966955,46.120345],[-122.966995,46.120308],[-122.966997,46.120081]],[[-122.965477,46.120494],[-122.965437,46.120384],[-122.965395,46.120355],[-122.965207,46.120366],[-122.96515,46.120483],[-122.965207,46.120605],[-122.965262,46.120621],[-122.96542,46.120605],[-122.965477,46.120494]],[[-122.965207,46.121055],[-122.965512,46.121083],[-122.965567,46.121051],[-122.96555,46.120907],[-122.965495,46.120891],[-122.965207,46.120906],[-122.965184,46.120945],[-122.965207,46.121055]],[[-122.966348,46.122151],[-122.966545,46.12215],[-122.966598,46.122123],[-122.966607,46.12193],[-122.966566,46.121887],[-122.966377,46.121893],[-122.966348,46.121971],[-122.966247,46.121983],[-122.966219,46.122061],[-122.966118,46.122073],[-122.966089,46.122151],[-122.965994,46.12216],[-122.96596,46.122241],[-122.965848,46.122261],[-122.96583,46.122457],[-122.965853,46.122495],[-122.965908,46.122511],[-122.966066,46.122495],[-122.966089,46.122331],[-122.966196,46.122315],[-122.966219,46.122241],[-122.966335,46.122217],[-122.966348,46.122151]],[[-122.96648,46.123412],[-122.966455,46.123234],[-122.966394,46.123217],[-122.966241,46.123247],[-122.966183,46.123363],[-122.966218,46.123411],[-122.966218,46.123501],[-122.96613,46.123507],[-122.96609,46.123544],[-122.966089,46.123722],[-122.966123,46.123762],[-122.966299,46.123767],[-122.966341,46.123738],[-122.966347,46.123681],[-122.966464,46.123657],[-122.966477,46.123501],[-122.966511,46.123459],[-122.96648,46.123412]],[[-122.966791,46.117921],[-122.966865,46.117883],[-122.966859,46.11777],[-122.966693,46.117718],[-122.966634,46.117725],[-122.966575,46.117783],[-122.966619,46.117892],[-122.966672,46.11792],[-122.966791,46.117921]],[[-122.966735,46.120979],[-122.966684,46.120957],[-122.966626,46.120968],[-122.966589,46.12101],[-122.966604,46.12105],[-122.966658,46.121071],[-122.96673,46.121058],[-122.966757,46.121021],[-122.966735,46.120979]],[[-122.967256,46.123323],[-122.967252,46.123185],[-122.967198,46.123144],[-122.966865,46.123141],[-122.966797,46.123117],[-122.966647,46.123147],[-122.96661,46.123179],[-122.966612,46.123378],[-122.966654,46.123407],[-122.966736,46.123411],[-122.966742,46.123468],[-122.966791,46.123499],[-122.96696,46.123492],[-122.966995,46.123411],[-122.967229,46.123428],[-122.967287,46.123374],[-122.967256,46.123323]],[[-122.967772,46.121701],[-122.967738,46.12162],[-122.967576,46.121612],[-122.967522,46.12164],[-122.967513,46.121701],[-122.967401,46.121721],[-122.967384,46.121791],[-122.967254,46.121791],[-122.967251,46.12174],[-122.967213,46.121708],[-122.966996,46.121701],[-122.966961,46.12162],[-122.966807,46.121611],[-122.966743,46.121644],[-122.966737,46.121742],[-122.966778,46.121785],[-122.966866,46.121791],[-122.966866,46.121922],[-122.966901,46.121962],[-122.967056,46.121995],[-122.967125,46.121971],[-122.967384,46.121971],[-122.967384,46.122103],[-122.967412,46.122139],[-122.967702,46.122151],[-122.967763,46.122123],[-122.967772,46.122061],[-122.96786,46.122055],[-122.967901,46.122013],[-122.967898,46.12174],[-122.967854,46.121706],[-122.967772,46.121701]],[[-122.969245,46.125752],[-122.9693,46.125736],[-122.969323,46.125703],[-122.96931,46.125416],[-122.969194,46.125392],[-122.969159,46.125311],[-122.969065,46.125302],[-122.969036,46.125224],[-122.968935,46.125212],[-122.968907,46.125134],[-122.968806,46.125122],[-122.968777,46.125044],[-122.968547,46.125032],[-122.968524,46.124957],[-122.968418,46.124942],[-122.968383,46.124861],[-122.968288,46.124852],[-122.968265,46.124597],[-122.968029,46.124581],[-122.968029,46.124492],[-122.96813,46.124479],[-122.968159,46.124402],[-122.96826,46.124389],[-122.968288,46.124312],[-122.968383,46.124302],[-122.968418,46.124222],[-122.968499,46.124218],[-122.968541,46.124188],[-122.968548,46.123862],[-122.968629,46.123858],[-122.968674,46.123823],[-122.968664,46.123616],[-122.968548,46.123592],[-122.968542,46.123535],[-122.9685,46.123506],[-122.968289,46.123501],[-122.968228,46.123477],[-122.968058,46.123514],[-122.96803,46.123591],[-122.967914,46.123615],[-122.9679,46.123681],[-122.967512,46.123681],[-122.967509,46.123616],[-122.967473,46.123584],[-122.967288,46.1236],[-122.967254,46.12364],[-122.967253,46.123861],[-122.967141,46.123881],[-122.967124,46.124041],[-122.967035,46.124048],[-122.966996,46.124085],[-122.967007,46.124197],[-122.967124,46.124223],[-122.967123,46.124311],[-122.967042,46.124315],[-122.966997,46.12435],[-122.967007,46.124467],[-122.967123,46.124491],[-122.967158,46.124572],[-122.967253,46.124581],[-122.967281,46.124659],[-122.967382,46.124671],[-122.96741,46.124749],[-122.967511,46.124761],[-122.96754,46.124839],[-122.967641,46.124851],[-122.967669,46.124929],[-122.96777,46.124942],[-122.967793,46.125016],[-122.9679,46.125032],[-122.967922,46.125106],[-122.968029,46.125122],[-122.968052,46.125196],[-122.968158,46.125212],[-122.968181,46.125286],[-122.968288,46.125302],[-122.968316,46.125379],[-122.968547,46.125392],[-122.968564,46.125462],[-122.968676,46.125482],[-122.968694,46.125552],[-122.968805,46.125572],[-122.968818,46.125638],[-122.968935,46.125662],[-122.968938,46.125713],[-122.968976,46.125745],[-122.969245,46.125752]],[[-122.96975,46.11905],[-122.969702,46.118936],[-122.969586,46.118912],[-122.969557,46.118834],[-122.969327,46.118822],[-122.969314,46.118756],[-122.969198,46.118732],[-122.969175,46.118658],[-122.969052,46.118634],[-122.969055,46.118486],[-122.968939,46.118462],[-122.968904,46.118381],[-122.96881,46.118372],[-122.968781,46.118294],[-122.96868,46.118282],[-122.968652,46.118204],[-122.96836,46.118178],[-122.968298,46.118211],[-122.968292,46.118281],[-122.968203,46.118288],[-122.968163,46.11833],[-122.968175,46.118437],[-122.968292,46.118462],[-122.968292,46.118551],[-122.967951,46.118555],[-122.967909,46.118585],[-122.967903,46.118641],[-122.967822,46.118645],[-122.967777,46.11868],[-122.967775,46.118958],[-122.967815,46.118995],[-122.967903,46.119001],[-122.967903,46.119091],[-122.967774,46.119091],[-122.967761,46.119025],[-122.967644,46.119001],[-122.967638,46.118945],[-122.967596,46.118915],[-122.967304,46.118915],[-122.967262,46.118945],[-122.967256,46.119001],[-122.967175,46.119005],[-122.96713,46.119039],[-122.967128,46.119318],[-122.967167,46.119355],[-122.967256,46.119361],[-122.967262,46.119418],[-122.967311,46.119449],[-122.967773,46.119451],[-122.967777,46.119503],[-122.967814,46.119535],[-122.967998,46.119532],[-122.968032,46.119493],[-122.968032,46.119361],[-122.968139,46.119346],[-122.968162,46.119272],[-122.96848,46.119271],[-122.968544,46.119238],[-122.968551,46.118642],[-122.968955,46.118649],[-122.968939,46.118732],[-122.96885,46.118738],[-122.968811,46.118775],[-122.968812,46.119053],[-122.968857,46.119088],[-122.968938,46.119092],[-122.968961,46.119256],[-122.969197,46.119272],[-122.969203,46.119328],[-122.969245,46.119358],[-122.969637,46.119362],[-122.969692,46.119346],[-122.969715,46.119092],[-122.96975,46.11905]],[[-122.967984,46.120896],[-122.967833,46.120867],[-122.967691,46.120895],[-122.967649,46.120925],[-122.967643,46.120981],[-122.967516,46.120998],[-122.967494,46.121043],[-122.967536,46.121145],[-122.967712,46.121174],[-122.967767,46.121141],[-122.967773,46.121071],[-122.968009,46.121056],[-122.968026,46.120925],[-122.967984,46.120896]],[[-122.970856,46.120786],[-122.970899,46.120673],[-122.970871,46.120635],[-122.970695,46.120608],[-122.970629,46.120637],[-122.97062,46.120712],[-122.970491,46.120712],[-122.970491,46.120532],[-122.970525,46.120484],[-122.970482,46.120381],[-122.970436,46.120354],[-122.970362,46.120352],[-122.970327,46.120271],[-122.970232,46.120262],[-122.970204,46.120184],[-122.970103,46.120172],[-122.970074,46.120094],[-122.969973,46.120082],[-122.969945,46.120004],[-122.969844,46.119992],[-122.969844,46.119861],[-122.96981,46.119821],[-122.969626,46.119818],[-122.969589,46.11985],[-122.969585,46.119902],[-122.969469,46.119926],[-122.969456,46.119992],[-122.969326,46.119992],[-122.969304,46.119918],[-122.969197,46.119902],[-122.969162,46.119821],[-122.969068,46.119812],[-122.969068,46.119722],[-122.969184,46.119698],[-122.969197,46.11959],[-122.969156,46.119548],[-122.969068,46.119542],[-122.969062,46.119485],[-122.96902,46.119456],[-122.96887,46.119428],[-122.968708,46.119464],[-122.968679,46.119542],[-122.968578,46.119554],[-122.96855,46.119632],[-122.968449,46.119644],[-122.96842,46.119721],[-122.968319,46.119734],[-122.968291,46.119811],[-122.968196,46.119821],[-122.968161,46.119901],[-122.96805,46.119921],[-122.968032,46.119991],[-122.967914,46.120002],[-122.967901,46.119855],[-122.967855,46.119815],[-122.967584,46.119812],[-122.96752,46.119845],[-122.96752,46.119958],[-122.967562,46.119987],[-122.967644,46.119991],[-122.967672,46.120069],[-122.967902,46.120081],[-122.967883,46.120211],[-122.96791,46.120249],[-122.968161,46.120262],[-122.968161,46.120441],[-122.968087,46.120444],[-122.968041,46.12047],[-122.968045,46.120597],[-122.968161,46.120622],[-122.968196,46.120702],[-122.96829,46.120712],[-122.968319,46.120789],[-122.96842,46.120802],[-122.968448,46.120879],[-122.968549,46.120892],[-122.968578,46.120969],[-122.968678,46.120982],[-122.968678,46.121072],[-122.968365,46.121058],[-122.968312,46.121074],[-122.96829,46.121112],[-122.968303,46.121228],[-122.96836,46.121251],[-122.968755,46.121263],[-122.968808,46.121217],[-122.968792,46.121079],[-122.969067,46.121072],[-122.969068,46.121298],[-122.969108,46.121335],[-122.969196,46.121342],[-122.969196,46.121432],[-122.969115,46.121436],[-122.969072,46.121465],[-122.969066,46.121702],[-122.968972,46.121704],[-122.968929,46.121727],[-122.968943,46.121848],[-122.968999,46.121881],[-122.969196,46.121882],[-122.969202,46.121938],[-122.969251,46.121969],[-122.969584,46.121972],[-122.969585,46.122108],[-122.969632,46.122148],[-122.969808,46.122143],[-122.969875,46.12203],[-122.969825,46.121902],[-122.969713,46.121881],[-122.969714,46.121792],[-122.969795,46.121788],[-122.96984,46.121754],[-122.969843,46.121522],[-122.969944,46.12151],[-122.969973,46.121432],[-122.970068,46.121423],[-122.970102,46.121342],[-122.970184,46.121338],[-122.970228,46.121304],[-122.970226,46.121195],[-122.970184,46.121166],[-122.970102,46.121162],[-122.970102,46.121072],[-122.970232,46.121072],[-122.970254,46.121146],[-122.970361,46.121162],[-122.970364,46.121227],[-122.9704,46.121259],[-122.970585,46.121243],[-122.970619,46.121203],[-122.97062,46.120982],[-122.970736,46.120958],[-122.97075,46.120802],[-122.970856,46.120786]],[[-122.967954,46.121341],[-122.968028,46.121303],[-122.968018,46.121185],[-122.967961,46.121162],[-122.967786,46.121171],[-122.967753,46.121217],[-122.967785,46.121317],[-122.967835,46.12134],[-122.967954,46.121341]],[[-122.968033,46.118052],[-122.967973,46.117999],[-122.967809,46.11802],[-122.967776,46.118055],[-122.967766,46.118166],[-122.967824,46.118191],[-122.967999,46.118182],[-122.968032,46.118148],[-122.968033,46.118052]],[[-122.968289,46.123411],[-122.968308,46.123367],[-122.968275,46.123331],[-122.968209,46.123322],[-122.968156,46.123342],[-122.96814,46.123383],[-122.968178,46.123425],[-122.968236,46.123435],[-122.968289,46.123411]],[[-122.968471,46.121612],[-122.968545,46.121573],[-122.968536,46.121456],[-122.968479,46.121432],[-122.968304,46.121441],[-122.96827,46.121487],[-122.968303,46.121588],[-122.968352,46.121611],[-122.968471,46.121612]],[[-122.969037,46.123064],[-122.968711,46.123048],[-122.968677,46.123142],[-122.968603,46.123144],[-122.968557,46.12317],[-122.968549,46.123278],[-122.968589,46.123315],[-122.968752,46.123319],[-122.968801,46.123288],[-122.968807,46.123232],[-122.969003,46.123231],[-122.969056,46.123203],[-122.969065,46.1231],[-122.969037,46.123064]],[[-122.969065,46.124672],[-122.969263,46.124684],[-122.969318,46.124652],[-122.969301,46.124508],[-122.969246,46.124492],[-122.968958,46.124508],[-122.968901,46.124619],[-122.968921,46.124663],[-122.968996,46.124696],[-122.969065,46.124672]],[[-122.96899,46.122163],[-122.969183,46.122128],[-122.969192,46.12201],[-122.969141,46.121974],[-122.968992,46.121974],[-122.968938,46.122015],[-122.96894,46.122127],[-122.96899,46.122163]],[[-122.969843,46.122642],[-122.969782,46.122589],[-122.9695,46.122593],[-122.969457,46.122627],[-122.969454,46.122692],[-122.969245,46.122692],[-122.969192,46.122712],[-122.969201,46.122838],[-122.96925,46.122869],[-122.969454,46.122872],[-122.969515,46.122896],[-122.969665,46.122868],[-122.969707,46.122839],[-122.969713,46.122782],[-122.969787,46.12278],[-122.969833,46.122753],[-122.969843,46.122642]],[[-122.969989,46.126247],[-122.969964,46.126145],[-122.969915,46.126114],[-122.969766,46.126114],[-122.969714,46.12615],[-122.969714,46.126254],[-122.969766,46.12629],[-122.969956,46.126283],[-122.969989,46.126247]],[[-122.970117,46.125802],[-122.970065,46.125671],[-122.969896,46.125664],[-122.969847,46.125695],[-122.969824,46.125802],[-122.969883,46.125841],[-122.970065,46.12584],[-122.970117,46.125802]],[[-122.971006,46.124762],[-122.970972,46.124681],[-122.970748,46.124672],[-122.970734,46.124606],[-122.970618,46.124582],[-122.97059,46.124504],[-122.970405,46.12447],[-122.970258,46.124504],[-122.97023,46.124582],[-122.970129,46.124594],[-122.9701,46.124672],[-122.970005,46.124681],[-122.969971,46.124762],[-122.969859,46.124782],[-122.969824,46.124992],[-122.969869,46.125028],[-122.969971,46.125032],[-122.969988,46.125102],[-122.9701,46.125122],[-122.970134,46.125203],[-122.970229,46.125212],[-122.970258,46.12529],[-122.970359,46.125302],[-122.970387,46.12538],[-122.970563,46.12539],[-122.970612,46.125359],[-122.970618,46.125302],[-122.970734,46.125278],[-122.970747,46.125212],[-122.970859,46.125193],[-122.970877,46.125122],[-122.970988,46.125103],[-122.971006,46.125032],[-122.97108,46.12503],[-122.971126,46.125004],[-122.971132,46.124801],[-122.971088,46.124766],[-122.971006,46.124762]],[[-122.970284,46.121713],[-122.970477,46.121678],[-122.970487,46.12156],[-122.970435,46.121524],[-122.970287,46.121524],[-122.970233,46.121566],[-122.970235,46.121677],[-122.970284,46.121713]],[[-122.97051,46.119767],[-122.970485,46.119665],[-122.970436,46.119634],[-122.970288,46.119634],[-122.970236,46.11967],[-122.970236,46.119774],[-122.970287,46.11981],[-122.970477,46.119803],[-122.97051,46.119767]],[[-122.970421,46.122165],[-122.970726,46.122136],[-122.970749,46.122098],[-122.970726,46.121988],[-122.970671,46.121972],[-122.970383,46.121988],[-122.970366,46.122132],[-122.970421,46.122165]],[[-122.971006,46.126022],[-122.971087,46.126018],[-122.971129,46.125989],[-122.971129,46.125786],[-122.971073,46.125753],[-122.970876,46.125752],[-122.970867,46.125511],[-122.970814,46.125483],[-122.970666,46.125486],[-122.970623,46.125516],[-122.970617,46.125572],[-122.970529,46.125579],[-122.97049,46.125616],[-122.970494,46.125989],[-122.970536,46.126018],[-122.970617,46.126022],[-122.970652,46.126103],[-122.970808,46.126136],[-122.970977,46.1261],[-122.971006,46.126022]],[[-122.971155,46.120222],[-122.971121,46.120102],[-122.971009,46.120082],[-122.970974,46.120001],[-122.970879,46.119992],[-122.970851,46.119914],[-122.97075,46.119902],[-122.970722,46.119824],[-122.970574,46.119798],[-122.970508,46.119819],[-122.970497,46.119959],[-122.970539,46.119988],[-122.97062,46.119992],[-122.970626,46.120139],[-122.970668,46.120168],[-122.97075,46.120172],[-122.970778,46.12025],[-122.971103,46.12026],[-122.971155,46.120222]],[[-122.970907,46.12169],[-122.971077,46.121715],[-122.971129,46.121687],[-122.971124,46.121546],[-122.971008,46.121522],[-122.970995,46.121456],[-122.970879,46.121432],[-122.970875,46.121381],[-122.970838,46.121349],[-122.970654,46.121351],[-122.97062,46.121391],[-122.970633,46.121498],[-122.970749,46.121522],[-122.970784,46.121603],[-122.970878,46.121612],[-122.970907,46.12169]],[[-122.971688,46.12517],[-122.97164,46.125056],[-122.971524,46.125032],[-122.971496,46.124955],[-122.971313,46.124946],[-122.971271,46.124976],[-122.971265,46.125032],[-122.971149,46.125056],[-122.971135,46.125122],[-122.971024,46.125142],[-122.971006,46.125212],[-122.97089,46.125236],[-122.970882,46.125359],[-122.970924,46.125388],[-122.971006,46.125392],[-122.971012,46.125449],[-122.971054,46.125478],[-122.971196,46.125506],[-122.971346,46.125478],[-122.971388,46.125449],[-122.971394,46.125392],[-122.971511,46.125368],[-122.971524,46.125303],[-122.97164,46.125278],[-122.971688,46.12517]],[[-122.971396,46.121743],[-122.971336,46.12169],[-122.971151,46.121712],[-122.971117,46.121758],[-122.97115,46.121858],[-122.971207,46.121882],[-122.971362,46.121873],[-122.971395,46.121839],[-122.971396,46.121743]],[[-122.971399,46.122694],[-122.971327,46.122668],[-122.97116,46.122708],[-122.971137,46.122746],[-122.971159,46.122856],[-122.971214,46.122872],[-122.971373,46.122857],[-122.97143,46.122745],[-122.971399,46.122694]],[[-122.971784,46.122823],[-122.971716,46.122769],[-122.971553,46.122795],[-122.971525,46.122872],[-122.971443,46.122876],[-122.971401,46.122906],[-122.971413,46.123033],[-122.971564,46.123066],[-122.971627,46.123053],[-122.971654,46.122962],[-122.971736,46.122958],[-122.971778,46.122929],[-122.971784,46.122823]],[[-122.971934,46.121652],[-122.971908,46.121556],[-122.971866,46.121527],[-122.971725,46.121523],[-122.971673,46.121542],[-122.971671,46.121695],[-122.971543,46.121722],[-122.971525,46.121882],[-122.971444,46.121886],[-122.971399,46.121921],[-122.971396,46.122014],[-122.971424,46.12205],[-122.971729,46.12206],[-122.971778,46.122029],[-122.971784,46.121973],[-122.971896,46.121953],[-122.971908,46.121826],[-122.971866,46.121797],[-122.971784,46.121792],[-122.971769,46.12171],[-122.971912,46.121686],[-122.971934,46.121652]],[[-122.972429,46.128093],[-122.972406,46.128019],[-122.972299,46.128003],[-122.972298,46.127866],[-122.972258,46.127829],[-122.97204,46.127823],[-122.972012,46.127745],[-122.971857,46.127709],[-122.971781,46.127732],[-122.97159,46.127719],[-122.971531,46.127748],[-122.971503,46.127857],[-122.971524,46.127896],[-122.971652,46.127913],[-122.971658,46.127969],[-122.9717,46.127998],[-122.971911,46.128003],[-122.971924,46.128069],[-122.97204,46.128093],[-122.972043,46.128144],[-122.972081,46.128176],[-122.972299,46.128183],[-122.972333,46.128264],[-122.972503,46.12827],[-122.972554,46.128234],[-122.972554,46.128131],[-122.97251,46.128097],[-122.972429,46.128093]],[[-122.971675,46.127177],[-122.971843,46.127206],[-122.971899,46.127182],[-122.971908,46.127051],[-122.971863,46.127017],[-122.971698,46.12699],[-122.971633,46.127025],[-122.97162,46.127071],[-122.971675,46.127177]],[[-122.971787,46.122334],[-122.97173,46.122319],[-122.971672,46.122339],[-122.971655,46.122387],[-122.971682,46.122423],[-122.971745,46.122436],[-122.971804,46.12241],[-122.971818,46.12237],[-122.971787,46.122334]],[[-122.972043,46.123003],[-122.971982,46.12295],[-122.971818,46.122972],[-122.971784,46.123011],[-122.971797,46.123118],[-122.971854,46.123142],[-122.972008,46.123133],[-122.972041,46.123099],[-122.972043,46.123003]],[[-122.972949,46.121793],[-122.973031,46.121789],[-122.973075,46.121754],[-122.973061,46.121542],[-122.973009,46.121523],[-122.97282,46.121523],[-122.972797,46.121449],[-122.972691,46.121433],[-122.972685,46.121196],[-122.972643,46.121167],[-122.972561,46.121163],[-122.972527,46.121082],[-122.972432,46.121073],[-122.972404,46.120995],[-122.972077,46.120978],[-122.972044,46.121072],[-122.971969,46.121075],[-122.971923,46.121101],[-122.971916,46.121209],[-122.971955,46.121246],[-122.972043,46.121253],[-122.972072,46.12133],[-122.972173,46.121343],[-122.97219,46.121503],[-122.972243,46.121522],[-122.972432,46.121523],[-122.972454,46.121597],[-122.972561,46.121613],[-122.97257,46.121764],[-122.972616,46.12179],[-122.97269,46.121793],[-122.972694,46.121844],[-122.972731,46.121876],[-122.972908,46.121876],[-122.972946,46.121844],[-122.972949,46.121793]],[[-122.971966,46.122884],[-122.972159,46.122849],[-122.972169,46.122731],[-122.972117,46.122695],[-122.971968,46.122695],[-122.971915,46.122736],[-122.971917,46.122848],[-122.971966,46.122884]],[[-122.972088,46.127459],[-122.972239,46.127475],[-122.97229,46.127447],[-122.972293,46.127316],[-122.972237,46.127284],[-122.972068,46.127287],[-122.972021,46.127333],[-122.972046,46.127429],[-122.972088,46.127459]],[[-122.972224,46.123323],[-122.972298,46.123284],[-122.972292,46.123171],[-122.972239,46.123144],[-122.972084,46.123149],[-122.972044,46.123186],[-122.972052,46.123294],[-122.972105,46.123322],[-122.972224,46.123323]],[[-122.972302,46.122513],[-122.972383,46.122508],[-122.972425,46.122479],[-122.972409,46.122348],[-122.972354,46.122333],[-122.972066,46.122348],[-122.972043,46.122387],[-122.972066,46.122587],[-122.972254,46.122598],[-122.972296,46.122569],[-122.972302,46.122513]],[[-122.97243,46.124223],[-122.972666,46.124207],[-122.972689,46.124169],[-122.972667,46.124059],[-122.972612,46.124043],[-122.97212,46.124043],[-122.972051,46.124071],[-122.972045,46.124274],[-122.97209,46.124308],[-122.972171,46.124313],[-122.972175,46.124364],[-122.972212,46.124396],[-122.97236,46.124402],[-122.972413,46.124383],[-122.97243,46.124223]],[[-122.972211,46.127006],[-122.972361,46.127026],[-122.972416,46.127002],[-122.972428,46.126876],[-122.972381,46.126837],[-122.972231,46.12682],[-122.972173,46.126857],[-122.972172,46.126969],[-122.972211,46.127006]],[[-122.972304,46.123684],[-122.972247,46.123669],[-122.972189,46.123689],[-122.972172,46.123738],[-122.972199,46.123774],[-122.972262,46.123786],[-122.972321,46.12376],[-122.972335,46.12372],[-122.972304,46.123684]],[[-122.97245,46.122108],[-122.972426,46.122006],[-122.972384,46.121977],[-122.97224,46.121959],[-122.972178,46.121992],[-122.972174,46.122109],[-122.97222,46.122148],[-122.972411,46.122146],[-122.97245,46.122108]],[[-122.972577,46.127598],[-122.972552,46.127496],[-122.972503,46.127465],[-122.972342,46.127464],[-122.972282,46.127502],[-122.972305,46.127609],[-122.972354,46.12764],[-122.972544,46.127633],[-122.972577,46.127598]],[[-122.973596,46.123593],[-122.973561,46.123512],[-122.973337,46.123503],[-122.973314,46.123429],[-122.973207,46.123411],[-122.973208,46.123233],[-122.973438,46.123221],[-122.973466,46.123184],[-122.973466,46.123053],[-122.973548,46.123049],[-122.97359,46.12302],[-122.973593,46.122821],[-122.973533,46.122784],[-122.973263,46.122785],[-122.973214,46.122816],[-122.973208,46.122873],[-122.973091,46.122897],[-122.973078,46.122963],[-122.972966,46.122982],[-122.972949,46.123053],[-122.972837,46.123072],[-122.972819,46.123233],[-122.972724,46.123242],[-122.97269,46.123323],[-122.972578,46.123342],[-122.972528,46.123471],[-122.972588,46.12358],[-122.972819,46.123593],[-122.972842,46.123667],[-122.972948,46.123683],[-122.972983,46.123764],[-122.973078,46.123773],[-122.973079,46.123909],[-122.97314,46.123952],[-122.973308,46.123941],[-122.973337,46.123863],[-122.973453,46.123839],[-122.973466,46.123773],[-122.973655,46.123773],[-122.973707,46.123753],[-122.973716,46.123621],[-122.97367,46.123595],[-122.973596,46.123593]],[[-122.972736,46.126649],[-122.972887,46.126665],[-122.972938,46.126638],[-122.972941,46.126506],[-122.972884,46.126474],[-122.972716,46.126477],[-122.972668,46.126523],[-122.972694,46.126619],[-122.972736,46.126649]],[[-122.972738,46.122869],[-122.972888,46.122885],[-122.97294,46.122858],[-122.972943,46.122726],[-122.972886,46.122694],[-122.972717,46.122697],[-122.97267,46.122743],[-122.972696,46.122839],[-122.972738,46.122869]],[[-122.972947,46.127143],[-122.972919,46.127102],[-122.972864,46.127089],[-122.972803,46.127112],[-122.972783,46.127151],[-122.972808,46.127188],[-122.972871,46.127207],[-122.97293,46.127186],[-122.972947,46.127143]],[[-122.973128,46.127553],[-122.973204,46.127509],[-122.973204,46.127416],[-122.973177,46.127385],[-122.972895,46.127373],[-122.972835,46.127393],[-122.972817,46.127504],[-122.972845,46.127541],[-122.973128,46.127553]],[[-122.973074,46.127011],[-122.973023,46.126989],[-122.972965,46.126999],[-122.972928,46.127042],[-122.972943,46.127082],[-122.972997,46.127103],[-122.973069,46.12709],[-122.973096,46.127052],[-122.973074,46.127011]],[[-122.973646,46.126563],[-122.97372,46.126525],[-122.973706,46.126403],[-122.973594,46.126383],[-122.973577,46.126313],[-122.973465,46.126293],[-122.973452,46.126227],[-122.973336,46.126203],[-122.973301,46.126122],[-122.973084,46.126126],[-122.973057,46.126169],[-122.973094,46.126273],[-122.973206,46.126293],[-122.97324,46.126374],[-122.973335,46.126383],[-122.973364,46.126461],[-122.973465,46.126473],[-122.973493,46.126551],[-122.973646,46.126563]],[[-122.973724,46.125033],[-122.973813,46.125027],[-122.973852,46.12499],[-122.973851,46.124621],[-122.973784,46.124583],[-122.973466,46.124583],[-122.973466,46.124493],[-122.973547,46.124489],[-122.973589,46.12446],[-122.973594,46.124356],[-122.97354,46.124315],[-122.973391,46.124315],[-122.973342,46.124346],[-122.973336,46.124403],[-122.973235,46.124415],[-122.973207,46.124493],[-122.973118,46.124499],[-122.973078,46.124542],[-122.973081,46.124814],[-122.973125,46.124849],[-122.973207,46.124853],[-122.973212,46.12518],[-122.973269,46.125212],[-122.973417,46.125209],[-122.973459,46.12518],[-122.973465,46.125123],[-122.973696,46.125111],[-122.973724,46.125033]],[[-122.974019,46.122021],[-122.973979,46.121916],[-122.973944,46.121889],[-122.973596,46.121883],[-122.973587,46.121821],[-122.973526,46.121793],[-122.973385,46.121797],[-122.973343,46.121826],[-122.973337,46.121883],[-122.973134,46.121885],[-122.973079,46.121931],[-122.973096,46.122043],[-122.973208,46.122063],[-122.973226,46.122133],[-122.973337,46.122153],[-122.97335,46.122219],[-122.973467,46.122243],[-122.973476,46.122318],[-122.973542,46.122347],[-122.973837,46.122313],[-122.973855,46.122153],[-122.973937,46.122149],[-122.973981,46.122115],[-122.974019,46.122021]],[[-122.973483,46.127328],[-122.973458,46.127226],[-122.973409,46.127195],[-122.973261,46.127195],[-122.973209,46.127231],[-122.973209,46.127335],[-122.973261,46.127371],[-122.973451,46.127363],[-122.973483,46.127328]],[[-122.973758,46.125896],[-122.973718,46.125786],[-122.973683,46.125759],[-122.973548,46.125739],[-122.973487,46.125756],[-122.973465,46.125969],[-122.973488,46.126007],[-122.973543,46.126023],[-122.973701,46.126007],[-122.973758,46.125896]],[[-122.97426,46.126878],[-122.974241,46.126702],[-122.974207,46.126662],[-122.973993,46.126664],[-122.973973,46.126592],[-122.97392,46.126564],[-122.973786,46.126564],[-122.973737,46.126587],[-122.973733,46.126714],[-122.973794,46.126743],[-122.973971,46.126732],[-122.973984,46.12688],[-122.974017,46.126914],[-122.974221,46.126916],[-122.97426,46.126878]],[[-122.974035,46.125483],[-122.974109,46.125445],[-122.974103,46.125332],[-122.97405,46.125304],[-122.973895,46.125309],[-122.973855,46.125346],[-122.973863,46.125454],[-122.973916,46.125482],[-122.974035,46.125483]],[[-122.974243,46.124043],[-122.974441,46.124056],[-122.974496,46.124023],[-122.974479,46.123879],[-122.974311,46.123839],[-122.974136,46.123879],[-122.974113,46.123953],[-122.974032,46.123957],[-122.973987,46.123991],[-122.973983,46.124223],[-122.973902,46.124227],[-122.97386,46.124256],[-122.973877,46.124387],[-122.97403,46.124417],[-122.974091,46.1244],[-122.974113,46.124313],[-122.974194,46.124309],[-122.974239,46.124275],[-122.974243,46.124043]],[[-122.976589,46.125084],[-122.97657,46.124897],[-122.976524,46.124858],[-122.976374,46.124829],[-122.976313,46.124853],[-122.975936,46.124864],[-122.975916,46.124702],[-122.97587,46.124676],[-122.975796,46.124673],[-122.97579,46.124603],[-122.975735,46.124571],[-122.975578,46.12459],[-122.97554,46.124622],[-122.975536,46.124673],[-122.975418,46.124684],[-122.975373,46.124592],[-122.975196,46.124587],[-122.975154,46.124617],[-122.975148,46.124673],[-122.975032,46.124697],[-122.975019,46.124763],[-122.974889,46.124763],[-122.974884,46.124693],[-122.974829,46.124661],[-122.974549,46.124677],[-122.974503,46.124717],[-122.974503,46.12481],[-122.974542,46.124847],[-122.97463,46.124853],[-122.97463,46.124943],[-122.974549,46.124947],[-122.974507,46.124976],[-122.974501,46.125164],[-122.974542,46.125207],[-122.97463,46.125213],[-122.97463,46.125393],[-122.974514,46.125417],[-122.974501,46.125573],[-122.974394,46.125589],[-122.974371,46.125663],[-122.974167,46.125665],[-122.974113,46.125712],[-122.974113,46.125808],[-122.97414,46.125844],[-122.974371,46.125843],[-122.974394,46.125917],[-122.9745,46.125933],[-122.974518,46.126003],[-122.97463,46.126023],[-122.974664,46.126104],[-122.974759,46.126113],[-122.974788,46.126191],[-122.974889,46.126203],[-122.974889,46.126335],[-122.974917,46.126371],[-122.975277,46.126383],[-122.9753,46.126548],[-122.975536,46.126563],[-122.975553,46.126634],[-122.975665,46.126653],[-122.9757,46.126734],[-122.975794,46.126744],[-122.975823,46.126821],[-122.975924,46.126834],[-122.975952,46.126911],[-122.976053,46.126924],[-122.976076,46.126998],[-122.976312,46.127014],[-122.976321,46.127075],[-122.976382,46.127103],[-122.976509,46.127103],[-122.976562,46.127075],[-122.976571,46.126924],[-122.97666,46.126917],[-122.976699,46.12688],[-122.976695,46.126687],[-122.976653,46.126658],[-122.976571,46.126654],[-122.976537,46.126573],[-122.976442,46.126564],[-122.976407,46.126483],[-122.976183,46.126473],[-122.976165,46.126403],[-122.976054,46.126383],[-122.976036,46.126313],[-122.975924,46.126293],[-122.975907,46.126223],[-122.975795,46.126203],[-122.975782,46.126137],[-122.975665,46.126113],[-122.975631,46.126033],[-122.975407,46.126023],[-122.975397,46.125872],[-122.975352,46.125846],[-122.975277,46.125843],[-122.975243,46.125762],[-122.975148,46.125753],[-122.975145,46.125612],[-122.9751,46.125577],[-122.975019,46.125573],[-122.975018,46.125485],[-122.975148,46.125483],[-122.975154,46.12554],[-122.975196,46.125569],[-122.975344,46.125572],[-122.975401,46.12554],[-122.975439,46.125425],[-122.975384,46.125319],[-122.975278,46.125303],[-122.975255,46.125139],[-122.975019,46.125123],[-122.975019,46.124943],[-122.975125,46.124927],[-122.975148,46.124853],[-122.975265,46.124829],[-122.975278,46.124763],[-122.975396,46.124752],[-122.975407,46.124943],[-122.975319,46.12495],[-122.975278,46.124992],[-122.975281,46.125085],[-122.975333,46.125121],[-122.975508,46.125111],[-122.975537,46.125033],[-122.975653,46.125009],[-122.975666,46.124943],[-122.975914,46.124932],[-122.975953,46.125021],[-122.976184,46.125034],[-122.976193,46.125095],[-122.976254,46.125123],[-122.976544,46.125119],[-122.976589,46.125084]],[[-122.974373,46.123593],[-122.974391,46.123548],[-122.974358,46.123513],[-122.974293,46.123503],[-122.97424,46.123524],[-122.974224,46.123564],[-122.974261,46.123607],[-122.974319,46.123617],[-122.974373,46.123593]],[[-122.974552,46.127103],[-122.974628,46.12706],[-122.974628,46.126967],[-122.974601,46.126935],[-122.974324,46.126909],[-122.974258,46.12693],[-122.974241,46.127054],[-122.974269,46.127091],[-122.974552,46.127103]],[[-122.975572,46.122651],[-122.975532,46.122547],[-122.975496,46.12252],[-122.975279,46.122513],[-122.975261,46.122443],[-122.975149,46.122423],[-122.97514,46.122362],[-122.975087,46.122334],[-122.974891,46.122333],[-122.974822,46.122309],[-122.974761,46.122333],[-122.974557,46.122335],[-122.974508,46.122366],[-122.974502,46.122423],[-122.974414,46.122429],[-122.974374,46.122467],[-122.974374,46.12265],[-122.974435,46.122692],[-122.974706,46.122691],[-122.974755,46.12266],[-122.974761,46.122603],[-122.97489,46.122603],[-122.974894,46.122655],[-122.974931,46.122687],[-122.975081,46.122717],[-122.975149,46.122693],[-122.975279,46.122693],[-122.975291,46.122773],[-122.975369,46.122796],[-122.975524,46.122759],[-122.975572,46.122651]],[[-122.974635,46.121795],[-122.974578,46.12177],[-122.974521,46.12178],[-122.97447,46.121825],[-122.974483,46.12187],[-122.974548,46.121906],[-122.974614,46.121897],[-122.974666,46.121846],[-122.974635,46.121795]],[[-122.97494,46.127373],[-122.975014,46.127335],[-122.975009,46.127222],[-122.974955,46.127194],[-122.9748,46.1272],[-122.97476,46.127237],[-122.974768,46.127345],[-122.974821,46.127372],[-122.97494,46.127373]],[[-122.97521,46.1243],[-122.97506,46.12432],[-122.97502,46.124357],[-122.975022,46.124468],[-122.975079,46.124506],[-122.97523,46.124489],[-122.975276,46.12445],[-122.975265,46.124324],[-122.97521,46.1243]],[[-122.975423,46.127604],[-122.975378,46.127476],[-122.975223,46.12744],[-122.975066,46.127467],[-122.975019,46.127507],[-122.975021,46.127605],[-122.97508,46.127642],[-122.975378,46.127639],[-122.975423,46.127604]],[[-122.975328,46.126923],[-122.975403,46.126885],[-122.975397,46.126772],[-122.975344,46.126744],[-122.975188,46.12675],[-122.975149,46.126787],[-122.975156,46.126895],[-122.97521,46.126922],[-122.975328,46.126923]],[[-122.97554,46.123055],[-122.975469,46.123029],[-122.97528,46.12307],[-122.975259,46.123115],[-122.975301,46.123217],[-122.975356,46.123233],[-122.975514,46.123218],[-122.975571,46.123106],[-122.97554,46.123055]],[[-122.975287,46.124162],[-122.975261,46.124274],[-122.975305,46.124309],[-122.975604,46.124312],[-122.975663,46.124275],[-122.975665,46.124177],[-122.975604,46.124134],[-122.97534,46.124134],[-122.975287,46.124162]],[[-122.976197,46.127969],[-122.976176,46.127857],[-122.976127,46.127826],[-122.975794,46.127823],[-122.975781,46.127757],[-122.975665,46.127733],[-122.975661,46.127682],[-122.975624,46.12765],[-122.975481,46.12763],[-122.975415,46.127659],[-122.975415,46.127885],[-122.975468,46.127912],[-122.975665,46.127914],[-122.975668,46.127965],[-122.975706,46.127997],[-122.97614,46.128002],[-122.976197,46.127969]],[[-122.975942,46.125714],[-122.975915,46.125602],[-122.975862,46.125574],[-122.975604,46.12556],[-122.975538,46.125603],[-122.975539,46.125729],[-122.975596,46.125766],[-122.975897,46.125749],[-122.975942,46.125714]],[[-122.975793,46.125211],[-122.975742,46.12519],[-122.975684,46.1252],[-122.975647,46.125242],[-122.975663,46.125283],[-122.975716,46.125303],[-122.975788,46.125291],[-122.975815,46.125253],[-122.975793,46.125211]],[[-122.976074,46.123008],[-122.976054,46.122827],[-122.976014,46.12279],[-122.975857,46.122759],[-122.975676,46.122812],[-122.975676,46.122935],[-122.975722,46.122961],[-122.975796,46.122963],[-122.9758,46.123015],[-122.975837,46.123047],[-122.976035,46.123047],[-122.976074,46.123008]],[[-122.975948,46.123938],[-122.976253,46.123966],[-122.976308,46.123934],[-122.976291,46.123789],[-122.976055,46.123773],[-122.976049,46.123717],[-122.976,46.123686],[-122.975798,46.1237],[-122.975776,46.123739],[-122.975802,46.12383],[-122.975844,46.123859],[-122.975925,46.123863],[-122.975948,46.123938]],[[-122.976105,46.127464],[-122.976179,46.127425],[-122.976173,46.127312],[-122.97612,46.127285],[-122.975965,46.12729],[-122.975925,46.127327],[-122.975933,46.127435],[-122.975986,46.127462],[-122.976105,46.127464]],[[-122.976339,46.128719],[-122.97651,46.128736],[-122.976565,46.128704],[-122.976569,46.128497],[-122.976523,46.128458],[-122.976379,46.12844],[-122.976315,46.128478],[-122.976293,46.128679],[-122.976339,46.128719]],[[-122.976441,46.130253],[-122.976459,46.130209],[-122.976426,46.130173],[-122.976353,46.130165],[-122.976303,46.130189],[-122.976293,46.13023],[-122.976329,46.130267],[-122.976387,46.130277],[-122.976441,46.130253]],[[-122.976443,46.126023],[-122.976461,46.125979],[-122.976428,46.125943],[-122.976355,46.125935],[-122.976305,46.125959],[-122.976295,46.126],[-122.976331,46.126037],[-122.976389,46.126047],[-122.976443,46.126023]],[[-122.976763,46.124248],[-122.976913,46.12422],[-122.976955,46.12419],[-122.97696,46.124092],[-122.976926,46.124053],[-122.976702,46.124044],[-122.976673,46.123966],[-122.976519,46.12393],[-122.976306,46.123978],[-122.976323,46.124105],[-122.976369,46.124131],[-122.976443,46.124134],[-122.976477,46.124214],[-122.976702,46.124224],[-122.976763,46.124248]],[[-122.976753,46.126294],[-122.976829,46.12625],[-122.976829,46.126157],[-122.976802,46.126126],[-122.97652,46.126114],[-122.97646,46.126133],[-122.976442,46.126245],[-122.97647,46.126281],[-122.976753,46.126294]],[[-122.97916,46.126564],[-122.979142,46.126494],[-122.979031,46.126474],[-122.979013,46.126404],[-122.978901,46.126384],[-122.978884,46.126314],[-122.978772,46.126294],[-122.978754,46.126224],[-122.978643,46.126204],[-122.978629,46.126138],[-122.978513,46.126114],[-122.978479,46.126033],[-122.978323,46.126],[-122.978254,46.126024],[-122.977995,46.126024],[-122.977978,46.125954],[-122.977866,46.125934],[-122.977831,46.125853],[-122.977737,46.125844],[-122.977714,46.12577],[-122.977591,46.125746],[-122.977604,46.125522],[-122.977559,46.125488],[-122.977478,46.125484],[-122.977449,46.125406],[-122.977219,46.125394],[-122.977213,46.125337],[-122.977164,46.125306],[-122.97696,46.125304],[-122.976954,46.125247],[-122.976905,46.125216],[-122.976771,46.125214],[-122.976719,46.125233],[-122.976714,46.12537],[-122.976831,46.125394],[-122.976865,46.125475],[-122.97696,46.125484],[-122.976988,46.125561],[-122.977089,46.125574],[-122.977118,46.125651],[-122.977219,46.125664],[-122.977242,46.125738],[-122.977493,46.125761],[-122.977487,46.125995],[-122.977533,46.126021],[-122.977607,46.126024],[-122.977641,46.126105],[-122.977736,46.126114],[-122.977736,46.126204],[-122.977641,46.126213],[-122.977607,46.126294],[-122.977495,46.126314],[-122.977477,46.12642],[-122.977512,46.126465],[-122.977607,46.126474],[-122.977635,46.126552],[-122.977736,46.126564],[-122.977736,46.126799],[-122.977763,46.126835],[-122.978124,46.126834],[-122.978138,46.1269],[-122.978254,46.126924],[-122.978288,46.127005],[-122.978513,46.127014],[-122.978513,46.127145],[-122.978541,46.127182],[-122.978716,46.127192],[-122.978766,46.127161],[-122.978772,46.127104],[-122.978888,46.12708],[-122.978901,46.127014],[-122.979013,46.126994],[-122.979031,46.126924],[-122.979142,46.126904],[-122.97916,46.126834],[-122.979234,46.126832],[-122.97928,46.126806],[-122.979286,46.126602],[-122.979242,46.126568],[-122.97916,46.126564]],[[-122.976978,46.127959],[-122.976953,46.127857],[-122.976904,46.127826],[-122.976755,46.127826],[-122.976704,46.127862],[-122.976703,46.127965],[-122.976755,46.128001],[-122.976945,46.127994],[-122.976978,46.127959]],[[-122.977472,46.12626],[-122.977481,46.126134],[-122.977348,46.126114],[-122.977335,46.126048],[-122.977219,46.126024],[-122.977215,46.125972],[-122.977178,46.12594],[-122.9769,46.125934],[-122.97684,46.125962],[-122.976843,46.12609],[-122.97696,46.126114],[-122.976973,46.12618],[-122.977089,46.126204],[-122.977093,46.126255],[-122.97713,46.126287],[-122.977422,46.126291],[-122.977472,46.12626]],[[-122.977625,46.127689],[-122.977603,46.127592],[-122.977565,46.12756],[-122.977293,46.12754],[-122.977227,46.127569],[-122.977218,46.127644],[-122.977089,46.127644],[-122.97702,46.12762],[-122.976935,46.127661],[-122.976927,46.127702],[-122.976977,46.127804],[-122.977088,46.127824],[-122.977123,46.127905],[-122.977218,46.127914],[-122.977234,46.127996],[-122.977116,46.128008],[-122.977071,46.128043],[-122.977123,46.128175],[-122.977272,46.128198],[-122.977335,46.128173],[-122.977332,46.128011],[-122.977456,46.127997],[-122.977497,46.127953],[-122.977459,46.127844],[-122.977347,46.127824],[-122.977348,46.127734],[-122.977586,46.127727],[-122.977625,46.127689]],[[-122.977624,46.126884],[-122.977601,46.126764],[-122.977554,46.126733],[-122.977229,46.126755],[-122.977209,46.126682],[-122.977148,46.126654],[-122.977015,46.126656],[-122.976963,46.126692],[-122.97694,46.126778],[-122.976961,46.126817],[-122.977017,46.126834],[-122.977207,46.126823],[-122.977224,46.12689],[-122.977273,46.126921],[-122.977579,46.12692],[-122.977624,46.126884]],[[-122.978145,46.124893],[-122.978116,46.124702],[-122.97807,46.124676],[-122.977996,46.124674],[-122.97799,46.124617],[-122.977941,46.124586],[-122.977772,46.124593],[-122.977737,46.124674],[-122.977349,46.124674],[-122.977349,46.124584],[-122.977461,46.124564],[-122.977512,46.124457],[-122.977469,46.124342],[-122.977401,46.124314],[-122.977282,46.124315],[-122.977232,46.124338],[-122.977219,46.124494],[-122.977131,46.1245],[-122.977091,46.124537],[-122.97709,46.124764],[-122.976995,46.124773],[-122.97696,46.124818],[-122.976962,46.1249],[-122.976995,46.124935],[-122.977219,46.124944],[-122.977221,46.12508],[-122.97726,46.125117],[-122.977425,46.125135],[-122.977472,46.125104],[-122.977478,46.125034],[-122.977607,46.125034],[-122.977611,46.125189],[-122.977682,46.125228],[-122.977832,46.125205],[-122.977866,46.125124],[-122.977978,46.125104],[-122.977996,46.124944],[-122.978123,46.124927],[-122.978145,46.124893]],[[-122.977136,46.12863],[-122.977287,46.128646],[-122.977338,46.128619],[-122.977341,46.128487],[-122.977285,46.128455],[-122.977116,46.128458],[-122.977068,46.128504],[-122.977094,46.1286],[-122.977136,46.12863]],[[-122.977529,46.127284],[-122.977603,46.127246],[-122.977597,46.127132],[-122.977544,46.127105],[-122.977389,46.12711],[-122.977349,46.127147],[-122.977357,46.127255],[-122.97741,46.127283],[-122.977529,46.127284]],[[-122.977865,46.128044],[-122.977805,46.127991],[-122.97762,46.128013],[-122.977586,46.12806],[-122.977619,46.12816],[-122.977676,46.128184],[-122.977831,46.128175],[-122.977864,46.12814],[-122.977865,46.128044]],[[-122.977885,46.125439],[-122.97786,46.125337],[-122.977818,46.125308],[-122.977675,46.12529],[-122.977613,46.125324],[-122.977609,46.12544],[-122.977655,46.12548],[-122.977846,46.125477],[-122.977885,46.125439]],[[-122.978124,46.127864],[-122.978064,46.127811],[-122.9779,46.127833],[-122.977867,46.127867],[-122.977857,46.127979],[-122.977915,46.128004],[-122.978089,46.127995],[-122.978123,46.12796],[-122.978124,46.127864]],[[-122.978693,46.130164],[-122.978769,46.130121],[-122.978769,46.130028],[-122.978736,46.129993],[-122.978512,46.129984],[-122.978506,46.129927],[-122.978456,46.129896],[-122.978264,46.129905],[-122.978247,46.129837],[-122.978198,46.129806],[-122.978036,46.129805],[-122.977986,46.129829],[-122.977975,46.129865],[-122.978022,46.129972],[-122.978253,46.129984],[-122.978253,46.130115],[-122.978287,46.130155],[-122.978693,46.130164]],[[-122.978472,46.12486],[-122.978301,46.124831],[-122.978224,46.124881],[-122.978255,46.124944],[-122.978256,46.12508],[-122.97831,46.125122],[-122.978451,46.125123],[-122.978512,46.12508],[-122.978512,46.124897],[-122.978472,46.12486]],[[-122.978305,46.131255],[-122.978498,46.13122],[-122.978508,46.131102],[-122.978456,46.131066],[-122.978307,46.131066],[-122.978254,46.131107],[-122.978255,46.131219],[-122.978305,46.131255]],[[-122.978563,46.129714],[-122.97864,46.129671],[-122.978638,46.129482],[-122.978586,46.129446],[-122.978437,46.129446],[-122.978391,46.129473],[-122.978348,46.129571],[-122.978386,46.129676],[-122.978437,46.129712],[-122.978563,46.129714]],[[-122.978902,46.124175],[-122.97891,46.123979],[-122.978867,46.123956],[-122.978773,46.123954],[-122.978767,46.123897],[-122.978725,46.123868],[-122.978434,46.123864],[-122.97837,46.123899],[-122.978398,46.12402],[-122.978514,46.124044],[-122.978515,46.12418],[-122.978562,46.12422],[-122.978712,46.124248],[-122.978874,46.124212],[-122.978902,46.124175]],[[-122.97903,46.128094],[-122.979112,46.12809],[-122.979154,46.128061],[-122.979159,46.127963],[-122.979125,46.127923],[-122.978782,46.127925],[-122.978762,46.127853],[-122.978709,46.127825],[-122.978575,46.127825],[-122.978525,46.127848],[-122.978521,46.127975],[-122.978582,46.128004],[-122.97876,46.127993],[-122.978773,46.128141],[-122.978806,46.128175],[-122.97899,46.128191],[-122.979027,46.128159],[-122.97903,46.128094]],[[-122.978683,46.128808],[-122.978833,46.128827],[-122.978888,46.128803],[-122.978899,46.128678],[-122.978852,46.128638],[-122.978702,46.128622],[-122.978645,46.128659],[-122.978643,46.128771],[-122.978683,46.128808]],[[-122.979082,46.127824],[-122.979156,46.127786],[-122.97915,46.127673],[-122.978984,46.127622],[-122.978925,46.127628],[-122.978866,46.127687],[-122.97891,46.127796],[-122.978963,46.127823],[-122.979082,46.127824]],[[-122.979159,46.128584],[-122.979132,46.128543],[-122.979077,46.12853],[-122.979015,46.128553],[-122.978995,46.128592],[-122.979021,46.128629],[-122.979084,46.128648],[-122.979142,46.128628],[-122.979159,46.128584]],[[-122.979739,46.124968],[-122.979889,46.12494],[-122.979934,46.124906],[-122.979928,46.124613],[-122.979875,46.124585],[-122.979679,46.124584],[-122.979673,46.124528],[-122.979623,46.124496],[-122.979461,46.124501],[-122.979423,46.124532],[-122.97942,46.124584],[-122.979345,46.124586],[-122.979299,46.124613],[-122.979299,46.124736],[-122.979353,46.124763],[-122.979549,46.124764],[-122.979551,46.124901],[-122.97959,46.124938],[-122.979739,46.124968]],[[-122.979678,46.127824],[-122.979696,46.127779],[-122.979664,46.127744],[-122.97959,46.127735],[-122.97954,46.127759],[-122.97953,46.127801],[-122.979566,46.127838],[-122.979624,46.127848],[-122.979678,46.127824]],[[-122.982784,46.127825],[-122.982771,46.127759],[-122.982655,46.127735],[-122.982651,46.127683],[-122.982614,46.127651],[-122.982321,46.127647],[-122.982272,46.127678],[-122.982266,46.127735],[-122.98215,46.127759],[-122.982137,46.127825],[-122.982025,46.127844],[-122.982007,46.127915],[-122.981789,46.127921],[-122.981752,46.127953],[-122.981748,46.128005],[-122.981632,46.128029],[-122.981619,46.128094],[-122.981408,46.128099],[-122.981366,46.128128],[-122.98136,46.128184],[-122.981253,46.1282],[-122.98123,46.128454],[-122.981129,46.128467],[-122.981101,46.128544],[-122.981,46.128557],[-122.980971,46.128634],[-122.980877,46.128644],[-122.980842,46.128724],[-122.980761,46.128729],[-122.980719,46.128758],[-122.980713,46.129036],[-122.980775,46.129083],[-122.981101,46.129085],[-122.981114,46.12915],[-122.98123,46.129175],[-122.981265,46.129255],[-122.981489,46.129265],[-122.981489,46.129534],[-122.98136,46.129534],[-122.981337,46.12946],[-122.98123,46.129444],[-122.981224,46.129298],[-122.981182,46.129269],[-122.981101,46.129264],[-122.981095,46.129208],[-122.981053,46.129179],[-122.980775,46.129175],[-122.980722,46.129203],[-122.980712,46.129264],[-122.980495,46.129271],[-122.980455,46.129308],[-122.980446,46.129419],[-122.980503,46.129444],[-122.980712,46.129444],[-122.980735,46.129519],[-122.980842,46.129535],[-122.980855,46.1296],[-122.980971,46.129625],[-122.981,46.129702],[-122.981101,46.129715],[-122.9811,46.129894],[-122.980994,46.12991],[-122.980971,46.129984],[-122.980712,46.129984],[-122.980695,46.129914],[-122.980583,46.129894],[-122.98057,46.129828],[-122.980453,46.129804],[-122.980419,46.129723],[-122.98012,46.129717],[-122.980071,46.129748],[-122.980065,46.129804],[-122.979991,46.129807],[-122.979945,46.129833],[-122.979935,46.129984],[-122.979861,46.129987],[-122.979815,46.130013],[-122.979806,46.130164],[-122.979724,46.130168],[-122.97968,46.130203],[-122.979694,46.130325],[-122.979806,46.130344],[-122.97984,46.130425],[-122.979935,46.130434],[-122.979964,46.130512],[-122.980065,46.130524],[-122.980093,46.130602],[-122.980194,46.130614],[-122.980217,46.130689],[-122.980453,46.130704],[-122.980476,46.130779],[-122.980582,46.130794],[-122.980583,46.130926],[-122.980617,46.130965],[-122.9808,46.130968],[-122.980838,46.130936],[-122.980841,46.130885],[-122.9811,46.130885],[-122.981123,46.130959],[-122.98123,46.130975],[-122.981264,46.131055],[-122.981359,46.131065],[-122.981375,46.131147],[-122.981257,46.131159],[-122.981211,46.1312],[-122.981235,46.131301],[-122.981285,46.131332],[-122.981466,46.131319],[-122.981488,46.131281],[-122.981473,46.131162],[-122.98159,46.131142],[-122.981618,46.131065],[-122.981719,46.131052],[-122.981748,46.130975],[-122.981848,46.130962],[-122.981877,46.130885],[-122.981965,46.130878],[-122.982006,46.130836],[-122.981993,46.130729],[-122.981877,46.130705],[-122.981864,46.130549],[-122.981748,46.130525],[-122.981742,46.130468],[-122.9817,46.130439],[-122.981489,46.130435],[-122.981489,46.130345],[-122.981595,46.130329],[-122.981618,46.130255],[-122.981719,46.130242],[-122.981748,46.130165],[-122.981849,46.130152],[-122.981877,46.130075],[-122.981972,46.130066],[-122.982007,46.129985],[-122.982118,46.129965],[-122.982136,46.129895],[-122.982265,46.129895],[-122.982271,46.129965],[-122.982333,46.129998],[-122.982497,46.12998],[-122.982542,46.129945],[-122.982511,46.129829],[-122.982395,46.129805],[-122.982395,46.129715],[-122.982483,46.129708],[-122.982523,46.129671],[-122.982524,46.129493],[-122.982484,46.129451],[-122.9823,46.129454],[-122.982266,46.129535],[-122.982149,46.129559],[-122.982136,46.129625],[-122.982024,46.129644],[-122.982007,46.129715],[-122.981877,46.129713],[-122.981877,46.129625],[-122.981984,46.129609],[-122.982007,46.129535],[-122.982102,46.129526],[-122.982136,46.129445],[-122.982248,46.129425],[-122.982266,46.129355],[-122.982455,46.129354],[-122.982512,46.129331],[-122.982516,46.129023],[-122.982462,46.128996],[-122.982266,46.128995],[-122.98219,46.128971],[-122.982035,46.129007],[-122.982007,46.129085],[-122.981748,46.129085],[-122.981748,46.128995],[-122.981944,46.128994],[-122.981998,46.128966],[-122.982007,46.128635],[-122.982136,46.128635],[-122.982146,46.128786],[-122.982192,46.128812],[-122.982266,46.128815],[-122.982272,46.128871],[-122.982321,46.128902],[-122.982484,46.128898],[-122.982521,46.128866],[-122.982525,46.128815],[-122.982641,46.128791],[-122.982653,46.128588],[-122.982613,46.128551],[-122.982525,46.128545],[-122.982525,46.128455],[-122.982606,46.128451],[-122.982651,46.128416],[-122.982655,46.128185],[-122.982749,46.128176],[-122.982784,46.128095],[-122.982865,46.128091],[-122.98291,46.128056],[-122.982908,46.127858],[-122.982866,46.127829],[-122.982784,46.127825]],[[-122.97999,46.126035],[-122.980183,46.126],[-122.980193,46.125883],[-122.980141,46.125847],[-122.979992,46.125847],[-122.979938,46.125888],[-122.97994,46.125999],[-122.97999,46.126035]],[[-122.980843,46.127554],[-122.980833,46.127403],[-122.980787,46.127377],[-122.980713,46.127374],[-122.98069,46.12712],[-122.980325,46.127104],[-122.980323,46.126968],[-122.98027,46.126927],[-122.979959,46.12694],[-122.979937,46.126973],[-122.979937,46.127236],[-122.979978,46.127278],[-122.980066,46.127284],[-122.980069,46.127516],[-122.980114,46.12755],[-122.980195,46.127554],[-122.98023,46.127635],[-122.980325,46.127644],[-122.980347,46.127719],[-122.980583,46.127734],[-122.980589,46.127791],[-122.980639,46.127822],[-122.980801,46.127818],[-122.980839,46.127786],[-122.980842,46.127734],[-122.980931,46.127728],[-122.980971,46.127686],[-122.980959,46.127578],[-122.980843,46.127554]],[[-122.981939,46.126589],[-122.982082,46.126562],[-122.982128,46.126536],[-122.982128,46.126413],[-122.982075,46.126386],[-122.981878,46.126385],[-122.981869,46.126233],[-122.981823,46.126207],[-122.981749,46.126204],[-122.98174,46.126143],[-122.981679,46.126115],[-122.981395,46.126124],[-122.981361,46.126163],[-122.981361,46.126294],[-122.981148,46.126285],[-122.981105,46.126319],[-122.981102,46.126384],[-122.980843,46.126384],[-122.98083,46.126318],[-122.980714,46.126294],[-122.980708,46.126238],[-122.980658,46.126207],[-122.98038,46.126207],[-122.980331,46.126238],[-122.980325,46.126294],[-122.980224,46.126307],[-122.980196,46.126384],[-122.980107,46.126391],[-122.980067,46.126433],[-122.980084,46.126725],[-122.980195,46.126744],[-122.980209,46.12681],[-122.980325,46.126834],[-122.980331,46.126891],[-122.980373,46.12692],[-122.980713,46.126924],[-122.980726,46.12699],[-122.980843,46.127014],[-122.980849,46.127071],[-122.980891,46.1271],[-122.981312,46.1271],[-122.981354,46.127071],[-122.981361,46.127015],[-122.981477,46.126991],[-122.98149,46.126925],[-122.981608,46.126914],[-122.981635,46.127007],[-122.981507,46.127034],[-122.981471,46.127149],[-122.981517,46.12719],[-122.981619,46.127195],[-122.981625,46.127265],[-122.981687,46.127298],[-122.981973,46.127275],[-122.982006,46.127241],[-122.982004,46.127143],[-122.981945,46.127106],[-122.981749,46.127104],[-122.981733,46.127022],[-122.98183,46.12701],[-122.981872,46.126981],[-122.981872,46.126868],[-122.981808,46.126835],[-122.98163,46.126846],[-122.981597,46.12676],[-122.98149,46.126744],[-122.981455,46.126664],[-122.981361,46.126654],[-122.981361,46.126475],[-122.98149,46.126475],[-122.981551,46.126499],[-122.98162,46.126475],[-122.981749,46.126475],[-122.981752,46.126526],[-122.98179,46.126558],[-122.981939,46.126589]],[[-122.980201,46.128488],[-122.980176,46.128589],[-122.980209,46.128625],[-122.980399,46.128632],[-122.98045,46.128596],[-122.98045,46.128493],[-122.980399,46.128457],[-122.98025,46.128457],[-122.980201,46.128488]],[[-122.981024,46.126204],[-122.981096,46.126171],[-122.981101,46.126073],[-122.981061,46.126031],[-122.980973,46.126024],[-122.980955,46.125774],[-122.980895,46.125754],[-122.980462,46.125767],[-122.980435,46.12581],[-122.980472,46.126005],[-122.980525,46.126024],[-122.980713,46.126024],[-122.980715,46.126161],[-122.980755,46.126198],[-122.981024,46.126204]],[[-122.981509,46.127419],[-122.981484,46.127318],[-122.981435,46.127287],[-122.981286,46.127287],[-122.981234,46.127323],[-122.981234,46.127426],[-122.981286,46.127462],[-122.981476,46.127455],[-122.981509,46.127419]],[[-122.98188,46.131696],[-122.981822,46.131681],[-122.981764,46.131701],[-122.981748,46.13175],[-122.981774,46.131786],[-122.981837,46.131798],[-122.981896,46.131772],[-122.981911,46.131732],[-122.98188,46.131696]],[[-122.982946,46.126893],[-122.982908,46.126778],[-122.982859,46.126747],[-122.982526,46.126745],[-122.982508,46.126674],[-122.982396,46.126655],[-122.982387,46.126593],[-122.982334,46.126566],[-122.982172,46.126574],[-122.982137,46.126655],[-122.981946,46.126641],[-122.98188,46.126684],[-122.981887,46.126806],[-122.981933,46.126832],[-122.982008,46.126835],[-122.982025,46.126995],[-122.982078,46.127014],[-122.982266,46.127015],[-122.982284,46.127085],[-122.982396,46.127105],[-122.982414,46.127175],[-122.982525,46.127195],[-122.982534,46.127256],[-122.982588,46.127284],[-122.982722,46.127284],[-122.982771,46.127261],[-122.982784,46.127063],[-122.982729,46.127017],[-122.982525,46.127015],[-122.982526,46.126925],[-122.982784,46.126925],[-122.982875,46.126946],[-122.982946,46.126893]],[[-122.982263,46.131603],[-122.982212,46.131581],[-122.982154,46.131591],[-122.982116,46.131633],[-122.982132,46.131674],[-122.982186,46.131694],[-122.982257,46.131682],[-122.982285,46.131644],[-122.982263,46.131603]],[[-122.982931,46.13048],[-122.982904,46.130373],[-122.98285,46.130346],[-122.982406,46.130356],[-122.982414,46.13021],[-122.982368,46.130169],[-122.982199,46.130166],[-122.982142,46.130198],[-122.982142,46.130401],[-122.982206,46.130434],[-122.982384,46.130424],[-122.982395,46.130525],[-122.982361,46.130578],[-122.982401,46.130671],[-122.982443,46.130701],[-122.982625,46.130692],[-122.982653,46.130656],[-122.982654,46.130525],[-122.982892,46.130518],[-122.982931,46.13048]],[[-122.983094,46.129265],[-122.98317,46.129221],[-122.98317,46.129128],[-122.983144,46.129097],[-122.982861,46.129085],[-122.982801,46.129104],[-122.982784,46.129216],[-122.982812,46.129253],[-122.983094,46.129265]],[[-122.984112,46.128958],[-122.984055,46.128831],[-122.983949,46.128815],[-122.983936,46.128659],[-122.983819,46.128635],[-122.983839,46.128505],[-122.983799,46.128462],[-122.983431,46.128455],[-122.983397,46.128374],[-122.98325,46.128365],[-122.983185,46.128389],[-122.983172,46.128455],[-122.982859,46.128441],[-122.982793,46.12847],[-122.98279,46.128601],[-122.982832,46.128631],[-122.982913,46.128635],[-122.982936,46.128709],[-122.983301,46.128725],[-122.983319,46.128885],[-122.983372,46.128905],[-122.98356,46.128905],[-122.983573,46.128971],[-122.98369,46.128995],[-122.983693,46.129047],[-122.983731,46.129079],[-122.983888,46.129109],[-122.984044,46.129076],[-122.984112,46.128958]],[[-122.984907,46.128185],[-122.984983,46.128142],[-122.984971,46.127939],[-122.984855,46.127915],[-122.984821,46.127834],[-122.984726,46.127825],[-122.984697,46.127747],[-122.984596,46.127735],[-122.984568,46.127657],[-122.984467,46.127645],[-122.984438,46.127567],[-122.984338,46.127555],[-122.984309,46.127477],[-122.984208,46.127465],[-122.984185,46.127391],[-122.983949,46.127375],[-122.983932,46.127305],[-122.98382,46.127285],[-122.983807,46.127219],[-122.98369,46.127195],[-122.983687,46.127143],[-122.983649,46.127111],[-122.983432,46.127105],[-122.983426,46.127048],[-122.983376,46.127017],[-122.983195,46.127031],[-122.983172,46.127195],[-122.983078,46.127204],[-122.983043,46.127285],[-122.982962,46.127289],[-122.982917,46.127323],[-122.982879,46.127422],[-122.982936,46.127539],[-122.983115,46.127555],[-122.983171,46.127538],[-122.983192,46.127499],[-122.983173,46.127375],[-122.983431,46.127375],[-122.983449,46.127445],[-122.983561,46.127465],[-122.983595,46.127546],[-122.98369,46.127555],[-122.983719,46.127633],[-122.98382,46.127645],[-122.983848,46.127723],[-122.984078,46.127735],[-122.984096,46.127805],[-122.984208,46.127825],[-122.984242,46.127906],[-122.984337,46.127915],[-122.984366,46.127993],[-122.984467,46.128005],[-122.984495,46.128083],[-122.984596,46.128095],[-122.984625,46.128173],[-122.984907,46.128185]],[[-122.983292,46.129776],[-122.983318,46.129665],[-122.983274,46.129629],[-122.982975,46.129626],[-122.982916,46.129663],[-122.982914,46.129761],[-122.982975,46.129804],[-122.983239,46.129804],[-122.983292,46.129776]],[[-122.983222,46.133315],[-122.983297,46.133277],[-122.983291,46.133163],[-122.983238,46.133136],[-122.983082,46.133141],[-122.983043,46.133178],[-122.98305,46.133286],[-122.983104,46.133314],[-122.983222,46.133315]],[[-122.98339,46.127561],[-122.98324,46.127541],[-122.983185,46.127566],[-122.983174,46.127691],[-122.98322,46.127731],[-122.983371,46.127747],[-122.983428,46.12771],[-122.98343,46.127598],[-122.98339,46.127561]],[[-122.983558,46.129083],[-122.983507,46.129061],[-122.983449,46.129071],[-122.983412,46.129114],[-122.983428,46.129154],[-122.983481,46.129175],[-122.983553,46.129162],[-122.98358,46.129124],[-122.983558,46.129083]],[[-122.98369,46.127825],[-122.983684,46.127768],[-122.983635,46.127737],[-122.983474,46.127736],[-122.983414,46.127775],[-122.98344,46.127886],[-122.983486,46.127913],[-122.983561,46.127915],[-122.983583,46.127989],[-122.983764,46.128003],[-122.983816,46.127967],[-122.983816,46.127863],[-122.983772,46.127829],[-122.98369,46.127825]],[[-122.984466,46.130975],[-122.984431,46.130894],[-122.98426,46.130874],[-122.984213,46.130905],[-122.984207,46.130975],[-122.984091,46.130999],[-122.984077,46.131065],[-122.983874,46.131067],[-122.983825,46.131098],[-122.983819,46.131155],[-122.98363,46.131155],[-122.983573,46.131179],[-122.98356,46.13139],[-122.983599,46.131432],[-122.983784,46.131416],[-122.983819,46.131335],[-122.983964,46.131343],[-122.983964,46.131417],[-122.983866,46.131429],[-122.983824,46.131458],[-122.983799,46.131555],[-122.983832,46.131595],[-122.984007,46.131605],[-122.984068,46.131576],[-122.984062,46.131433],[-122.984112,46.131383],[-122.984062,46.131327],[-122.984078,46.131245],[-122.984411,46.131243],[-122.98446,46.131212],[-122.984466,46.131155],[-122.984582,46.131131],[-122.984586,46.131004],[-122.98454,46.130977],[-122.984466,46.130975]],[[-122.984466,46.129265],[-122.984444,46.129101],[-122.984389,46.129085],[-122.98423,46.129101],[-122.984207,46.129175],[-122.984106,46.129187],[-122.984078,46.129265],[-122.983983,46.129274],[-122.983948,46.129355],[-122.983874,46.129357],[-122.983828,46.129383],[-122.983819,46.129535],[-122.983731,46.129541],[-122.983691,46.129578],[-122.98367,46.129749],[-122.983691,46.129788],[-122.983747,46.129805],[-122.983941,46.129792],[-122.983968,46.129755],[-122.983949,46.129625],[-122.984078,46.129625],[-122.984146,46.129649],[-122.984314,46.129609],[-122.984337,46.129535],[-122.984432,46.129526],[-122.984466,46.129445],[-122.984548,46.129441],[-122.984592,46.129407],[-122.984583,46.129289],[-122.984466,46.129265]],[[-122.987074,46.134795],[-122.987031,46.134681],[-122.986925,46.134665],[-122.986912,46.134509],[-122.986795,46.134485],[-122.986795,46.134264],[-122.986767,46.134228],[-122.986277,46.134215],[-122.986264,46.134059],[-122.986148,46.134035],[-122.986135,46.133969],[-122.986019,46.133945],[-122.986013,46.133889],[-122.985971,46.133859],[-122.985828,46.133831],[-122.98576,46.133855],[-122.985501,46.133855],[-122.985485,46.133773],[-122.985613,46.133745],[-122.985663,46.133617],[-122.985613,46.133515],[-122.985501,46.133495],[-122.985488,46.133429],[-122.985372,46.133405],[-122.985366,46.133349],[-122.985323,46.133319],[-122.985168,46.133317],[-122.985113,46.133364],[-122.98513,46.133475],[-122.985242,46.133495],[-122.985276,46.133576],[-122.985371,46.133585],[-122.985387,46.133758],[-122.985255,46.133789],[-122.985248,46.133912],[-122.98529,46.133941],[-122.985371,46.133945],[-122.985406,46.134026],[-122.985501,46.134035],[-122.985529,46.134113],[-122.98563,46.134125],[-122.985659,46.134203],[-122.985759,46.134215],[-122.985788,46.134293],[-122.985889,46.134305],[-122.985917,46.134383],[-122.986018,46.134395],[-122.986018,46.134575],[-122.98576,46.134575],[-122.98575,46.134514],[-122.985697,46.134486],[-122.985371,46.134485],[-122.985348,46.134411],[-122.985242,46.134395],[-122.985229,46.134329],[-122.985112,46.134305],[-122.985084,46.134227],[-122.984983,46.134215],[-122.98496,46.134051],[-122.984724,46.134035],[-122.984718,46.133978],[-122.984669,46.133947],[-122.984465,46.133945],[-122.984447,46.133875],[-122.984336,46.133855],[-122.984323,46.133789],[-122.984206,46.133765],[-122.9842,46.133708],[-122.984158,46.133679],[-122.983976,46.133687],[-122.983948,46.133724],[-122.983947,46.133855],[-122.983866,46.133859],[-122.983824,46.133888],[-122.983834,46.134027],[-122.983783,46.134077],[-122.983809,46.13412],[-122.983901,46.134134],[-122.983946,46.134095],[-122.983931,46.134043],[-122.984077,46.134035],[-122.98409,46.134101],[-122.984206,46.134125],[-122.984241,46.134206],[-122.984465,46.134215],[-122.984445,46.134345],[-122.984473,46.134382],[-122.984724,46.134395],[-122.984747,46.134469],[-122.984853,46.134485],[-122.984866,46.134551],[-122.984983,46.134575],[-122.985011,46.134653],[-122.985112,46.134665],[-122.985112,46.134755],[-122.984983,46.134755],[-122.98497,46.134689],[-122.984853,46.134665],[-122.98485,46.134613],[-122.984812,46.134581],[-122.984662,46.134562],[-122.984596,46.134605],[-122.984612,46.134735],[-122.984724,46.134755],[-122.984758,46.134836],[-122.984853,46.134845],[-122.984853,46.134935],[-122.984818,46.134978],[-122.984853,46.135025],[-122.984853,46.135205],[-122.984818,46.135253],[-122.984862,46.135357],[-122.984908,46.135383],[-122.984982,46.135385],[-122.984988,46.135442],[-122.98503,46.135471],[-122.985241,46.135475],[-122.985254,46.135541],[-122.985371,46.135565],[-122.985377,46.135622],[-122.985419,46.135651],[-122.985607,46.135639],[-122.98563,46.135475],[-122.985731,46.135463],[-122.985759,46.135385],[-122.98586,46.135373],[-122.985889,46.135295],[-122.98599,46.135283],[-122.986018,46.135205],[-122.986113,46.135196],[-122.986148,46.135115],[-122.986264,46.135091],[-122.986277,46.134845],[-122.986407,46.134845],[-122.986413,46.134902],[-122.986462,46.134933],[-122.986733,46.134934],[-122.986786,46.134907],[-122.986795,46.134845],[-122.987046,46.134833],[-122.987074,46.134795]],[[-122.984258,46.132955],[-122.984334,46.132912],[-122.984318,46.132705],[-122.984207,46.132685],[-122.984201,46.132628],[-122.984151,46.132597],[-122.983826,46.132608],[-122.983798,46.132651],[-122.983836,46.132755],[-122.983947,46.132775],[-122.983961,46.132841],[-122.984077,46.132865],[-122.984112,46.132946],[-122.984258,46.132955]],[[-122.984466,46.130165],[-122.984582,46.130141],[-122.984592,46.130023],[-122.984541,46.129987],[-122.984392,46.129987],[-122.984343,46.130018],[-122.984337,46.130075],[-122.984236,46.130087],[-122.984207,46.130165],[-122.984106,46.130177],[-122.984078,46.130255],[-122.983989,46.130261],[-122.98395,46.130298],[-122.983948,46.130525],[-122.983914,46.130573],[-122.983954,46.130672],[-122.984011,46.130704],[-122.984207,46.130705],[-122.984213,46.130775],[-122.984267,46.130807],[-122.984533,46.130794],[-122.984594,46.130752],[-122.984582,46.130639],[-122.984466,46.130615],[-122.98446,46.130378],[-122.984418,46.130349],[-122.984337,46.130345],[-122.984337,46.130255],[-122.984443,46.130239],[-122.984466,46.130165]],[[-122.984888,46.127523],[-122.984849,46.127318],[-122.984807,46.127289],[-122.984726,46.127285],[-122.984691,46.127204],[-122.984467,46.127195],[-122.984439,46.127117],[-122.984284,46.127081],[-122.984092,46.127129],[-122.984092,46.127261],[-122.984208,46.127285],[-122.984243,46.127366],[-122.984337,46.127375],[-122.984366,46.127453],[-122.984467,46.127465],[-122.984501,46.127546],[-122.984817,46.127576],[-122.984888,46.127523]],[[-122.988091,46.131425],[-122.988081,46.131364],[-122.988028,46.131336],[-122.987573,46.131335],[-122.987573,46.131245],[-122.987654,46.131241],[-122.987699,46.131207],[-122.987693,46.131004],[-122.987647,46.130978],[-122.987573,46.130975],[-122.987567,46.130919],[-122.987525,46.13089],[-122.987314,46.130885],[-122.987296,46.130815],[-122.987184,46.130795],[-122.987171,46.130729],[-122.987055,46.130705],[-122.98702,46.130624],[-122.986667,46.130615],[-122.986638,46.130538],[-122.986484,46.130502],[-122.986408,46.130525],[-122.986278,46.130525],[-122.986278,46.130435],[-122.986367,46.130429],[-122.986407,46.130387],[-122.986406,46.130119],[-122.98633,46.130075],[-122.985802,46.130082],[-122.985761,46.130124],[-122.98576,46.130345],[-122.985654,46.130361],[-122.985631,46.130435],[-122.985395,46.130451],[-122.985372,46.130615],[-122.985034,46.130615],[-122.984981,46.130636],[-122.984984,46.130795],[-122.984882,46.130799],[-122.984835,46.13084],[-122.984835,46.13111],[-122.984896,46.131154],[-122.985113,46.131155],[-122.985113,46.131245],[-122.984521,46.131247],[-122.984472,46.131278],[-122.984455,46.131346],[-122.984364,46.131339],[-122.984316,46.131391],[-122.98439,46.131449],[-122.984477,46.131414],[-122.984595,46.131425],[-122.984599,46.131657],[-122.984643,46.131691],[-122.984725,46.131695],[-122.984728,46.131747],[-122.984766,46.131779],[-122.984928,46.131783],[-122.984978,46.131752],[-122.984984,46.131695],[-122.985113,46.131695],[-122.985126,46.131941],[-122.985183,46.131965],[-122.985372,46.131965],[-122.985372,46.132055],[-122.985337,46.132103],[-122.985372,46.132145],[-122.985381,46.132477],[-122.985555,46.132529],[-122.985631,46.132505],[-122.98576,46.132505],[-122.985763,46.132647],[-122.985838,46.132685],[-122.985984,46.132676],[-122.986019,46.132595],[-122.986379,46.132583],[-122.986407,46.132547],[-122.986407,46.132325],[-122.986496,46.132319],[-122.986535,46.132282],[-122.986537,46.132055],[-122.986644,46.132039],[-122.986666,46.131965],[-122.986985,46.131965],[-122.987046,46.131937],[-122.987037,46.131715],[-122.986985,46.131696],[-122.986796,46.131695],[-122.986773,46.131621],[-122.986667,46.131605],[-122.986667,46.131515],[-122.986773,46.1315],[-122.986796,46.131425],[-122.986912,46.131401],[-122.986925,46.131335],[-122.987055,46.131335],[-122.987056,46.131472],[-122.98711,46.131513],[-122.987261,46.131526],[-122.987308,46.131495],[-122.987314,46.131425],[-122.987441,46.131425],[-122.987447,46.131477],[-122.987484,46.131509],[-122.987702,46.131515],[-122.987715,46.131671],[-122.987885,46.131719],[-122.988056,46.131686],[-122.98809,46.131606],[-122.988165,46.131603],[-122.988211,46.131577],[-122.988211,46.131454],[-122.988165,46.131428],[-122.988091,46.131425]],[[-122.984984,46.129485],[-122.984916,46.129432],[-122.984754,46.129457],[-122.984725,46.129535],[-122.984644,46.129539],[-122.984602,46.129568],[-122.984613,46.129709],[-122.984678,46.129729],[-122.984826,46.129703],[-122.984855,46.129625],[-122.984929,46.129623],[-122.984975,46.129597],[-122.984984,46.129485]],[[-122.984986,46.132417],[-122.984915,46.132391],[-122.984747,46.132431],[-122.984724,46.132469],[-122.984747,46.132579],[-122.984802,46.132595],[-122.984961,46.132579],[-122.985017,46.132468],[-122.984986,46.132417]],[[-122.985166,46.130446],[-122.985359,46.130411],[-122.985369,46.130293],[-122.985317,46.130257],[-122.985168,46.130257],[-122.985115,46.130299],[-122.985117,46.13041],[-122.985166,46.130446]],[[-122.985795,46.129943],[-122.985755,46.129839],[-122.985706,46.129807],[-122.98527,46.129804],[-122.985243,46.12984],[-122.985244,46.129942],[-122.985284,46.129979],[-122.985372,46.129985],[-122.985352,46.130109],[-122.985374,46.130149],[-122.98543,46.130165],[-122.985608,46.130149],[-122.985631,46.130075],[-122.985713,46.130071],[-122.985755,46.130042],[-122.985795,46.129943]],[[-122.987058,46.128457],[-122.987046,46.128304],[-122.987,46.128278],[-122.986926,46.128275],[-122.986892,46.128194],[-122.986797,46.128185],[-122.986768,46.128108],[-122.986471,46.128096],[-122.986418,46.128124],[-122.986408,46.128185],[-122.986178,46.128197],[-122.986149,46.128275],[-122.986033,46.128299],[-122.98602,46.128365],[-122.985891,46.128365],[-122.985822,46.128341],[-122.98566,46.128377],[-122.985632,46.128414],[-122.985633,46.128605],[-122.985699,46.128649],[-122.98602,46.128635],[-122.986043,46.128709],[-122.986149,46.128725],[-122.986158,46.128877],[-122.986204,46.128903],[-122.986279,46.128905],[-122.986282,46.128957],[-122.98632,46.128989],[-122.986469,46.129019],[-122.986538,46.128995],[-122.986734,46.128994],[-122.986787,46.128967],[-122.986797,46.128905],[-122.986908,46.128886],[-122.986926,46.128815],[-122.987122,46.128814],[-122.987179,46.128782],[-122.987176,46.128664],[-122.98713,46.128638],[-122.987056,46.128635],[-122.987056,46.128545],[-122.98709,46.128503],[-122.987058,46.128457]],[[-122.98619,46.129529],[-122.98634,46.129549],[-122.986395,46.129525],[-122.986407,46.129399],[-122.986367,46.129362],[-122.986263,46.129348],[-122.986266,46.129276],[-122.986181,46.129253],[-122.986115,46.129308],[-122.986165,46.129363],[-122.986151,46.129492],[-122.98619,46.129529]],[[-122.987314,46.132505],[-122.9873,46.132439],[-122.987184,46.132415],[-122.987181,46.132364],[-122.987143,46.132332],[-122.986837,46.132332],[-122.986799,46.132364],[-122.986796,46.132415],[-122.986679,46.132439],[-122.986666,46.132505],[-122.98655,46.132529],[-122.986537,46.132685],[-122.98642,46.132709],[-122.986396,46.132836],[-122.986442,46.132863],[-122.986537,46.132865],[-122.986543,46.132922],[-122.986592,46.132953],[-122.986925,46.132955],[-122.986986,46.132979],[-122.987156,46.132943],[-122.987184,46.132865],[-122.987402,46.132859],[-122.987442,46.132817],[-122.987441,46.132549],[-122.987402,46.132512],[-122.987314,46.132505]],[[-122.986796,46.129575],[-122.986729,46.129522],[-122.986566,46.129548],[-122.986537,46.129625],[-122.986456,46.129629],[-122.986414,46.129659],[-122.986405,46.129785],[-122.986458,46.129805],[-122.986763,46.129809],[-122.986796,46.12977],[-122.986796,46.129575]],[[-122.98692,46.129232],[-122.986945,46.12913],[-122.986905,46.129092],[-122.986715,46.129089],[-122.986669,46.129129],[-122.986673,46.129245],[-122.986735,46.129279],[-122.986878,46.129261],[-122.98692,46.129232]],[[-122.986922,46.135203],[-122.986871,46.135182],[-122.986813,46.135192],[-122.986776,46.135234],[-122.986792,46.135275],[-122.986845,46.135295],[-122.986917,46.135283],[-122.986944,46.135245],[-122.986922,46.135203]],[[-122.987365,46.133855],[-122.98742,46.13384],[-122.987442,46.133807],[-122.987442,46.133634],[-122.987414,46.133598],[-122.987184,46.133585],[-122.987161,46.133511],[-122.987008,46.133473],[-122.986813,46.133515],[-122.986776,46.13362],[-122.986803,46.133663],[-122.987054,46.133675],[-122.987067,46.133741],[-122.987184,46.133765],[-122.987212,46.133843],[-122.987365,46.133855]],[[-122.987421,46.12979],[-122.987461,46.129575],[-122.987416,46.12954],[-122.987235,46.129536],[-122.987187,46.129552],[-122.987165,46.129591],[-122.987207,46.12979],[-122.987262,46.129805],[-122.987421,46.12979]],[[-122.989344,46.130802],[-122.989187,46.130771],[-122.989126,46.130795],[-122.988867,46.130795],[-122.988833,46.130715],[-122.988686,46.130706],[-122.988621,46.13073],[-122.988597,46.130806],[-122.988479,46.130795],[-122.988466,46.130729],[-122.98835,46.130705],[-122.988346,46.130654],[-122.988308,46.130622],[-122.988151,46.130591],[-122.987972,46.130626],[-122.987952,46.130464],[-122.987906,46.130438],[-122.987832,46.130435],[-122.98784,46.13019],[-122.987797,46.130168],[-122.987702,46.130165],[-122.987696,46.130109],[-122.987647,46.130078],[-122.987506,46.130076],[-122.987453,46.130104],[-122.987453,46.130407],[-122.987499,46.130433],[-122.987573,46.130435],[-122.987607,46.130516],[-122.987702,46.130525],[-122.987703,46.130657],[-122.987731,46.130693],[-122.987961,46.130705],[-122.987961,46.130885],[-122.987859,46.13089],[-122.987814,46.130925],[-122.987856,46.130992],[-122.987923,46.130996],[-122.987972,46.130964],[-122.988349,46.130976],[-122.988384,46.131056],[-122.988546,46.131064],[-122.988605,46.131027],[-122.988619,46.130875],[-122.988738,46.130886],[-122.988744,46.130942],[-122.988786,46.130971],[-122.988928,46.131],[-122.988997,46.130976],[-122.989126,46.130976],[-122.989161,46.131056],[-122.989322,46.131065],[-122.989384,46.131022],[-122.989384,46.130839],[-122.989344,46.130802]],[[-122.987849,46.128326],[-122.987798,46.128194],[-122.987628,46.128188],[-122.987579,46.128219],[-122.987541,46.128334],[-122.987627,46.128389],[-122.987797,46.128363],[-122.987849,46.128326]],[[-122.987784,46.128459],[-122.987641,46.128442],[-122.987586,46.128466],[-122.987577,46.128597],[-122.987628,46.128633],[-122.987777,46.128633],[-122.987829,46.128597],[-122.987829,46.128494],[-122.987784,46.128459]],[[-122.988997,46.129986],[-122.989071,46.129983],[-122.989117,46.129957],[-122.989117,46.129834],[-122.989064,46.129807],[-122.988868,46.129805],[-122.988858,46.129564],[-122.988812,46.129538],[-122.988738,46.129535],[-122.988732,46.129479],[-122.98869,46.12945],[-122.988479,46.129445],[-122.988478,46.129309],[-122.988438,46.129272],[-122.988254,46.129261],[-122.98822,46.129355],[-122.988119,46.129368],[-122.988091,46.129445],[-122.987996,46.129455],[-122.987961,46.129535],[-122.987887,46.129538],[-122.987841,46.129564],[-122.987797,46.129668],[-122.987832,46.129715],[-122.987838,46.129862],[-122.98788,46.129891],[-122.987961,46.129895],[-122.987996,46.129976],[-122.988091,46.129986],[-122.988094,46.130037],[-122.988132,46.130069],[-122.988608,46.130076],[-122.988637,46.130153],[-122.9888,46.130179],[-122.988862,46.130146],[-122.988867,46.130076],[-122.988984,46.130052],[-122.988997,46.129986]],[[-122.988217,46.134033],[-122.988151,46.134011],[-122.988079,46.134046],[-122.987909,46.134035],[-122.987854,46.134051],[-122.987831,46.134089],[-122.987854,46.13429],[-122.987909,46.134305],[-122.988067,46.13429],[-122.98809,46.134126],[-122.988217,46.134109],[-122.988239,46.13407],[-122.988217,46.134033]],[[-122.989015,46.131651],[-122.988991,46.131549],[-122.988949,46.13152],[-122.988749,46.131527],[-122.988729,46.131364],[-122.988683,46.131338],[-122.988608,46.131335],[-122.988574,46.131255],[-122.988479,46.131245],[-122.988444,46.131165],[-122.98822,46.131155],[-122.988211,46.131094],[-122.988157,46.131067],[-122.988011,46.131066],[-122.987958,46.131086],[-122.987942,46.131127],[-122.987979,46.131226],[-122.98809,46.131246],[-122.988096,46.131302],[-122.988138,46.131331],[-122.988349,46.131336],[-122.988355,46.131482],[-122.988397,46.131511],[-122.988479,46.131516],[-122.988513,46.131596],[-122.988727,46.131595],[-122.988751,46.131672],[-122.988815,46.131696],[-122.988983,46.131686],[-122.989015,46.131651]],[[-122.988885,46.134531],[-122.988861,46.134429],[-122.988811,46.134398],[-122.98865,46.134397],[-122.98859,46.134435],[-122.988614,46.134542],[-122.988663,46.134573],[-122.988853,46.134566],[-122.988885,46.134531]],[[-122.988865,46.130254],[-122.988814,46.130232],[-122.988756,46.130242],[-122.988719,46.130284],[-122.988735,46.130325],[-122.988788,46.130345],[-122.98886,46.130333],[-122.988887,46.130295],[-122.988865,46.130254]],[[-122.989402,46.131476],[-122.989362,46.131351],[-122.989256,46.131336],[-122.989255,46.131204],[-122.989227,46.131168],[-122.989008,46.131167],[-122.988991,46.131085],[-122.988936,46.131053],[-122.988755,46.131085],[-122.988738,46.131192],[-122.98876,46.13123],[-122.988997,46.131246],[-122.988997,46.131467],[-122.989025,46.131503],[-122.98935,46.131513],[-122.989402,46.131476]],[[-122.989514,46.132056],[-122.989501,46.13199],[-122.989385,46.131966],[-122.989382,46.131914],[-122.989344,46.131882],[-122.989176,46.131876],[-122.989114,46.131905],[-122.989139,46.132032],[-122.989255,46.132056],[-122.989257,46.132192],[-122.989296,46.132229],[-122.989453,46.13226],[-122.989626,46.132216],[-122.989635,46.132084],[-122.989589,46.132058],[-122.989514,46.132056]],[[-122.989512,46.133224],[-122.989461,46.133202],[-122.989403,46.133212],[-122.989365,46.133254],[-122.989381,46.133295],[-122.989435,46.133315],[-122.989506,46.133303],[-122.989534,46.133265],[-122.989512,46.133224]],[[-122.989641,46.134844],[-122.98959,46.134822],[-122.989532,46.134832],[-122.989495,46.134874],[-122.989511,46.134915],[-122.989564,46.134935],[-122.989636,46.134923],[-122.989663,46.134885],[-122.989641,46.134844]],[[-122.989696,46.131336],[-122.98977,46.131297],[-122.98976,46.13118],[-122.989703,46.131156],[-122.989528,46.131165],[-122.989495,46.131211],[-122.989528,46.131312],[-122.989577,46.131335],[-122.989696,46.131336]],[[-122.989905,46.135204],[-122.989936,46.135169],[-122.989921,46.135128],[-122.989863,46.135103],[-122.9898,46.135115],[-122.989773,46.135151],[-122.98979,46.135199],[-122.989848,46.135219],[-122.989905,46.135204]],[[-122.990084,46.131066],[-122.99016,46.131022],[-122.99016,46.130929],[-122.990133,46.130898],[-122.989851,46.130886],[-122.989791,46.130905],[-122.989774,46.131017],[-122.989802,46.131053],[-122.990084,46.131066]],[[-122.990421,46.130796],[-122.990619,46.130808],[-122.990674,46.130776],[-122.990657,46.130632],[-122.990602,46.130616],[-122.990314,46.130631],[-122.990257,46.130743],[-122.990277,46.130787],[-122.990352,46.13082],[-122.990421,46.130796]],[[-122.990602,46.130436],[-122.990678,46.130392],[-122.990678,46.130299],[-122.990651,46.130268],[-122.990482,46.130232],[-122.990309,46.130275],[-122.990292,46.130387],[-122.99032,46.130423],[-122.990602,46.130436]],[[-122.990603,46.131707],[-122.990796,46.131672],[-122.990806,46.131554],[-122.990754,46.131518],[-122.990605,46.131518],[-122.990551,46.131559],[-122.990553,46.131671],[-122.990603,46.131707]],[[-122.990855,46.130098],[-122.991055,46.130052],[-122.991065,46.129934],[-122.991013,46.129898],[-122.990864,46.129898],[-122.990815,46.129929],[-122.990777,46.130044],[-122.990855,46.130098]],[[-122.992111,46.132301],[-122.992097,46.132089],[-122.992055,46.13206],[-122.991974,46.132056],[-122.991968,46.131999],[-122.991926,46.13197],[-122.991397,46.131966],[-122.991333,46.131999],[-122.991292,46.132098],[-122.991327,46.132146],[-122.99133,46.132287],[-122.991375,46.132322],[-122.991456,46.132326],[-122.991462,46.132382],[-122.991504,46.132412],[-122.991926,46.132412],[-122.991968,46.132382],[-122.991974,46.132326],[-122.992069,46.132323],[-122.992111,46.132301]],[[-122.991767,46.131516],[-122.991841,46.131477],[-122.991835,46.131364],[-122.991782,46.131337],[-122.991625,46.131329],[-122.991586,46.131371],[-122.991595,46.131487],[-122.991648,46.131515],[-122.991767,46.131516]]]}},{"type":"Feature","properties":{"id":37,"area_m2":7800,"px":78,"rank":2,"persistent":false},"geometry":{"type":"Polygon","coordinates":[[[-122.96066,46.111889],[-122.96066,46.112159],[-122.960402,46.112159],[-122.960318,46.112136],[-122.960177,46.112168],[-122.960143,46.112249],[-122.960068,46.112251],[-122.960022,46.112277],[-122.959996,46.112389],[-122.960041,46.112424],[-122.960142,46.112429],[-122.960142,46.112609],[-122.959884,46.112609],[-122.95988,46.112557],[-122.959843,46.112525],[-122.959625,46.112519],[-122.959602,46.112444],[-122.959496,46.112429],[-122.959483,46.112183],[-122.959366,46.112158],[-122.959332,46.112078],[-122.959237,46.112068],[-122.959237,46.111799],[-122.959349,46.111779],[-122.959367,46.111619],[-122.959473,46.111603],[-122.959496,46.111529],[-122.959612,46.111505],[-122.959626,46.111439],[-122.960014,46.111439],[-122.960036,46.111603],[-122.960143,46.111619],[-122.960156,46.111685],[-122.960272,46.111709],[-122.960307,46.11179],[-122.960531,46.111799],[-122.960554,46.111873],[-122.96066,46.111889]]]}},{"type":"Feature","properties":{"id":26,"area_m2":7700,"px":77,"rank":3,"persistent":false},"geometry":{"type":"Polygon","coordinates":[[[-122.961304,46.117379],[-122.961303,46.117919],[-122.961197,46.117935],[-122.961174,46.118009],[-122.960786,46.118009],[-122.960725,46.117985],[-122.960656,46.118009],[-122.960527,46.118009],[-122.960514,46.117943],[-122.960449,46.117919],[-122.960186,46.117923],[-122.960144,46.117952],[-122.960138,46.118009],[-122.959621,46.118009],[-122.959621,46.117829],[-122.959728,46.117813],[-122.959751,46.117739],[-122.959867,46.117715],[-122.95988,46.117649],[-122.959975,46.117646],[-122.960021,46.117619],[-122.96001,46.117289],[-122.960116,46.117273],[-122.960139,46.117199],[-122.960657,46.117199],[-122.960718,46.117223],[-122.960786,46.117199],[-122.961045,46.117199],[-122.961068,46.117273],[-122.961174,46.117289],[-122.961209,46.11737],[-122.961304,46.117379]],[[-122.960897,46.117899],[-122.960934,46.117694],[-122.960895,46.117656],[-122.960739,46.117635],[-122.960678,46.117652],[-122.960656,46.117879],[-122.960684,46.11792],[-122.960746,46.117932],[-122.960897,46.117899]]]}},{"type":"Feature","properties":{"id":35,"area_m2":5000,"px":50,"rank":4,"persistent":false},"geometry":{"type":"Polygon","coordinates":[[[-122.959883,46.112789],[-122.959883,46.113149],[-122.959777,46.113165],[-122.959754,46.113239],[-122.959637,46.113263],[-122.959624,46.113329],[-122.959435,46.113329],[-122.959383,46.113348],[-122.959365,46.113599],[-122.959129,46.113614],[-122.959106,46.113778],[-122.958589,46.113778],[-122.958589,46.113418],[-122.958825,46.113403],[-122.958848,46.113238],[-122.959059,46.113234],[-122.959101,46.113205],[-122.959107,46.113149],[-122.959223,46.113125],[-122.959236,46.112969],[-122.959461,46.112959],[-122.959495,46.112879],[-122.959611,46.112855],[-122.959625,46.112789],[-122.959883,46.112789]]]}},{"type":"Feature","properties":{"id":11,"area_m2":4300,"px":43,"rank":5,"persistent":false},"geometry":{"type":"Polygon","coordinates":[[[-122.986667,46.130705],[-122.986666,46.130975],[-122.986572,46.130984],[-122.986537,46.131029],[-122.98654,46.131207],[-122.986585,46.131241],[-122.986666,46.131245],[-122.986666,46.131335],[-122.98656,46.131351],[-122.986537,46.131425],[-122.986311,46.131421],[-122.986278,46.131515],[-122.986171,46.131531],[-122.986149,46.131605],[-122.986019,46.131605],[-122.985996,46.131351],[-122.98589,46.131335],[-122.985884,46.131279],[-122.985842,46.131249],[-122.985631,46.131245],[-122.985631,46.131155],[-122.985666,46.131107],[-122.985603,46.130987],[-122.985418,46.130953],[-122.985265,46.130991],[-122.985242,46.131065],[-122.985113,46.131065],[-122.985113,46.130885],[-122.985331,46.130879],[-122.985369,46.130847],[-122.985372,46.130795],[-122.985502,46.130795],[-122.985563,46.130819],[-122.985631,46.130795],[-122.98576,46.130795],[-122.985769,46.13087],[-122.985836,46.130899],[-122.985991,46.130873],[-122.986019,46.130795],[-122.986149,46.130795],[-122.986165,46.130878],[-122.986116,46.130943],[-122.986154,46.130978],[-122.986211,46.130989],[-122.986273,46.130955],[-122.986262,46.130893],[-122.986373,46.130876],[-122.986408,46.130795],[-122.98652,46.130776],[-122.986537,46.130705],[-122.986667,46.130705]]]}},{"type":"Feature","properties":{"id":6,"area_m2":3500,"px":35,"rank":6,"persistent":false},"geometry":{"type":"Polygon","coordinates":[[[-122.98317,46.134935],[-122.98317,46.135025],[-122.983043,46.135025],[-122.983037,46.134973],[-122.983,46.134941],[-122.982782,46.134935],[-122.982764,46.134865],[-122.982652,46.134845],[-122.982618,46.134764],[-122.982523,46.134755],[-122.982495,46.134677],[-122.982394,46.134665],[-122.982365,46.134587],[-122.982264,46.134575],[-122.982236,46.134497],[-122.982135,46.134485],[-122.982106,46.134407],[-122.981876,46.134395],[-122.981858,46.134324],[-122.981746,46.134305],[-122.981712,46.134224],[-122.981617,46.134215],[-122.981589,46.134137],[-122.981488,46.134125],[-122.981459,46.134047],[-122.981358,46.134035],[-122.98133,46.133957],[-122.981229,46.133945],[-122.9812,46.133867],[-122.981099,46.133854],[-122.981071,46.133777],[-122.98084,46.133764],[-122.980823,46.133604],[-122.98077,46.133585],[-122.980582,46.133584],[-122.980568,46.133428],[-122.980511,46.133405],[-122.980323,46.133404],[-122.980323,46.133314],[-122.980581,46.133315],[-122.980599,46.133385],[-122.980711,46.133405],[-122.980745,46.133485],[-122.98084,46.133495],[-122.980869,46.133572],[-122.98097,46.133585],[-122.980998,46.133662],[-122.981229,46.133675],[-122.981251,46.133749],[-122.981358,46.133765],[-122.981393,46.133846],[-122.981487,46.133855],[-122.98151,46.134019],[-122.981746,46.134035],[-122.981759,46.134101],[-122.981876,46.134125],[-122.981882,46.134181],[-122.981924,46.134211],[-122.982135,46.134215],[-122.982157,46.134289],[-122.982264,46.134305],[-122.982287,46.134469],[-122.982393,46.134485],[-122.982399,46.134541],[-122.982441,46.134571],[-122.982652,46.134575],[-122.982675,46.134649],[-122.982782,46.134665],[-122.982799,46.134735],[-122.982911,46.134755],[-122.982946,46.134836],[-122.983041,46.134845],[-122.983069,46.134923],[-122.98317,46.134935]]]}},{"type":"Feature","properties":{"id":31,"area_m2":2900,"px":29,"rank":7,"persistent":false},"geometry":{"type":"Polygon","coordinates":[[[-122.960657,46.116839],[-122.960657,46.117019],[-122.959751,46.117019],[-122.959748,46.116967],[-122.95971,46.116935],[-122.959492,46.116929],[-122.959493,46.116569],[-122.959717,46.11656],[-122.959751,46.116479],[-122.959868,46.116455],[-122.959881,46.116389],[-122.96014,46.116389],[-122.960162,46.116463],[-122.960269,46.116479],[-122.960269,46.116659],[-122.96001,46.116659],[-122.959941,46.116635],[-122.959799,46.116663],[-122.959752,46.116707],[-122.959769,46.116819],[-122.959829,46.116839],[-122.960657,46.116839]]]}},{"type":"Feature","properties":{"id":27,"area_m2":2700,"px":27,"rank":8,"persistent":false},"geometry":{"type":"Polygon","coordinates":[[[-122.959492,46.117199],[-122.959491,46.118009],[-122.959362,46.118009],[-122.959345,46.117655],[-122.959287,46.117635],[-122.959103,46.117648],[-122.959103,46.117337],[-122.959041,46.11729],[-122.958907,46.11729],[-122.958851,46.117322],[-122.958844,46.117918],[-122.958715,46.117918],[-122.958714,46.117602],[-122.958674,46.117565],[-122.958586,46.117557],[-122.958586,46.117468],[-122.958667,46.117464],[-122.958712,46.11743],[-122.958716,46.117198],[-122.959171,46.117198],[-122.959224,46.11717],[-122.959235,46.117109],[-122.959363,46.117109],[-122.959385,46.117183],[-122.959492,46.117199]]]}},{"type":"Feature","properties":{"id":13,"area_m2":2300,"px":23,"rank":9,"persistent":false},"geometry":{"type":"Polygon","coordinates":[[[-122.976958,46.129714],[-122.976958,46.129804],[-122.976754,46.129806],[-122.976705,46.129837],[-122.976699,46.129894],[-122.97657,46.129894],[-122.976547,46.129819],[-122.976441,46.129804],[-122.976418,46.129639],[-122.976311,46.129624],[-122.976293,46.129553],[-122.976182,46.129534],[-122.976147,46.129453],[-122.976052,46.129443],[-122.976024,46.129366],[-122.975923,46.129353],[-122.975894,46.129276],[-122.975794,46.129263],[-122.975765,46.129186],[-122.975664,46.129173],[-122.975636,46.129096],[-122.975405,46.129083],[-122.975382,46.129009],[-122.975276,46.128993],[-122.975276,46.128903],[-122.975535,46.128903],[-122.975552,46.128974],[-122.975664,46.128994],[-122.975699,46.129074],[-122.975793,46.129084],[-122.975822,46.129161],[-122.976052,46.129174],[-122.97607,46.129244],[-122.976182,46.129264],[-122.976216,46.129344],[-122.976311,46.129354],[-122.97634,46.129431],[-122.976441,46.129444],[-122.976469,46.129521],[-122.97657,46.129534],[-122.976598,46.129611],[-122.976829,46.129624],[-122.976852,46.129698],[-122.976958,46.129714]]]}},{"type":"Feature","properties":{"id":17,"area_m2":1900,"px":19,"rank":10,"persistent":false},"geometry":{"type":"Polygon","coordinates":[[[-122.975017,46.129173],[-122.975017,46.129263],[-122.974758,46.129263],[-122.974758,46.129132],[-122.97473,46.129096],[-122.974499,46.129083],[-122.974493,46.129013],[-122.974446,46.128982],[-122.97424,46.128993],[-122.974223,46.128923],[-122.974111,46.128903],[-122.974076,46.128822],[-122.973981,46.128813],[-122.973953,46.128735],[-122.973852,46.128723],[-122.973824,46.128645],[-122.973723,46.128633],[-122.973694,46.128555],[-122.973464,46.128543],[-122.973464,46.128453],[-122.973852,46.128453],[-122.973852,46.128584],[-122.973887,46.128624],[-122.974043,46.128657],[-122.974111,46.128633],[-122.97424,46.128633],[-122.974263,46.128707],[-122.97437,46.128723],[-122.974387,46.128793],[-122.974499,46.128813],[-122.974534,46.128894],[-122.974628,46.128903],[-122.974657,46.128981],[-122.974758,46.128993],[-122.974786,46.129071],[-122.974887,46.129083],[-122.974916,46.129161],[-122.975017,46.129173]]]}},{"type":"Feature","properties":{"id":36,"area_m2":1900,"px":19,"rank":11,"persistent":false},"geometry":{"type":"Polygon","coordinates":[[[-122.961048,46.112519],[-122.961048,46.112609],[-122.960967,46.112613],[-122.960922,46.112647],[-122.960919,46.112789],[-122.960715,46.112791],[-122.960666,46.112822],[-122.96066,46.112879],[-122.960531,46.112879],[-122.960521,46.112727],[-122.960475,46.112701],[-122.960401,46.112699],[-122.960401,46.112429],[-122.960619,46.112423],[-122.960657,46.112391],[-122.96066,46.112339],[-122.960919,46.112339],[-122.960928,46.112491],[-122.960974,46.112517],[-122.961048,46.112519]]]}},{"type":"Feature","properties":{"id":3,"area_m2":1800,"px":18,"rank":12,"persistent":false},"geometry":{"type":"Polygon","coordinates":[[[-122.984723,46.135835],[-122.984723,46.135925],[-122.984466,46.135925],[-122.984461,46.135873],[-122.984423,46.135841],[-122.984206,46.135835],[-122.984188,46.135675],[-122.984136,46.135655],[-122.983947,46.135655],[-122.983924,46.135581],[-122.983817,46.135565],[-122.9838,46.135495],[-122.983688,46.135475],[-122.983653,46.135394],[-122.983559,46.135385],[-122.98353,46.135307],[-122.983429,46.135295],[-122.983401,46.135217],[-122.9833,46.135205],[-122.9833,46.135115],[-122.983558,46.135115],[-122.983576,46.135185],[-122.983688,46.135205],[-122.983722,46.135286],[-122.983817,46.135295],[-122.983846,46.135373],[-122.983947,46.135385],[-122.983975,46.135463],[-122.984076,46.135475],[-122.984105,46.135553],[-122.984206,46.135565],[-122.984234,46.135643],[-122.984335,46.135655],[-122.984364,46.135733],[-122.984594,46.135745],[-122.984617,46.135819],[-122.984723,46.135835]]]}},{"type":"Feature","properties":{"id":20,"area_m2":1700,"px":17,"rank":13,"persistent":false},"geometry":{"type":"Polygon","coordinates":[[[-122.983302,46.126295],[-122.983302,46.126385],[-122.982916,46.126385],[-122.982911,46.126333],[-122.982873,46.126301],[-122.982655,46.126295],[-122.982632,46.12622],[-122.982526,46.126205],[-122.982491,46.126124],[-122.982396,46.126115],[-122.982396,46.125935],[-122.982655,46.125935],[-122.982658,46.125986],[-122.982696,46.126018],[-122.982914,46.126025],[-122.982937,46.126099],[-122.983043,46.126115],[-122.983057,46.126181],[-122.983173,46.126205],[-122.983201,46.126283],[-122.983302,46.126295]]]}},{"type":"Feature","properties":{"id":34,"area_m2":1700,"px":17,"rank":14,"persistent":false},"geometry":{"type":"Polygon","coordinates":[[[-122.95781,46.116028],[-122.95781,46.116208],[-122.957593,46.116214],[-122.957555,46.116246],[-122.957551,46.116298],[-122.956904,46.116298],[-122.956904,46.116208],[-122.956986,46.116204],[-122.95703,46.116169],[-122.957034,46.116028],[-122.95781,46.116028]]]}},{"type":"Feature","properties":{"id":39,"area_m2":1600,"px":16,"rank":15,"persistent":false},"geometry":{"type":"Polygon","coordinates":[[[-122.96325,46.11027],[-122.96325,46.11045],[-122.963155,46.110459],[-122.96312,46.11054],[-122.963004,46.110564],[-122.962991,46.11072],[-122.962732,46.11072],[-122.962709,46.110645],[-122.962603,46.11063],[-122.962603,46.11036],[-122.96282,46.110353],[-122.962858,46.110321],[-122.962862,46.11027],[-122.962991,46.11027],[-122.963052,46.110294],[-122.96312,46.11027],[-122.96325,46.11027]]]}},{"type":"Feature","properties":{"id":38,"area_m2":1500,"px":15,"rank":16,"persistent":false},"geometry":{"type":"Polygon","coordinates":[[[-122.959107,46.112249],[-122.959107,46.112608],[-122.958848,46.112608],[-122.958826,46.112534],[-122.958719,46.112517],[-122.958719,46.112158],[-122.958794,46.112156],[-122.95884,46.11213],[-122.958849,46.111978],[-122.958978,46.111978],[-122.958981,46.11221],[-122.959026,46.112244],[-122.959107,46.112249]]]}},{"type":"Feature","properties":{"id":15,"area_m2":1400,"px":14,"rank":17,"persistent":false},"geometry":{"type":"Polygon","coordinates":[[[-122.99068,46.129086],[-122.99068,46.129356],[-122.990421,46.129356],[-122.990418,46.129214],[-122.990373,46.12918],[-122.990292,46.129176],[-122.990278,46.12902],[-122.990162,46.128996],[-122.990128,46.128915],[-122.990033,46.128906],[-122.990004,46.128828],[-122.989903,46.128816],[-122.989875,46.128738],[-122.989774,46.128726],[-122.989745,46.128648],[-122.989644,46.128636],[-122.989644,46.128546],[-122.989774,46.128546],[-122.989787,46.128612],[-122.989903,46.128636],[-122.989907,46.128687],[-122.989944,46.128719],[-122.990162,46.128726],[-122.990171,46.128877],[-122.990217,46.128903],[-122.990291,46.128906],[-122.990326,46.128987],[-122.990421,46.128996],[-122.990449,46.129073],[-122.99068,46.129086]]]}},{"type":"Feature","properties":{"id":12,"area_m2":1200,"px":12,"rank":18,"persistent":false},"geometry":{"type":"Polygon","coordinates":[[[-122.990291,46.129716],[-122.990291,46.129896],[-122.990074,46.129902],[-122.990036,46.129934],[-122.990032,46.129986],[-122.989916,46.13001],[-122.989903,46.130076],[-122.989774,46.130076],[-122.989774,46.129896],[-122.989876,46.129891],[-122.989922,46.129851],[-122.989903,46.129536],[-122.990162,46.129536],[-122.990171,46.129687],[-122.990217,46.129713],[-122.990291,46.129716]]]}},{"type":"Feature","properties":{"id":8,"area_m2":1100,"px":11,"rank":19,"persistent":false},"geometry":{"type":"Polygon","coordinates":[[[-122.982524,46.132415],[-122.982524,46.132505],[-122.982423,46.132517],[-122.982394,46.132595],[-122.982299,46.132604],[-122.982265,46.132685],[-122.982148,46.132709],[-122.982135,46.132865],[-122.982028,46.132881],[-122.982006,46.132955],[-122.981747,46.132955],[-122.981747,46.132775],[-122.981854,46.132759],[-122.981876,46.132685],[-122.981993,46.132661],[-122.982006,46.132595],[-122.982224,46.132588],[-122.982261,46.132556],[-122.982265,46.132505],[-122.982381,46.132481],[-122.982394,46.132415],[-122.982524,46.132415]]]}},{"type":"Feature","properties":{"id":2,"area_m2":800,"px":8,"rank":20,"persistent":false},"geometry":{"type":"Polygon","coordinates":[[[-122.985371,46.136105],[-122.985371,46.136285],[-122.985264,46.136301],[-122.985241,46.136375],[-122.985112,46.136375],[-122.985089,46.136301],[-122.984982,46.136285],[-122.984982,46.136015],[-122.985112,46.136015],[-122.985118,46.136072],[-122.985167,46.136103],[-122.985371,46.136105]]]}},{"type":"Feature","properties":{"id":14,"area_m2":800,"px":8,"rank":21,"persistent":false},"geometry":{"type":"Polygon","coordinates":[[[-122.975146,46.129713],[-122.975146,46.129803],[-122.975039,46.129819],[-122.975016,46.129893],[-122.974887,46.129893],[-122.974887,46.129803],[-122.974922,46.129756],[-122.974874,46.129647],[-122.974758,46.129623],[-122.974723,46.129542],[-122.974628,46.129533],[-122.9746,46.129455],[-122.974499,46.129443],[-122.974471,46.129365],[-122.97437,46.129353],[-122.974341,46.129275],[-122.97424,46.129263],[-122.97424,46.129173],[-122.974369,46.129173],[-122.974392,46.129247],[-122.974499,46.129263],[-122.974517,46.129333],[-122.974628,46.129353],[-122.974663,46.129434],[-122.974758,46.129443],[-122.974786,46.129521],[-122.974887,46.129533],[-122.974916,46.129611],[-122.975017,46.129623],[-122.975045,46.129701],[-122.975146,46.129713]]]}},{"type":"Feature","properties":{"id":10,"area_m2":700,"px":7,"rank":22,"persistent":false},"geometry":{"type":"Polygon","coordinates":[[[-122.978899,46.131604],[-122.978899,46.131784],[-122.978825,46.131786],[-122.978779,46.131813],[-122.97877,46.131964],[-122.97864,46.131964],[-122.978618,46.13189],[-122.978511,46.131874],[-122.978511,46.131784],[-122.978585,46.131782],[-122.978631,46.131756],[-122.97864,46.131604],[-122.978899,46.131604]]]}},{"type":"Feature","properties":{"id":29,"area_m2":700,"px":7,"rank":23,"persistent":false},"geometry":{"type":"Polygon","coordinates":[[[-122.965316,46.117021],[-122.965316,46.117201],[-122.965186,46.1172],[-122.965173,46.117135],[-122.965109,46.117111],[-122.964962,46.11712],[-122.964927,46.1172],[-122.964798,46.1172],[-122.964798,46.11711],[-122.964833,46.117068],[-122.964798,46.11702],[-122.964798,46.11693],[-122.965057,46.116931],[-122.96506,46.116982],[-122.965098,46.117014],[-122.965316,46.117021]]]}},{"type":"Feature","properties":{"id":9,"area_m2":600,"px":6,"rank":24,"persistent":false},"geometry":{"type":"Polygon","coordinates":[[[-122.979805,46.132774],[-122.979805,46.132954],[-122.979546,46.132954],[-122.979523,46.13288],[-122.979417,46.132864],[-122.979417,46.132774],[-122.979523,46.132758],[-122.979546,46.132684],[-122.979676,46.132684],[-122.979698,46.132758],[-122.979805,46.132774]]]}},{"type":"Feature","properties":{"id":23,"area_m2":600,"px":6,"rank":25,"persistent":false},"geometry":{"type":"Polygon","coordinates":[[[-122.980326,46.124134],[-122.980326,46.124404],[-122.980067,46.124404],[-122.980067,46.124134],[-122.980326,46.124134]]]}},{"type":"Feature","properties":{"id":25,"area_m2":600,"px":6,"rank":26,"persistent":false},"geometry":{"type":"Polygon","coordinates":[[[-122.962726,46.11882],[-122.962726,46.119],[-122.962467,46.119],[-122.962445,46.118926],[-122.962338,46.11891],[-122.962338,46.11882],[-122.962445,46.118804],[-122.962468,46.11873],[-122.962597,46.11873],[-122.96262,46.118804],[-122.962726,46.11882]]]}},{"type":"Feature","properties":{"id":5,"area_m2":500,"px":5,"rank":27,"persistent":false},"geometry":{"type":"Polygon","coordinates":[[[-122.987831,46.135476],[-122.987831,46.135655],[-122.987627,46.135658],[-122.987578,46.135689],[-122.987572,46.135745],[-122.987442,46.135745],[-122.987442,46.135566],[-122.987646,46.135563],[-122.987695,46.135532],[-122.987701,46.135476],[-122.987831,46.135476]]]}},{"type":"Feature","properties":{"id":16,"area_m2":500,"px":5,"rank":28,"persistent":false},"geometry":{"type":"Polygon","coordinates":[[[-122.989774,46.129266],[-122.989774,46.129356],[-122.989515,46.129356],[-122.989492,46.129281],[-122.989385,46.129265],[-122.989385,46.129176],[-122.989492,46.12916],[-122.989515,46.129086],[-122.989644,46.129086],[-122.989653,46.129237],[-122.989699,46.129263],[-122.989774,46.129266]]]}},{"type":"Feature","properties":{"id":18,"area_m2":500,"px":5,"rank":29,"persistent":false},"geometry":{"type":"Polygon","coordinates":[[[-122.981878,46.128545],[-122.981878,46.128635],[-122.981748,46.128635],[-122.98172,46.128557],[-122.981558,46.12852],[-122.981388,46.128557],[-122.98136,46.128634],[-122.981231,46.128634],[-122.981231,46.128545],[-122.981337,46.128529],[-122.98136,46.128455],[-122.981476,46.128431],[-122.981489,46.128365],[-122.981619,46.128365],[-122.981642,46.128439],[-122.981748,46.128455],[-122.981783,46.128535],[-122.981878,46.128545]]]}},{"type":"Feature","properties":{"id":22,"area_m2":500,"px":5,"rank":30,"persistent":false},"geometry":{"type":"Polygon","coordinates":[[[-122.966347,46.124581],[-122.966346,46.124761],[-122.966088,46.124761],[-122.966065,46.124687],[-122.965958,46.124671],[-122.965958,46.124581],[-122.966347,46.124581]]]}},{"type":"Feature","properties":{"id":32,"area_m2":500,"px":5,"rank":31,"persistent":false},"geometry":{"type":"Polygon","coordinates":[[[-122.96454,46.11666],[-122.96454,46.11675],[-122.964412,46.11675],[-122.964407,46.116699],[-122.964369,46.116667],[-122.964151,46.11666],[-122.964152,46.11648],[-122.96441,46.11648],[-122.964419,46.116632],[-122.964465,46.116658],[-122.96454,46.11666]]]}},{"type":"Feature","properties":{"id":33,"area_m2":500,"px":5,"rank":32,"persistent":false},"geometry":{"type":"Polygon","coordinates":[[[-122.963893,46.11612],[-122.963893,46.11639],[-122.963763,46.11639],[-122.963741,46.116316],[-122.963634,46.1163],[-122.963634,46.11612],[-122.963893,46.11612]]]}},{"type":"Feature","properties":{"id":4,"area_m2":400,"px":4,"rank":33,"persistent":false},"geometry":{"type":"Polygon","coordinates":[[[-122.988478,46.135656],[-122.988478,46.135746],[-122.98809,46.135745],[-122.988067,46.135671],[-122.98796,46.135655],[-122.98796,46.135566],[-122.988089,46.135566],[-122.988099,46.135627],[-122.988152,46.135654],[-122.988478,46.135656]]]}},{"type":"Feature","properties":{"id":24,"area_m2":400,"px":4,"rank":34,"persistent":false},"geometry":{"type":"Polygon","coordinates":[[[-122.962983,46.1226],[-122.962983,46.12269],[-122.962853,46.12269],[-122.96283,46.122616],[-122.962724,46.1226],[-122.962711,46.122534],[-122.962595,46.12251],[-122.962566,46.122432],[-122.962465,46.12242],[-122.962465,46.12233],[-122.962594,46.12233],[-122.962617,46.122404],[-122.962724,46.12242],[-122.962737,46.122486],[-122.962853,46.12251],[-122.962882,46.122588],[-122.962983,46.1226]]]}},{"type":"Feature","properties":{"id":7,"area_m2":300,"px":3,"rank":35,"persistent":false},"geometry":{"type":"Polygon","coordinates":[[[-122.982653,46.134035],[-122.982653,46.134125],[-122.982394,46.134125],[-122.982394,46.133945],[-122.982523,46.133945],[-122.982546,46.134019],[-122.982653,46.134035]]]}},{"type":"Feature","properties":{"id":19,"area_m2":300,"px":3,"rank":36,"persistent":false},"geometry":{"type":"Polygon","coordinates":[[[-122.971005,46.127462],[-122.971005,46.127552],[-122.970746,46.127552],[-122.970746,46.127372],[-122.970875,46.127372],[-122.970898,46.127447],[-122.971005,46.127462]]]}},{"type":"Feature","properties":{"id":21,"area_m2":300,"px":3,"rank":37,"persistent":false},"geometry":{"type":"Polygon","coordinates":[[[-122.972429,46.125753],[-122.972429,46.125843],[-122.972323,46.125858],[-122.9723,46.125933],[-122.972184,46.125957],[-122.97217,46.126023],[-122.972041,46.126023],[-122.972041,46.125933],[-122.972148,46.125917],[-122.972171,46.125843],[-122.972287,46.125819],[-122.9723,46.125753],[-122.972429,46.125753]]]}},{"type":"Feature","properties":{"id":28,"area_m2":300,"px":3,"rank":38,"persistent":false},"geometry":{"type":"Polygon","coordinates":[[[-122.959233,46.117739],[-122.959232,46.118009],[-122.959103,46.118008],[-122.959103,46.117739],[-122.959233,46.117739]]]}},{"type":"Feature","properties":{"id":30,"area_m2":300,"px":3,"rank":39,"persistent":false},"geometry":{"type":"Polygon","coordinates":[[[-122.953798,46.116927],[-122.953798,46.117106],[-122.953668,46.117106],[-122.953646,46.117032],[-122.953539,46.117016],[-122.953539,46.116926],[-122.953798,46.116927]]]}},{"type":"Feature","properties":{"id":40,"area_m2":300,"px":3,"rank":40,"persistent":false},"geometry":{"type":"Polygon","coordinates":[[[-122.962086,46.109549],[-122.962085,46.109639],[-122.962004,46.109644],[-122.961959,46.109678],[-122.961956,46.109819],[-122.961827,46.109819],[-122.961827,46.109639],[-122.961933,46.109624],[-122.961956,46.109549],[-122.962086,46.109549]]]}},{"type":"Feature","properties":{"id":41,"area_m2":300,"px":3,"rank":41,"persistent":false},"geometry":{"type":"Polygon","coordinates":[[[-122.961697,46.109369],[-122.961697,46.109459],[-122.961439,46.109459],[-122.961439,46.109279],[-122.961568,46.109279],[-122.961591,46.109353],[-122.961697,46.109369]]]}}]}