{"type":"FeatureCollection","features":[{"type":"Feature","properties":{"id":4,"area_m2":428900,"px":4289,"rank":1,"persistent":false},"geometry":{"type":"Polygon","coordinates":[[[-122.940317,46.136541],[-122.940317,46.136631],[-122.940188,46.13663],[-122.940175,46.136565],[-122.94011,46.13654],[-122.939732,46.136541],[-122.939679,46.136569],[-122.93967,46.13663],[-122.93954,46.13663],[-122.939539,46.136404],[-122.939471,46.13636],[-122.939316,46.136369],[-122.939281,46.13645],[-122.938893,46.13645],[-122.938824,46.136426],[-122.938669,46.136459],[-122.938635,46.136498],[-122.938634,46.13663],[-122.938546,46.136636],[-122.938506,46.136673],[-122.938504,46.13699],[-122.938469,46.137037],[-122.938538,46.137161],[-122.938763,46.13717],[-122.938763,46.13735],[-122.938656,46.137366],[-122.938633,46.13744],[-122.938517,46.137464],[-122.938503,46.13753],[-122.938374,46.13753],[-122.938373,46.137393],[-122.938312,46.137351],[-122.93815,46.137359],[-122.938115,46.137439],[-122.937891,46.137448],[-122.937822,46.137582],[-122.937874,46.13769],[-122.937985,46.137709],[-122.937985,46.137799],[-122.937879,46.137815],[-122.937845,46.1379],[-122.93765,46.137866],[-122.937508,46.137895],[-122.937468,46.137938],[-122.937473,46.138036],[-122.937537,46.138069],[-122.9378,46.138067],[-122.93785,46.138036],[-122.937867,46.137968],[-122.937985,46.137979],[-122.938008,46.138054],[-122.938114,46.138069],[-122.938128,46.138135],[-122.938244,46.13816],[-122.938272,46.138237],[-122.938373,46.13825],[-122.938373,46.13834],[-122.938266,46.138355],[-122.938244,46.138429],[-122.937726,46.138429],[-122.93772,46.138373],[-122.937671,46.138342],[-122.937079,46.138339],[-122.937044,46.138258],[-122.936897,46.138249],[-122.936833,46.138273],[-122.936819,46.138339],[-122.936738,46.138343],[-122.936696,46.138372],[-122.936689,46.138879],[-122.93658,46.138885],[-122.93654,46.138929],[-122.936569,46.13921],[-122.93675,46.139263],[-122.936819,46.139239],[-122.937336,46.139239],[-122.937336,46.139329],[-122.937241,46.139338],[-122.937207,46.139419],[-122.937125,46.139423],[-122.937081,46.139457],[-122.937077,46.139779],[-122.936995,46.139783],[-122.936951,46.139817],[-122.936956,46.14002],[-122.937002,46.140047],[-122.937076,46.140049],[-122.93708,46.140101],[-122.937118,46.140133],[-122.93728,46.140137],[-122.937334,46.140096],[-122.937336,46.139959],[-122.937539,46.139957],[-122.937589,46.139926],[-122.937595,46.139869],[-122.937724,46.139869],[-122.937724,46.140049],[-122.937629,46.140058],[-122.937594,46.140139],[-122.93752,46.140141],[-122.937474,46.140168],[-122.937464,46.140499],[-122.937358,46.140515],[-122.937335,46.140589],[-122.937206,46.140589],[-122.937205,46.140368],[-122.937151,46.140321],[-122.936995,46.140323],[-122.936953,46.140352],[-122.936947,46.140409],[-122.93675,46.14041],[-122.936691,46.140447],[-122.936687,46.140589],[-122.936653,46.140636],[-122.936687,46.140679],[-122.936693,46.140825],[-122.936735,46.140855],[-122.936817,46.140859],[-122.936851,46.14094],[-122.937075,46.140949],[-122.937098,46.141023],[-122.937205,46.141039],[-122.937205,46.141219],[-122.937098,46.141235],[-122.937075,46.141309],[-122.936946,46.141309],[-122.936923,46.141235],[-122.936816,46.141219],[-122.936782,46.141138],[-122.936687,46.141129],[-122.936684,46.140987],[-122.936639,46.140953],[-122.936558,46.140949],[-122.936535,46.140784],[-122.936428,46.140768],[-122.936423,46.140712],[-122.936373,46.140681],[-122.93623,46.140654],[-122.936081,46.140685],[-122.936043,46.140717],[-122.93604,46.140768],[-122.935945,46.140777],[-122.93591,46.140858],[-122.935829,46.140862],[-122.935784,46.140897],[-122.93578,46.141308],[-122.935685,46.141317],[-122.935651,46.141398],[-122.935539,46.141418],[-122.935521,46.141578],[-122.93544,46.141582],[-122.935395,46.141616],[-122.935391,46.142028],[-122.93531,46.142032],[-122.935265,46.142066],[-122.935261,46.142388],[-122.93518,46.142392],[-122.935135,46.142426],[-122.935131,46.142658],[-122.935013,46.142669],[-122.934996,46.142511],[-122.934954,46.142482],[-122.934873,46.142478],[-122.934844,46.1424],[-122.934676,46.142389],[-122.934623,46.142416],[-122.934614,46.142477],[-122.934505,46.142484],[-122.934464,46.142528],[-122.93449,46.142714],[-122.934532,46.142743],[-122.934613,46.142748],[-122.934613,46.142927],[-122.933966,46.142927],[-122.933953,46.142861],[-122.933837,46.142837],[-122.933814,46.142763],[-122.933646,46.142723],[-122.933578,46.142747],[-122.933237,46.142751],[-122.933195,46.14278],[-122.933189,46.142837],[-122.933108,46.142841],[-122.933063,46.142875],[-122.933059,46.143197],[-122.932971,46.143203],[-122.93293,46.143245],[-122.93293,46.143508],[-122.932952,46.143541],[-122.933059,46.143557],[-122.933065,46.143613],[-122.933114,46.143644],[-122.933447,46.143647],[-122.933453,46.143704],[-122.933502,46.143735],[-122.933965,46.143737],[-122.933971,46.143794],[-122.934013,46.143823],[-122.934305,46.143823],[-122.934353,46.143779],[-122.934354,46.143557],[-122.934465,46.143538],[-122.934517,46.14343],[-122.934483,46.143377],[-122.934483,46.143198],[-122.934672,46.143197],[-122.934729,46.143174],[-122.934727,46.142935],[-122.934863,46.142899],[-122.934872,46.142748],[-122.935002,46.142748],[-122.935017,46.14301],[-122.934885,46.143042],[-122.934875,46.143159],[-122.934927,46.143195],[-122.935076,46.143195],[-122.935129,46.143154],[-122.935115,46.143025],[-122.935247,46.142994],[-122.935261,46.142838],[-122.935367,46.142822],[-122.93539,46.142748],[-122.935596,46.142759],[-122.935644,46.142728],[-122.935649,46.142658],[-122.935846,46.142657],[-122.935902,46.142625],[-122.935923,46.142423],[-122.935866,46.142389],[-122.93565,46.142388],[-122.93565,46.142208],[-122.935909,46.142208],[-122.935918,46.14227],[-122.935971,46.142297],[-122.936392,46.142289],[-122.936425,46.142255],[-122.936425,46.142162],[-122.936386,46.142125],[-122.936297,46.142118],[-122.936298,46.141849],[-122.936404,46.141833],[-122.936427,46.141759],[-122.936557,46.141759],[-122.936538,46.141984],[-122.936584,46.142024],[-122.936686,46.142029],[-122.936686,46.142209],[-122.936611,46.142211],[-122.936565,46.142237],[-122.936556,46.142389],[-122.936345,46.142393],[-122.936303,46.142422],[-122.936297,46.142478],[-122.936223,46.142481],[-122.936177,46.142507],[-122.936167,46.142748],[-122.936093,46.142751],[-122.936047,46.142777],[-122.936037,46.143018],[-122.935925,46.143038],[-122.935874,46.143161],[-122.935908,46.143198],[-122.935913,46.143345],[-122.935955,46.143374],[-122.936037,46.143378],[-122.93604,46.14343],[-122.936078,46.143462],[-122.936943,46.143469],[-122.936966,46.143633],[-122.937202,46.143649],[-122.937202,46.143739],[-122.937113,46.143745],[-122.937074,46.143782],[-122.937072,46.144009],[-122.936965,46.144025],[-122.936942,46.144099],[-122.936425,46.144099],[-122.936421,46.144047],[-122.936384,46.144015],[-122.936166,46.144008],[-122.936105,46.143984],[-122.935935,46.144021],[-122.935907,46.144098],[-122.935648,46.144098],[-122.935648,46.144008],[-122.935736,46.144002],[-122.935776,46.143965],[-122.935778,46.143738],[-122.935859,46.143734],[-122.935904,46.1437],[-122.935898,46.143497],[-122.935852,46.143471],[-122.935778,46.143468],[-122.935772,46.143412],[-122.93573,46.143382],[-122.93539,46.143378],[-122.935384,46.143321],[-122.935342,46.143292],[-122.935071,46.143288],[-122.935004,46.143326],[-122.935001,46.143468],[-122.934906,46.143477],[-122.934871,46.143558],[-122.93479,46.143562],[-122.934748,46.143591],[-122.934748,46.143704],[-122.93479,46.143734],[-122.934871,46.143738],[-122.934871,46.143828],[-122.93477,46.14384],[-122.934741,46.143918],[-122.934647,46.143927],[-122.934612,46.144007],[-122.934495,46.144031],[-122.934482,46.144277],[-122.934375,46.144293],[-122.934352,46.144367],[-122.934223,46.144367],[-122.934223,46.144277],[-122.934312,46.144271],[-122.934352,46.144229],[-122.934352,46.143961],[-122.934275,46.143917],[-122.933987,46.143933],[-122.93393,46.14405],[-122.933964,46.144097],[-122.933964,46.144277],[-122.933705,46.144277],[-122.933688,46.143937],[-122.933515,46.143893],[-122.933447,46.143917],[-122.933317,46.143917],[-122.933316,46.14378],[-122.933262,46.143739],[-122.9328,46.143736],[-122.932791,46.143585],[-122.932745,46.143559],[-122.93267,46.143556],[-122.932658,46.14322],[-122.932601,46.143197],[-122.932412,46.143196],[-122.932406,46.14314],[-122.932357,46.143109],[-122.932153,46.143106],[-122.93214,46.14295],[-122.932091,46.142927],[-122.931972,46.142926],[-122.931907,46.14295],[-122.931894,46.143016],[-122.931782,46.143036],[-122.931764,46.143106],[-122.931547,46.143112],[-122.931509,46.143144],[-122.931505,46.143196],[-122.931424,46.1432],[-122.931379,46.143234],[-122.931376,46.143327],[-122.931404,46.143363],[-122.931635,46.143376],[-122.931634,46.143556],[-122.9316,46.143598],[-122.931634,46.143646],[-122.931634,46.143824],[-122.931539,46.143835],[-122.931504,46.143916],[-122.931423,46.14392],[-122.931378,46.143954],[-122.931342,46.144064],[-122.931397,46.14417],[-122.931504,46.144186],[-122.931504,46.144274],[-122.931397,46.144291],[-122.931374,46.144366],[-122.931116,46.144365],[-122.931112,46.144224],[-122.931038,46.144185],[-122.930401,46.144186],[-122.930348,46.144214],[-122.930339,46.144275],[-122.930227,46.144295],[-122.930209,46.144365],[-122.92995,46.144365],[-122.929941,46.144033],[-122.929888,46.144006],[-122.929692,46.144005],[-122.929631,46.14398],[-122.929474,46.144011],[-122.929434,46.144048],[-122.929438,46.144151],[-122.92948,46.14418],[-122.929562,46.144185],[-122.929562,46.144275],[-122.929349,46.144265],[-122.929306,46.144299],[-122.929303,46.144364],[-122.928785,46.144364],[-122.928724,46.14434],[-122.928655,46.144364],[-122.928267,46.144364],[-122.928245,46.144186],[-122.928192,46.14417],[-122.928008,46.144184],[-122.928009,46.143734],[-122.928115,46.143718],[-122.928138,46.143644],[-122.928363,46.143635],[-122.928397,46.143554],[-122.928492,46.143545],[-122.928527,46.1435],[-122.928504,46.14339],[-122.928268,46.143374],[-122.928255,46.143218],[-122.928139,46.143194],[-122.928104,46.143113],[-122.92801,46.143104],[-122.92801,46.142744],[-122.928045,46.142701],[-122.92801,46.142652],[-122.928011,46.142204],[-122.928085,46.142201],[-122.928131,46.142175],[-122.928141,46.142024],[-122.92827,46.142024],[-122.928275,46.142094],[-122.928323,46.142125],[-122.928506,46.142098],[-122.928529,46.14206],[-122.928529,46.141754],[-122.928636,46.141738],[-122.928659,46.141664],[-122.928788,46.141664],[-122.928788,46.141754],[-122.928753,46.141802],[-122.928805,46.141928],[-122.928863,46.141948],[-122.928984,46.141933],[-122.929045,46.141891],[-122.929047,46.141754],[-122.929154,46.141738],[-122.929177,46.141664],[-122.929306,46.141664],[-122.929312,46.141721],[-122.929354,46.14175],[-122.929517,46.14175],[-122.929564,46.141711],[-122.929565,46.141575],[-122.929672,46.141559],[-122.929695,46.141485],[-122.929884,46.141484],[-122.929936,46.141465],[-122.929954,46.141305],[-122.930066,46.141285],[-122.930084,46.141125],[-122.930172,46.141119],[-122.930212,46.141081],[-122.930214,46.140675],[-122.930568,46.140666],[-122.930602,46.140626],[-122.930602,46.140495],[-122.930691,46.140489],[-122.93073,46.140452],[-122.930732,46.140004],[-122.930691,46.139962],[-122.930603,46.139955],[-122.930604,46.139505],[-122.930992,46.139505],[-122.931001,46.139567],[-122.931054,46.139594],[-122.931188,46.139594],[-122.931238,46.139572],[-122.931234,46.139345],[-122.931181,46.139326],[-122.930863,46.139325],[-122.930863,46.139235],[-122.930958,46.139226],[-122.930993,46.139145],[-122.931109,46.139121],[-122.931122,46.138966],[-122.931441,46.138965],[-122.931498,46.138942],[-122.931511,46.138696],[-122.931599,46.138689],[-122.931639,46.138652],[-122.931641,46.138426],[-122.93177,46.138426],[-122.931793,46.1385],[-122.931899,46.138516],[-122.931901,46.138666],[-122.931939,46.138703],[-122.932225,46.138695],[-122.932284,46.138658],[-122.932308,46.138122],[-122.932287,46.138083],[-122.932159,46.138066],[-122.932153,46.138009],[-122.932104,46.137978],[-122.931771,46.137976],[-122.931762,46.137914],[-122.931701,46.137886],[-122.93143,46.13789],[-122.931388,46.137919],[-122.931382,46.137976],[-122.931124,46.137975],[-122.931124,46.137795],[-122.93123,46.13778],[-122.931253,46.137706],[-122.93137,46.137682],[-122.931383,46.137616],[-122.931501,46.137605],[-122.931514,46.137752],[-122.931567,46.137793],[-122.932287,46.137796],[-122.932365,46.13782],[-122.932535,46.137772],[-122.932548,46.137616],[-122.932807,46.137616],[-122.932807,46.137706],[-122.932718,46.137713],[-122.932679,46.13775],[-122.932677,46.137976],[-122.932642,46.138019],[-122.932677,46.138066],[-122.932677,46.138336],[-122.93256,46.13836],[-122.932548,46.138473],[-122.932588,46.13851],[-122.932676,46.138516],[-122.932682,46.138573],[-122.932724,46.138602],[-122.933065,46.138607],[-122.933064,46.138787],[-122.932983,46.138791],[-122.932941,46.13882],[-122.932935,46.139008],[-122.93299,46.139054],[-122.933194,46.139057],[-122.933193,46.139147],[-122.933159,46.139189],[-122.933193,46.139237],[-122.933193,46.139327],[-122.932934,46.139326],[-122.932921,46.139261],[-122.932857,46.139236],[-122.932601,46.139239],[-122.932552,46.13927],[-122.932546,46.139326],[-122.932417,46.139326],[-122.932413,46.139261],[-122.932377,46.139229],[-122.932206,46.13924],[-122.932159,46.13928],[-122.932171,46.139392],[-122.932287,46.139416],[-122.932293,46.139473],[-122.932335,46.139502],[-122.932546,46.139506],[-122.932561,46.139589],[-122.932287,46.139596],[-122.93221,46.139573],[-122.932069,46.139602],[-122.932028,46.139645],[-122.932028,46.139817],[-122.932056,46.139854],[-122.932286,46.139866],[-122.932292,46.139923],[-122.932341,46.139954],[-122.932612,46.139955],[-122.932674,46.139908],[-122.932659,46.139604],[-122.932782,46.139581],[-122.932805,46.139507],[-122.933064,46.139507],[-122.933132,46.139531],[-122.933275,46.139503],[-122.933317,46.139473],[-122.933323,46.139417],[-122.933439,46.139393],[-122.933453,46.139057],[-122.933527,46.139055],[-122.933573,46.139028],[-122.933582,46.138787],[-122.933671,46.138781],[-122.933711,46.138738],[-122.933709,46.138555],[-122.933664,46.138521],[-122.933583,46.138517],[-122.93356,46.138443],[-122.933505,46.138427],[-122.933065,46.138427],[-122.933042,46.138352],[-122.932936,46.138336],[-122.932936,46.138247],[-122.933184,46.138236],[-122.933263,46.138271],[-122.933335,46.138236],[-122.933522,46.138271],[-122.933583,46.138247],[-122.933819,46.138231],[-122.933842,46.138067],[-122.933937,46.138058],[-122.933972,46.138013],[-122.93397,46.137751],[-122.933931,46.137713],[-122.933843,46.137707],[-122.933843,46.137617],[-122.934032,46.137617],[-122.934084,46.137597],[-122.934102,46.137347],[-122.93419,46.137341],[-122.93423,46.137304],[-122.934231,46.137112],[-122.934186,46.137068],[-122.933843,46.137077],[-122.933775,46.137053],[-122.933602,46.137097],[-122.933588,46.137219],[-122.933632,46.137253],[-122.933714,46.137257],[-122.933713,46.137347],[-122.933639,46.137349],[-122.933593,46.137375],[-122.933584,46.137617],[-122.933472,46.137637],[-122.933454,46.137797],[-122.933373,46.137801],[-122.933328,46.137835],[-122.933324,46.138157],[-122.933206,46.138168],[-122.933172,46.138082],[-122.933065,46.138067],[-122.933031,46.137986],[-122.932936,46.137975],[-122.932936,46.137887],[-122.933048,46.137867],[-122.9331,46.137759],[-122.933066,46.137707],[-122.933066,46.137617],[-122.933101,46.137574],[-122.933066,46.137527],[-122.933066,46.137347],[-122.933168,46.137342],[-122.933215,46.137302],[-122.933196,46.137022],[-122.933163,46.136983],[-122.933106,46.136973],[-122.93296,46.137002],[-122.932937,46.137256],[-122.93283,46.137272],[-122.932807,46.137346],[-122.932582,46.137342],[-122.932548,46.137436],[-122.93203,46.137436],[-122.931996,46.137355],[-122.931842,46.137346],[-122.931781,46.137374],[-122.931771,46.137436],[-122.93166,46.137455],[-122.931642,46.137526],[-122.931523,46.137537],[-122.931513,46.137436],[-122.931614,46.137423],[-122.931642,46.137346],[-122.931737,46.137337],[-122.931772,46.137256],[-122.931846,46.137254],[-122.931892,46.137227],[-122.931898,46.137114],[-122.931853,46.13708],[-122.931772,46.137076],[-122.931772,46.136986],[-122.932008,46.13697],[-122.932031,46.136932],[-122.932013,46.136826],[-122.931902,46.136806],[-122.931896,46.136749],[-122.931854,46.13672],[-122.931677,46.136725],[-122.931643,46.136806],[-122.931561,46.13681],[-122.931519,46.136839],[-122.931513,46.136986],[-122.931418,46.136995],[-122.931383,46.137076],[-122.931309,46.137078],[-122.931263,46.137104],[-122.931254,46.137255],[-122.931147,46.137271],[-122.931124,46.137345],[-122.930997,46.137345],[-122.930986,46.137194],[-122.93094,46.137168],[-122.930866,46.137165],[-122.930877,46.136835],[-122.930824,46.136806],[-122.930607,46.136805],[-122.930607,46.136715],[-122.930948,46.136711],[-122.93099,46.136682],[-122.930996,46.136625],[-122.931226,46.136613],[-122.931255,46.136536],[-122.931384,46.136536],[-122.93139,46.136592],[-122.931439,46.136623],[-122.931602,46.136619],[-122.93164,46.136587],[-122.931643,46.136536],[-122.931725,46.136532],[-122.931767,46.136502],[-122.931773,46.136356],[-122.931902,46.136356],[-122.931908,46.136413],[-122.931957,46.136444],[-122.93212,46.13644],[-122.932195,46.136319],[-122.932161,46.136266],[-122.932161,46.136176],[-122.932509,46.13617],[-122.932546,46.136138],[-122.93255,46.136086],[-122.932651,46.136074],[-122.93268,46.135996],[-122.932774,46.135987],[-122.932809,46.135942],[-122.932806,46.135675],[-122.932761,46.13564],[-122.93268,46.135636],[-122.932677,46.135585],[-122.932639,46.135553],[-122.932333,46.135552],[-122.932293,46.13559],[-122.932291,46.135726],[-122.932162,46.135726],[-122.932162,46.135456],[-122.932274,46.135436],[-122.932292,46.135276],[-122.932373,46.135272],[-122.932416,46.135243],[-122.932404,46.135026],[-122.932292,46.135006],[-122.932287,46.134936],[-122.932239,46.134905],[-122.931645,46.134916],[-122.931622,46.134842],[-122.931516,46.134826],[-122.931516,46.134646],[-122.931551,46.134603],[-122.931516,46.134556],[-122.931516,46.134466],[-122.931598,46.134462],[-122.931642,46.134427],[-122.93168,46.134333],[-122.931646,46.134286],[-122.931646,46.134196],[-122.931734,46.134189],[-122.931774,46.134152],[-122.931776,46.133926],[-122.931905,46.133926],[-122.931981,46.133949],[-122.932065,46.133899],[-122.932035,46.133836],[-122.932035,46.133656],[-122.932151,46.133632],[-122.932165,46.13353],[-122.93213,46.133485],[-122.932035,46.133476],[-122.932035,46.133386],[-122.93211,46.133384],[-122.932156,46.133357],[-122.932165,46.133206],[-122.932239,46.133204],[-122.932285,46.133178],[-122.932289,46.133059],[-122.932232,46.133027],[-122.932084,46.13303],[-122.932042,46.133059],[-122.932036,46.133116],[-122.931919,46.13314],[-122.931906,46.133206],[-122.931777,46.133206],[-122.931768,46.132964],[-122.931714,46.132937],[-122.931573,46.132938],[-122.931524,46.132969],[-122.931518,46.133026],[-122.931319,46.133013],[-122.931259,46.13306],[-122.931276,46.133186],[-122.931329,46.133205],[-122.931518,46.133206],[-122.931518,46.133296],[-122.931259,46.133295],[-122.931236,46.133221],[-122.931129,46.133205],[-122.931117,46.132959],[-122.931,46.132935],[-122.930966,46.132854],[-122.930871,46.132845],[-122.930848,46.132681],[-122.930667,46.132667],[-122.930618,46.132698],[-122.930612,46.132755],[-122.930483,46.132755],[-122.930483,46.132665],[-122.930571,46.132659],[-122.930611,46.132622],[-122.930613,46.132305],[-122.930694,46.132301],[-122.930739,46.132267],[-122.930743,46.132035],[-122.930872,46.132035],[-122.930941,46.132059],[-122.931096,46.132026],[-122.931131,46.131987],[-122.931131,46.131855],[-122.93139,46.131856],[-122.931424,46.131936],[-122.931603,46.131955],[-122.931647,46.131916],[-122.931649,46.131766],[-122.931778,46.131766],[-122.931839,46.13179],[-122.931908,46.131766],[-122.932037,46.131766],[-122.93205,46.131832],[-122.932182,46.131864],[-122.932172,46.131926],[-122.932242,46.13196],[-122.932305,46.131941],[-122.93233,46.131909],[-122.93228,46.131848],[-122.932296,46.131766],[-122.932555,46.131766],[-122.932568,46.131832],[-122.932633,46.131856],[-122.932779,46.131847],[-122.932814,46.131766],[-122.932943,46.131766],[-122.932966,46.131841],[-122.933073,46.131857],[-122.933073,46.132078],[-122.933101,46.132114],[-122.933331,46.132127],[-122.933392,46.132151],[-122.933461,46.132127],[-122.93359,46.132127],[-122.93359,46.132217],[-122.933509,46.132221],[-122.933464,46.132255],[-122.93346,46.132397],[-122.933379,46.132401],[-122.933334,46.132435],[-122.933348,46.132647],[-122.93346,46.132667],[-122.933466,46.132723],[-122.933508,46.132753],[-122.933719,46.132757],[-122.933732,46.132823],[-122.933797,46.132847],[-122.933949,46.132835],[-122.933978,46.132798],[-122.933978,46.132667],[-122.934107,46.132667],[-122.934107,46.132847],[-122.934019,46.132853],[-122.933979,46.132891],[-122.933977,46.133117],[-122.933889,46.133123],[-122.933848,46.133166],[-122.933866,46.133277],[-122.934046,46.133321],[-122.934107,46.133297],[-122.934325,46.133291],[-122.934362,46.133259],[-122.934366,46.133207],[-122.934454,46.133201],[-122.934494,46.133164],[-122.934492,46.132886],[-122.934448,46.132851],[-122.934366,46.132847],[-122.934367,46.132487],[-122.934401,46.132445],[-122.934367,46.132397],[-122.934367,46.132307],[-122.934626,46.132307],[-122.934629,46.132359],[-122.934667,46.132391],[-122.934884,46.132398],[-122.934864,46.132612],[-122.934886,46.132651],[-122.935143,46.132668],[-122.935161,46.132738],[-122.935272,46.132758],[-122.935307,46.132839],[-122.935402,46.132848],[-122.93543,46.132926],[-122.935591,46.132938],[-122.935652,46.132909],[-122.935661,46.132848],[-122.935891,46.132836],[-122.935952,46.132726],[-122.93592,46.132668],[-122.93592,46.132578],[-122.935955,46.132536],[-122.93592,46.132488],[-122.93592,46.132308],[-122.936032,46.132288],[-122.93607,46.132179],[-122.93603,46.132135],[-122.935921,46.132128],[-122.935921,46.131948],[-122.93618,46.131948],[-122.936248,46.131972],[-122.936383,46.131946],[-122.936433,46.131915],[-122.936439,46.131858],[-122.93667,46.131859],[-122.936698,46.131769],[-122.936827,46.131769],[-122.936828,46.131995],[-122.936904,46.132039],[-122.937045,46.132032],[-122.937082,46.132],[-122.937086,46.131949],[-122.937198,46.131929],[-122.937216,46.131769],[-122.937992,46.131769],[-122.937995,46.131924],[-122.938067,46.131963],[-122.938222,46.131937],[-122.938251,46.131859],[-122.938475,46.13185],[-122.93851,46.13177],[-122.939804,46.13177],[-122.939804,46.13186],[-122.939693,46.13188],[-122.939655,46.131984],[-122.939695,46.132034],[-122.939804,46.13204],[-122.939804,46.13222],[-122.939573,46.132232],[-122.939545,46.13231],[-122.939471,46.132312],[-122.939425,46.132339],[-122.939416,46.132441],[-122.939456,46.132484],[-122.939545,46.13249],[-122.939548,46.132542],[-122.939586,46.132574],[-122.939804,46.13258],[-122.939805,46.132807],[-122.939844,46.132844],[-122.939933,46.13285],[-122.939933,46.13294],[-122.939685,46.132951],[-122.939661,46.132694],[-122.939545,46.13267],[-122.939539,46.132613],[-122.939497,46.132584],[-122.939309,46.132596],[-122.939286,46.13267],[-122.939204,46.132674],[-122.939162,46.132703],[-122.939156,46.13285],[-122.939075,46.132854],[-122.939032,46.132883],[-122.939026,46.13303],[-122.938952,46.133032],[-122.938906,46.133058],[-122.9389,46.133171],[-122.938945,46.133206],[-122.939026,46.13321],[-122.939032,46.133267],[-122.939081,46.133298],[-122.939489,46.133298],[-122.939544,46.133251],[-122.939544,46.13303],[-122.939663,46.133019],[-122.939673,46.13339],[-122.939197,46.133396],[-122.939157,46.133433],[-122.939157,46.133526],[-122.939196,46.133564],[-122.939285,46.13357],[-122.939285,46.13366],[-122.939081,46.133662],[-122.939032,46.133693],[-122.939026,46.13375],[-122.938896,46.13375],[-122.93882,46.133726],[-122.938678,46.133756],[-122.938638,46.133798],[-122.938643,46.133986],[-122.938685,46.134016],[-122.938766,46.134021],[-122.938766,46.13411],[-122.938685,46.134114],[-122.93864,46.134148],[-122.938637,46.134241],[-122.938665,46.134277],[-122.939094,46.134302],[-122.939149,46.13427],[-122.939155,46.1342],[-122.939284,46.1342],[-122.939284,46.13438],[-122.939209,46.134382],[-122.939164,46.134408],[-122.939154,46.13456],[-122.939047,46.134576],[-122.938992,46.134682],[-122.939024,46.13474],[-122.939024,46.13483],[-122.938936,46.134836],[-122.938895,46.134879],[-122.938894,46.13519],[-122.938861,46.135243],[-122.938912,46.13535],[-122.939024,46.13537],[-122.939024,46.13555],[-122.938949,46.135552],[-122.938903,46.135578],[-122.938894,46.13573],[-122.938765,46.13573],[-122.938756,46.135655],[-122.938689,46.135626],[-122.938534,46.135652],[-122.938505,46.13573],[-122.938247,46.135729],[-122.938178,46.135705],[-122.938022,46.135738],[-122.937988,46.135778],[-122.937988,46.136041],[-122.938057,46.136089],[-122.938505,46.13609],[-122.938514,46.136151],[-122.938568,46.136179],[-122.939023,46.13618],[-122.939032,46.136241],[-122.939093,46.13627],[-122.939247,46.136261],[-122.939282,46.13618],[-122.939629,46.136174],[-122.93967,46.136132],[-122.939671,46.13591],[-122.939765,46.135901],[-122.9398,46.135856],[-122.939794,46.135674],[-122.939752,46.135644],[-122.939671,46.13564],[-122.939671,46.13555],[-122.939706,46.135508],[-122.939671,46.13546],[-122.939671,46.13537],[-122.939778,46.135354],[-122.939801,46.13528],[-122.94006,46.13528],[-122.940059,46.13555],[-122.939978,46.135554],[-122.939936,46.135584],[-122.939929,46.13591],[-122.939813,46.135934],[-122.9398,46.136042],[-122.939855,46.136088],[-122.940059,46.13609],[-122.940058,46.13627],[-122.939956,46.136275],[-122.939912,46.13631],[-122.939942,46.136426],[-122.939999,46.13645],[-122.940188,46.136451],[-122.94021,46.136525],[-122.940317,46.136541]],[[-122.92855,46.143178],[-122.928719,46.143207],[-122.928774,46.143183],[-122.928783,46.143052],[-122.928739,46.143018],[-122.928573,46.142991],[-122.928508,46.143027],[-122.928495,46.143072],[-122.92855,46.143178]],[[-122.928847,46.144081],[-122.928683,46.144098],[-122.928638,46.144134],[-122.928661,46.144254],[-122.928716,46.144287],[-122.928866,46.14427],[-122.928913,46.144231],[-122.928902,46.144105],[-122.928847,46.144081]],[[-122.92892,46.142113],[-122.928951,46.142077],[-122.928937,46.142037],[-122.928878,46.142011],[-122.928815,46.142023],[-122.928788,46.142059],[-122.928805,46.142108],[-122.928863,46.142128],[-122.92892,46.142113]],[[-122.929256,46.143198],[-122.929099,46.143171],[-122.928925,46.143223],[-122.928881,46.143332],[-122.928957,46.143458],[-122.929133,46.143458],[-122.929171,46.143426],[-122.929175,46.143374],[-122.929249,46.143372],[-122.929295,46.143346],[-122.929295,46.143223],[-122.929256,46.143198]],[[-122.929308,46.142206],[-122.929237,46.14218],[-122.929176,46.142204],[-122.928958,46.142211],[-122.928918,46.142248],[-122.928926,46.142356],[-122.928987,46.142384],[-122.929264,46.142378],[-122.929339,46.142257],[-122.929308,46.142206]],[[-122.929952,46.142655],[-122.930034,46.142651],[-122.930078,46.142617],[-122.930076,46.142328],[-122.930012,46.142295],[-122.929749,46.142297],[-122.929694,46.142343],[-122.929693,46.142565],[-122.929463,46.142577],[-122.929434,46.142654],[-122.92936,46.142657],[-122.929314,46.142683],[-122.929308,46.142796],[-122.92936,46.142832],[-122.929508,46.142832],[-122.929558,46.142801],[-122.929564,46.142745],[-122.929911,46.142738],[-122.929949,46.142706],[-122.929952,46.142655]],[[-122.929693,46.143105],[-122.929929,46.143089],[-122.929952,46.143051],[-122.929929,46.142941],[-122.929874,46.142925],[-122.929504,46.142925],[-122.929457,46.14294],[-122.929434,46.142978],[-122.929457,46.143089],[-122.929624,46.143129],[-122.929693,46.143105]],[[-122.930114,46.143698],[-122.930075,46.143588],[-122.93004,46.143561],[-122.92987,46.143559],[-122.929828,46.143588],[-122.929821,46.143645],[-122.929633,46.143645],[-122.92958,46.143664],[-122.929568,46.143791],[-122.929632,46.143824],[-122.930034,46.143834],[-122.930075,46.143805],[-122.93008,46.143735],[-122.930114,46.143698]],[[-122.930342,46.141575],[-122.930308,46.141494],[-122.930153,46.141485],[-122.930092,46.141513],[-122.930083,46.141575],[-122.929976,46.141591],[-122.929919,46.141707],[-122.929976,46.141829],[-122.930144,46.141869],[-122.930212,46.141845],[-122.930448,46.141829],[-122.930468,46.141613],[-122.930424,46.141579],[-122.930342,46.141575]],[[-122.930358,46.14351],[-122.930317,46.143391],[-122.930164,46.143352],[-122.930099,46.143361],[-122.930048,46.143407],[-122.930087,46.143522],[-122.930136,46.143553],[-122.930326,46.143546],[-122.930358,46.14351]],[[-122.930318,46.142909],[-122.930359,46.14279],[-122.930327,46.142755],[-122.930137,46.142747],[-122.930088,46.142778],[-122.930049,46.142893],[-122.9301,46.142938],[-122.930165,46.142947],[-122.930318,46.142909]],[[-122.932155,46.141576],[-122.932153,46.14144],[-122.932114,46.141402],[-122.931965,46.141372],[-122.931896,46.141396],[-122.931678,46.141402],[-122.931639,46.141439],[-122.931637,46.141576],[-122.931304,46.141578],[-122.931254,46.141609],[-122.931248,46.141665],[-122.931136,46.141685],[-122.931119,46.141845],[-122.930989,46.141845],[-122.93092,46.141821],[-122.93086,46.141845],[-122.930623,46.141861],[-122.9306,46.141935],[-122.930506,46.141944],[-122.930471,46.142025],[-122.930389,46.142029],[-122.930347,46.142058],[-122.930307,46.142163],[-122.93035,46.142266],[-122.930396,46.142293],[-122.930471,46.142295],[-122.93048,46.142357],[-122.930541,46.142385],[-122.930695,46.142376],[-122.93073,46.142295],[-122.930859,46.142295],[-122.930877,46.142456],[-122.930929,46.142475],[-122.931077,46.142469],[-122.931115,46.142437],[-122.931118,46.142386],[-122.931213,46.142376],[-122.931248,46.142296],[-122.931329,46.142292],[-122.931374,46.142257],[-122.931371,46.142149],[-122.931329,46.14212],[-122.931248,46.142115],[-122.931248,46.142026],[-122.931377,46.142026],[-122.931446,46.14205],[-122.931588,46.142022],[-122.93163,46.141992],[-122.931636,46.141936],[-122.931753,46.141912],[-122.931766,46.141846],[-122.93197,46.141844],[-122.932019,46.141813],[-122.932025,46.141756],[-122.932249,46.141747],[-122.932284,46.141707],[-122.932278,46.14161],[-122.932236,46.14158],[-122.932155,46.141576]],[[-122.931378,46.143467],[-122.931322,46.143442],[-122.931246,46.143466],[-122.931118,46.143466],[-122.931048,46.143441],[-122.930987,46.143465],[-122.930769,46.143472],[-122.930693,46.143598],[-122.930737,46.143707],[-122.93079,46.143734],[-122.931116,46.143736],[-122.931177,46.14376],[-122.931334,46.143729],[-122.931374,46.143692],[-122.931376,46.143556],[-122.931409,46.143519],[-122.931378,46.143467]],[[-122.930984,46.143247],[-122.931005,46.143145],[-122.93096,46.14311],[-122.930796,46.143092],[-122.930734,46.143125],[-122.93073,46.143242],[-122.930776,46.143281],[-122.930946,46.143279],[-122.930984,46.143247]],[[-122.930992,46.139955],[-122.93101,46.13991],[-122.930978,46.139875],[-122.930904,46.139866],[-122.930854,46.13989],[-122.930844,46.139932],[-122.930881,46.139969],[-122.930938,46.139979],[-122.930992,46.139955]],[[-122.93126,46.132215],[-122.931254,46.132145],[-122.9312,46.132113],[-122.930932,46.132113],[-122.930873,46.132155],[-122.930873,46.132262],[-122.930906,46.132296],[-122.93113,46.132305],[-122.931165,46.132386],[-122.931334,46.132393],[-122.931386,46.132357],[-122.931386,46.132254],[-122.931342,46.13222],[-122.93126,46.132215]],[[-122.931431,46.140586],[-122.931503,46.140552],[-122.931507,46.140449],[-122.931468,46.140412],[-122.931379,46.140406],[-122.931351,46.140328],[-122.931181,46.140291],[-122.931009,46.140335],[-122.930991,46.140531],[-122.931019,46.140573],[-122.931431,46.140586]],[[-122.932054,46.140204],[-122.932021,46.140079],[-122.931986,46.140052],[-122.931768,46.140046],[-122.931769,46.139776],[-122.93185,46.139772],[-122.931895,46.139738],[-122.931885,46.13953],[-122.931836,46.139507],[-122.931639,46.139506],[-122.931578,46.139482],[-122.931415,46.139515],[-122.931381,46.139554],[-122.931386,46.139652],[-122.931428,46.139682],[-122.93151,46.139686],[-122.931522,46.140112],[-122.931579,46.140135],[-122.931757,46.140125],[-122.931796,46.140214],[-122.931958,46.14025],[-122.932054,46.140204]],[[-122.931916,46.139286],[-122.931876,46.139162],[-122.931769,46.139146],[-122.931747,46.138982],[-122.931692,46.138966],[-122.931533,46.138982],[-122.931511,46.13902],[-122.931511,46.139277],[-122.931533,46.13931],[-122.93158,46.139325],[-122.931864,46.139323],[-122.931916,46.139286]],[[-122.931897,46.140406],[-122.931891,46.140349],[-122.931842,46.140318],[-122.931701,46.140317],[-122.931648,46.140344],[-122.931638,46.140627],[-122.931679,46.140669],[-122.931856,46.14067],[-122.931894,46.140638],[-122.931897,46.140586],[-122.931971,46.140584],[-122.932017,46.140557],[-122.932018,46.140435],[-122.931972,46.140408],[-122.931897,46.140406]],[[-122.932995,46.140123],[-122.932804,46.140136],[-122.932769,46.140056],[-122.932615,46.140047],[-122.932554,46.140075],[-122.932545,46.140136],[-122.932471,46.140139],[-122.932425,46.140165],[-122.932415,46.140496],[-122.932211,46.140498],[-122.932156,46.140545],[-122.932169,46.140652],[-122.932285,46.140676],[-122.932285,46.140946],[-122.932156,46.140946],[-122.932143,46.14088],[-122.932026,46.140856],[-122.93202,46.140799],[-122.931971,46.140768],[-122.9317,46.140767],[-122.931641,46.140804],[-122.931651,46.140922],[-122.931767,46.140946],[-122.931802,46.141027],[-122.931896,46.141036],[-122.931925,46.141114],[-122.932155,46.141126],[-122.932161,46.141273],[-122.932203,46.141302],[-122.932284,46.141306],[-122.932286,46.141443],[-122.932339,46.141484],[-122.932468,46.1415],[-122.932521,46.141484],[-122.932544,46.141306],[-122.932625,46.141302],[-122.93267,46.141268],[-122.932676,46.141147],[-122.932623,46.141127],[-122.932414,46.141126],[-122.932414,46.141036],[-122.932611,46.141035],[-122.932667,46.141003],[-122.932708,46.140904],[-122.932674,46.140856],[-122.932674,46.140676],[-122.932769,46.140667],[-122.932803,46.140587],[-122.93292,46.140563],[-122.932933,46.140317],[-122.933022,46.14031],[-122.933061,46.140273],[-122.93305,46.140147],[-122.932995,46.140123]],[[-122.93211,46.13879],[-122.931953,46.138762],[-122.931793,46.138802],[-122.93177,46.13884],[-122.931792,46.13895],[-122.931847,46.138966],[-122.932135,46.13895],[-122.932152,46.138819],[-122.93211,46.13879]],[[-122.932283,46.142746],[-122.932371,46.14274],[-122.932411,46.142703],[-122.932412,46.142525],[-122.932372,46.142483],[-122.932209,46.142478],[-122.93216,46.142509],[-122.932153,46.142566],[-122.931957,46.142567],[-122.931904,46.142595],[-122.931904,46.142717],[-122.931949,46.142744],[-122.932024,46.142746],[-122.932027,46.142798],[-122.932065,46.14283],[-122.932242,46.14283],[-122.932279,46.142798],[-122.932283,46.142746]],[[-122.932334,46.13473],[-122.932628,46.134747],[-122.93268,46.134706],[-122.932681,46.134515],[-122.93264,46.134473],[-122.931982,46.134466],[-122.931914,46.134494],[-122.931905,46.134687],[-122.931945,46.134729],[-122.932108,46.134734],[-122.932157,46.134703],[-122.932163,46.134646],[-122.932291,46.134646],[-122.932296,46.134698],[-122.932334,46.13473]],[[-122.932976,46.133349],[-122.932936,46.13324],[-122.932887,46.133209],[-122.932502,46.133206],[-122.932437,46.13323],[-122.932424,46.133296],[-122.932312,46.133316],[-122.932294,46.133656],[-122.932259,46.133704],[-122.932321,46.133837],[-122.932384,46.133849],[-122.932556,46.133816],[-122.932553,46.133476],[-122.93266,46.13346],[-122.932683,46.133386],[-122.932917,46.133403],[-122.932976,46.133349]],[[-122.932493,46.138775],[-122.932329,46.138793],[-122.932288,46.138835],[-122.932288,46.139111],[-122.932355,46.13916],[-122.932498,46.139142],[-122.932546,46.139098],[-122.932543,46.138811],[-122.932493,46.138775]],[[-122.932684,46.132306],[-122.932765,46.132302],[-122.93281,46.132268],[-122.932791,46.132052],[-122.932736,46.132036],[-122.932366,46.132036],[-122.932319,46.132052],[-122.932296,46.13209],[-122.932295,46.132432],[-122.932318,46.13247],[-122.932373,46.132486],[-122.932649,46.132477],[-122.932683,46.132438],[-122.932684,46.132306]],[[-122.932673,46.134168],[-122.932699,46.134056],[-122.932654,46.134021],[-122.932356,46.134017],[-122.932297,46.134054],[-122.932295,46.134166],[-122.932361,46.13421],[-122.932619,46.134195],[-122.932673,46.134168]],[[-122.934239,46.133656],[-122.934271,46.133609],[-122.934218,46.133497],[-122.934166,46.133477],[-122.933977,46.133477],[-122.933968,46.133416],[-122.933907,46.133387],[-122.933781,46.133388],[-122.933727,46.133415],[-122.933718,46.133657],[-122.933589,46.133657],[-122.933579,46.133595],[-122.933526,46.133568],[-122.93333,46.133567],[-122.933261,46.133543],[-122.933084,46.133591],[-122.93307,46.133746],[-122.932959,46.133766],[-122.932907,46.133874],[-122.932941,46.133926],[-122.93295,46.134078],[-122.932996,46.134104],[-122.93307,46.134108],[-122.93307,46.134286],[-122.932982,46.134293],[-122.932942,46.13433],[-122.932942,46.134513],[-122.932995,46.134554],[-122.933137,46.134556],[-122.93319,46.134528],[-122.933199,46.134467],[-122.933329,46.134467],[-122.93333,46.134693],[-122.933369,46.13473],[-122.933458,46.134737],[-122.933458,46.134827],[-122.933351,46.134843],[-122.933328,46.134917],[-122.933199,46.134917],[-122.93313,46.134892],[-122.933069,46.134916],[-122.932821,46.134927],[-122.932776,46.134835],[-122.932627,46.134803],[-122.932564,46.134816],[-122.932517,46.134874],[-122.932564,46.134982],[-122.932621,46.135006],[-122.932799,46.134995],[-122.932826,46.135089],[-122.932715,46.135105],[-122.93268,46.135186],[-122.932564,46.13521],[-122.932551,46.135318],[-122.932585,46.135357],[-122.933028,46.13536],[-122.933067,46.135323],[-122.933065,46.135225],[-122.933021,46.135191],[-122.932939,46.135186],[-122.932924,46.135104],[-122.933402,46.135094],[-122.933451,46.135063],[-122.933458,46.135007],[-122.933668,46.135003],[-122.93371,46.134974],[-122.933717,46.134917],[-122.933833,46.134893],[-122.933846,46.134647],[-122.933963,46.134623],[-122.933975,46.134516],[-122.933935,46.134473],[-122.933847,46.134467],[-122.933818,46.134389],[-122.933717,46.134377],[-122.933717,46.134197],[-122.934036,46.134197],[-122.934093,46.134173],[-122.934106,46.133927],[-122.934194,46.133921],[-122.934234,46.133884],[-122.934239,46.133656]],[[-122.933987,46.141437],[-122.933967,46.141252],[-122.933941,46.141216],[-122.933709,46.141217],[-122.933691,46.141147],[-122.93358,46.141127],[-122.933545,46.141046],[-122.93345,46.141037],[-122.933422,46.140959],[-122.933231,46.14094],[-122.933194,46.140972],[-122.933191,46.141037],[-122.93311,46.141041],[-122.933065,46.141075],[-122.933061,46.141307],[-122.932831,46.141319],[-122.932802,46.141396],[-122.932721,46.141401],[-122.932679,46.14143],[-122.932673,46.141576],[-122.932578,46.141579],[-122.932532,46.141606],[-122.932552,46.141908],[-122.932613,46.141936],[-122.93302,46.14193],[-122.933059,46.141893],[-122.933061,46.141757],[-122.933168,46.141741],[-122.933191,46.141667],[-122.93332,46.141667],[-122.933389,46.141691],[-122.933538,46.141661],[-122.933576,46.141629],[-122.933579,46.141577],[-122.933695,46.141553],[-122.933709,46.141487],[-122.93396,46.141474],[-122.933987,46.141437]],[[-122.932723,46.142566],[-122.932798,46.142528],[-122.932792,46.142415],[-122.932739,46.142387],[-122.932582,46.142379],[-122.932543,46.142421],[-122.932551,46.142538],[-122.932604,46.142565],[-122.932723,46.142566]],[[-122.933149,46.136181],[-122.932999,46.136152],[-122.93285,46.136183],[-122.932812,46.136215],[-122.932808,46.136266],[-122.932692,46.13629],[-122.932679,46.136356],[-122.932563,46.13638],[-122.932549,46.136662],[-122.932584,46.136707],[-122.932989,46.136717],[-122.933054,46.136693],[-122.933067,46.136447],[-122.933162,46.136438],[-122.933197,46.136393],[-122.933191,46.13621],[-122.933149,46.136181]],[[-122.932992,46.134826],[-122.933066,46.134788],[-122.93306,46.134675],[-122.933007,46.134648],[-122.932852,46.134653],[-122.932812,46.13469],[-122.93282,46.134798],[-122.932873,46.134825],[-122.932992,46.134826]],[[-122.933198,46.135727],[-122.933394,46.135726],[-122.933451,46.135693],[-122.933457,46.135415],[-122.933409,46.135371],[-122.933103,46.135376],[-122.933069,46.135415],[-122.933068,46.135546],[-122.932987,46.135551],[-122.932945,46.13558],[-122.932939,46.135678],[-122.932967,46.135714],[-122.933129,46.135751],[-122.933198,46.135727]],[[-122.933283,46.132851],[-122.933118,46.132824],[-122.932983,46.132853],[-122.932948,46.13288],[-122.932942,46.133158],[-122.93299,46.133202],[-122.933172,46.133194],[-122.9332,46.133158],[-122.933201,46.133027],[-122.933282,46.133023],[-122.933324,46.132993],[-122.933321,46.132875],[-122.933283,46.132851]],[[-122.934096,46.142027],[-122.934185,46.142021],[-122.934224,46.141984],[-122.934213,46.141691],[-122.934156,46.141668],[-122.933756,46.141671],[-122.933714,46.1417],[-122.933708,46.141757],[-122.933592,46.141781],[-122.933579,46.141847],[-122.933504,46.141849],[-122.933458,46.141875],[-122.933449,46.142117],[-122.933218,46.142129],[-122.93319,46.142207],[-122.933108,46.142211],[-122.933066,46.14224],[-122.933066,46.142353],[-122.933108,46.142383],[-122.933243,46.14241],[-122.933401,46.142383],[-122.933443,46.142354],[-122.933449,46.142297],[-122.933679,46.142285],[-122.933708,46.142207],[-122.933824,46.142183],[-122.933837,46.142117],[-122.934063,46.142121],[-122.934096,46.142027]],[[-122.936042,46.139418],[-122.93613,46.139412],[-122.93617,46.139375],[-122.936171,46.139022],[-122.936143,46.138981],[-122.935913,46.138968],[-122.935852,46.138944],[-122.935783,46.138968],[-122.935524,46.138968],[-122.935518,46.138911],[-122.935469,46.13888],[-122.935326,46.138854],[-122.935177,46.138884],[-122.935136,46.138926],[-122.935158,46.139055],[-122.935211,46.139072],[-122.935394,46.139058],[-122.935417,46.139132],[-122.935524,46.139148],[-122.935524,46.139328],[-122.935489,46.13937],[-122.935524,46.139418],[-122.935523,46.139598],[-122.935265,46.139598],[-122.935247,46.139528],[-122.935135,46.139508],[-122.935122,46.139442],[-122.935058,46.139418],[-122.934905,46.13943],[-122.934877,46.139466],[-122.934876,46.139598],[-122.934747,46.139598],[-122.934729,46.139437],[-122.934677,46.139418],[-122.934529,46.139424],[-122.934488,46.139466],[-122.934487,46.139687],[-122.934154,46.13969],[-122.934105,46.139721],[-122.934099,46.139777],[-122.934025,46.139779],[-122.933979,46.139806],[-122.933969,46.140047],[-122.933935,46.14009],[-122.933969,46.140137],[-122.933969,46.140227],[-122.93384,46.140227],[-122.93383,46.140166],[-122.933777,46.140138],[-122.933377,46.140139],[-122.933328,46.14017],[-122.933322,46.140227],[-122.933247,46.140229],[-122.933201,46.140255],[-122.933201,46.140378],[-122.933247,46.140404],[-122.933321,46.140407],[-122.93333,46.140482],[-122.933396,46.140511],[-122.933552,46.140485],[-122.93358,46.140407],[-122.934188,46.140414],[-122.934227,46.140372],[-122.934228,46.140137],[-122.934424,46.140136],[-122.934481,46.140104],[-122.934487,46.139867],[-122.934746,46.139868],[-122.934759,46.139934],[-122.934876,46.139958],[-122.93491,46.140039],[-122.935264,46.140048],[-122.93527,46.140105],[-122.935319,46.140136],[-122.93587,46.140132],[-122.93591,46.140095],[-122.935912,46.139958],[-122.935993,46.139954],[-122.936038,46.13992],[-122.936035,46.139798],[-122.935973,46.139765],[-122.935837,46.139781],[-122.935788,46.139812],[-122.935782,46.139868],[-122.935653,46.139868],[-122.935653,46.139778],[-122.935765,46.139758],[-122.935782,46.139598],[-122.935889,46.139582],[-122.935912,46.139508],[-122.936028,46.139484],[-122.936042,46.139418]],[[-122.9334,46.142481],[-122.933257,46.142463],[-122.933202,46.142487],[-122.933193,46.142618],[-122.933244,46.142654],[-122.933393,46.142655],[-122.933445,46.142619],[-122.933445,46.142515],[-122.9334,46.142481]],[[-122.93397,46.139417],[-122.933964,46.13936],[-122.933922,46.139331],[-122.933652,46.139327],[-122.933591,46.139355],[-122.933581,46.139417],[-122.933465,46.139441],[-122.933453,46.139643],[-122.933493,46.13968],[-122.933581,46.139687],[-122.933581,46.139777],[-122.933385,46.139778],[-122.933331,46.139805],[-122.933322,46.139998],[-122.933356,46.140038],[-122.933546,46.140038],[-122.933579,46.140003],[-122.933592,46.139856],[-122.933799,46.139861],[-122.933837,46.139829],[-122.93384,46.139777],[-122.933956,46.139753],[-122.93397,46.139687],[-122.934086,46.139663],[-122.934096,46.139456],[-122.934051,46.139421],[-122.93397,46.139417]],[[-122.933585,46.136307],[-122.933518,46.136253],[-122.933339,46.136291],[-122.933327,46.136488],[-122.933361,46.136528],[-122.93351,46.136551],[-122.933572,46.136526],[-122.933585,46.136307]],[[-122.933503,46.136893],[-122.933654,46.136909],[-122.933705,46.136882],[-122.933708,46.13675],[-122.933652,46.136718],[-122.933483,46.136721],[-122.933436,46.136767],[-122.933461,46.136863],[-122.933503,46.136893]],[[-122.933641,46.133297],[-122.933715,46.133259],[-122.933705,46.133141],[-122.933649,46.133117],[-122.933473,46.133126],[-122.93344,46.133173],[-122.933473,46.133273],[-122.933522,46.133296],[-122.933641,46.133297]],[[-122.934069,46.140755],[-122.934115,46.140627],[-122.934063,46.14059],[-122.933635,46.140589],[-122.933586,46.14062],[-122.93358,46.140677],[-122.933506,46.140679],[-122.93346,46.140705],[-122.933454,46.140819],[-122.933491,46.14085],[-122.933633,46.140881],[-122.933784,46.140855],[-122.933833,46.140824],[-122.933839,46.140767],[-122.934069,46.140755]],[[-122.934623,46.134508],[-122.934563,46.134455],[-122.934419,46.13447],[-122.93437,46.134501],[-122.934364,46.134557],[-122.934231,46.134578],[-122.934234,46.135007],[-122.933874,46.135019],[-122.933846,46.135056],[-122.933845,46.135277],[-122.933751,46.135286],[-122.933716,46.135367],[-122.933634,46.135371],[-122.933592,46.1354],[-122.933586,46.135727],[-122.933498,46.135733],[-122.933457,46.135775],[-122.933456,46.136142],[-122.933502,46.136186],[-122.93366,46.136175],[-122.933706,46.136148],[-122.933715,46.135907],[-122.93379,46.135905],[-122.933836,46.135878],[-122.933845,46.135727],[-122.933926,46.135723],[-122.933971,46.135689],[-122.933975,46.135547],[-122.934352,46.135536],[-122.934381,46.135618],[-122.934492,46.135637],[-122.934501,46.135699],[-122.934555,46.135726],[-122.934811,46.135727],[-122.934875,46.135694],[-122.934881,46.135506],[-122.934846,46.135467],[-122.934374,46.135468],[-122.93434,46.135383],[-122.934234,46.135367],[-122.934234,46.135277],[-122.934315,46.135273],[-122.93436,46.135239],[-122.934364,46.135097],[-122.934445,46.135093],[-122.93449,46.135059],[-122.934494,46.134737],[-122.934575,46.134733],[-122.934617,46.134704],[-122.934623,46.134508]],[[-122.93475,46.139059],[-122.934747,46.138968],[-122.934944,46.138967],[-122.935,46.138934],[-122.935006,46.138746],[-122.934959,46.138702],[-122.93423,46.138697],[-122.934201,46.13862],[-122.934024,46.138584],[-122.933859,46.138627],[-122.933841,46.138787],[-122.93376,46.138791],[-122.933715,46.138825],[-122.933715,46.139109],[-122.933759,46.139143],[-122.933841,46.139147],[-122.933847,46.139204],[-122.933896,46.139235],[-122.934174,46.139235],[-122.934223,46.139204],[-122.934229,46.139147],[-122.934341,46.139128],[-122.934359,46.138877],[-122.934488,46.138877],[-122.934498,46.139029],[-122.934634,46.139065],[-122.934633,46.13914],[-122.934536,46.139152],[-122.934491,46.139186],[-122.93449,46.139284],[-122.934529,46.139321],[-122.934684,46.139327],[-122.934738,46.139299],[-122.934731,46.139155],[-122.934782,46.139105],[-122.93475,46.139059]],[[-122.934491,46.136447],[-122.934573,46.136443],[-122.934618,46.136409],[-122.934621,46.136136],[-122.934573,46.136092],[-122.93443,46.136074],[-122.934368,46.136107],[-122.934362,46.136177],[-122.934126,46.136193],[-122.934103,46.136357],[-122.934022,46.136361],[-122.93398,46.13639],[-122.933983,46.136599],[-122.934036,46.136626],[-122.934232,46.136627],[-122.934248,46.13671],[-122.933866,46.136733],[-122.933843,46.136933],[-122.933872,46.136975],[-122.934102,46.136987],[-122.934171,46.137011],[-122.934344,46.136968],[-122.934346,46.136725],[-122.934443,46.136713],[-122.934485,46.136684],[-122.934491,46.136447]],[[-122.934094,46.142475],[-122.934042,46.142454],[-122.933985,46.142464],[-122.933947,46.142506],[-122.933963,46.142547],[-122.934016,46.142567],[-122.934088,46.142554],[-122.934115,46.142517],[-122.934094,46.142475]],[[-122.934489,46.138157],[-122.934571,46.138153],[-122.934613,46.138124],[-122.934619,46.138026],[-122.934585,46.137987],[-122.934176,46.137963],[-122.934114,46.137988],[-122.934101,46.138157],[-122.934066,46.138205],[-122.934101,46.138247],[-122.934102,46.138474],[-122.934135,46.138508],[-122.934309,46.138517],[-122.934367,46.138492],[-122.93436,46.138337],[-122.934434,46.138335],[-122.93448,46.138309],[-122.934489,46.138157]],[[-122.934358,46.142479],[-122.934301,46.142454],[-122.934244,46.142464],[-122.934193,46.142509],[-122.934206,46.142555],[-122.934271,46.14259],[-122.934336,46.142581],[-122.934389,46.14253],[-122.934358,46.142479]],[[-122.934414,46.135907],[-122.934489,46.135869],[-122.934483,46.135756],[-122.93443,46.135728],[-122.934274,46.135734],[-122.934235,46.135771],[-122.934242,46.135879],[-122.934296,46.135906],[-122.934414,46.135907]],[[-122.934779,46.140551],[-122.934723,46.140423],[-122.934616,46.140407],[-122.934594,46.140243],[-122.934539,46.140227],[-122.93438,46.140243],[-122.934359,46.140454],[-122.934398,46.140491],[-122.934486,46.140498],[-122.934509,46.140662],[-122.934564,46.140677],[-122.934723,46.140662],[-122.934779,46.140551]],[[-122.935527,46.136898],[-122.935557,46.136745],[-122.935472,46.136704],[-122.935403,46.136738],[-122.935413,46.1368],[-122.935179,46.136814],[-122.935142,46.136846],[-122.935138,46.136898],[-122.935009,46.136898],[-122.935003,46.136841],[-122.934961,46.136812],[-122.93475,46.136807],[-122.934696,46.136784],[-122.934539,46.136812],[-122.934497,46.136841],[-122.934497,46.136954],[-122.934539,46.136983],[-122.93462,46.136988],[-122.934649,46.137065],[-122.934879,46.137078],[-122.934885,46.137134],[-122.934934,46.137165],[-122.935138,46.137168],[-122.935154,46.13725],[-122.93492,46.137264],[-122.934882,46.137296],[-122.934877,46.137348],[-122.934749,46.137347],[-122.934743,46.137291],[-122.934701,46.137262],[-122.934553,46.137258],[-122.9345,46.137286],[-122.93449,46.137347],[-122.934409,46.137351],[-122.934364,46.137386],[-122.934361,46.137762],[-122.934428,46.137811],[-122.934716,46.137802],[-122.934749,46.137708],[-122.93483,46.137703],[-122.934872,46.137674],[-122.934879,46.137528],[-122.934985,46.137512],[-122.935008,46.137438],[-122.935137,46.137438],[-122.935137,46.137708],[-122.935063,46.13771],[-122.935017,46.137736],[-122.935007,46.137888],[-122.934974,46.137925],[-122.935007,46.137978],[-122.935007,46.138248],[-122.934647,46.13826],[-122.934619,46.138379],[-122.934666,46.138423],[-122.934877,46.138428],[-122.934946,46.138452],[-122.935114,46.138412],[-122.935137,46.138338],[-122.935218,46.138334],[-122.93526,46.138305],[-122.935266,46.138158],[-122.935348,46.138154],[-122.93539,46.138125],[-122.935396,46.137888],[-122.935491,46.137886],[-122.93554,46.137853],[-122.935523,46.137386],[-122.935464,46.137349],[-122.935267,46.137348],[-122.935251,46.137265],[-122.935586,46.137258],[-122.93565,46.137225],[-122.935654,46.136942],[-122.935615,46.136904],[-122.935527,46.136898]],[[-122.935695,46.133436],[-122.935654,46.133331],[-122.935605,46.1333],[-122.935142,46.133298],[-122.93515,46.133143],[-122.934945,46.133094],[-122.934884,46.133118],[-122.9347,46.133104],[-122.934647,46.13312],[-122.934625,46.133207],[-122.934543,46.133211],[-122.934501,46.133241],[-122.934495,46.133387],[-122.93446,46.133435],[-122.934507,46.133488],[-122.934556,46.133501],[-122.934624,46.133477],[-122.934883,46.133478],[-122.934944,46.133502],[-122.935013,46.133478],[-122.935142,46.133478],[-122.935144,46.133614],[-122.935183,46.133651],[-122.93559,46.133658],[-122.935658,46.133615],[-122.93566,46.133478],[-122.935695,46.133436]],[[-122.934724,46.134365],[-122.93477,46.134237],[-122.934718,46.1342],[-122.934536,46.134198],[-122.934477,46.134237],[-122.9345,46.134357],[-122.934554,46.13439],[-122.934724,46.134365]],[[-122.935175,46.134785],[-122.935132,46.134676],[-122.935078,46.134649],[-122.934823,46.134648],[-122.934758,46.134681],[-122.934738,46.134793],[-122.934787,46.134825],[-122.934882,46.134828],[-122.934897,46.13491],[-122.934657,46.134927],[-122.934624,46.134961],[-122.934623,46.135049],[-122.934664,46.135091],[-122.934752,46.135098],[-122.934753,46.135234],[-122.9348,46.135273],[-122.934948,46.135277],[-122.935005,46.135244],[-122.935011,46.135098],[-122.935046,46.13505],[-122.934995,46.134925],[-122.935131,46.134889],[-122.935175,46.134785]],[[-122.935392,46.141438],[-122.935324,46.141385],[-122.934908,46.141407],[-122.934874,46.141488],[-122.934792,46.141492],[-122.934748,46.141526],[-122.93471,46.141625],[-122.934757,46.141734],[-122.934873,46.141758],[-122.934879,46.141814],[-122.934929,46.141845],[-122.935227,46.141839],[-122.935262,46.141799],[-122.935262,46.141578],[-122.935379,46.141554],[-122.935392,46.141438]],[[-122.935677,46.135768],[-122.935654,46.135676],[-122.935616,46.135644],[-122.935399,46.135638],[-122.935383,46.135556],[-122.93561,46.135544],[-122.935652,46.135515],[-122.935658,46.135458],[-122.93577,46.135438],[-122.935775,46.135199],[-122.935712,46.135174],[-122.935175,46.135197],[-122.935141,46.135236],[-122.935141,46.135414],[-122.935181,46.135451],[-122.935269,46.135458],[-122.935285,46.13554],[-122.935174,46.135557],[-122.93514,46.135638],[-122.935023,46.135662],[-122.93501,46.135908],[-122.934928,46.135912],[-122.934884,46.135946],[-122.934896,46.13635],[-122.934791,46.136364],[-122.934751,46.136406],[-122.93475,46.136669],[-122.934785,46.136708],[-122.935068,46.136717],[-122.935125,46.136694],[-122.935135,46.136576],[-122.935091,46.136542],[-122.935009,46.136538],[-122.934994,46.136365],[-122.935206,46.136357],[-122.935255,46.136334],[-122.935269,46.136178],[-122.935363,46.136169],[-122.935398,46.136088],[-122.935514,46.136064],[-122.935528,46.135818],[-122.935655,46.135802],[-122.935677,46.135768]],[[-122.934876,46.142029],[-122.934819,46.142014],[-122.934761,46.142034],[-122.934744,46.142083],[-122.934771,46.142119],[-122.934834,46.142131],[-122.934893,46.142105],[-122.934907,46.142065],[-122.934876,46.142029]],[[-122.935135,46.134524],[-122.93516,46.134423],[-122.935127,46.134387],[-122.934937,46.13438],[-122.934886,46.134416],[-122.934885,46.134519],[-122.934937,46.134555],[-122.935086,46.134555],[-122.935135,46.134524]],[[-122.93529,46.134063],[-122.935248,46.133854],[-122.935194,46.133838],[-122.935035,46.133853],[-122.935012,46.133892],[-122.935034,46.134105],[-122.935095,46.134121],[-122.93525,46.134101],[-122.93529,46.134063]],[[-122.935403,46.134379],[-122.935347,46.134354],[-122.935289,46.134364],[-122.935238,46.13441],[-122.935251,46.134455],[-122.935316,46.13449],[-122.935382,46.134481],[-122.935434,46.134431],[-122.935403,46.134379]],[[-122.93553,46.134058],[-122.935503,46.134017],[-122.935447,46.134004],[-122.935386,46.134027],[-122.935366,46.134066],[-122.935391,46.134103],[-122.935455,46.134122],[-122.935513,46.134101],[-122.93553,46.134058]],[[-122.935673,46.138743],[-122.935648,46.138641],[-122.935599,46.13861],[-122.935437,46.138609],[-122.935378,46.138648],[-122.935401,46.138755],[-122.93545,46.138786],[-122.93564,46.138779],[-122.935673,46.138743]],[[-122.935838,46.136628],[-122.935893,46.136612],[-122.935915,46.136579],[-122.935915,46.136407],[-122.935887,46.13637],[-122.935717,46.136334],[-122.935657,46.136358],[-122.935468,46.136358],[-122.935415,46.136378],[-122.935403,46.136505],[-122.935445,46.136534],[-122.935527,46.136538],[-122.935555,46.136616],[-122.935838,46.136628]],[[-122.936034,46.134804],[-122.936067,46.134429],[-122.93604,46.134391],[-122.935872,46.134356],[-122.935651,46.134403],[-122.935659,46.134558],[-122.935558,46.13457],[-122.935529,46.134648],[-122.935441,46.134654],[-122.935401,46.134691],[-122.9354,46.135049],[-122.935434,46.135089],[-122.935624,46.135089],[-122.935658,46.135049],[-122.935658,46.134918],[-122.935869,46.134914],[-122.935911,46.134885],[-122.935917,46.134828],[-122.936034,46.134804]],[[-122.935781,46.140448],[-122.935714,46.140395],[-122.93553,46.140421],[-122.935503,46.140464],[-122.935539,46.140582],[-122.935605,46.140602],[-122.935753,46.140576],[-122.93578,46.140545],[-122.935781,46.140448]],[[-122.936043,46.137798],[-122.936038,46.137742],[-122.935988,46.137711],[-122.935725,46.137708],[-122.935668,46.137732],[-122.935638,46.137848],[-122.935682,46.137884],[-122.935784,46.137888],[-122.935764,46.138018],[-122.935798,46.138059],[-122.935997,46.138077],[-122.93604,46.138043],[-122.936043,46.137978],[-122.93616,46.137954],[-122.936164,46.137827],[-122.936118,46.137801],[-122.936043,46.137798]],[[-122.938639,46.13267],[-122.938633,46.132613],[-122.938583,46.132582],[-122.93832,46.13258],[-122.938268,46.132599],[-122.93825,46.133029],[-122.938143,46.133045],[-122.93812,46.133119],[-122.938002,46.13313],[-122.93793,46.133095],[-122.93785,46.13313],[-122.937732,46.133119],[-122.93773,46.132893],[-122.937662,46.132849],[-122.937536,46.13285],[-122.937486,46.132873],[-122.937473,46.133029],[-122.937289,46.133015],[-122.937227,46.13304],[-122.937214,46.133299],[-122.937119,46.133308],[-122.937084,46.133389],[-122.93701,46.133391],[-122.936964,46.133417],[-122.936954,46.133569],[-122.936873,46.133573],[-122.936828,46.133607],[-122.936826,46.133795],[-122.936895,46.133838],[-122.937287,46.133837],[-122.937341,46.133795],[-122.937343,46.133659],[-122.937472,46.133659],[-122.937488,46.134011],[-122.937365,46.134035],[-122.93734,46.134109],[-122.937213,46.134109],[-122.937152,46.134085],[-122.937083,46.134109],[-122.936825,46.134109],[-122.936819,46.134052],[-122.936777,46.134023],[-122.936491,46.134021],[-122.936436,46.134067],[-122.936436,46.134288],[-122.936247,46.134289],[-122.93619,46.134312],[-122.936157,46.134412],[-122.936174,46.134448],[-122.936227,46.134468],[-122.936436,46.134469],[-122.936458,46.134543],[-122.936565,46.134559],[-122.936581,46.134641],[-122.936483,46.134653],[-122.936439,46.134687],[-122.936451,46.134911],[-122.936306,46.134918],[-122.936229,46.134895],[-122.936095,46.134922],[-122.936053,46.134952],[-122.936052,46.135155],[-122.936094,46.135184],[-122.936176,46.135188],[-122.936176,46.135278],[-122.936141,46.135321],[-122.936176,46.135368],[-122.936175,46.135458],[-122.935857,46.135458],[-122.935805,46.135478],[-122.935767,46.135762],[-122.935801,46.135809],[-122.936032,46.135809],[-122.936065,46.135768],[-122.936046,46.135638],[-122.936257,46.135634],[-122.936299,46.135605],[-122.936305,46.135548],[-122.936379,46.135546],[-122.936425,46.13552],[-122.936435,46.135189],[-122.936516,46.135184],[-122.936561,46.13515],[-122.936549,46.134926],[-122.936646,46.134914],[-122.936691,46.13488],[-122.936679,46.134656],[-122.936801,46.134633],[-122.936824,46.134559],[-122.937048,46.13455],[-122.937083,46.134469],[-122.937212,46.134469],[-122.937289,46.134492],[-122.937462,46.13444],[-122.937506,46.134337],[-122.937472,46.134289],[-122.937472,46.134199],[-122.937546,46.134197],[-122.937592,46.134171],[-122.937585,46.134027],[-122.93769,46.134013],[-122.937729,46.133976],[-122.937731,46.133749],[-122.937819,46.133743],[-122.937859,46.133706],[-122.937872,46.133198],[-122.93799,46.133209],[-122.937991,46.133431],[-122.938045,46.133477],[-122.938448,46.133492],[-122.938502,46.13346],[-122.938508,46.13339],[-122.938625,46.133366],[-122.938636,46.133073],[-122.938597,46.133036],[-122.938509,46.13303],[-122.938509,46.13294],[-122.93861,46.132927],[-122.938638,46.13285],[-122.938733,46.132841],[-122.938768,46.132796],[-122.938755,46.132694],[-122.938639,46.13267]],[[-122.936099,46.134288],[-122.936175,46.134245],[-122.93616,46.134038],[-122.9361,46.134018],[-122.935817,46.13403],[-122.935789,46.134067],[-122.935806,46.134178],[-122.935918,46.134198],[-122.935921,46.13425],[-122.935959,46.134282],[-122.936099,46.134288]],[[-122.936225,46.137258],[-122.936302,46.137215],[-122.936302,46.137122],[-122.936275,46.137091],[-122.935997,46.137065],[-122.935932,46.137085],[-122.935915,46.137209],[-122.935943,46.137246],[-122.936225,46.137258]],[[-122.936304,46.138697],[-122.936335,46.138645],[-122.936262,46.138512],[-122.935976,46.138519],[-122.935922,46.138547],[-122.935914,46.138655],[-122.935954,46.138692],[-122.936172,46.138698],[-122.936233,46.138723],[-122.936304,46.138697]],[[-122.936307,46.133478],[-122.936389,46.133474],[-122.936433,46.13344],[-122.936428,46.133237],[-122.936367,46.133209],[-122.93609,46.133215],[-122.93605,46.133252],[-122.936048,46.133388],[-122.936014,46.133431],[-122.936057,46.13354],[-122.936111,46.133567],[-122.936252,46.133566],[-122.936301,46.133535],[-122.936307,46.133478]],[[-122.936355,46.136988],[-122.936431,46.136945],[-122.93642,46.136742],[-122.936363,46.136719],[-122.936078,46.136714],[-122.936045,46.136753],[-122.936058,46.136874],[-122.936174,46.136898],[-122.936177,46.13695],[-122.936215,46.136982],[-122.936355,46.136988]],[[-122.936304,46.138877],[-122.936335,46.138825],[-122.936283,46.138775],[-122.936218,46.138766],[-122.936152,46.138801],[-122.936139,46.138847],[-122.93619,46.138892],[-122.936248,46.138902],[-122.936304,46.138877]],[[-122.936355,46.136628],[-122.936432,46.136585],[-122.93643,46.136397],[-122.936378,46.136361],[-122.93623,46.136361],[-122.936184,46.136387],[-122.93614,46.136485],[-122.936178,46.13659],[-122.936229,46.136626],[-122.936355,46.136628]],[[-122.936302,46.138428],[-122.93632,46.138384],[-122.936288,46.138348],[-122.936215,46.138339],[-122.936164,46.138363],[-122.936154,46.138405],[-122.936191,46.138442],[-122.936248,46.138452],[-122.936302,46.138428]],[[-122.93669,46.138109],[-122.936623,46.138055],[-122.93635,46.138073],[-122.936305,46.138107],[-122.936287,46.138214],[-122.936337,46.138246],[-122.936431,46.138249],[-122.936434,46.138314],[-122.936477,46.138348],[-122.936642,46.138335],[-122.93669,46.13829],[-122.93669,46.138109]],[[-122.936818,46.140089],[-122.936757,46.140036],[-122.936559,46.140049],[-122.936557,46.139898],[-122.936519,46.139862],[-122.936362,46.13987],[-122.936309,46.139897],[-122.936303,46.1401],[-122.936348,46.140134],[-122.936429,46.140139],[-122.936432,46.14019],[-122.93647,46.140222],[-122.93662,46.140253],[-122.936776,46.140222],[-122.936816,46.140185],[-122.936818,46.140089]],[[-122.936816,46.136055],[-122.936837,46.135943],[-122.93678,46.13591],[-122.936563,46.135908],[-122.936487,46.135885],[-122.9364,46.135946],[-122.93644,46.136055],[-122.936496,46.136087],[-122.936774,46.136085],[-122.936816,46.136055]],[[-122.936818,46.139509],[-122.936812,46.139452],[-122.936763,46.139421],[-122.936453,46.139434],[-122.93643,46.139473],[-122.936451,46.139776],[-122.936505,46.139792],[-122.936763,46.139776],[-122.936812,46.139745],[-122.936818,46.139689],[-122.936925,46.139673],[-122.936942,46.139542],[-122.9369,46.139513],[-122.936818,46.139509]],[[-122.936697,46.132709],[-122.936636,46.132656],[-122.936472,46.132678],[-122.936438,46.132717],[-122.936451,46.132824],[-122.936606,46.132862],[-122.936663,46.132853],[-122.936695,46.132819],[-122.936697,46.132709]],[[-122.936951,46.136899],[-122.936945,46.136842],[-122.936896,46.136811],[-122.936585,46.136824],[-122.936562,46.136863],[-122.936562,46.13712],[-122.936585,46.137153],[-122.936895,46.137166],[-122.936945,46.137135],[-122.936951,46.137079],[-122.937057,46.137063],[-122.937074,46.136932],[-122.937032,46.136903],[-122.936951,46.136899]],[[-122.93747,46.135819],[-122.937544,46.135817],[-122.93759,46.135791],[-122.937586,46.135663],[-122.937529,46.135639],[-122.937341,46.135639],[-122.937323,46.135569],[-122.937211,46.135549],[-122.937177,46.135468],[-122.937082,46.135459],[-122.937076,46.135389],[-122.937029,46.135358],[-122.936857,46.135378],[-122.936823,46.135459],[-122.936728,46.135468],[-122.936693,46.135549],[-122.936612,46.135553],[-122.93657,46.135582],[-122.936567,46.13569],[-122.936626,46.135728],[-122.936897,46.135726],[-122.936946,46.135695],[-122.936952,46.135639],[-122.937081,46.135639],[-122.937082,46.13586],[-122.937129,46.135905],[-122.937422,46.135905],[-122.937464,46.135876],[-122.93747,46.135819]],[[-122.93761,46.132734],[-122.937603,46.132344],[-122.937557,46.1323],[-122.937141,46.132311],[-122.937091,46.132342],[-122.937085,46.132399],[-122.936889,46.1324],[-122.936832,46.132432],[-122.936815,46.132549],[-122.936861,46.132576],[-122.936956,46.132579],[-122.936961,46.132725],[-122.937003,46.132755],[-122.937085,46.132759],[-122.937091,46.132815],[-122.937133,46.132845],[-122.937432,46.132843],[-122.93747,46.132811],[-122.937473,46.132759],[-122.937568,46.132757],[-122.93761,46.132734]],[[-122.936879,46.13313],[-122.937037,46.133115],[-122.937079,46.133085],[-122.937083,46.132892],[-122.93703,46.132851],[-122.936888,46.13285],[-122.936827,46.132892],[-122.936827,46.133089],[-122.936879,46.13313]],[[-122.937213,46.13618],[-122.937134,46.136155],[-122.936961,46.136207],[-122.936952,46.1364],[-122.936992,46.136442],[-122.937148,46.136448],[-122.937201,46.13642],[-122.93721,46.136269],[-122.937245,46.136227],[-122.937213,46.13618]],[[-122.937471,46.135189],[-122.937587,46.135165],[-122.937597,46.135047],[-122.937545,46.135011],[-122.937396,46.135011],[-122.937343,46.135052],[-122.937357,46.135181],[-122.937253,46.135195],[-122.937213,46.135232],[-122.937212,46.13541],[-122.937252,46.135453],[-122.937395,46.135473],[-122.937461,46.135444],[-122.937471,46.135189]],[[-122.93786,46.134559],[-122.937854,46.134503],[-122.937812,46.134473],[-122.937519,46.134473],[-122.937477,46.134502],[-122.937471,46.134559],[-122.937397,46.134561],[-122.937351,46.134588],[-122.937347,46.134706],[-122.937389,46.134735],[-122.937471,46.134739],[-122.937477,46.134796],[-122.937519,46.134825],[-122.937661,46.134853],[-122.937811,46.134825],[-122.937853,46.134796],[-122.937859,46.134739],[-122.937948,46.134733],[-122.937989,46.134691],[-122.937976,46.134583],[-122.93786,46.134559]],[[-122.937733,46.132079],[-122.937673,46.132027],[-122.937509,46.132048],[-122.937441,46.132161],[-122.93745,46.132202],[-122.937535,46.132243],[-122.937698,46.13221],[-122.937731,46.132176],[-122.937733,46.132079]],[[-122.93802,46.137222],[-122.93798,46.137113],[-122.937931,46.137082],[-122.937788,46.137055],[-122.937632,46.137088],[-122.937598,46.137169],[-122.937516,46.137173],[-122.937472,46.137207],[-122.937481,46.137415],[-122.93753,46.137438],[-122.937664,46.137438],[-122.937718,46.137411],[-122.937727,46.137349],[-122.937951,46.13734],[-122.93802,46.137222]],[[-122.937728,46.136579],[-122.93766,46.136526],[-122.937482,46.136563],[-122.937469,46.13676],[-122.937503,46.1368],[-122.937658,46.136809],[-122.937715,46.136785],[-122.937728,46.136579]],[[-122.938004,46.138294],[-122.937979,46.138193],[-122.93793,46.138162],[-122.937781,46.138162],[-122.937729,46.138198],[-122.937729,46.138301],[-122.937781,46.138337],[-122.937971,46.13833],[-122.938004,46.138294]],[[-122.93791,46.132665],[-122.938053,46.132683],[-122.938108,46.132659],[-122.938117,46.132528],[-122.938066,46.132492],[-122.937917,46.132492],[-122.937865,46.132528],[-122.937865,46.132631],[-122.93791,46.132665]],[[-122.938298,46.13636],[-122.938372,46.136321],[-122.938362,46.136204],[-122.938306,46.13618],[-122.93813,46.136189],[-122.938097,46.136235],[-122.93813,46.136335],[-122.938179,46.136358],[-122.938298,46.13636]],[[-122.93867,46.135063],[-122.93863,46.134953],[-122.938588,46.134924],[-122.9384,46.134935],[-122.938377,46.134974],[-122.938399,46.135174],[-122.938454,46.13519],[-122.938613,46.135174],[-122.93867,46.135063]],[[-122.938786,46.13218],[-122.938753,46.132047],[-122.938885,46.132016],[-122.938897,46.131903],[-122.938843,46.131862],[-122.938702,46.131861],[-122.938641,46.131903],[-122.938655,46.132032],[-122.938558,46.132044],[-122.938516,46.132073],[-122.938513,46.132181],[-122.938572,46.132219],[-122.938734,46.132217],[-122.938786,46.13218]],[[-122.93882,46.133671],[-122.939013,46.133636],[-122.939023,46.133518],[-122.938971,46.133482],[-122.938822,46.133482],[-122.938768,46.133523],[-122.93877,46.133635],[-122.93882,46.133671]]]}},{"type":"Feature","properties":{"id":59,"area_m2":74800,"px":748,"rank":2,"persistent":false},"geometry":{"type":"Polygon","coordinates":[[[-122.946148,46.131773],[-122.946147,46.132043],[-122.945951,46.132044],[-122.945898,46.132072],[-122.945888,46.132403],[-122.945772,46.132427],[-122.945758,46.132583],[-122.945642,46.132607],[-122.945629,46.132763],[-122.945517,46.132783],[-122.945499,46.132943],[-122.945418,46.132947],[-122.945373,46.132981],[-122.945352,46.133173],[-122.945397,46.133209],[-122.945499,46.133213],[-122.945499,46.133303],[-122.945118,46.133316],[-122.945091,46.133353],[-122.94511,46.133483],[-122.944914,46.133484],[-122.944853,46.133526],[-122.944857,46.133629],[-122.944899,46.133659],[-122.944981,46.133663],[-122.944981,46.133753],[-122.944784,46.133754],[-122.944725,46.133791],[-122.944735,46.133999],[-122.944792,46.134023],[-122.94498,46.134023],[-122.944989,46.134174],[-122.945035,46.134201],[-122.94511,46.134203],[-122.945109,46.134293],[-122.945075,46.134335],[-122.945109,46.134383],[-122.945109,46.134563],[-122.945003,46.134579],[-122.94498,46.134653],[-122.944879,46.134665],[-122.94485,46.134743],[-122.944755,46.134752],[-122.944721,46.134833],[-122.944609,46.134852],[-122.944591,46.134923],[-122.944462,46.134923],[-122.944456,46.134866],[-122.944407,46.134835],[-122.944278,46.134819],[-122.944225,46.134835],[-122.944201,46.135193],[-122.944073,46.135192],[-122.94407,46.134961],[-122.944025,46.134927],[-122.943944,46.134922],[-122.943909,46.134841],[-122.943815,46.134832],[-122.943818,46.134673],[-122.943685,46.134652],[-122.943682,46.134587],[-122.943639,46.134553],[-122.943474,46.134566],[-122.943427,46.134611],[-122.943426,46.135012],[-122.943331,46.135015],[-122.943285,46.135042],[-122.943296,46.135192],[-122.943167,46.135192],[-122.943161,46.135135],[-122.943112,46.135104],[-122.942976,46.135089],[-122.942914,46.135122],[-122.942917,46.135253],[-122.942963,46.13528],[-122.943037,46.135282],[-122.943037,46.135461],[-122.942949,46.135468],[-122.942909,46.135505],[-122.942908,46.135863],[-122.942948,46.135906],[-122.943036,46.135912],[-122.943036,46.136001],[-122.942942,46.136004],[-122.942899,46.136027],[-122.942908,46.136152],[-122.942974,46.136195],[-122.943166,46.136182],[-122.943166,46.136417],[-122.943193,46.136453],[-122.943424,46.136452],[-122.943424,46.136542],[-122.943343,46.136546],[-122.943298,46.13658],[-122.943275,46.136672],[-122.943302,46.136709],[-122.943506,46.136718],[-122.943548,46.136689],[-122.943554,46.136632],[-122.943642,46.136626],[-122.943682,46.136589],[-122.943698,46.136307],[-122.943649,46.136275],[-122.943554,46.136272],[-122.943545,46.136121],[-122.943499,46.136095],[-122.943425,46.136092],[-122.943425,46.135822],[-122.943507,46.135818],[-122.943551,46.135784],[-122.943555,46.135552],[-122.944073,46.135553],[-122.944074,46.135779],[-122.944113,46.135816],[-122.944202,46.135823],[-122.944202,46.136002],[-122.944083,46.136013],[-122.944063,46.135941],[-122.94401,46.135913],[-122.943868,46.135915],[-122.943815,46.135956],[-122.943815,46.136049],[-122.943842,46.13608],[-122.944072,46.136092],[-122.944072,46.136182],[-122.944037,46.136225],[-122.944072,46.136273],[-122.944072,46.136542],[-122.943977,46.136545],[-122.943931,46.136572],[-122.943942,46.136722],[-122.943588,46.136731],[-122.943554,46.136771],[-122.943553,46.136992],[-122.943213,46.136996],[-122.943171,46.137025],[-122.943165,46.137082],[-122.942976,46.137082],[-122.942923,46.137102],[-122.942906,46.137262],[-122.942647,46.137262],[-122.942647,46.137172],[-122.942735,46.137165],[-122.942775,46.137128],[-122.942777,46.136902],[-122.942906,46.136902],[-122.94294,46.136983],[-122.943095,46.136992],[-122.943159,46.136959],[-122.943165,46.136866],[-122.943131,46.136821],[-122.943036,46.136812],[-122.943035,46.136681],[-122.943001,46.136641],[-122.942648,46.136632],[-122.942625,46.136558],[-122.942518,46.136542],[-122.942518,46.136452],[-122.942709,46.136465],[-122.942768,46.136437],[-122.94276,46.136202],[-122.942587,46.136158],[-122.942518,46.136182],[-122.942389,46.136182],[-122.942389,46.136092],[-122.942484,46.136083],[-122.942519,46.136038],[-122.942506,46.135936],[-122.942389,46.135912],[-122.94239,46.135732],[-122.942498,46.135725],[-122.942538,46.13567],[-122.942485,46.135561],[-122.94226,46.135552],[-122.94226,46.135462],[-122.942295,46.135419],[-122.94226,46.135372],[-122.942261,46.135282],[-122.942335,46.135279],[-122.942381,46.135253],[-122.94239,46.135102],[-122.942485,46.135099],[-122.942531,46.135072],[-122.942497,46.134937],[-122.942316,46.134924],[-122.942267,46.134955],[-122.942261,46.135011],[-122.942131,46.135011],[-122.942131,46.13488],[-122.942103,46.134844],[-122.941923,46.134832],[-122.941858,46.134866],[-122.941872,46.135413],[-122.941913,46.135455],[-122.942001,46.135461],[-122.942001,46.135731],[-122.941795,46.13572],[-122.941748,46.135751],[-122.941742,46.135821],[-122.941613,46.135821],[-122.941595,46.135661],[-122.94155,46.135642],[-122.941416,46.135642],[-122.941354,46.13569],[-122.941353,46.136001],[-122.941224,46.136001],[-122.941223,46.135865],[-122.941162,46.135822],[-122.941013,46.135825],[-122.940971,46.135854],[-122.940965,46.135911],[-122.940836,46.135911],[-122.940836,46.135821],[-122.940924,46.135815],[-122.940964,46.135777],[-122.940966,46.135371],[-122.941067,46.135359],[-122.941095,46.135281],[-122.941184,46.135275],[-122.941223,46.135238],[-122.94124,46.135136],[-122.94119,46.135103],[-122.941096,46.135101],[-122.941096,46.135011],[-122.94117,46.135009],[-122.941216,46.134982],[-122.941225,46.134831],[-122.941429,46.134829],[-122.941484,46.134782],[-122.941471,46.134675],[-122.941355,46.13465],[-122.941355,46.134381],[-122.941437,46.134377],[-122.941479,46.134348],[-122.941483,46.134155],[-122.941422,46.134112],[-122.941226,46.134111],[-122.941226,46.134021],[-122.941415,46.134021],[-122.941467,46.134001],[-122.941485,46.133841],[-122.941567,46.133837],[-122.941611,46.133803],[-122.941615,46.133661],[-122.941696,46.133657],[-122.941738,46.133628],[-122.941745,46.133481],[-122.941962,46.133475],[-122.942,46.133443],[-122.942005,46.133391],[-122.942392,46.133392],[-122.942392,46.133572],[-122.942357,46.133619],[-122.942391,46.133662],[-122.942392,46.133807],[-122.942419,46.133843],[-122.94278,46.133842],[-122.942781,46.133992],[-122.942833,46.134033],[-122.943093,46.134036],[-122.943151,46.134015],[-122.943162,46.133875],[-122.94312,46.133846],[-122.943039,46.133842],[-122.943039,46.133752],[-122.943073,46.133709],[-122.943039,46.133662],[-122.943039,46.133572],[-122.943151,46.133552],[-122.943169,46.133392],[-122.943264,46.133383],[-122.943298,46.133338],[-122.943292,46.133155],[-122.94325,46.133126],[-122.943169,46.133122],[-122.943169,46.132852],[-122.9434,46.13284],[-122.943428,46.132762],[-122.943523,46.13276],[-122.943572,46.132728],[-122.943558,46.132582],[-122.943653,46.13258],[-122.943702,46.132548],[-122.943682,46.132346],[-122.94364,46.132316],[-122.943558,46.132311],[-122.943559,46.131952],[-122.943633,46.13195],[-122.943679,46.131924],[-122.943688,46.131772],[-122.945759,46.131773],[-122.945772,46.131839],[-122.945837,46.131863],[-122.945984,46.131854],[-122.946018,46.131773],[-122.946148,46.131773]],[[-122.94265,46.134382],[-122.942648,46.134245],[-122.942587,46.134203],[-122.942431,46.134195],[-122.942394,46.134226],[-122.942391,46.134292],[-122.942317,46.134294],[-122.942271,46.13432],[-122.942265,46.134523],[-122.942309,46.134557],[-122.942391,46.134562],[-122.942394,46.134613],[-122.942432,46.134645],[-122.942608,46.134645],[-122.942646,46.134613],[-122.94265,46.134562],[-122.942724,46.134559],[-122.94277,46.134533],[-122.94277,46.13441],[-122.942724,46.134384],[-122.94265,46.134382]],[[-122.943085,46.135008],[-122.943229,46.135025],[-122.943284,46.135001],[-122.943293,46.13487],[-122.943241,46.134834],[-122.943093,46.134834],[-122.943041,46.13487],[-122.943041,46.134974],[-122.943085,46.135008]],[[-122.944057,46.133463],[-122.944095,46.133353],[-122.944073,46.133319],[-122.943946,46.133302],[-122.943953,46.133057],[-122.94377,46.13301],[-122.943705,46.133019],[-122.943652,46.133075],[-122.943687,46.133122],[-122.943687,46.133212],[-122.943598,46.133219],[-122.943559,46.133256],[-122.94357,46.133458],[-122.943686,46.133482],[-122.94369,46.133534],[-122.943727,46.133566],[-122.943883,46.133571],[-122.943936,46.133544],[-122.943945,46.133482],[-122.944057,46.133463]],[[-122.944498,46.13353],[-122.94446,46.133417],[-122.944417,46.133383],[-122.944222,46.133412],[-122.94422,46.133655],[-122.944008,46.133663],[-122.943948,46.133701],[-122.943945,46.133897],[-122.943978,46.133937],[-122.944163,46.133926],[-122.9442,46.133894],[-122.944204,46.133843],[-122.944316,46.133823],[-122.944318,46.13367],[-122.944454,46.133634],[-122.944498,46.13353]],[[-122.944207,46.133214],[-122.94415,46.133199],[-122.944092,46.133219],[-122.944075,46.133267],[-122.944102,46.133303],[-122.944165,46.133316],[-122.944224,46.13329],[-122.944238,46.13325],[-122.944207,46.133214]],[[-122.944481,46.134698],[-122.944444,46.134492],[-122.944293,46.134459],[-122.94423,46.134472],[-122.944168,46.134605],[-122.944225,46.13474],[-122.944285,46.134756],[-122.944441,46.134736],[-122.944481,46.134698]],[[-122.944514,46.134293],[-122.944588,46.134254],[-122.944583,46.134141],[-122.944417,46.13409],[-122.944358,46.134096],[-122.944298,46.134155],[-122.944342,46.134264],[-122.944395,46.134292],[-122.944514,46.134293]],[[-122.944334,46.133212],[-122.9443,46.13325],[-122.944314,46.13329],[-122.944373,46.133316],[-122.94443,46.133307],[-122.944462,46.133273],[-122.944451,46.133223],[-122.944396,46.133199],[-122.944334,46.133212]],[[-122.944722,46.133523],[-122.944695,46.133482],[-122.944639,46.133469],[-122.944578,46.133491],[-122.944558,46.13353],[-122.944583,46.133568],[-122.944647,46.133587],[-122.944705,46.133566],[-122.944722,46.133523]],[[-122.945317,46.132212],[-122.94514,46.132235],[-122.945111,46.132313],[-122.945017,46.132322],[-122.944982,46.132403],[-122.944866,46.132427],[-122.944853,46.132534],[-122.944887,46.132574],[-122.945295,46.132597],[-122.945358,46.132572],[-122.945369,46.132253],[-122.945317,46.132212]],[[-122.945098,46.132877],[-122.944905,46.132842],[-122.944855,46.132878],[-122.944853,46.133003],[-122.944912,46.133045],[-122.945063,46.133029],[-122.945109,46.132989],[-122.945098,46.132877]],[[-122.945045,46.132132],[-122.945317,46.132144],[-122.945367,46.132108],[-122.945362,46.131892],[-122.945301,46.131863],[-122.945024,46.131869],[-122.944983,46.131912],[-122.944991,46.132104],[-122.945045,46.132132]]]}},{"type":"Feature","properties":{"id":1,"area_m2":23100,"px":231,"rank":3,"persistent":false},"geometry":{"type":"Polygon","coordinates":[[[-122.942511,46.143472],[-122.942511,46.143652],[-122.942404,46.143668],[-122.942379,46.143742],[-122.941993,46.143741],[-122.941932,46.143717],[-122.941863,46.143741],[-122.941734,46.143741],[-122.941734,46.143651],[-122.941768,46.143604],[-122.941711,46.143487],[-122.941656,46.143471],[-122.941374,46.143483],[-122.941345,46.143561],[-122.941264,46.143565],[-122.941222,46.143594],[-122.941216,46.143741],[-122.941134,46.143745],[-122.941092,46.143774],[-122.941051,46.143874],[-122.941086,46.143921],[-122.941086,46.144101],[-122.940969,46.144125],[-122.940956,46.144281],[-122.940849,46.144297],[-122.940827,46.144371],[-122.940697,46.144371],[-122.940684,46.144305],[-122.94062,46.144281],[-122.940357,46.144285],[-122.940315,46.144314],[-122.940309,46.144371],[-122.938237,46.14437],[-122.93822,46.144016],[-122.938162,46.143996],[-122.937849,46.144009],[-122.937849,46.143829],[-122.937956,46.143814],[-122.937979,46.143739],[-122.938209,46.143727],[-122.938237,46.143691],[-122.938238,46.14356],[-122.938319,46.143556],[-122.938364,46.143521],[-122.938364,46.143328],[-122.93832,46.143294],[-122.938238,46.14329],[-122.938238,46.1432],[-122.938497,46.1432],[-122.938503,46.143346],[-122.938545,46.143376],[-122.938626,46.14338],[-122.93863,46.143431],[-122.938668,46.143463],[-122.939015,46.14347],[-122.939076,46.143494],[-122.939146,46.14347],[-122.939533,46.14347],[-122.939601,46.143494],[-122.939751,46.143464],[-122.93979,46.143427],[-122.939792,46.14329],[-122.939899,46.143275],[-122.939923,46.1432],[-122.94018,46.143201],[-122.940194,46.143267],[-122.94031,46.143291],[-122.940333,46.143365],[-122.9405,46.143405],[-122.94067,46.143369],[-122.9407,46.143291],[-122.940828,46.143291],[-122.940834,46.143348],[-122.940883,46.143379],[-122.941087,46.143381],[-122.941163,46.143405],[-122.941317,46.143369],[-122.941346,46.143291],[-122.941475,46.143291],[-122.941544,46.143315],[-122.941605,46.143291],[-122.941801,46.14329],[-122.941854,46.143263],[-122.941864,46.143202],[-122.941993,46.143202],[-122.941993,46.143292],[-122.941958,46.143339],[-122.941993,46.143382],[-122.941993,46.143527],[-122.942026,46.143566],[-122.942211,46.143555],[-122.942248,46.143523],[-122.942252,46.143472],[-122.942511,46.143472]],[[-122.939456,46.143841],[-122.939649,46.143806],[-122.939659,46.143689],[-122.939607,46.143653],[-122.939458,46.143653],[-122.939405,46.143694],[-122.939406,46.143805],[-122.939456,46.143841]],[[-122.940805,46.143725],[-122.94086,46.143593],[-122.940818,46.143499],[-122.94078,46.143475],[-122.940569,46.143471],[-122.9405,46.143447],[-122.940332,46.143486],[-122.940315,46.143617],[-122.940357,46.143647],[-122.940439,46.143652],[-122.940439,46.143831],[-122.94035,46.143837],[-122.940311,46.143874],[-122.940332,46.143995],[-122.940615,46.144025],[-122.940676,46.144008],[-122.940698,46.143741],[-122.940805,46.143725]]]}},{"type":"Feature","properties":{"id":89,"area_m2":5700,"px":57,"rank":4,"persistent":false},"geometry":{"type":"Polygon","coordinates":[[[-122.9433,46.131772],[-122.9433,46.131862],[-122.943218,46.131866],[-122.943173,46.1319],[-122.94317,46.132042],[-122.942974,46.132043],[-122.94292,46.13207],[-122.942914,46.132184],[-122.942959,46.132218],[-122.94304,46.132222],[-122.94304,46.132312],[-122.942851,46.132312],[-122.942794,46.132336],[-122.942781,46.132492],[-122.942693,46.132498],[-122.942653,46.132535],[-122.942651,46.132762],[-122.94257,46.132766],[-122.942525,46.1328],[-122.942522,46.132907],[-122.942549,46.132943],[-122.942781,46.132942],[-122.94278,46.133122],[-122.94244,46.133126],[-122.942394,46.133165],[-122.942392,46.133302],[-122.942133,46.133301],[-122.942133,46.133121],[-122.942168,46.133079],[-122.942133,46.133031],[-122.942134,46.132942],[-122.942337,46.132939],[-122.942392,46.132888],[-122.942391,46.132805],[-122.942358,46.132771],[-122.942134,46.132761],[-122.942134,46.132582],[-122.942229,46.132579],[-122.942275,46.132552],[-122.942264,46.132312],[-122.942396,46.132291],[-122.942393,46.132132],[-122.942475,46.132128],[-122.942519,46.132093],[-122.942557,46.131999],[-122.942523,46.131952],[-122.942523,46.131772],[-122.9433,46.131772]]]}},{"type":"Feature","properties":{"id":18,"area_m2":5500,"px":55,"rank":5,"persistent":false},"geometry":{"type":"Polygon","coordinates":[[[-122.939664,46.14158],[-122.939664,46.14167],[-122.939278,46.14167],[-122.93927,46.141613],[-122.939221,46.141582],[-122.938811,46.141569],[-122.938764,46.1416],[-122.938758,46.14167],[-122.938392,46.141685],[-122.938369,46.14194],[-122.93824,46.141939],[-122.938237,46.141798],[-122.938192,46.141764],[-122.938111,46.141759],[-122.938111,46.14167],[-122.938222,46.14165],[-122.938274,46.141527],[-122.938223,46.141419],[-122.938111,46.141399],[-122.938111,46.14131],[-122.938244,46.141289],[-122.938241,46.14113],[-122.938322,46.141125],[-122.938364,46.141096],[-122.93837,46.140818],[-122.938315,46.140772],[-122.938112,46.140769],[-122.938112,46.14068],[-122.93837,46.14068],[-122.938393,46.140754],[-122.9385,46.14077],[-122.938509,46.140921],[-122.938555,46.140947],[-122.938629,46.14095],[-122.938629,46.141261],[-122.938677,46.141306],[-122.939092,46.141308],[-122.939141,46.141277],[-122.939147,46.14122],[-122.939263,46.141196],[-122.939276,46.14113],[-122.939535,46.14113],[-122.939535,46.14131],[-122.939419,46.141334],[-122.939407,46.141447],[-122.939447,46.141484],[-122.939535,46.14149],[-122.939563,46.141568],[-122.939664,46.14158]]]}},{"type":"Feature","properties":{"id":57,"area_m2":4700,"px":47,"rank":6,"persistent":false},"geometry":{"type":"Polygon","coordinates":[[[-122.941741,46.136811],[-122.941741,46.136901],[-122.941544,46.136902],[-122.941485,46.13694],[-122.941481,46.137441],[-122.941352,46.137441],[-122.941343,46.13738],[-122.941282,46.137351],[-122.940316,46.137351],[-122.940316,46.137261],[-122.940635,46.13726],[-122.940699,46.137227],[-122.940687,46.137101],[-122.940635,46.137081],[-122.940446,46.137081],[-122.940446,46.136991],[-122.940677,46.136979],[-122.940705,46.136942],[-122.940705,46.136811],[-122.940787,46.136807],[-122.940829,46.136778],[-122.940817,46.136651],[-122.940765,46.136631],[-122.940576,46.136631],[-122.940576,46.136542],[-122.940812,46.136525],[-122.940835,46.136361],[-122.940965,46.136361],[-122.940971,46.136418],[-122.94102,46.136449],[-122.941223,46.136451],[-122.941204,46.136575],[-122.941225,46.136615],[-122.941353,46.136631],[-122.941359,46.136688],[-122.941401,46.136717],[-122.941612,46.136721],[-122.941634,46.136795],[-122.941741,46.136811]],[[-122.941154,46.137195],[-122.941304,46.137167],[-122.941349,46.137133],[-122.941339,46.136925],[-122.941282,46.136901],[-122.941094,46.136901],[-122.941088,46.136844],[-122.941039,46.136813],[-122.940869,46.13682],[-122.940835,46.136865],[-122.940847,46.137147],[-122.940897,46.13717],[-122.941093,46.137171],[-122.941154,46.137195]]]}},{"type":"Feature","properties":{"id":83,"area_m2":4100,"px":41,"rank":7,"persistent":false},"geometry":{"type":"Polygon","coordinates":[[[-122.941094,46.133482],[-122.941062,46.133529],[-122.941097,46.133571],[-122.941097,46.133931],[-122.94099,46.133947],[-122.940967,46.134021],[-122.940851,46.134045],[-122.940838,46.134111],[-122.940579,46.134111],[-122.940566,46.134045],[-122.940449,46.134021],[-122.940415,46.13394],[-122.940191,46.13393],[-122.940191,46.133841],[-122.940272,46.133836],[-122.940317,46.133802],[-122.94032,46.133661],[-122.94045,46.133661],[-122.940451,46.133811],[-122.940489,46.133848],[-122.940653,46.133838],[-122.940707,46.133797],[-122.940709,46.133349],[-122.940668,46.133307],[-122.94058,46.133301],[-122.94058,46.133121],[-122.94081,46.133109],[-122.940837,46.133077],[-122.940837,46.132984],[-122.940776,46.132942],[-122.94058,46.132941],[-122.940557,46.132866],[-122.940451,46.132851],[-122.940451,46.132761],[-122.94058,46.132761],[-122.940593,46.132827],[-122.940658,46.132851],[-122.940913,46.132849],[-122.940963,46.132818],[-122.940969,46.132761],[-122.941098,46.132761],[-122.941098,46.132941],[-122.941009,46.132947],[-122.94097,46.132984],[-122.940968,46.133211],[-122.940859,46.133217],[-122.940819,46.133267],[-122.940873,46.133382],[-122.941097,46.133391],[-122.941094,46.133482]]]}},{"type":"Feature","properties":{"id":49,"area_m2":3500,"px":35,"rank":8,"persistent":false},"geometry":{"type":"Polygon","coordinates":[[[-122.940704,46.137981],[-122.940704,46.138161],[-122.940445,46.138161],[-122.940384,46.138137],[-122.940315,46.138161],[-122.939927,46.13816],[-122.939921,46.138104],[-122.939879,46.138074],[-122.939609,46.13807],[-122.93954,46.138114],[-122.939538,46.13834],[-122.939409,46.13834],[-122.939403,46.138283],[-122.939354,46.138252],[-122.93915,46.13825],[-122.93915,46.13807],[-122.939239,46.138064],[-122.939278,46.138027],[-122.93928,46.13771],[-122.939539,46.13771],[-122.939566,46.137801],[-122.939798,46.1378],[-122.939807,46.137862],[-122.939868,46.13789],[-122.940255,46.137903],[-122.94031,46.137871],[-122.940316,46.137801],[-122.940445,46.137801],[-122.940467,46.137978],[-122.94052,46.137995],[-122.940704,46.137981]]]}},{"type":"Feature","properties":{"id":75,"area_m2":3500,"px":35,"rank":9,"persistent":false},"geometry":{"type":"Polygon","coordinates":[[[-122.946142,46.134205],[-122.946111,46.134251],[-122.946145,46.134293],[-122.946145,46.134563],[-122.946033,46.134583],[-122.946015,46.134743],[-122.945934,46.134747],[-122.945892,46.134777],[-122.945886,46.135013],[-122.945756,46.135013],[-122.945753,46.134962],[-122.945715,46.13493],[-122.945497,46.134923],[-122.945488,46.134772],[-122.945442,46.134745],[-122.945368,46.134743],[-122.945368,46.134653],[-122.945403,46.134611],[-122.945368,46.134562],[-122.945387,46.134248],[-122.945341,46.134207],[-122.945239,46.134203],[-122.945239,46.134113],[-122.945346,46.134097],[-122.945369,46.134023],[-122.945498,46.134023],[-122.945567,46.134047],[-122.945729,46.134011],[-122.945757,46.133975],[-122.945757,46.133843],[-122.946016,46.133843],[-122.946004,46.133994],[-122.946051,46.134021],[-122.946145,46.134023],[-122.946142,46.134205]],[[-122.94605,46.134251],[-122.94601,46.134147],[-122.945961,46.134116],[-122.945656,46.134125],[-122.945628,46.134162],[-122.945627,46.134293],[-122.945546,46.134297],[-122.945501,46.134331],[-122.945515,46.134467],[-122.945573,46.134487],[-122.945757,46.134473],[-122.945825,46.134497],[-122.945987,46.134461],[-122.946015,46.134425],[-122.946016,46.134293],[-122.94605,46.134251]]]}},{"type":"Feature","properties":{"id":33,"area_m2":3300,"px":33,"rank":10,"persistent":false},"geometry":{"type":"Polygon","coordinates":[[[-122.940702,46.139421],[-122.940702,46.139961],[-122.940595,46.139977],[-122.940572,46.140051],[-122.939925,46.14005],[-122.939902,46.139976],[-122.939796,46.13996],[-122.939762,46.139866],[-122.939537,46.13987],[-122.939537,46.13969],[-122.939625,46.139684],[-122.939665,46.139647],[-122.939667,46.13942],[-122.939773,46.139405],[-122.939796,46.13933],[-122.939942,46.139338],[-122.939891,46.139463],[-122.939925,46.13951],[-122.939925,46.1396],[-122.939851,46.139603],[-122.939805,46.139629],[-122.939802,46.139747],[-122.939844,46.139776],[-122.939925,46.13978],[-122.939943,46.139851],[-122.940055,46.139871],[-122.940064,46.139932],[-122.940125,46.13996],[-122.940279,46.139952],[-122.940314,46.139871],[-122.940502,46.13987],[-122.940555,46.139851],[-122.940572,46.139559],[-122.940518,46.139513],[-122.940314,46.139511],[-122.940301,46.139445],[-122.940185,46.13942],[-122.940162,46.139346],[-122.940039,46.139323],[-122.940055,46.139241],[-122.940573,46.139241],[-122.940582,46.139392],[-122.940628,46.139418],[-122.940702,46.139421]]]}},{"type":"Feature","properties":{"id":39,"area_m2":3200,"px":32,"rank":11,"persistent":false},"geometry":{"type":"Polygon","coordinates":[[[-122.928921,46.138874],[-122.928921,46.138964],[-122.92884,46.138968],[-122.928795,46.139002],[-122.928791,46.139324],[-122.928717,46.139326],[-122.928671,46.139352],[-122.928661,46.139504],[-122.928403,46.139504],[-122.928406,46.139344],[-122.928273,46.139324],[-122.928251,46.139249],[-122.928144,46.139234],[-122.92811,46.139153],[-122.928015,46.139143],[-122.928015,46.138604],[-122.92811,46.138594],[-122.928145,46.138514],[-122.928261,46.13849],[-122.928275,46.138334],[-122.928404,46.138335],[-122.928404,46.138514],[-122.928316,46.13852],[-122.928276,46.138557],[-122.92828,46.13875],[-122.928337,46.138783],[-122.928533,46.138784],[-122.928549,46.138866],[-122.928276,46.13889],[-122.928254,46.13893],[-122.928291,46.139047],[-122.928349,46.139068],[-122.928616,46.139063],[-122.928662,46.139019],[-122.928647,46.138882],[-122.928921,46.138874]]]}},{"type":"Feature","properties":{"id":67,"area_m2":2700,"px":27,"rank":12,"persistent":false},"geometry":{"type":"Polygon","coordinates":[[[-122.930349,46.135725],[-122.930349,46.135815],[-122.930268,46.135819],[-122.930223,46.135853],[-122.93022,46.135995],[-122.930113,46.136011],[-122.93009,46.136085],[-122.929995,46.136094],[-122.92996,46.136175],[-122.929849,46.136194],[-122.929831,46.136265],[-122.929702,46.136264],[-122.929692,46.136203],[-122.929639,46.136176],[-122.929184,46.136174],[-122.929171,46.136108],[-122.929054,46.136084],[-122.929049,46.136027],[-122.928999,46.135996],[-122.928666,46.135994],[-122.928666,46.135904],[-122.929055,46.135904],[-122.929058,46.135956],[-122.929096,46.135988],[-122.929368,46.136008],[-122.929434,46.135979],[-122.929443,46.135904],[-122.929702,46.135905],[-122.929771,46.135929],[-122.929913,46.135901],[-122.929961,46.135856],[-122.929961,46.135635],[-122.93022,46.135635],[-122.930243,46.135709],[-122.930349,46.135725]]]}},{"type":"Feature","properties":{"id":22,"area_m2":2400,"px":24,"rank":13,"persistent":false},"geometry":{"type":"Polygon","coordinates":[[[-122.929825,46.140585],[-122.929825,46.140765],[-122.929723,46.140769],[-122.929677,46.14081],[-122.929695,46.141035],[-122.929607,46.141041],[-122.929567,46.141078],[-122.929565,46.141394],[-122.929436,46.141394],[-122.929433,46.141163],[-122.929388,46.141129],[-122.929307,46.141123],[-122.929307,46.140944],[-122.929424,46.14092],[-122.929433,46.140803],[-122.929389,46.140769],[-122.929307,46.140764],[-122.929304,46.140713],[-122.929266,46.140681],[-122.929049,46.140674],[-122.929049,46.140584],[-122.929155,46.140568],[-122.92918,46.140494],[-122.929308,46.140494],[-122.929369,46.140519],[-122.929437,46.140494],[-122.929696,46.140495],[-122.929719,46.140569],[-122.929825,46.140585]]]}},{"type":"Feature","properties":{"id":50,"area_m2":2400,"px":24,"rank":14,"persistent":false},"geometry":{"type":"Polygon","coordinates":[[[-122.944329,46.137533],[-122.944329,46.137623],[-122.944241,46.137629],[-122.944201,46.137666],[-122.9442,46.137893],[-122.944165,46.137935],[-122.9442,46.137983],[-122.944199,46.138073],[-122.94407,46.138072],[-122.944061,46.138011],[-122.944008,46.137984],[-122.943682,46.137982],[-122.943621,46.137958],[-122.943552,46.137982],[-122.943423,46.137982],[-122.943423,46.137802],[-122.94353,46.137786],[-122.943553,46.137712],[-122.943769,46.137711],[-122.943826,46.137678],[-122.943812,46.137352],[-122.944018,46.137364],[-122.944065,46.137333],[-122.944071,46.137263],[-122.9442,46.137263],[-122.944185,46.137498],[-122.944235,46.13753],[-122.944329,46.137533]]]}},{"type":"Feature","properties":{"id":55,"area_m2":2400,"px":24,"rank":15,"persistent":false},"geometry":{"type":"Polygon","coordinates":[[[-122.929182,46.137254],[-122.929182,46.137344],[-122.928993,46.137344],[-122.928936,46.137368],[-122.928923,46.137524],[-122.928535,46.137524],[-122.928531,46.137472],[-122.928494,46.13744],[-122.928358,46.13742],[-122.928303,46.137433],[-122.928276,46.137469],[-122.928275,46.137794],[-122.928169,46.137809],[-122.928146,46.137884],[-122.928016,46.137883],[-122.928017,46.137614],[-122.928112,46.137604],[-122.928146,46.13756],[-122.928133,46.137458],[-122.928017,46.137433],[-122.928017,46.137344],[-122.928235,46.137337],[-122.928273,46.137305],[-122.928276,46.137254],[-122.928617,46.13725],[-122.928659,46.137221],[-122.928665,46.137164],[-122.928794,46.137164],[-122.928803,46.137225],[-122.928856,46.137253],[-122.929182,46.137254]]]}},{"type":"Feature","properties":{"id":3,"area_m2":2100,"px":21,"rank":16,"persistent":false},"geometry":{"type":"Polygon","coordinates":[[[-122.935906,46.144188],[-122.935906,46.144278],[-122.9358,46.144294],[-122.935777,46.144368],[-122.935259,46.144368],[-122.935246,46.144302],[-122.935181,46.144278],[-122.935035,46.144287],[-122.935,46.144368],[-122.934741,46.144368],[-122.934741,46.144098],[-122.934959,46.144091],[-122.934997,46.144059],[-122.935,46.144008],[-122.935389,46.144008],[-122.935398,46.144159],[-122.935444,46.144186],[-122.935518,46.144188],[-122.935524,46.144245],[-122.935573,46.144276],[-122.935729,46.144274],[-122.935771,46.144245],[-122.935777,46.144188],[-122.935906,46.144188]]]}},{"type":"Feature","properties":{"id":30,"area_m2":1600,"px":16,"rank":17,"persistent":false},"geometry":{"type":"Polygon","coordinates":[[[-122.929567,46.140315],[-122.929567,46.140404],[-122.929308,46.140404],[-122.929305,46.140353],[-122.929267,46.140321],[-122.92892,46.140314],[-122.928891,46.140236],[-122.928661,46.140224],[-122.928655,46.140167],[-122.928613,46.140138],[-122.928272,46.140134],[-122.928273,46.140044],[-122.928379,46.140028],[-122.928402,46.139954],[-122.928518,46.13993],[-122.928532,46.139864],[-122.928661,46.139864],[-122.928661,46.140085],[-122.928695,46.140125],[-122.928865,46.140132],[-122.928914,46.140101],[-122.92892,46.140044],[-122.929049,46.140044],[-122.929067,46.140114],[-122.929179,46.140134],[-122.929213,46.140215],[-122.929308,46.140224],[-122.929336,46.140302],[-122.929567,46.140315]]]}},{"type":"Feature","properties":{"id":41,"area_m2":1600,"px":16,"rank":18,"persistent":false},"geometry":{"type":"Polygon","coordinates":[[[-122.930475,46.139055],[-122.930475,46.139145],[-122.930368,46.139161],[-122.930345,46.139235],[-122.929957,46.139235],[-122.929896,46.139211],[-122.929827,46.139235],[-122.929698,46.139235],[-122.929698,46.139055],[-122.929772,46.139052],[-122.929818,46.139026],[-122.929828,46.138875],[-122.929957,46.138875],[-122.930018,46.138899],[-122.930087,46.138875],[-122.930216,46.138875],[-122.930239,46.138949],[-122.930345,46.138965],[-122.93038,46.139046],[-122.930475,46.139055]]]}},{"type":"Feature","properties":{"id":47,"area_m2":1600,"px":16,"rank":19,"persistent":false},"geometry":{"type":"Polygon","coordinates":[[[-122.930862,46.137977],[-122.93083,46.138023],[-122.930864,46.138065],[-122.930864,46.138335],[-122.93068,46.138321],[-122.930627,46.138338],[-122.930605,46.138515],[-122.930476,46.138515],[-122.930466,46.138454],[-122.930413,46.138426],[-122.930087,46.138425],[-122.930087,46.138335],[-122.930276,46.138335],[-122.930333,46.138311],[-122.930381,46.138203],[-122.930346,46.138155],[-122.930347,46.138065],[-122.930453,46.138049],[-122.930476,46.137975],[-122.93068,46.137973],[-122.930729,46.137942],[-122.930735,46.137885],[-122.930863,46.137885],[-122.930862,46.137977]]]}},{"type":"Feature","properties":{"id":68,"area_m2":1600,"px":16,"rank":20,"persistent":false},"geometry":{"type":"Polygon","coordinates":[[[-122.945367,46.135553],[-122.945367,46.135643],[-122.945041,46.135644],[-122.94498,46.135686],[-122.944988,46.135794],[-122.945034,46.135821],[-122.945108,46.135823],[-122.945142,46.135904],[-122.945237,46.135913],[-122.945237,46.136003],[-122.945108,46.136003],[-122.945102,46.135946],[-122.945053,46.135915],[-122.944849,46.135913],[-122.944849,46.135643],[-122.944961,46.135623],[-122.945014,46.13551],[-122.944979,46.135463],[-122.94497,46.135311],[-122.944924,46.135285],[-122.94485,46.135283],[-122.94485,46.135103],[-122.944979,46.135103],[-122.945002,46.135177],[-122.945109,46.135193],[-122.945143,46.135274],[-122.945238,46.135283],[-122.945241,46.135515],[-122.945286,46.135549],[-122.945367,46.135553]]]}},{"type":"Feature","properties":{"id":17,"area_m2":1500,"px":15,"rank":21,"persistent":false},"geometry":{"type":"Polygon","coordinates":[[[-122.942772,46.141222],[-122.942772,46.141402],[-122.942684,46.141408],[-122.942644,46.141445],[-122.942642,46.141762],[-122.942535,46.141778],[-122.942512,46.141852],[-122.942396,46.141876],[-122.942383,46.141942],[-122.942254,46.141942],[-122.942254,46.141852],[-122.942342,46.141845],[-122.942383,46.141803],[-122.942377,46.141705],[-122.942335,46.141676],[-122.942254,46.141672],[-122.942254,46.141583],[-122.942335,46.141578],[-122.94238,46.141543],[-122.942384,46.141312],[-122.942587,46.141309],[-122.942637,46.141278],[-122.942643,46.141222],[-122.942772,46.141222]]]}},{"type":"Feature","properties":{"id":91,"area_m2":1400,"px":14,"rank":22,"persistent":false},"geometry":{"type":"Polygon","coordinates":[[[-122.941486,46.132671],[-122.941486,46.132761],[-122.941357,46.132761],[-122.941351,46.132704],[-122.941309,46.132675],[-122.940969,46.132671],[-122.940965,46.132619],[-122.940928,46.132587],[-122.94071,46.132581],[-122.94071,46.132491],[-122.941023,46.132505],[-122.941086,46.13248],[-122.941095,46.132349],[-122.94105,46.132315],[-122.940969,46.132311],[-122.940969,46.132221],[-122.941076,46.132205],[-122.941099,46.132131],[-122.941215,46.132107],[-122.941228,46.132041],[-122.941358,46.132041],[-122.941357,46.132131],[-122.941276,46.132135],[-122.941231,46.132169],[-122.941228,46.132352],[-122.941269,46.132395],[-122.941357,46.132401],[-122.941366,46.132643],[-122.941412,46.132669],[-122.941486,46.132671]]]}},{"type":"Feature","properties":{"id":25,"area_m2":1300,"px":13,"rank":23,"persistent":false},"geometry":{"type":"Polygon","coordinates":[[[-122.928272,46.140404],[-122.928272,46.140494],[-122.928177,46.140503],[-122.928142,46.140548],[-122.928143,46.1409],[-122.928183,46.140937],[-122.928271,46.140944],[-122.928271,46.141304],[-122.928012,46.141303],[-122.928012,46.141124],[-122.928107,46.141115],[-122.928142,46.14107],[-122.928129,46.140968],[-122.928012,46.140943],[-122.928013,46.140404],[-122.928272,46.140404]]]}},{"type":"Feature","properties":{"id":58,"area_m2":1300,"px":13,"rank":24,"persistent":false},"geometry":{"type":"Polygon","coordinates":[[[-122.940187,46.136901],[-122.940187,46.13726],[-122.940113,46.137263],[-122.940067,46.137289],[-122.940057,46.13744],[-122.939798,46.13744],[-122.939799,46.13735],[-122.939893,46.137341],[-122.939928,46.137296],[-122.939922,46.137114],[-122.93988,46.137084],[-122.939799,46.13708],[-122.939799,46.13681],[-122.939928,46.13681],[-122.939934,46.13688],[-122.939982,46.136911],[-122.940187,46.136901]]]}},{"type":"Feature","properties":{"id":80,"area_m2":1300,"px":13,"rank":25,"persistent":false},"geometry":{"type":"Polygon","coordinates":[[[-122.929315,46.134374],[-122.929315,46.134464],[-122.928929,46.134464],[-122.928921,46.134407],[-122.928872,46.134376],[-122.928737,46.13435],[-122.928668,46.134374],[-122.928539,46.134374],[-122.928516,46.1343],[-122.928409,46.134284],[-122.928375,46.134203],[-122.92828,46.134194],[-122.92828,46.134104],[-122.92841,46.134104],[-122.928471,46.134128],[-122.928539,46.134104],[-122.928668,46.134104],[-122.928703,46.134185],[-122.928927,46.134194],[-122.928962,46.134275],[-122.929186,46.134284],[-122.929209,46.134358],[-122.929315,46.134374]]]}},{"type":"Feature","properties":{"id":84,"area_m2":1300,"px":13,"rank":26,"persistent":false},"geometry":{"type":"Polygon","coordinates":[[[-122.928669,46.133474],[-122.928669,46.133564],[-122.928574,46.133573],[-122.92854,46.133618],[-122.928553,46.13372],[-122.928669,46.133744],[-122.928669,46.133834],[-122.928562,46.13385],[-122.928539,46.133924],[-122.928423,46.133948],[-122.92841,46.134014],[-122.928151,46.134013],[-122.928151,46.133924],[-122.928253,46.133919],[-122.928299,46.133879],[-122.928281,46.133655],[-122.928315,46.133606],[-122.928281,46.133564],[-122.928281,46.133474],[-122.928388,46.133458],[-122.928412,46.133384],[-122.92854,46.133384],[-122.928563,46.133458],[-122.928669,46.133474]]]}},{"type":"Feature","properties":{"id":23,"area_m2":1200,"px":12,"rank":27,"persistent":false},"geometry":{"type":"Polygon","coordinates":[[[-122.937982,46.141129],[-122.937981,46.141309],[-122.937852,46.141309],[-122.937846,46.141253],[-122.937797,46.141222],[-122.937593,46.141219],[-122.937584,46.141068],[-122.937538,46.141041],[-122.937464,46.141039],[-122.937464,46.140859],[-122.937852,46.140859],[-122.937856,46.141091],[-122.9379,46.141125],[-122.937982,46.141129]]]}},{"type":"Feature","properties":{"id":43,"area_m2":1200,"px":12,"rank":28,"persistent":false},"geometry":{"type":"Polygon","coordinates":[[[-122.940962,46.138611],[-122.940962,46.138701],[-122.940874,46.138707],[-122.940834,46.138744],[-122.940832,46.139061],[-122.940573,46.139061],[-122.940551,46.138897],[-122.940315,46.138881],[-122.940315,46.138701],[-122.940444,46.138701],[-122.940513,46.138725],[-122.940574,46.138701],[-122.94077,46.1387],[-122.940824,46.138672],[-122.940833,46.138611],[-122.940962,46.138611]]]}},{"type":"Feature","properties":{"id":81,"area_m2":1200,"px":12,"rank":29,"persistent":false},"geometry":{"type":"Polygon","coordinates":[[[-122.931258,46.133656],[-122.931258,46.133745],[-122.931074,46.133732],[-122.931012,46.133756],[-122.930999,46.133925],[-122.930925,46.133928],[-122.930879,46.133954],[-122.930869,46.134105],[-122.930788,46.134109],[-122.930743,46.134143],[-122.93074,46.134285],[-122.93061,46.134285],[-122.930611,46.134105],[-122.930722,46.134085],[-122.93074,46.133925],[-122.930829,46.133919],[-122.930868,46.133882],[-122.93087,46.133385],[-122.931,46.133385],[-122.931013,46.133541],[-122.931129,46.133565],[-122.931163,46.133646],[-122.931258,46.133656]]]}},{"type":"Feature","properties":{"id":93,"area_m2":1200,"px":12,"rank":30,"persistent":false},"geometry":{"type":"Polygon","coordinates":[[[-122.935662,46.131858],[-122.935662,46.131948],[-122.935561,46.13196],[-122.935532,46.132038],[-122.935437,46.132047],[-122.935403,46.132128],[-122.935286,46.132152],[-122.935273,46.132308],[-122.935144,46.132308],[-122.935121,46.132234],[-122.935014,46.132218],[-122.935014,46.132128],[-122.935211,46.132127],[-122.935272,46.132084],[-122.93526,46.131972],[-122.935144,46.131948],[-122.935144,46.131768],[-122.935403,46.131768],[-122.935406,46.13182],[-122.935444,46.131851],[-122.935662,46.131858]]]}},{"type":"Feature","properties":{"id":28,"area_m2":1100,"px":11,"rank":31,"persistent":false},"geometry":{"type":"Polygon","coordinates":[[[-122.939924,46.1405],[-122.939924,46.14059],[-122.939721,46.140593],[-122.939671,46.140624],[-122.939665,46.14068],[-122.939536,46.14068],[-122.93953,46.140624],[-122.939481,46.140593],[-122.939148,46.14059],[-122.939125,46.140516],[-122.939018,46.1405],[-122.939018,46.14032],[-122.939277,46.14032],[-122.93929,46.140386],[-122.939407,46.14041],[-122.939429,46.140484],[-122.939582,46.140523],[-122.939666,46.1405],[-122.939924,46.1405]]]}},{"type":"Feature","properties":{"id":51,"area_m2":1100,"px":11,"rank":32,"persistent":false},"geometry":{"type":"Polygon","coordinates":[[[-122.938762,46.13762],[-122.938762,46.13771],[-122.938674,46.137716],[-122.938634,46.137753],[-122.938632,46.13798],[-122.938503,46.13798],[-122.938497,46.13791],[-122.93845,46.137879],[-122.938244,46.137889],[-122.938222,46.137815],[-122.938115,46.137799],[-122.938115,46.137709],[-122.938222,46.137694],[-122.938245,46.13762],[-122.938762,46.13762]]]}},{"type":"Feature","properties":{"id":92,"area_m2":1100,"px":11,"rank":33,"persistent":false},"geometry":{"type":"Polygon","coordinates":[[[-122.930094,46.132665],[-122.930094,46.132755],[-122.929965,46.132755],[-122.929904,46.132731],[-122.929835,46.132755],[-122.929708,46.132754],[-122.929697,46.132693],[-122.929644,46.132665],[-122.929447,46.132664],[-122.929386,46.13264],[-122.929318,46.132664],[-122.929188,46.132664],[-122.929189,46.132484],[-122.929706,46.132485],[-122.929741,46.132565],[-122.929965,46.132575],[-122.929988,46.132649],[-122.930094,46.132665]]]}},{"type":"Feature","properties":{"id":54,"area_m2":1000,"px":10,"rank":34,"persistent":false},"geometry":{"type":"Polygon","coordinates":[[[-122.930218,46.137615],[-122.930217,46.137795],[-122.93,46.137801],[-122.929962,46.137833],[-122.929958,46.137885],[-122.929829,46.137885],[-122.929806,46.13781],[-122.9297,46.137794],[-122.9297,46.137615],[-122.929918,46.137608],[-122.929955,46.137576],[-122.929959,46.137525],[-122.930088,46.137525],[-122.930111,46.137599],[-122.930218,46.137615]]]}},{"type":"Feature","properties":{"id":26,"area_m2":900,"px":9,"rank":35,"persistent":false},"geometry":{"type":"Polygon","coordinates":[[[-122.945492,46.140503],[-122.945491,46.140773],[-122.945417,46.140776],[-122.945371,46.140802],[-122.945362,46.140953],[-122.945232,46.140953],[-122.94521,46.140879],[-122.945103,46.140862],[-122.945103,46.140773],[-122.945185,46.140769],[-122.945229,46.140735],[-122.945233,46.140503],[-122.945492,46.140503]]]}},{"type":"Feature","properties":{"id":63,"area_m2":900,"px":9,"rank":36,"persistent":false},"geometry":{"type":"Polygon","coordinates":[[[-122.930996,46.136355],[-122.930996,46.136445],[-122.930478,46.136445],[-122.930455,46.136371],[-122.930349,46.136355],[-122.930314,46.136274],[-122.930219,46.136265],[-122.93022,46.136175],[-122.930349,46.136175],[-122.930358,46.136236],[-122.930411,46.136264],[-122.930867,46.136265],[-122.930889,46.136339],[-122.930996,46.136355]]]}},{"type":"Feature","properties":{"id":82,"area_m2":900,"px":9,"rank":37,"persistent":false},"geometry":{"type":"Polygon","coordinates":[[[-122.930093,46.134015],[-122.930093,46.134105],[-122.929727,46.13412],[-122.929704,46.134284],[-122.929575,46.134284],[-122.929552,46.13421],[-122.929445,46.134194],[-122.929445,46.134104],[-122.92948,46.134062],[-122.929446,46.134014],[-122.929446,46.133924],[-122.929575,46.133924],[-122.929636,46.133949],[-122.929705,46.133925],[-122.929834,46.133925],[-122.929837,46.133976],[-122.929875,46.134008],[-122.930093,46.134015]]]}},{"type":"Feature","properties":{"id":5,"area_m2":800,"px":8,"rank":38,"persistent":false},"geometry":{"type":"Polygon","coordinates":[[[-122.932022,46.144096],[-122.932022,46.144186],[-122.931941,46.14419],[-122.931896,46.144224],[-122.931892,46.144366],[-122.931633,46.144366],[-122.931634,46.144096],[-122.93174,46.14408],[-122.931763,46.144006],[-122.931893,46.144006],[-122.931915,46.14408],[-122.932022,46.144096]]]}},{"type":"Feature","properties":{"id":9,"area_m2":800,"px":8,"rank":39,"persistent":false},"geometry":{"type":"Polygon","coordinates":[[[-122.936944,46.142929],[-122.936944,46.143019],[-122.936555,46.143019],[-122.936556,46.142659],[-122.936685,46.142659],[-122.936708,46.142733],[-122.936814,46.142749],[-122.936824,46.1429],[-122.936869,46.142926],[-122.936944,46.142929]]]}},{"type":"Feature","properties":{"id":37,"area_m2":800,"px":8,"rank":40,"persistent":false},"geometry":{"type":"Polygon","coordinates":[[[-122.944846,46.139243],[-122.944845,46.139513],[-122.944716,46.139513],[-122.944693,46.139349],[-122.944457,46.139333],[-122.944451,46.139276],[-122.944402,46.139245],[-122.944198,46.139243],[-122.944199,46.139153],[-122.944587,46.139153],[-122.94459,46.139204],[-122.944628,46.139236],[-122.944846,46.139243]]]}},{"type":"Feature","properties":{"id":52,"area_m2":800,"px":8,"rank":41,"persistent":false},"geometry":{"type":"Polygon","coordinates":[[[-122.945495,46.137263],[-122.945495,46.137443],[-122.9454,46.137452],[-122.945365,46.137533],[-122.945284,46.137537],[-122.945239,46.137571],[-122.945235,46.137893],[-122.945106,46.137893],[-122.945106,46.137533],[-122.945181,46.137531],[-122.945227,46.137505],[-122.945236,46.137353],[-122.945343,46.137337],[-122.945366,46.137263],[-122.945495,46.137263]]]}},{"type":"Feature","properties":{"id":78,"area_m2":800,"px":8,"rank":42,"persistent":false},"geometry":{"type":"Polygon","coordinates":[[[-122.940579,46.134201],[-122.940578,46.134381],[-122.940504,46.134383],[-122.940458,46.134409],[-122.940449,46.134561],[-122.940319,46.13456],[-122.940297,46.134486],[-122.94019,46.13447],[-122.940155,46.13439],[-122.940061,46.13438],[-122.940061,46.13429],[-122.940387,46.13429],[-122.94044,46.134262],[-122.940449,46.134201],[-122.940579,46.134201]]]}},{"type":"Feature","properties":{"id":10,"area_m2":700,"px":7,"rank":43,"persistent":false},"geometry":{"type":"Polygon","coordinates":[[[-122.938757,46.14257],[-122.938756,46.14293],[-122.938627,46.14293],[-122.938621,46.14286],[-122.938574,46.142829],[-122.938368,46.14284],[-122.938368,46.14266],[-122.938475,46.142644],[-122.938498,46.14257],[-122.938757,46.14257]]]}},{"type":"Feature","properties":{"id":12,"area_m2":700,"px":7,"rank":44,"persistent":false},"geometry":{"type":"Polygon","coordinates":[[[-122.941217,46.142571],[-122.941217,46.142661],[-122.94111,46.142677],[-122.941087,46.142751],[-122.940958,46.142751],[-122.940935,46.142677],[-122.940829,46.142661],[-122.940794,46.14258],[-122.940699,46.142571],[-122.940699,46.142481],[-122.941088,46.142481],[-122.94111,46.142555],[-122.941217,46.142571]]]}},{"type":"Feature","properties":{"id":40,"area_m2":700,"px":7,"rank":45,"persistent":false},"geometry":{"type":"Polygon","coordinates":[[[-122.929698,46.138875],[-122.929698,46.138965],[-122.929603,46.138974],[-122.929568,46.139054],[-122.929487,46.139059],[-122.929442,46.139093],[-122.929438,46.139414],[-122.929309,46.139414],[-122.92931,46.138964],[-122.929513,46.138962],[-122.929563,46.138931],[-122.929569,46.138875],[-122.929698,46.138875]]]}},{"type":"Feature","properties":{"id":44,"area_m2":700,"px":7,"rank":46,"persistent":false},"geometry":{"type":"Polygon","coordinates":[[[-122.940185,46.138611],[-122.940185,46.1387],[-122.940104,46.138705],[-122.940059,46.138739],[-122.940056,46.13888],[-122.939926,46.13888],[-122.939917,46.138729],[-122.939871,46.138703],[-122.939797,46.138699],[-122.939797,46.13861],[-122.939879,46.138606],[-122.939923,46.138572],[-122.939927,46.13843],[-122.940056,46.138431],[-122.940065,46.138582],[-122.940111,46.138608],[-122.940185,46.138611]]]}},{"type":"Feature","properties":{"id":64,"area_m2":700,"px":7,"rank":47,"persistent":false},"geometry":{"type":"Polygon","coordinates":[[[-122.945108,46.136093],[-122.945108,46.136183],[-122.945001,46.136199],[-122.944978,46.136273],[-122.944862,46.136297],[-122.944848,46.136363],[-122.944719,46.136363],[-122.94472,46.136003],[-122.944849,46.136003],[-122.944855,46.13606],[-122.944904,46.136091],[-122.945108,46.136093]]]}},{"type":"Feature","properties":{"id":70,"area_m2":700,"px":7,"rank":48,"persistent":false},"geometry":{"type":"Polygon","coordinates":[[[-122.932033,46.135366],[-122.932033,46.135456],[-122.931645,46.135456],[-122.931635,46.135304],[-122.93159,46.135278],[-122.931515,46.135276],[-122.931515,46.135096],[-122.931645,46.135096],[-122.931645,46.135227],[-122.931673,46.135263],[-122.931903,46.135276],[-122.931926,46.13535],[-122.932033,46.135366]]]}},{"type":"Feature","properties":{"id":7,"area_m2":600,"px":6,"rank":49,"persistent":false},"geometry":{"type":"Polygon","coordinates":[[[-122.937461,46.143109],[-122.937461,46.143289],[-122.937387,46.143291],[-122.937341,46.143318],[-122.937332,46.143469],[-122.937202,46.143469],[-122.937203,46.143109],[-122.937461,46.143109]]]}},{"type":"Feature","properties":{"id":32,"area_m2":600,"px":6,"rank":50,"persistent":false},"geometry":{"type":"Polygon","coordinates":[[[-122.943421,46.139782],[-122.943421,46.140052],[-122.943203,46.140058],[-122.943165,46.14009],[-122.943162,46.140142],[-122.942903,46.140142],[-122.942903,46.140052],[-122.943114,46.140048],[-122.943156,46.140019],[-122.943162,46.139962],[-122.943274,46.139942],[-122.943292,46.139782],[-122.943421,46.139782]]]}},{"type":"Feature","properties":{"id":34,"area_m2":600,"px":6,"rank":51,"persistent":false},"geometry":{"type":"Polygon","coordinates":[[[-122.930215,46.139775],[-122.930215,46.139955],[-122.929889,46.139956],[-122.929835,46.139983],[-122.929826,46.140045],[-122.929697,46.140045],[-122.929697,46.139955],[-122.929804,46.139939],[-122.929826,46.139865],[-122.929943,46.139841],[-122.929956,46.139775],[-122.930215,46.139775]]]}},{"type":"Feature","properties":{"id":61,"area_m2":600,"px":6,"rank":52,"persistent":false},"geometry":{"type":"Polygon","coordinates":[[[-122.942388,46.136722],[-122.942388,46.136812],[-122.942,46.136811],[-122.941977,46.136737],[-122.941871,46.136721],[-122.941871,46.136541],[-122.942,46.136542],[-122.942006,46.136612],[-122.942053,46.136643],[-122.942259,46.136632],[-122.942282,46.136706],[-122.942388,46.136722]]]}},{"type":"Feature","properties":{"id":69,"area_m2":600,"px":6,"rank":53,"persistent":false},"geometry":{"type":"Polygon","coordinates":[[[-122.928926,46.135364],[-122.928926,46.135544],[-122.928722,46.135546],[-122.928673,46.135577],[-122.928666,46.135634],[-122.928537,46.135634],[-122.928537,46.135454],[-122.928644,46.135438],[-122.928667,46.135364],[-122.928926,46.135364]]]}},{"type":"Feature","properties":{"id":76,"area_m2":600,"px":6,"rank":54,"persistent":false},"geometry":{"type":"Polygon","coordinates":[[[-122.931257,46.134556],[-122.931257,46.134825],[-122.930998,46.134825],[-122.930975,46.134751],[-122.930869,46.134735],[-122.930869,46.134645],[-122.931072,46.134643],[-122.931122,46.134612],[-122.931128,46.134555],[-122.931257,46.134556]]]}},{"type":"Feature","properties":{"id":77,"area_m2":600,"px":6,"rank":55,"persistent":false},"geometry":{"type":"Polygon","coordinates":[[[-122.93048,46.134465],[-122.93048,46.134735],[-122.930351,46.134735],[-122.930348,46.134503],[-122.930303,46.134469],[-122.930222,46.134465],[-122.930222,46.134195],[-122.930351,46.134195],[-122.930354,46.134427],[-122.930399,46.134461],[-122.93048,46.134465]]]}},{"type":"Feature","properties":{"id":96,"area_m2":600,"px":6,"rank":56,"persistent":false},"geometry":{"type":"Polygon","coordinates":[[[-122.93372,46.131767],[-122.93372,46.131947],[-122.933332,46.131947],[-122.933332,46.131767],[-122.93372,46.131767]]]}},{"type":"Feature","properties":{"id":15,"area_m2":500,"px":5,"rank":57,"persistent":false},"geometry":{"type":"Polygon","coordinates":[[[-122.945102,46.141763],[-122.945102,46.141853],[-122.944995,46.141869],[-122.944972,46.141943],[-122.944878,46.141952],[-122.944843,46.142033],[-122.944731,46.142053],[-122.944713,46.142123],[-122.944584,46.142123],[-122.944584,46.142033],[-122.944679,46.142024],[-122.944714,46.141943],[-122.944788,46.141941],[-122.944834,46.141914],[-122.944843,46.141763],[-122.945102,46.141763]]]}},{"type":"Feature","properties":{"id":20,"area_m2":500,"px":5,"rank":58,"persistent":false},"geometry":{"type":"Polygon","coordinates":[[[-122.943678,46.141582],[-122.943678,46.141672],[-122.943549,46.141672],[-122.943535,46.141606],[-122.943419,46.141582],[-122.943385,46.141501],[-122.94316,46.141492],[-122.94316,46.141402],[-122.943364,46.1414],[-122.943413,46.141369],[-122.943419,46.141312],[-122.943549,46.141312],[-122.943549,46.141402],[-122.943514,46.14145],[-122.943552,46.141544],[-122.943597,46.141578],[-122.943678,46.141582]]]}},{"type":"Feature","properties":{"id":27,"area_m2":500,"px":5,"rank":59,"persistent":false},"geometry":{"type":"Polygon","coordinates":[[[-122.928531,46.140494],[-122.92853,46.140764],[-122.928272,46.140764],[-122.928272,46.140584],[-122.928379,46.140568],[-122.928401,46.140494],[-122.928531,46.140494]]]}},{"type":"Feature","properties":{"id":36,"area_m2":500,"px":5,"rank":60,"persistent":false},"geometry":{"type":"Polygon","coordinates":[[[-122.944457,46.139423],[-122.944457,46.139693],[-122.944327,46.139693],[-122.944327,46.139561],[-122.944293,46.139522],[-122.944069,46.139512],[-122.944069,46.139423],[-122.944457,46.139423]]]}},{"type":"Feature","properties":{"id":48,"area_m2":500,"px":5,"rank":61,"persistent":false},"geometry":{"type":"Polygon","coordinates":[[[-122.94394,46.138162],[-122.94394,46.138252],[-122.943723,46.138259],[-122.943685,46.138291],[-122.943681,46.138342],[-122.943423,46.138342],[-122.943423,46.138252],[-122.943529,46.138236],[-122.943552,46.138162],[-122.94394,46.138162]]]}},{"type":"Feature","properties":{"id":72,"area_m2":500,"px":5,"rank":62,"persistent":false},"geometry":{"type":"Polygon","coordinates":[[[-122.93035,46.135095],[-122.93035,46.135365],[-122.930221,46.135365],[-122.930198,46.135291],[-122.930091,46.135275],[-122.930091,46.135095],[-122.93035,46.135095]]]}},{"type":"Feature","properties":{"id":74,"area_m2":500,"px":5,"rank":63,"persistent":false},"geometry":{"type":"Polygon","coordinates":[[[-122.940578,46.135011],[-122.940578,46.135101],[-122.940252,46.135102],[-122.940198,46.135129],[-122.940189,46.13519],[-122.94006,46.13519],[-122.94006,46.1351],[-122.940141,46.135096],[-122.940186,46.135062],[-122.94019,46.134921],[-122.940319,46.134921],[-122.940325,46.134977],[-122.940374,46.135008],[-122.940578,46.135011]]]}},{"type":"Feature","properties":{"id":6,"area_m2":400,"px":4,"rank":64,"persistent":false},"geometry":{"type":"Polygon","coordinates":[[[-122.93267,46.144006],[-122.932669,46.144096],[-122.932481,46.144097],[-122.932424,46.14412],[-122.93241,46.144276],[-122.932281,46.144276],[-122.932281,46.144096],[-122.932388,46.14408],[-122.932411,46.144006],[-122.93267,46.144006]]]}},{"type":"Feature","properties":{"id":13,"area_m2":400,"px":4,"rank":65,"persistent":false},"geometry":{"type":"Polygon","coordinates":[[[-122.943289,46.142392],[-122.943289,46.142572],[-122.943085,46.142574],[-122.943036,46.142605],[-122.943029,46.142662],[-122.9429,46.142662],[-122.9429,46.142572],[-122.943007,46.142556],[-122.94303,46.142482],[-122.943146,46.142458],[-122.943159,46.142392],[-122.943289,46.142392]]]}},{"type":"Feature","properties":{"id":16,"area_m2":400,"px":4,"rank":66,"persistent":false},"geometry":{"type":"Polygon","coordinates":[[[-122.939275,46.14203],[-122.939275,46.14212],[-122.938757,46.14212],[-122.938758,46.14203],[-122.939275,46.14203]]]}},{"type":"Feature","properties":{"id":19,"area_m2":400,"px":4,"rank":67,"persistent":false},"geometry":{"type":"Polygon","coordinates":[[[-122.937075,46.141399],[-122.937075,46.141669],[-122.936968,46.141685],[-122.936945,46.141759],[-122.936816,46.141759],[-122.936816,46.141669],[-122.936904,46.141662],[-122.936944,46.141625],[-122.936946,46.141399],[-122.937075,46.141399]]]}},{"type":"Feature","properties":{"id":21,"area_m2":400,"px":4,"rank":68,"persistent":false},"geometry":{"type":"Polygon","coordinates":[[[-122.941218,46.141221],[-122.941218,46.141401],[-122.940959,46.141401],[-122.94096,46.141221],[-122.941218,46.141221]]]}},{"type":"Feature","properties":{"id":31,"area_m2":400,"px":4,"rank":69,"persistent":false},"geometry":{"type":"Polygon","coordinates":[[[-122.930085,46.140135],[-122.930085,46.140315],[-122.929826,46.140315],[-122.929803,46.14024],[-122.929697,46.140225],[-122.929697,46.140135],[-122.929826,46.140135],[-122.929887,46.140159],[-122.929956,46.140135],[-122.930085,46.140135]]]}},{"type":"Feature","properties":{"id":38,"area_m2":400,"px":4,"rank":70,"persistent":false},"geometry":{"type":"Polygon","coordinates":[[[-122.943292,46.139242],[-122.943292,46.139422],[-122.943185,46.139438],[-122.943162,46.139512],[-122.943033,46.139512],[-122.943033,46.139332],[-122.94314,46.139316],[-122.943163,46.139242],[-122.943292,46.139242]]]}},{"type":"Feature","properties":{"id":42,"area_m2":400,"px":4,"rank":71,"persistent":false},"geometry":{"type":"Polygon","coordinates":[[[-122.944846,46.138793],[-122.944846,46.138883],[-122.944765,46.138887],[-122.94472,46.138921],[-122.944716,46.139063],[-122.944587,46.139063],[-122.944587,46.138793],[-122.944846,46.138793]]]}},{"type":"Feature","properties":{"id":65,"area_m2":400,"px":4,"rank":72,"persistent":false},"geometry":{"type":"Polygon","coordinates":[[[-122.928795,46.136084],[-122.928795,46.136354],[-122.928536,46.136354],[-122.928536,46.136264],[-122.928618,46.13626],[-122.928662,46.136226],[-122.928666,46.136084],[-122.928795,46.136084]]]}},{"type":"Feature","properties":{"id":85,"area_m2":400,"px":4,"rank":73,"persistent":false},"geometry":{"type":"Polygon","coordinates":[[[-122.929187,46.133744],[-122.929187,46.133924],[-122.928928,46.133924],[-122.928928,46.133744],[-122.929187,46.133744]]]}},{"type":"Feature","properties":{"id":86,"area_m2":400,"px":4,"rank":74,"persistent":false},"geometry":{"type":"Polygon","coordinates":[[[-122.931776,46.133296],[-122.931776,46.133476],[-122.931702,46.133478],[-122.931656,46.133504],[-122.931647,46.133656],[-122.931517,46.133656],[-122.931518,46.133476],[-122.931592,46.133473],[-122.931638,46.133447],[-122.931647,46.133296],[-122.931776,46.133296]]]}},{"type":"Feature","properties":{"id":90,"area_m2":400,"px":4,"rank":75,"persistent":false},"geometry":{"type":"Polygon","coordinates":[[[-122.946147,46.132763],[-122.946146,46.132943],[-122.945888,46.132943],[-122.945888,46.132763],[-122.946147,46.132763]]]}},{"type":"Feature","properties":{"id":94,"area_m2":400,"px":4,"rank":76,"persistent":false},"geometry":{"type":"Polygon","coordinates":[[[-122.934756,46.131768],[-122.934756,46.131947],[-122.934649,46.131963],[-122.934626,46.132037],[-122.934497,46.132037],[-122.934474,46.131963],[-122.934367,46.131947],[-122.934367,46.131857],[-122.934573,46.131868],[-122.934621,46.131837],[-122.934626,46.131767],[-122.934756,46.131768]]]}},{"type":"Feature","properties":{"id":97,"area_m2":400,"px":4,"rank":77,"persistent":false},"geometry":{"type":"Polygon","coordinates":[[[-122.930225,46.131765],[-122.930225,46.131945],[-122.929966,46.131945],[-122.929966,46.131765],[-122.930225,46.131765]]]}},{"type":"Feature","properties":{"id":2,"area_m2":300,"px":3,"rank":78,"persistent":false},"geometry":{"type":"Polygon","coordinates":[[[-122.937719,46.144099],[-122.937719,46.144189],[-122.937638,46.144193],[-122.937593,46.144228],[-122.937589,46.144369],[-122.93746,46.144369],[-122.93746,46.144189],[-122.937567,46.144173],[-122.93759,46.144099],[-122.937719,46.144099]]]}},{"type":"Feature","properties":{"id":8,"area_m2":300,"px":3,"rank":79,"persistent":false},"geometry":{"type":"Polygon","coordinates":[[[-122.932023,46.143376],[-122.932023,46.143466],[-122.931764,46.143466],[-122.931764,46.143286],[-122.931894,46.143286],[-122.931916,46.14336],[-122.932023,46.143376]]]}},{"type":"Feature","properties":{"id":11,"area_m2":300,"px":3,"rank":80,"persistent":false},"geometry":{"type":"Polygon","coordinates":[[[-122.937721,46.142569],[-122.937721,46.142659],[-122.937639,46.142663],[-122.937595,46.142698],[-122.937591,46.142839],[-122.937462,46.142839],[-122.937462,46.142659],[-122.937569,46.142643],[-122.937592,46.142569],[-122.937721,46.142569]]]}},{"type":"Feature","properties":{"id":14,"area_m2":300,"px":3,"rank":81,"persistent":false},"geometry":{"type":"Polygon","coordinates":[[[-122.942901,46.142122],[-122.9429,46.142212],[-122.942512,46.142212],[-122.942512,46.142122],[-122.942901,46.142122]]]}},{"type":"Feature","properties":{"id":24,"area_m2":300,"px":3,"rank":82,"persistent":false},"geometry":{"type":"Polygon","coordinates":[[[-122.929177,46.141034],[-122.929177,46.141124],[-122.929096,46.141128],[-122.929051,46.141163],[-122.929048,46.141304],[-122.928918,46.141304],[-122.928919,46.141124],[-122.929025,46.141108],[-122.929048,46.141034],[-122.929177,46.141034]]]}},{"type":"Feature","properties":{"id":29,"area_m2":300,"px":3,"rank":83,"persistent":false},"geometry":{"type":"Polygon","coordinates":[[[-122.930473,46.140405],[-122.930473,46.140585],[-122.930343,46.140585],[-122.930321,46.140511],[-122.930214,46.140495],[-122.930214,46.140405],[-122.930473,46.140405]]]}},{"type":"Feature","properties":{"id":35,"area_m2":300,"px":3,"rank":84,"persistent":false},"geometry":{"type":"Polygon","coordinates":[[[-122.941608,46.139691],[-122.941608,46.139781],[-122.941502,46.139797],[-122.941479,46.139871],[-122.941349,46.139871],[-122.94135,46.139691],[-122.941608,46.139691]]]}},{"type":"Feature","properties":{"id":45,"area_m2":300,"px":3,"rank":85,"persistent":false},"geometry":{"type":"Polygon","coordinates":[[[-122.937596,46.138699],[-122.937596,46.138789],[-122.937489,46.138805],[-122.937466,46.138879],[-122.937337,46.138879],[-122.937314,46.138805],[-122.937208,46.138789],[-122.937208,46.138699],[-122.937337,46.138699],[-122.937398,46.138723],[-122.937467,46.138699],[-122.937596,46.138699]]]}},{"type":"Feature","properties":{"id":46,"area_m2":300,"px":3,"rank":86,"persistent":false},"geometry":{"type":"Polygon","coordinates":[[[-122.94161,46.138341],[-122.94161,46.138521],[-122.94148,46.138521],[-122.941458,46.138447],[-122.941351,46.138431],[-122.941351,46.138341],[-122.94161,46.138341]]]}},{"type":"Feature","properties":{"id":53,"area_m2":300,"px":3,"rank":87,"persistent":false},"geometry":{"type":"Polygon","coordinates":[[[-122.941869,46.137711],[-122.941869,46.137891],[-122.94174,46.137891],[-122.941717,46.137817],[-122.941611,46.137801],[-122.941611,46.137711],[-122.941869,46.137711]]]}},{"type":"Feature","properties":{"id":56,"area_m2":300,"px":3,"rank":88,"persistent":false},"geometry":{"type":"Polygon","coordinates":[[[-122.931124,46.137435],[-122.931124,46.137525],[-122.930736,46.137525],[-122.930736,46.137435],[-122.931124,46.137435]]]}},{"type":"Feature","properties":{"id":60,"area_m2":300,"px":3,"rank":89,"persistent":false},"geometry":{"type":"Polygon","coordinates":[[[-122.942517,46.137172],[-122.942517,46.137262],[-122.942258,46.137262],[-122.942259,46.137082],[-122.942388,46.137082],[-122.942411,46.137156],[-122.942517,46.137172]]]}},{"type":"Feature","properties":{"id":62,"area_m2":300,"px":3,"rank":90,"persistent":false},"geometry":{"type":"Polygon","coordinates":[[[-122.934362,46.136267],[-122.934362,46.136537],[-122.934232,46.136537],[-122.934233,46.136267],[-122.934362,46.136267]]]}},{"type":"Feature","properties":{"id":66,"area_m2":300,"px":3,"rank":91,"persistent":false},"geometry":{"type":"Polygon","coordinates":[[[-122.931252,46.136087],[-122.931221,46.136133],[-122.931255,46.136176],[-122.931255,46.136265],[-122.931126,46.136265],[-122.931103,46.136191],[-122.930996,46.136175],[-122.930996,46.136085],[-122.931103,46.13607],[-122.931126,46.135995],[-122.931253,46.135995],[-122.931252,46.136087]]]}},{"type":"Feature","properties":{"id":71,"area_m2":300,"px":3,"rank":92,"persistent":false},"geometry":{"type":"Polygon","coordinates":[[[-122.945885,46.135103],[-122.945885,46.135193],[-122.945804,46.135197],[-122.945759,46.135232],[-122.945756,46.135373],[-122.945626,46.135373],[-122.945627,46.135193],[-122.945733,46.135177],[-122.945756,46.135103],[-122.945885,46.135103]]]}},{"type":"Feature","properties":{"id":73,"area_m2":300,"px":3,"rank":93,"persistent":false},"geometry":{"type":"Polygon","coordinates":[[[-122.944461,46.135013],[-122.944461,46.135283],[-122.944332,46.135283],[-122.944332,46.135013],[-122.944461,46.135013]]]}},{"type":"Feature","properties":{"id":79,"area_m2":300,"px":3,"rank":94,"persistent":false},"geometry":{"type":"Polygon","coordinates":[[[-122.929963,46.134375],[-122.929962,46.134555],[-122.929704,46.134554],[-122.929704,46.134465],[-122.92981,46.134449],[-122.929833,46.134375],[-122.929963,46.134375]]]}},{"type":"Feature","properties":{"id":87,"area_m2":300,"px":3,"rank":95,"persistent":false},"geometry":{"type":"Polygon","coordinates":[[[-122.929964,46.133385],[-122.929964,46.133655],[-122.929834,46.133655],[-122.929835,46.133385],[-122.929964,46.133385]]]}},{"type":"Feature","properties":{"id":88,"area_m2":300,"px":3,"rank":96,"persistent":false},"geometry":{"type":"Polygon","coordinates":[[[-122.941486,46.133211],[-122.941486,46.133391],[-122.941356,46.133391],[-122.941334,46.133317],[-122.941227,46.133301],[-122.941227,46.133211],[-122.941486,46.133211]]]}},{"type":"Feature","properties":{"id":95,"area_m2":300,"px":3,"rank":97,"persistent":false},"geometry":{"type":"Polygon","coordinates":[[[-122.941617,46.131771],[-122.941617,46.131951],[-122.941358,46.131951],[-122.941358,46.131861],[-122.941465,46.131845],[-122.941487,46.131771],[-122.941617,46.131771]]]}}]}