{"type":"FeatureCollection","features":[{"type":"Feature","properties":{"id":3,"area_m2":352400,"px":3524,"rank":1,"persistent":false},"geometry":{"type":"Polygon","coordinates":[[[-122.940059,46.13609],[-122.940059,46.13618],[-122.939862,46.136181],[-122.939801,46.136224],[-122.939813,46.136336],[-122.939929,46.13636],[-122.939929,46.13654],[-122.939716,46.136531],[-122.939673,46.136565],[-122.93967,46.13663],[-122.93954,46.13663],[-122.939539,46.136404],[-122.939478,46.136361],[-122.939316,46.136369],[-122.93928,46.13645],[-122.939023,46.13645],[-122.938988,46.136369],[-122.938826,46.136361],[-122.938773,46.136388],[-122.938764,46.13645],[-122.938647,46.136474],[-122.938634,46.13663],[-122.938546,46.136636],[-122.938505,46.136678],[-122.938507,46.137131],[-122.938574,46.137169],[-122.939022,46.13717],[-122.939022,46.13726],[-122.938703,46.13726],[-122.938646,46.137284],[-122.938633,46.13744],[-122.938517,46.137464],[-122.938505,46.137576],[-122.938566,46.137619],[-122.938762,46.13762],[-122.938762,46.13771],[-122.938408,46.137719],[-122.938374,46.137758],[-122.938374,46.13789],[-122.938244,46.137889],[-122.938222,46.137815],[-122.938115,46.137798],[-122.938115,46.137709],[-122.93821,46.1377],[-122.938245,46.13762],[-122.938326,46.137615],[-122.938368,46.137586],[-122.938374,46.137398],[-122.938346,46.137362],[-122.938034,46.137353],[-122.937992,46.137383],[-122.937986,46.137439],[-122.937869,46.137463],[-122.937856,46.137529],[-122.937744,46.137549],[-122.937726,46.137799],[-122.937615,46.137819],[-122.937577,46.137929],[-122.937617,46.137973],[-122.937726,46.137979],[-122.937727,46.138206],[-122.937767,46.138243],[-122.937855,46.138249],[-122.937855,46.138339],[-122.937208,46.138339],[-122.937202,46.138282],[-122.93716,46.138253],[-122.936897,46.138249],[-122.936833,46.138273],[-122.936819,46.138339],[-122.936738,46.138343],[-122.936696,46.138372],[-122.936693,46.13857],[-122.936738,46.138605],[-122.936819,46.138609],[-122.936819,46.138699],[-122.936703,46.138723],[-122.936689,46.138879],[-122.936578,46.138898],[-122.936525,46.139016],[-122.936577,46.139129],[-122.936689,46.139149],[-122.936698,46.1393],[-122.936752,46.139328],[-122.936878,46.139329],[-122.936939,46.1393],[-122.936948,46.139239],[-122.937336,46.139239],[-122.937336,46.139329],[-122.937241,46.139338],[-122.937207,46.139419],[-122.937125,46.139423],[-122.937081,46.139457],[-122.937077,46.139779],[-122.936995,46.139783],[-122.936951,46.139817],[-122.936956,46.14002],[-122.937138,46.140073],[-122.937206,46.140049],[-122.93741,46.140047],[-122.937459,46.140016],[-122.937465,46.139959],[-122.937581,46.139935],[-122.937595,46.139869],[-122.937724,46.139869],[-122.937724,46.140049],[-122.93752,46.140051],[-122.937471,46.140082],[-122.937465,46.140139],[-122.93724,46.140148],[-122.937206,46.140188],[-122.937206,46.140319],[-122.937002,46.140321],[-122.936953,46.140352],[-122.936947,46.140409],[-122.936729,46.140415],[-122.936655,46.140531],[-122.936705,46.140749],[-122.936817,46.140769],[-122.936851,46.14085],[-122.936946,46.140859],[-122.936974,46.140937],[-122.937075,46.140949],[-122.937104,46.141027],[-122.937205,46.141039],[-122.937205,46.141219],[-122.937098,46.141235],[-122.937073,46.141309],[-122.936946,46.141309],[-122.936923,46.141235],[-122.936816,46.141219],[-122.936807,46.141067],[-122.936761,46.141041],[-122.936687,46.141039],[-122.93667,46.140878],[-122.936558,46.140859],[-122.936523,46.140778],[-122.936428,46.140768],[-122.936428,46.140637],[-122.936394,46.140598],[-122.936225,46.140591],[-122.936176,46.140622],[-122.936169,46.140678],[-122.935952,46.140685],[-122.935914,46.140717],[-122.93591,46.140768],[-122.935829,46.140772],[-122.935784,46.140807],[-122.93578,46.141218],[-122.935706,46.14122],[-122.93566,46.141247],[-122.935651,46.141398],[-122.935569,46.141402],[-122.935525,46.141436],[-122.935521,46.141578],[-122.935392,46.141578],[-122.93539,46.141351],[-122.935322,46.141308],[-122.935168,46.141317],[-122.935133,46.141398],[-122.934915,46.141404],[-122.934877,46.141436],[-122.934874,46.141488],[-122.934792,46.141492],[-122.934748,46.141526],[-122.934729,46.141633],[-122.934779,46.141665],[-122.934874,46.141668],[-122.934875,46.141804],[-122.934929,46.141845],[-122.935091,46.141841],[-122.935129,46.14181],[-122.935133,46.141758],[-122.935249,46.141734],[-122.935262,46.141668],[-122.935391,46.141668],[-122.935391,46.142028],[-122.93531,46.142032],[-122.935265,46.142066],[-122.935261,46.142388],[-122.93518,46.142392],[-122.935135,46.142426],[-122.935131,46.142658],[-122.935002,46.142658],[-122.935002,46.142436],[-122.934954,46.142392],[-122.934784,46.142394],[-122.934747,46.142426],[-122.934743,46.142478],[-122.934495,46.142488],[-122.93445,46.142397],[-122.934288,46.142388],[-122.934227,46.142431],[-122.934234,46.142552],[-122.9343,46.142581],[-122.934473,46.142556],[-122.934487,46.142709],[-122.934532,46.142743],[-122.934613,46.142748],[-122.934613,46.142837],[-122.934395,46.142844],[-122.934358,46.142876],[-122.934354,46.142927],[-122.934095,46.142927],[-122.934061,46.142846],[-122.933837,46.142837],[-122.933823,46.142771],[-122.933707,46.142747],[-122.933679,46.142669],[-122.933526,46.142657],[-122.933461,46.142681],[-122.933448,46.142747],[-122.933237,46.142751],[-122.933195,46.14278],[-122.933189,46.142837],[-122.933108,46.142841],[-122.933065,46.14287],[-122.933059,46.143107],[-122.932971,46.143113],[-122.93293,46.143155],[-122.932929,46.143503],[-122.932952,46.143541],[-122.933188,46.143557],[-122.933197,46.143618],[-122.933251,46.143646],[-122.933576,46.143647],[-122.933586,46.143708],[-122.933639,46.143736],[-122.934413,46.143737],[-122.934481,46.143694],[-122.934483,46.143468],[-122.934595,46.143448],[-122.934613,46.143288],[-122.934694,46.143283],[-122.934739,46.143249],[-122.934743,46.142928],[-122.934817,46.142925],[-122.934863,46.142899],[-122.934872,46.142748],[-122.934991,46.142737],[-122.935001,46.143378],[-122.934927,46.14338],[-122.934881,46.143406],[-122.934871,46.143558],[-122.934755,46.143582],[-122.934745,46.143699],[-122.93479,46.143734],[-122.934871,46.143738],[-122.934856,46.143883],[-122.934906,46.143915],[-122.935,46.143918],[-122.935004,46.143983],[-122.93504,46.144015],[-122.935518,46.144008],[-122.935518,46.144098],[-122.935483,46.144146],[-122.935527,46.14425],[-122.93558,46.144277],[-122.935777,46.144278],[-122.935777,46.144368],[-122.935131,46.144368],[-122.935068,46.144344],[-122.935,46.144368],[-122.934871,46.144368],[-122.934871,46.144278],[-122.934952,46.144274],[-122.934994,46.144244],[-122.934999,46.144141],[-122.934959,46.144104],[-122.934871,46.144098],[-122.934858,46.144032],[-122.934793,46.144008],[-122.934505,46.144023],[-122.934482,46.144061],[-122.934482,46.144367],[-122.934223,46.144367],[-122.934223,46.144277],[-122.934312,46.144271],[-122.934352,46.144229],[-122.934353,46.143966],[-122.934312,46.143924],[-122.934177,46.143904],[-122.934121,46.143916],[-122.934094,46.144007],[-122.934012,46.144011],[-122.93397,46.144041],[-122.933964,46.144187],[-122.933835,46.144187],[-122.933812,46.144113],[-122.933706,46.144097],[-122.933705,46.143876],[-122.933665,46.143833],[-122.933317,46.143827],[-122.933304,46.143761],[-122.93324,46.143737],[-122.932984,46.143739],[-122.932935,46.14377],[-122.932929,46.143827],[-122.932799,46.143826],[-122.9328,46.143737],[-122.932834,46.143689],[-122.932796,46.143595],[-122.932752,46.143561],[-122.93267,46.143556],[-122.932682,46.143226],[-122.932628,46.143197],[-122.932412,46.143196],[-122.932406,46.14314],[-122.932357,46.143109],[-122.932153,46.143106],[-122.93215,46.142964],[-122.932075,46.142926],[-122.931923,46.142938],[-122.931894,46.143016],[-122.931778,46.14304],[-122.931764,46.143106],[-122.931533,46.143105],[-122.931505,46.143196],[-122.931424,46.1432],[-122.931382,46.143229],[-122.931376,46.143376],[-122.930913,46.143378],[-122.930864,46.143409],[-122.930858,46.143465],[-122.930769,46.143472],[-122.93073,46.143509],[-122.930716,46.143616],[-122.930763,46.143643],[-122.930857,46.143645],[-122.930886,46.143723],[-122.931116,46.143736],[-122.931116,46.143915],[-122.931014,46.14392],[-122.930969,46.143955],[-122.930999,46.144071],[-122.931177,46.14412],[-122.931245,46.144096],[-122.931375,46.144096],[-122.931388,46.144252],[-122.931445,46.144275],[-122.931633,46.144276],[-122.931633,46.144366],[-122.931116,46.144365],[-122.931098,46.144205],[-122.931046,46.144186],[-122.930857,46.144185],[-122.930844,46.144119],[-122.930779,46.144095],[-122.930387,46.144099],[-122.93034,46.144139],[-122.930339,46.144275],[-122.930232,46.144291],[-122.930209,46.144365],[-122.92995,46.144365],[-122.92995,46.144185],[-122.929984,46.144132],[-122.929951,46.144095],[-122.929947,46.143953],[-122.929881,46.143915],[-122.929632,46.143915],[-122.929575,46.143939],[-122.929527,46.144047],[-122.929562,46.144095],[-122.929562,46.144185],[-122.929467,46.144187],[-122.929421,46.144214],[-122.929432,46.144364],[-122.929303,46.144364],[-122.929242,46.14434],[-122.929171,46.144364],[-122.928267,46.144364],[-122.928267,46.144274],[-122.928349,46.14427],[-122.928393,46.144236],[-122.928374,46.14411],[-122.928193,46.144096],[-122.928144,46.144127],[-122.928138,46.144184],[-122.928008,46.144184],[-122.928009,46.143824],[-122.928083,46.143821],[-122.928129,46.143795],[-122.928138,46.143644],[-122.928356,46.143637],[-122.928394,46.143606],[-122.928397,46.143554],[-122.928492,46.143545],[-122.928527,46.1435],[-122.928509,46.143394],[-122.928398,46.143374],[-122.928363,46.143293],[-122.928268,46.143284],[-122.928246,46.14312],[-122.92801,46.143104],[-122.92801,46.142744],[-122.928119,46.142737],[-122.928159,46.142688],[-122.928122,46.142583],[-122.92801,46.142564],[-122.928011,46.142204],[-122.928117,46.142188],[-122.92814,46.142114],[-122.92827,46.142114],[-122.928338,46.142138],[-122.928506,46.142098],[-122.928529,46.141844],[-122.928788,46.141844],[-122.928822,46.141925],[-122.929007,46.141941],[-122.929044,46.141909],[-122.929047,46.141844],[-122.929129,46.14184],[-122.929171,46.141811],[-122.929177,46.141664],[-122.929526,46.141671],[-122.929562,46.14164],[-122.929565,46.141575],[-122.929754,46.141574],[-122.929807,46.141555],[-122.929825,46.141395],[-122.930035,46.141391],[-122.930077,46.141362],[-122.930084,46.141305],[-122.930195,46.141285],[-122.930213,46.141035],[-122.930288,46.141033],[-122.930334,46.141006],[-122.930343,46.140855],[-122.930661,46.140855],[-122.930728,46.140817],[-122.930728,46.140624],[-122.930684,46.140589],[-122.930602,46.140585],[-122.930602,46.140496],[-122.930691,46.140489],[-122.93073,46.140452],[-122.930732,46.140135],[-122.930767,46.140093],[-122.930733,46.140045],[-122.930733,46.139955],[-122.931093,46.139943],[-122.931121,46.139907],[-122.931121,46.139776],[-122.931203,46.139771],[-122.931247,46.139737],[-122.931251,46.139596],[-122.931353,46.139591],[-122.931398,46.139556],[-122.931371,46.139444],[-122.931325,46.139418],[-122.931251,46.139415],[-122.931223,46.139338],[-122.930992,46.139325],[-122.930993,46.139145],[-122.931067,46.139143],[-122.931113,46.139117],[-122.931122,46.138966],[-122.931511,46.138966],[-122.931533,46.13922],[-122.93164,46.139236],[-122.931646,46.139292],[-122.931695,46.139323],[-122.931994,46.139317],[-122.932028,46.139277],[-122.932022,46.139179],[-122.931966,46.139147],[-122.931769,46.139146],[-122.93177,46.138966],[-122.932088,46.138966],[-122.93214,46.138946],[-122.932158,46.138696],[-122.932247,46.13869],[-122.932286,46.138653],[-122.932288,46.138426],[-122.93237,46.138422],[-122.932414,46.138388],[-122.932418,46.138156],[-122.932453,46.138108],[-122.93239,46.137988],[-122.932228,46.137952],[-122.932159,46.137976],[-122.9319,46.137976],[-122.931887,46.13791],[-122.931823,46.137886],[-122.931445,46.137887],[-122.931392,46.137914],[-122.931382,46.137976],[-122.931253,46.137975],[-122.93125,46.137834],[-122.931205,46.1378],[-122.931124,46.137795],[-122.931124,46.137707],[-122.931328,46.137703],[-122.931377,46.137672],[-122.931383,46.137616],[-122.931512,46.137616],[-122.931514,46.137752],[-122.931567,46.137793],[-122.932348,46.137796],[-122.932409,46.137768],[-122.932419,46.137706],[-122.93253,46.137687],[-122.932548,46.137616],[-122.932636,46.13761],[-122.932676,46.137573],[-122.932676,46.13748],[-122.93263,46.13744],[-122.932419,46.137436],[-122.932358,46.137412],[-122.932289,46.137436],[-122.93216,46.137436],[-122.932154,46.137379],[-122.932105,46.137348],[-122.931772,46.137346],[-122.931772,46.137256],[-122.931878,46.13724],[-122.931934,46.137134],[-122.931901,46.137076],[-122.931902,46.136896],[-122.932013,46.136876],[-122.93205,46.136761],[-122.931989,46.136717],[-122.931643,46.136714],[-122.931643,46.136536],[-122.931717,46.136533],[-122.931763,46.136507],[-122.931773,46.136356],[-122.931902,46.136356],[-122.931937,46.136437],[-122.932091,46.136446],[-122.932152,46.136417],[-122.932161,46.136356],[-122.932235,46.136354],[-122.932281,46.136328],[-122.932287,46.136214],[-122.932243,46.13618],[-122.932161,46.136176],[-122.932162,46.136086],[-122.932291,46.136086],[-122.93236,46.13611],[-122.93242,46.136086],[-122.932624,46.136084],[-122.932673,46.136053],[-122.93268,46.135996],[-122.932781,46.135992],[-122.932826,46.135957],[-122.932809,46.135595],[-122.932781,46.135559],[-122.932551,46.135546],[-122.93249,46.135522],[-122.932421,46.135546],[-122.932162,46.135546],[-122.932162,46.135456],[-122.932244,46.135452],[-122.932288,46.135418],[-122.932292,46.135276],[-122.932399,46.13526],[-122.932454,46.135154],[-122.932422,46.135096],[-122.932422,46.134916],[-122.932681,46.134916],[-122.932684,46.134968],[-122.932722,46.135],[-122.93294,46.135007],[-122.933001,46.135031],[-122.933157,46.135],[-122.933198,46.134958],[-122.933186,46.134851],[-122.933069,46.134826],[-122.933089,46.134697],[-122.933049,46.134653],[-122.932866,46.134649],[-122.932816,46.13468],[-122.93281,46.134736],[-122.932681,46.134736],[-122.932701,46.134427],[-122.932668,46.134386],[-122.932491,46.134352],[-122.932422,46.134376],[-122.932293,46.134376],[-122.932259,46.134295],[-122.932097,46.134287],[-122.932036,46.134329],[-122.932034,46.134466],[-122.931905,46.134466],[-122.931896,46.134314],[-122.93185,46.134288],[-122.931775,46.134286],[-122.931776,46.134196],[-122.931857,46.134192],[-122.931902,46.134158],[-122.931905,46.134016],[-122.932102,46.134015],[-122.932161,46.133978],[-122.932161,46.133784],[-122.932116,46.13375],[-122.932035,46.133746],[-122.932035,46.133656],[-122.932164,46.133656],[-122.93217,46.133713],[-122.932219,46.133744],[-122.932423,46.133746],[-122.932429,46.133803],[-122.932478,46.133834],[-122.932784,46.133832],[-122.932831,46.133786],[-122.932799,46.133667],[-122.932737,46.133643],[-122.932553,46.133656],[-122.932553,46.133566],[-122.932627,46.133564],[-122.932673,46.133538],[-122.932683,46.133386],[-122.933001,46.133386],[-122.933068,46.133348],[-122.933068,46.133245],[-122.933016,46.133209],[-122.932424,46.133206],[-122.932424,46.133026],[-122.93275,46.133025],[-122.932803,46.132998],[-122.932813,46.132936],[-122.932942,46.132937],[-122.932939,46.133096],[-122.932992,46.133116],[-122.933146,46.133114],[-122.933195,46.133083],[-122.933201,46.133027],[-122.933317,46.133003],[-122.933331,46.132937],[-122.933447,46.132913],[-122.93346,46.132757],[-122.933719,46.132757],[-122.933722,46.132809],[-122.93376,46.132841],[-122.933978,46.132847],[-122.933977,46.133117],[-122.933943,46.133165],[-122.933996,46.133221],[-122.934484,46.133196],[-122.934496,46.133358],[-122.934535,46.133394],[-122.934754,46.133388],[-122.934782,46.133465],[-122.934937,46.133501],[-122.935013,46.133478],[-122.935142,46.133478],[-122.935155,46.133544],[-122.935271,46.133568],[-122.935277,46.133624],[-122.935327,46.133655],[-122.935605,46.133656],[-122.935657,46.13362],[-122.93566,46.133478],[-122.935695,46.133436],[-122.935637,46.133314],[-122.935401,46.133298],[-122.93534,46.133274],[-122.935272,46.133298],[-122.935142,46.133298],[-122.935143,46.133208],[-122.935259,46.133184],[-122.935272,46.133076],[-122.935231,46.133034],[-122.935143,46.133028],[-122.935134,46.132966],[-122.93508,46.132939],[-122.934946,46.132939],[-122.934902,46.132957],[-122.934884,46.133118],[-122.934754,46.133117],[-122.934686,46.133093],[-122.934506,46.133128],[-122.934492,46.132796],[-122.934448,46.132761],[-122.934366,46.132757],[-122.934369,46.132307],[-122.934496,46.132307],[-122.934502,46.132364],[-122.934551,46.132395],[-122.934884,46.132398],[-122.934884,46.132487],[-122.934803,46.132492],[-122.934758,46.132526],[-122.934768,46.132643],[-122.934817,46.132666],[-122.934959,46.132665],[-122.935008,46.132634],[-122.935014,46.132578],[-122.935143,46.132578],[-122.935149,46.132724],[-122.935191,46.132754],[-122.935272,46.132758],[-122.935278,46.132814],[-122.93532,46.132844],[-122.935735,46.132846],[-122.935784,46.132815],[-122.93579,46.132758],[-122.935865,46.132756],[-122.935911,46.13273],[-122.93592,46.132578],[-122.935955,46.132536],[-122.93592,46.132488],[-122.935919,46.132352],[-122.935879,46.132314],[-122.935791,46.132308],[-122.935768,46.132234],[-122.935403,46.132218],[-122.935342,46.132194],[-122.935273,46.132218],[-122.935144,46.132218],[-122.935144,46.132128],[-122.935239,46.132119],[-122.935273,46.132074],[-122.93527,46.131896],[-122.935226,46.131862],[-122.935144,46.131858],[-122.935144,46.131768],[-122.935532,46.131768],[-122.935542,46.131829],[-122.935603,46.131858],[-122.935791,46.131858],[-122.935852,46.131882],[-122.935921,46.131858],[-122.93605,46.131858],[-122.936079,46.131936],[-122.936234,46.131962],[-122.9363,46.131933],[-122.936309,46.131858],[-122.936426,46.131834],[-122.936439,46.131768],[-122.936568,46.131769],[-122.936629,46.131793],[-122.936698,46.131769],[-122.936827,46.131769],[-122.936844,46.132019],[-122.936897,46.132038],[-122.937075,46.132028],[-122.937147,46.132063],[-122.937208,46.132045],[-122.937234,46.131994],[-122.93718,46.131951],[-122.937097,46.13196],[-122.937086,46.131859],[-122.937193,46.131843],[-122.937216,46.131769],[-122.937992,46.131769],[-122.937995,46.131924],[-122.938067,46.131963],[-122.938222,46.131937],[-122.938251,46.131859],[-122.938475,46.13185],[-122.93851,46.13177],[-122.938769,46.13177],[-122.93883,46.131794],[-122.938898,46.13177],[-122.939416,46.13177],[-122.939416,46.13195],[-122.9393,46.131974],[-122.939288,46.132087],[-122.939327,46.132124],[-122.939416,46.13213],[-122.939429,46.132376],[-122.939545,46.1324],[-122.939579,46.132481],[-122.939674,46.13249],[-122.939674,46.13267],[-122.939545,46.13267],[-122.939536,46.132609],[-122.939482,46.132581],[-122.939226,46.13258],[-122.939169,46.132604],[-122.939156,46.13294],[-122.939061,46.132949],[-122.939026,46.13303],[-122.938915,46.13305],[-122.938897,46.133161],[-122.938959,46.133209],[-122.939285,46.13321],[-122.939285,46.1333],[-122.939178,46.133316],[-122.939155,46.13339],[-122.938904,46.133403],[-122.938877,46.13344],[-122.938896,46.13366],[-122.938692,46.133662],[-122.938638,46.133708],[-122.938625,46.13426],[-122.938687,46.134289],[-122.939025,46.13429],[-122.939025,46.13456],[-122.938936,46.134566],[-122.938896,46.134609],[-122.938895,46.1351],[-122.9388,46.135109],[-122.938765,46.135154],[-122.938774,46.135341],[-122.938827,46.135369],[-122.939024,46.13537],[-122.939024,46.13546],[-122.938949,46.135462],[-122.938903,46.135488],[-122.938894,46.13564],[-122.938765,46.13564],[-122.938696,46.135616],[-122.938561,46.135642],[-122.938512,46.135673],[-122.938505,46.13573],[-122.938376,46.135729],[-122.93837,46.135673],[-122.938321,46.135642],[-122.938152,46.135649],[-122.938117,46.135729],[-122.938036,46.135733],[-122.937994,46.135763],[-122.937988,46.135951],[-122.938028,46.135993],[-122.938117,46.135999],[-122.938123,46.136056],[-122.938165,46.136085],[-122.938635,46.13609],[-122.938638,46.136141],[-122.938676,46.136173],[-122.938893,46.13618],[-122.938947,46.136203],[-122.939023,46.13618],[-122.939152,46.13618],[-122.939161,46.136241],[-122.939222,46.13627],[-122.939377,46.136261],[-122.939411,46.13618],[-122.939629,46.136174],[-122.939667,46.136142],[-122.93967,46.13609],[-122.940059,46.13609]],[[-122.928789,46.143103],[-122.92882,46.143051],[-122.928758,46.142936],[-122.928585,46.142924],[-122.92853,46.14294],[-122.928508,46.142985],[-122.928556,46.143092],[-122.928718,46.143128],[-122.928789,46.143103]],[[-122.928837,46.144274],[-122.928913,46.144231],[-122.928911,46.144042],[-122.92886,46.144006],[-122.928711,46.144006],[-122.928657,46.144047],[-122.928659,46.144236],[-122.928711,46.144272],[-122.928837,46.144274]],[[-122.92996,46.14299],[-122.929946,46.142855],[-122.929899,46.142824],[-122.929612,46.142839],[-122.92957,46.142868],[-122.929563,46.142924],[-122.929375,46.142925],[-122.929322,46.142944],[-122.929304,46.143104],[-122.929086,46.143111],[-122.929049,46.143143],[-122.929045,46.143194],[-122.92869,46.14319],[-122.928657,46.143229],[-122.928663,46.143341],[-122.928727,46.143374],[-122.929256,46.14337],[-122.929298,46.143341],[-122.929304,46.143284],[-122.929386,46.14328],[-122.929428,46.143251],[-122.929418,46.143112],[-122.929563,46.143105],[-122.929632,46.143129],[-122.929781,46.143098],[-122.929819,46.143066],[-122.929822,46.143015],[-122.929917,46.143012],[-122.92996,46.14299]],[[-122.928967,46.143644],[-122.929041,46.143606],[-122.929036,46.143493],[-122.928982,46.143465],[-122.928827,46.14347],[-122.928787,46.143508],[-122.928795,46.143616],[-122.928848,46.143643],[-122.928967,46.143644]],[[-122.929045,46.142022],[-122.928993,46.142001],[-122.928936,46.142011],[-122.928898,46.142053],[-122.928914,46.142094],[-122.928967,46.142114],[-122.929039,46.142101],[-122.929066,46.142064],[-122.929045,46.142022]],[[-122.929305,46.142294],[-122.929387,46.14229],[-122.929432,46.142256],[-122.929432,46.142153],[-122.92938,46.142117],[-122.929093,46.142105],[-122.92905,46.142139],[-122.929046,46.142204],[-122.928958,46.142211],[-122.928918,46.142248],[-122.92892,46.142346],[-122.928979,46.142383],[-122.929257,46.14238],[-122.929299,46.142351],[-122.929305,46.142294]],[[-122.929355,46.143914],[-122.929429,46.143876],[-122.929415,46.143754],[-122.929304,46.143734],[-122.929298,46.143678],[-122.929256,46.143648],[-122.929073,46.143657],[-122.929045,46.143698],[-122.929062,46.143895],[-122.929114,46.143914],[-122.929355,46.143914]],[[-122.929829,46.142238],[-122.929789,46.142342],[-122.929823,46.142385],[-122.929823,46.142475],[-122.929716,46.14249],[-122.929693,46.142565],[-122.92951,46.142551],[-122.929456,46.142567],[-122.929414,46.142689],[-122.929455,46.142738],[-122.929768,46.142742],[-122.929817,46.142711],[-122.929823,46.142655],[-122.930019,46.142654],[-122.930073,46.142626],[-122.930073,46.142233],[-122.93002,46.142206],[-122.929871,46.142209],[-122.929829,46.142238]],[[-122.930074,46.143792],[-122.930088,46.14367],[-122.930046,46.143647],[-122.929951,46.143645],[-122.929945,46.143588],[-122.929903,46.143559],[-122.929633,46.143555],[-122.929569,46.143588],[-122.929551,46.143705],[-122.929597,46.143732],[-122.929692,46.143735],[-122.929698,46.143791],[-122.92974,46.143821],[-122.930032,46.143821],[-122.930074,46.143792]],[[-122.930394,46.141845],[-122.930448,46.141829],[-122.930471,46.141796],[-122.930454,46.141505],[-122.930394,46.141485],[-122.929982,46.141497],[-122.929954,46.141539],[-122.929971,46.141825],[-122.930023,46.141845],[-122.930394,46.141845]],[[-122.930262,46.143555],[-122.930338,46.143512],[-122.930337,46.143323],[-122.930285,46.143287],[-122.930136,46.143287],[-122.930087,46.143318],[-122.930081,46.143375],[-122.930007,46.143377],[-122.929961,46.143403],[-122.929955,46.143516],[-122.930014,46.143554],[-122.930262,46.143555]],[[-122.930374,46.142798],[-122.930337,46.14268],[-122.930295,46.142646],[-122.930105,46.142671],[-122.930047,46.142787],[-122.930104,46.142909],[-122.930159,46.142925],[-122.930318,46.142909],[-122.930374,46.142798]],[[-122.932155,46.141486],[-122.932142,46.14142],[-122.932026,46.141396],[-122.931991,46.141315],[-122.931808,46.141312],[-122.93177,46.141344],[-122.931766,46.141396],[-122.931685,46.1414],[-122.931643,46.141429],[-122.931626,46.141587],[-122.931446,46.141552],[-122.931296,46.14158],[-122.931254,46.141609],[-122.931248,46.141665],[-122.931132,46.141689],[-122.931119,46.141755],[-122.930915,46.141758],[-122.930866,46.141789],[-122.93086,46.141845],[-122.930635,46.141854],[-122.9306,46.141935],[-122.930506,46.141944],[-122.930471,46.142025],[-122.930355,46.142049],[-122.930351,46.142176],[-122.930396,46.142203],[-122.930471,46.142205],[-122.930476,46.142275],[-122.930524,46.142306],[-122.930859,46.142295],[-122.930865,46.142365],[-122.930927,46.142399],[-122.931206,46.142379],[-122.931244,46.142347],[-122.931248,46.142296],[-122.931336,46.142289],[-122.931377,46.142247],[-122.931364,46.14214],[-122.931248,46.142115],[-122.931248,46.142026],[-122.931581,46.142023],[-122.93163,46.141992],[-122.931636,46.141936],[-122.931748,46.141916],[-122.931763,46.141794],[-122.931718,46.14176],[-122.931637,46.141756],[-122.931648,46.141655],[-122.931766,46.141666],[-122.931789,46.14174],[-122.931941,46.141779],[-122.932126,46.141744],[-122.932155,46.141666],[-122.932243,46.14166],[-122.932284,46.141617],[-122.932271,46.14151],[-122.932155,46.141486]],[[-122.930927,46.143003],[-122.930622,46.143031],[-122.930599,46.143069],[-122.930622,46.143179],[-122.930905,46.143209],[-122.930966,46.143193],[-122.930982,46.143035],[-122.930927,46.143003]],[[-122.931431,46.140586],[-122.931507,46.140542],[-122.931491,46.140335],[-122.93138,46.140316],[-122.931374,46.140259],[-122.931324,46.140228],[-122.93102,46.140238],[-122.930991,46.140279],[-122.931008,46.140476],[-122.931061,46.140495],[-122.93125,46.140496],[-122.931284,46.140576],[-122.931431,46.140586]],[[-122.931301,46.141306],[-122.931375,46.141267],[-122.931369,46.141154],[-122.931203,46.141103],[-122.931144,46.141109],[-122.931085,46.141168],[-122.931128,46.141277],[-122.931182,46.141304],[-122.931301,46.141306]],[[-122.931504,46.143014],[-122.931452,46.142992],[-122.931394,46.143002],[-122.931357,46.143044],[-122.931373,46.143085],[-122.931426,46.143105],[-122.931498,46.143093],[-122.931525,46.143055],[-122.931504,46.143014]],[[-122.932109,46.13996],[-122.931973,46.139942],[-122.93192,46.139959],[-122.931898,46.140046],[-122.931768,46.140046],[-122.931769,46.139776],[-122.93188,46.139756],[-122.931932,46.139649],[-122.931898,46.139596],[-122.931895,46.139454],[-122.931828,46.139416],[-122.931545,46.139425],[-122.931475,46.139548],[-122.93151,46.139597],[-122.931509,46.139956],[-122.931477,46.140014],[-122.931544,46.140127],[-122.931768,46.140136],[-122.931784,46.140308],[-122.931679,46.140322],[-122.931639,46.140364],[-122.931638,46.140627],[-122.931693,46.140673],[-122.931857,46.140683],[-122.931894,46.140651],[-122.931897,46.140586],[-122.931979,46.140582],[-122.932021,46.140553],[-122.932021,46.140439],[-122.931979,46.14041],[-122.931897,46.140406],[-122.931882,46.140324],[-122.932094,46.140315],[-122.932153,46.140278],[-122.932153,46.139994],[-122.932109,46.13996]],[[-122.931766,46.142156],[-122.931705,46.142103],[-122.931541,46.142125],[-122.931507,46.142164],[-122.93152,46.142272],[-122.931577,46.142296],[-122.931731,46.142287],[-122.931764,46.142252],[-122.931766,46.142156]],[[-122.933915,46.141206],[-122.933709,46.141217],[-122.933691,46.141057],[-122.933639,46.141037],[-122.93345,46.141037],[-122.933433,46.140967],[-122.933321,46.140947],[-122.933312,46.140885],[-122.933251,46.140857],[-122.933124,46.140858],[-122.933071,46.140885],[-122.933061,46.141217],[-122.932955,46.141232],[-122.932932,46.141306],[-122.932673,46.141306],[-122.93265,46.141142],[-122.932414,46.141126],[-122.932414,46.141036],[-122.932521,46.14102],[-122.932544,46.140946],[-122.932762,46.14094],[-122.9328,46.140908],[-122.932803,46.140857],[-122.932885,46.140852],[-122.932929,46.140818],[-122.932932,46.140712],[-122.932905,46.140676],[-122.932674,46.140675],[-122.932674,46.140586],[-122.932769,46.140577],[-122.932804,46.140497],[-122.932878,46.140494],[-122.932924,46.140468],[-122.932933,46.140317],[-122.933022,46.14031],[-122.933061,46.140273],[-122.933054,46.140165],[-122.933008,46.140139],[-122.932933,46.140136],[-122.932928,46.140066],[-122.93288,46.140035],[-122.932486,46.140047],[-122.932421,46.14008],[-122.932415,46.140406],[-122.932314,46.140418],[-122.932285,46.140496],[-122.932197,46.140502],[-122.932156,46.140545],[-122.932174,46.140656],[-122.932285,46.140676],[-122.93232,46.140757],[-122.932415,46.140766],[-122.932414,46.140856],[-122.932308,46.140872],[-122.932285,46.140946],[-122.932156,46.140946],[-122.932154,46.14081],[-122.932108,46.14077],[-122.931897,46.140766],[-122.931821,46.140742],[-122.931735,46.140798],[-122.931767,46.140856],[-122.931759,46.141101],[-122.931817,46.141126],[-122.932155,46.141126],[-122.932178,46.1412],[-122.932285,46.141216],[-122.93229,46.141453],[-122.932347,46.141485],[-122.932543,46.141486],[-122.932543,46.141576],[-122.932508,46.141624],[-122.932543,46.141666],[-122.932546,46.141808],[-122.932584,46.14184],[-122.932718,46.141869],[-122.932802,46.141847],[-122.933013,46.141842],[-122.933055,46.141813],[-122.933061,46.141757],[-122.933177,46.141733],[-122.933191,46.141667],[-122.933401,46.141663],[-122.933444,46.141634],[-122.93345,46.141577],[-122.933653,46.141575],[-122.933703,46.141544],[-122.933709,46.141487],[-122.933939,46.141475],[-122.933967,46.141438],[-122.933965,46.141242],[-122.933915,46.141206]],[[-122.932412,46.142656],[-122.932494,46.142652],[-122.932539,46.142618],[-122.932541,46.14252],[-122.932501,46.142483],[-122.932074,46.142476],[-122.932013,46.142506],[-122.932024,46.142787],[-122.932065,46.14283],[-122.932248,46.142827],[-122.932283,46.142746],[-122.932399,46.142722],[-122.932412,46.142656]],[[-122.936042,46.138968],[-122.936042,46.138878],[-122.93636,46.138878],[-122.936421,46.13885],[-122.936431,46.138567],[-122.93639,46.138525],[-122.935991,46.138518],[-122.935936,46.138534],[-122.935913,46.138572],[-122.935928,46.138871],[-122.935806,46.138894],[-122.935783,46.138968],[-122.935654,46.138968],[-122.935648,46.138911],[-122.935599,46.13888],[-122.935395,46.138878],[-122.935389,46.138821],[-122.93534,46.13879],[-122.935198,46.138789],[-122.935149,46.138812],[-122.935136,46.139018],[-122.935158,46.139055],[-122.935211,46.139072],[-122.935394,46.139058],[-122.935398,46.13911],[-122.935436,46.139142],[-122.935653,46.139148],[-122.935653,46.139238],[-122.935551,46.139242],[-122.935507,46.139278],[-122.935523,46.139508],[-122.935265,46.139508],[-122.935255,46.139446],[-122.935202,46.139419],[-122.934939,46.139419],[-122.934878,46.139461],[-122.934876,46.139598],[-122.934747,46.139598],[-122.934729,46.139437],[-122.934677,46.139418],[-122.934543,46.13942],[-122.934488,46.139466],[-122.934487,46.139687],[-122.934154,46.13969],[-122.934105,46.139721],[-122.934099,46.139777],[-122.933981,46.139788],[-122.93397,46.139687],[-122.934058,46.139681],[-122.934099,46.139639],[-122.934099,46.139376],[-122.934052,46.139331],[-122.933644,46.139328],[-122.933591,46.139355],[-122.933581,46.139417],[-122.933463,46.139428],[-122.933419,46.139323],[-122.933064,46.139327],[-122.933046,46.139256],[-122.932935,46.139236],[-122.932921,46.139171],[-122.932857,46.139146],[-122.932738,46.139147],[-122.932689,46.13917],[-122.932675,46.139326],[-122.932417,46.139326],[-122.932417,46.139236],[-122.932505,46.13923],[-122.932545,46.139193],[-122.932547,46.138876],[-122.932581,46.138834],[-122.932534,46.138776],[-122.932463,46.138764],[-122.932297,46.138815],[-122.932287,46.139146],[-122.932199,46.139152],[-122.932159,46.13919],[-122.932161,46.139378],[-122.932205,46.139412],[-122.932287,46.139416],[-122.932303,46.139499],[-122.93218,46.139522],[-122.932157,46.139596],[-122.932024,46.139617],[-122.932031,46.139738],[-122.932075,46.139772],[-122.932157,46.139776],[-122.932163,46.139833],[-122.932205,46.139862],[-122.932416,46.139866],[-122.9325,46.139889],[-122.932666,46.139838],[-122.932674,46.13964],[-122.932613,46.139597],[-122.932416,46.139596],[-122.932416,46.139506],[-122.932675,46.139506],[-122.932744,46.139531],[-122.932805,46.139507],[-122.933441,46.139496],[-122.933465,46.139663],[-122.933522,46.139687],[-122.933711,46.139687],[-122.933711,46.139777],[-122.933343,46.139783],[-122.933302,46.139827],[-122.933331,46.139928],[-122.933392,46.139957],[-122.933648,46.139956],[-122.933701,46.139928],[-122.933721,46.139856],[-122.933959,46.139856],[-122.933969,46.139957],[-122.933935,46.140005],[-122.933969,46.140047],[-122.933969,46.140137],[-122.933355,46.140133],[-122.933322,46.140227],[-122.933233,46.140233],[-122.933194,46.14027],[-122.933193,46.140453],[-122.933254,46.140496],[-122.933416,46.140488],[-122.933451,46.140407],[-122.933669,46.140401],[-122.933707,46.140369],[-122.93371,46.140317],[-122.933839,46.140317],[-122.933908,46.140341],[-122.933969,46.140317],[-122.934193,46.140308],[-122.934228,46.140269],[-122.934228,46.140137],[-122.934424,46.140136],[-122.934478,46.140109],[-122.934487,46.139957],[-122.935134,46.139958],[-122.935148,46.140024],[-122.935264,46.140048],[-122.93527,46.140105],[-122.935319,46.140136],[-122.935488,46.140129],[-122.935525,46.140048],[-122.935652,46.140048],[-122.935658,46.140105],[-122.9357,46.140134],[-122.935856,46.140136],[-122.93591,46.140095],[-122.935912,46.139958],[-122.935993,46.139954],[-122.936038,46.13992],[-122.936041,46.139737],[-122.935986,46.139691],[-122.935782,46.139688],[-122.935782,46.139598],[-122.935883,46.139586],[-122.935912,46.139508],[-122.936013,46.139496],[-122.936042,46.139418],[-122.93613,46.139412],[-122.936171,46.13937],[-122.93617,46.139012],[-122.93613,46.138975],[-122.936042,46.138968]],[[-122.932682,46.134106],[-122.932763,46.134102],[-122.932808,46.134068],[-122.93281,46.13397],[-122.93277,46.133933],[-122.932364,46.133926],[-122.932303,46.133955],[-122.932274,46.134146],[-122.932314,46.134189],[-122.932628,46.134207],[-122.932676,46.134176],[-122.932682,46.134106]],[[-122.932676,46.137164],[-122.932625,46.137143],[-122.932567,46.137153],[-122.932529,46.137195],[-122.932545,46.137236],[-122.932598,46.137256],[-122.93267,46.137244],[-122.932698,46.137206],[-122.932676,46.137164]],[[-122.933067,46.136447],[-122.933156,46.13644],[-122.933195,46.136403],[-122.933197,46.136135],[-122.933149,46.136091],[-122.933008,46.136087],[-122.932956,46.136106],[-122.932938,46.136266],[-122.93262,46.136267],[-122.932556,46.1363],[-122.932553,46.136588],[-122.932597,46.136622],[-122.932679,46.136626],[-122.932685,46.136683],[-122.932727,46.136712],[-122.932997,46.136716],[-122.933049,46.136697],[-122.933067,46.136447]],[[-122.933582,46.138787],[-122.933671,46.138781],[-122.93371,46.138744],[-122.933695,46.138447],[-122.933642,46.138427],[-122.933324,46.138427],[-122.933321,46.138375],[-122.933283,46.138343],[-122.933065,46.138337],[-122.933065,46.138247],[-122.933174,46.13824],[-122.933214,46.138196],[-122.933192,46.137925],[-122.933147,46.137891],[-122.933066,46.137885],[-122.933066,46.137707],[-122.9331,46.137664],[-122.933066,46.137617],[-122.933066,46.137527],[-122.933154,46.13752],[-122.933195,46.137478],[-122.933196,46.137027],[-122.933143,46.136976],[-122.933,46.136988],[-122.932937,46.137035],[-122.932937,46.137346],[-122.932862,46.137349],[-122.932816,46.137375],[-122.932807,46.137616],[-122.932719,46.137623],[-122.932679,46.13766],[-122.932677,46.137976],[-122.932642,46.138019],[-122.932677,46.138066],[-122.932677,46.138336],[-122.93256,46.13836],[-122.932548,46.138473],[-122.932609,46.138515],[-122.932806,46.138517],[-122.932812,46.138573],[-122.932854,46.138602],[-122.933065,46.138607],[-122.933064,46.138787],[-122.932948,46.138811],[-122.932935,46.138918],[-122.932976,46.13896],[-122.933064,46.138967],[-122.933067,46.139032],[-122.93311,46.139066],[-122.933554,46.139045],[-122.933582,46.139008],[-122.933582,46.138787]],[[-122.93259,46.142472],[-122.932733,46.14249],[-122.932788,46.142466],[-122.932798,46.142335],[-122.932746,46.142299],[-122.932597,46.142299],[-122.932546,46.142335],[-122.932545,46.142438],[-122.93259,46.142472]],[[-122.933069,46.135137],[-122.933001,46.135083],[-122.932709,46.135109],[-122.932646,46.135229],[-122.932698,46.135347],[-122.932758,46.135366],[-122.93304,46.135354],[-122.933068,46.135318],[-122.933069,46.135137]],[[-122.934236,46.133657],[-122.934317,46.133653],[-122.934359,46.133624],[-122.934365,46.133526],[-122.934337,46.13349],[-122.934107,46.133477],[-122.934101,46.13342],[-122.934052,46.133389],[-122.933788,46.133387],[-122.933722,46.133425],[-122.933718,46.133567],[-122.933589,46.133567],[-122.93352,46.133543],[-122.933459,46.133567],[-122.933119,46.133571],[-122.933072,46.13361],[-122.93307,46.133746],[-122.932976,46.133749],[-122.932926,46.133781],[-122.93295,46.133898],[-122.932996,46.133924],[-122.93307,46.133927],[-122.933105,46.134007],[-122.933459,46.134017],[-122.933458,46.134287],[-122.933329,46.134287],[-122.933329,46.134155],[-122.933301,46.134119],[-122.933125,46.134109],[-122.933072,46.13415],[-122.93307,46.134286],[-122.932954,46.13431],[-122.93294,46.134412],[-122.933003,46.134465],[-122.933329,46.134467],[-122.93333,46.134693],[-122.933369,46.13473],[-122.933458,46.134737],[-122.933458,46.134827],[-122.933424,46.13488],[-122.933457,46.134917],[-122.933463,46.134987],[-122.933511,46.135018],[-122.933675,46.135001],[-122.933713,46.134969],[-122.933717,46.134917],[-122.933798,46.134913],[-122.93384,46.134884],[-122.933846,46.134647],[-122.933941,46.134638],[-122.933976,46.134593],[-122.933963,46.134491],[-122.933847,46.134467],[-122.933847,46.134197],[-122.934043,46.134196],[-122.934097,46.134169],[-122.934106,46.133927],[-122.934194,46.133921],[-122.934234,46.133884],[-122.934236,46.133657]],[[-122.933259,46.135751],[-122.933409,46.135723],[-122.933453,46.135688],[-122.933455,46.13541],[-122.933402,46.135369],[-122.93324,46.135368],[-122.933179,46.135412],[-122.933198,46.135547],[-122.933089,46.135553],[-122.933049,46.135608],[-122.933103,46.135717],[-122.933259,46.135751]],[[-122.934229,46.141849],[-122.93422,46.141701],[-122.934178,46.141671],[-122.934097,46.141667],[-122.934074,46.141593],[-122.934019,46.141577],[-122.933861,46.141593],[-122.933838,46.141667],[-122.933737,46.141679],[-122.933708,46.141757],[-122.933613,46.141766],[-122.933579,46.141847],[-122.933462,46.141871],[-122.933449,46.142027],[-122.933354,46.142036],[-122.933319,46.142117],[-122.933238,46.142121],[-122.933196,46.14215],[-122.933155,46.142254],[-122.93319,46.142297],[-122.933212,46.142551],[-122.933267,46.142567],[-122.933426,46.142551],[-122.933449,46.142297],[-122.933668,46.142304],[-122.933704,46.142272],[-122.933708,46.142207],[-122.933814,46.142191],[-122.933837,46.142117],[-122.933954,46.142093],[-122.933967,46.142027],[-122.934197,46.142015],[-122.93426,46.1419],[-122.934229,46.141849]],[[-122.934491,46.136447],[-122.93458,46.136441],[-122.934619,46.136404],[-122.934618,46.135946],[-122.934559,46.135908],[-122.934288,46.13591],[-122.934235,46.135951],[-122.934233,46.136087],[-122.934151,46.136091],[-122.934109,46.13612],[-122.934103,46.136267],[-122.934008,46.136276],[-122.933974,46.136321],[-122.933979,46.136594],[-122.934036,46.136626],[-122.934232,46.136627],[-122.934232,46.136717],[-122.933914,46.136717],[-122.933853,46.136746],[-122.933849,46.136864],[-122.933891,46.136893],[-122.933973,46.136897],[-122.933989,46.136979],[-122.933762,46.136991],[-122.93372,46.13702],[-122.933714,46.137077],[-122.93364,46.137079],[-122.933594,46.137105],[-122.933588,46.137219],[-122.933632,46.137253],[-122.933714,46.137257],[-122.933713,46.137347],[-122.933639,46.137349],[-122.933593,46.137375],[-122.933584,46.137617],[-122.933472,46.137637],[-122.933454,46.137797],[-122.933366,46.137803],[-122.933326,46.13784],[-122.933333,46.138128],[-122.933387,46.138156],[-122.933583,46.138157],[-122.933589,46.138214],[-122.933638,46.138245],[-122.933779,46.138246],[-122.933836,46.138214],[-122.933842,46.137977],[-122.933931,46.137971],[-122.933971,46.137928],[-122.933972,46.137527],[-122.934047,46.137525],[-122.934093,46.137499],[-122.934102,46.137257],[-122.93419,46.137251],[-122.93423,46.137214],[-122.934226,46.137111],[-122.934184,46.137081],[-122.934102,46.137077],[-122.934087,46.136995],[-122.934209,46.136971],[-122.934232,46.136897],[-122.934428,46.136896],[-122.934488,46.136859],[-122.934491,46.136447]],[[-122.93473,46.134362],[-122.934768,46.134232],[-122.934711,46.134199],[-122.934435,46.134198],[-122.934378,46.134221],[-122.934364,46.134557],[-122.934276,46.134564],[-122.934235,46.134606],[-122.934234,46.134917],[-122.934023,46.134921],[-122.933981,46.13495],[-122.933975,46.135007],[-122.933869,46.135023],[-122.933849,46.135149],[-122.933894,46.135183],[-122.933975,46.135187],[-122.933975,46.135277],[-122.933764,46.135281],[-122.933722,46.13531],[-122.933716,46.135367],[-122.933634,46.135371],[-122.933592,46.1354],[-122.933586,46.135727],[-122.933498,46.135733],[-122.933457,46.135775],[-122.933456,46.136177],[-122.933368,46.136183],[-122.933327,46.136225],[-122.933327,46.136488],[-122.933374,46.136533],[-122.933523,46.136536],[-122.933579,46.136504],[-122.933585,46.136267],[-122.933674,46.136261],[-122.933713,46.136223],[-122.933715,46.135907],[-122.93379,46.135905],[-122.933836,46.135878],[-122.933845,46.135727],[-122.933926,46.135723],[-122.933971,46.135689],[-122.933975,46.135547],[-122.934352,46.135536],[-122.934366,46.135689],[-122.934433,46.135727],[-122.934703,46.135723],[-122.934745,46.135694],[-122.934751,46.135638],[-122.934833,46.135633],[-122.934875,46.135604],[-122.934879,46.135501],[-122.93484,46.135464],[-122.934374,46.135468],[-122.93434,46.135383],[-122.934234,46.135367],[-122.934234,46.135277],[-122.934315,46.135273],[-122.93436,46.135239],[-122.934364,46.135097],[-122.934445,46.135093],[-122.93449,46.135059],[-122.934494,46.134737],[-122.934575,46.134733],[-122.934617,46.134704],[-122.934623,46.134377],[-122.93473,46.134362]],[[-122.933636,46.136897],[-122.933713,46.136853],[-122.933697,46.136647],[-122.933637,46.136627],[-122.933354,46.136639],[-122.933326,46.136675],[-122.933343,46.136787],[-122.933455,46.136807],[-122.933459,46.136858],[-122.933496,46.13689],[-122.933636,46.136897]],[[-122.933971,46.140589],[-122.9339,46.140563],[-122.933839,46.140587],[-122.933603,46.140603],[-122.933545,46.140719],[-122.933603,46.140841],[-122.933658,46.140857],[-122.933816,46.140841],[-122.933839,46.140767],[-122.93392,46.140763],[-122.933963,46.140734],[-122.934003,46.140635],[-122.933971,46.140589]],[[-122.933835,46.142475],[-122.933784,46.142453],[-122.933726,46.142463],[-122.933688,46.142506],[-122.933704,46.142546],[-122.933757,46.142567],[-122.933829,46.142554],[-122.933857,46.142517],[-122.933835,46.142475]],[[-122.934877,46.138968],[-122.934958,46.138964],[-122.935003,46.138929],[-122.935006,46.138746],[-122.934978,46.13871],[-122.934748,46.138698],[-122.934735,46.138632],[-122.93467,46.138608],[-122.934523,46.138617],[-122.934489,46.138697],[-122.934359,46.138697],[-122.934337,46.138623],[-122.93423,46.138607],[-122.934214,46.138525],[-122.934332,46.138513],[-122.934374,46.138483],[-122.93436,46.138337],[-122.934455,46.138328],[-122.934489,46.138247],[-122.934571,46.138243],[-122.934613,46.138214],[-122.93461,46.138006],[-122.934557,46.137978],[-122.93436,46.137977],[-122.934299,46.137953],[-122.934142,46.137984],[-122.934101,46.138031],[-122.934116,46.13851],[-122.933904,46.138518],[-122.933847,46.13855],[-122.933841,46.138787],[-122.933753,46.138793],[-122.933713,46.13883],[-122.933721,46.139118],[-122.933774,46.139146],[-122.93397,46.139147],[-122.934005,46.139228],[-122.934167,46.139236],[-122.934228,46.139194],[-122.934229,46.139057],[-122.934311,46.139053],[-122.934353,46.139024],[-122.934359,46.138877],[-122.934618,46.138878],[-122.934599,46.139012],[-122.93466,46.139056],[-122.934836,46.139051],[-122.934873,46.139019],[-122.934877,46.138968]],[[-122.934763,46.140548],[-122.93474,46.140351],[-122.934698,46.140322],[-122.934616,46.140317],[-122.934594,46.140243],[-122.934539,46.140227],[-122.93438,46.140243],[-122.934361,46.140459],[-122.934405,46.140493],[-122.934486,46.140498],[-122.934509,46.140572],[-122.934718,46.140583],[-122.934763,46.140548]],[[-122.935526,46.137528],[-122.9356,46.137526],[-122.935646,46.1375],[-122.935646,46.137377],[-122.935593,46.137349],[-122.935397,46.137348],[-122.935387,46.137286],[-122.935334,46.137259],[-122.934749,46.137257],[-122.934673,46.137234],[-122.934525,46.137267],[-122.93449,46.137347],[-122.934374,46.137371],[-122.93436,46.137833],[-122.934395,46.137878],[-122.934585,46.137878],[-122.934619,46.137798],[-122.934736,46.137774],[-122.934749,46.137708],[-122.935137,46.137708],[-122.935137,46.137888],[-122.935049,46.137894],[-122.935009,46.137931],[-122.935007,46.138068],[-122.934973,46.13811],[-122.935007,46.138158],[-122.935007,46.138248],[-122.934653,46.138257],[-122.934619,46.138301],[-122.93462,46.138384],[-122.934653,46.138418],[-122.935088,46.138424],[-122.935131,46.138394],[-122.935137,46.138338],[-122.935253,46.138314],[-122.935266,46.138248],[-122.935382,46.138224],[-122.935396,46.137888],[-122.935484,46.137882],[-122.935525,46.137839],[-122.935526,46.137528]],[[-122.935656,46.136898],[-122.935647,46.136657],[-122.935594,46.136629],[-122.935467,46.136628],[-122.935401,46.136666],[-122.935397,46.136808],[-122.935179,46.136814],[-122.935142,46.136846],[-122.935138,46.136898],[-122.935009,46.136898],[-122.934996,46.136832],[-122.934879,46.136808],[-122.934876,46.136756],[-122.934838,46.136724],[-122.934662,46.136724],[-122.934622,46.136761],[-122.93462,46.136897],[-122.934586,46.136945],[-122.934626,46.137044],[-122.934668,46.137073],[-122.934811,46.137102],[-122.934879,46.137078],[-122.935138,46.137078],[-122.935141,46.137129],[-122.935179,46.137161],[-122.935397,46.137168],[-122.935431,46.137249],[-122.935586,46.137258],[-122.935652,46.13722],[-122.935656,46.137078],[-122.935744,46.137072],[-122.935785,46.137029],[-122.935772,46.136922],[-122.935656,46.136898]],[[-122.935028,46.135058],[-122.935002,46.134946],[-122.934949,46.134919],[-122.934685,46.134919],[-122.934624,46.134961],[-122.934626,46.135059],[-122.934685,46.135096],[-122.934983,46.135093],[-122.935028,46.135058]],[[-122.937342,46.134109],[-122.937333,46.134047],[-122.937272,46.134019],[-122.937118,46.134028],[-122.937081,46.134109],[-122.936825,46.134109],[-122.936802,46.134034],[-122.936649,46.133996],[-122.936484,46.134023],[-122.936438,46.134062],[-122.936445,46.13417],[-122.936498,46.134197],[-122.936695,46.134199],[-122.936695,46.134289],[-122.936436,46.134288],[-122.936367,46.134264],[-122.936306,46.134288],[-122.935836,46.134292],[-122.935794,46.134321],[-122.935788,46.134378],[-122.935707,46.134382],[-122.935662,46.134416],[-122.935624,46.13451],[-122.935659,46.134558],[-122.935659,46.134648],[-122.93547,46.134648],[-122.935413,46.134672],[-122.935399,46.135098],[-122.935298,46.13511],[-122.93527,46.135188],[-122.935181,46.135194],[-122.935141,46.135236],[-122.935143,46.135419],[-122.935188,46.135454],[-122.935269,46.135458],[-122.935269,46.135548],[-122.93508,46.135548],[-122.935028,46.135567],[-122.93501,46.135818],[-122.934922,46.135824],[-122.934882,46.135861],[-122.934896,46.13635],[-122.934798,46.136362],[-122.934756,46.136391],[-122.93475,46.136574],[-122.934785,46.136618],[-122.934879,46.136628],[-122.934914,46.136709],[-122.935068,46.136717],[-122.935129,46.136689],[-122.935171,46.13657],[-122.935116,46.136464],[-122.935009,46.136448],[-122.934994,46.136365],[-122.93511,46.136345],[-122.935139,46.136268],[-122.93524,46.136256],[-122.935269,46.136178],[-122.935363,46.136169],[-122.935398,46.136088],[-122.935514,46.136064],[-122.935528,46.135818],[-122.935732,46.135816],[-122.935781,46.135785],[-122.935787,46.135728],[-122.936,46.135751],[-122.936153,46.135713],[-122.936175,46.135638],[-122.936364,46.135638],[-122.936421,46.135614],[-122.936435,46.135189],[-122.936547,46.135169],[-122.936565,46.135009],[-122.936646,46.135004],[-122.936691,46.13497],[-122.936694,46.134649],[-122.936919,46.13464],[-122.936953,46.134559],[-122.93707,46.134535],[-122.937083,46.134469],[-122.937401,46.134469],[-122.937465,46.134436],[-122.937468,46.134147],[-122.937424,46.134113],[-122.937342,46.134109]],[[-122.935072,46.134852],[-122.935222,46.134824],[-122.935267,46.134789],[-122.935269,46.134691],[-122.935229,46.134654],[-122.934823,46.134648],[-122.934762,46.134676],[-122.934754,46.134784],[-122.934793,46.134821],[-122.935011,46.134828],[-122.935072,46.134852]],[[-122.934925,46.142118],[-122.934999,46.142079],[-122.934994,46.141966],[-122.93494,46.141939],[-122.934785,46.141944],[-122.934745,46.141981],[-122.934753,46.142089],[-122.934806,46.142117],[-122.934925,46.142118]],[[-122.935544,46.134523],[-122.935502,46.134377],[-122.935447,46.134364],[-122.935282,46.134389],[-122.935265,46.134321],[-122.935223,46.134292],[-122.934957,46.134274],[-122.934888,46.134307],[-122.934882,46.134509],[-122.93493,46.134554],[-122.935093,46.134554],[-122.935135,46.134524],[-122.935141,46.134468],[-122.93526,46.134457],[-122.935305,46.134549],[-122.935487,46.134557],[-122.935544,46.134523]],[[-122.934916,46.140761],[-122.935066,46.140781],[-122.935121,46.140757],[-122.935132,46.140631],[-122.935086,46.140592],[-122.934935,46.140575],[-122.934878,46.140612],[-122.934876,46.140724],[-122.934916,46.140761]],[[-122.935288,46.134068],[-122.935254,46.133858],[-122.935102,46.133825],[-122.93504,46.133837],[-122.935012,46.133878],[-122.93503,46.134088],[-122.935082,46.134107],[-122.935243,46.134103],[-122.935288,46.134068]],[[-122.935637,46.134092],[-122.935678,46.133973],[-122.935646,46.133937],[-122.935456,46.13393],[-122.935406,46.133961],[-122.935368,46.134076],[-122.935419,46.134121],[-122.935484,46.13413],[-122.935637,46.134092]],[[-122.935649,46.140563],[-122.935669,46.140448],[-122.935617,46.140411],[-122.935435,46.140409],[-122.935376,46.140448],[-122.935399,46.140555],[-122.935448,46.140586],[-122.935612,46.140595],[-122.935649,46.140563]],[[-122.935418,46.138772],[-122.935723,46.138801],[-122.935778,46.138768],[-122.935761,46.138624],[-122.935585,46.138584],[-122.935397,46.138624],[-122.935376,46.138669],[-122.935418,46.138772]],[[-122.935717,46.136562],[-122.935867,46.136534],[-122.93591,46.136505],[-122.935915,46.136407],[-122.935881,46.136367],[-122.935473,46.136344],[-122.93541,46.136369],[-122.935398,46.136489],[-122.935432,46.136529],[-122.935656,46.136538],[-122.935717,46.136562]],[[-122.935912,46.138205],[-122.935933,46.138029],[-122.935912,46.137995],[-122.935768,46.137971],[-122.935769,46.137896],[-122.936132,46.137882],[-122.936171,46.137845],[-122.936167,46.137742],[-122.936103,46.137709],[-122.935703,46.137712],[-122.935658,46.137746],[-122.935671,46.13788],[-122.93562,46.13793],[-122.935671,46.137986],[-122.935655,46.138068],[-122.93558,46.13807],[-122.935534,46.138097],[-122.935534,46.138219],[-122.935595,46.138248],[-122.935872,46.138242],[-122.935912,46.138205]],[[-122.93579,46.133118],[-122.935809,46.133073],[-122.935776,46.133038],[-122.935703,46.133029],[-122.935653,46.133053],[-122.935643,46.133095],[-122.935679,46.133132],[-122.935737,46.133142],[-122.93579,46.133118]],[[-122.936951,46.137079],[-122.937039,46.137072],[-122.937079,46.137035],[-122.93708,46.136858],[-122.937032,46.136813],[-122.936115,46.136809],[-122.936046,46.136852],[-122.93606,46.136981],[-122.935932,46.137008],[-122.93588,46.137126],[-122.935956,46.137252],[-122.936233,46.137258],[-122.9363,46.13722],[-122.936302,46.137122],[-122.936262,46.137085],[-122.936174,46.137078],[-122.936174,46.136988],[-122.936562,46.136989],[-122.936543,46.137124],[-122.936604,46.137168],[-122.936902,46.137165],[-122.936945,46.137135],[-122.936951,46.137079]],[[-122.936099,46.134198],[-122.936174,46.13416],[-122.936164,46.134042],[-122.936107,46.134019],[-122.935932,46.134028],[-122.935898,46.134074],[-122.935931,46.134174],[-122.935981,46.134197],[-122.936099,46.134198]],[[-122.936309,46.132079],[-122.936241,46.132025],[-122.935949,46.13205],[-122.935921,46.132092],[-122.935938,46.132288],[-122.93599,46.132308],[-122.936151,46.132296],[-122.936179,46.132218],[-122.936254,46.132216],[-122.9363,46.13219],[-122.936309,46.132079]],[[-122.936359,46.133478],[-122.936435,46.133435],[-122.936428,46.133237],[-122.936382,46.133211],[-122.936308,46.133208],[-122.936304,46.133143],[-122.936262,46.133109],[-122.936069,46.133125],[-122.936029,46.133169],[-122.936058,46.13345],[-122.936118,46.133478],[-122.936359,46.133478]],[[-122.936224,46.138428],[-122.936298,46.13839],[-122.936293,46.138277],[-122.936239,46.138249],[-122.936084,46.138255],[-122.936044,46.138292],[-122.936052,46.1384],[-122.936105,46.138427],[-122.936224,46.138428]],[[-122.936557,46.136519],[-122.93658,46.136398],[-122.936528,46.136361],[-122.936115,46.136359],[-122.936051,46.136392],[-122.936045,46.13649],[-122.936107,46.136537],[-122.936495,46.136552],[-122.936557,46.136519]],[[-122.936481,46.140049],[-122.936555,46.14001],[-122.936546,46.139893],[-122.936489,46.139869],[-122.936314,46.139878],[-122.93628,46.139924],[-122.936313,46.140024],[-122.936362,46.140047],[-122.936481,46.140049]],[[-122.936856,46.135962],[-122.936817,46.135852],[-122.936767,46.135821],[-122.936457,46.135834],[-122.936399,46.135951],[-122.93645,46.136081],[-122.936313,46.136117],[-122.936327,46.136253],[-122.936505,46.136269],[-122.936561,46.136252],[-122.936583,46.136213],[-122.936547,46.136096],[-122.936799,46.136073],[-122.936856,46.135962]],[[-122.936696,46.133609],[-122.936628,46.133555],[-122.936465,46.133581],[-122.936437,46.133617],[-122.936453,46.133742],[-122.936519,46.133762],[-122.936667,46.133736],[-122.936694,46.133705],[-122.936696,46.133609]],[[-122.936818,46.139599],[-122.9369,46.139595],[-122.936942,46.139565],[-122.936925,46.139435],[-122.936689,46.139419],[-122.936683,46.139362],[-122.936634,46.139331],[-122.936453,46.139344],[-122.93643,46.139383],[-122.93643,46.139725],[-122.936452,46.139763],[-122.936507,46.139779],[-122.936654,46.13977],[-122.936689,46.139689],[-122.936805,46.139665],[-122.936818,46.139599]],[[-122.93669,46.138199],[-122.936663,46.138158],[-122.936608,46.138145],[-122.936546,46.138167],[-122.936526,46.138206],[-122.936552,46.138244],[-122.936615,46.138262],[-122.936673,46.138242],[-122.93669,46.138199]],[[-122.936818,46.140089],[-122.936757,46.140036],[-122.936593,46.140058],[-122.93656,46.140092],[-122.936551,46.140204],[-122.936608,46.140228],[-122.936783,46.14022],[-122.936816,46.140185],[-122.936818,46.140089]],[[-122.937864,46.133208],[-122.937896,46.133161],[-122.937861,46.133119],[-122.937844,46.132869],[-122.937791,46.132849],[-122.937457,46.132841],[-122.937473,46.132759],[-122.937555,46.132755],[-122.937599,46.132721],[-122.937603,46.132489],[-122.937677,46.132487],[-122.937723,46.132461],[-122.937715,46.132329],[-122.937542,46.132285],[-122.937474,46.132309],[-122.937344,46.132309],[-122.937331,46.132243],[-122.937267,46.132219],[-122.93712,46.132228],[-122.937085,46.132309],[-122.936725,46.132321],[-122.936698,46.132352],[-122.936678,46.132534],[-122.936724,46.132574],[-122.936826,46.132579],[-122.936826,46.132669],[-122.93659,46.132684],[-122.936567,46.132723],[-122.936584,46.132842],[-122.936642,46.132862],[-122.936826,46.132849],[-122.936829,46.133004],[-122.936901,46.133043],[-122.93705,46.133026],[-122.937096,46.132999],[-122.937085,46.132759],[-122.937214,46.132759],[-122.937237,46.132833],[-122.937359,46.132857],[-122.937343,46.133029],[-122.937249,46.133038],[-122.937214,46.133119],[-122.937102,46.133139],[-122.937084,46.133299],[-122.937003,46.133303],[-122.936961,46.133332],[-122.936954,46.133569],[-122.936866,46.133575],[-122.936826,46.133612],[-122.936842,46.133819],[-122.937023,46.133851],[-122.937078,46.133819],[-122.937084,46.133749],[-122.937213,46.133749],[-122.937216,46.133814],[-122.937259,46.133848],[-122.937472,46.133839],[-122.937472,46.13397],[-122.9375,46.134007],[-122.937702,46.134007],[-122.93773,46.13397],[-122.937731,46.133839],[-122.937819,46.133833],[-122.93786,46.133791],[-122.937864,46.133208]],[[-122.93747,46.135639],[-122.937489,46.135504],[-122.937456,46.135469],[-122.937211,46.135459],[-122.937198,46.135393],[-122.937082,46.135369],[-122.937054,46.135291],[-122.936886,46.13528],[-122.936825,46.135322],[-122.936823,46.135459],[-122.936626,46.13546],[-122.936573,46.135487],[-122.936565,46.135685],[-122.936626,46.135728],[-122.936882,46.135728],[-122.936943,46.1357],[-122.936952,46.135639],[-122.937081,46.135639],[-122.937099,46.135799],[-122.937211,46.135819],[-122.937214,46.135871],[-122.937252,46.135903],[-122.937407,46.135908],[-122.937461,46.13588],[-122.93747,46.135819],[-122.937558,46.135813],[-122.937599,46.13577],[-122.937586,46.135663],[-122.93747,46.135639]],[[-122.93721,46.136269],[-122.937327,46.136245],[-122.937337,46.136127],[-122.937285,46.136091],[-122.937136,46.136091],[-122.937087,46.136122],[-122.937081,46.136179],[-122.936999,46.136183],[-122.936955,46.136217],[-122.936974,46.136433],[-122.937029,46.136449],[-122.937187,46.136433],[-122.93721,46.136269]],[[-122.937227,46.138114],[-122.937202,46.138012],[-122.937153,46.137981],[-122.937005,46.137981],[-122.936953,46.138017],[-122.936953,46.13812],[-122.937004,46.138156],[-122.937194,46.138149],[-122.937227,46.138114]],[[-122.93747,46.135229],[-122.93741,46.135177],[-122.937246,46.135198],[-122.937212,46.135238],[-122.937224,46.135345],[-122.937281,46.135369],[-122.937436,46.13536],[-122.937469,46.135326],[-122.93747,46.135229]],[[-122.93739,46.137529],[-122.937465,46.137491],[-122.937459,46.137378],[-122.937406,46.13735],[-122.93725,46.137355],[-122.937211,46.137392],[-122.937218,46.1375],[-122.937271,46.137528],[-122.93739,46.137529]],[[-122.937474,46.13501],[-122.937416,46.134995],[-122.937358,46.135015],[-122.937342,46.135064],[-122.937368,46.1351],[-122.937431,46.135112],[-122.93749,46.135086],[-122.937505,46.135046],[-122.937474,46.13501]],[[-122.937736,46.132041],[-122.937664,46.132015],[-122.937603,46.132039],[-122.937386,46.132045],[-122.937346,46.132082],[-122.937354,46.13219],[-122.937535,46.132243],[-122.937692,46.132213],[-122.937767,46.132092],[-122.937736,46.132041]],[[-122.93786,46.134559],[-122.937854,46.134503],[-122.937812,46.134473],[-122.937519,46.134473],[-122.937477,46.134502],[-122.937471,46.134559],[-122.937397,46.134561],[-122.937351,46.134588],[-122.937347,46.134706],[-122.937389,46.134735],[-122.937471,46.134739],[-122.937477,46.134796],[-122.937519,46.134825],[-122.937811,46.134825],[-122.937853,46.134796],[-122.937859,46.134739],[-122.937948,46.134733],[-122.937989,46.134691],[-122.937976,46.134583],[-122.93786,46.134559]],[[-122.938248,46.137081],[-122.938184,46.137055],[-122.938116,46.137079],[-122.937986,46.137079],[-122.937983,46.137028],[-122.937945,46.136996],[-122.937775,46.136993],[-122.937733,46.137023],[-122.937727,46.137079],[-122.937611,46.137103],[-122.937598,46.137169],[-122.937481,46.137193],[-122.937474,46.137316],[-122.937538,46.137349],[-122.937938,46.137345],[-122.93798,46.137316],[-122.937986,46.137259],[-122.938175,46.137259],[-122.938227,46.13724],[-122.93828,46.137127],[-122.938248,46.137081]],[[-122.938043,46.132849],[-122.938119,46.132806],[-122.938112,46.132608],[-122.938066,46.132582],[-122.937991,46.132579],[-122.937988,46.132528],[-122.93795,46.132496],[-122.937773,46.132496],[-122.937734,46.132533],[-122.937734,46.132626],[-122.937773,46.132663],[-122.937862,46.132669],[-122.937871,46.132821],[-122.937924,46.132848],[-122.938043,46.132849]],[[-122.937992,46.132079],[-122.937965,46.132038],[-122.937909,46.132026],[-122.937848,46.132048],[-122.937828,46.132087],[-122.937853,46.132124],[-122.937917,46.132143],[-122.937975,46.132123],[-122.937992,46.132079]],[[-122.938149,46.136481],[-122.938111,46.136393],[-122.938061,46.136362],[-122.937913,46.136362],[-122.937861,46.136398],[-122.93787,46.136515],[-122.938033,46.136562],[-122.938085,46.136558],[-122.93814,46.136522],[-122.938149,46.136481]],[[-122.938639,46.13267],[-122.938629,46.132608],[-122.938576,46.132581],[-122.93832,46.13258],[-122.938259,46.132608],[-122.93825,46.132939],[-122.938155,46.132948],[-122.93812,46.133029],[-122.938013,46.133045],[-122.937957,46.133156],[-122.93799,46.133209],[-122.937992,46.133436],[-122.938031,46.133473],[-122.938181,46.133504],[-122.938249,46.133479],[-122.938453,46.133477],[-122.938502,46.133446],[-122.938508,46.13339],[-122.938583,46.133387],[-122.938628,46.133361],[-122.938638,46.13285],[-122.938733,46.132841],[-122.938768,46.132796],[-122.938755,46.132694],[-122.938639,46.13267]],[[-122.938298,46.13636],[-122.938372,46.136321],[-122.938362,46.136204],[-122.938306,46.13618],[-122.93813,46.136189],[-122.938097,46.136235],[-122.93813,46.136335],[-122.938179,46.136358],[-122.938298,46.13636]],[[-122.938174,46.13223],[-122.938367,46.132195],[-122.938377,46.132078],[-122.938325,46.132042],[-122.938176,46.132042],[-122.938123,46.132083],[-122.938124,46.132195],[-122.938174,46.13223]],[[-122.93867,46.135063],[-122.93863,46.134953],[-122.938588,46.134924],[-122.9384,46.134935],[-122.938377,46.134974],[-122.938399,46.135174],[-122.938454,46.13519],[-122.938613,46.135174],[-122.93867,46.135063]],[[-122.938769,46.13204],[-122.938765,46.131974],[-122.938729,46.131943],[-122.938565,46.131952],[-122.938513,46.131988],[-122.938513,46.132091],[-122.938558,46.132125],[-122.938639,46.13213],[-122.938642,46.132181],[-122.93868,46.132213],[-122.938843,46.132217],[-122.938895,46.132181],[-122.938895,46.132078],[-122.93885,46.132044],[-122.938769,46.13204]]]}},{"type":"Feature","properties":{"id":65,"area_m2":25300,"px":253,"rank":2,"persistent":false},"geometry":{"type":"Polygon","coordinates":[[[-122.94498,46.134023],[-122.94498,46.134293],[-122.944744,46.134309],[-122.944721,46.134473],[-122.944462,46.134473],[-122.944428,46.134392],[-122.944273,46.134383],[-122.944212,46.134411],[-122.944203,46.134472],[-122.944129,46.134475],[-122.944083,46.134501],[-122.944077,46.134704],[-122.944121,46.134738],[-122.944203,46.134743],[-122.944203,46.135012],[-122.944073,46.135012],[-122.94405,46.134938],[-122.943944,46.134922],[-122.943909,46.134841],[-122.943815,46.134832],[-122.943815,46.134742],[-122.943931,46.134718],[-122.943944,46.134616],[-122.94391,46.134571],[-122.943815,46.134562],[-122.943797,46.134402],[-122.943745,46.134383],[-122.943556,46.134382],[-122.94355,46.134326],[-122.943501,46.134294],[-122.943372,46.134278],[-122.943314,46.134299],[-122.943262,46.134424],[-122.943297,46.134472],[-122.943297,46.134562],[-122.9431,46.134563],[-122.943047,46.13459],[-122.943037,46.134922],[-122.942963,46.134924],[-122.942917,46.13495],[-122.942873,46.135054],[-122.942908,46.135102],[-122.942908,46.135192],[-122.942819,46.135198],[-122.94278,46.135235],[-122.94278,46.135328],[-122.942807,46.13536],[-122.943037,46.135372],[-122.943037,46.135462],[-122.942949,46.135468],[-122.942909,46.135505],[-122.942907,46.135912],[-122.942689,46.135918],[-122.942651,46.13595],[-122.942648,46.136002],[-122.942519,46.136002],[-122.94251,46.13585],[-122.942464,46.135824],[-122.942389,46.13582],[-122.94239,46.135732],[-122.942471,46.135728],[-122.942516,46.135693],[-122.942519,46.135552],[-122.942631,46.135532],[-122.942683,46.135425],[-122.942649,46.135372],[-122.94264,46.13522],[-122.942594,46.135194],[-122.94252,46.135192],[-122.94252,46.135102],[-122.942601,46.135098],[-122.942646,46.135063],[-122.942626,46.134938],[-122.94252,46.134922],[-122.942502,46.134851],[-122.94239,46.134832],[-122.942381,46.13477],[-122.942328,46.134743],[-122.942166,46.134751],[-122.942131,46.134831],[-122.941907,46.13484],[-122.941874,46.134875],[-122.941872,46.135011],[-122.941838,46.135054],[-122.941872,46.135101],[-122.941872,46.135281],[-122.941743,46.135281],[-122.941742,46.13515],[-122.941708,46.13511],[-122.941354,46.135101],[-122.941332,46.135027],[-122.941225,46.135011],[-122.941225,46.134921],[-122.941332,46.134905],[-122.941355,46.134831],[-122.941551,46.13483],[-122.941612,46.134788],[-122.941612,46.134695],[-122.941585,46.134663],[-122.941355,46.134651],[-122.941355,46.134381],[-122.941444,46.134375],[-122.941483,46.134338],[-122.941485,46.134021],[-122.941803,46.134021],[-122.94187,46.133983],[-122.941888,46.133876],[-122.941839,46.133844],[-122.941744,46.133841],[-122.941744,46.133753],[-122.941861,46.133727],[-122.941872,46.133615],[-122.941833,46.133578],[-122.941744,46.133571],[-122.941745,46.133481],[-122.94207,46.13348],[-122.942124,46.133453],[-122.942133,46.133392],[-122.942262,46.133392],[-122.94228,46.133642],[-122.942332,46.133661],[-122.942521,46.133662],[-122.942501,46.133791],[-122.942541,46.133835],[-122.94278,46.133842],[-122.94278,46.133932],[-122.942698,46.133936],[-122.942654,46.13397],[-122.94265,46.134112],[-122.942521,46.134112],[-122.942515,46.134055],[-122.942466,46.134024],[-122.942329,46.134008],[-122.942267,46.134041],[-122.942261,46.134202],[-122.942227,46.134249],[-122.942261,46.134292],[-122.942263,46.134608],[-122.942324,46.134651],[-122.942616,46.134656],[-122.94265,46.134562],[-122.942731,46.134558],[-122.942773,46.134528],[-122.942779,46.134382],[-122.942874,46.134373],[-122.942909,46.134292],[-122.943003,46.134289],[-122.94305,46.134262],[-122.943038,46.134112],[-122.943127,46.134106],[-122.943166,46.134069],[-122.943168,46.133752],[-122.943257,46.133746],[-122.943297,46.133703],[-122.943295,46.13352],[-122.94325,46.133486],[-122.943169,46.133482],[-122.943169,46.133392],[-122.943264,46.133383],[-122.943298,46.133302],[-122.943415,46.133278],[-122.943428,46.133122],[-122.943687,46.133122],[-122.943687,46.133212],[-122.943605,46.133216],[-122.94356,46.133251],[-122.943558,46.133439],[-122.943619,46.133481],[-122.943816,46.133482],[-122.943838,46.133557],[-122.943945,46.133572],[-122.943945,46.133897],[-122.943972,46.133933],[-122.944027,46.133946],[-122.944163,46.133926],[-122.9442,46.133894],[-122.944204,46.133843],[-122.944429,46.133847],[-122.944463,46.133753],[-122.944544,46.133749],[-122.944586,46.133719],[-122.944593,46.133573],[-122.944699,46.133557],[-122.944722,46.133483],[-122.944851,46.133483],[-122.944851,46.133843],[-122.944735,46.133867],[-122.944723,46.133979],[-122.944784,46.134022],[-122.94498,46.134023]],[[-122.944108,46.13415],[-122.944041,46.134018],[-122.943977,46.13401],[-122.943925,46.134035],[-122.943912,46.134081],[-122.94396,46.13412],[-122.943945,46.134167],[-122.943978,46.134207],[-122.944035,46.134216],[-122.944093,46.13419],[-122.944108,46.13415]],[[-122.94446,46.134111],[-122.944394,46.134089],[-122.944322,46.134124],[-122.944231,46.134117],[-122.944189,46.134147],[-122.944188,46.134184],[-122.944264,46.134227],[-122.944344,46.134192],[-122.944435,46.134198],[-122.944481,46.134158],[-122.94446,46.134111]]]}},{"type":"Feature","properties":{"id":1,"area_m2":16900,"px":169,"rank":3,"persistent":false},"geometry":{"type":"Polygon","coordinates":[[[-122.941475,46.143291],[-122.941475,46.143381],[-122.94138,46.14339],[-122.941345,46.143471],[-122.941264,46.143475],[-122.941222,46.143504],[-122.941216,46.143741],[-122.941134,46.143745],[-122.94109,46.143779],[-122.941051,46.143873],[-122.941086,46.143921],[-122.941086,46.144101],[-122.941012,46.144103],[-122.940966,46.14413],[-122.940956,46.144281],[-122.940697,46.144281],[-122.940688,46.144219],[-122.940627,46.144191],[-122.939662,46.14419],[-122.939627,46.144109],[-122.93948,46.1441],[-122.939404,46.144144],[-122.939402,46.14437],[-122.938627,46.14437],[-122.938564,46.144346],[-122.938496,46.14437],[-122.938237,46.14437],[-122.938237,46.14419],[-122.938272,46.144142],[-122.938225,46.14402],[-122.938162,46.143996],[-122.937979,46.144009],[-122.937956,46.143935],[-122.937849,46.143919],[-122.937849,46.143829],[-122.93795,46.143817],[-122.937979,46.143739],[-122.93808,46.143727],[-122.938108,46.14365],[-122.938203,46.14364],[-122.938238,46.14356],[-122.938312,46.143557],[-122.938358,46.143531],[-122.938402,46.143427],[-122.938368,46.14338],[-122.938368,46.1432],[-122.938497,46.1432],[-122.938515,46.14327],[-122.938627,46.14329],[-122.93864,46.143356],[-122.938756,46.14338],[-122.938759,46.143432],[-122.938797,46.143463],[-122.939015,46.14347],[-122.939076,46.143494],[-122.939146,46.14347],[-122.939533,46.14347],[-122.939601,46.143494],[-122.939662,46.14347],[-122.939996,46.143468],[-122.940045,46.143437],[-122.940051,46.143381],[-122.940167,46.143357],[-122.94018,46.143291],[-122.94031,46.143291],[-122.940316,46.143347],[-122.940365,46.143378],[-122.940623,46.143395],[-122.940689,46.143366],[-122.940698,46.143291],[-122.940828,46.143291],[-122.940841,46.143357],[-122.940905,46.143381],[-122.941283,46.14338],[-122.941336,46.143353],[-122.941346,46.143291],[-122.941475,46.143291]],[[-122.938936,46.1441],[-122.939013,46.144057],[-122.939013,46.143963],[-122.93898,46.143929],[-122.938816,46.143896],[-122.938623,46.14394],[-122.938607,46.143981],[-122.93866,46.144091],[-122.938936,46.1441]],[[-122.939532,46.14383],[-122.939614,46.143826],[-122.939659,46.143792],[-122.939659,46.143689],[-122.939607,46.143653],[-122.939426,46.143666],[-122.939403,46.14374],[-122.939329,46.143742],[-122.939283,46.143769],[-122.939256,46.14388],[-122.939316,46.143919],[-122.939477,46.143918],[-122.939526,46.143887],[-122.939532,46.14383]],[[-122.94083,46.14374],[-122.940862,46.143693],[-122.940827,46.143651],[-122.940826,46.143514],[-122.940793,46.14348],[-122.94063,46.143447],[-122.940569,46.143471],[-122.940372,46.143472],[-122.940323,46.143495],[-122.94031,46.143597],[-122.940332,46.143635],[-122.940568,46.143651],[-122.940568,46.143741],[-122.940534,46.143789],[-122.940568,46.143831],[-122.940569,46.144057],[-122.940616,46.144097],[-122.940785,46.1441],[-122.940842,46.144066],[-122.94083,46.14374]]]}},{"type":"Feature","properties":{"id":88,"area_m2":14000,"px":140,"rank":4,"persistent":false},"geometry":{"type":"Polygon","coordinates":[[[-122.946148,46.131773],[-122.946147,46.131953],[-122.946041,46.131969],[-122.946018,46.132043],[-122.9458,46.13205],[-122.945762,46.132082],[-122.945759,46.132133],[-122.945664,46.132136],[-122.945618,46.132163],[-122.945629,46.132583],[-122.945548,46.132587],[-122.945503,46.132621],[-122.945499,46.132853],[-122.945393,46.132869],[-122.94537,46.132943],[-122.945253,46.132967],[-122.94524,46.133033],[-122.945111,46.133033],[-122.945131,46.132813],[-122.945084,46.132767],[-122.944875,46.132779],[-122.944852,46.132943],[-122.944593,46.132943],[-122.944593,46.132721],[-122.944559,46.132682],[-122.944076,46.132672],[-122.944014,46.132648],[-122.943865,46.132676],[-122.943822,46.132706],[-122.943816,46.132942],[-122.94371,46.132958],[-122.943687,46.133032],[-122.943557,46.133032],[-122.943558,46.132672],[-122.943659,46.13266],[-122.943687,46.132582],[-122.943776,46.132576],[-122.943816,46.132534],[-122.943811,46.132436],[-122.943769,46.132406],[-122.943688,46.132402],[-122.943688,46.132314],[-122.943776,46.132306],[-122.943816,46.132269],[-122.943817,46.132132],[-122.943852,46.13209],[-122.943817,46.132042],[-122.943818,46.131772],[-122.944594,46.131773],[-122.944594,46.132043],[-122.944493,46.132055],[-122.944464,46.132133],[-122.944376,46.132139],[-122.944336,46.132176],[-122.944336,46.132449],[-122.944412,46.132493],[-122.944675,46.132489],[-122.944717,46.132459],[-122.944723,46.132403],[-122.944805,46.132399],[-122.944847,46.132369],[-122.944853,46.132133],[-122.944888,46.13209],[-122.944853,46.132043],[-122.944853,46.131773],[-122.945371,46.131773],[-122.945384,46.131839],[-122.945449,46.131863],[-122.945595,46.131854],[-122.94563,46.131773],[-122.945759,46.131773],[-122.945772,46.131839],[-122.945837,46.131863],[-122.945984,46.131854],[-122.946018,46.131773],[-122.946148,46.131773]]]}},{"type":"Feature","properties":{"id":5,"area_m2":12500,"px":125,"rank":5,"persistent":false},"geometry":{"type":"Polygon","coordinates":[[[-122.937331,46.143559],[-122.937331,46.143649],[-122.937236,46.143658],[-122.937202,46.143739],[-122.937127,46.143741],[-122.937082,46.143767],[-122.937072,46.144009],[-122.936965,46.144025],[-122.936942,46.144099],[-122.936813,46.144099],[-122.9368,46.144033],[-122.936684,46.144009],[-122.936678,46.143952],[-122.936629,46.143921],[-122.936166,46.143918],[-122.936105,46.143894],[-122.93592,46.143942],[-122.935907,46.144098],[-122.935777,46.144098],[-122.935777,46.143918],[-122.935812,46.143876],[-122.935778,46.143828],[-122.935778,46.143738],[-122.935859,46.143734],[-122.935904,46.1437],[-122.935898,46.143497],[-122.935852,46.143471],[-122.935778,46.143468],[-122.935772,46.143412],[-122.93573,46.143382],[-122.935519,46.143378],[-122.935513,46.143321],[-122.935471,46.143292],[-122.935131,46.143288],[-122.935131,46.143018],[-122.935205,46.143016],[-122.935251,46.142989],[-122.935261,46.142838],[-122.935342,46.142834],[-122.935387,46.1428],[-122.93539,46.142658],[-122.935724,46.142656],[-122.935773,46.142625],[-122.935779,46.142568],[-122.935975,46.142567],[-122.936035,46.14253],[-122.93602,46.142408],[-122.935968,46.142389],[-122.935779,46.142388],[-122.935756,46.142314],[-122.93565,46.142298],[-122.93565,46.142208],[-122.936038,46.142208],[-122.936042,46.14226],[-122.936079,46.142292],[-122.936269,46.142286],[-122.936297,46.142209],[-122.936386,46.142202],[-122.936425,46.142165],[-122.936414,46.142053],[-122.936298,46.142028],[-122.936298,46.14185],[-122.936404,46.141833],[-122.936427,46.141759],[-122.936557,46.141759],[-122.936538,46.141984],[-122.936584,46.142024],[-122.936686,46.142029],[-122.936686,46.142209],[-122.936591,46.142211],[-122.936541,46.142243],[-122.936556,46.142479],[-122.936238,46.142479],[-122.936177,46.142507],[-122.936167,46.142748],[-122.936093,46.142751],[-122.936047,46.142777],[-122.936037,46.143018],[-122.935931,46.143034],[-122.935875,46.14314],[-122.935908,46.143198],[-122.935911,46.14334],[-122.935978,46.143378],[-122.936682,46.143379],[-122.936745,46.143403],[-122.936814,46.143379],[-122.936943,46.143379],[-122.936945,46.143605],[-122.937006,46.143648],[-122.937154,46.143645],[-122.937196,46.143616],[-122.937202,46.143559],[-122.937331,46.143559]]]}},{"type":"Feature","properties":{"id":87,"area_m2":11200,"px":112,"rank":6,"persistent":false},"geometry":{"type":"Polygon","coordinates":[[[-122.933201,46.132577],[-122.933201,46.132667],[-122.932741,46.132666],[-122.932685,46.132683],[-122.932664,46.132722],[-122.932683,46.132936],[-122.932091,46.132938],[-122.932042,46.132969],[-122.932036,46.133026],[-122.931919,46.13305],[-122.931906,46.133116],[-122.931777,46.133116],[-122.931775,46.132979],[-122.931722,46.132938],[-122.931389,46.132935],[-122.931328,46.132911],[-122.931259,46.132935],[-122.931,46.132935],[-122.931,46.132845],[-122.931225,46.132836],[-122.931279,46.132721],[-122.931225,46.132668],[-122.931001,46.132665],[-122.931001,46.132575],[-122.931319,46.132575],[-122.931371,46.132556],[-122.931389,46.132306],[-122.931478,46.132299],[-122.931517,46.132262],[-122.931519,46.132036],[-122.931614,46.132033],[-122.93166,46.132006],[-122.931649,46.131856],[-122.931867,46.131849],[-122.931904,46.131817],[-122.931908,46.131766],[-122.932037,46.131767],[-122.932037,46.131856],[-122.931956,46.13186],[-122.931911,46.131894],[-122.931911,46.132087],[-122.931955,46.132122],[-122.932091,46.13214],[-122.932163,46.132101],[-122.932167,46.131946],[-122.932355,46.131946],[-122.932412,46.131922],[-122.932426,46.131766],[-122.932685,46.131766],[-122.932746,46.13179],[-122.932814,46.131766],[-122.933073,46.131767],[-122.933072,46.132306],[-122.93296,46.132326],[-122.932909,46.132449],[-122.932977,46.132567],[-122.933201,46.132577]],[[-122.932166,46.132346],[-122.932106,46.132293],[-122.931942,46.132315],[-122.931909,46.132349],[-122.931899,46.132461],[-122.931957,46.132486],[-122.932131,46.132477],[-122.932164,46.132443],[-122.932166,46.132346]],[[-122.932684,46.132306],[-122.932765,46.132302],[-122.93281,46.132268],[-122.932791,46.132052],[-122.932555,46.132036],[-122.932494,46.132012],[-122.932319,46.132052],[-122.932296,46.13209],[-122.932295,46.132432],[-122.932318,46.13247],[-122.932373,46.132486],[-122.932649,46.132477],[-122.932683,46.132438],[-122.932684,46.132306]]]}},{"type":"Feature","properties":{"id":52,"area_m2":3900,"px":39,"rank":7,"persistent":false},"geometry":{"type":"Polygon","coordinates":[[[-122.941741,46.136721],[-122.941741,46.136811],[-122.941646,46.13682],[-122.941611,46.136901],[-122.94153,46.136905],[-122.941485,46.13694],[-122.941481,46.137351],[-122.941352,46.137351],[-122.941291,46.137327],[-122.941222,46.137351],[-122.940964,46.137351],[-122.940951,46.137285],[-122.940886,46.137261],[-122.940739,46.13727],[-122.940705,46.137351],[-122.940575,46.137351],[-122.940575,46.137261],[-122.94067,46.137252],[-122.940705,46.137207],[-122.940692,46.137105],[-122.940576,46.137081],[-122.940576,46.136991],[-122.940682,46.136975],[-122.940738,46.136869],[-122.940705,46.136811],[-122.940705,46.136721],[-122.94074,46.136678],[-122.940706,46.136631],[-122.940706,46.136541],[-122.94078,46.136538],[-122.940826,46.136512],[-122.940835,46.136361],[-122.940965,46.136361],[-122.940982,46.136431],[-122.941094,46.136451],[-122.941112,46.136521],[-122.941223,46.136541],[-122.941236,46.136607],[-122.941353,46.136631],[-122.941356,46.136683],[-122.941394,46.136715],[-122.941741,46.136721]],[[-122.941094,46.136901],[-122.941088,46.136844],[-122.941039,46.136813],[-122.940877,46.136812],[-122.940827,46.136836],[-122.940834,46.136991],[-122.940801,46.137044],[-122.940875,46.137165],[-122.941282,46.137171],[-122.941343,46.137143],[-122.941339,46.136925],[-122.941282,46.136901],[-122.941094,46.136901]]]}},{"type":"Feature","properties":{"id":21,"area_m2":3100,"px":31,"rank":8,"persistent":false},"geometry":{"type":"Polygon","coordinates":[[[-122.939535,46.14149],[-122.939535,46.14158],[-122.939079,46.141581],[-122.939026,46.141609],[-122.939017,46.14167],[-122.938499,46.14167],[-122.938496,46.141618],[-122.938458,46.141586],[-122.93824,46.141579],[-122.93824,46.14149],[-122.938275,46.141447],[-122.93824,46.141399],[-122.938241,46.14113],[-122.938347,46.141114],[-122.93837,46.14104],[-122.938487,46.141016],[-122.9385,46.14095],[-122.938629,46.14095],[-122.938629,46.141261],[-122.938657,46.141298],[-122.938888,46.14131],[-122.938894,46.141367],[-122.938943,46.141398],[-122.939147,46.1414],[-122.939152,46.141457],[-122.939202,46.141488],[-122.939535,46.14149]]]}},{"type":"Feature","properties":{"id":91,"area_m2":2600,"px":26,"rank":9,"persistent":false},"geometry":{"type":"Polygon","coordinates":[[[-122.9433,46.131772],[-122.9433,46.131862],[-122.943089,46.131866],[-122.943047,46.131895],[-122.943041,46.131952],[-122.942966,46.131954],[-122.94292,46.13198],[-122.942911,46.132132],[-122.942823,46.132138],[-122.942783,46.132175],[-122.942781,46.132402],[-122.942675,46.132418],[-122.942619,46.132524],[-122.942651,46.132672],[-122.942545,46.132687],[-122.942522,46.132762],[-122.942263,46.132761],[-122.94224,46.132687],[-122.942134,46.132671],[-122.942134,46.132582],[-122.942318,46.132595],[-122.942371,46.132579],[-122.942393,46.132312],[-122.942488,46.132303],[-122.942523,46.132222],[-122.942604,46.132218],[-122.942646,46.132188],[-122.942653,46.131772],[-122.9433,46.131772]]]}},{"type":"Feature","properties":{"id":68,"area_m2":2400,"px":24,"rank":10,"persistent":false},"geometry":{"type":"Polygon","coordinates":[[[-122.936305,46.135368],[-122.936305,46.135458],[-122.936046,46.135458],[-122.935977,46.135434],[-122.935816,46.13547],[-122.935787,46.135507],[-122.935787,46.135638],[-122.935528,46.135638],[-122.935528,46.135548],[-122.935629,46.135536],[-122.935658,46.135458],[-122.935746,46.135452],[-122.935787,46.135409],[-122.93577,46.135208],[-122.935717,46.135188],[-122.935529,46.135188],[-122.935529,46.135098],[-122.935617,46.135092],[-122.935657,46.135055],[-122.935659,46.134828],[-122.935788,46.134828],[-122.935849,46.134852],[-122.935917,46.134828],[-122.936047,46.134828],[-122.93605,46.13506],[-122.936094,46.135094],[-122.936176,46.135098],[-122.936161,46.135334],[-122.93621,46.135366],[-122.936305,46.135368]]]}},{"type":"Feature","properties":{"id":44,"area_m2":2000,"px":20,"rank":11,"persistent":false},"geometry":{"type":"Polygon","coordinates":[[[-122.939927,46.13798],[-122.939927,46.13807],[-122.939561,46.138086],[-122.939538,46.13825],[-122.939409,46.13825],[-122.939403,46.138193],[-122.939354,46.138162],[-122.93915,46.13816],[-122.93915,46.13807],[-122.939239,46.138064],[-122.939278,46.138027],[-122.93928,46.13789],[-122.939315,46.137848],[-122.93928,46.1378],[-122.93928,46.13771],[-122.939387,46.137694],[-122.93941,46.13762],[-122.939539,46.13762],[-122.939562,46.137694],[-122.939668,46.13771],[-122.939703,46.137791],[-122.939798,46.1378],[-122.939807,46.137952],[-122.939853,46.137978],[-122.939927,46.13798]]]}},{"type":"Feature","properties":{"id":57,"area_m2":2000,"px":20,"rank":12,"persistent":false},"geometry":{"type":"Polygon","coordinates":[[[-122.944072,46.136093],[-122.944072,46.136452],[-122.943847,46.136461],[-122.943813,46.136501],[-122.943812,46.136632],[-122.943683,46.136632],[-122.943683,46.136362],[-122.943716,46.136304],[-122.943661,46.136198],[-122.943554,46.136182],[-122.943553,46.135956],[-122.943513,46.135919],[-122.943425,46.135912],[-122.943425,46.135822],[-122.943684,46.135822],[-122.943707,46.135896],[-122.943813,46.135912],[-122.943836,46.136077],[-122.944072,46.136093]]]}},{"type":"Feature","properties":{"id":46,"area_m2":1900,"px":19,"rank":13,"persistent":false},"geometry":{"type":"Polygon","coordinates":[[[-122.94433,46.137263],[-122.94433,46.137353],[-122.944223,46.137368],[-122.944168,46.137474],[-122.9442,46.137533],[-122.9442,46.137802],[-122.944125,46.137805],[-122.944079,46.137831],[-122.94407,46.137982],[-122.943811,46.137982],[-122.943789,46.137908],[-122.943636,46.13787],[-122.943552,46.137892],[-122.943423,46.137892],[-122.943423,46.137802],[-122.94353,46.137786],[-122.943553,46.137712],[-122.943669,46.137688],[-122.943682,46.137622],[-122.943777,46.13762],[-122.943823,46.137593],[-122.943812,46.137352],[-122.944025,46.137375],[-122.944178,46.137337],[-122.9442,46.137263],[-122.94433,46.137263]]]}},{"type":"Feature","properties":{"id":7,"area_m2":1700,"px":17,"rank":14,"persistent":false},"geometry":{"type":"Polygon","coordinates":[[[-122.942511,46.143562],[-122.942511,46.143652],[-122.942404,46.143668],[-122.942381,46.143742],[-122.942122,46.143742],[-122.942094,46.143664],[-122.941938,46.143638],[-122.941872,46.143667],[-122.941863,46.143741],[-122.941734,46.143741],[-122.941732,46.143515],[-122.941693,46.143478],[-122.941605,46.143471],[-122.941605,46.143291],[-122.941808,46.143289],[-122.941858,46.143258],[-122.941864,46.143202],[-122.941993,46.143202],[-122.941993,46.143292],[-122.941958,46.143339],[-122.941993,46.143382],[-122.942016,46.143546],[-122.942197,46.143559],[-122.942246,46.143528],[-122.942252,46.143472],[-122.942379,46.143472],[-122.942404,46.143546],[-122.942511,46.143562]]]}},{"type":"Feature","properties":{"id":33,"area_m2":1600,"px":16,"rank":15,"persistent":false},"geometry":{"type":"Polygon","coordinates":[[[-122.940702,46.139421],[-122.940702,46.139961],[-122.940595,46.139977],[-122.940572,46.140051],[-122.940443,46.140051],[-122.94044,46.139999],[-122.940402,46.139967],[-122.940184,46.13996],[-122.940184,46.139781],[-122.940314,46.139781],[-122.94032,46.139837],[-122.940369,46.139868],[-122.940502,46.13987],[-122.940555,46.139851],[-122.94057,46.139459],[-122.94051,46.139422],[-122.940314,46.139421],[-122.940308,46.139364],[-122.940266,46.139335],[-122.940055,46.13933],[-122.940055,46.139241],[-122.940444,46.139241],[-122.940466,46.139315],[-122.940573,46.139331],[-122.940608,46.139412],[-122.940702,46.139421]]]}},{"type":"Feature","properties":{"id":66,"area_m2":1500,"px":15,"rank":16,"persistent":false},"geometry":{"type":"Polygon","coordinates":[[[-122.941872,46.135371],[-122.941872,46.135551],[-122.941742,46.135551],[-122.941674,46.135527],[-122.941613,46.135551],[-122.941388,46.13556],[-122.941354,46.1356],[-122.941354,46.135821],[-122.941224,46.135821],[-122.941242,46.135501],[-122.941197,46.135465],[-122.941095,46.13546],[-122.941095,46.135281],[-122.941202,46.135265],[-122.941225,46.135191],[-122.941484,46.135191],[-122.941464,46.135321],[-122.941511,46.135367],[-122.941872,46.135371]]]}},{"type":"Feature","properties":{"id":77,"area_m2":1500,"px":15,"rank":17,"persistent":false},"geometry":{"type":"Polygon","coordinates":[[[-122.940967,46.133931],[-122.940967,46.134021],[-122.94086,46.134037],[-122.940838,46.134111],[-122.940649,46.134111],[-122.940592,46.134135],[-122.940578,46.134291],[-122.94049,46.134297],[-122.94045,46.134334],[-122.940449,46.134561],[-122.940319,46.13456],[-122.940316,46.134419],[-122.940272,46.134385],[-122.94019,46.13438],[-122.94019,46.134291],[-122.940379,46.13429],[-122.940431,46.134271],[-122.940449,46.134111],[-122.940483,46.134058],[-122.940415,46.13394],[-122.940191,46.13393],[-122.940191,46.133841],[-122.940579,46.133841],[-122.940585,46.133897],[-122.940634,46.133928],[-122.940967,46.133931]]]}},{"type":"Feature","properties":{"id":54,"area_m2":1400,"px":14,"rank":18,"persistent":false},"geometry":{"type":"Polygon","coordinates":[[[-122.931513,46.136626],[-122.931513,46.136806],[-122.931425,46.136812],[-122.931385,46.136849],[-122.931383,46.137076],[-122.931277,46.137091],[-122.931254,46.137165],[-122.931138,46.137189],[-122.931124,46.137255],[-122.930995,46.137255],[-122.930995,46.137165],[-122.93103,46.137123],[-122.930995,46.137075],[-122.930995,46.136895],[-122.931199,46.136893],[-122.931254,46.136847],[-122.931241,46.136739],[-122.931125,46.136715],[-122.931125,46.136625],[-122.931513,46.136626]]]}},{"type":"Feature","properties":{"id":22,"area_m2":1300,"px":13,"rank":19,"persistent":false},"geometry":{"type":"Polygon","coordinates":[[[-122.929696,46.140855],[-122.929695,46.140945],[-122.929594,46.140957],[-122.929566,46.141034],[-122.929478,46.141041],[-122.929438,46.141078],[-122.929442,46.141181],[-122.929484,46.14121],[-122.929566,46.141215],[-122.929565,46.141304],[-122.929307,46.141304],[-122.929307,46.140944],[-122.929424,46.14092],[-122.929436,46.140813],[-122.929396,46.140771],[-122.929307,46.140764],[-122.929279,46.140687],[-122.929178,46.140674],[-122.929178,46.140494],[-122.929308,46.140494],[-122.929308,46.140626],[-122.929342,46.140665],[-122.929566,46.140675],[-122.929575,46.140826],[-122.929621,46.140852],[-122.929696,46.140855]]]}},{"type":"Feature","properties":{"id":38,"area_m2":1300,"px":13,"rank":20,"persistent":false},"geometry":{"type":"Polygon","coordinates":[[[-122.940962,46.138611],[-122.940962,46.138701],[-122.940874,46.138707],[-122.940834,46.138744],[-122.940832,46.139061],[-122.940573,46.139061],[-122.940551,46.138897],[-122.940315,46.138881],[-122.940315,46.138701],[-122.940528,46.13871],[-122.940571,46.138676],[-122.940574,46.138611],[-122.940703,46.138611],[-122.940764,46.138635],[-122.940833,46.138611],[-122.940962,46.138611]]]}},{"type":"Feature","properties":{"id":56,"area_m2":1300,"px":13,"rank":21,"persistent":false},"geometry":{"type":"Polygon","coordinates":[[[-122.943295,46.136722],[-122.943294,46.136812],[-122.943165,46.136812],[-122.943152,46.136746],[-122.943036,46.136722],[-122.943001,46.136641],[-122.942777,46.136632],[-122.942777,46.136452],[-122.942865,46.136446],[-122.942905,46.136408],[-122.942907,46.136182],[-122.943166,46.136182],[-122.943166,46.136272],[-122.943131,46.13632],[-122.943165,46.136362],[-122.943167,46.136679],[-122.943206,46.136716],[-122.943295,46.136722]]]}},{"type":"Feature","properties":{"id":6,"area_m2":1200,"px":12,"rank":22,"persistent":false},"geometry":{"type":"Polygon","coordinates":[[[-122.931893,46.143826],[-122.931891,46.143916],[-122.931764,46.143916],[-122.931758,46.143859],[-122.931708,46.143828],[-122.931423,46.14383],[-122.931377,46.143869],[-122.931375,46.144006],[-122.931245,46.144006],[-122.931246,46.143646],[-122.931353,46.14363],[-122.931376,46.143556],[-122.931634,46.143556],[-122.931647,46.143712],[-122.931764,46.143736],[-122.931798,46.143817],[-122.931893,46.143826]]]}},{"type":"Feature","properties":{"id":53,"area_m2":1200,"px":12,"rank":23,"persistent":false},"geometry":{"type":"Polygon","coordinates":[[[-122.940446,46.137171],[-122.940446,46.137261],[-122.939928,46.13726],[-122.939919,46.137109],[-122.939873,46.137083],[-122.939799,46.13708],[-122.939799,46.13681],[-122.939928,46.13681],[-122.939934,46.13688],[-122.939982,46.136911],[-122.940187,46.136901],[-122.9402,46.137147],[-122.940257,46.13717],[-122.940446,46.137171]]]}},{"type":"Feature","properties":{"id":67,"area_m2":1200,"px":12,"rank":24,"persistent":false},"geometry":{"type":"Polygon","coordinates":[[[-122.94006,46.13528],[-122.940059,46.13564],[-122.939985,46.135643],[-122.939939,46.135669],[-122.939929,46.13582],[-122.9398,46.13582],[-122.939791,46.135669],[-122.939745,46.135643],[-122.939671,46.135639],[-122.939671,46.13555],[-122.939752,46.135546],[-122.939795,46.135517],[-122.939799,46.135414],[-122.93976,46.135377],[-122.939671,46.13537],[-122.939671,46.13528],[-122.94006,46.13528]]]}},{"type":"Feature","properties":{"id":81,"area_m2":1200,"px":12,"rank":25,"persistent":false},"geometry":{"type":"Polygon","coordinates":[[[-122.941094,46.133482],[-122.941062,46.133529],[-122.941097,46.133571],[-122.941097,46.133751],[-122.940968,46.133751],[-122.940906,46.133727],[-122.940838,46.133751],[-122.940709,46.133751],[-122.940709,46.133571],[-122.940743,46.133523],[-122.940709,46.133481],[-122.940706,46.133339],[-122.940647,46.133302],[-122.94045,46.133301],[-122.94045,46.133211],[-122.940709,46.133211],[-122.940722,46.133277],[-122.940838,46.133301],[-122.940873,46.133382],[-122.941097,46.133391],[-122.941094,46.133482]]]}},{"type":"Feature","properties":{"id":10,"area_m2":1100,"px":11,"rank":26,"persistent":false},"geometry":{"type":"Polygon","coordinates":[[[-122.941087,46.142661],[-122.941087,46.142751],[-122.941006,46.142755],[-122.940961,46.142789],[-122.940958,46.142931],[-122.940851,46.142947],[-122.940828,46.143021],[-122.940712,46.143045],[-122.940698,46.143111],[-122.940569,46.143111],[-122.940569,46.143021],[-122.94067,46.143009],[-122.940699,46.142931],[-122.940787,46.142925],[-122.940828,46.142882],[-122.940843,46.142696],[-122.940794,46.142663],[-122.940699,46.142661],[-122.940699,46.142391],[-122.940958,46.142391],[-122.940961,46.142623],[-122.941006,46.142657],[-122.941087,46.142661]]]}},{"type":"Feature","properties":{"id":24,"area_m2":1100,"px":11,"rank":27,"persistent":false},"geometry":{"type":"Polygon","coordinates":[[[-122.938111,46.14113],[-122.938111,46.141219],[-122.937593,46.141219],[-122.937592,46.140993],[-122.937552,46.140956],[-122.937464,46.140949],[-122.937464,46.140859],[-122.93767,46.14087],[-122.937717,46.140839],[-122.937723,46.140769],[-122.937852,46.140769],[-122.937861,46.141101],[-122.937915,46.141128],[-122.938111,46.14113]]]}},{"type":"Feature","properties":{"id":36,"area_m2":1100,"px":11,"rank":28,"persistent":false},"geometry":{"type":"Polygon","coordinates":[[[-122.944846,46.138793],[-122.944846,46.138883],[-122.944765,46.138887],[-122.944722,46.138916],[-122.944716,46.139063],[-122.944682,46.139105],[-122.944716,46.139153],[-122.944725,46.139304],[-122.944771,46.139331],[-122.944846,46.139333],[-122.944845,46.139603],[-122.944716,46.139603],[-122.944713,46.139371],[-122.944668,46.139337],[-122.944587,46.139333],[-122.944552,46.139252],[-122.944457,46.139243],[-122.944458,46.139063],[-122.944539,46.139059],[-122.944584,46.139024],[-122.944587,46.138793],[-122.944846,46.138793]]]}},{"type":"Feature","properties":{"id":63,"area_m2":1000,"px":10,"rank":29,"persistent":false},"geometry":{"type":"Polygon","coordinates":[[[-122.930349,46.135635],[-122.930349,46.135725],[-122.930268,46.135729],[-122.930223,46.135763],[-122.93022,46.135905],[-122.930138,46.135909],[-122.930096,46.135938],[-122.93009,46.136085],[-122.929831,46.136085],[-122.929831,46.135905],[-122.929906,46.135902],[-122.929952,46.135876],[-122.929961,46.135725],[-122.930068,46.135709],[-122.930091,46.135635],[-122.930349,46.135635]]]}},{"type":"Feature","properties":{"id":89,"area_m2":1000,"px":10,"rank":30,"persistent":false},"geometry":{"type":"Polygon","coordinates":[[[-122.941616,46.132941],[-122.941615,46.133031],[-122.941229,46.133031],[-122.941218,46.13297],[-122.941165,46.132942],[-122.94058,46.132941],[-122.94058,46.132761],[-122.94071,46.132761],[-122.940723,46.132827],[-122.940787,46.132851],[-122.940934,46.132842],[-122.940969,46.132761],[-122.941098,46.132761],[-122.941111,46.132827],[-122.941227,46.132851],[-122.941231,46.132903],[-122.941268,46.132935],[-122.941616,46.132941]]]}},{"type":"Feature","properties":{"id":8,"area_m2":900,"px":9,"rank":31,"persistent":false},"geometry":{"type":"Polygon","coordinates":[[[-122.937462,46.143019],[-122.937461,46.143289],[-122.937387,46.143291],[-122.937341,46.143318],[-122.937332,46.143469],[-122.937202,46.143469],[-122.937201,46.143152],[-122.937161,46.143115],[-122.937073,46.143109],[-122.937073,46.143019],[-122.937462,46.143019]]]}},{"type":"Feature","properties":{"id":11,"area_m2":900,"px":9,"rank":32,"persistent":false},"geometry":{"type":"Polygon","coordinates":[[[-122.936944,46.142839],[-122.936944,46.143019],[-122.936685,46.143019],[-122.936662,46.142945],[-122.936555,46.142929],[-122.936556,46.142659],[-122.936815,46.142659],[-122.936824,46.14281],[-122.93687,46.142836],[-122.936944,46.142839]]]}},{"type":"Feature","properties":{"id":39,"area_m2":900,"px":9,"rank":33,"persistent":false},"geometry":{"type":"Polygon","coordinates":[[[-122.928274,46.138514],[-122.928274,46.139054],[-122.928015,46.139053],[-122.928015,46.138964],[-122.92811,46.138954],[-122.928144,46.13891],[-122.928132,46.138808],[-122.928015,46.138783],[-122.928015,46.138604],[-122.928122,46.138588],[-122.928145,46.138514],[-122.928274,46.138514]]]}},{"type":"Feature","properties":{"id":41,"area_m2":900,"px":9,"rank":34,"persistent":false},"geometry":{"type":"Polygon","coordinates":[[[-122.931899,46.138516],[-122.931899,46.138786],[-122.931793,46.138802],[-122.93177,46.138876],[-122.931511,46.138876],[-122.931511,46.138786],[-122.931599,46.138779],[-122.931639,46.138742],[-122.931641,46.138426],[-122.93177,46.138426],[-122.931793,46.1385],[-122.931899,46.138516]]]}},{"type":"Feature","properties":{"id":64,"area_m2":900,"px":9,"rank":35,"persistent":false},"geometry":{"type":"Polygon","coordinates":[[[-122.944202,46.135823],[-122.944202,46.136002],[-122.944072,46.136002],[-122.94405,46.135838],[-122.943814,46.135822],[-122.943808,46.135752],[-122.94376,46.135721],[-122.943555,46.135732],[-122.943555,46.135642],[-122.943661,46.135626],[-122.943684,46.135552],[-122.944073,46.135553],[-122.944076,46.135784],[-122.94412,46.135818],[-122.944202,46.135823]]]}},{"type":"Feature","properties":{"id":76,"area_m2":900,"px":9,"rank":36,"persistent":false},"geometry":{"type":"Polygon","coordinates":[[[-122.936565,46.134469],[-122.936565,46.134558],[-122.93647,46.134561],[-122.936421,46.134593],[-122.936435,46.134738],[-122.936306,46.134738],[-122.936293,46.134672],[-122.936228,46.134648],[-122.936082,46.134657],[-122.936047,46.134738],[-122.935918,46.134738],[-122.935918,46.134648],[-122.935999,46.134644],[-122.936044,46.13461],[-122.936047,46.134468],[-122.936154,46.134452],[-122.936177,46.134378],[-122.936306,46.134378],[-122.936312,46.134435],[-122.936361,46.134466],[-122.936565,46.134469]]]}},{"type":"Feature","properties":{"id":84,"area_m2":900,"px":9,"rank":37,"persistent":false},"geometry":{"type":"Polygon","coordinates":[[[-122.945111,46.133123],[-122.94511,46.133303],[-122.945004,46.133319],[-122.944981,46.133393],[-122.944722,46.133393],[-122.944719,46.133251],[-122.944674,46.133217],[-122.944593,46.133213],[-122.944593,46.133123],[-122.945111,46.133123]]]}},{"type":"Feature","properties":{"id":20,"area_m2":800,"px":8,"rank":38,"persistent":false},"geometry":{"type":"Polygon","coordinates":[[[-122.942772,46.141132],[-122.942772,46.141402],[-122.94269,46.141406],[-122.942646,46.14144],[-122.942642,46.141672],[-122.942383,46.141672],[-122.942384,46.141492],[-122.942478,46.141483],[-122.942513,46.141402],[-122.942587,46.141399],[-122.942633,46.141373],[-122.942643,46.141132],[-122.942772,46.141132]]]}},{"type":"Feature","properties":{"id":43,"area_m2":700,"px":7,"rank":39,"persistent":false},"geometry":{"type":"Polygon","coordinates":[[[-122.938373,46.13825],[-122.938373,46.13834],[-122.938114,46.138339],[-122.938105,46.138188],[-122.938059,46.138162],[-122.937985,46.138159],[-122.937951,46.138078],[-122.937856,46.138069],[-122.937856,46.137979],[-122.937985,46.137979],[-122.938046,46.138003],[-122.938115,46.137979],[-122.938244,46.13798],[-122.938247,46.138211],[-122.938292,46.138245],[-122.938373,46.13825]]]}},{"type":"Feature","properties":{"id":49,"area_m2":700,"px":7,"rank":40,"persistent":false},"geometry":{"type":"Polygon","coordinates":[[[-122.928923,46.137254],[-122.928923,46.137434],[-122.928816,46.13745],[-122.928794,46.137524],[-122.928664,46.137524],[-122.928641,46.13745],[-122.928535,46.137434],[-122.928535,46.137254],[-122.928923,46.137254]]]}},{"type":"Feature","properties":{"id":51,"area_m2":700,"px":7,"rank":41,"persistent":false},"geometry":{"type":"Polygon","coordinates":[[[-122.940057,46.137351],[-122.940057,46.13744],[-122.939539,46.13744],[-122.939536,46.137389],[-122.939498,46.137357],[-122.939281,46.13735],[-122.939281,46.13726],[-122.939669,46.13726],[-122.939675,46.137317],[-122.939724,46.137348],[-122.940057,46.137351]]]}},{"type":"Feature","properties":{"id":74,"area_m2":700,"px":7,"rank":42,"persistent":false},"geometry":{"type":"Polygon","coordinates":[[[-122.932293,46.134646],[-122.932292,46.134826],[-122.931775,46.134826],[-122.931775,46.134646],[-122.932034,46.134646],[-122.932095,46.13467],[-122.932163,46.134646],[-122.932293,46.134646]]]}},{"type":"Feature","properties":{"id":37,"area_m2":600,"px":6,"rank":43,"persistent":false},"geometry":{"type":"Polygon","coordinates":[[[-122.928662,46.139144],[-122.928662,46.139414],[-122.928555,46.13943],[-122.928532,46.139504],[-122.928403,46.139504],[-122.928435,46.139356],[-122.92838,46.13925],[-122.928274,46.139234],[-122.928274,46.139144],[-122.928403,46.139144],[-122.928464,46.139168],[-122.928533,46.139144],[-122.928662,46.139144]]]}},{"type":"Feature","properties":{"id":47,"area_m2":600,"px":6,"rank":44,"persistent":false},"geometry":{"type":"Polygon","coordinates":[[[-122.930218,46.137615],[-122.930217,46.137705],[-122.930111,46.137721],[-122.930088,46.137795],[-122.929829,46.137795],[-122.929829,46.137615],[-122.929936,46.137599],[-122.929959,46.137525],[-122.930088,46.137525],[-122.930111,46.137599],[-122.930218,46.137615]]]}},{"type":"Feature","properties":{"id":60,"area_m2":600,"px":6,"rank":45,"persistent":false},"geometry":{"type":"Polygon","coordinates":[[[-122.928796,46.135904],[-122.928795,46.136354],[-122.928666,46.136354],[-122.928643,46.13628],[-122.928536,46.136264],[-122.928537,46.136174],[-122.928618,46.13617],[-122.928663,46.136136],[-122.928666,46.135904],[-122.928796,46.135904]]]}},{"type":"Feature","properties":{"id":4,"area_m2":500,"px":5,"rank":46,"persistent":false},"geometry":{"type":"Polygon","coordinates":[[[-122.932022,46.144006],[-122.932022,46.144366],[-122.931763,46.144366],[-122.931763,46.144276],[-122.931851,46.14427],[-122.931891,46.144233],[-122.931893,46.144006],[-122.932022,46.144006]]]}},{"type":"Feature","properties":{"id":19,"area_m2":500,"px":5,"rank":47,"persistent":false},"geometry":{"type":"Polygon","coordinates":[[[-122.943678,46.141492],[-122.943678,46.141672],[-122.943549,46.141672],[-122.943526,46.141598],[-122.943419,46.141582],[-122.943385,46.141501],[-122.94329,46.141492],[-122.94329,46.141402],[-122.943397,46.141386],[-122.943419,46.141312],[-122.943549,46.141312],[-122.943537,46.141463],[-122.943583,46.14149],[-122.943678,46.141492]]]}},{"type":"Feature","properties":{"id":27,"area_m2":500,"px":5,"rank":48,"persistent":false},"geometry":{"type":"Polygon","coordinates":[[[-122.937465,46.140229],[-122.937464,46.140499],[-122.937358,46.140515],[-122.937335,46.140589],[-122.937206,46.140589],[-122.937206,46.140409],[-122.93728,46.140407],[-122.937326,46.14038],[-122.937335,46.140229],[-122.937465,46.140229]]]}},{"type":"Feature","properties":{"id":32,"area_m2":500,"px":5,"rank":49,"persistent":false},"geometry":{"type":"Polygon","coordinates":[[[-122.928661,46.139864],[-122.928661,46.140134],[-122.928402,46.140134],[-122.928402,46.139954],[-122.928509,46.139938],[-122.928532,46.139864],[-122.928661,46.139864]]]}},{"type":"Feature","properties":{"id":31,"area_m2":500,"px":5,"rank":50,"persistent":false},"geometry":{"type":"Polygon","coordinates":[[[-122.943421,46.139782],[-122.943421,46.140052],[-122.943217,46.140054],[-122.943168,46.140085],[-122.943162,46.140142],[-122.943032,46.140142],[-122.943032,46.140052],[-122.943127,46.140043],[-122.943162,46.139962],[-122.943236,46.13996],[-122.943282,46.139934],[-122.943292,46.139782],[-122.943421,46.139782]]]}},{"type":"Feature","properties":{"id":34,"area_m2":500,"px":5,"rank":51,"persistent":false},"geometry":{"type":"Polygon","coordinates":[[[-122.930862,46.139505],[-122.930862,46.139685],[-122.930788,46.139688],[-122.930742,46.139714],[-122.930733,46.139865],[-122.930603,46.139865],[-122.930604,46.139685],[-122.930638,46.139643],[-122.930604,46.139595],[-122.930604,46.139505],[-122.930862,46.139505]]]}},{"type":"Feature","properties":{"id":40,"area_m2":500,"px":5,"rank":52,"persistent":false},"geometry":{"type":"Polygon","coordinates":[[[-122.940185,46.138611],[-122.940185,46.1387],[-122.940104,46.138705],[-122.940059,46.138739],[-122.940056,46.13888],[-122.939926,46.13888],[-122.939927,46.13852],[-122.940056,46.138521],[-122.940079,46.138595],[-122.940185,46.138611]]]}},{"type":"Feature","properties":{"id":48,"area_m2":500,"px":5,"rank":53,"persistent":false},"geometry":{"type":"Polygon","coordinates":[[[-122.942255,46.137533],[-122.942223,46.137579],[-122.942258,46.137622],[-122.942258,46.137712],[-122.941999,46.137711],[-122.941996,46.13757],[-122.941951,46.137536],[-122.94187,46.137531],[-122.94187,46.137441],[-122.941999,46.137442],[-122.94206,46.137466],[-122.942129,46.137442],[-122.942258,46.137442],[-122.942255,46.137533]]]}},{"type":"Feature","properties":{"id":62,"area_m2":500,"px":5,"rank":54,"persistent":false},"geometry":{"type":"Polygon","coordinates":[[[-122.929699,46.135996],[-122.929667,46.136042],[-122.929702,46.136085],[-122.929701,46.136174],[-122.929572,46.136174],[-122.929563,46.136113],[-122.92951,46.136085],[-122.929184,46.136084],[-122.929184,46.135994],[-122.929517,46.135992],[-122.929566,46.135961],[-122.929573,46.135905],[-122.929702,46.135905],[-122.929699,46.135996]]]}},{"type":"Feature","properties":{"id":73,"area_m2":500,"px":5,"rank":55,"persistent":false},"geometry":{"type":"Polygon","coordinates":[[[-122.946015,46.134473],[-122.946015,46.134653],[-122.945927,46.13466],[-122.945887,46.134697],[-122.945886,46.134923],[-122.945756,46.134923],[-122.945757,46.134653],[-122.945831,46.134651],[-122.945877,46.134625],[-122.945886,46.134473],[-122.946015,46.134473]]]}},{"type":"Feature","properties":{"id":85,"area_m2":500,"px":5,"rank":56,"persistent":false},"geometry":{"type":"Polygon","coordinates":[[[-122.939674,46.13294],[-122.939673,46.13321],[-122.939599,46.133212],[-122.939553,46.133239],[-122.939544,46.13339],[-122.939414,46.13339],[-122.939415,46.13321],[-122.939503,46.133204],[-122.939543,46.133167],[-122.939544,46.13294],[-122.939674,46.13294]]]}},{"type":"Feature","properties":{"id":12,"area_m2":400,"px":4,"rank":57,"persistent":false},"geometry":{"type":"Polygon","coordinates":[[[-122.938757,46.14257],[-122.938757,46.14284],[-122.938627,46.14284],[-122.938626,46.142613],[-122.938586,46.142576],[-122.938498,46.14257],[-122.938498,46.14248],[-122.938627,46.14248],[-122.93865,46.142554],[-122.938757,46.14257]]]}},{"type":"Feature","properties":{"id":13,"area_m2":400,"px":4,"rank":58,"persistent":false},"geometry":{"type":"Polygon","coordinates":[[[-122.937721,46.142479],[-122.937721,46.142749],[-122.937462,46.142749],[-122.937462,46.142659],[-122.937544,46.142655],[-122.937588,46.142621],[-122.937592,46.142479],[-122.937721,46.142479]]]}},{"type":"Feature","properties":{"id":14,"area_m2":400,"px":4,"rank":59,"persistent":false},"geometry":{"type":"Polygon","coordinates":[[[-122.943289,46.142392],[-122.943289,46.142572],[-122.94303,46.142572],[-122.94303,46.142392],[-122.943289,46.142392]]]}},{"type":"Feature","properties":{"id":15,"area_m2":400,"px":4,"rank":60,"persistent":false},"geometry":{"type":"Polygon","coordinates":[[[-122.937981,46.142029],[-122.93798,46.142299],[-122.937874,46.142315],[-122.937851,46.142389],[-122.937721,46.142389],[-122.937721,46.142299],[-122.93781,46.142293],[-122.937849,46.142256],[-122.937851,46.142029],[-122.937981,46.142029]]]}},{"type":"Feature","properties":{"id":16,"area_m2":400,"px":4,"rank":61,"persistent":false},"geometry":{"type":"Polygon","coordinates":[[[-122.936039,46.141758],[-122.936039,46.141848],[-122.935957,46.141852],[-122.935913,46.141887],[-122.935909,46.142028],[-122.93565,46.142028],[-122.93565,46.141938],[-122.935757,46.141922],[-122.93578,46.141848],[-122.935896,46.141824],[-122.935909,46.141758],[-122.936039,46.141758]]]}},{"type":"Feature","properties":{"id":25,"area_m2":400,"px":4,"rank":62,"persistent":false},"geometry":{"type":"Polygon","coordinates":[[[-122.945492,46.140503],[-122.945491,46.140863],[-122.945362,46.140863],[-122.945362,46.140503],[-122.945492,46.140503]]]}},{"type":"Feature","properties":{"id":72,"area_m2":400,"px":4,"rank":63,"persistent":false},"geometry":{"type":"Polygon","coordinates":[[[-122.940578,46.135011],[-122.940578,46.135101],[-122.940319,46.1351],[-122.940296,46.135026],[-122.940189,46.13501],[-122.94019,46.134921],[-122.940448,46.134921],[-122.940471,46.134995],[-122.940578,46.135011]]]}},{"type":"Feature","properties":{"id":75,"area_m2":400,"px":4,"rank":64,"persistent":false},"geometry":{"type":"Polygon","coordinates":[[[-122.931257,46.134556],[-122.931257,46.134825],[-122.931127,46.134825],[-122.931105,46.134751],[-122.930998,46.134735],[-122.930998,46.134645],[-122.931105,46.13463],[-122.931128,46.134555],[-122.931257,46.134556]]]}},{"type":"Feature","properties":{"id":78,"area_m2":400,"px":4,"rank":65,"persistent":false},"geometry":{"type":"Polygon","coordinates":[[[-122.946145,46.134023],[-122.946145,46.134383],[-122.946016,46.134383],[-122.946016,46.134023],[-122.946145,46.134023]]]}},{"type":"Feature","properties":{"id":79,"area_m2":400,"px":4,"rank":66,"persistent":false},"geometry":{"type":"Polygon","coordinates":[[[-122.929834,46.133925],[-122.929834,46.134015],[-122.929752,46.134019],[-122.929708,46.134053],[-122.929704,46.134194],[-122.929575,46.134194],[-122.929575,46.133924],[-122.929834,46.133925]]]}},{"type":"Feature","properties":{"id":82,"area_m2":400,"px":4,"rank":67,"persistent":false},"geometry":{"type":"Polygon","coordinates":[[[-122.92854,46.133474],[-122.928539,46.133744],[-122.928281,46.133744],[-122.928281,46.133654],[-122.928362,46.13365],[-122.928407,46.133615],[-122.928411,46.133474],[-122.92854,46.133474]]]}},{"type":"Feature","properties":{"id":86,"area_m2":400,"px":4,"rank":68,"persistent":false},"geometry":{"type":"Polygon","coordinates":[[[-122.942392,46.132852],[-122.942392,46.133122],[-122.942285,46.133137],[-122.942263,46.133211],[-122.942133,46.133211],[-122.942133,46.133122],[-122.942222,46.133115],[-122.942261,46.133078],[-122.942263,46.132852],[-122.942392,46.132852]]]}},{"type":"Feature","properties":{"id":2,"area_m2":300,"px":3,"rank":69,"persistent":false},"geometry":{"type":"Polygon","coordinates":[[[-122.93759,46.144099],[-122.937589,46.144369],[-122.93746,46.144369],[-122.93746,46.144099],[-122.93759,46.144099]]]}},{"type":"Feature","properties":{"id":9,"area_m2":300,"px":3,"rank":70,"persistent":false},"geometry":{"type":"Polygon","coordinates":[[[-122.931894,46.143286],[-122.931893,46.143376],[-122.93169,46.143378],[-122.93164,46.143409],[-122.931634,46.143466],[-122.931505,46.143466],[-122.931505,46.143376],[-122.931612,46.14336],[-122.931635,46.143286],[-122.931894,46.143286]]]}},{"type":"Feature","properties":{"id":17,"area_m2":300,"px":3,"rank":71,"persistent":false},"geometry":{"type":"Polygon","coordinates":[[[-122.939146,46.14176],[-122.939146,46.14194],[-122.938887,46.14194],[-122.938887,46.14185],[-122.938994,46.141834],[-122.939017,46.14176],[-122.939146,46.14176]]]}},{"type":"Feature","properties":{"id":18,"area_m2":300,"px":3,"rank":72,"persistent":false},"geometry":{"type":"Polygon","coordinates":[[[-122.938369,46.14167],[-122.938369,46.14194],[-122.93824,46.141939],[-122.93824,46.14167],[-122.938369,46.14167]]]}},{"type":"Feature","properties":{"id":23,"area_m2":300,"px":3,"rank":73,"persistent":false},"geometry":{"type":"Polygon","coordinates":[[[-122.929177,46.141034],[-122.929177,46.141124],[-122.929096,46.141128],[-122.929051,46.141163],[-122.929048,46.141304],[-122.928918,46.141304],[-122.928919,46.141124],[-122.929025,46.141108],[-122.929048,46.141034],[-122.929177,46.141034]]]}},{"type":"Feature","properties":{"id":26,"area_m2":300,"px":3,"rank":74,"persistent":false},"geometry":{"type":"Polygon","coordinates":[[[-122.9385,46.14068],[-122.9385,46.14077],[-122.938241,46.140769],[-122.938218,46.140695],[-122.938112,46.140679],[-122.938112,46.14059],[-122.938241,46.14059],[-122.938247,46.140646],[-122.938296,46.140677],[-122.9385,46.14068]]]}},{"type":"Feature","properties":{"id":28,"area_m2":300,"px":3,"rank":75,"persistent":false},"geometry":{"type":"Polygon","coordinates":[[[-122.939277,46.14032],[-122.939277,46.1405],[-122.939148,46.1405],[-122.939125,46.140426],[-122.939018,46.14041],[-122.939018,46.14032],[-122.939277,46.14032]]]}},{"type":"Feature","properties":{"id":29,"area_m2":300,"px":3,"rank":76,"persistent":false},"geometry":{"type":"Polygon","coordinates":[[[-122.930085,46.140135],[-122.930085,46.140225],[-122.929697,46.140225],[-122.929697,46.140135],[-122.930085,46.140135]]]}},{"type":"Feature","properties":{"id":30,"area_m2":300,"px":3,"rank":77,"persistent":false},"geometry":{"type":"Polygon","coordinates":[[[-122.929179,46.140134],[-122.929178,46.140224],[-122.92892,46.140224],[-122.92892,46.140044],[-122.929049,46.140044],[-122.929072,46.140118],[-122.929179,46.140134]]]}},{"type":"Feature","properties":{"id":35,"area_m2":300,"px":3,"rank":78,"persistent":false},"geometry":{"type":"Polygon","coordinates":[[[-122.930344,46.139595],[-122.930344,46.139685],[-122.930086,46.139685],[-122.930063,46.139611],[-122.929956,46.139595],[-122.929956,46.139505],[-122.930086,46.139505],[-122.930092,46.139561],[-122.930141,46.139593],[-122.930344,46.139595]]]}},{"type":"Feature","properties":{"id":42,"area_m2":300,"px":3,"rank":79,"persistent":false},"geometry":{"type":"Polygon","coordinates":[[[-122.943811,46.138072],[-122.943811,46.138162],[-122.94373,46.138166],[-122.943685,46.138201],[-122.943681,46.138342],[-122.943552,46.138342],[-122.943552,46.138162],[-122.943659,46.138146],[-122.943682,46.138072],[-122.943811,46.138072]]]}},{"type":"Feature","properties":{"id":45,"area_m2":300,"px":3,"rank":80,"persistent":false},"geometry":{"type":"Polygon","coordinates":[[[-122.930735,46.137975],[-122.930735,46.138065],[-122.930628,46.138081],[-122.930605,46.138155],[-122.930476,46.138155],[-122.930476,46.137975],[-122.930735,46.137975]]]}},{"type":"Feature","properties":{"id":50,"area_m2":300,"px":3,"rank":81,"persistent":false},"geometry":{"type":"Polygon","coordinates":[[[-122.945495,46.137263],[-122.945495,46.137353],[-122.945388,46.137369],[-122.945365,46.137443],[-122.945236,46.137443],[-122.945236,46.137263],[-122.945495,46.137263]]]}},{"type":"Feature","properties":{"id":55,"area_m2":300,"px":3,"rank":82,"persistent":false},"geometry":{"type":"Polygon","coordinates":[[[-122.942906,46.136902],[-122.942906,46.137172],[-122.942776,46.137172],[-122.942777,46.136902],[-122.942906,46.136902]]]}},{"type":"Feature","properties":{"id":58,"area_m2":300,"px":3,"rank":83,"persistent":false},"geometry":{"type":"Polygon","coordinates":[[[-122.940317,46.136451],[-122.940317,46.136631],[-122.940188,46.13663],[-122.940165,46.136556],[-122.940058,46.13654],[-122.940058,46.136451],[-122.940317,46.136451]]]}},{"type":"Feature","properties":{"id":59,"area_m2":300,"px":3,"rank":84,"persistent":false},"geometry":{"type":"Polygon","coordinates":[[[-122.934362,46.136267],[-122.934362,46.136537],[-122.934232,46.136537],[-122.934233,46.136267],[-122.934362,46.136267]]]}},{"type":"Feature","properties":{"id":61,"area_m2":300,"px":3,"rank":85,"persistent":false},"geometry":{"type":"Polygon","coordinates":[[[-122.944978,46.136093],[-122.944978,46.136183],[-122.944719,46.136183],[-122.94472,46.136003],[-122.944849,46.136003],[-122.944872,46.136077],[-122.944978,46.136093]]]}},{"type":"Feature","properties":{"id":69,"area_m2":300,"px":3,"rank":86,"persistent":false},"geometry":{"type":"Polygon","coordinates":[[[-122.928796,46.135364],[-122.928796,46.135544],[-122.928537,46.135544],[-122.928537,46.135454],[-122.928644,46.135438],[-122.928667,46.135364],[-122.928796,46.135364]]]}},{"type":"Feature","properties":{"id":70,"area_m2":300,"px":3,"rank":87,"persistent":false},"geometry":{"type":"Polygon","coordinates":[[[-122.932033,46.135366],[-122.932033,46.135456],[-122.931903,46.135456],[-122.9319,46.135404],[-122.931862,46.135372],[-122.931645,46.135366],[-122.931645,46.135276],[-122.931903,46.135276],[-122.931926,46.13535],[-122.932033,46.135366]]]}},{"type":"Feature","properties":{"id":71,"area_m2":300,"px":3,"rank":88,"persistent":false},"geometry":{"type":"Polygon","coordinates":[[[-122.945238,46.135283],[-122.945238,46.135373],[-122.944979,46.135373],[-122.944979,46.135193],[-122.945109,46.135193],[-122.945131,46.135267],[-122.945238,46.135283]]]}},{"type":"Feature","properties":{"id":80,"area_m2":300,"px":3,"rank":89,"persistent":false},"geometry":{"type":"Polygon","coordinates":[[[-122.939155,46.13402],[-122.939155,46.13411],[-122.938766,46.13411],[-122.938766,46.13402],[-122.939155,46.13402]]]}},{"type":"Feature","properties":{"id":83,"area_m2":300,"px":3,"rank":90,"persistent":false},"geometry":{"type":"Polygon","coordinates":[[[-122.939285,46.13357],[-122.939285,46.13366],[-122.939026,46.13366],[-122.939026,46.13348],[-122.939155,46.13348],[-122.939178,46.133554],[-122.939285,46.13357]]]}},{"type":"Feature","properties":{"id":90,"area_m2":300,"px":3,"rank":91,"persistent":false},"geometry":{"type":"Polygon","coordinates":[[[-122.946147,46.132763],[-122.946146,46.132943],[-122.945888,46.132943],[-122.945888,46.132853],[-122.945994,46.132838],[-122.946017,46.132763],[-122.946147,46.132763]]]}},{"type":"Feature","properties":{"id":92,"area_m2":300,"px":3,"rank":92,"persistent":false},"geometry":{"type":"Polygon","coordinates":[[[-122.93346,46.132487],[-122.93346,46.132667],[-122.933331,46.132667],[-122.933328,46.132525],[-122.933283,46.132491],[-122.933202,46.132487],[-122.933202,46.132397],[-122.933331,46.132397],[-122.933354,46.132471],[-122.93346,46.132487]]]}},{"type":"Feature","properties":{"id":93,"area_m2":300,"px":3,"rank":93,"persistent":false},"geometry":{"type":"Polygon","coordinates":[[[-122.930742,46.132395],[-122.930742,46.132665],[-122.930612,46.132665],[-122.930613,46.132395],[-122.930742,46.132395]]]}},{"type":"Feature","properties":{"id":94,"area_m2":300,"px":3,"rank":94,"persistent":false},"geometry":{"type":"Polygon","coordinates":[[[-122.934756,46.131768],[-122.934756,46.131947],[-122.934497,46.131947],[-122.934497,46.131857],[-122.934604,46.131842],[-122.934626,46.131767],[-122.934756,46.131768]]]}}]}