{"type":"FeatureCollection","features":[{"type":"Feature","properties":{"id":4,"area_m2":429200,"px":4292,"rank":1,"persistent":false},"geometry":{"type":"Polygon","coordinates":[[[-122.940578,46.134921],[-122.940578,46.135011],[-122.940259,46.135011],[-122.940198,46.135039],[-122.940189,46.13519],[-122.940101,46.135197],[-122.940061,46.135234],[-122.940059,46.13546],[-122.939971,46.135467],[-122.939931,46.135504],[-122.939929,46.13582],[-122.939835,46.135829],[-122.9398,46.135874],[-122.939818,46.135981],[-122.939929,46.136],[-122.939964,46.136081],[-122.940059,46.136092],[-122.940059,46.13618],[-122.93987,46.136181],[-122.939813,46.136204],[-122.939813,46.136336],[-122.93987,46.13636],[-122.940058,46.136361],[-122.940064,46.136417],[-122.940113,46.136448],[-122.940317,46.136451],[-122.940317,46.136631],[-122.940229,46.136637],[-122.940189,46.136674],[-122.940187,46.13699],[-122.940153,46.137043],[-122.940222,46.137161],[-122.940446,46.137171],[-122.940446,46.137261],[-122.94012,46.137262],[-122.940067,46.137289],[-122.940057,46.13735],[-122.939799,46.13735],[-122.939799,46.13726],[-122.939893,46.137251],[-122.939928,46.137206],[-122.939915,46.137104],[-122.939799,46.13708],[-122.939799,46.13681],[-122.939998,46.136823],[-122.940058,46.136775],[-122.940052,46.136574],[-122.94001,46.136545],[-122.939929,46.13654],[-122.939894,46.136459],[-122.939725,46.136453],[-122.939676,46.136484],[-122.93967,46.13654],[-122.93954,46.13654],[-122.939539,46.136404],[-122.939485,46.136362],[-122.938712,46.13636],[-122.938652,46.136379],[-122.938634,46.13663],[-122.938532,46.136634],[-122.938486,46.136675],[-122.938489,46.137045],[-122.938539,46.137077],[-122.938633,46.13708],[-122.938639,46.137136],[-122.938689,46.137167],[-122.939151,46.13717],[-122.939151,46.13726],[-122.938681,46.137264],[-122.938639,46.137293],[-122.938633,46.13735],[-122.938517,46.137374],[-122.938504,46.13744],[-122.938374,46.137439],[-122.938368,46.137383],[-122.938319,46.137352],[-122.938027,46.137356],[-122.937989,46.137388],[-122.937986,46.137439],[-122.937891,46.137448],[-122.937856,46.137529],[-122.937775,46.137533],[-122.937733,46.137563],[-122.937726,46.137799],[-122.937523,46.137801],[-122.937468,46.137848],[-122.937471,46.137941],[-122.937522,46.137977],[-122.938115,46.137979],[-122.938137,46.138054],[-122.938244,46.13807],[-122.938278,46.13815],[-122.938373,46.13816],[-122.938373,46.13834],[-122.938266,46.138355],[-122.938244,46.138429],[-122.938114,46.138429],[-122.938122,46.138184],[-122.93808,46.138162],[-122.937985,46.138159],[-122.937982,46.138108],[-122.937944,46.138076],[-122.937804,46.138069],[-122.937732,46.138103],[-122.937726,46.138201],[-122.937767,46.138243],[-122.937855,46.138249],[-122.937855,46.138339],[-122.937467,46.138339],[-122.937461,46.138282],[-122.937412,46.138251],[-122.936895,46.138235],[-122.936828,46.138264],[-122.936819,46.138339],[-122.936731,46.138345],[-122.936692,46.138382],[-122.936693,46.13857],[-122.936738,46.138605],[-122.936819,46.138609],[-122.936819,46.138699],[-122.936724,46.138708],[-122.93669,46.138789],[-122.936608,46.138793],[-122.936563,46.138827],[-122.93656,46.139059],[-122.936525,46.139106],[-122.936569,46.13921],[-122.93663,46.139238],[-122.936878,46.139239],[-122.936939,46.13921],[-122.936948,46.139149],[-122.937336,46.139149],[-122.937336,46.139239],[-122.937255,46.139243],[-122.93721,46.139277],[-122.937207,46.139419],[-122.937125,46.139423],[-122.937083,46.139452],[-122.937077,46.139689],[-122.937003,46.139691],[-122.936957,46.139717],[-122.936957,46.13984],[-122.937002,46.139867],[-122.937077,46.139869],[-122.93708,46.140011],[-122.937147,46.140049],[-122.937307,46.140037],[-122.937336,46.139959],[-122.937452,46.139935],[-122.937465,46.139869],[-122.937724,46.139869],[-122.937724,46.140049],[-122.937629,46.140058],[-122.937594,46.140139],[-122.937492,46.140143],[-122.937448,46.140179],[-122.937464,46.140499],[-122.937206,46.140499],[-122.937202,46.140344],[-122.937123,46.140305],[-122.936852,46.140328],[-122.936817,46.140409],[-122.936701,46.140433],[-122.936655,46.140531],[-122.93671,46.140753],[-122.936817,46.140769],[-122.93682,46.14082],[-122.936858,46.140852],[-122.937076,46.140859],[-122.937098,46.140933],[-122.937205,46.140949],[-122.937205,46.141219],[-122.937098,46.141235],[-122.937075,46.141309],[-122.936946,46.141309],[-122.936923,46.141235],[-122.936816,46.141219],[-122.936803,46.141063],[-122.936687,46.141039],[-122.936674,46.140883],[-122.936558,46.140859],[-122.936523,46.140778],[-122.936428,46.140768],[-122.936411,46.140608],[-122.936359,46.140589],[-122.936095,46.140591],[-122.936046,46.140622],[-122.93604,46.140678],[-122.935924,46.140702],[-122.93591,46.140768],[-122.935794,46.140792],[-122.935781,46.140948],[-122.935706,46.14095],[-122.93566,46.140977],[-122.935651,46.141308],[-122.935577,46.14131],[-122.935531,46.141337],[-122.935521,46.141578],[-122.93544,46.141582],[-122.935395,46.141616],[-122.935391,46.141938],[-122.935303,46.141944],[-122.935262,46.141987],[-122.935261,46.142388],[-122.935187,46.14239],[-122.935141,46.142416],[-122.935131,46.142658],[-122.93505,46.142662],[-122.935005,46.142696],[-122.93501,46.142913],[-122.935077,46.142942],[-122.935367,46.142912],[-122.93539,46.142658],[-122.935497,46.142642],[-122.93552,46.142568],[-122.935649,46.142568],[-122.93563,46.142698],[-122.935663,46.142739],[-122.93583,46.142748],[-122.935885,46.142732],[-122.935909,46.142478],[-122.935941,46.14242],[-122.935874,46.142307],[-122.93565,46.142298],[-122.93565,46.142118],[-122.936038,46.142118],[-122.936042,46.14217],[-122.936079,46.142202],[-122.936277,46.142202],[-122.936317,46.142158],[-122.936298,46.141849],[-122.936404,46.141833],[-122.936427,46.141759],[-122.936557,46.141759],[-122.936557,46.141849],[-122.93644,46.141873],[-122.936427,46.14198],[-122.936482,46.142026],[-122.936686,46.142029],[-122.936686,46.142209],[-122.936591,46.142218],[-122.936556,46.142263],[-122.936569,46.142365],[-122.936685,46.142389],[-122.936685,46.142479],[-122.936238,46.142479],[-122.936181,46.142502],[-122.936167,46.142658],[-122.936079,46.142665],[-122.936039,46.142702],[-122.936037,46.143018],[-122.935949,46.143025],[-122.935909,46.143062],[-122.935909,46.143335],[-122.935978,46.143378],[-122.936943,46.143379],[-122.936944,46.14351],[-122.936978,46.14355],[-122.937331,46.143559],[-122.937331,46.143649],[-122.937135,46.14365],[-122.937082,46.143677],[-122.937072,46.143919],[-122.936965,46.143935],[-122.936942,46.144009],[-122.936554,46.144009],[-122.936548,46.143952],[-122.936499,46.143921],[-122.936114,46.143918],[-122.936049,46.143942],[-122.936036,46.144008],[-122.935907,46.144008],[-122.935838,46.143984],[-122.935696,46.144012],[-122.935654,46.144041],[-122.935613,46.144141],[-122.935647,46.144188],[-122.935647,46.144368],[-122.935259,46.144368],[-122.935256,46.144226],[-122.935181,46.144188],[-122.935035,46.144197],[-122.935,46.144278],[-122.934782,46.144284],[-122.934744,46.144316],[-122.934741,46.144368],[-122.934482,46.144367],[-122.934482,46.144278],[-122.934577,46.144268],[-122.934612,46.144188],[-122.934724,46.144168],[-122.934741,46.144008],[-122.934848,46.143992],[-122.934871,46.143918],[-122.935259,46.143918],[-122.935269,46.143979],[-122.935322,46.144007],[-122.935619,46.143996],[-122.935648,46.143918],[-122.935729,46.143914],[-122.935771,46.143885],[-122.935778,46.143738],[-122.935859,46.143734],[-122.935901,46.143705],[-122.93589,46.143488],[-122.935778,46.143468],[-122.935765,46.143402],[-122.935649,46.143378],[-122.935645,46.143326],[-122.935608,46.143294],[-122.93526,46.143288],[-122.935257,46.143236],[-122.935219,46.143204],[-122.935042,46.143204],[-122.935005,46.143236],[-122.935001,46.143288],[-122.93492,46.143292],[-122.934878,46.143321],[-122.934871,46.143468],[-122.93479,46.143472],[-122.934745,46.143506],[-122.934742,46.143828],[-122.934647,46.143837],[-122.934612,46.143917],[-122.934496,46.143941],[-122.934482,46.144097],[-122.934353,46.144097],[-122.934353,46.143876],[-122.934298,46.14383],[-122.934129,46.143836],[-122.934094,46.143917],[-122.933837,46.143917],[-122.933801,46.143836],[-122.933646,46.143827],[-122.933585,46.143856],[-122.933576,46.143917],[-122.933447,46.143917],[-122.933434,46.143851],[-122.933317,46.143827],[-122.933311,46.14377],[-122.933269,46.143741],[-122.933059,46.143737],[-122.932997,46.143713],[-122.932929,46.143737],[-122.9328,46.143736],[-122.932811,46.143586],[-122.932765,46.143559],[-122.93267,46.143556],[-122.932671,46.143286],[-122.932705,46.143239],[-122.932662,46.143135],[-122.932601,46.143107],[-122.932282,46.143106],[-122.932293,46.143005],[-122.932499,46.143015],[-122.93256,46.142971],[-122.932519,46.142852],[-122.932353,46.142836],[-122.932292,46.142865],[-122.932272,46.142937],[-122.932092,46.142902],[-122.932024,46.142926],[-122.931827,46.142927],[-122.931774,46.142954],[-122.931764,46.143016],[-122.931635,46.143016],[-122.931612,46.142942],[-122.93146,46.142903],[-122.931269,46.142941],[-122.93125,46.143067],[-122.931294,46.143101],[-122.931376,46.143106],[-122.931399,46.14327],[-122.931589,46.143308],[-122.931741,46.14327],[-122.931764,46.143196],[-122.931894,46.143196],[-122.931916,46.14327],[-122.932023,46.143286],[-122.932023,46.143466],[-122.931894,46.143466],[-122.931884,46.143405],[-122.931824,46.143376],[-122.931683,46.14338],[-122.93164,46.143409],[-122.931634,46.143466],[-122.931507,46.143466],[-122.931496,46.143404],[-122.931443,46.143377],[-122.930935,46.143375],[-122.930871,46.143399],[-122.930858,46.143465],[-122.930633,46.143474],[-122.930599,46.143514],[-122.930621,46.143629],[-122.930987,46.143645],[-122.93101,46.14372],[-122.931116,46.143736],[-122.931116,46.143825],[-122.930987,46.143825],[-122.930918,46.143801],[-122.930857,46.143825],[-122.930627,46.143837],[-122.930599,46.143874],[-122.930598,46.144095],[-122.930362,46.144111],[-122.930339,46.144275],[-122.930232,46.144291],[-122.930209,46.144365],[-122.929691,46.144365],[-122.929691,46.144275],[-122.929888,46.144274],[-122.929944,46.144241],[-122.92995,46.143964],[-122.929896,46.143917],[-122.929692,46.143915],[-122.929631,46.14389],[-122.929474,46.143921],[-122.929434,46.143958],[-122.929438,46.144061],[-122.929481,46.14409],[-122.929562,46.144095],[-122.929562,46.144185],[-122.929432,46.144184],[-122.929364,46.14416],[-122.929215,46.144191],[-122.929177,46.144223],[-122.929173,46.144274],[-122.929057,46.144298],[-122.929044,46.144364],[-122.928396,46.144364],[-122.928374,46.14411],[-122.928008,46.144092],[-122.928009,46.143734],[-122.928115,46.143718],[-122.928138,46.143644],[-122.928255,46.14362],[-122.928268,46.143554],[-122.928472,46.143552],[-122.928527,46.143505],[-122.928514,46.143308],[-122.928457,46.143284],[-122.928268,46.143284],[-122.928255,46.143128],[-122.928139,46.143104],[-122.928105,46.143023],[-122.92801,46.143014],[-122.928011,46.142204],[-122.928085,46.142201],[-122.928131,46.142175],[-122.928141,46.142024],[-122.92827,46.142024],[-122.928346,46.142047],[-122.928488,46.142017],[-122.928529,46.141975],[-122.928523,46.141697],[-122.928467,46.141665],[-122.92827,46.141664],[-122.928271,46.141574],[-122.928529,46.141574],[-122.92859,46.141598],[-122.928659,46.141574],[-122.928788,46.141574],[-122.928788,46.141664],[-122.928754,46.141706],[-122.928788,46.141754],[-122.928788,46.142065],[-122.928829,46.142108],[-122.928933,46.142122],[-122.9289,46.142344],[-122.928959,46.142383],[-122.929147,46.142372],[-122.929176,46.142294],[-122.92925,46.142292],[-122.929296,46.142266],[-122.929325,46.142165],[-122.929271,46.142117],[-122.929031,46.142107],[-122.929081,46.141982],[-122.929047,46.141934],[-122.929047,46.141754],[-122.929154,46.141738],[-122.929177,46.141664],[-122.929531,46.141655],[-122.929565,46.141575],[-122.929647,46.14157],[-122.929689,46.141541],[-122.929695,46.141395],[-122.929913,46.141388],[-122.929951,46.141356],[-122.929954,46.141305],[-122.930036,46.141301],[-122.93008,46.141267],[-122.930084,46.140855],[-122.930179,46.140846],[-122.930214,46.140801],[-122.930213,46.140448],[-122.930173,46.140411],[-122.930085,46.140405],[-122.930085,46.140315],[-122.930563,46.140322],[-122.930599,46.14029],[-122.930603,46.140225],[-122.930684,46.140221],[-122.930729,46.140187],[-122.930744,46.139944],[-122.931051,46.139955],[-122.931118,46.139917],[-122.931136,46.13963],[-122.931094,46.1396],[-122.930953,46.139582],[-122.930866,46.13962],[-122.930862,46.139775],[-122.930756,46.139791],[-122.930722,46.139876],[-122.930474,46.139865],[-122.930474,46.139775],[-122.930562,46.139769],[-122.930602,46.139732],[-122.930604,46.139505],[-122.93071,46.139489],[-122.930733,46.139415],[-122.930992,46.139415],[-122.931001,46.139477],[-122.931055,46.139504],[-122.931188,46.139504],[-122.931242,46.139477],[-122.931263,46.139355],[-122.931216,46.139328],[-122.931122,46.139325],[-122.931087,46.139245],[-122.930992,46.139235],[-122.930993,46.139145],[-122.931074,46.139141],[-122.931119,46.139107],[-122.931122,46.138876],[-122.931441,46.138875],[-122.931502,46.138847],[-122.931511,46.138606],[-122.931546,46.138563],[-122.931511,46.138516],[-122.931511,46.138426],[-122.931586,46.138423],[-122.931632,46.138397],[-122.931641,46.138246],[-122.93177,46.138246],[-122.931773,46.138478],[-122.931818,46.138512],[-122.931899,46.138516],[-122.931899,46.138696],[-122.931825,46.138698],[-122.931779,46.138724],[-122.931779,46.138847],[-122.931825,46.138874],[-122.931899,46.138876],[-122.931905,46.138933],[-122.931947,46.138962],[-122.932088,46.138966],[-122.93214,46.138946],[-122.932158,46.138606],[-122.93227,46.138586],[-122.932288,46.138426],[-122.932376,46.13842],[-122.932417,46.138378],[-122.932417,46.13802],[-122.932377,46.137983],[-122.932289,46.137976],[-122.932289,46.137886],[-122.932478,46.137886],[-122.93253,46.137867],[-122.932548,46.137616],[-122.932636,46.13761],[-122.932676,46.137573],[-122.932668,46.137465],[-122.932623,46.137439],[-122.932548,46.137436],[-122.932542,46.13738],[-122.9325,46.13735],[-122.931772,46.137346],[-122.931772,46.137256],[-122.93186,46.137249],[-122.9319,46.137212],[-122.931902,46.136896],[-122.93199,46.13689],[-122.93203,46.136852],[-122.932028,46.136754],[-122.931961,46.136716],[-122.931807,46.136725],[-122.931772,46.136806],[-122.931588,46.136792],[-122.93153,46.136812],[-122.931513,46.136986],[-122.931418,46.136995],[-122.931383,46.137076],[-122.931267,46.1371],[-122.931254,46.137255],[-122.931172,46.13726],[-122.931128,46.137294],[-122.931124,46.137435],[-122.930906,46.137442],[-122.930868,46.137474],[-122.930863,46.137525],[-122.930736,46.137525],[-122.93073,46.137469],[-122.930681,46.137437],[-122.930477,46.137435],[-122.930477,46.137345],[-122.930736,46.137345],[-122.930812,46.137369],[-122.93096,46.137336],[-122.930995,46.137291],[-122.930994,46.137195],[-122.930962,46.137161],[-122.930736,46.137164],[-122.930736,46.137075],[-122.930831,46.137066],[-122.930866,46.136985],[-122.93094,46.136983],[-122.930986,46.136957],[-122.930983,46.136816],[-122.93092,46.136791],[-122.930478,46.136805],[-122.930478,46.136715],[-122.930584,46.136699],[-122.930607,46.136625],[-122.930737,46.136625],[-122.930805,46.136649],[-122.930866,46.136625],[-122.931084,46.136619],[-122.931124,46.136582],[-122.931125,46.136494],[-122.931055,46.136446],[-122.930349,46.136445],[-122.93034,46.136293],[-122.930294,46.136267],[-122.930219,46.136265],[-122.93022,46.136085],[-122.930349,46.136085],[-122.930358,46.136146],[-122.930411,46.136174],[-122.930797,46.136175],[-122.930858,46.136147],[-122.930867,46.136085],[-122.930979,46.136066],[-122.930997,46.135995],[-122.931255,46.135996],[-122.931255,46.136085],[-122.93116,46.136095],[-122.931126,46.136175],[-122.931031,46.136178],[-122.930985,46.136205],[-122.931009,46.136331],[-122.931125,46.136355],[-122.931135,46.136417],[-122.931188,46.136444],[-122.931703,46.136445],[-122.931769,46.136407],[-122.931773,46.136266],[-122.931902,46.136266],[-122.931908,46.136323],[-122.931957,46.136354],[-122.932091,46.136356],[-122.932144,46.136336],[-122.932162,46.136086],[-122.932624,46.136084],[-122.932673,46.136053],[-122.93268,46.135996],[-122.932796,46.135972],[-122.932808,46.13559],[-122.932768,46.135553],[-122.93268,46.135546],[-122.932652,46.135469],[-122.932333,46.135462],[-122.932293,46.1355],[-122.932291,46.135636],[-122.932162,46.135636],[-122.932162,46.135456],[-122.932251,46.13545],[-122.93229,46.135413],[-122.932292,46.135186],[-122.93238,46.13518],[-122.93242,46.135143],[-122.932409,46.13494],[-122.932292,46.134916],[-122.932283,46.134855],[-122.932222,46.134826],[-122.931959,46.134828],[-122.93191,46.134859],[-122.931904,46.134916],[-122.931775,46.134916],[-122.931771,46.134864],[-122.931734,46.134832],[-122.931516,46.134826],[-122.931493,46.134751],[-122.931386,46.134735],[-122.931387,46.134647],[-122.931481,46.134643],[-122.931528,46.134616],[-122.931516,46.134376],[-122.931649,46.134355],[-122.931646,46.134196],[-122.931727,46.134192],[-122.931772,46.134157],[-122.93181,46.134063],[-122.931776,46.134016],[-122.931776,46.133836],[-122.931905,46.133836],[-122.931966,46.13386],[-122.932022,46.133846],[-122.93207,46.133793],[-122.932035,46.133746],[-122.932035,46.133656],[-122.932294,46.133656],[-122.9323,46.133713],[-122.932342,46.133742],[-122.932539,46.133737],[-122.932573,46.133696],[-122.932553,46.133476],[-122.93266,46.13346],[-122.932683,46.133386],[-122.932913,46.133374],[-122.932962,46.133262],[-122.932899,46.133208],[-122.932683,46.133206],[-122.932614,46.133182],[-122.932479,46.133208],[-122.932425,46.13325],[-122.932424,46.133386],[-122.93222,46.133388],[-122.932171,46.133419],[-122.932165,46.133476],[-122.932035,46.133476],[-122.932036,46.133206],[-122.93226,46.133197],[-122.932293,46.133163],[-122.932294,46.133075],[-122.932232,46.133027],[-122.931961,46.133028],[-122.931912,46.133059],[-122.931906,46.133116],[-122.931825,46.13312],[-122.93178,46.133154],[-122.931776,46.133476],[-122.93167,46.133492],[-122.931647,46.133566],[-122.931517,46.133566],[-122.931516,46.133339],[-122.931477,46.133302],[-122.931388,46.133295],[-122.931388,46.133206],[-122.931572,46.133219],[-122.931635,46.133195],[-122.931682,46.133068],[-122.931613,46.132945],[-122.930871,46.132935],[-122.930871,46.132845],[-122.930905,46.132792],[-122.930862,46.13268],[-122.930803,46.132652],[-122.930641,46.132677],[-122.930612,46.132755],[-122.930353,46.132755],[-122.93034,46.132689],[-122.930276,46.132665],[-122.929769,46.132666],[-122.929715,46.132693],[-122.929706,46.132754],[-122.929447,46.132754],[-122.92945,46.132595],[-122.929405,46.132575],[-122.929258,46.132574],[-122.929192,46.132612],[-122.929188,46.132754],[-122.929059,46.132754],[-122.929059,46.132394],[-122.929447,46.132394],[-122.929509,46.132418],[-122.929577,46.132394],[-122.929706,46.132395],[-122.929719,46.13246],[-122.929836,46.132485],[-122.929842,46.132541],[-122.929884,46.13257],[-122.930353,46.132575],[-122.93043,46.132598],[-122.930564,46.132571],[-122.930606,46.132542],[-122.930613,46.132215],[-122.930687,46.132213],[-122.930733,46.132187],[-122.930743,46.132035],[-122.930824,46.132031],[-122.930869,46.131997],[-122.930872,46.131855],[-122.931002,46.131855],[-122.931015,46.131921],[-122.931079,46.131945],[-122.931335,46.131943],[-122.931384,46.131912],[-122.93139,46.131856],[-122.931519,46.131856],[-122.931528,46.13193],[-122.931602,46.131959],[-122.931765,46.131922],[-122.931779,46.131766],[-122.931908,46.131766],[-122.931969,46.13179],[-122.932039,46.131766],[-122.932167,46.131766],[-122.932228,46.13179],[-122.932298,46.131766],[-122.933073,46.131767],[-122.933101,46.131844],[-122.933257,46.13187],[-122.933323,46.131841],[-122.933332,46.131767],[-122.93372,46.131767],[-122.93372,46.131947],[-122.933632,46.131953],[-122.933592,46.13199],[-122.93359,46.132307],[-122.933366,46.132316],[-122.933333,46.13235],[-122.933331,46.132438],[-122.933372,46.13248],[-122.93346,46.132487],[-122.93346,46.132577],[-122.933426,46.13263],[-122.933469,46.132728],[-122.933515,46.132754],[-122.93393,46.132753],[-122.933977,46.132714],[-122.933978,46.132577],[-122.934108,46.132577],[-122.934107,46.132757],[-122.934019,46.132763],[-122.933979,46.132801],[-122.933978,46.133027],[-122.933871,46.133043],[-122.933816,46.133149],[-122.933861,46.133273],[-122.93391,46.133296],[-122.934044,46.133296],[-122.934098,46.133269],[-122.934107,46.133207],[-122.934484,46.133196],[-122.934495,46.133297],[-122.934461,46.13335],[-122.93452,46.133404],[-122.934754,46.133388],[-122.93476,46.133444],[-122.934809,46.133475],[-122.935142,46.133478],[-122.935145,46.133529],[-122.935183,46.133561],[-122.935401,46.133568],[-122.935435,46.133649],[-122.93559,46.133658],[-122.935657,46.13362],[-122.93566,46.133478],[-122.935742,46.133474],[-122.935786,46.13344],[-122.935767,46.133314],[-122.93566,46.133298],[-122.935647,46.133232],[-122.935583,46.133208],[-122.935327,46.13321],[-122.935278,46.133241],[-122.935272,46.133298],[-122.935142,46.133298],[-122.935141,46.133058],[-122.935082,46.133015],[-122.934918,46.133037],[-122.934884,46.133118],[-122.934754,46.133117],[-122.934686,46.133093],[-122.934506,46.133128],[-122.934496,46.132937],[-122.934528,46.132879],[-122.934473,46.132773],[-122.934366,46.132757],[-122.934369,46.132307],[-122.934496,46.132307],[-122.934509,46.132373],[-122.934574,46.132397],[-122.934721,46.132388],[-122.934755,46.132308],[-122.934885,46.132308],[-122.934907,46.132382],[-122.935014,46.132398],[-122.935014,46.132486],[-122.934886,46.132504],[-122.93488,46.132574],[-122.934945,46.132602],[-122.935025,46.132567],[-122.935143,46.132578],[-122.935161,46.132738],[-122.935213,46.132757],[-122.935402,46.132758],[-122.935408,46.132815],[-122.93545,46.132844],[-122.93562,46.132842],[-122.935657,46.13281],[-122.935661,46.132758],[-122.935852,46.132771],[-122.935911,46.132743],[-122.93592,46.132578],[-122.936036,46.132554],[-122.93605,46.132452],[-122.936015,46.132407],[-122.93592,46.132398],[-122.935905,46.132226],[-122.936152,46.132219],[-122.936191,46.132068],[-122.93613,46.132039],[-122.935832,46.132044],[-122.935793,46.132082],[-122.935791,46.132218],[-122.935532,46.132218],[-122.935523,46.132143],[-122.935457,46.132114],[-122.935302,46.13214],[-122.935273,46.132218],[-122.935144,46.132218],[-122.935144,46.132038],[-122.935239,46.132029],[-122.935273,46.131984],[-122.93526,46.131882],[-122.935144,46.131858],[-122.935144,46.131768],[-122.935532,46.131768],[-122.935542,46.131829],[-122.935603,46.131858],[-122.93605,46.131858],[-122.936063,46.131924],[-122.936128,46.131948],[-122.936247,46.131947],[-122.936296,46.131924],[-122.936309,46.131768],[-122.936568,46.131769],[-122.936629,46.131793],[-122.936698,46.131769],[-122.936827,46.131769],[-122.93684,46.131925],[-122.937011,46.131963],[-122.937077,46.131934],[-122.937086,46.131859],[-122.937202,46.131835],[-122.937216,46.131769],[-122.937992,46.131769],[-122.938001,46.131844],[-122.938067,46.131873],[-122.938339,46.131853],[-122.938377,46.131821],[-122.938381,46.13177],[-122.938769,46.13177],[-122.93883,46.131794],[-122.9389,46.13177],[-122.939675,46.13177],[-122.939675,46.13195],[-122.939444,46.131962],[-122.939416,46.131999],[-122.939416,46.132095],[-122.939483,46.132143],[-122.939742,46.132129],[-122.939795,46.132102],[-122.939804,46.13204],[-122.939934,46.13204],[-122.939933,46.13213],[-122.939827,46.132146],[-122.939804,46.13222],[-122.93958,46.132229],[-122.939511,46.132347],[-122.939579,46.132481],[-122.939804,46.13249],[-122.939804,46.13258],[-122.939234,46.13258],[-122.939179,46.132596],[-122.939156,46.13276],[-122.939075,46.132764],[-122.93903,46.132798],[-122.939026,46.13294],[-122.938945,46.132944],[-122.9389,46.132978],[-122.938897,46.133175],[-122.938972,46.133224],[-122.93951,46.133201],[-122.939544,46.133161],[-122.939544,46.13294],[-122.939619,46.132938],[-122.939665,46.132912],[-122.939674,46.13276],[-122.939781,46.132744],[-122.939814,46.132659],[-122.940062,46.13267],[-122.940062,46.13294],[-122.939974,46.132947],[-122.939933,46.132989],[-122.939932,46.13312],[-122.939898,46.133163],[-122.939932,46.13321],[-122.939932,46.1333],[-122.939714,46.133307],[-122.939677,46.133339],[-122.939673,46.13339],[-122.939425,46.133401],[-122.939373,46.133306],[-122.939178,46.133316],[-122.939155,46.133354],[-122.939172,46.133473],[-122.939238,46.133494],[-122.939403,46.133469],[-122.939437,46.133554],[-122.939544,46.13357],[-122.939543,46.13366],[-122.939088,46.133661],[-122.939035,46.133688],[-122.939026,46.13375],[-122.9388,46.133746],[-122.938749,46.13389],[-122.938794,46.133925],[-122.938896,46.13393],[-122.938896,46.13402],[-122.938671,46.134029],[-122.938618,46.134138],[-122.938657,46.134193],[-122.938766,46.1342],[-122.938769,46.134251],[-122.938807,46.134283],[-122.939077,46.13429],[-122.939151,46.134252],[-122.939155,46.13411],[-122.939543,46.13411],[-122.939543,46.13429],[-122.939302,46.134277],[-122.939249,46.134332],[-122.939284,46.13438],[-122.939284,46.13447],[-122.939066,46.134476],[-122.939028,46.134508],[-122.939025,46.13456],[-122.938936,46.134566],[-122.938897,46.134603],[-122.938896,46.134876],[-122.938936,46.134913],[-122.939024,46.13492],[-122.939024,46.135009],[-122.938912,46.13503],[-122.93886,46.135148],[-122.938912,46.13526],[-122.939024,46.13528],[-122.939023,46.13564],[-122.938765,46.13564],[-122.938756,46.135565],[-122.93869,46.135536],[-122.938534,46.135562],[-122.938506,46.13564],[-122.938036,46.135643],[-122.937988,46.135688],[-122.937997,46.135971],[-122.93805,46.135998],[-122.938246,46.136],[-122.938255,46.136061],[-122.938309,46.136088],[-122.939023,46.13609],[-122.939029,46.13616],[-122.939083,46.136192],[-122.9395,46.136174],[-122.939537,46.136142],[-122.939541,46.13609],[-122.939629,46.136084],[-122.93967,46.136042],[-122.939657,46.135934],[-122.939541,46.13591],[-122.939541,46.13582],[-122.939576,46.135778],[-122.939541,46.13573],[-122.939541,46.13564],[-122.939576,46.135598],[-122.939542,46.13555],[-122.939542,46.135461],[-122.939636,46.135458],[-122.939683,46.135431],[-122.939671,46.13528],[-122.939778,46.135264],[-122.939801,46.13519],[-122.93999,46.13519],[-122.940042,46.135171],[-122.94006,46.13501],[-122.940141,46.135006],[-122.940186,46.134972],[-122.94019,46.134831],[-122.940319,46.134831],[-122.940325,46.134887],[-122.940374,46.134918],[-122.940578,46.134921]],[[-122.92866,46.142925],[-122.928604,46.1429],[-122.928546,46.14291],[-122.928495,46.142956],[-122.928508,46.143001],[-122.928574,46.143037],[-122.928639,46.143027],[-122.928691,46.142977],[-122.92866,46.142925]],[[-122.928716,46.144197],[-122.928859,46.144182],[-122.928905,46.144156],[-122.928909,46.144037],[-122.928852,46.144005],[-122.928683,46.144008],[-122.928636,46.144054],[-122.928661,46.144164],[-122.928716,46.144197]],[[-122.930228,46.142975],[-122.930202,46.142863],[-122.930148,46.142836],[-122.929952,46.142835],[-122.929883,46.142811],[-122.929823,46.142835],[-122.929612,46.142839],[-122.92957,46.142868],[-122.929563,46.142924],[-122.929375,46.142925],[-122.929322,46.142944],[-122.929304,46.143104],[-122.928971,46.143107],[-122.928922,46.143137],[-122.928916,46.143194],[-122.928794,46.143207],[-122.928766,46.14325],[-122.928792,46.143354],[-122.928861,46.143388],[-122.929127,46.14337],[-122.929169,46.143341],[-122.929175,46.143284],[-122.929364,46.143284],[-122.929416,46.143265],[-122.929434,46.143105],[-122.929563,46.143105],[-122.92964,46.143128],[-122.929794,46.143092],[-122.929822,46.143015],[-122.929952,46.143015],[-122.930021,46.143039],[-122.930176,46.143012],[-122.930228,46.142975]],[[-122.929226,46.143824],[-122.9293,46.143786],[-122.929294,46.143673],[-122.929241,46.143645],[-122.929086,46.143651],[-122.929046,46.143688],[-122.929054,46.143796],[-122.929107,46.143823],[-122.929226,46.143824]],[[-122.930339,46.144005],[-122.930421,46.144001],[-122.930465,46.143967],[-122.93046,46.143764],[-122.930399,46.143735],[-122.93008,46.143735],[-122.930058,46.143661],[-122.929951,46.143645],[-122.929971,46.143515],[-122.929937,46.143474],[-122.929747,46.143467],[-122.929698,46.143498],[-122.929692,46.143555],[-122.929503,46.143555],[-122.929446,46.143578],[-122.929433,46.143776],[-122.929467,46.143815],[-122.929623,46.143849],[-122.929692,46.143825],[-122.929951,46.143825],[-122.929973,46.143899],[-122.93008,46.143915],[-122.930081,46.144051],[-122.930135,46.144093],[-122.930304,46.144086],[-122.930339,46.144005]],[[-122.929952,46.142565],[-122.930034,46.142561],[-122.930079,46.142527],[-122.930082,46.142254],[-122.930034,46.142209],[-122.929893,46.142205],[-122.929833,46.142233],[-122.929823,46.142295],[-122.929749,46.142297],[-122.929703,46.142323],[-122.929693,46.142475],[-122.929582,46.142494],[-122.929545,46.142609],[-122.929606,46.142653],[-122.92989,46.142654],[-122.929943,46.142626],[-122.929952,46.142565]],[[-122.930424,46.141489],[-122.930266,46.141461],[-122.930213,46.141485],[-122.930009,46.141487],[-122.92996,46.141518],[-122.929919,46.141617],[-122.929959,46.141721],[-122.930001,46.141751],[-122.930083,46.141755],[-122.930089,46.141812],[-122.930131,46.141841],[-122.930301,46.141839],[-122.930338,46.141807],[-122.930342,46.141755],[-122.930423,46.141751],[-122.930465,46.141722],[-122.930466,46.141518],[-122.930424,46.141489]],[[-122.930127,46.143577],[-122.930292,46.143551],[-122.930334,46.143522],[-122.930338,46.143328],[-122.930285,46.143287],[-122.930123,46.143286],[-122.930062,46.14333],[-122.930081,46.143464],[-122.930048,46.143523],[-122.930127,46.143577]],[[-122.930109,46.142741],[-122.930273,46.142758],[-122.930328,46.142734],[-122.930337,46.142603],[-122.930286,46.142567],[-122.930137,46.142567],[-122.930088,46.142598],[-122.930065,46.142705],[-122.930109,46.142741]],[[-122.932155,46.141486],[-122.932155,46.141355],[-122.932121,46.141315],[-122.931808,46.141312],[-122.93177,46.141344],[-122.931766,46.141396],[-122.93165,46.14142],[-122.931637,46.141486],[-122.931433,46.141488],[-122.931384,46.141519],[-122.931378,46.141576],[-122.931142,46.141591],[-122.931119,46.141755],[-122.930778,46.141759],[-122.930736,46.141789],[-122.93073,46.141845],[-122.930614,46.141869],[-122.9306,46.141935],[-122.93037,46.141947],[-122.930342,46.141984],[-122.930351,46.142176],[-122.930396,46.142203],[-122.930471,46.142205],[-122.930477,46.142262],[-122.930519,46.142291],[-122.930859,46.142295],[-122.930865,46.142352],[-122.930907,46.142381],[-122.931208,46.142392],[-122.931244,46.142361],[-122.931248,46.142296],[-122.931336,46.142289],[-122.931377,46.142247],[-122.931364,46.14214],[-122.931248,46.142115],[-122.931248,46.142026],[-122.931452,46.142023],[-122.931501,46.141992],[-122.931507,46.141936],[-122.931737,46.141924],[-122.931766,46.141887],[-122.931766,46.141756],[-122.932126,46.141744],[-122.932155,46.141666],[-122.932243,46.14166],[-122.932284,46.141617],[-122.932271,46.14151],[-122.932155,46.141486]],[[-122.931039,46.143285],[-122.931114,46.143247],[-122.931104,46.143129],[-122.931047,46.143106],[-122.930872,46.143115],[-122.930838,46.143161],[-122.930871,46.143261],[-122.93092,46.143284],[-122.931039,46.143285]],[[-122.931029,46.132211],[-122.931192,46.132229],[-122.931248,46.132205],[-122.931257,46.132074],[-122.931205,46.132038],[-122.931057,46.132038],[-122.931007,46.132069],[-122.930984,46.132175],[-122.931029,46.132211]],[[-122.931431,46.140496],[-122.931503,46.140462],[-122.931507,46.140359],[-122.931468,46.140322],[-122.93138,46.140316],[-122.931351,46.140238],[-122.931181,46.140201],[-122.931009,46.140245],[-122.930991,46.140441],[-122.931019,46.140483],[-122.931431,46.140496]],[[-122.931803,46.139554],[-122.93176,46.139444],[-122.931706,46.139417],[-122.931443,46.139417],[-122.931384,46.139454],[-122.931348,46.139564],[-122.931403,46.13967],[-122.93151,46.139686],[-122.93151,46.139921],[-122.931563,46.139967],[-122.931713,46.139953],[-122.931765,46.139918],[-122.931769,46.139596],[-122.931803,46.139554]],[[-122.931929,46.139209],[-122.931876,46.139072],[-122.93177,46.139056],[-122.931747,46.138892],[-122.931692,46.138876],[-122.931533,46.138892],[-122.931511,46.13893],[-122.931511,46.139187],[-122.931533,46.13922],[-122.931853,46.139258],[-122.931929,46.139209]],[[-122.932547,46.140945],[-122.932576,46.140888],[-122.932498,46.140834],[-122.932415,46.140856],[-122.932026,46.140856],[-122.932017,46.140705],[-122.931881,46.140668],[-122.931889,46.140331],[-122.931822,46.140302],[-122.931661,46.140332],[-122.931639,46.140364],[-122.931638,46.140627],[-122.931679,46.140669],[-122.931783,46.140683],[-122.931733,46.140808],[-122.931767,46.140856],[-122.931776,46.141007],[-122.93183,46.141035],[-122.932026,46.141036],[-122.932049,46.14111],[-122.932155,46.141126],[-122.93219,46.141207],[-122.932285,46.141216],[-122.932302,46.141376],[-122.932467,46.14142],[-122.932632,46.14139],[-122.932673,46.141348],[-122.93266,46.14124],[-122.932544,46.141216],[-122.932547,46.140945]],[[-122.932159,46.140225],[-122.93219,46.140173],[-122.932116,46.140052],[-122.931958,46.140022],[-122.931777,46.140074],[-122.931768,46.140191],[-122.931808,46.140233],[-122.932027,46.140226],[-122.932096,46.14025],[-122.932159,46.140225]],[[-122.932283,46.142746],[-122.932364,46.142742],[-122.932409,46.142708],[-122.932412,46.142435],[-122.932365,46.14239],[-122.932224,46.142386],[-122.932163,46.142415],[-122.932154,46.142476],[-122.931917,46.142492],[-122.931895,46.142607],[-122.931936,46.14265],[-122.932024,46.142656],[-122.932025,46.142806],[-122.932063,46.142843],[-122.932248,46.142827],[-122.932283,46.142746]],[[-122.932603,46.134646],[-122.932658,46.13463],[-122.932681,46.134598],[-122.932681,46.134425],[-122.93264,46.134383],[-122.932483,46.134352],[-122.932422,46.134376],[-122.931975,46.134376],[-122.931914,46.134404],[-122.931905,46.134597],[-122.931945,46.134639],[-122.932603,46.134646]],[[-122.933193,46.139327],[-122.93318,46.139261],[-122.933064,46.139237],[-122.933058,46.13918],[-122.933009,46.139149],[-122.932704,46.139159],[-122.932677,46.13919],[-122.932664,46.139337],[-122.932546,46.139326],[-122.932523,46.139252],[-122.932417,46.139236],[-122.932413,46.139171],[-122.932377,46.139139],[-122.932199,46.139152],[-122.932159,46.13919],[-122.932159,46.139283],[-122.932199,46.13932],[-122.932287,46.139326],[-122.932287,46.139506],[-122.932098,46.139506],[-122.932041,46.13953],[-122.932037,46.139747],[-122.932083,46.139774],[-122.932157,46.139776],[-122.932163,46.139846],[-122.932217,46.139879],[-122.932416,46.139866],[-122.932484,46.13989],[-122.932634,46.13986],[-122.932709,46.139723],[-122.932657,46.139616],[-122.932546,46.139596],[-122.932546,46.139506],[-122.932652,46.139491],[-122.932686,46.139405],[-122.932934,46.139417],[-122.932943,46.139478],[-122.932997,46.139506],[-122.933275,46.139503],[-122.933321,46.139463],[-122.933319,46.139365],[-122.933275,46.139331],[-122.933193,46.139327]],[[-122.932299,46.131945],[-122.93233,46.131893],[-122.932278,46.131842],[-122.932213,46.131833],[-122.932147,46.131869],[-122.932134,46.131914],[-122.932185,46.13196],[-122.932243,46.13197],[-122.932299,46.131945]],[[-122.932933,46.140136],[-122.932924,46.140075],[-122.932871,46.140048],[-122.932675,46.140046],[-122.932606,46.140022],[-122.932429,46.14007],[-122.932415,46.140406],[-122.932314,46.140418],[-122.932285,46.140496],[-122.932197,46.140502],[-122.932156,46.140545],[-122.932165,46.140648],[-122.932211,46.140674],[-122.932285,46.140676],[-122.93232,46.140757],[-122.932476,46.14079],[-122.932619,46.140764],[-122.932668,46.140733],[-122.932674,46.140676],[-122.93279,46.140652],[-122.932804,46.140497],[-122.932915,46.140477],[-122.932933,46.140317],[-122.933022,46.14031],[-122.933061,46.140273],[-122.93305,46.140161],[-122.932933,46.140136]],[[-122.932684,46.132036],[-122.93265,46.131955],[-122.932496,46.131946],[-122.932435,46.131975],[-122.932425,46.132036],[-122.932314,46.132056],[-122.932276,46.13234],[-122.932309,46.132387],[-122.932606,46.132396],[-122.932666,46.132377],[-122.932684,46.132216],[-122.932779,46.132207],[-122.932814,46.132162],[-122.932801,46.13206],[-122.932684,46.132036]],[[-122.932529,46.139037],[-122.932579,46.138818],[-122.932508,46.138765],[-122.932305,46.138806],[-122.932287,46.139016],[-122.932315,46.139057],[-122.932377,46.139069],[-122.932529,46.139037]],[[-122.93245,46.134102],[-122.932614,46.13412],[-122.932669,46.134096],[-122.932679,46.133965],[-122.932627,46.133929],[-122.932478,46.133929],[-122.932429,46.133959],[-122.932406,46.134066],[-122.93245,46.134102]],[[-122.933067,46.136447],[-122.933149,46.136443],[-122.933193,46.136408],[-122.933197,46.136135],[-122.933149,46.136091],[-122.933008,46.136087],[-122.932947,46.136115],[-122.932938,46.136176],[-122.932826,46.136196],[-122.932808,46.136266],[-122.93262,46.136267],[-122.932567,46.136286],[-122.932549,46.136446],[-122.932515,46.136499],[-122.932562,46.136602],[-122.932679,46.136626],[-122.932713,46.136707],[-122.932997,46.136716],[-122.933066,46.136673],[-122.933067,46.136447]],[[-122.933216,46.134967],[-122.933195,46.134865],[-122.933158,46.134833],[-122.933008,46.134802],[-122.93294,46.134826],[-122.93281,46.134826],[-122.932804,46.13477],[-122.932755,46.134739],[-122.932594,46.134737],[-122.932534,46.134776],[-122.932564,46.134892],[-122.932681,46.134916],[-122.932687,46.134973],[-122.932736,46.135004],[-122.933164,46.135004],[-122.933216,46.134967]],[[-122.933839,46.141127],[-122.933833,46.14107],[-122.933783,46.141039],[-122.93345,46.141037],[-122.933444,46.14089],[-122.933402,46.140861],[-122.933321,46.140857],[-122.933286,46.140776],[-122.93309,46.140779],[-122.933062,46.140815],[-122.933062,46.140947],[-122.93295,46.140966],[-122.932912,46.141071],[-122.932953,46.14112],[-122.933062,46.141127],[-122.933061,46.141217],[-122.932831,46.141229],[-122.932803,46.141265],[-122.932802,46.141396],[-122.932696,46.141412],[-122.932673,46.141486],[-122.932578,46.141489],[-122.932536,46.141511],[-122.932561,46.141827],[-122.932613,46.141846],[-122.932883,46.141842],[-122.932925,46.141813],[-122.932931,46.141757],[-122.933048,46.141733],[-122.933061,46.141667],[-122.933401,46.141663],[-122.933444,46.141634],[-122.93345,46.141577],[-122.933566,46.141553],[-122.933579,46.141487],[-122.93381,46.141475],[-122.933838,46.141397],[-122.933927,46.141391],[-122.933967,46.141348],[-122.933962,46.14116],[-122.93392,46.141131],[-122.933839,46.141127]],[[-122.93259,46.142472],[-122.932733,46.14249],[-122.932788,46.142466],[-122.932798,46.142335],[-122.932746,46.142299],[-122.932597,46.142299],[-122.932546,46.142335],[-122.932545,46.142438],[-122.93259,46.142472]],[[-122.933345,46.135417],[-122.933324,46.135315],[-122.933287,46.135283],[-122.933053,46.135269],[-122.933068,46.135145],[-122.933021,46.135101],[-122.932621,46.135097],[-122.932557,46.13513],[-122.932552,46.135233],[-122.932592,46.13527],[-122.932955,46.135284],[-122.932939,46.135408],[-122.932987,46.135452],[-122.933293,46.135454],[-122.933345,46.135417]],[[-122.933583,46.138697],[-122.933671,46.138691],[-122.93371,46.138654],[-122.933712,46.138476],[-122.933671,46.138433],[-122.933453,46.138427],[-122.933444,46.138365],[-122.933391,46.138338],[-122.933065,46.138337],[-122.933056,46.138275],[-122.933003,46.138248],[-122.932617,46.138247],[-122.932556,46.138275],[-122.932547,46.138462],[-122.93257,46.1385],[-122.932935,46.138517],[-122.932958,46.138591],[-122.933065,46.138607],[-122.933064,46.138697],[-122.932983,46.138701],[-122.932938,46.138735],[-122.932936,46.138923],[-122.932976,46.13896],[-122.933064,46.138967],[-122.933093,46.139044],[-122.933194,46.139057],[-122.933195,46.139193],[-122.933241,46.139233],[-122.93339,46.139236],[-122.933446,46.139203],[-122.933453,46.138967],[-122.933541,46.13896],[-122.933581,46.138923],[-122.933583,46.138697]],[[-122.933196,46.137077],[-122.933278,46.137073],[-122.93332,46.137043],[-122.933303,46.136913],[-122.933248,46.136897],[-122.93296,46.136912],[-122.932937,46.13695],[-122.932937,46.137346],[-122.932855,46.137351],[-122.932813,46.13738],[-122.932807,46.137706],[-122.932718,46.137713],[-122.932678,46.137755],[-122.932677,46.138108],[-122.932732,46.138154],[-122.933023,46.138155],[-122.933082,46.138117],[-122.933052,46.138001],[-122.932936,46.137976],[-122.932936,46.137887],[-122.933018,46.137882],[-122.93306,46.137853],[-122.933066,46.137527],[-122.933154,46.13752],[-122.933194,46.137483],[-122.933196,46.137077]],[[-122.933176,46.142723],[-122.933208,46.142612],[-122.933169,46.142573],[-122.932965,46.142576],[-122.93293,46.142657],[-122.932849,46.142661],[-122.932807,46.14269],[-122.932813,46.142826],[-122.932876,46.14285],[-122.933025,46.142828],[-122.93306,46.142747],[-122.933176,46.142723]],[[-122.93307,46.134736],[-122.933088,46.134692],[-122.933056,46.134656],[-122.93299,46.134647],[-122.932937,46.134667],[-122.932921,46.134708],[-122.932958,46.13475],[-122.933016,46.13476],[-122.93307,46.134736]],[[-122.933124,46.132577],[-122.933198,46.132538],[-122.933189,46.132421],[-122.933132,46.132397],[-122.932957,46.132406],[-122.932923,46.132452],[-122.932956,46.132552],[-122.933005,46.132575],[-122.933124,46.132577]],[[-122.933276,46.132759],[-122.933105,46.132752],[-122.933072,46.132846],[-122.93299,46.132851],[-122.932948,46.13288],[-122.932942,46.133068],[-122.93299,46.133112],[-122.933172,46.133104],[-122.9332,46.133068],[-122.933201,46.132937],[-122.933283,46.132933],[-122.933325,46.132903],[-122.933321,46.132785],[-122.933276,46.132759]],[[-122.934873,46.142568],[-122.934954,46.142564],[-122.934999,46.142529],[-122.934999,46.142426],[-122.934947,46.14239],[-122.934778,46.142397],[-122.934743,46.142478],[-122.934507,46.142493],[-122.934487,46.142619],[-122.934532,46.142653],[-122.934613,46.142658],[-122.934629,46.14283],[-122.934395,46.142844],[-122.934358,46.142876],[-122.934354,46.142927],[-122.934225,46.142927],[-122.934219,46.142871],[-122.93417,46.14284],[-122.933966,46.142837],[-122.933943,46.142763],[-122.933837,46.142747],[-122.933821,46.142665],[-122.933943,46.142641],[-122.933966,46.142567],[-122.934094,46.142551],[-122.934116,46.142511],[-122.934096,46.142387],[-122.934177,46.142383],[-122.934222,46.142349],[-122.934208,46.142227],[-122.934156,46.142208],[-122.933967,46.142207],[-122.933967,46.142118],[-122.934083,46.142093],[-122.934097,46.141937],[-122.934208,46.141918],[-122.934261,46.141805],[-122.934226,46.141757],[-122.934226,46.141626],[-122.934198,46.14159],[-122.933872,46.141586],[-122.933838,46.141667],[-122.933737,46.141679],[-122.933708,46.141757],[-122.933613,46.141766],[-122.933579,46.141847],[-122.933462,46.141871],[-122.933449,46.142027],[-122.933354,46.142036],[-122.933319,46.142117],[-122.933238,46.142121],[-122.933193,46.142155],[-122.933156,46.14226],[-122.933221,46.142316],[-122.933523,46.142295],[-122.933572,46.142264],[-122.933578,46.142207],[-122.933708,46.142207],[-122.93373,46.142281],[-122.933837,46.142297],[-122.933837,46.142387],[-122.933763,46.142389],[-122.933717,46.142416],[-122.933673,46.142525],[-122.933723,46.142649],[-122.9336,46.142673],[-122.933577,46.142747],[-122.933244,46.142749],[-122.933195,46.14278],[-122.933189,46.142837],[-122.933115,46.142839],[-122.933069,46.142865],[-122.933059,46.143107],[-122.932971,46.143113],[-122.93293,46.143155],[-122.932942,46.143533],[-122.932999,46.143556],[-122.933318,46.143557],[-122.933323,46.143627],[-122.933378,46.143659],[-122.933706,46.143647],[-122.933715,46.143708],[-122.933768,46.143736],[-122.934339,46.143728],[-122.934373,46.143687],[-122.934354,46.143557],[-122.934455,46.143545],[-122.934483,46.143468],[-122.934571,46.143461],[-122.934611,46.143424],[-122.934607,46.143321],[-122.934565,46.143292],[-122.934483,46.143287],[-122.934483,46.143198],[-122.93468,46.143197],[-122.934739,46.143159],[-122.934727,46.142845],[-122.934824,46.142834],[-122.934866,46.142804],[-122.934873,46.142568]],[[-122.934236,46.133477],[-122.93423,46.133421],[-122.934181,46.133389],[-122.933781,46.133388],[-122.93372,46.13343],[-122.933718,46.133567],[-122.933589,46.133567],[-122.93352,46.133543],[-122.933459,46.133567],[-122.933133,46.133568],[-122.93308,46.133595],[-122.933071,46.133656],[-122.932989,46.133661],[-122.932945,46.133695],[-122.932944,46.133978],[-122.932989,46.134012],[-122.93307,46.134018],[-122.93307,46.134196],[-122.932982,46.134203],[-122.932942,46.13424],[-122.932944,46.134428],[-122.93301,46.134466],[-122.933329,46.134467],[-122.933296,46.134615],[-122.933351,46.134721],[-122.933458,46.134737],[-122.933458,46.134827],[-122.933424,46.13488],[-122.933457,46.134917],[-122.933463,46.134987],[-122.933511,46.135018],[-122.933675,46.135001],[-122.933713,46.134969],[-122.933717,46.134917],[-122.933828,46.134897],[-122.933846,46.134647],[-122.933928,46.134643],[-122.933972,46.134609],[-122.93397,46.13441],[-122.933913,46.134378],[-122.933717,46.134377],[-122.933717,46.134197],[-122.933948,46.134185],[-122.933976,46.134107],[-122.934058,46.134103],[-122.9341,46.134074],[-122.934106,46.133927],[-122.93418,46.133925],[-122.934226,46.133899],[-122.934236,46.133657],[-122.934331,46.133648],[-122.934365,46.133603],[-122.934352,46.133501],[-122.934236,46.133477]],[[-122.933328,46.135636],[-122.933346,46.135592],[-122.933314,46.135556],[-122.93324,46.135548],[-122.93319,46.135572],[-122.93318,46.135613],[-122.933216,46.13565],[-122.933274,46.13566],[-122.933328,46.135636]],[[-122.936158,46.139394],[-122.936179,46.138993],[-122.936137,46.138971],[-122.936042,46.138968],[-122.936036,46.138912],[-122.935994,46.138882],[-122.935524,46.138878],[-122.935509,46.138796],[-122.935641,46.138764],[-122.935653,46.138652],[-122.935606,46.138612],[-122.935448,46.138584],[-122.935361,46.138645],[-122.935411,46.13878],[-122.935198,46.138789],[-122.935145,46.138816],[-122.935136,46.139023],[-122.935196,46.13907],[-122.935394,46.139058],[-122.935417,46.139132],[-122.935524,46.139148],[-122.935524,46.139238],[-122.935489,46.13928],[-122.935524,46.139328],[-122.935523,46.139508],[-122.935265,46.139508],[-122.935259,46.139451],[-122.935217,46.139422],[-122.934937,46.139405],[-122.934878,46.139447],[-122.934876,46.139598],[-122.934758,46.139609],[-122.93473,46.139424],[-122.934672,46.139404],[-122.93455,46.139419],[-122.934488,46.139466],[-122.934503,46.13968],[-122.934229,46.139687],[-122.934206,46.139613],[-122.934099,46.139597],[-122.934077,46.139343],[-122.93397,46.139327],[-122.933964,46.13927],[-122.933915,46.139239],[-122.933616,46.139246],[-122.933582,46.139286],[-122.933581,46.139417],[-122.9335,46.139421],[-122.933455,46.139455],[-122.933461,46.139658],[-122.933522,46.139687],[-122.93397,46.139687],[-122.933992,46.139761],[-122.934099,46.139777],[-122.934133,46.139858],[-122.934228,46.139867],[-122.934228,46.139957],[-122.933992,46.139973],[-122.933969,46.140137],[-122.93371,46.140137],[-122.933688,46.140063],[-122.933535,46.140024],[-122.933363,46.140053],[-122.933325,46.140085],[-122.933322,46.140137],[-122.93324,46.140141],[-122.933196,46.140175],[-122.933205,46.140383],[-122.93339,46.140431],[-122.933451,46.140407],[-122.933669,46.140401],[-122.933707,46.140369],[-122.93371,46.140317],[-122.934195,46.140321],[-122.934228,46.140282],[-122.934228,46.140047],[-122.934417,46.140047],[-122.93447,46.140028],[-122.934487,46.139867],[-122.934569,46.139863],[-122.934614,46.139829],[-122.934617,46.139688],[-122.934746,46.139688],[-122.934747,46.139909],[-122.934794,46.139953],[-122.935134,46.139958],[-122.935144,46.140019],[-122.935205,46.140048],[-122.936006,46.140039],[-122.93604,46.14],[-122.936038,46.139637],[-122.935979,46.139599],[-122.935782,46.139598],[-122.935783,46.139508],[-122.935993,46.139504],[-122.936036,46.139475],[-122.936042,46.139418],[-122.936158,46.139394]],[[-122.933478,46.133432],[-122.933454,46.13333],[-122.933404,46.133299],[-122.933256,46.133299],[-122.933204,46.133335],[-122.933204,46.133438],[-122.933255,46.133474],[-122.933445,46.133467],[-122.933478,46.133432]],[[-122.933435,46.142411],[-122.933243,46.142376],[-122.933193,46.142412],[-122.933191,46.142537],[-122.93325,46.142579],[-122.9334,46.142563],[-122.933447,46.142523],[-122.933435,46.142411]],[[-122.934492,46.136357],[-122.934573,46.136353],[-122.934618,46.136319],[-122.934621,46.136046],[-122.934573,46.136002],[-122.93443,46.135984],[-122.934368,46.136017],[-122.934362,46.136087],[-122.934126,46.136103],[-122.934103,46.136267],[-122.934022,46.136271],[-122.93398,46.1363],[-122.933973,46.136717],[-122.933864,46.136724],[-122.933824,46.136773],[-122.933861,46.136877],[-122.933973,46.136897],[-122.933973,46.136987],[-122.933762,46.136991],[-122.93372,46.13702],[-122.933714,46.137077],[-122.93364,46.137079],[-122.933594,46.137105],[-122.933588,46.137219],[-122.933632,46.137253],[-122.933714,46.137257],[-122.933713,46.137347],[-122.933639,46.137349],[-122.933593,46.137375],[-122.933584,46.137617],[-122.933472,46.137637],[-122.933454,46.137797],[-122.933366,46.137803],[-122.933326,46.13784],[-122.933324,46.137977],[-122.93329,46.138024],[-122.933333,46.138128],[-122.933387,46.138156],[-122.933583,46.138157],[-122.933589,46.138214],[-122.933638,46.138245],[-122.933772,46.138247],[-122.933824,46.138227],[-122.933842,46.137977],[-122.933924,46.137973],[-122.933968,46.137939],[-122.933971,46.137661],[-122.933931,46.137623],[-122.933843,46.137617],[-122.933843,46.137527],[-122.934039,46.137526],[-122.934096,46.137494],[-122.934102,46.137257],[-122.93419,46.137251],[-122.93423,46.137214],[-122.934232,46.136897],[-122.934344,46.136878],[-122.934362,46.136717],[-122.93445,46.136711],[-122.93449,46.136674],[-122.934492,46.136357]],[[-122.933708,46.136864],[-122.933748,46.136754],[-122.93368,46.136636],[-122.933466,46.136638],[-122.933395,46.136603],[-122.933317,46.136635],[-122.933334,46.136704],[-122.933455,46.136717],[-122.933456,46.136848],[-122.93349,46.136888],[-122.933673,46.136891],[-122.933708,46.136864]],[[-122.933585,46.136307],[-122.933518,46.136253],[-122.933339,46.136291],[-122.933327,46.136502],[-122.933359,46.136541],[-122.933416,46.13655],[-122.933572,46.136513],[-122.933585,46.136307]],[[-122.933736,46.133167],[-122.93371,46.133055],[-122.933656,46.133028],[-122.933393,46.133028],[-122.933332,46.13307],[-122.933334,46.133168],[-122.933393,46.133206],[-122.933691,46.133203],[-122.933736,46.133167]],[[-122.93337,46.139953],[-122.933513,46.13997],[-122.933568,46.139946],[-122.933578,46.139815],[-122.933526,46.139779],[-122.933377,46.139779],[-122.933325,46.139815],[-122.933325,46.139918],[-122.93337,46.139953]],[[-122.933715,46.136037],[-122.933647,46.135984],[-122.933485,46.136009],[-122.933457,46.136045],[-122.933473,46.13617],[-122.933539,46.136191],[-122.933687,46.136165],[-122.933713,46.136133],[-122.933715,46.136037]],[[-122.9342,46.140678],[-122.93426,46.140529],[-122.934182,46.140475],[-122.934098,46.140497],[-122.933751,46.140503],[-122.933713,46.140535],[-122.93371,46.140587],[-122.933628,46.140591],[-122.933583,46.140625],[-122.933545,46.140725],[-122.933589,46.140828],[-122.933642,46.140856],[-122.933798,46.140851],[-122.933835,46.140819],[-122.933839,46.140767],[-122.933955,46.140743],[-122.933969,46.140677],[-122.9342,46.140678]],[[-122.934623,46.134377],[-122.934705,46.134373],[-122.934749,46.134339],[-122.93474,46.134131],[-122.934683,46.134108],[-122.934378,46.134117],[-122.934345,46.134158],[-122.934364,46.134557],[-122.934283,46.134561],[-122.934238,46.134596],[-122.934234,46.134827],[-122.934133,46.134839],[-122.934105,46.134917],[-122.93401,46.134926],[-122.933975,46.135007],[-122.933859,46.135031],[-122.933849,46.135149],[-122.933894,46.135183],[-122.933975,46.135187],[-122.933975,46.135277],[-122.933744,46.135289],[-122.933716,46.135326],[-122.933716,46.135457],[-122.933634,46.135461],[-122.93359,46.135495],[-122.933586,46.135727],[-122.933551,46.135775],[-122.933591,46.135887],[-122.933632,46.135916],[-122.933782,46.135906],[-122.933832,46.135883],[-122.933845,46.135637],[-122.933952,46.135621],[-122.933975,46.135547],[-122.934171,46.135546],[-122.934228,46.135514],[-122.934268,46.135415],[-122.934234,46.135367],[-122.934234,46.135277],[-122.934346,46.135258],[-122.934364,46.135097],[-122.934452,46.135091],[-122.934492,46.135054],[-122.934494,46.134647],[-122.934575,46.134643],[-122.93462,46.134609],[-122.934623,46.134377]],[[-122.934808,46.138902],[-122.934958,46.138874],[-122.935003,46.138839],[-122.935006,46.138656],[-122.934972,46.138617],[-122.93423,46.138607],[-122.934214,46.138525],[-122.934312,46.138513],[-122.934356,46.138479],[-122.93436,46.138337],[-122.934576,46.138336],[-122.934633,46.138303],[-122.93461,46.137916],[-122.934549,46.137888],[-122.934142,46.137894],[-122.934103,46.137931],[-122.934101,46.138157],[-122.934066,46.1382],[-122.934101,46.138249],[-122.934101,46.138337],[-122.934067,46.13839],[-122.934116,46.13851],[-122.933904,46.138518],[-122.933847,46.13855],[-122.933841,46.138787],[-122.933753,46.138793],[-122.933713,46.13883],[-122.933721,46.139118],[-122.933781,46.139147],[-122.934174,46.139145],[-122.934223,46.139114],[-122.934229,46.139057],[-122.934304,46.139055],[-122.93435,46.139029],[-122.934359,46.138877],[-122.934747,46.138878],[-122.934808,46.138902]],[[-122.934888,46.135613],[-122.934875,46.135491],[-122.934826,46.13546],[-122.934409,46.135448],[-122.934363,46.135492],[-122.934369,46.135694],[-122.934433,46.135727],[-122.934703,46.135723],[-122.934745,46.135694],[-122.934751,46.135638],[-122.934846,46.135635],[-122.934888,46.135613]],[[-122.934909,46.140759],[-122.935073,46.14078],[-122.935125,46.140753],[-122.935116,46.140608],[-122.935004,46.140588],[-122.934999,46.140531],[-122.934957,46.140502],[-122.934756,46.140509],[-122.93474,46.140351],[-122.934698,46.140322],[-122.934616,46.140317],[-122.934582,46.140237],[-122.934386,46.14024],[-122.934357,46.140281],[-122.934375,46.140478],[-122.934486,46.140498],[-122.934492,46.140554],[-122.934534,46.140583],[-122.934734,46.140577],[-122.934768,46.140662],[-122.934875,46.140678],[-122.934909,46.140759]],[[-122.935529,46.137437],[-122.93556,46.137385],[-122.935485,46.137264],[-122.934879,46.137258],[-122.934873,46.137188],[-122.934819,46.137155],[-122.934655,46.137177],[-122.93462,46.137257],[-122.934429,46.137244],[-122.93437,46.137273],[-122.934361,46.137672],[-122.934414,46.137718],[-122.934585,46.137698],[-122.93462,46.137618],[-122.93485,46.137605],[-122.934878,46.137569],[-122.934879,46.137438],[-122.935137,46.137438],[-122.935137,46.137618],[-122.935049,46.137624],[-122.935008,46.137666],[-122.935007,46.137978],[-122.934973,46.13802],[-122.935007,46.138068],[-122.935007,46.138158],[-122.934811,46.138159],[-122.934757,46.138186],[-122.934713,46.138295],[-122.934789,46.138421],[-122.935081,46.138425],[-122.935131,46.138394],[-122.935137,46.138338],[-122.935211,46.138335],[-122.935257,46.138309],[-122.935266,46.138158],[-122.935355,46.138152],[-122.935394,46.138114],[-122.935396,46.137798],[-122.935498,46.137794],[-122.935544,46.137753],[-122.935529,46.137437]],[[-122.934616,46.139145],[-122.934564,46.139124],[-122.934507,46.139134],[-122.934469,46.139176],[-122.934485,46.139217],[-122.934538,46.139237],[-122.93461,46.139225],[-122.934637,46.139187],[-122.934616,46.139145]],[[-122.935656,46.137078],[-122.935744,46.137072],[-122.935784,46.137035],[-122.935784,46.136852],[-122.93573,46.13681],[-122.935397,46.136808],[-122.935321,46.136784],[-122.935167,46.13682],[-122.935138,46.136898],[-122.935009,46.136898],[-122.935008,46.136766],[-122.934981,46.13673],[-122.934698,46.136718],[-122.934634,46.136741],[-122.93462,46.136807],[-122.934539,46.136812],[-122.934494,46.136846],[-122.934508,46.136968],[-122.93462,46.136988],[-122.934655,46.137068],[-122.934795,46.1371],[-122.934879,46.137078],[-122.935138,46.137078],[-122.935144,46.137134],[-122.935193,46.137165],[-122.935578,46.137168],[-122.935643,46.137144],[-122.935656,46.137078]],[[-122.935262,46.141578],[-122.935337,46.141576],[-122.935382,46.141549],[-122.935383,46.141427],[-122.935329,46.141399],[-122.935133,46.141398],[-122.935127,46.141341],[-122.935078,46.14131],[-122.934927,46.141297],[-122.93488,46.141328],[-122.934874,46.141398],[-122.934657,46.141399],[-122.934598,46.141437],[-122.934611,46.141647],[-122.934665,46.141667],[-122.934874,46.141668],[-122.934879,46.141724],[-122.934929,46.141755],[-122.935234,46.141746],[-122.935262,46.141709],[-122.935262,46.141578]],[[-122.934982,46.135085],[-122.935028,46.134957],[-122.934984,46.134922],[-122.934685,46.134919],[-122.934626,46.134956],[-122.934624,46.135054],[-122.93467,46.135093],[-122.934828,46.135121],[-122.934982,46.135085]],[[-122.935135,46.134794],[-122.935156,46.134682],[-122.935099,46.134649],[-122.934882,46.134648],[-122.934806,46.134624],[-122.934718,46.134685],[-122.934758,46.134794],[-122.934815,46.134827],[-122.935093,46.134824],[-122.935135,46.134794]],[[-122.934925,46.142118],[-122.934999,46.142079],[-122.934994,46.141966],[-122.93494,46.141939],[-122.934785,46.141944],[-122.934745,46.141981],[-122.934753,46.142089],[-122.934806,46.142117],[-122.934925,46.142118]],[[-122.935651,46.135785],[-122.935636,46.135551],[-122.935582,46.135534],[-122.935142,46.135548],[-122.935071,46.135524],[-122.934987,46.135565],[-122.93501,46.135818],[-122.934922,46.135824],[-122.934882,46.135861],[-122.93488,46.136268],[-122.934792,46.136274],[-122.934751,46.136316],[-122.934751,46.136579],[-122.934791,46.136621],[-122.935198,46.136628],[-122.935259,46.136599],[-122.935259,46.136476],[-122.935213,46.13645],[-122.935139,46.136448],[-122.935139,46.136268],[-122.93524,46.136256],[-122.935269,46.136178],[-122.935363,46.136169],[-122.935398,46.136088],[-122.935472,46.136086],[-122.935518,46.136059],[-122.935528,46.135818],[-122.935609,46.135814],[-122.935651,46.135785]],[[-122.935008,46.140229],[-122.934951,46.140204],[-122.934894,46.140214],[-122.934843,46.14026],[-122.934856,46.140305],[-122.934921,46.14034],[-122.934986,46.140331],[-122.935039,46.140281],[-122.935008,46.140229]],[[-122.935141,46.134468],[-122.93534,46.13448],[-122.935394,46.134448],[-122.935399,46.134331],[-122.935359,46.134294],[-122.934952,46.134288],[-122.934891,46.134316],[-122.934882,46.134509],[-122.934923,46.134551],[-122.935086,46.134555],[-122.935135,46.134524],[-122.935141,46.134468]],[[-122.935807,46.135408],[-122.93577,46.135208],[-122.935717,46.135188],[-122.935529,46.135188],[-122.935523,46.135131],[-122.935474,46.1351],[-122.935311,46.135104],[-122.935273,46.135136],[-122.93527,46.135188],[-122.935188,46.135192],[-122.935143,46.135226],[-122.935141,46.135414],[-122.935195,46.135455],[-122.935528,46.135458],[-122.935612,46.135481],[-122.93578,46.135445],[-122.935807,46.135408]],[[-122.935395,46.139328],[-122.935413,46.139283],[-122.935381,46.139247],[-122.935307,46.139239],[-122.935257,46.139263],[-122.935247,46.139304],[-122.935283,46.139341],[-122.935341,46.139351],[-122.935395,46.139328]],[[-122.935838,46.136538],[-122.935914,46.136495],[-122.935914,46.136402],[-122.935887,46.13637],[-122.935657,46.136358],[-122.935651,46.136301],[-122.935602,46.13627],[-122.935468,46.136268],[-122.935415,46.136288],[-122.935363,46.136406],[-122.935426,46.136526],[-122.935838,46.136538]],[[-122.935918,46.134648],[-122.935999,46.134644],[-122.936044,46.13461],[-122.936042,46.134322],[-122.935977,46.134288],[-122.935707,46.134292],[-122.935661,46.134331],[-122.93564,46.134513],[-122.935686,46.134554],[-122.935788,46.134558],[-122.935804,46.13464],[-122.93547,46.134648],[-122.935417,46.134668],[-122.935399,46.134954],[-122.935422,46.134992],[-122.935477,46.135008],[-122.935636,46.134992],[-122.935659,46.134828],[-122.935855,46.134827],[-122.935908,46.1348],[-122.935918,46.134648]],[[-122.935781,46.140448],[-122.935721,46.140396],[-122.935536,46.140418],[-122.935503,46.140464],[-122.935535,46.140564],[-122.935592,46.140588],[-122.935747,46.140579],[-122.93578,46.140545],[-122.935781,46.140448]],[[-122.936044,46.137708],[-122.936038,46.137652],[-122.935988,46.137621],[-122.935725,46.137618],[-122.935668,46.137642],[-122.935621,46.137745],[-122.935655,46.137798],[-122.935655,46.137887],[-122.93562,46.137936],[-122.93567,46.13806],[-122.935573,46.138072],[-122.935531,46.138101],[-122.935525,46.138199],[-122.93556,46.138239],[-122.935776,46.138235],[-122.935804,46.138192],[-122.935768,46.138076],[-122.935886,46.138064],[-122.935931,46.138028],[-122.935914,46.137888],[-122.936103,46.137888],[-122.93616,46.137864],[-122.936164,46.137737],[-122.936118,46.137711],[-122.936044,46.137708]],[[-122.935976,46.134018],[-122.935899,46.134063],[-122.935931,46.134174],[-122.935988,46.134198],[-122.936143,46.134189],[-122.936177,46.13415],[-122.936164,46.134042],[-122.936115,46.134019],[-122.935976,46.134018]],[[-122.93786,46.134469],[-122.937854,46.134399],[-122.937807,46.134368],[-122.937471,46.134379],[-122.937489,46.134239],[-122.937444,46.134203],[-122.937342,46.134199],[-122.937342,46.134109],[-122.937377,46.134061],[-122.937318,46.134002],[-122.936995,46.134025],[-122.936955,46.134062],[-122.936954,46.134199],[-122.936824,46.134199],[-122.936812,46.133953],[-122.936755,46.133929],[-122.936588,46.133944],[-122.936566,46.134018],[-122.936491,46.134021],[-122.936445,46.134047],[-122.936436,46.134198],[-122.936324,46.134218],[-122.936272,46.134331],[-122.936329,46.134453],[-122.936565,46.134469],[-122.936581,46.134551],[-122.936445,46.134587],[-122.936435,46.134738],[-122.936223,46.134729],[-122.93618,46.134763],[-122.936176,46.134828],[-122.936095,46.134832],[-122.936053,46.134862],[-122.936056,46.13507],[-122.936109,46.135097],[-122.936305,46.135098],[-122.936321,46.135181],[-122.936203,46.135193],[-122.936161,46.135223],[-122.936175,46.135458],[-122.935959,46.135459],[-122.935905,46.135488],[-122.935897,46.135678],[-122.935918,46.135712],[-122.936136,46.135735],[-122.936172,46.135704],[-122.936175,46.135638],[-122.93627,46.135629],[-122.936305,46.135548],[-122.936386,46.135544],[-122.936429,46.135515],[-122.936419,46.135196],[-122.936555,46.13516],[-122.936565,46.134919],[-122.936653,46.134912],[-122.936693,46.134875],[-122.936679,46.134566],[-122.936912,46.134552],[-122.93695,46.13452],[-122.936954,46.134469],[-122.937342,46.134469],[-122.937355,46.134715],[-122.937412,46.134739],[-122.9376,46.134739],[-122.937613,46.134818],[-122.93769,46.134842],[-122.937825,46.13482],[-122.937859,46.134739],[-122.937941,46.134735],[-122.937986,46.134701],[-122.937983,46.134503],[-122.937941,46.134473],[-122.93786,46.134469]],[[-122.936047,46.13708],[-122.93599,46.137064],[-122.935932,46.137085],[-122.935915,46.137133],[-122.935942,46.137169],[-122.936005,46.137181],[-122.936064,46.137155],[-122.936078,46.137115],[-122.936047,46.13708]],[[-122.936118,46.133478],[-122.936414,46.133463],[-122.936436,46.13343],[-122.936428,46.133147],[-122.936367,46.133119],[-122.93609,46.133125],[-122.93605,46.133162],[-122.936049,46.133298],[-122.936014,46.133341],[-122.936058,46.13345],[-122.936118,46.133478]],[[-122.936172,46.136626],[-122.936121,46.136605],[-122.936063,46.136615],[-122.936026,46.136657],[-122.936041,46.136698],[-122.936095,46.136718],[-122.936167,46.136706],[-122.936194,46.136668],[-122.936172,46.136626]],[[-122.936376,46.138521],[-122.936183,46.138529],[-122.936096,46.138495],[-122.936027,46.138537],[-122.936056,46.138599],[-122.936172,46.13861],[-122.936172,46.138698],[-122.93609,46.138702],[-122.936048,46.138732],[-122.936046,46.13884],[-122.936105,46.138877],[-122.936375,46.138876],[-122.93643,46.13883],[-122.936428,46.138557],[-122.936376,46.138521]],[[-122.93645,46.136499],[-122.936424,46.136387],[-122.936371,46.136359],[-122.936113,46.136345],[-122.936046,46.136388],[-122.936048,46.136513],[-122.936105,46.136551],[-122.936406,46.136534],[-122.93645,46.136499]],[[-122.936564,46.13807],[-122.936492,46.138044],[-122.936431,46.138068],[-122.936228,46.138071],[-122.936178,46.138102],[-122.936172,46.138158],[-122.936066,46.138174],[-122.936043,46.138212],[-122.936065,46.138426],[-122.936125,46.138442],[-122.936408,46.138413],[-122.936431,46.138249],[-122.936513,46.138244],[-122.936557,46.13821],[-122.936596,46.138116],[-122.936564,46.13807]],[[-122.936426,46.137689],[-122.936451,46.137574],[-122.936418,46.137538],[-122.936228,46.137531],[-122.936176,46.137567],[-122.936176,46.13767],[-122.936228,46.137706],[-122.936379,46.13772],[-122.936426,46.137689]],[[-122.936427,46.136955],[-122.936452,46.136854],[-122.936419,46.136818],[-122.936229,46.136811],[-122.936177,46.136847],[-122.936177,46.13695],[-122.936229,46.136986],[-122.936378,46.136986],[-122.936427,46.136955]],[[-122.93667,46.136104],[-122.936365,46.136076],[-122.93631,46.136108],[-122.936327,46.136253],[-122.936382,46.136268],[-122.93667,46.136253],[-122.936693,46.136215],[-122.93667,46.136104]],[[-122.936559,46.139909],[-122.936499,46.139856],[-122.936334,46.139878],[-122.9363,46.139917],[-122.936313,46.140024],[-122.93637,46.140048],[-122.936524,46.140039],[-122.936557,46.140005],[-122.936559,46.139909]],[[-122.936818,46.139419],[-122.936812,46.139362],[-122.936763,46.139331],[-122.9365,46.139329],[-122.936443,46.139353],[-122.93643,46.139598],[-122.936395,46.139646],[-122.936463,46.139783],[-122.936654,46.13977],[-122.936689,46.139689],[-122.936784,46.13968],[-122.936818,46.139599],[-122.936935,46.139575],[-122.936939,46.139447],[-122.936893,46.139421],[-122.936818,46.139419]],[[-122.936837,46.135964],[-122.936817,46.135852],[-122.936775,46.135823],[-122.936497,46.13582],[-122.93644,46.135852],[-122.936415,46.135953],[-122.936476,46.135997],[-122.93678,46.135998],[-122.936837,46.135964]],[[-122.936615,46.13709],[-122.937057,46.137063],[-122.93708,46.137025],[-122.937057,46.136825],[-122.93701,46.136809],[-122.93662,46.136809],[-122.936564,46.136825],[-122.936542,46.136864],[-122.936565,46.137054],[-122.936615,46.13709]],[[-122.936694,46.132847],[-122.936643,46.132825],[-122.936585,46.132835],[-122.936548,46.132877],[-122.936564,46.132918],[-122.936617,46.132938],[-122.936689,46.132926],[-122.936716,46.132888],[-122.936694,46.132847]],[[-122.936818,46.140089],[-122.936757,46.140036],[-122.936593,46.140058],[-122.93656,46.140092],[-122.936551,46.140204],[-122.936608,46.140228],[-122.936783,46.14022],[-122.936816,46.140185],[-122.936818,46.140089]],[[-122.937464,46.135786],[-122.937505,46.135681],[-122.937461,46.135578],[-122.937415,46.135551],[-122.937341,46.135549],[-122.937325,46.135377],[-122.937429,46.135363],[-122.93747,46.13532],[-122.937467,46.135214],[-122.937417,46.135178],[-122.937229,46.135209],[-122.937227,46.135361],[-122.937105,46.135385],[-122.937082,46.135459],[-122.936634,46.135459],[-122.93657,46.135492],[-122.936565,46.135595],[-122.936612,46.135634],[-122.936823,46.135639],[-122.936884,46.135663],[-122.936952,46.135639],[-122.937081,46.135639],[-122.937083,46.135775],[-122.937129,46.135815],[-122.937422,46.135815],[-122.937464,46.135786]],[[-122.936872,46.132961],[-122.937072,46.132915],[-122.937081,46.132797],[-122.93703,46.132761],[-122.936881,46.132761],[-122.936832,46.132792],[-122.936793,46.132907],[-122.936872,46.132961]],[[-122.938639,46.13258],[-122.938626,46.132514],[-122.938561,46.13249],[-122.938414,46.132499],[-122.93838,46.132579],[-122.938121,46.132579],[-122.93812,46.132448],[-122.938092,46.132412],[-122.9378,46.132386],[-122.937734,46.132429],[-122.937732,46.132669],[-122.937603,46.132669],[-122.937603,46.132344],[-122.937576,46.132308],[-122.937344,46.132309],[-122.937335,46.132247],[-122.937274,46.132219],[-122.936877,46.132219],[-122.936828,46.132235],[-122.936807,46.132269],[-122.936818,46.132644],[-122.936876,46.132668],[-122.937085,46.132669],[-122.937108,46.132743],[-122.937214,46.132759],[-122.937249,46.13284],[-122.937344,46.13285],[-122.937343,46.133029],[-122.937147,46.13303],[-122.937086,46.133072],[-122.93709,46.133175],[-122.937132,46.133205],[-122.937214,46.133209],[-122.937214,46.133299],[-122.936982,46.133298],[-122.936955,46.133334],[-122.936955,46.133479],[-122.936873,46.133483],[-122.936828,46.133517],[-122.936825,46.133785],[-122.936847,46.133823],[-122.937174,46.133846],[-122.93721,46.133814],[-122.937213,46.133749],[-122.93732,46.133733],[-122.937343,46.133659],[-122.937459,46.133635],[-122.937472,46.133569],[-122.937602,46.133569],[-122.937607,46.133639],[-122.937655,46.13367],[-122.937832,46.133647],[-122.937861,46.133605],[-122.937861,46.133209],[-122.93799,46.133209],[-122.937996,46.133356],[-122.938038,46.133385],[-122.93812,46.133389],[-122.938125,46.133459],[-122.938173,46.13349],[-122.93846,46.133475],[-122.938502,46.133446],[-122.938508,46.13339],[-122.938615,46.133374],[-122.938638,46.133336],[-122.938638,46.13285],[-122.938733,46.132841],[-122.938768,46.132796],[-122.938762,46.132613],[-122.93872,46.132584],[-122.938639,46.13258]],[[-122.93721,46.136269],[-122.937292,46.136265],[-122.937334,46.136236],[-122.937317,46.136105],[-122.937262,46.136089],[-122.936974,46.136105],[-122.936952,46.136143],[-122.936974,46.136343],[-122.937162,46.136355],[-122.937204,46.136326],[-122.93721,46.136269]],[[-122.937202,46.138126],[-122.937227,46.138024],[-122.937195,46.137988],[-122.937005,46.137981],[-122.936953,46.138017],[-122.936953,46.13812],[-122.937004,46.138156],[-122.937153,46.138157],[-122.937202,46.138126]],[[-122.937474,46.13501],[-122.937416,46.134995],[-122.937358,46.135015],[-122.937342,46.135064],[-122.937368,46.1351],[-122.937431,46.135112],[-122.93749,46.135086],[-122.937505,46.135046],[-122.937474,46.13501]],[[-122.93748,46.131982],[-122.937455,46.132084],[-122.937488,46.13212],[-122.937678,46.132127],[-122.93773,46.132091],[-122.93773,46.131987],[-122.937678,46.131951],[-122.937529,46.131951],[-122.93748,46.131982]],[[-122.938243,46.137077],[-122.938176,46.137055],[-122.938105,46.13709],[-122.937986,46.137079],[-122.937964,46.137005],[-122.937811,46.136967],[-122.937646,46.136993],[-122.937599,46.137033],[-122.937598,46.137169],[-122.937516,46.137173],[-122.937474,46.137202],[-122.937474,46.137316],[-122.937538,46.137349],[-122.937808,46.137345],[-122.937851,46.137316],[-122.937857,46.137259],[-122.938068,46.137255],[-122.93811,46.137226],[-122.938127,46.137158],[-122.938237,46.137157],[-122.938265,46.137119],[-122.938243,46.137077]],[[-122.937731,46.133789],[-122.937671,46.133737],[-122.937507,46.133758],[-122.937472,46.133798],[-122.937485,46.133905],[-122.937542,46.133929],[-122.937696,46.13392],[-122.937729,46.133886],[-122.937731,46.133789]],[[-122.938131,46.136235],[-122.938111,46.136123],[-122.938069,46.136093],[-122.937791,46.13609],[-122.937734,46.136123],[-122.937709,46.136224],[-122.93777,46.136268],[-122.938074,46.136268],[-122.938131,46.136235]],[[-122.938558,46.1351],[-122.938632,46.135061],[-122.938627,46.134948],[-122.938573,46.134921],[-122.938418,46.134926],[-122.938378,46.134963],[-122.938386,46.135071],[-122.938439,46.135099],[-122.938558,46.1351]],[[-122.938769,46.13204],[-122.938765,46.131974],[-122.938729,46.131943],[-122.938565,46.131952],[-122.938513,46.131988],[-122.938513,46.132091],[-122.938558,46.132125],[-122.938639,46.13213],[-122.938642,46.132181],[-122.93868,46.132213],[-122.938843,46.132217],[-122.938895,46.132181],[-122.938895,46.132078],[-122.93885,46.132044],[-122.938769,46.13204]]]}},{"type":"Feature","properties":{"id":70,"area_m2":90200,"px":902,"rank":2,"persistent":false},"geometry":{"type":"Polygon","coordinates":[[[-122.946148,46.131773],[-122.946148,46.131863],[-122.946059,46.13187],[-122.94602,46.131907],[-122.946018,46.132043],[-122.945983,46.132086],[-122.946018,46.132133],[-122.946018,46.132223],[-122.945901,46.132247],[-122.945888,46.132403],[-122.945807,46.132407],[-122.945762,46.132442],[-122.945758,46.132583],[-122.945664,46.132592],[-122.945629,46.132673],[-122.945517,46.132693],[-122.945499,46.132853],[-122.945418,46.132857],[-122.945376,46.132886],[-122.945369,46.133213],[-122.945288,46.133217],[-122.945243,46.133251],[-122.945205,46.133345],[-122.94524,46.133393],[-122.94524,46.133483],[-122.944999,46.133469],[-122.944946,46.133525],[-122.944981,46.133573],[-122.944981,46.133663],[-122.944899,46.133667],[-122.944855,46.133701],[-122.944851,46.133843],[-122.944817,46.133896],[-122.944869,46.134003],[-122.94498,46.134023],[-122.944983,46.134345],[-122.945028,46.134379],[-122.945109,46.134383],[-122.945109,46.134473],[-122.945021,46.134479],[-122.944981,46.134516],[-122.94498,46.134743],[-122.944873,46.134759],[-122.94485,46.134833],[-122.944464,46.134833],[-122.944427,46.134752],[-122.944242,46.134736],[-122.944203,46.134777],[-122.944202,46.135192],[-122.943944,46.135192],[-122.943944,46.135102],[-122.944025,46.135098],[-122.944067,46.135069],[-122.944067,46.134956],[-122.944011,46.134923],[-122.943814,46.134922],[-122.943826,46.134592],[-122.94378,46.134565],[-122.943685,46.134562],[-122.943682,46.134511],[-122.943644,46.134479],[-122.943482,46.134474],[-122.943427,46.134521],[-122.943426,46.134783],[-122.943467,46.134826],[-122.943555,46.134832],[-122.943555,46.135011],[-122.943461,46.135015],[-122.943411,46.135047],[-122.943425,46.135282],[-122.943296,46.135282],[-122.943295,46.135146],[-122.943255,46.135108],[-122.94308,46.135103],[-122.943023,46.135137],[-122.943039,46.135418],[-122.943078,46.135456],[-122.943166,46.135462],[-122.943166,46.135552],[-122.942983,46.135538],[-122.942924,46.135558],[-122.942908,46.135773],[-122.942948,46.135816],[-122.943037,46.135822],[-122.94304,46.136054],[-122.943084,46.136088],[-122.943166,46.136092],[-122.943172,46.136149],[-122.943214,46.136178],[-122.943371,46.136206],[-122.943455,46.136155],[-122.943425,46.136092],[-122.943425,46.135732],[-122.943507,46.135728],[-122.943551,46.135694],[-122.943555,46.135462],[-122.943943,46.135462],[-122.944004,46.135487],[-122.944073,46.135463],[-122.944332,46.135463],[-122.944331,46.135553],[-122.944128,46.135555],[-122.944073,46.135601],[-122.944086,46.135708],[-122.944202,46.135733],[-122.944202,46.136002],[-122.944107,46.136012],[-122.944072,46.136056],[-122.944073,46.136409],[-122.944113,46.136446],[-122.944201,46.136453],[-122.944201,46.136542],[-122.943965,46.136558],[-122.943942,46.136722],[-122.943576,46.136738],[-122.943553,46.136992],[-122.943076,46.136998],[-122.943039,46.13703],[-122.943035,46.137082],[-122.942954,46.137086],[-122.942912,46.137115],[-122.942906,46.137262],[-122.942776,46.137262],[-122.942775,46.137035],[-122.942735,46.136998],[-122.942647,46.136992],[-122.942647,46.136902],[-122.942754,46.136886],[-122.942779,46.136812],[-122.942906,46.136812],[-122.942912,46.136869],[-122.942954,46.136898],[-122.943117,46.136898],[-122.943162,46.136864],[-122.943165,46.136771],[-122.943124,46.136728],[-122.943036,46.136722],[-122.943032,46.13667],[-122.942995,46.136638],[-122.942777,46.136632],[-122.942771,46.136575],[-122.942722,46.136544],[-122.942518,46.136542],[-122.942518,46.136362],[-122.94262,46.136357],[-122.942667,46.136317],[-122.942648,46.136183],[-122.942668,46.136142],[-122.94264,46.136105],[-122.942444,46.136094],[-122.942395,46.136125],[-122.942389,46.136182],[-122.94226,46.136182],[-122.94226,46.136092],[-122.942355,46.136083],[-122.942389,46.136038],[-122.942386,46.13586],[-122.942341,46.135826],[-122.94226,46.135822],[-122.94226,46.135732],[-122.942464,46.135729],[-122.942519,46.135678],[-122.942501,46.135571],[-122.942449,46.135552],[-122.94226,46.135552],[-122.94226,46.135462],[-122.942342,46.135457],[-122.942384,46.135428],[-122.94239,46.135102],[-122.942518,46.135085],[-122.942539,46.135046],[-122.942512,46.135005],[-122.942451,46.134988],[-122.942379,46.135023],[-122.942261,46.135011],[-122.942248,46.134946],[-122.942131,46.134921],[-122.942097,46.134841],[-122.941907,46.13484],[-122.941872,46.134885],[-122.941872,46.135413],[-122.941913,46.135455],[-122.942001,46.135461],[-122.942001,46.135641],[-122.941894,46.135657],[-122.941871,46.135731],[-122.941641,46.135744],[-122.941612,46.135821],[-122.941496,46.135845],[-122.941483,46.135911],[-122.941224,46.135911],[-122.941218,46.135841],[-122.941164,46.135809],[-122.940836,46.135821],[-122.940836,46.135641],[-122.940917,46.135637],[-122.94096,46.135608],[-122.940966,46.135371],[-122.94104,46.135369],[-122.941086,46.135342],[-122.941095,46.135191],[-122.941292,46.13519],[-122.941351,46.135153],[-122.941341,46.135035],[-122.941225,46.135011],[-122.941225,46.134831],[-122.941429,46.134829],[-122.941484,46.134782],[-122.941471,46.134675],[-122.941355,46.13465],[-122.941355,46.134291],[-122.941437,46.134287],[-122.941479,46.134258],[-122.941483,46.134065],[-122.941422,46.134022],[-122.941226,46.134021],[-122.941226,46.133931],[-122.941415,46.133931],[-122.941472,46.133907],[-122.941485,46.133751],[-122.94158,46.133742],[-122.941615,46.133661],[-122.941696,46.133657],[-122.941738,46.133628],[-122.941745,46.133391],[-122.941956,46.133387],[-122.941998,46.133358],[-122.942004,46.133301],[-122.942085,46.133297],[-122.942127,46.133268],[-122.942132,46.132895],[-122.942092,46.132858],[-122.942004,46.132851],[-122.942004,46.132761],[-122.942137,46.132741],[-122.942134,46.132582],[-122.942215,46.132577],[-122.94226,46.132543],[-122.942264,46.132132],[-122.942338,46.132129],[-122.942384,46.132103],[-122.942393,46.131952],[-122.942475,46.131948],[-122.94252,46.131913],[-122.942523,46.131772],[-122.9433,46.131772],[-122.9433,46.131862],[-122.943205,46.131871],[-122.94317,46.131952],[-122.943075,46.131954],[-122.943026,46.131987],[-122.94304,46.132222],[-122.942939,46.132234],[-122.942911,46.132312],[-122.942816,46.132321],[-122.942781,46.132402],[-122.942665,46.132426],[-122.942617,46.132534],[-122.942652,46.132582],[-122.942651,46.132672],[-122.942563,46.132678],[-122.942524,46.132715],[-122.942531,46.132913],[-122.942584,46.132941],[-122.942781,46.132942],[-122.942784,46.133083],[-122.942828,46.133118],[-122.94291,46.133122],[-122.94291,46.133212],[-122.942651,46.133212],[-122.94265,46.133075],[-122.942603,46.133036],[-122.942447,46.133034],[-122.942393,46.13308],[-122.942377,46.133267],[-122.942427,46.133299],[-122.942521,46.133302],[-122.942521,46.133392],[-122.942487,46.133434],[-122.942521,46.133482],[-122.942521,46.133572],[-122.942486,46.133619],[-122.942527,46.133718],[-122.942569,46.133748],[-122.94265,46.133752],[-122.942685,46.133833],[-122.94278,46.133842],[-122.942808,46.13392],[-122.942909,46.133932],[-122.942912,46.134087],[-122.942999,46.134125],[-122.943145,46.134096],[-122.943203,46.13398],[-122.94315,46.133862],[-122.943039,46.133841],[-122.943039,46.133662],[-122.943074,46.133619],[-122.943039,46.133572],[-122.943039,46.133392],[-122.943148,46.133385],[-122.943188,46.133342],[-122.943169,46.133212],[-122.943203,46.133164],[-122.943169,46.133122],[-122.943169,46.132943],[-122.943204,46.132894],[-122.943169,46.132852],[-122.943169,46.132762],[-122.943529,46.13275],[-122.943557,46.132713],[-122.943558,46.132492],[-122.94366,46.132488],[-122.943706,46.132447],[-122.94367,46.132332],[-122.943558,46.132312],[-122.943524,46.132231],[-122.943429,46.132222],[-122.943429,46.131952],[-122.943536,46.131936],[-122.943559,46.131862],[-122.943675,46.131838],[-122.943688,46.131772],[-122.944983,46.131773],[-122.944982,46.132313],[-122.944866,46.132337],[-122.944856,46.132454],[-122.9449,46.132489],[-122.944982,46.132493],[-122.944988,46.13255],[-122.94503,46.132579],[-122.94532,46.132583],[-122.945389,46.132538],[-122.945371,46.132224],[-122.945405,46.132175],[-122.945371,46.132133],[-122.945367,46.131901],[-122.945323,46.131867],[-122.945242,46.131863],[-122.945242,46.131773],[-122.94563,46.131773],[-122.945643,46.131839],[-122.945707,46.131863],[-122.945854,46.131854],[-122.945889,46.131773],[-122.946148,46.131773]],[[-122.941486,46.135643],[-122.941429,46.135627],[-122.941371,46.135648],[-122.941354,46.135696],[-122.941381,46.135732],[-122.941444,46.135744],[-122.941503,46.135718],[-122.941517,46.135678],[-122.941486,46.135643]],[[-122.941616,46.135193],[-122.941559,46.135177],[-122.941501,46.135198],[-122.941484,46.135246],[-122.941511,46.135282],[-122.941574,46.135294],[-122.941633,46.135268],[-122.941647,46.135228],[-122.941616,46.135193]],[[-122.94264,46.134533],[-122.94267,46.134252],[-122.942642,46.134215],[-122.942459,46.134188],[-122.942397,46.134222],[-122.942391,46.134292],[-122.942317,46.134294],[-122.942271,46.13432],[-122.942267,46.134438],[-122.942309,46.134467],[-122.942391,46.134472],[-122.942394,46.134537],[-122.94243,46.134569],[-122.942587,46.134561],[-122.94264,46.134533]],[[-122.943423,46.13627],[-122.943371,46.136249],[-122.943314,46.136259],[-122.943276,46.136301],[-122.943292,46.136342],[-122.943345,46.136362],[-122.943417,46.136349],[-122.943444,46.136312],[-122.943423,46.13627]],[[-122.943348,46.136643],[-122.943541,46.136608],[-122.94355,46.136491],[-122.943499,46.136455],[-122.94335,46.136454],[-122.943296,46.136496],[-122.943298,46.136607],[-122.943348,46.136643]],[[-122.943612,46.136272],[-122.943535,46.136317],[-122.943567,46.136428],[-122.943624,46.136452],[-122.943778,46.136443],[-122.943812,46.136404],[-122.9438,46.136296],[-122.94375,46.136273],[-122.943612,46.136272]],[[-122.943946,46.133212],[-122.943937,46.132971],[-122.943883,46.132943],[-122.943728,46.132949],[-122.943687,46.132991],[-122.943687,46.133212],[-122.943598,46.133219],[-122.943559,46.133256],[-122.94358,46.133466],[-122.94389,46.13348],[-122.943939,46.133449],[-122.943945,46.133392],[-122.944052,46.133377],[-122.944069,46.133246],[-122.944027,46.133217],[-122.943946,46.133212]],[[-122.944575,46.133553],[-122.944612,46.133443],[-122.944591,46.133409],[-122.944463,46.133393],[-122.944441,46.133228],[-122.944386,46.133213],[-122.944239,46.133222],[-122.944205,46.133261],[-122.944204,46.133572],[-122.944088,46.133596],[-122.944067,46.133727],[-122.944124,46.133752],[-122.944299,46.133743],[-122.944334,46.133663],[-122.94445,46.133639],[-122.944463,46.133573],[-122.944575,46.133553]],[[-122.944249,46.134675],[-122.944449,46.134629],[-122.944461,46.134516],[-122.944414,46.134477],[-122.944264,46.13446],[-122.944209,46.134492],[-122.944171,46.134621],[-122.944249,46.134675]],[[-122.944514,46.134203],[-122.944589,46.134164],[-122.944579,46.134047],[-122.944522,46.134023],[-122.944347,46.134032],[-122.944313,46.134078],[-122.944346,46.134179],[-122.944395,46.134202],[-122.944514,46.134203]],[[-122.944984,46.132854],[-122.944927,46.132839],[-122.944869,46.132859],[-122.944852,46.132908],[-122.944879,46.132944],[-122.944942,46.132956],[-122.945001,46.13293],[-122.945015,46.13289],[-122.944984,46.132854]]]}},{"type":"Feature","properties":{"id":2,"area_m2":20300,"px":203,"rank":3,"persistent":false},"geometry":{"type":"Polygon","coordinates":[[[-122.941086,46.143921],[-122.941086,46.144191],[-122.940979,46.144207],[-122.940956,46.144281],[-122.94084,46.144305],[-122.940827,46.144371],[-122.940697,46.144371],[-122.940636,46.144347],[-122.940566,46.144371],[-122.938239,46.14437],[-122.938237,46.14419],[-122.938272,46.144142],[-122.938228,46.144038],[-122.938182,46.144012],[-122.938108,46.144009],[-122.938102,46.143953],[-122.93806,46.143924],[-122.937849,46.143919],[-122.937849,46.143831],[-122.93795,46.143817],[-122.937979,46.143739],[-122.93808,46.143727],[-122.938108,46.14365],[-122.938203,46.14364],[-122.938238,46.14356],[-122.938312,46.143557],[-122.938358,46.143531],[-122.9384,46.143411],[-122.938345,46.143305],[-122.938238,46.14329],[-122.938238,46.1432],[-122.93832,46.143195],[-122.938364,46.143161],[-122.938403,46.143067],[-122.938368,46.14302],[-122.938368,46.14293],[-122.938496,46.14293],[-122.93852,46.143004],[-122.938627,46.143021],[-122.938627,46.14311],[-122.938545,46.143114],[-122.938503,46.143143],[-122.938501,46.143251],[-122.938545,46.143286],[-122.938627,46.14329],[-122.938636,46.143351],[-122.938689,46.143379],[-122.939348,46.143378],[-122.939398,46.143347],[-122.939404,46.14329],[-122.939634,46.143278],[-122.939663,46.1432],[-122.939779,46.143176],[-122.939792,46.14311],[-122.940051,46.143111],[-122.940054,46.143162],[-122.940092,46.143194],[-122.94031,46.143201],[-122.940333,46.143365],[-122.940569,46.143381],[-122.940569,46.143471],[-122.94038,46.143471],[-122.940327,46.14349],[-122.94031,46.143597],[-122.940344,46.143642],[-122.940439,46.143651],[-122.940422,46.143881],[-122.940466,46.143916],[-122.940568,46.143921],[-122.940586,46.144081],[-122.940646,46.144101],[-122.940804,46.144085],[-122.940827,46.143921],[-122.941086,46.143921]],[[-122.939271,46.143738],[-122.939205,46.143716],[-122.939133,46.143751],[-122.938681,46.143742],[-122.938629,46.143778],[-122.938629,46.143881],[-122.938696,46.14392],[-122.939089,46.143918],[-122.939138,46.143887],[-122.939155,46.143819],[-122.939231,46.143829],[-122.939281,46.143805],[-122.939271,46.143738]],[[-122.939532,46.14378],[-122.939505,46.143739],[-122.93945,46.143726],[-122.939388,46.143749],[-122.939368,46.143788],[-122.939394,46.143825],[-122.939457,46.143844],[-122.939515,46.143824],[-122.939532,46.14378]]]}},{"type":"Feature","properties":{"id":28,"area_m2":6600,"px":66,"rank":4,"persistent":false},"geometry":{"type":"Polygon","coordinates":[[[-122.929955,46.140585],[-122.929955,46.140675],[-122.92986,46.140684],[-122.929825,46.140765],[-122.929744,46.140769],[-122.929702,46.140798],[-122.929695,46.140945],[-122.929661,46.140987],[-122.929695,46.141035],[-122.929695,46.141125],[-122.929621,46.141127],[-122.929575,46.141153],[-122.929565,46.141304],[-122.929307,46.141304],[-122.929246,46.14128],[-122.929177,46.141304],[-122.928918,46.141304],[-122.928919,46.140944],[-122.929239,46.140958],[-122.929306,46.140915],[-122.929311,46.140785],[-122.929178,46.140764],[-122.929155,46.14069],[-122.929049,46.140674],[-122.929049,46.140494],[-122.929123,46.140492],[-122.929169,46.140466],[-122.929175,46.140339],[-122.929111,46.140301],[-122.92892,46.140314],[-122.928914,46.140257],[-122.928864,46.140226],[-122.928661,46.140224],[-122.928655,46.140167],[-122.928613,46.140138],[-122.928402,46.140134],[-122.928379,46.14006],[-122.928273,46.140044],[-122.928273,46.139954],[-122.928379,46.139938],[-122.928402,46.139864],[-122.928519,46.13984],[-122.928532,46.139774],[-122.928661,46.139774],[-122.928684,46.139848],[-122.92879,46.139864],[-122.928791,46.139995],[-122.928819,46.140032],[-122.929179,46.140044],[-122.929201,46.140208],[-122.929437,46.140224],[-122.929446,46.140376],[-122.929492,46.140402],[-122.929567,46.140405],[-122.929601,46.140485],[-122.929696,46.140495],[-122.929731,46.140576],[-122.929955,46.140585]]]}},{"type":"Feature","properties":{"id":86,"area_m2":5800,"px":58,"rank":5,"persistent":false},"geometry":{"type":"Polygon","coordinates":[[[-122.941227,46.133391],[-122.941227,46.133481],[-122.941138,46.133487],[-122.941099,46.133524],[-122.941097,46.133841],[-122.941008,46.133847],[-122.940968,46.13389],[-122.94098,46.133997],[-122.941097,46.134021],[-122.941096,46.134111],[-122.940967,46.134111],[-122.940899,46.134087],[-122.940838,46.134111],[-122.940607,46.134123],[-122.940579,46.134159],[-122.940578,46.134291],[-122.940497,46.134295],[-122.940452,46.134329],[-122.940449,46.134471],[-122.940367,46.134475],[-122.940323,46.134509],[-122.940319,46.13474],[-122.939931,46.13474],[-122.939931,46.13465],[-122.939966,46.134608],[-122.939931,46.13456],[-122.939931,46.13447],[-122.94006,46.13447],[-122.940137,46.134494],[-122.940224,46.134433],[-122.940172,46.13431],[-122.940061,46.13429],[-122.940061,46.1342],[-122.94019,46.134201],[-122.940196,46.134257],[-122.940238,46.134286],[-122.940401,46.134286],[-122.940448,46.134247],[-122.940449,46.134111],[-122.940538,46.134104],[-122.940577,46.134067],[-122.940577,46.133974],[-122.94055,46.133943],[-122.94032,46.13393],[-122.94032,46.133571],[-122.94045,46.133571],[-122.940451,46.133707],[-122.940491,46.133744],[-122.940646,46.13375],[-122.940707,46.133707],[-122.9407,46.133509],[-122.940654,46.133483],[-122.940579,46.133481],[-122.940545,46.1334],[-122.94045,46.133391],[-122.94045,46.133211],[-122.940485,46.133168],[-122.94045,46.133121],[-122.94045,46.133031],[-122.940968,46.133031],[-122.940968,46.133121],[-122.940887,46.133125],[-122.940842,46.133159],[-122.940848,46.133362],[-122.940908,46.133391],[-122.941227,46.133391]]]}},{"type":"Feature","properties":{"id":21,"area_m2":5300,"px":53,"rank":6,"persistent":false},"geometry":{"type":"Polygon","coordinates":[[[-122.939532,46.141312],[-122.9395,46.141358],[-122.939535,46.1414],[-122.939535,46.14158],[-122.939085,46.141567],[-122.939023,46.1416],[-122.939017,46.14167],[-122.938628,46.14167],[-122.93856,46.141646],[-122.938417,46.141674],[-122.93837,46.141718],[-122.938369,46.14194],[-122.93824,46.141939],[-122.93824,46.141491],[-122.938274,46.141437],[-122.938223,46.141329],[-122.938111,46.141309],[-122.938111,46.14122],[-122.938206,46.14121],[-122.938241,46.14113],[-122.938352,46.14111],[-122.93837,46.14095],[-122.938477,46.140934],[-122.9385,46.14086],[-122.938629,46.14086],[-122.938632,46.141181],[-122.938677,46.141216],[-122.938758,46.14122],[-122.938793,46.141301],[-122.939112,46.141301],[-122.939146,46.141261],[-122.939147,46.14104],[-122.939404,46.14104],[-122.939429,46.141114],[-122.939535,46.14113],[-122.939532,46.141312]]]}},{"type":"Feature","properties":{"id":67,"area_m2":5300,"px":53,"rank":7,"persistent":false},"geometry":{"type":"Polygon","coordinates":[[[-122.941741,46.136721],[-122.941741,46.136811],[-122.941646,46.13682],[-122.941611,46.136901],[-122.94153,46.136905],[-122.941485,46.13694],[-122.941481,46.137351],[-122.941352,46.137351],[-122.941346,46.137294],[-122.941297,46.137263],[-122.941019,46.137263],[-122.94097,46.137294],[-122.940964,46.137351],[-122.940775,46.137351],[-122.940722,46.137371],[-122.940704,46.137531],[-122.940575,46.137531],[-122.940575,46.137261],[-122.94067,46.137252],[-122.940705,46.137207],[-122.940692,46.137105],[-122.940576,46.137081],[-122.940576,46.136991],[-122.940692,46.136967],[-122.940705,46.136859],[-122.94065,46.136813],[-122.940446,46.136811],[-122.940447,46.136721],[-122.940671,46.136718],[-122.940725,46.136665],[-122.940688,46.136561],[-122.940576,46.136541],[-122.940576,46.136451],[-122.940611,46.136408],[-122.940576,46.136361],[-122.940576,46.136271],[-122.940965,46.136271],[-122.940965,46.136402],[-122.940993,46.136439],[-122.941155,46.136475],[-122.941224,46.136451],[-122.941353,46.136451],[-122.941376,46.136615],[-122.941612,46.136631],[-122.941634,46.136705],[-122.941741,46.136721]],[[-122.941223,46.136901],[-122.941217,46.136844],[-122.941168,46.136813],[-122.940876,46.136817],[-122.940836,46.136854],[-122.940823,46.137051],[-122.940869,46.137078],[-122.940964,46.137081],[-122.94097,46.137138],[-122.941012,46.137167],[-122.941182,46.137165],[-122.941219,46.137133],[-122.941223,46.137081],[-122.941311,46.137075],[-122.941352,46.137032],[-122.941339,46.136925],[-122.941223,46.136901]]]}},{"type":"Feature","properties":{"id":77,"area_m2":4600,"px":46,"rank":8,"persistent":false},"geometry":{"type":"Polygon","coordinates":[[[-122.930608,46.135905],[-122.930606,46.135995],[-122.930349,46.135995],[-122.930346,46.135943],[-122.930308,46.135911],[-122.930125,46.135914],[-122.930091,46.135953],[-122.93009,46.136085],[-122.929983,46.136101],[-122.92996,46.136175],[-122.929443,46.136174],[-122.929434,46.136113],[-122.92938,46.136085],[-122.928866,46.136084],[-122.928797,46.136127],[-122.928795,46.136354],[-122.928666,46.136354],[-122.92866,46.136297],[-122.928611,46.136266],[-122.928407,46.136264],[-122.928407,46.136174],[-122.928596,46.136174],[-122.928653,46.13615],[-122.928666,46.135994],[-122.928999,46.135992],[-122.929049,46.135961],[-122.929055,46.135904],[-122.92939,46.135915],[-122.929437,46.135884],[-122.929443,46.135814],[-122.929562,46.135803],[-122.929578,46.135871],[-122.929628,46.135902],[-122.929932,46.135892],[-122.929961,46.135779],[-122.929927,46.135734],[-122.929573,46.135724],[-122.929573,46.135635],[-122.92968,46.135619],[-122.929702,46.135545],[-122.929832,46.135545],[-122.929893,46.135569],[-122.929961,46.135545],[-122.93022,46.135545],[-122.930281,46.135569],[-122.93035,46.135545],[-122.930479,46.135545],[-122.930479,46.135725],[-122.930384,46.135727],[-122.930342,46.13575],[-122.930351,46.135861],[-122.930412,46.135904],[-122.930608,46.135905]]]}},{"type":"Feature","properties":{"id":90,"area_m2":4300,"px":43,"rank":9,"persistent":false},"geometry":{"type":"Polygon","coordinates":[[[-122.929316,46.134284],[-122.929315,46.134374],[-122.929112,46.134376],[-122.929062,46.134407],[-122.929056,46.134464],[-122.928927,46.134464],[-122.928927,46.134333],[-122.928893,46.134293],[-122.928539,46.134284],[-122.928521,46.134214],[-122.92841,46.134194],[-122.928375,46.134113],[-122.92828,46.134104],[-122.928252,46.134026],[-122.928021,46.134013],[-122.928022,46.133924],[-122.928116,46.133914],[-122.928151,46.133834],[-122.928233,46.133829],[-122.928277,46.133795],[-122.928281,46.133564],[-122.928316,46.133521],[-122.928281,46.133474],[-122.928281,46.133384],[-122.928669,46.133384],[-122.928678,46.133535],[-122.928724,46.133562],[-122.928799,46.133564],[-122.928798,46.133924],[-122.928717,46.133928],[-122.928675,46.133957],[-122.928685,46.134097],[-122.928744,46.134118],[-122.929057,46.134104],[-122.92908,46.134178],[-122.929186,46.134194],[-122.929221,46.134275],[-122.929316,46.134284]]]}},{"type":"Feature","properties":{"id":84,"area_m2":4200,"px":42,"rank":10,"persistent":false},"geometry":{"type":"Polygon","coordinates":[[[-122.946143,46.133935],[-122.946111,46.133981],[-122.946145,46.134025],[-122.946145,46.134473],[-122.946029,46.134497],[-122.946015,46.134599],[-122.94605,46.134644],[-122.946145,46.134654],[-122.946145,46.134743],[-122.945961,46.13473],[-122.945908,46.134746],[-122.945886,46.135013],[-122.945756,46.135013],[-122.945734,46.134849],[-122.945497,46.134833],[-122.945475,46.134759],[-122.945368,46.134743],[-122.945334,46.134662],[-122.945239,46.134653],[-122.945239,46.134563],[-122.945273,46.134521],[-122.945239,46.134473],[-122.945239,46.134383],[-122.945334,46.134374],[-122.945368,46.134329],[-122.945355,46.134227],[-122.945239,46.134203],[-122.945239,46.134113],[-122.945346,46.134097],[-122.945369,46.134023],[-122.945605,46.134007],[-122.945628,46.133933],[-122.945709,46.133929],[-122.945751,46.1339],[-122.945757,46.133753],[-122.946016,46.133753],[-122.946039,46.133828],[-122.946146,46.133843],[-122.946143,46.133935]],[[-122.946016,46.134064],[-122.945994,46.134026],[-122.945941,46.13401],[-122.945645,46.134043],[-122.945627,46.134203],[-122.945539,46.13421],[-122.945499,46.134247],[-122.945498,46.134438],[-122.945525,46.134474],[-122.945831,46.134471],[-122.94588,46.13444],[-122.945886,46.134383],[-122.945998,46.134364],[-122.946016,46.134064]]]}},{"type":"Feature","properties":{"id":78,"area_m2":3900,"px":39,"rank":11,"persistent":false},"geometry":{"type":"Polygon","coordinates":[[[-122.945367,46.135463],[-122.945367,46.135643],[-122.945041,46.135644],[-122.94498,46.135686],[-122.944988,46.135794],[-122.945034,46.135821],[-122.945108,46.135823],[-122.945142,46.135904],[-122.945237,46.135913],[-122.945237,46.136003],[-122.945142,46.136012],[-122.945108,46.136093],[-122.944991,46.136117],[-122.944978,46.136273],[-122.94459,46.136273],[-122.94459,46.136093],[-122.944678,46.136086],[-122.944718,46.136049],[-122.94472,46.135823],[-122.944808,46.135816],[-122.944849,46.135774],[-122.944843,46.135586],[-122.944801,46.135557],[-122.94472,46.135553],[-122.94472,46.135373],[-122.944755,46.13533],[-122.94472,46.135283],[-122.94472,46.135194],[-122.944795,46.13519],[-122.944841,46.135164],[-122.94485,46.135013],[-122.945109,46.135013],[-122.945118,46.135164],[-122.945164,46.135191],[-122.945238,46.135193],[-122.945244,46.13543],[-122.945286,46.135459],[-122.945367,46.135463]]]}},{"type":"Feature","properties":{"id":59,"area_m2":3800,"px":38,"rank":12,"persistent":false},"geometry":{"type":"Polygon","coordinates":[[[-122.929312,46.136894],[-122.929312,46.137074],[-122.929238,46.137077],[-122.929192,46.137103],[-122.929182,46.137254],[-122.928946,46.13727],[-122.928923,46.137434],[-122.928816,46.13745],[-122.928794,46.137524],[-122.928535,46.137524],[-122.928526,46.137462],[-122.928472,46.137435],[-122.928338,46.137435],[-122.928293,46.137453],[-122.928275,46.137794],[-122.928194,46.137798],[-122.928149,46.137832],[-122.928145,46.138064],[-122.928016,46.138063],[-122.928017,46.137254],[-122.928359,46.137263],[-122.928402,46.137229],[-122.928406,46.137164],[-122.928522,46.13714],[-122.928535,46.137074],[-122.928665,46.137074],[-122.928671,46.137131],[-122.928713,46.13716],[-122.928876,46.13716],[-122.928918,46.137131],[-122.928924,46.137074],[-122.929005,46.13707],[-122.929047,46.137041],[-122.929053,46.136894],[-122.929312,46.136894]]]}},{"type":"Feature","properties":{"id":43,"area_m2":3600,"px":36,"rank":13,"persistent":false},"geometry":{"type":"Polygon","coordinates":[[[-122.928918,46.138876],[-122.928887,46.138922],[-122.928921,46.138964],[-122.928921,46.139054],[-122.928833,46.13906],[-122.928793,46.139097],[-122.928791,46.139414],[-122.928573,46.13942],[-122.928536,46.139452],[-122.928532,46.139504],[-122.928144,46.139504],[-122.928144,46.139324],[-122.928179,46.139276],[-122.928144,46.139234],[-122.928143,46.139097],[-122.928103,46.13906],[-122.928015,46.139053],[-122.928016,46.138514],[-122.928132,46.13849],[-122.928145,46.138334],[-122.928252,46.138318],[-122.928275,46.138244],[-122.928404,46.138244],[-122.928404,46.138514],[-122.928322,46.138518],[-122.92828,46.138547],[-122.928274,46.138784],[-122.9282,46.138786],[-122.928154,46.138812],[-122.928158,46.13894],[-122.928274,46.138964],[-122.92828,46.13902],[-122.928322,46.13905],[-122.928594,46.139067],[-122.928661,46.139024],[-122.928662,46.138874],[-122.928769,46.138858],[-122.928792,46.138784],[-122.928921,46.138784],[-122.928918,46.138876]],[[-122.928406,46.139322],[-122.928437,46.139271],[-122.928385,46.13922],[-122.928319,46.139211],[-122.928254,46.139247],[-122.928241,46.139292],[-122.928292,46.139337],[-122.92835,46.139347],[-122.928406,46.139322]]]}},{"type":"Feature","properties":{"id":41,"area_m2":3000,"px":30,"rank":14,"persistent":false},"geometry":{"type":"Polygon","coordinates":[[[-122.930475,46.139145],[-122.930473,46.139235],[-122.930216,46.139235],[-122.930206,46.139173],[-122.930153,46.139146],[-122.929739,46.139151],[-122.929663,46.139277],[-122.929697,46.139325],[-122.929697,46.139595],[-122.929568,46.139594],[-122.929555,46.139528],[-122.92949,46.139504],[-122.929343,46.139513],[-122.929309,46.139594],[-122.929179,46.139594],[-122.92918,46.139414],[-122.929268,46.139408],[-122.929309,46.139366],[-122.92931,46.138874],[-122.930216,46.138875],[-122.930229,46.139121],[-122.930286,46.139145],[-122.930475,46.139145]],[[-122.929571,46.139236],[-122.929514,46.139221],[-122.929456,46.139241],[-122.929439,46.139289],[-122.929466,46.139325],[-122.929529,46.139338],[-122.929588,46.139312],[-122.929602,46.139272],[-122.929571,46.139236]]]}},{"type":"Feature","properties":{"id":58,"area_m2":2800,"px":28,"rank":15,"persistent":false},"geometry":{"type":"Polygon","coordinates":[[[-122.940316,46.137801],[-122.940315,46.138071],[-122.939592,46.138059],[-122.93954,46.1381],[-122.939538,46.13825],[-122.93928,46.13825],[-122.939257,46.138176],[-122.93915,46.13816],[-122.93915,46.13798],[-122.939225,46.137978],[-122.939271,46.137952],[-122.93928,46.1378],[-122.939362,46.137796],[-122.939406,46.137762],[-122.93941,46.13762],[-122.939539,46.13762],[-122.939545,46.137677],[-122.939594,46.137708],[-122.939798,46.13771],[-122.939804,46.13778],[-122.939851,46.137811],[-122.940057,46.137801],[-122.940125,46.137825],[-122.940186,46.137801],[-122.940316,46.137801]]]}},{"type":"Feature","properties":{"id":8,"area_m2":2500,"px":25,"rank":16,"persistent":false},"geometry":{"type":"Polygon","coordinates":[[[-122.941993,46.143112],[-122.941993,46.143201],[-122.941898,46.143211],[-122.941864,46.143255],[-122.941877,46.143357],[-122.941993,46.143382],[-122.941993,46.143741],[-122.941604,46.143741],[-122.941604,46.143651],[-122.941638,46.143598],[-122.941604,46.143561],[-122.941601,46.14342],[-122.941549,46.143384],[-122.94138,46.14339],[-122.941345,46.143471],[-122.941087,46.143471],[-122.941026,46.143447],[-122.940957,46.143471],[-122.940698,46.143471],[-122.940698,46.143291],[-122.941087,46.143291],[-122.941121,46.143372],[-122.941283,46.14338],[-122.941344,46.143338],[-122.941346,46.143201],[-122.941475,46.143201],[-122.941481,46.143258],[-122.941523,46.143287],[-122.941672,46.14329],[-122.941725,46.143263],[-122.941734,46.143201],[-122.941846,46.143182],[-122.941864,46.143112],[-122.941993,46.143112]]]}},{"type":"Feature","properties":{"id":25,"area_m2":2500,"px":25,"rank":17,"persistent":false},"geometry":{"type":"Polygon","coordinates":[[[-122.928531,46.140404],[-122.928531,46.140674],[-122.928334,46.140675],[-122.928278,46.140707],[-122.928277,46.14082],[-122.928319,46.14085],[-122.928401,46.140854],[-122.928401,46.140944],[-122.928319,46.140948],[-122.928275,46.140982],[-122.928271,46.141214],[-122.928183,46.14122],[-122.928143,46.141257],[-122.928141,46.141484],[-122.928012,46.141483],[-122.928012,46.141034],[-122.928094,46.141029],[-122.928138,46.140995],[-122.928162,46.140639],[-122.928122,46.14059],[-122.928013,46.140583],[-122.928013,46.140134],[-122.928272,46.140134],[-122.928272,46.140224],[-122.928237,46.140271],[-122.928285,46.14038],[-122.928342,46.140403],[-122.928531,46.140404]]]}},{"type":"Feature","properties":{"id":51,"area_m2":2500,"px":25,"rank":18,"persistent":false},"geometry":{"type":"Polygon","coordinates":[[[-122.930864,46.138065],[-122.930864,46.138245],[-122.930776,46.138252],[-122.930736,46.138289],[-122.930734,46.138605],[-122.930475,46.138605],[-122.930414,46.138581],[-122.930346,46.138605],[-122.930216,46.138605],[-122.930217,46.138245],[-122.930305,46.138239],[-122.930345,46.138201],[-122.930347,46.137885],[-122.930606,46.137885],[-122.930628,46.137959],[-122.930735,46.137975],[-122.930769,46.138056],[-122.930864,46.138065]]]}},{"type":"Feature","properties":{"id":61,"area_m2":2500,"px":25,"rank":19,"persistent":false},"geometry":{"type":"Polygon","coordinates":[[[-122.944327,46.137624],[-122.944295,46.13767],[-122.944329,46.137713],[-122.944329,46.137803],[-122.944255,46.137805],[-122.944209,46.137831],[-122.9442,46.137982],[-122.943941,46.137982],[-122.94388,46.137958],[-122.943811,46.137982],[-122.943682,46.137982],[-122.943679,46.137917],[-122.943636,46.137883],[-122.943423,46.137892],[-122.943423,46.137712],[-122.94353,46.137696],[-122.943553,46.137622],[-122.943685,46.137602],[-122.943682,46.137442],[-122.943789,46.137427],[-122.943812,46.137352],[-122.943941,46.137352],[-122.943964,46.137427],[-122.944117,46.137465],[-122.9442,46.137443],[-122.94433,46.137443],[-122.944327,46.137624]],[[-122.943944,46.137711],[-122.943975,46.137675],[-122.94396,46.137635],[-122.943902,46.137609],[-122.943839,46.137621],[-122.943812,46.137657],[-122.943828,46.137706],[-122.943887,46.137726],[-122.943944,46.137711]]]}},{"type":"Feature","properties":{"id":17,"area_m2":2200,"px":22,"rank":20,"persistent":false},"geometry":{"type":"Polygon","coordinates":[[[-122.943419,46.142032],[-122.943418,46.142122],[-122.94323,46.142122],[-122.943173,46.142146],[-122.943159,46.142302],[-122.942901,46.142302],[-122.942887,46.142236],[-122.942823,46.142212],[-122.94256,46.142216],[-122.942518,46.142245],[-122.942512,46.142302],[-122.942253,46.142302],[-122.942192,46.142278],[-122.942124,46.142302],[-122.941994,46.142301],[-122.941994,46.142122],[-122.94245,46.142121],[-122.942503,46.142093],[-122.942512,46.142032],[-122.942982,46.142028],[-122.943024,46.141999],[-122.94303,46.141942],[-122.94316,46.141942],[-122.943166,46.141999],[-122.943215,46.14203],[-122.943419,46.142032]]]}},{"type":"Feature","properties":{"id":102,"area_m2":2200,"px":22,"rank":21,"persistent":false},"geometry":{"type":"Polygon","coordinates":[[[-122.941616,46.132311],[-122.941616,46.132491],[-122.941542,46.132493],[-122.941496,46.13252],[-122.941486,46.132671],[-122.941098,46.132671],[-122.941095,46.132619],[-122.941057,46.132587],[-122.940839,46.132581],[-122.940839,46.132491],[-122.941043,46.132489],[-122.941098,46.132437],[-122.941081,46.132331],[-122.940969,46.132311],[-122.940935,46.13223],[-122.94084,46.132221],[-122.94084,46.132131],[-122.941023,46.132145],[-122.941077,46.132128],[-122.941099,46.132041],[-122.94118,46.132037],[-122.941222,46.132008],[-122.941228,46.131861],[-122.941335,46.131845],[-122.941358,46.131771],[-122.941487,46.131771],[-122.941487,46.131861],[-122.941375,46.131881],[-122.941358,46.132041],[-122.941276,46.132045],[-122.941231,46.132079],[-122.941231,46.132363],[-122.941283,46.132399],[-122.941424,46.1324],[-122.941478,46.132373],[-122.941487,46.132311],[-122.941616,46.132311]]]}},{"type":"Feature","properties":{"id":29,"area_m2":2000,"px":20,"rank":22,"persistent":false},"geometry":{"type":"Polygon","coordinates":[[[-122.9385,46.14068],[-122.938498,46.14077],[-122.938371,46.14077],[-122.938361,46.140708],[-122.938308,46.140681],[-122.938011,46.140692],[-122.937982,46.140769],[-122.937887,46.140778],[-122.937853,46.140823],[-122.937858,46.141006],[-122.9379,46.141035],[-122.937982,46.141039],[-122.937981,46.141219],[-122.937593,46.141219],[-122.937592,46.140993],[-122.937552,46.140956],[-122.937464,46.140949],[-122.937464,46.140769],[-122.937818,46.14076],[-122.937853,46.140679],[-122.937969,46.140655],[-122.937982,46.140589],[-122.938094,46.14057],[-122.938112,46.1405],[-122.938241,46.1405],[-122.938264,46.140574],[-122.938371,46.14059],[-122.938405,46.140671],[-122.9385,46.14068]]]}},{"type":"Feature","properties":{"id":22,"area_m2":1700,"px":17,"rank":23,"persistent":false},"geometry":{"type":"Polygon","coordinates":[[[-122.942772,46.141222],[-122.942772,46.141492],[-122.942697,46.141494],[-122.942652,46.14152],[-122.942642,46.141672],[-122.942535,46.141688],[-122.942513,46.141762],[-122.942396,46.141786],[-122.942383,46.141852],[-122.942254,46.141852],[-122.942254,46.141672],[-122.942288,46.141629],[-122.942254,46.141582],[-122.942254,46.141402],[-122.942361,46.141386],[-122.942384,46.141312],[-122.9425,46.141288],[-122.942513,46.141222],[-122.942772,46.141222]]]}},{"type":"Feature","properties":{"id":30,"area_m2":1600,"px":16,"rank":24,"persistent":false},"geometry":{"type":"Polygon","coordinates":[[[-122.945621,46.140503],[-122.945621,46.140593],[-122.94554,46.140597],[-122.945495,46.140632],[-122.945491,46.140773],[-122.94541,46.140777],[-122.945365,46.140811],[-122.945362,46.141043],[-122.945232,46.141043],[-122.945227,46.140896],[-122.945185,46.140867],[-122.945103,46.140863],[-122.945075,46.140785],[-122.944844,46.140773],[-122.944844,46.140683],[-122.945163,46.140683],[-122.945224,46.140655],[-122.945229,46.140541],[-122.945185,46.140507],[-122.945103,46.140503],[-122.945104,46.140413],[-122.945362,46.140413],[-122.945366,46.140465],[-122.945403,46.140497],[-122.945621,46.140503]]]}},{"type":"Feature","properties":{"id":48,"area_m2":1600,"px":16,"rank":25,"persistent":false},"geometry":{"type":"Polygon","coordinates":[[[-122.940962,46.138521],[-122.940962,46.138701],[-122.940874,46.138707],[-122.940834,46.138744],[-122.940832,46.139061],[-122.940573,46.139061],[-122.940551,46.138897],[-122.940315,46.138881],[-122.940315,46.138701],[-122.940526,46.138697],[-122.940568,46.138667],[-122.940574,46.138611],[-122.940778,46.138609],[-122.940827,46.138578],[-122.940833,46.138521],[-122.940962,46.138521]]]}},{"type":"Feature","properties":{"id":92,"area_m2":1600,"px":16,"rank":26,"persistent":false},"geometry":{"type":"Polygon","coordinates":[[[-122.930093,46.133925],[-122.930093,46.134105],[-122.929867,46.1341],[-122.929833,46.134195],[-122.929727,46.13421],[-122.929704,46.134284],[-122.929575,46.134284],[-122.929552,46.13421],[-122.929445,46.134194],[-122.929446,46.133834],[-122.929834,46.133835],[-122.929837,46.133886],[-122.929875,46.133918],[-122.930093,46.133925]]]}},{"type":"Feature","properties":{"id":31,"area_m2":1500,"px":15,"rank":27,"persistent":false},"geometry":{"type":"Polygon","coordinates":[[[-122.939795,46.14041],[-122.939795,46.1405],[-122.939688,46.140516],[-122.939665,46.14059],[-122.939277,46.14059],[-122.939274,46.140538],[-122.939236,46.140506],[-122.939018,46.1405],[-122.939012,46.140443],[-122.938963,46.140412],[-122.938759,46.14041],[-122.938759,46.14032],[-122.939085,46.140319],[-122.939139,46.140291],[-122.939148,46.14023],[-122.939407,46.14023],[-122.939407,46.140361],[-122.939441,46.140401],[-122.939597,46.140434],[-122.939666,46.14041],[-122.939795,46.14041]]]}},{"type":"Feature","properties":{"id":37,"area_m2":1400,"px":14,"rank":28,"persistent":false},"geometry":{"type":"Polygon","coordinates":[[[-122.930344,46.139595],[-122.930344,46.139865],[-122.930126,46.139871],[-122.930089,46.139903],[-122.930085,46.139955],[-122.929956,46.139955],[-122.929895,46.139931],[-122.929826,46.139955],[-122.929697,46.139955],[-122.929697,46.139865],[-122.929792,46.139856],[-122.929827,46.139775],[-122.929933,46.139759],[-122.929975,46.139656],[-122.929936,46.139601],[-122.929827,46.139595],[-122.929827,46.139415],[-122.929956,46.139415],[-122.929969,46.139481],[-122.930086,46.139505],[-122.930089,46.139556],[-122.930127,46.139588],[-122.930344,46.139595]]]}},{"type":"Feature","properties":{"id":60,"area_m2":1400,"px":14,"rank":29,"persistent":false},"geometry":{"type":"Polygon","coordinates":[[[-122.945365,46.137263],[-122.945365,46.137533],[-122.945277,46.137539],[-122.945236,46.137582],[-122.945235,46.137893],[-122.945129,46.137909],[-122.945106,46.137983],[-122.944847,46.137983],[-122.944824,46.137909],[-122.944718,46.137893],[-122.944718,46.137803],[-122.94493,46.137812],[-122.944973,46.137778],[-122.944977,46.137713],[-122.945089,46.137693],[-122.945107,46.137353],[-122.945213,46.137337],[-122.945236,46.137263],[-122.945365,46.137263]]]}},{"type":"Feature","properties":{"id":13,"area_m2":1300,"px":13,"rank":30,"persistent":false},"geometry":{"type":"Polygon","coordinates":[[[-122.941217,46.142481],[-122.941217,46.142571],[-122.941122,46.142574],[-122.941073,46.142606],[-122.941087,46.142751],[-122.940958,46.142751],[-122.940952,46.142694],[-122.940903,46.142663],[-122.940699,46.142661],[-122.940699,46.142301],[-122.941088,46.142301],[-122.941097,46.142453],[-122.941143,46.142479],[-122.941217,46.142481]]]}},{"type":"Feature","properties":{"id":63,"area_m2":1200,"px":12,"rank":31,"persistent":false},"geometry":{"type":"Polygon","coordinates":[[[-122.931641,46.137796],[-122.931641,46.137886],[-122.931424,46.137892],[-122.931386,46.137924],[-122.931382,46.137976],[-122.931124,46.137975],[-122.931124,46.137705],[-122.931231,46.13769],[-122.931253,46.137616],[-122.93137,46.137592],[-122.931383,46.137526],[-122.931512,46.137526],[-122.931515,46.137757],[-122.93156,46.137792],[-122.931641,46.137796]]]}},{"type":"Feature","properties":{"id":80,"area_m2":1200,"px":12,"rank":32,"persistent":false},"geometry":{"type":"Polygon","coordinates":[[[-122.929185,46.135454],[-122.929183,46.135544],[-122.928926,46.135544],[-122.928922,46.135492],[-122.928885,46.13546],[-122.928708,46.13546],[-122.928667,46.135503],[-122.928666,46.135724],[-122.928408,46.135724],[-122.928408,46.135454],[-122.928644,46.135438],[-122.928667,46.135274],[-122.928926,46.135274],[-122.928949,46.135438],[-122.929185,46.135454]]]}},{"type":"Feature","properties":{"id":94,"area_m2":1100,"px":11,"rank":33,"persistent":false},"geometry":{"type":"Polygon","coordinates":[[[-122.930223,46.133565],[-122.930222,46.133745],[-122.930093,46.133745],[-122.930032,46.133721],[-122.929964,46.133745],[-122.929834,46.133745],[-122.929833,46.133428],[-122.929794,46.133391],[-122.929705,46.133384],[-122.929705,46.133205],[-122.929835,46.133205],[-122.929857,46.133279],[-122.929964,46.133295],[-122.929977,46.133451],[-122.930093,46.133475],[-122.930128,46.133556],[-122.930223,46.133565]]]}},{"type":"Feature","properties":{"id":66,"area_m2":1000,"px":10,"rank":34,"persistent":false},"geometry":{"type":"Polygon","coordinates":[[[-122.930218,46.137525],[-122.930217,46.137795],[-122.929829,46.137795],[-122.929829,46.137525],[-122.929936,46.137509],[-122.929959,46.137435],[-122.930088,46.137435],[-122.930111,46.137509],[-122.930218,46.137525]]]}},{"type":"Feature","properties":{"id":68,"area_m2":1000,"px":10,"rank":35,"persistent":false},"geometry":{"type":"Polygon","coordinates":[[[-122.92983,46.137165],[-122.92983,46.137255],[-122.929723,46.13727],[-122.9297,46.137344],[-122.929476,46.137354],[-122.929441,46.137434],[-122.929325,46.137458],[-122.929311,46.137524],[-122.929053,46.137524],[-122.929053,46.137434],[-122.929159,46.137418],[-122.929182,46.137344],[-122.929277,46.137335],[-122.929312,46.137254],[-122.929424,46.137235],[-122.929441,46.137164],[-122.92983,46.137165]]]}},{"type":"Feature","properties":{"id":81,"area_m2":1000,"px":10,"rank":36,"persistent":false},"geometry":{"type":"Polygon","coordinates":[[[-122.932033,46.135276],[-122.932033,46.135456],[-122.931774,46.135456],[-122.931751,46.135382],[-122.931645,46.135366],[-122.931632,46.13521],[-122.931515,46.135186],[-122.931516,46.135006],[-122.931645,46.135006],[-122.931651,46.135062],[-122.9317,46.135093],[-122.931904,46.135096],[-122.931892,46.135246],[-122.931938,46.135273],[-122.932033,46.135276]]]}},{"type":"Feature","properties":{"id":33,"area_m2":900,"px":9,"rank":37,"persistent":false},"geometry":{"type":"Polygon","coordinates":[[[-122.943421,46.139692],[-122.943421,46.140052],[-122.943217,46.140054],[-122.943168,46.140085],[-122.943162,46.140142],[-122.943032,46.140142],[-122.94301,46.140068],[-122.942903,46.140052],[-122.942903,46.139962],[-122.943133,46.13995],[-122.943162,46.139872],[-122.943243,46.139868],[-122.943286,46.139839],[-122.943292,46.139692],[-122.943421,46.139692]]]}},{"type":"Feature","properties":{"id":45,"area_m2":900,"px":9,"rank":38,"persistent":false},"geometry":{"type":"Polygon","coordinates":[[[-122.940702,46.139331],[-122.940702,46.139421],[-122.940314,46.139421],[-122.940301,46.139355],[-122.940236,46.139331],[-122.939859,46.139331],[-122.939805,46.139359],[-122.939796,46.13942],[-122.939667,46.13942],[-122.939667,46.13933],[-122.939774,46.139315],[-122.939796,46.13924],[-122.940014,46.139234],[-122.940052,46.139202],[-122.940055,46.139151],[-122.940185,46.139151],[-122.940198,46.139217],[-122.940314,46.139241],[-122.94032,46.139297],[-122.940362,46.139327],[-122.940702,46.139331]]]}},{"type":"Feature","properties":{"id":101,"area_m2":900,"px":9,"rank":39,"persistent":false},"geometry":{"type":"Polygon","coordinates":[[[-122.941486,46.132851],[-122.941486,46.132941],[-122.940839,46.132941],[-122.940836,46.132889],[-122.940798,46.132857],[-122.94058,46.132851],[-122.94058,46.132761],[-122.941098,46.132761],[-122.941104,46.132818],[-122.941153,46.132849],[-122.941486,46.132851]]]}},{"type":"Feature","properties":{"id":10,"area_m2":800,"px":8,"rank":40,"persistent":false},"geometry":{"type":"Polygon","coordinates":[[[-122.937462,46.143019],[-122.937461,46.143289],[-122.937387,46.143291],[-122.937341,46.143318],[-122.937332,46.143469],[-122.937202,46.143469],[-122.937203,46.143019],[-122.937462,46.143019]]]}},{"type":"Feature","properties":{"id":11,"area_m2":800,"px":8,"rank":41,"persistent":false},"geometry":{"type":"Polygon","coordinates":[[[-122.936941,46.14275],[-122.936909,46.142796],[-122.936944,46.142839],[-122.936944,46.142929],[-122.936555,46.142929],[-122.936556,46.142659],[-122.936944,46.142659],[-122.936941,46.14275]]]}},{"type":"Feature","properties":{"id":36,"area_m2":800,"px":8,"rank":42,"persistent":false},"geometry":{"type":"Polygon","coordinates":[[[-122.940314,46.139781],[-122.940313,46.139871],[-122.94011,46.139873],[-122.94006,46.139904],[-122.940054,46.13996],[-122.939925,46.13996],[-122.939922,46.139909],[-122.939884,46.139877],[-122.939666,46.13987],[-122.939666,46.13969],[-122.939925,46.13969],[-122.939934,46.139752],[-122.939988,46.139779],[-122.940314,46.139781]]]}},{"type":"Feature","properties":{"id":49,"area_m2":800,"px":8,"rank":43,"persistent":false},"geometry":{"type":"Polygon","coordinates":[[[-122.945105,46.138793],[-122.945105,46.138883],[-122.944779,46.138884],[-122.944726,46.138911],[-122.944716,46.138973],[-122.944458,46.138973],[-122.944458,46.138793],[-122.944564,46.138777],[-122.944587,46.138703],[-122.944717,46.138703],[-122.944726,46.138764],[-122.944779,46.138792],[-122.945105,46.138793]]]}},{"type":"Feature","properties":{"id":50,"area_m2":800,"px":8,"rank":44,"persistent":false},"geometry":{"type":"Polygon","coordinates":[[[-122.940183,46.138612],[-122.940151,46.138658],[-122.940185,46.138701],[-122.940185,46.13879],[-122.940079,46.138806],[-122.940056,46.13888],[-122.939926,46.13888],[-122.939925,46.138654],[-122.939885,46.138617],[-122.939797,46.13861],[-122.939797,46.13852],[-122.939904,46.138505],[-122.939927,46.13843],[-122.940056,46.138431],[-122.940079,46.138505],[-122.940185,46.138521],[-122.940183,46.138612]]]}},{"type":"Feature","properties":{"id":93,"area_m2":800,"px":8,"rank":45,"persistent":false},"geometry":{"type":"Polygon","coordinates":[[[-122.929187,46.133654],[-122.929186,46.134014],[-122.928928,46.134014],[-122.928928,46.133654],[-122.929187,46.133654]]]}},{"type":"Feature","properties":{"id":100,"area_m2":800,"px":8,"rank":46,"persistent":false},"geometry":{"type":"Polygon","coordinates":[[[-122.93825,46.132669],[-122.93825,46.132939],[-122.938143,46.132955],[-122.93812,46.133029],[-122.937991,46.133029],[-122.93793,46.133005],[-122.937861,46.133029],[-122.937732,46.133029],[-122.937732,46.132849],[-122.937839,46.132833],[-122.937862,46.132759],[-122.938067,46.13277],[-122.938115,46.132739],[-122.938121,46.132669],[-122.93825,46.132669]]]}},{"type":"Feature","properties":{"id":5,"area_m2":700,"px":7,"rank":47,"persistent":false},"geometry":{"type":"Polygon","coordinates":[[[-122.931372,46.144187],[-122.93134,46.144233],[-122.931374,46.144276],[-122.931374,46.144366],[-122.931116,46.144365],[-122.931116,46.144096],[-122.93119,46.144093],[-122.931236,46.144067],[-122.931246,46.143916],[-122.931375,46.143916],[-122.931372,46.144187]]]}},{"type":"Feature","properties":{"id":57,"area_m2":700,"px":7,"rank":48,"persistent":false},"geometry":{"type":"Polygon","coordinates":[[[-122.943811,46.138072],[-122.943811,46.138162],[-122.94373,46.138166],[-122.943685,46.138201],[-122.943681,46.138342],[-122.943552,46.138342],[-122.943529,46.138268],[-122.943423,46.138252],[-122.943419,46.138111],[-122.943375,46.138076],[-122.943293,46.138072],[-122.943293,46.137982],[-122.943423,46.137982],[-122.943432,46.138044],[-122.943485,46.138071],[-122.943811,46.138072]]]}},{"type":"Feature","properties":{"id":65,"area_m2":700,"px":7,"rank":49,"persistent":false},"geometry":{"type":"Polygon","coordinates":[[[-122.938633,46.13753],[-122.938633,46.13771],[-122.938415,46.137716],[-122.938377,46.137748],[-122.938374,46.1378],[-122.938244,46.137799],[-122.938222,46.137725],[-122.938115,46.137709],[-122.938115,46.137619],[-122.938222,46.137604],[-122.938245,46.13753],[-122.938374,46.13753],[-122.938435,46.137554],[-122.938504,46.13753],[-122.938633,46.13753]]]}},{"type":"Feature","properties":{"id":74,"area_m2":700,"px":7,"rank":50,"persistent":false},"geometry":{"type":"Polygon","coordinates":[[[-122.942259,46.136542],[-122.942259,46.136722],[-122.941871,46.136721],[-122.941871,46.136451],[-122.942,46.136452],[-122.942006,46.136508],[-122.942055,46.136539],[-122.942259,46.136542]]]}},{"type":"Feature","properties":{"id":99,"area_m2":700,"px":7,"rank":51,"persistent":false},"geometry":{"type":"Polygon","coordinates":[[[-122.946147,46.132763],[-122.946146,46.132943],[-122.945922,46.132952],[-122.945888,46.132992],[-122.945887,46.133123],[-122.945758,46.133123],[-122.945758,46.132943],[-122.945793,46.132901],[-122.945758,46.132853],[-122.945758,46.132763],[-122.946147,46.132763]]]}},{"type":"Feature","properties":{"id":7,"area_m2":600,"px":6,"rank":52,"persistent":false},"geometry":{"type":"Polygon","coordinates":[[[-122.942511,46.143472],[-122.942511,46.143562],[-122.942404,46.143578],[-122.942381,46.143652],[-122.942265,46.143676],[-122.942251,46.143742],[-122.942122,46.143742],[-122.942122,46.143562],[-122.942197,46.143559],[-122.942243,46.143533],[-122.942252,46.143382],[-122.942381,46.143382],[-122.942404,46.143456],[-122.942511,46.143472]]]}},{"type":"Feature","properties":{"id":9,"area_m2":600,"px":6,"rank":53,"persistent":false},"geometry":{"type":"Polygon","coordinates":[[[-122.94445,46.143384],[-122.944418,46.14343],[-122.944453,46.143473],[-122.944453,46.143563],[-122.944065,46.143563],[-122.944065,46.143383],[-122.944171,46.143367],[-122.944194,46.143293],[-122.944453,46.143293],[-122.94445,46.143384]]]}},{"type":"Feature","properties":{"id":44,"area_m2":600,"px":6,"rank":54,"persistent":false},"geometry":{"type":"Polygon","coordinates":[[[-122.944846,46.139243],[-122.944845,46.139423],[-122.944716,46.139423],[-122.944699,46.139263],[-122.944646,46.139243],[-122.944457,46.139243],[-122.944435,46.139169],[-122.944328,46.139153],[-122.944328,46.139063],[-122.944587,46.139063],[-122.94461,46.139137],[-122.944716,46.139153],[-122.944751,46.139234],[-122.944846,46.139243]]]}},{"type":"Feature","properties":{"id":72,"area_m2":600,"px":6,"rank":55,"persistent":false},"geometry":{"type":"Polygon","coordinates":[[[-122.928277,46.136804],[-122.928276,46.137074],[-122.92817,46.137089],[-122.928147,46.137164],[-122.928017,46.137163],[-122.928017,46.137074],[-122.928052,46.137031],[-122.928018,46.136983],[-122.928018,46.136804],[-122.928277,46.136804]]]}},{"type":"Feature","properties":{"id":82,"area_m2":600,"px":6,"rank":56,"persistent":false},"geometry":{"type":"Polygon","coordinates":[[[-122.944591,46.135013],[-122.944591,46.135193],[-122.944516,46.135195],[-122.94447,46.135221],[-122.944461,46.135373],[-122.944332,46.135373],[-122.944332,46.135013],[-122.944591,46.135013]]]}},{"type":"Feature","properties":{"id":83,"area_m2":600,"px":6,"rank":57,"persistent":false},"geometry":{"type":"Polygon","coordinates":[[[-122.93035,46.135095],[-122.93035,46.135275],[-122.930221,46.135275],[-122.930198,46.135201],[-122.930045,46.135162],[-122.929962,46.135185],[-122.929832,46.135185],[-122.929833,46.135095],[-122.929939,46.135079],[-122.929962,46.135005],[-122.930221,46.135005],[-122.930244,46.135079],[-122.93035,46.135095]]]}},{"type":"Feature","properties":{"id":95,"area_m2":600,"px":6,"rank":58,"persistent":false},"geometry":{"type":"Polygon","coordinates":[[[-122.931258,46.133566],[-122.931258,46.133655],[-122.93087,46.133655],[-122.93087,46.133295],[-122.931,46.133295],[-122.931022,46.133549],[-122.931258,46.133566]]]}},{"type":"Feature","properties":{"id":103,"area_m2":600,"px":6,"rank":59,"persistent":false},"geometry":{"type":"Polygon","coordinates":[[[-122.934756,46.131768],[-122.934756,46.131947],[-122.934367,46.131947],[-122.934368,46.131767],[-122.934756,46.131768]]]}},{"type":"Feature","properties":{"id":12,"area_m2":500,"px":5,"rank":60,"persistent":false},"geometry":{"type":"Polygon","coordinates":[[[-122.938757,46.14248],[-122.938757,46.14284],[-122.938627,46.14284],[-122.938626,46.142613],[-122.938586,46.142576],[-122.938498,46.14257],[-122.938498,46.14248],[-122.938757,46.14248]]]}},{"type":"Feature","properties":{"id":16,"area_m2":500,"px":5,"rank":61,"persistent":false},"geometry":{"type":"Polygon","coordinates":[[[-122.943289,46.142392],[-122.943289,46.142482],[-122.943182,46.142498],[-122.943159,46.142572],[-122.942771,46.142572],[-122.942771,46.142482],[-122.942989,46.142476],[-122.943026,46.142444],[-122.94303,46.142392],[-122.943289,46.142392]]]}},{"type":"Feature","properties":{"id":20,"area_m2":500,"px":5,"rank":62,"persistent":false},"geometry":{"type":"Polygon","coordinates":[[[-122.945102,46.141673],[-122.945102,46.141853],[-122.944898,46.141855],[-122.944849,46.141886],[-122.944843,46.141943],[-122.944714,46.141943],[-122.944714,46.141763],[-122.944918,46.141761],[-122.944967,46.14173],[-122.944973,46.141673],[-122.945102,46.141673]]]}},{"type":"Feature","properties":{"id":23,"area_m2":500,"px":5,"rank":63,"persistent":false},"geometry":{"type":"Polygon","coordinates":[[[-122.943549,46.141492],[-122.943548,46.141672],[-122.943419,46.141672],[-122.943396,46.141508],[-122.94316,46.141492],[-122.943161,46.141312],[-122.94329,46.141312],[-122.943313,46.141386],[-122.943419,46.141402],[-122.943454,46.141483],[-122.943549,46.141492]]]}},{"type":"Feature","properties":{"id":27,"area_m2":500,"px":5,"rank":64,"persistent":false},"geometry":{"type":"Polygon","coordinates":[[[-122.941218,46.141221],[-122.941218,46.141311],[-122.94083,46.141311],[-122.94083,46.141131],[-122.941089,46.141131],[-122.941112,46.141205],[-122.941218,46.141221]]]}},{"type":"Feature","properties":{"id":34,"area_m2":500,"px":5,"rank":65,"persistent":false},"geometry":{"type":"Polygon","coordinates":[[[-122.940702,46.139871],[-122.940702,46.139961],[-122.940595,46.139977],[-122.940572,46.140051],[-122.940184,46.14005],[-122.940184,46.139961],[-122.940402,46.139954],[-122.94044,46.139922],[-122.940443,46.139871],[-122.940702,46.139871]]]}},{"type":"Feature","properties":{"id":40,"area_m2":500,"px":5,"rank":66,"persistent":false},"geometry":{"type":"Polygon","coordinates":[[[-122.944457,46.139333],[-122.944457,46.139693],[-122.944198,46.139693],[-122.944198,46.139603],[-122.944286,46.139596],[-122.944326,46.139559],[-122.944328,46.139333],[-122.944457,46.139333]]]}},{"type":"Feature","properties":{"id":52,"area_m2":500,"px":5,"rank":67,"persistent":false},"geometry":{"type":"Polygon","coordinates":[[[-122.929181,46.138514],[-122.929181,46.138604],[-122.928922,46.138604],[-122.928899,46.13853],[-122.928792,46.138514],[-122.928793,46.138424],[-122.928899,46.138408],[-122.928922,46.138334],[-122.929051,46.138334],[-122.92906,46.138486],[-122.929106,46.138512],[-122.929181,46.138514]]]}},{"type":"Feature","properties":{"id":64,"area_m2":500,"px":5,"rank":68,"persistent":false},"geometry":{"type":"Polygon","coordinates":[[[-122.941999,46.137622],[-122.941999,46.137711],[-122.941892,46.137727],[-122.941869,46.137801],[-122.941611,46.137801],[-122.941611,46.137531],[-122.94174,46.137531],[-122.941746,46.137601],[-122.941793,46.137632],[-122.941999,46.137622]]]}},{"type":"Feature","properties":{"id":85,"area_m2":500,"px":5,"rank":69,"persistent":false},"geometry":{"type":"Polygon","coordinates":[[[-122.931257,46.134466],[-122.931257,46.134825],[-122.931127,46.134825],[-122.931105,46.134751],[-122.930998,46.134735],[-122.930998,46.134645],[-122.931072,46.134643],[-122.931118,46.134617],[-122.931128,46.134465],[-122.931257,46.134466]]]}},{"type":"Feature","properties":{"id":1,"area_m2":400,"px":4,"rank":70,"persistent":false},"geometry":{"type":"Polygon","coordinates":[[[-122.945488,46.144193],[-122.945488,46.144283],[-122.945381,46.144299],[-122.945358,46.144373],[-122.9451,46.144373],[-122.9451,46.144283],[-122.945194,46.144281],[-122.945244,46.144249],[-122.945229,46.144103],[-122.945359,46.144103],[-122.945381,46.144177],[-122.945488,46.144193]]]}},{"type":"Feature","properties":{"id":14,"area_m2":400,"px":4,"rank":71,"persistent":false},"geometry":{"type":"Polygon","coordinates":[[[-122.940052,46.142571],[-122.940051,46.14275],[-122.939922,46.14275],[-122.939899,46.142676],[-122.939793,46.14266],[-122.939793,46.14248],[-122.939922,46.142481],[-122.939945,46.142555],[-122.940052,46.142571]]]}},{"type":"Feature","properties":{"id":15,"area_m2":400,"px":4,"rank":72,"persistent":false},"geometry":{"type":"Polygon","coordinates":[[[-122.937718,46.142571],[-122.937686,46.142617],[-122.937721,46.142659],[-122.937721,46.142749],[-122.937462,46.142749],[-122.937462,46.142569],[-122.937569,46.142553],[-122.937592,46.142479],[-122.937719,46.142479],[-122.937718,46.142571]]]}},{"type":"Feature","properties":{"id":18,"area_m2":400,"px":4,"rank":73,"persistent":false},"geometry":{"type":"Polygon","coordinates":[[[-122.945102,46.142033],[-122.945102,46.142123],[-122.944584,46.142123],[-122.944584,46.142033],[-122.945102,46.142033]]]}},{"type":"Feature","properties":{"id":19,"area_m2":400,"px":4,"rank":74,"persistent":false},"geometry":{"type":"Polygon","coordinates":[[[-122.936039,46.141758],[-122.936039,46.141848],[-122.935932,46.141864],[-122.935909,46.141938],[-122.935793,46.141962],[-122.935779,46.142028],[-122.93565,46.142028],[-122.93565,46.141938],[-122.935757,46.141922],[-122.935812,46.141816],[-122.93578,46.141758],[-122.93578,46.141668],[-122.935909,46.141668],[-122.935932,46.141742],[-122.936039,46.141758]]]}},{"type":"Feature","properties":{"id":32,"area_m2":400,"px":4,"rank":75,"persistent":false},"geometry":{"type":"Polygon","coordinates":[[[-122.930085,46.140045],[-122.930085,46.140225],[-122.929697,46.140225],[-122.929697,46.140135],[-122.9299,46.140132],[-122.92995,46.140101],[-122.929956,46.140045],[-122.930085,46.140045]]]}},{"type":"Feature","properties":{"id":47,"area_m2":400,"px":4,"rank":76,"persistent":false},"geometry":{"type":"Polygon","coordinates":[[[-122.943681,46.138702],[-122.943681,46.139062],[-122.943551,46.139062],[-122.943552,46.138702],[-122.943681,46.138702]]]}},{"type":"Feature","properties":{"id":54,"area_m2":400,"px":4,"rank":77,"persistent":false},"geometry":{"type":"Polygon","coordinates":[[[-122.94161,46.138251],[-122.94161,46.138431],[-122.941351,46.138431],[-122.941351,46.138251],[-122.94161,46.138251]]]}},{"type":"Feature","properties":{"id":75,"area_m2":400,"px":4,"rank":78,"persistent":false},"geometry":{"type":"Polygon","coordinates":[[[-122.928665,46.136534],[-122.928665,46.136624],[-122.928461,46.136626],[-122.928412,46.136657],[-122.928406,46.136714],[-122.928277,46.136714],[-122.928277,46.136534],[-122.928665,46.136534]]]}},{"type":"Feature","properties":{"id":88,"area_m2":400,"px":4,"rank":79,"persistent":false},"geometry":{"type":"Polygon","coordinates":[[[-122.939801,46.13447],[-122.939801,46.13456],[-122.939543,46.13456],[-122.93952,46.134486],[-122.939413,46.13447],[-122.939413,46.13438],[-122.939672,46.13438],[-122.939695,46.134454],[-122.939801,46.13447]]]}},{"type":"Feature","properties":{"id":89,"area_m2":400,"px":4,"rank":80,"persistent":false},"geometry":{"type":"Polygon","coordinates":[[[-122.929963,46.134375],[-122.929962,46.134555],[-122.929704,46.134554],[-122.929704,46.134375],[-122.929963,46.134375]]]}},{"type":"Feature","properties":{"id":98,"area_m2":400,"px":4,"rank":81,"persistent":false},"geometry":{"type":"Polygon","coordinates":[[[-122.941486,46.133211],[-122.941486,46.133391],[-122.941356,46.133391],[-122.941334,46.133317],[-122.941227,46.133301],[-122.941227,46.133121],[-122.941356,46.133121],[-122.941379,46.133195],[-122.941486,46.133211]]]}},{"type":"Feature","properties":{"id":3,"area_m2":300,"px":3,"rank":82,"persistent":false},"geometry":{"type":"Polygon","coordinates":[[[-122.93759,46.144099],[-122.937589,46.144369],[-122.93746,46.144369],[-122.93746,46.144099],[-122.93759,46.144099]]]}},{"type":"Feature","properties":{"id":6,"area_m2":300,"px":3,"rank":83,"persistent":false},"geometry":{"type":"Polygon","coordinates":[[[-122.931505,46.143556],[-122.931504,46.143826],[-122.931375,46.143826],[-122.931376,46.143556],[-122.931505,46.143556]]]}},{"type":"Feature","properties":{"id":24,"area_m2":300,"px":3,"rank":84,"persistent":false},"geometry":{"type":"Polygon","coordinates":[[[-122.937075,46.141399],[-122.937075,46.141579],[-122.936968,46.141595],[-122.936945,46.141669],[-122.936816,46.141669],[-122.936816,46.141579],[-122.936897,46.141575],[-122.936942,46.141541],[-122.936946,46.141399],[-122.937075,46.141399]]]}},{"type":"Feature","properties":{"id":26,"area_m2":300,"px":3,"rank":85,"persistent":false},"geometry":{"type":"Polygon","coordinates":[[[-122.92853,46.141214],[-122.92853,46.141394],[-122.928271,46.141394],[-122.928271,46.141304],[-122.928378,46.141288],[-122.928401,46.141214],[-122.92853,46.141214]]]}},{"type":"Feature","properties":{"id":35,"area_m2":300,"px":3,"rank":86,"persistent":false},"geometry":{"type":"Polygon","coordinates":[[[-122.945751,46.139873],[-122.945751,46.139963],[-122.945492,46.139963],[-122.945493,46.139783],[-122.945622,46.139783],[-122.945645,46.139857],[-122.945751,46.139873]]]}},{"type":"Feature","properties":{"id":38,"area_m2":300,"px":3,"rank":87,"persistent":false},"geometry":{"type":"Polygon","coordinates":[[[-122.929568,46.139685],[-122.929567,46.139864],[-122.929309,46.139864],[-122.929309,46.139774],[-122.929415,46.139759],[-122.929438,46.139684],[-122.929568,46.139685]]]}},{"type":"Feature","properties":{"id":39,"area_m2":300,"px":3,"rank":88,"persistent":false},"geometry":{"type":"Polygon","coordinates":[[[-122.941608,46.139601],[-122.941608,46.139691],[-122.941502,46.139707],[-122.941479,46.139781],[-122.94135,46.139781],[-122.94135,46.139601],[-122.941608,46.139601]]]}},{"type":"Feature","properties":{"id":42,"area_m2":300,"px":3,"rank":89,"persistent":false},"geometry":{"type":"Polygon","coordinates":[[[-122.92905,46.139324],[-122.92905,46.139504],[-122.928943,46.13952],[-122.92892,46.139594],[-122.928791,46.139594],[-122.928791,46.139504],[-122.928873,46.1395],[-122.928917,46.139466],[-122.928921,46.139324],[-122.92905,46.139324]]]}},{"type":"Feature","properties":{"id":46,"area_m2":300,"px":3,"rank":90,"persistent":false},"geometry":{"type":"Polygon","coordinates":[[[-122.937855,46.138969],[-122.937854,46.139239],[-122.937725,46.139239],[-122.937725,46.138969],[-122.937855,46.138969]]]}},{"type":"Feature","properties":{"id":53,"area_m2":300,"px":3,"rank":91,"persistent":false},"geometry":{"type":"Polygon","coordinates":[[[-122.941998,46.138252],[-122.941998,46.138521],[-122.941869,46.138521],[-122.941869,46.138251],[-122.941998,46.138252]]]}},{"type":"Feature","properties":{"id":55,"area_m2":300,"px":3,"rank":92,"persistent":false},"geometry":{"type":"Polygon","coordinates":[[[-122.929828,46.138155],[-122.929828,46.138245],[-122.929747,46.138249],[-122.929702,46.138283],[-122.929699,46.138425],[-122.929569,46.138424],[-122.92957,46.138245],[-122.929676,46.138229],[-122.929699,46.138155],[-122.929828,46.138155]]]}},{"type":"Feature","properties":{"id":56,"area_m2":300,"px":3,"rank":93,"persistent":false},"geometry":{"type":"Polygon","coordinates":[[[-122.945106,46.138073],[-122.945106,46.138163],[-122.945024,46.138167],[-122.94498,46.138201],[-122.944976,46.138343],[-122.944847,46.138343],[-122.944847,46.138163],[-122.944954,46.138147],[-122.944976,46.138073],[-122.945106,46.138073]]]}},{"type":"Feature","properties":{"id":62,"area_m2":300,"px":3,"rank":94,"persistent":false},"geometry":{"type":"Polygon","coordinates":[[[-122.93203,46.137796],[-122.93203,46.137976],[-122.9319,46.137976],[-122.931878,46.137902],[-122.931771,46.137886],[-122.931771,46.137796],[-122.93203,46.137796]]]}},{"type":"Feature","properties":{"id":69,"area_m2":300,"px":3,"rank":95,"persistent":false},"geometry":{"type":"Polygon","coordinates":[[[-122.944459,46.137173],[-122.944459,46.137263],[-122.944353,46.137278],[-122.94433,46.137353],[-122.944071,46.137352],[-122.944071,46.137263],[-122.944275,46.13726],[-122.944324,46.137229],[-122.94433,46.137173],[-122.944459,46.137173]]]}},{"type":"Feature","properties":{"id":71,"area_m2":300,"px":3,"rank":96,"persistent":false},"geometry":{"type":"Polygon","coordinates":[[[-122.942647,46.137172],[-122.942647,46.137262],[-122.942517,46.137262],[-122.942514,46.13721],[-122.942476,46.137178],[-122.942259,46.137172],[-122.942259,46.137082],[-122.942517,46.137082],[-122.94254,46.137156],[-122.942647,46.137172]]]}},{"type":"Feature","properties":{"id":73,"area_m2":300,"px":3,"rank":97,"persistent":false},"geometry":{"type":"Polygon","coordinates":[[[-122.944848,46.136813],[-122.944848,46.136993],[-122.944719,46.136993],[-122.944696,46.136919],[-122.944589,46.136903],[-122.944589,46.136813],[-122.944848,46.136813]]]}},{"type":"Feature","properties":{"id":76,"area_m2":300,"px":3,"rank":98,"persistent":false},"geometry":{"type":"Polygon","coordinates":[[[-122.934362,46.136267],[-122.934362,46.136537],[-122.934232,46.136537],[-122.934233,46.136267],[-122.934362,46.136267]]]}},{"type":"Feature","properties":{"id":79,"area_m2":300,"px":3,"rank":99,"persistent":false},"geometry":{"type":"Polygon","coordinates":[[[-122.929055,46.135724],[-122.929055,46.135814],[-122.928948,46.13583],[-122.928925,46.135904],[-122.928666,46.135904],[-122.928666,46.135814],[-122.92887,46.135812],[-122.928919,46.135781],[-122.928925,46.135724],[-122.929055,46.135724]]]}},{"type":"Feature","properties":{"id":87,"area_m2":300,"px":3,"rank":100,"persistent":false},"geometry":{"type":"Polygon","coordinates":[[[-122.93061,46.134555],[-122.93061,46.134645],[-122.930351,46.134645],[-122.930351,46.134465],[-122.93048,46.134465],[-122.930503,46.134539],[-122.93061,46.134555]]]}},{"type":"Feature","properties":{"id":91,"area_m2":300,"px":3,"rank":101,"persistent":false},"geometry":{"type":"Polygon","coordinates":[[[-122.933458,46.134107],[-122.933458,46.134377],[-122.933329,46.134377],[-122.933329,46.134107],[-122.933458,46.134107]]]}},{"type":"Feature","properties":{"id":96,"area_m2":300,"px":3,"rank":102,"persistent":false},"geometry":{"type":"Polygon","coordinates":[[[-122.946146,46.133483],[-122.946146,46.133573],[-122.945887,46.133573],[-122.945864,46.133499],[-122.945758,46.133483],[-122.945758,46.133393],[-122.945887,46.133393],[-122.945893,46.13345],[-122.945942,46.133481],[-122.946146,46.133483]]]}},{"type":"Feature","properties":{"id":97,"area_m2":300,"px":3,"rank":103,"persistent":false},"geometry":{"type":"Polygon","coordinates":[[[-122.930741,46.133295],[-122.930741,46.133385],[-122.930659,46.133389],[-122.930615,46.133423],[-122.930611,46.133565],[-122.930482,46.133565],[-122.930482,46.133385],[-122.930589,46.133369],[-122.930612,46.133295],[-122.930741,46.133295]]]}}]}