{"type":"FeatureCollection","features":[{"type":"Feature","properties":{"id":18,"area_m2":1378600,"px":13786,"rank":1,"persistent":false},"geometry":{"type":"Polygon","coordinates":[[[-122.993527,46.132686],[-122.993527,46.132776],[-122.993316,46.13278],[-122.993274,46.132809],[-122.993268,46.132866],[-122.993136,46.132886],[-122.993139,46.133046],[-122.993009,46.133046],[-122.993006,46.132994],[-122.992968,46.132962],[-122.992751,46.132956],[-122.992745,46.132899],[-122.992695,46.132868],[-122.992492,46.132866],[-122.992479,46.1328],[-122.992362,46.132776],[-122.992356,46.132719],[-122.992314,46.13269],[-122.991715,46.132686],[-122.991709,46.132629],[-122.99166,46.132598],[-122.991327,46.132596],[-122.991313,46.13253],[-122.991197,46.132506],[-122.991163,46.132425],[-122.990938,46.132416],[-122.990932,46.132269],[-122.99089,46.13224],[-122.990809,46.132236],[-122.990803,46.132179],[-122.990761,46.13215],[-122.99055,46.132146],[-122.990489,46.132122],[-122.99042,46.132146],[-122.990162,46.132146],[-122.990156,46.132089],[-122.990106,46.132058],[-122.989773,46.132056],[-122.989773,46.131966],[-122.989808,46.131918],[-122.989767,46.131819],[-122.989725,46.13179],[-122.989644,46.131786],[-122.989609,46.131705],[-122.989514,46.131696],[-122.989497,46.131535],[-122.989385,46.131516],[-122.98935,46.131435],[-122.989256,46.131426],[-122.989242,46.13127],[-122.989185,46.131246],[-122.988997,46.131245],[-122.988974,46.131171],[-122.988867,46.131155],[-122.988867,46.130976],[-122.988997,46.130976],[-122.989006,46.131037],[-122.989059,46.131065],[-122.989317,46.131079],[-122.989382,46.131041],[-122.989404,46.130571],[-122.989358,46.13053],[-122.989256,46.130526],[-122.989255,46.130394],[-122.989227,46.130358],[-122.989043,46.130336],[-122.989,46.13037],[-122.988997,46.130435],[-122.98888,46.13046],[-122.988867,46.130525],[-122.988738,46.130525],[-122.988715,46.130451],[-122.988609,46.130435],[-122.988608,46.130304],[-122.988574,46.130265],[-122.988161,46.130256],[-122.9881,46.130284],[-122.988091,46.130345],[-122.987979,46.130365],[-122.987961,46.130435],[-122.987832,46.130435],[-122.987832,46.130345],[-122.987866,46.130298],[-122.987814,46.130185],[-122.987519,46.130152],[-122.987452,46.130181],[-122.987443,46.130255],[-122.987369,46.130258],[-122.987323,46.130284],[-122.987314,46.130435],[-122.987185,46.130435],[-122.987167,46.130095],[-122.987115,46.130076],[-122.986737,46.130076],[-122.98667,46.130114],[-122.986673,46.130222],[-122.986715,46.130251],[-122.986796,46.130255],[-122.986831,46.130336],[-122.986926,46.130345],[-122.986926,46.130435],[-122.986819,46.130451],[-122.986796,46.130525],[-122.986537,46.130525],[-122.986537,46.130435],[-122.986619,46.130431],[-122.986661,46.130402],[-122.986663,46.130294],[-122.986619,46.130259],[-122.986537,46.130255],[-122.98652,46.130095],[-122.986408,46.130075],[-122.986411,46.129916],[-122.986366,46.129896],[-122.986219,46.129895],[-122.986158,46.129924],[-122.986149,46.129985],[-122.986037,46.130005],[-122.986019,46.130075],[-122.985831,46.130075],[-122.985778,46.130095],[-122.98576,46.130345],[-122.985654,46.130361],[-122.985631,46.130435],[-122.985536,46.130444],[-122.985502,46.130525],[-122.98539,46.130545],[-122.985372,46.130615],[-122.985034,46.130615],[-122.984976,46.13064],[-122.984984,46.130795],[-122.984895,46.130801],[-122.984855,46.130844],[-122.984854,46.131335],[-122.984595,46.131335],[-122.984589,46.131098],[-122.984547,46.131069],[-122.984466,46.131065],[-122.984457,46.131004],[-122.984403,46.130976],[-122.984125,46.130979],[-122.984083,46.131008],[-122.984077,46.131065],[-122.983961,46.131089],[-122.983948,46.131155],[-122.983493,46.131156],[-122.983439,46.131183],[-122.983428,46.131245],[-122.983301,46.131245],[-122.983295,46.131188],[-122.983246,46.131157],[-122.983042,46.131155],[-122.983062,46.131025],[-122.983015,46.130979],[-122.982724,46.130975],[-122.982671,46.130995],[-122.982619,46.131113],[-122.982653,46.131155],[-122.982655,46.131381],[-122.982695,46.131418],[-122.983042,46.131425],[-122.983055,46.131491],[-122.983119,46.131515],[-122.983382,46.131511],[-122.983424,46.131482],[-122.98343,46.131425],[-122.983818,46.131425],[-122.983818,46.131515],[-122.983784,46.131557],[-122.983818,46.131605],[-122.983818,46.131695],[-122.983613,46.131684],[-122.983565,46.131715],[-122.983559,46.131785],[-122.98343,46.131785],[-122.983354,46.131761],[-122.983273,46.131807],[-122.983301,46.131876],[-122.9833,46.132235],[-122.983042,46.132235],[-122.983024,46.132075],[-122.982912,46.132055],[-122.982878,46.131974],[-122.982783,46.131965],[-122.982754,46.131887],[-122.982653,46.131875],[-122.982625,46.131797],[-122.982524,46.131785],[-122.982524,46.131695],[-122.982605,46.131691],[-122.98265,46.131656],[-122.982652,46.131558],[-122.982619,46.131524],[-122.982436,46.131521],[-122.982398,46.131553],[-122.982394,46.131605],[-122.981888,46.131616],[-122.981836,46.131521],[-122.981646,46.131527],[-122.981606,46.131665],[-122.981668,46.131694],[-122.981866,46.131684],[-122.981876,46.131875],[-122.981802,46.131877],[-122.981756,46.131903],[-122.981747,46.132055],[-122.981652,46.132064],[-122.981618,46.132145],[-122.981501,46.132169],[-122.981488,46.132325],[-122.981393,46.132334],[-122.981359,46.132415],[-122.981242,46.132439],[-122.981229,46.132594],[-122.98104,46.132595],[-122.980983,46.132619],[-122.98097,46.132774],[-122.980936,46.132812],[-122.98097,46.132865],[-122.980983,46.133021],[-122.98104,46.133044],[-122.981229,46.133045],[-122.981252,46.133119],[-122.981358,46.133135],[-122.981358,46.133225],[-122.980841,46.133224],[-122.980823,46.133154],[-122.980711,46.133134],[-122.980677,46.133054],[-122.980582,46.133044],[-122.980553,46.132967],[-122.980452,46.132954],[-122.980424,46.132877],[-122.980064,46.132864],[-122.980041,46.13279],[-122.979935,46.132774],[-122.979954,46.13265],[-122.979933,46.132611],[-122.979676,46.132594],[-122.979653,46.13252],[-122.979546,46.132504],[-122.979546,46.132414],[-122.979665,46.132403],[-122.979685,46.132476],[-122.979738,46.132503],[-122.980002,46.132503],[-122.980061,46.132466],[-122.980063,46.132368],[-122.980023,46.132331],[-122.979676,46.132324],[-122.979676,46.132234],[-122.979778,46.13223],[-122.979822,46.132195],[-122.979805,46.131964],[-122.979951,46.131972],[-122.979935,46.132096],[-122.979976,46.132138],[-122.980131,46.132143],[-122.980192,46.132101],[-122.980181,46.131988],[-122.980048,46.131957],[-122.980099,46.131832],[-122.980058,46.131728],[-122.980016,46.131698],[-122.979935,46.131694],[-122.979906,46.131617],[-122.979547,46.131604],[-122.979543,46.131553],[-122.979506,46.131521],[-122.979336,46.131518],[-122.979294,46.131548],[-122.979288,46.131604],[-122.979206,46.131608],[-122.979164,46.131638],[-122.979158,46.131784],[-122.979029,46.131784],[-122.97896,46.13176],[-122.97888,46.131797],[-122.978899,46.131964],[-122.97864,46.131964],[-122.978627,46.131898],[-122.978511,46.131874],[-122.978476,46.131793],[-122.978252,46.131784],[-122.978252,46.131694],[-122.97859,46.131694],[-122.978658,46.131654],[-122.978627,46.131538],[-122.978511,46.131514],[-122.978511,46.131118],[-122.978488,46.13108],[-122.9783,46.131068],[-122.978258,46.131097],[-122.978252,46.131154],[-122.978136,46.131178],[-122.978123,46.131334],[-122.978034,46.13134],[-122.977995,46.131377],[-122.977993,46.131694],[-122.977864,46.131694],[-122.977841,46.13162],[-122.977734,46.131604],[-122.977734,46.131424],[-122.977829,46.131415],[-122.977864,46.131334],[-122.97798,46.13131],[-122.977993,46.131154],[-122.978068,46.131152],[-122.978114,46.131125],[-122.978143,46.13103],[-122.978126,46.130995],[-122.978065,46.130974],[-122.977476,46.130974],[-122.977415,46.13095],[-122.977346,46.130974],[-122.977217,46.130974],[-122.977182,46.130893],[-122.976958,46.130884],[-122.976935,46.13081],[-122.976828,46.130794],[-122.976829,46.130704],[-122.977025,46.130703],[-122.977086,46.13066],[-122.977086,46.130477],[-122.977046,46.13044],[-122.976958,46.130434],[-122.976958,46.130254],[-122.977147,46.130254],[-122.977199,46.130234],[-122.977217,46.129984],[-122.977291,46.129981],[-122.977337,46.129955],[-122.977347,46.129804],[-122.977577,46.129792],[-122.977606,46.129714],[-122.977722,46.12969],[-122.977735,46.129624],[-122.97783,46.129621],[-122.977872,46.129599],[-122.977863,46.129487],[-122.977823,46.12945],[-122.977735,46.129444],[-122.977732,46.129392],[-122.977694,46.12936],[-122.977476,46.129354],[-122.977463,46.129198],[-122.977414,46.129175],[-122.977287,46.129174],[-122.977219,46.129217],[-122.977218,46.129395],[-122.977258,46.129437],[-122.977347,46.129444],[-122.977347,46.129534],[-122.977088,46.129534],[-122.97707,46.129463],[-122.976958,46.129444],[-122.976924,46.129363],[-122.976829,46.129354],[-122.976801,46.129276],[-122.9767,46.129264],[-122.976671,46.129186],[-122.976441,46.129174],[-122.97644,46.129042],[-122.976406,46.129003],[-122.976237,46.128996],[-122.976188,46.129027],[-122.976182,46.129084],[-122.976053,46.129083],[-122.97603,46.129009],[-122.975923,46.128993],[-122.975914,46.128752],[-122.975868,46.128726],[-122.975794,46.128723],[-122.975794,46.128634],[-122.975895,46.128621],[-122.975923,46.128544],[-122.976012,46.128537],[-122.976052,46.128495],[-122.976047,46.128307],[-122.976005,46.128278],[-122.975923,46.128273],[-122.975895,46.128196],[-122.975665,46.128183],[-122.975659,46.128127],[-122.975609,46.128096],[-122.975406,46.128093],[-122.975383,46.128019],[-122.975276,46.128003],[-122.975254,46.127929],[-122.975147,46.127913],[-122.975129,46.127843],[-122.975018,46.127823],[-122.975,46.127753],[-122.974888,46.127733],[-122.97487,46.127663],[-122.974759,46.127643],[-122.974749,46.127582],[-122.974689,46.127553],[-122.974535,46.127556],[-122.97448,46.127604],[-122.9745,46.127822],[-122.974467,46.127881],[-122.974522,46.127987],[-122.974629,46.128003],[-122.974629,46.128093],[-122.97437,46.128093],[-122.974347,46.128019],[-122.974241,46.128003],[-122.974235,46.127496],[-122.974193,46.127467],[-122.974112,46.127463],[-122.974108,46.127411],[-122.97407,46.127379],[-122.973923,46.127373],[-122.973859,46.127406],[-122.973834,46.127508],[-122.97388,46.127549],[-122.973982,46.127553],[-122.973982,46.127643],[-122.973908,46.127645],[-122.973862,46.127672],[-122.973852,46.127823],[-122.973635,46.127829],[-122.973597,46.127861],[-122.973593,46.127913],[-122.973512,46.127917],[-122.973467,46.127951],[-122.973477,46.128069],[-122.973593,46.128093],[-122.973593,46.128273],[-122.973153,46.128273],[-122.973098,46.128289],[-122.973079,46.128415],[-122.973123,46.128449],[-122.973205,46.128453],[-122.973205,46.128543],[-122.973076,46.128543],[-122.973058,46.128473],[-122.972946,46.128453],[-122.972933,46.128387],[-122.972868,46.128363],[-122.972586,46.128375],[-122.972558,46.128411],[-122.972558,46.128543],[-122.972299,46.128543],[-122.972299,46.128363],[-122.972394,46.128354],[-122.972428,46.128273],[-122.97251,46.128269],[-122.972554,46.128234],[-122.972592,46.128135],[-122.972545,46.128027],[-122.972488,46.128003],[-122.972299,46.128003],[-122.972276,46.127928],[-122.97217,46.127913],[-122.972189,46.127783],[-122.972156,46.127742],[-122.971781,46.127732],[-122.971764,46.127662],[-122.971652,46.127642],[-122.971618,46.127562],[-122.971523,46.127552],[-122.971494,46.127475],[-122.971393,46.127462],[-122.971365,46.127385],[-122.971134,46.127372],[-122.971135,46.127192],[-122.971241,46.127177],[-122.971264,46.127102],[-122.971512,46.127091],[-122.971532,46.127164],[-122.971585,46.127191],[-122.971719,46.127191],[-122.971772,46.127164],[-122.971781,46.127048],[-122.971754,46.127012],[-122.971523,46.127012],[-122.971523,46.126743],[-122.971719,46.126741],[-122.971776,46.126709],[-122.971782,46.126563],[-122.971817,46.12652],[-122.971782,46.126472],[-122.971782,46.126293],[-122.971856,46.12629],[-122.971902,46.126264],[-122.971912,46.126113],[-122.97217,46.126113],[-122.972205,46.126194],[-122.972376,46.126214],[-122.972428,46.126173],[-122.972428,46.126066],[-122.972388,46.126029],[-122.9723,46.126023],[-122.9723,46.125933],[-122.972559,46.125933],[-122.972628,46.125957],[-122.972809,46.125904],[-122.972817,46.125801],[-122.972789,46.125765],[-122.972559,46.125753],[-122.972559,46.125608],[-122.972532,46.125572],[-122.972477,46.125559],[-122.972348,46.125577],[-122.972306,46.125606],[-122.9723,46.125663],[-122.972171,46.125663],[-122.972149,46.125485],[-122.972088,46.125469],[-122.971946,46.125492],[-122.971912,46.125531],[-122.971912,46.125662],[-122.971811,46.125675],[-122.971782,46.125752],[-122.971681,46.125765],[-122.971653,46.125842],[-122.971558,46.125852],[-122.971523,46.125932],[-122.971449,46.125935],[-122.971403,46.125961],[-122.971379,46.126078],[-122.971429,46.12611],[-122.971523,46.126113],[-122.971523,46.126201],[-122.971417,46.126218],[-122.971394,46.126292],[-122.97104,46.126301],[-122.971005,46.126382],[-122.970889,46.126406],[-122.970876,46.126472],[-122.970764,46.126492],[-122.970746,46.126562],[-122.970635,46.126582],[-122.970617,46.126652],[-122.970505,46.126672],[-122.970487,46.126742],[-122.970358,46.126742],[-122.970297,46.126718],[-122.970229,46.126742],[-122.970099,46.126742],[-122.970082,46.126672],[-122.96997,46.126652],[-122.969935,46.126571],[-122.96984,46.126562],[-122.969812,46.126484],[-122.969711,46.126472],[-122.969683,46.126394],[-122.969582,46.126382],[-122.969553,46.126304],[-122.969323,46.126292],[-122.9693,46.126218],[-122.969193,46.126202],[-122.969188,46.126055],[-122.969146,46.126026],[-122.969064,46.126022],[-122.969036,46.125944],[-122.968805,46.125932],[-122.968788,46.125861],[-122.968676,46.125842],[-122.968663,46.125776],[-122.968547,46.125752],[-122.968543,46.1257],[-122.968505,46.125668],[-122.968288,46.125662],[-122.968282,46.125515],[-122.96824,46.125486],[-122.968158,46.125481],[-122.96813,46.125404],[-122.9679,46.125391],[-122.967882,46.125321],[-122.96777,46.125301],[-122.967736,46.125221],[-122.967641,46.125211],[-122.967612,46.125134],[-122.967511,46.125121],[-122.967483,46.125044],[-122.967382,46.125031],[-122.967354,46.124954],[-122.967123,46.124941],[-122.967105,46.124871],[-122.966994,46.124851],[-122.966976,46.124781],[-122.966864,46.124761],[-122.966847,46.124691],[-122.966735,46.124671],[-122.966722,46.124605],[-122.966606,46.124581],[-122.966571,46.1245],[-122.966347,46.124491],[-122.966324,46.124417],[-122.966217,46.124401],[-122.966217,46.12427],[-122.966189,46.124233],[-122.965959,46.124221],[-122.965959,46.124041],[-122.966075,46.124017],[-122.966087,46.123904],[-122.966047,46.123867],[-122.965943,46.123853],[-122.965953,46.123714],[-122.965911,46.123685],[-122.96583,46.123681],[-122.965801,46.123603],[-122.965661,46.123578],[-122.965604,46.123587],[-122.965572,46.123621],[-122.965571,46.123722],[-122.965612,46.123764],[-122.9657,46.123771],[-122.965728,46.123849],[-122.965845,46.123868],[-122.965829,46.123951],[-122.965571,46.123951],[-122.965553,46.123791],[-122.965441,46.123771],[-122.965407,46.12369],[-122.965312,46.123681],[-122.965283,46.123603],[-122.965182,46.123591],[-122.965154,46.123513],[-122.965053,46.123501],[-122.965025,46.123423],[-122.964924,46.123411],[-122.964901,46.123336],[-122.964665,46.12332],[-122.964647,46.12325],[-122.964536,46.12323],[-122.964501,46.12315],[-122.964406,46.12314],[-122.964378,46.123063],[-122.964147,46.12305],[-122.964125,46.122976],[-122.964018,46.12296],[-122.963983,46.122879],[-122.963889,46.12287],[-122.963889,46.12278],[-122.963923,46.122732],[-122.963876,46.12268],[-122.96382,46.122666],[-122.963759,46.12269],[-122.96363,46.12269],[-122.963612,46.12262],[-122.9635,46.1226],[-122.963466,46.122519],[-122.963371,46.12251],[-122.963343,46.122432],[-122.963112,46.12242],[-122.963095,46.12235],[-122.962983,46.12233],[-122.962948,46.122249],[-122.962854,46.12224],[-122.962825,46.122162],[-122.962724,46.12215],[-122.962696,46.122072],[-122.962465,46.12206],[-122.962443,46.121986],[-122.962336,46.12197],[-122.962336,46.121838],[-122.962302,46.121799],[-122.962077,46.12179],[-122.962071,46.121733],[-122.962022,46.121702],[-122.961819,46.121699],[-122.961813,46.121643],[-122.961771,46.121614],[-122.96156,46.121609],[-122.96156,46.121519],[-122.961594,46.121472],[-122.961554,46.121373],[-122.961512,46.121344],[-122.96143,46.121339],[-122.961396,46.121259],[-122.961301,46.121249],[-122.961278,46.121175],[-122.961042,46.121159],[-122.96102,46.121085],[-122.960913,46.121069],[-122.960878,46.120988],[-122.960784,46.120979],[-122.960756,46.120888],[-122.960525,46.120889],[-122.960512,46.120823],[-122.960395,46.120799],[-122.960392,46.120747],[-122.960354,46.120715],[-122.960137,46.120709],[-122.960119,46.120549],[-122.960007,46.120529],[-122.95999,46.120459],[-122.959878,46.120439],[-122.95986,46.120369],[-122.959749,46.120349],[-122.959735,46.120283],[-122.959619,46.120259],[-122.959585,46.120178],[-122.95936,46.120169],[-122.959347,46.120013],[-122.959231,46.119989],[-122.959197,46.119908],[-122.959102,46.119899],[-122.959073,46.119821],[-122.958972,46.119808],[-122.958944,46.119731],[-122.958843,46.119718],[-122.958815,46.119641],[-122.958714,46.119628],[-122.958685,46.119551],[-122.958584,46.119538],[-122.958579,46.119392],[-122.958537,46.119362],[-122.958455,46.119358],[-122.958427,46.119281],[-122.958067,46.119268],[-122.958044,46.119194],[-122.957938,46.119178],[-122.957928,46.119027],[-122.957882,46.119],[-122.957808,46.118998],[-122.957774,46.118917],[-122.957549,46.118908],[-122.957546,46.118856],[-122.957508,46.118824],[-122.957291,46.118818],[-122.957287,46.118766],[-122.95725,46.118734],[-122.957032,46.118728],[-122.957023,46.118666],[-122.956969,46.118639],[-122.956644,46.118638],[-122.956621,46.118563],[-122.956514,46.118548],[-122.956514,46.118458],[-122.956549,46.11841],[-122.956515,46.118368],[-122.956501,46.118212],[-122.956385,46.118187],[-122.956379,46.118131],[-122.95633,46.1181],[-122.955997,46.118097],[-122.955984,46.117941],[-122.955927,46.117918],[-122.955738,46.117917],[-122.955729,46.117766],[-122.955683,46.11774],[-122.955609,46.117737],[-122.955592,46.117577],[-122.95548,46.117557],[-122.95548,46.117467],[-122.955561,46.117463],[-122.955606,46.117429],[-122.955609,46.117287],[-122.955698,46.117281],[-122.955737,46.117244],[-122.95574,46.116477],[-122.955869,46.116477],[-122.95587,46.116704],[-122.95591,46.116741],[-122.955998,46.116747],[-122.956021,46.116912],[-122.956068,46.116927],[-122.956338,46.116923],[-122.956386,46.116879],[-122.956387,46.116478],[-122.956493,46.116462],[-122.956516,46.116388],[-122.956871,46.116392],[-122.956904,46.116353],[-122.956904,46.116208],[-122.957011,46.116192],[-122.957034,46.116118],[-122.957258,46.116109],[-122.957293,46.116028],[-122.957402,46.116021],[-122.957442,46.115972],[-122.957394,46.11586],[-122.957219,46.11585],[-122.957169,46.115881],[-122.957163,46.115938],[-122.956946,46.115944],[-122.956908,46.115976],[-122.956904,46.116028],[-122.956788,46.116052],[-122.956775,46.116118],[-122.956646,46.116118],[-122.956623,46.116043],[-122.956516,46.116027],[-122.956515,46.115891],[-122.956475,46.115854],[-122.956303,46.115825],[-122.956151,46.115863],[-122.956128,46.115937],[-122.956001,46.115937],[-122.955976,46.115863],[-122.955869,46.115847],[-122.955868,46.115621],[-122.955829,46.115584],[-122.95574,46.115577],[-122.95574,46.115487],[-122.955999,46.115487],[-122.956017,46.115648],[-122.956061,46.115666],[-122.956195,46.115666],[-122.956256,46.115624],[-122.956258,46.115398],[-122.956387,46.115398],[-122.95639,46.115719],[-122.956435,46.115753],[-122.956563,46.115771],[-122.956637,46.115742],[-122.956646,46.115668],[-122.956762,46.115644],[-122.956795,46.115549],[-122.956755,46.115494],[-122.956646,46.115488],[-122.956629,46.115327],[-122.956517,46.115307],[-122.956511,46.115071],[-122.956469,46.115042],[-122.956388,46.115037],[-122.956379,46.114886],[-122.956333,46.11486],[-122.956258,46.114857],[-122.956253,46.114621],[-122.956211,46.114592],[-122.956129,46.114587],[-122.956101,46.11451],[-122.955905,46.114506],[-122.95587,46.114587],[-122.955769,46.1146],[-122.955741,46.114677],[-122.955646,46.114686],[-122.955611,46.114767],[-122.955495,46.114791],[-122.955482,46.114947],[-122.9554,46.114951],[-122.955356,46.114985],[-122.955352,46.115127],[-122.955271,46.115131],[-122.955229,46.11516],[-122.955223,46.115307],[-122.955141,46.115311],[-122.955099,46.11534],[-122.955093,46.115487],[-122.954964,46.115487],[-122.954958,46.11543],[-122.954916,46.115401],[-122.95476,46.115399],[-122.954705,46.115446],[-122.954705,46.115667],[-122.953991,46.115668],[-122.953937,46.115695],[-122.953928,46.115756],[-122.953739,46.115757],[-122.953687,46.115776],[-122.953669,46.115936],[-122.953574,46.115946],[-122.95354,46.11599],[-122.95354,46.116428],[-122.95358,46.11647],[-122.953669,46.116477],[-122.953669,46.116656],[-122.953539,46.116656],[-122.953471,46.116632],[-122.95341,46.116656],[-122.953213,46.116657],[-122.95316,46.116685],[-122.953149,46.116746],[-122.953022,46.116746],[-122.953012,46.116685],[-122.952951,46.116656],[-122.952245,46.116656],[-122.952245,46.116386],[-122.95232,46.116384],[-122.952366,46.116357],[-122.952375,46.116206],[-122.952586,46.116202],[-122.952628,46.116173],[-122.952634,46.116116],[-122.952746,46.116096],[-122.952763,46.115846],[-122.952838,46.115844],[-122.952884,46.115818],[-122.952893,46.115666],[-122.952988,46.115657],[-122.953023,46.115576],[-122.953134,46.115556],[-122.953152,46.115396],[-122.953259,46.11538],[-122.953282,46.115306],[-122.953376,46.115297],[-122.953411,46.115216],[-122.953523,46.115197],[-122.953541,46.115126],[-122.953758,46.11512],[-122.953796,46.115088],[-122.953801,46.115036],[-122.954317,46.115037],[-122.954326,46.115098],[-122.954387,46.115126],[-122.954534,46.115126],[-122.954587,46.115097],[-122.954573,46.114715],[-122.954528,46.114681],[-122.954447,46.114677],[-122.954438,46.114435],[-122.954392,46.114409],[-122.954318,46.114407],[-122.954318,46.113867],[-122.954548,46.113854],[-122.954576,46.113818],[-122.954577,46.113597],[-122.954788,46.113593],[-122.95483,46.113564],[-122.954836,46.113507],[-122.954931,46.113504],[-122.954973,46.113482],[-122.954966,46.113057],[-122.955061,46.113048],[-122.955095,46.112967],[-122.955207,46.112947],[-122.955225,46.112787],[-122.955306,46.112783],[-122.955351,46.112749],[-122.955354,46.112607],[-122.955449,46.112598],[-122.955484,46.112517],[-122.955558,46.112515],[-122.955604,46.112489],[-122.955613,46.112247],[-122.955708,46.112238],[-122.955743,46.112157],[-122.95585,46.112141],[-122.955873,46.111977],[-122.955967,46.111968],[-122.956002,46.111887],[-122.956118,46.111863],[-122.956132,46.111707],[-122.956213,46.111703],[-122.956258,46.111669],[-122.956261,46.111527],[-122.956356,46.111518],[-122.956391,46.111437],[-122.956497,46.111422],[-122.95652,46.111258],[-122.956615,46.111248],[-122.95665,46.111168],[-122.956724,46.111165],[-122.95677,46.111139],[-122.956776,46.111026],[-122.956731,46.110992],[-122.95665,46.110987],[-122.95665,46.110899],[-122.956731,46.110893],[-122.956776,46.110859],[-122.956779,46.110628],[-122.956886,46.110612],[-122.956909,46.110538],[-122.957025,46.110514],[-122.957038,46.110448],[-122.957171,46.110427],[-122.957168,46.110268],[-122.957501,46.110265],[-122.95755,46.110235],[-122.957556,46.110178],[-122.95763,46.110176],[-122.957676,46.110149],[-122.957718,46.11003],[-122.957663,46.109924],[-122.957556,46.109908],[-122.957556,46.109818],[-122.957651,46.109809],[-122.957686,46.109728],[-122.957802,46.109704],[-122.957815,46.109548],[-122.957897,46.109544],[-122.957941,46.10951],[-122.957945,46.109368],[-122.958271,46.109367],[-122.958324,46.10934],[-122.958333,46.109278],[-122.958592,46.109278],[-122.958592,46.109368],[-122.95851,46.109372],[-122.958466,46.109406],[-122.958462,46.109548],[-122.958356,46.109564],[-122.958333,46.109638],[-122.958137,46.109639],[-122.958083,46.109667],[-122.958074,46.109818],[-122.957986,46.109824],[-122.957946,46.109861],[-122.95795,46.110055],[-122.957992,46.110084],[-122.958074,46.110088],[-122.958074,46.110219],[-122.958102,46.110256],[-122.958332,46.110268],[-122.95835,46.110338],[-122.958462,46.110358],[-122.958496,46.110439],[-122.958591,46.110448],[-122.958619,46.110526],[-122.95872,46.110538],[-122.958749,46.110616],[-122.958979,46.110628],[-122.958979,46.11076],[-122.959007,46.110796],[-122.959238,46.110809],[-122.959261,46.110883],[-122.959367,46.110899],[-122.959402,46.110979],[-122.959496,46.110989],[-122.959496,46.111259],[-122.959401,46.111268],[-122.959367,46.111348],[-122.959251,46.111372],[-122.959237,46.111528],[-122.959131,46.111544],[-122.959108,46.111618],[-122.958979,46.111618],[-122.958969,46.111557],[-122.958916,46.111529],[-122.958754,46.111531],[-122.958703,46.111568],[-122.958733,46.111684],[-122.958849,46.111708],[-122.958837,46.111949],[-122.958884,46.111976],[-122.958978,46.111978],[-122.958991,46.112224],[-122.959048,46.112248],[-122.959237,46.112249],[-122.959246,46.11231],[-122.959299,46.112337],[-122.959555,46.112338],[-122.959607,46.112319],[-122.959625,46.112213],[-122.959602,46.112174],[-122.959366,46.112158],[-122.959344,46.112084],[-122.959237,46.112068],[-122.959237,46.111709],[-122.959344,46.111693],[-122.959367,46.111619],[-122.959462,46.111609],[-122.959496,46.111529],[-122.959608,46.111509],[-122.959626,46.111439],[-122.959884,46.111439],[-122.959888,46.11149],[-122.959925,46.111522],[-122.960143,46.111529],[-122.960161,46.111689],[-122.960272,46.111709],[-122.960285,46.111775],[-122.960402,46.111799],[-122.960405,46.111851],[-122.960443,46.111883],[-122.96066,46.111889],[-122.960674,46.112045],[-122.96079,46.112069],[-122.960824,46.11215],[-122.960919,46.112159],[-122.960922,46.112391],[-122.960967,46.112425],[-122.961048,46.112429],[-122.961048,46.112789],[-122.960593,46.11279],[-122.96054,46.112818],[-122.96053,46.112879],[-122.960401,46.112879],[-122.960373,46.112801],[-122.960142,46.112789],[-122.960136,46.112732],[-122.960094,46.112703],[-122.959754,46.112699],[-122.959754,46.112609],[-122.959843,46.112602],[-122.959882,46.112565],[-122.959882,46.112472],[-122.959843,46.112435],[-122.959285,46.112433],[-122.959238,46.112472],[-122.959236,46.112608],[-122.958898,46.112609],[-122.958845,46.112629],[-122.958848,46.112878],[-122.958774,46.112881],[-122.958728,46.112907],[-122.958718,46.113058],[-122.958637,46.113062],[-122.958592,46.113097],[-122.958589,46.113238],[-122.958365,46.113247],[-122.95833,46.113328],[-122.958214,46.113352],[-122.958201,46.113418],[-122.957983,46.113424],[-122.957945,46.113456],[-122.957942,46.113508],[-122.957295,46.113508],[-122.957282,46.113442],[-122.957165,46.113418],[-122.957131,46.113337],[-122.956914,46.11334],[-122.956887,46.113383],[-122.956912,46.113474],[-122.956954,46.113504],[-122.957036,46.113508],[-122.957042,46.113654],[-122.957084,46.113684],[-122.957165,46.113688],[-122.957188,46.113762],[-122.957243,46.113778],[-122.957683,46.113778],[-122.957711,46.113856],[-122.957866,46.113892],[-122.957942,46.113868],[-122.958282,46.113864],[-122.958328,46.113825],[-122.95833,46.113688],[-122.958514,46.113702],[-122.958567,46.113686],[-122.958589,46.113598],[-122.958684,46.113589],[-122.958718,46.113508],[-122.958793,46.113506],[-122.958838,46.11348],[-122.958848,46.113328],[-122.959084,46.113313],[-122.959107,46.113149],[-122.959213,46.113133],[-122.959236,46.113059],[-122.959331,46.113049],[-122.959366,46.112969],[-122.959477,46.112949],[-122.959495,46.112879],[-122.959883,46.112879],[-122.959883,46.113149],[-122.959809,46.113151],[-122.959763,46.113177],[-122.959754,46.113329],[-122.959647,46.113344],[-122.959624,46.113419],[-122.959435,46.113419],[-122.959383,46.113438],[-122.959365,46.113599],[-122.95927,46.113608],[-122.959236,46.113688],[-122.959154,46.113693],[-122.959112,46.113722],[-122.959106,46.113868],[-122.959,46.113884],[-122.958977,46.113958],[-122.958858,46.113969],[-122.958841,46.113902],[-122.958799,46.113872],[-122.958651,46.113869],[-122.958594,46.113902],[-122.958589,46.114],[-122.958617,46.114036],[-122.958847,46.114048],[-122.95885,46.11428],[-122.958895,46.114314],[-122.958976,46.114318],[-122.958977,46.11445],[-122.959011,46.114489],[-122.959317,46.114494],[-122.959359,46.114465],[-122.959365,46.114409],[-122.959481,46.114385],[-122.959494,46.114319],[-122.959725,46.114306],[-122.959753,46.11427],[-122.95975,46.114177],[-122.959705,46.114143],[-122.959624,46.114139],[-122.959624,46.114049],[-122.959854,46.114036],[-122.959883,46.113959],[-122.959978,46.11395],[-122.960012,46.113869],[-122.960124,46.113849],[-122.960142,46.113779],[-122.960345,46.113777],[-122.960394,46.113746],[-122.960401,46.113689],[-122.960652,46.113676],[-122.960679,46.113639],[-122.96066,46.113419],[-122.960877,46.113413],[-122.960915,46.113381],[-122.960918,46.113329],[-122.961177,46.113329],[-122.961238,46.113353],[-122.961307,46.113329],[-122.961565,46.113329],[-122.961588,46.113404],[-122.961695,46.113419],[-122.96168,46.113655],[-122.961729,46.113687],[-122.961824,46.113691],[-122.961824,46.113959],[-122.961735,46.113966],[-122.961695,46.114008],[-122.961696,46.11411],[-122.961727,46.114144],[-122.961912,46.114133],[-122.96195,46.114101],[-122.961953,46.11405],[-122.962069,46.114026],[-122.962083,46.11396],[-122.962212,46.11396],[-122.962212,46.114091],[-122.96224,46.114127],[-122.962471,46.11414],[-122.962484,46.114206],[-122.9626,46.11423],[-122.962606,46.114286],[-122.962648,46.114316],[-122.962784,46.114334],[-122.962842,46.114313],[-122.96285,46.114168],[-122.962804,46.114142],[-122.96273,46.11414],[-122.962695,46.114059],[-122.9626,46.11405],[-122.962572,46.113972],[-122.962471,46.11396],[-122.962442,46.113882],[-122.962342,46.11387],[-122.962324,46.113709],[-122.962272,46.11369],[-122.962083,46.113689],[-122.962081,46.113463],[-122.962042,46.113426],[-122.961954,46.113419],[-122.961941,46.113263],[-122.961824,46.113239],[-122.96179,46.113158],[-122.961695,46.113149],[-122.961667,46.113072],[-122.961566,46.113059],[-122.961537,46.112982],[-122.961436,46.112969],[-122.961436,46.112388],[-122.961396,46.112346],[-122.961307,46.112339],[-122.961294,46.112003],[-122.961237,46.111979],[-122.961049,46.111979],[-122.961026,46.111815],[-122.96079,46.111799],[-122.960767,46.111725],[-122.960661,46.111709],[-122.960643,46.111639],[-122.960531,46.111619],[-122.960497,46.111538],[-122.960402,46.111529],[-122.960374,46.111451],[-122.960273,46.111439],[-122.960244,46.111361],[-122.960143,46.111349],[-122.960115,46.111271],[-122.960014,46.111259],[-122.960014,46.110899],[-122.960089,46.110896],[-122.960134,46.11087],[-122.960144,46.110719],[-122.960245,46.110707],[-122.960273,46.110629],[-122.960374,46.110617],[-122.960403,46.110539],[-122.960498,46.11053],[-122.960532,46.110449],[-122.960648,46.110425],[-122.960662,46.110269],[-122.960768,46.110253],[-122.960791,46.110179],[-122.960907,46.110155],[-122.960921,46.110089],[-122.961309,46.110089],[-122.961326,46.110159],[-122.961438,46.110179],[-122.961473,46.11026],[-122.961567,46.110269],[-122.961596,46.110347],[-122.961792,46.11035],[-122.961826,46.110269],[-122.961921,46.110267],[-122.961967,46.11024],[-122.961952,46.110128],[-122.961908,46.110093],[-122.961827,46.110089],[-122.961826,46.109958],[-122.961798,46.109922],[-122.961568,46.109909],[-122.961568,46.109819],[-122.961642,46.109817],[-122.961688,46.109791],[-122.961697,46.109639],[-122.961827,46.109639],[-122.961849,46.109714],[-122.961956,46.109729],[-122.961956,46.109861],[-122.961984,46.109897],[-122.962303,46.109903],[-122.962343,46.109866],[-122.962343,46.109773],[-122.962303,46.109736],[-122.962215,46.109729],[-122.962215,46.10955],[-122.962344,46.10955],[-122.962362,46.10962],[-122.962474,46.10964],[-122.962508,46.10972],[-122.962603,46.10973],[-122.962631,46.109807],[-122.962732,46.10982],[-122.962761,46.109897],[-122.962991,46.10991],[-122.96298,46.11006],[-122.963026,46.110087],[-122.96312,46.11009],[-122.96313,46.110241],[-122.963175,46.110267],[-122.96325,46.11027],[-122.963284,46.110351],[-122.963379,46.11036],[-122.963379,46.11045],[-122.963168,46.110454],[-122.963126,46.110483],[-122.96312,46.11054],[-122.963013,46.110556],[-122.962991,46.11072],[-122.96289,46.110732],[-122.962861,46.11081],[-122.962766,46.110819],[-122.962732,46.1109],[-122.96262,46.110919],[-122.962602,46.11099],[-122.962496,46.111005],[-122.962473,46.11117],[-122.962372,46.111182],[-122.962343,46.111259],[-122.962248,46.111269],[-122.962214,46.111349],[-122.962139,46.111352],[-122.962094,46.111378],[-122.962084,46.111529],[-122.961972,46.111549],[-122.961955,46.111709],[-122.961866,46.111716],[-122.961826,46.111758],[-122.961827,46.112026],[-122.961866,46.112063],[-122.961954,46.112069],[-122.961964,46.112221],[-122.962009,46.112247],[-122.962084,46.11225],[-122.962118,46.11233],[-122.962213,46.11234],[-122.962241,46.112417],[-122.962342,46.11243],[-122.962371,46.112507],[-122.962472,46.11252],[-122.962478,46.112666],[-122.96252,46.112696],[-122.962601,46.1127],[-122.962636,46.112781],[-122.962948,46.112783],[-122.962988,46.112746],[-122.962989,46.11261],[-122.963119,46.11261],[-122.963122,46.112661],[-122.96316,46.112693],[-122.963377,46.1127],[-122.963387,46.112851],[-122.963433,46.112878],[-122.963507,46.11288],[-122.963541,46.112961],[-122.963636,46.11297],[-122.963665,46.113048],[-122.963895,46.11306],[-122.963918,46.113134],[-122.964024,46.11315],[-122.964037,46.113216],[-122.964154,46.11324],[-122.964182,46.113318],[-122.964283,46.11333],[-122.964292,46.113482],[-122.964338,46.113508],[-122.964412,46.11351],[-122.964397,46.113746],[-122.964447,46.113778],[-122.964541,46.11378],[-122.964541,46.11405],[-122.964507,46.114098],[-122.964547,46.114197],[-122.964604,46.114229],[-122.9648,46.11423],[-122.9648,46.11459],[-122.964541,46.11459],[-122.964524,46.114507],[-122.964423,46.114494],[-122.964377,46.114548],[-122.964427,46.114598],[-122.964425,46.114746],[-122.964541,46.11477],[-122.964575,46.114851],[-122.96467,46.11486],[-122.964705,46.114941],[-122.964866,46.114949],[-122.964928,46.114907],[-122.964929,46.11468],[-122.965058,46.114681],[-122.965081,46.114755],[-122.965188,46.114771],[-122.965188,46.114902],[-122.965216,46.114938],[-122.965447,46.114951],[-122.965453,46.115007],[-122.965502,46.115038],[-122.965705,46.115041],[-122.965728,46.115205],[-122.965964,46.115221],[-122.965987,46.115295],[-122.966093,46.115311],[-122.966128,46.115392],[-122.966223,46.115401],[-122.966226,46.115543],[-122.966271,46.115577],[-122.966352,46.115581],[-122.966352,46.115671],[-122.966257,46.11568],[-122.966223,46.115761],[-122.966128,46.115763],[-122.966082,46.11579],[-122.966106,46.116007],[-122.966163,46.116031],[-122.966352,46.116031],[-122.966355,46.116173],[-122.9664,46.116207],[-122.966481,46.116211],[-122.96649,46.116362],[-122.966536,46.116389],[-122.96661,46.116391],[-122.966645,46.116472],[-122.96674,46.116481],[-122.966768,46.116559],[-122.966869,46.116571],[-122.966887,46.116731],[-122.966998,46.116751],[-122.967004,46.116808],[-122.967046,46.116837],[-122.967257,46.116841],[-122.96727,46.116997],[-122.967387,46.117021],[-122.967421,46.117102],[-122.967516,46.117111],[-122.967544,46.117189],[-122.967645,46.117201],[-122.967674,46.117279],[-122.967775,46.117291],[-122.967803,46.117369],[-122.967904,46.117381],[-122.967932,46.117459],[-122.968033,46.117471],[-122.968046,46.117627],[-122.968163,46.117651],[-122.968197,46.117732],[-122.968292,46.117742],[-122.96832,46.117819],[-122.968421,46.117832],[-122.96845,46.117909],[-122.968551,46.117922],[-122.968574,46.118086],[-122.96881,46.118102],[-122.968823,46.118168],[-122.968939,46.118192],[-122.968945,46.118248],[-122.968987,46.118278],[-122.969327,46.118282],[-122.969345,46.118622],[-122.969456,46.118642],[-122.969474,46.118712],[-122.969586,46.118732],[-122.969603,46.118802],[-122.969715,46.118822],[-122.969728,46.118888],[-122.969844,46.118912],[-122.969879,46.118993],[-122.970103,46.119002],[-122.970112,46.119153],[-122.970158,46.11918],[-122.970233,46.119182],[-122.970267,46.119263],[-122.970362,46.119272],[-122.97039,46.11935],[-122.970621,46.119362],[-122.970634,46.119518],[-122.97075,46.119542],[-122.970785,46.119623],[-122.970879,46.119632],[-122.970908,46.11971],[-122.971009,46.119722],[-122.971037,46.1198],[-122.971138,46.119812],[-122.971167,46.11989],[-122.971656,46.119902],[-122.971679,46.119977],[-122.971785,46.119992],[-122.971791,46.120139],[-122.971833,46.120168],[-122.971915,46.120173],[-122.971949,46.120253],[-122.972044,46.120263],[-122.972062,46.120423],[-122.972173,46.120443],[-122.972179,46.120499],[-122.972221,46.120528],[-122.972432,46.120533],[-122.97245,46.120693],[-122.972561,46.120713],[-122.972596,46.120794],[-122.972691,46.120803],[-122.972719,46.12088],[-122.97282,46.120893],[-122.9728,46.121017],[-122.972822,46.121056],[-122.97295,46.121073],[-122.972955,46.121143],[-122.973003,46.121174],[-122.973338,46.121163],[-122.973338,46.121253],[-122.973303,46.121301],[-122.973366,46.121421],[-122.973551,46.121455],[-122.973703,46.121417],[-122.973726,46.121343],[-122.973854,46.121343],[-122.973861,46.1214],[-122.973911,46.121431],[-122.974244,46.121433],[-122.974244,46.121523],[-122.974047,46.121524],[-122.973994,46.121552],[-122.973973,46.121763],[-122.974012,46.121789],[-122.974168,46.121817],[-122.974244,46.121793],[-122.974373,46.121793],[-122.974386,46.121949],[-122.974443,46.121973],[-122.974632,46.121973],[-122.974654,46.122047],[-122.974761,46.122063],[-122.974767,46.12221],[-122.974809,46.122239],[-122.97489,46.122243],[-122.974896,46.122313],[-122.974951,46.122346],[-122.975101,46.122329],[-122.975148,46.12229],[-122.975148,46.122017],[-122.975108,46.12198],[-122.97502,46.121973],[-122.97502,46.121795],[-122.975149,46.121793],[-122.975172,46.121867],[-122.975279,46.121883],[-122.975279,46.122189],[-122.975302,46.122227],[-122.975538,46.122243],[-122.975544,46.1223],[-122.975593,46.122331],[-122.975796,46.122333],[-122.975819,46.122408],[-122.975926,46.122423],[-122.97596,46.122504],[-122.976055,46.122513],[-122.976078,46.122678],[-122.976185,46.122694],[-122.976202,46.122764],[-122.976314,46.122784],[-122.976327,46.122849],[-122.976443,46.122874],[-122.976478,46.122954],[-122.976702,46.122964],[-122.976711,46.123115],[-122.976757,46.123141],[-122.976831,46.123144],[-122.976831,46.123504],[-122.976797,46.123551],[-122.976854,46.123668],[-122.976961,46.123684],[-122.976967,46.12374],[-122.977016,46.123771],[-122.977299,46.123773],[-122.977368,46.123729],[-122.977349,46.123594],[-122.977608,46.123594],[-122.977608,46.123774],[-122.977501,46.12379],[-122.977446,46.123896],[-122.977488,46.124015],[-122.977533,46.124041],[-122.977608,46.124044],[-122.977642,46.124125],[-122.977737,46.124134],[-122.977766,46.124212],[-122.977867,46.124224],[-122.977867,46.124355],[-122.977895,46.124392],[-122.978125,46.124404],[-122.978135,46.124555],[-122.97818,46.124582],[-122.978255,46.124584],[-122.978289,46.124665],[-122.978384,46.124674],[-122.978413,46.124752],[-122.978731,46.124758],[-122.978769,46.124726],[-122.97879,46.124624],[-122.978745,46.124588],[-122.978643,46.124584],[-122.978625,46.124514],[-122.978514,46.124494],[-122.978479,46.124413],[-122.978384,46.124404],[-122.978356,46.124326],[-122.978255,46.124314],[-122.978227,46.124236],[-122.978126,46.124224],[-122.978126,46.124044],[-122.978373,46.124033],[-122.978397,46.12411],[-122.978514,46.124134],[-122.97852,46.124191],[-122.978569,46.124222],[-122.978712,46.124248],[-122.978884,46.124204],[-122.978896,46.124077],[-122.978854,46.124048],[-122.978773,46.124044],[-122.97875,46.12397],[-122.978582,46.12393],[-122.978395,46.123965],[-122.978362,46.12388],[-122.978255,46.123864],[-122.978255,46.123775],[-122.97835,46.123765],[-122.978385,46.123684],[-122.978459,46.123682],[-122.978505,46.123655],[-122.978514,46.123414],[-122.978902,46.123414],[-122.978925,46.123488],[-122.979032,46.123504],[-122.979049,46.123574],[-122.979161,46.123594],[-122.979196,46.123675],[-122.979291,46.123684],[-122.979319,46.123762],[-122.97942,46.123774],[-122.979448,46.123852],[-122.979549,46.123864],[-122.979546,46.124024],[-122.979679,46.124044],[-122.979679,46.124224],[-122.979584,46.124233],[-122.979549,46.124314],[-122.979433,46.124338],[-122.97942,46.124494],[-122.979308,46.124514],[-122.979256,46.124627],[-122.979308,46.124744],[-122.97942,46.124764],[-122.979429,46.124916],[-122.979475,46.124942],[-122.979549,46.124944],[-122.979577,46.125022],[-122.979767,46.125028],[-122.979805,46.124996],[-122.979808,46.124944],[-122.979924,46.12492],[-122.979937,46.124854],[-122.980067,46.124854],[-122.980076,46.125006],[-122.980122,46.125032],[-122.980196,46.125034],[-122.980196,46.12534],[-122.980219,46.125378],[-122.980372,46.125408],[-122.980433,46.125392],[-122.980455,46.125214],[-122.980843,46.125214],[-122.980843,46.125394],[-122.980755,46.125401],[-122.980715,46.125438],[-122.980736,46.125559],[-122.980843,46.125574],[-122.980856,46.12564],[-122.980972,46.125664],[-122.980976,46.125716],[-122.981014,46.125748],[-122.981231,46.125755],[-122.981244,46.12582],[-122.981361,46.125845],[-122.981364,46.125896],[-122.981402,46.125928],[-122.981878,46.125935],[-122.981896,46.126005],[-122.982008,46.126025],[-122.982021,46.126091],[-122.982137,46.126115],[-122.982143,46.126171],[-122.982185,46.126201],[-122.982321,46.126218],[-122.982379,46.126198],[-122.982396,46.126025],[-122.982914,46.126025],[-122.982937,46.126099],[-122.983043,46.126115],[-122.983057,46.126181],[-122.983173,46.126205],[-122.983201,46.126283],[-122.983302,46.126295],[-122.983302,46.126385],[-122.983196,46.126401],[-122.983173,46.126475],[-122.982956,46.126476],[-122.982902,46.126504],[-122.982931,46.126635],[-122.982984,46.126654],[-122.983173,46.126655],[-122.983173,46.126745],[-122.982962,46.126749],[-122.98292,46.126778],[-122.982914,46.126835],[-122.982807,46.126851],[-122.982785,46.126966],[-122.982825,46.127008],[-122.983002,46.127008],[-122.98304,46.126976],[-122.983043,46.126925],[-122.983561,46.126925],[-122.983589,46.127003],[-122.98382,46.127015],[-122.983833,46.127081],[-122.983897,46.127105],[-122.98405,46.127093],[-122.984079,46.127015],[-122.984195,46.126991],[-122.984208,46.126925],[-122.984467,46.126925],[-122.98447,46.126977],[-122.984508,46.127009],[-122.984726,46.127015],[-122.984749,46.127089],[-122.984855,46.127105],[-122.984873,46.127265],[-122.984985,46.127285],[-122.985019,46.127366],[-122.985114,46.127375],[-122.985114,46.127555],[-122.985002,46.127575],[-122.984951,46.127682],[-122.984998,46.127801],[-122.985114,46.127825],[-122.98512,46.127882],[-122.985169,46.127913],[-122.985502,46.127915],[-122.985502,46.128005],[-122.985407,46.128014],[-122.985373,46.128059],[-122.985379,46.128242],[-122.985421,46.128271],[-122.985502,46.128275],[-122.985502,46.128545],[-122.985386,46.128569],[-122.985358,46.12869],[-122.985407,46.128723],[-122.985502,46.128725],[-122.985525,46.128979],[-122.985631,46.128995],[-122.985635,46.129047],[-122.985673,46.129079],[-122.98589,46.129085],[-122.985913,46.129159],[-122.98602,46.129175],[-122.98602,46.129396],[-122.986054,46.129436],[-122.986203,46.129459],[-122.986266,46.129435],[-122.986279,46.129175],[-122.986503,46.129166],[-122.986538,46.129085],[-122.986654,46.129061],[-122.986667,46.128995],[-122.986891,46.128986],[-122.986926,46.128905],[-122.987027,46.128893],[-122.987056,46.128815],[-122.987164,46.128809],[-122.987205,46.128759],[-122.987179,46.128489],[-122.987137,46.128459],[-122.987056,46.128455],[-122.987046,46.128304],[-122.987,46.128278],[-122.986926,46.128275],[-122.986892,46.128194],[-122.986797,46.128185],[-122.986768,46.128108],[-122.986593,46.128098],[-122.986544,46.128129],[-122.986538,46.128185],[-122.98632,46.128192],[-122.986282,46.128224],[-122.986279,46.128275],[-122.986163,46.128299],[-122.986149,46.128365],[-122.985891,46.128365],[-122.985891,46.128185],[-122.985997,46.128169],[-122.98602,46.128095],[-122.986475,46.128094],[-122.986529,46.128067],[-122.986538,46.128005],[-122.986986,46.128005],[-122.987046,46.127977],[-122.987056,46.127915],[-122.987444,46.127915],[-122.987445,46.128502],[-122.987485,46.128539],[-122.987573,46.128545],[-122.987554,46.12868],[-122.987623,46.128725],[-122.987798,46.128716],[-122.987832,46.128635],[-122.988057,46.128626],[-122.988091,46.128545],[-122.988207,46.128521],[-122.988221,46.128455],[-122.988332,46.128436],[-122.98835,46.128366],[-122.988445,46.128363],[-122.988491,46.128336],[-122.988462,46.128205],[-122.98835,46.128185],[-122.988344,46.128129],[-122.988302,46.1281],[-122.988091,46.128095],[-122.988091,46.128005],[-122.98835,46.128005],[-122.988378,46.128083],[-122.988609,46.128096],[-122.988615,46.128152],[-122.988664,46.128183],[-122.988997,46.128186],[-122.98901,46.128252],[-122.989127,46.128276],[-122.989161,46.128356],[-122.989385,46.128366],[-122.989385,46.128635],[-122.988997,46.128635],[-122.988988,46.128574],[-122.988927,46.128546],[-122.988535,46.128548],[-122.988485,46.128579],[-122.988479,46.128635],[-122.988363,46.128659],[-122.98835,46.128725],[-122.988238,46.128745],[-122.98822,46.128815],[-122.987984,46.128831],[-122.987962,46.128869],[-122.987975,46.128971],[-122.988152,46.12902],[-122.98822,46.128996],[-122.98835,46.128996],[-122.988363,46.129061],[-122.988427,46.129085],[-122.988574,46.129076],[-122.988609,46.128996],[-122.988868,46.128996],[-122.988868,46.129085],[-122.988767,46.129098],[-122.988738,46.129175],[-122.98865,46.129182],[-122.98861,46.129219],[-122.988622,46.129331],[-122.988738,46.129356],[-122.988751,46.129512],[-122.988808,46.129535],[-122.989385,46.129536],[-122.989398,46.129782],[-122.989455,46.129805],[-122.989644,46.129806],[-122.98965,46.129862],[-122.989692,46.129891],[-122.989841,46.129895],[-122.989897,46.129862],[-122.989903,46.129536],[-122.990032,46.129536],[-122.990055,46.12961],[-122.990162,46.129626],[-122.990168,46.129772],[-122.99021,46.129802],[-122.990291,46.129806],[-122.990297,46.129876],[-122.990352,46.129908],[-122.990632,46.129892],[-122.990674,46.129862],[-122.99068,46.129806],[-122.990796,46.129782],[-122.990809,46.129716],[-122.990939,46.129716],[-122.990939,46.129896],[-122.990827,46.129915],[-122.990777,46.130044],[-122.990828,46.130089],[-122.990885,46.130099],[-122.99104,46.130063],[-122.991068,46.129986],[-122.991197,46.129986],[-122.991197,46.130166],[-122.991009,46.130166],[-122.990956,46.130185],[-122.990939,46.130387],[-122.990994,46.130433],[-122.991197,46.130436],[-122.991207,46.130587],[-122.991253,46.130613],[-122.991327,46.130616],[-122.991327,46.130796],[-122.990872,46.130797],[-122.990818,46.130824],[-122.990809,46.130886],[-122.99068,46.130886],[-122.990699,46.130756],[-122.990666,46.130715],[-122.990428,46.130718],[-122.990401,46.130762],[-122.990421,46.131066],[-122.99032,46.131078],[-122.990291,46.131156],[-122.99019,46.131168],[-122.990162,46.131246],[-122.990061,46.131258],[-122.990032,46.131336],[-122.989931,46.131348],[-122.989903,46.131426],[-122.989808,46.131435],[-122.989773,46.131516],[-122.989661,46.131535],[-122.989657,46.131672],[-122.989773,46.131696],[-122.989779,46.131752],[-122.989821,46.131782],[-122.989991,46.131779],[-122.990029,46.131747],[-122.990032,46.131696],[-122.990149,46.131672],[-122.990162,46.131606],[-122.990273,46.131586],[-122.990291,46.131516],[-122.990403,46.131496],[-122.990421,46.131426],[-122.990632,46.131422],[-122.990674,46.131392],[-122.99068,46.131336],[-122.990883,46.131333],[-122.990932,46.131302],[-122.990938,46.131246],[-122.991169,46.131233],[-122.991197,46.131197],[-122.991197,46.131066],[-122.991304,46.13105],[-122.991327,46.130976],[-122.991516,46.130976],[-122.991573,46.130952],[-122.991586,46.130796],[-122.991845,46.130796],[-122.991867,46.13096],[-122.992103,46.130976],[-122.992103,46.131156],[-122.992015,46.131162],[-122.991976,46.131199],[-122.99198,46.131392],[-122.992022,46.131422],[-122.992103,46.131426],[-122.992138,46.131507],[-122.992233,46.131516],[-122.992233,46.131606],[-122.992024,46.131606],[-122.991971,46.131626],[-122.991977,46.131747],[-122.992022,46.131782],[-122.992103,46.131786],[-122.992121,46.131946],[-122.992233,46.131966],[-122.992267,46.132047],[-122.992362,46.132056],[-122.992364,46.132282],[-122.992403,46.132319],[-122.992492,46.132326],[-122.992504,46.132585],[-122.992574,46.13261],[-122.992728,46.13258],[-122.992751,46.132326],[-122.99288,46.132326],[-122.992903,46.1324],[-122.993009,46.132416],[-122.993044,46.132497],[-122.993139,46.132506],[-122.993166,46.132597],[-122.993398,46.132596],[-122.993421,46.13267],[-122.993527,46.132686]],[[-122.956517,46.112965],[-122.956465,46.112944],[-122.956408,46.112954],[-122.95637,46.112996],[-122.956386,46.113037],[-122.956439,46.113057],[-122.956511,46.113045],[-122.956538,46.113007],[-122.956517,46.112965]],[[-122.958069,46.116478],[-122.958086,46.116248],[-122.958042,46.116212],[-122.957743,46.116209],[-122.95769,46.116237],[-122.957681,46.116298],[-122.957321,46.11631],[-122.957293,46.116347],[-122.957292,46.116478],[-122.956939,46.116487],[-122.956906,46.116521],[-122.956906,46.116614],[-122.956945,46.116651],[-122.957033,46.116658],[-122.957046,46.116814],[-122.957103,46.116838],[-122.957244,46.116834],[-122.957286,46.116805],[-122.957292,46.116748],[-122.958034,46.116739],[-122.958069,46.116658],[-122.958157,46.116652],[-122.958198,46.116609],[-122.958185,46.116502],[-122.958069,46.116478]],[[-122.957419,46.112034],[-122.957444,46.111933],[-122.957405,46.111894],[-122.957214,46.111892],[-122.957168,46.111931],[-122.957172,46.112048],[-122.957234,46.112081],[-122.957377,46.112064],[-122.957419,46.112034]],[[-122.957346,46.114498],[-122.957422,46.114454],[-122.95742,46.114266],[-122.957368,46.11423],[-122.95722,46.11423],[-122.957166,46.114271],[-122.957168,46.114459],[-122.95722,46.114495],[-122.957346,46.114498]],[[-122.957573,46.112833],[-122.957531,46.112714],[-122.957379,46.112675],[-122.957314,46.112684],[-122.957263,46.11273],[-122.957301,46.112844],[-122.95735,46.112875],[-122.95754,46.112868],[-122.957573,46.112833]],[[-122.957811,46.114858],[-122.9579,46.114852],[-122.957939,46.114815],[-122.957938,46.114446],[-122.957879,46.114409],[-122.957608,46.11441],[-122.957553,46.114457],[-122.957556,46.11491],[-122.957608,46.114946],[-122.957758,46.114959],[-122.957806,46.114928],[-122.957811,46.114858]],[[-122.957992,46.116028],[-122.958066,46.11599],[-122.958052,46.115868],[-122.95794,46.115848],[-122.957934,46.115778],[-122.957887,46.115747],[-122.957689,46.115771],[-122.957661,46.115814],[-122.957699,46.116008],[-122.957751,46.116028],[-122.957992,46.116028]],[[-122.958849,46.112019],[-122.958821,46.111977],[-122.958766,46.111965],[-122.958618,46.111991],[-122.95859,46.112068],[-122.958331,46.112068],[-122.95827,46.112044],[-122.958202,46.112068],[-122.958072,46.112068],[-122.958076,46.111729],[-122.958015,46.111708],[-122.957713,46.11172],[-122.957665,46.111843],[-122.957712,46.111884],[-122.957814,46.111888],[-122.957813,46.111978],[-122.957779,46.112026],[-122.957813,46.112068],[-122.957817,46.11221],[-122.957861,46.112244],[-122.957943,46.112248],[-122.957943,46.112338],[-122.957836,46.112354],[-122.957781,46.11246],[-122.957831,46.112588],[-122.957942,46.112608],[-122.957948,46.112665],[-122.957997,46.112696],[-122.958302,46.112686],[-122.95833,46.112649],[-122.958331,46.112428],[-122.958432,46.112416],[-122.95846,46.112338],[-122.958561,46.112326],[-122.95859,46.112248],[-122.958685,46.112239],[-122.958719,46.112158],[-122.958831,46.112139],[-122.958849,46.112019]],[[-122.957928,46.115062],[-122.957735,46.115027],[-122.957685,46.115063],[-122.957683,46.115188],[-122.957742,46.11523],[-122.957893,46.115214],[-122.957939,46.115175],[-122.957928,46.115062]],[[-122.958473,46.118689],[-122.958438,46.118568],[-122.958326,46.118548],[-122.958313,46.118482],[-122.958197,46.118458],[-122.958162,46.118377],[-122.957938,46.118368],[-122.957932,46.118311],[-122.957883,46.11828],[-122.957754,46.118264],[-122.957692,46.118289],[-122.957692,46.118434],[-122.957808,46.118458],[-122.957843,46.118539],[-122.957938,46.118548],[-122.957966,46.118626],[-122.958067,46.118638],[-122.958102,46.118719],[-122.958421,46.118726],[-122.958473,46.118689]],[[-122.958073,46.110758],[-122.958006,46.110705],[-122.957828,46.110742],[-122.957815,46.110939],[-122.957849,46.110979],[-122.957998,46.111002],[-122.958061,46.110977],[-122.958073,46.110758]],[[-122.959751,46.118188],[-122.959753,46.118119],[-122.9597,46.118099],[-122.959632,46.11811],[-122.959612,46.118037],[-122.959558,46.11801],[-122.958715,46.118008],[-122.958706,46.117677],[-122.958653,46.117649],[-122.958456,46.117647],[-122.958456,46.117558],[-122.958653,46.117557],[-122.958706,46.11753],[-122.958707,46.117304],[-122.95864,46.117275],[-122.958584,46.117288],[-122.958273,46.117274],[-122.958215,46.117295],[-122.958198,46.11769],[-122.958238,46.117732],[-122.958327,46.117738],[-122.958327,46.118134],[-122.958355,46.118176],[-122.958517,46.118212],[-122.958587,46.118188],[-122.95961,46.118178],[-122.959689,46.118213],[-122.959751,46.118188]],[[-122.958607,46.111578],[-122.958568,46.111364],[-122.958389,46.111348],[-122.958334,46.111365],[-122.958312,46.111404],[-122.958354,46.111602],[-122.958563,46.111614],[-122.958607,46.111578]],[[-122.961115,46.116839],[-122.96138,46.11685],[-122.961432,46.116809],[-122.961424,46.116688],[-122.961379,46.116662],[-122.961304,46.116658],[-122.961304,46.116569],[-122.961386,46.116565],[-122.96143,46.116531],[-122.961421,46.116413],[-122.961305,46.116389],[-122.96127,46.116308],[-122.961175,46.116299],[-122.961172,46.116234],[-122.961136,46.116202],[-122.960916,46.116209],[-122.960894,46.116135],[-122.960787,46.116119],[-122.960764,46.116045],[-122.960658,46.116029],[-122.960635,46.115955],[-122.960528,46.115939],[-122.960506,46.115865],[-122.960399,46.115849],[-122.960376,46.115775],[-122.96027,46.115759],[-122.960252,46.115689],[-122.96014,46.115669],[-122.960123,46.115599],[-122.960011,46.115579],[-122.959993,46.115509],[-122.959882,46.115489],[-122.959864,46.115419],[-122.959752,46.115399],[-122.959739,46.115333],[-122.959623,46.115309],[-122.959588,46.115228],[-122.959163,46.115219],[-122.959107,46.115235],[-122.959085,46.115274],[-122.959108,46.11536],[-122.959153,46.115394],[-122.959234,46.115399],[-122.959234,46.115488],[-122.959105,46.115488],[-122.959096,46.115427],[-122.959035,46.115399],[-122.958399,46.115399],[-122.958342,46.115422],[-122.958314,46.115544],[-122.958363,46.115576],[-122.958458,46.115578],[-122.958464,46.115725],[-122.958506,46.115754],[-122.958587,46.115758],[-122.958589,46.115895],[-122.958642,46.115936],[-122.958813,46.115943],[-122.958846,46.115848],[-122.958953,46.115833],[-122.958975,46.115759],[-122.959193,46.115752],[-122.959231,46.11572],[-122.959234,46.115669],[-122.959364,46.115669],[-122.959381,46.115739],[-122.959493,46.115759],[-122.959502,46.11582],[-122.959555,46.115848],[-122.959704,46.115845],[-122.959746,46.115815],[-122.959752,46.115759],[-122.959881,46.115759],[-122.959904,46.115833],[-122.960011,46.115849],[-122.960024,46.115915],[-122.96014,46.115939],[-122.960168,46.116017],[-122.960269,46.116029],[-122.960269,46.116119],[-122.960235,46.116167],[-122.960292,46.116283],[-122.960347,46.116299],[-122.960787,46.116299],[-122.96081,46.116373],[-122.960916,46.116389],[-122.960884,46.116537],[-122.960939,46.116643],[-122.961045,46.116659],[-122.961058,46.116815],[-122.961115,46.116839]],[[-122.958849,46.116207],[-122.95888,46.116155],[-122.958806,46.116022],[-122.95852,46.116029],[-122.958467,46.116057],[-122.958425,46.116177],[-122.95848,46.116282],[-122.958587,46.116298],[-122.958587,46.11652],[-122.958634,46.116564],[-122.958783,46.116567],[-122.958839,46.116535],[-122.958849,46.116207]],[[-122.959413,46.119179],[-122.959489,46.119135],[-122.959489,46.119042],[-122.959456,46.119008],[-122.959232,46.118999],[-122.959219,46.118933],[-122.959103,46.118909],[-122.959074,46.118831],[-122.958844,46.118818],[-122.958838,46.118762],[-122.958796,46.118733],[-122.958531,46.118715],[-122.958468,46.118739],[-122.958456,46.11886],[-122.95849,46.118899],[-122.958714,46.118908],[-122.95872,46.118965],[-122.958769,46.118996],[-122.958973,46.118999],[-122.958986,46.119065],[-122.959102,46.119089],[-122.959108,46.119145],[-122.95915,46.119174],[-122.959413,46.119179]],[[-122.959766,46.117164],[-122.959738,46.116953],[-122.959575,46.116915],[-122.959501,46.116944],[-122.959492,46.117019],[-122.958661,46.117005],[-122.958587,46.117053],[-122.958589,46.117174],[-122.958661,46.117212],[-122.959701,46.117198],[-122.959766,46.117164]],[[-122.9599,46.116344],[-122.959868,46.116233],[-122.959752,46.116209],[-122.959746,46.116152],[-122.959697,46.116121],[-122.959155,46.116119],[-122.959087,46.116158],[-122.95911,46.116265],[-122.95916,46.116296],[-122.959622,46.116299],[-122.959635,46.116365],[-122.9597,46.116389],[-122.959867,46.116379],[-122.9599,46.116344]],[[-122.960517,46.118161],[-122.960546,46.118054],[-122.960506,46.118016],[-122.960268,46.118009],[-122.960199,46.117985],[-122.960138,46.118009],[-122.959914,46.118018],[-122.95986,46.118138],[-122.95993,46.118189],[-122.960457,46.118189],[-122.960517,46.118161]],[[-122.960322,46.115309],[-122.960396,46.115271],[-122.96039,46.115157],[-122.960224,46.115106],[-122.960165,46.115112],[-122.960106,46.115171],[-122.96015,46.11528],[-122.960203,46.115308],[-122.960322,46.115309]],[[-122.960673,46.118869],[-122.960634,46.118642],[-122.960573,46.118625],[-122.96042,46.118655],[-122.960362,46.118771],[-122.960419,46.118893],[-122.960628,46.118905],[-122.960673,46.118869]],[[-122.960581,46.114589],[-122.960655,46.114551],[-122.96065,46.114438],[-122.960596,46.11441],[-122.960441,46.114415],[-122.960401,46.114452],[-122.960409,46.11456],[-122.960462,46.114588],[-122.960581,46.114589]],[[-122.960783,46.116634],[-122.960804,46.116519],[-122.960752,46.116482],[-122.96057,46.11648],[-122.960511,46.116519],[-122.960534,46.116626],[-122.960583,46.116657],[-122.960747,46.116666],[-122.960783,46.116634]],[[-122.961189,46.117165],[-122.961146,46.117032],[-122.960969,46.116996],[-122.960804,46.117039],[-122.960767,46.117154],[-122.960828,46.117198],[-122.961132,46.117198],[-122.961189,46.117165]],[[-122.961688,46.114736],[-122.961729,46.114632],[-122.961694,46.114589],[-122.961694,46.114499],[-122.961789,46.11449],[-122.961823,46.114445],[-122.96181,46.114343],[-122.961694,46.114319],[-122.961702,46.114164],[-122.961644,46.11414],[-122.961435,46.114139],[-122.961413,46.114065],[-122.96126,46.114027],[-122.961082,46.114058],[-122.961047,46.114139],[-122.960931,46.114163],[-122.960898,46.114263],[-122.960938,46.114312],[-122.961047,46.114319],[-122.96106,46.114565],[-122.961109,46.114588],[-122.961251,46.114587],[-122.9613,46.114556],[-122.961306,46.114499],[-122.961435,46.114499],[-122.961458,46.114753],[-122.961646,46.114765],[-122.961688,46.114736]],[[-122.962079,46.11895],[-122.962019,46.118897],[-122.96182,46.118909],[-122.961811,46.118668],[-122.961758,46.118641],[-122.96161,46.118644],[-122.961563,46.118683],[-122.961561,46.118819],[-122.961473,46.118826],[-122.961434,46.118863],[-122.961438,46.119146],[-122.961502,46.119179],[-122.961902,46.119175],[-122.961944,46.119146],[-122.96195,46.11909],[-122.962024,46.119087],[-122.96207,46.119061],[-122.962079,46.11895]],[[-122.96208,46.11792],[-122.962077,46.117854],[-122.96204,46.117823],[-122.961862,46.117836],[-122.961824,46.117868],[-122.961821,46.117919],[-122.961747,46.117922],[-122.961701,46.117948],[-122.961701,46.118071],[-122.961754,46.118098],[-122.96195,46.1181],[-122.962011,46.118124],[-122.962168,46.118093],[-122.962208,46.118056],[-122.962206,46.117958],[-122.962161,46.117924],[-122.96208,46.11792]],[[-122.961875,46.115399],[-122.961951,46.115356],[-122.961949,46.115168],[-122.961897,46.115132],[-122.961749,46.115132],[-122.961695,46.115173],[-122.961697,46.115361],[-122.961748,46.115397],[-122.961875,46.115399]],[[-122.968033,46.118101],[-122.968115,46.118097],[-122.968157,46.118068],[-122.96814,46.117937],[-122.968085,46.117921],[-122.967785,46.117932],[-122.967752,46.117847],[-122.967645,46.117831],[-122.967632,46.117675],[-122.967516,46.117651],[-122.967493,46.117487],[-122.967257,46.117471],[-122.967239,46.117311],[-122.967128,46.117291],[-122.96711,46.117221],[-122.966998,46.117201],[-122.966985,46.117135],[-122.966869,46.117111],[-122.966834,46.11703],[-122.96661,46.117021],[-122.96661,46.11689],[-122.966582,46.116853],[-122.966351,46.116841],[-122.966352,46.116751],[-122.966386,46.116703],[-122.966352,46.116661],[-122.966343,46.116329],[-122.966297,46.116303],[-122.966222,46.116301],[-122.966188,46.11622],[-122.966093,46.116211],[-122.96609,46.116159],[-122.966052,46.116127],[-122.965834,46.116121],[-122.965821,46.116055],[-122.965705,46.116031],[-122.965701,46.115979],[-122.965664,46.115947],[-122.965187,46.11594],[-122.965181,46.115884],[-122.965132,46.115853],[-122.964799,46.11585],[-122.964796,46.115799],[-122.964758,46.115767],[-122.96454,46.11576],[-122.964527,46.115694],[-122.964411,46.11567],[-122.964408,46.115619],[-122.96437,46.115587],[-122.964023,46.11558],[-122.96401,46.115514],[-122.963893,46.11549],[-122.96389,46.115438],[-122.963852,46.115406],[-122.963505,46.1154],[-122.963502,46.115348],[-122.963464,46.115316],[-122.963246,46.11531],[-122.963185,46.115286],[-122.963117,46.11531],[-122.96277,46.115316],[-122.962732,46.115348],[-122.962729,46.1154],[-122.962654,46.115402],[-122.962608,46.115428],[-122.962599,46.11558],[-122.962492,46.115595],[-122.96247,46.11567],[-122.962266,46.115672],[-122.962217,46.115703],[-122.962211,46.11576],[-122.962014,46.115761],[-122.961961,46.115788],[-122.961952,46.115939],[-122.961863,46.115946],[-122.961824,46.115983],[-122.961822,46.116245],[-122.961857,46.11629],[-122.961951,46.1163],[-122.961974,46.116464],[-122.962081,46.11648],[-122.962098,46.11655],[-122.96221,46.11657],[-122.962223,46.116636],[-122.962339,46.11666],[-122.962374,46.116741],[-122.962598,46.11675],[-122.962616,46.11682],[-122.962728,46.11684],[-122.962745,46.11691],[-122.962857,46.11693],[-122.96287,46.116996],[-122.962986,46.11702],[-122.963021,46.117101],[-122.963245,46.11711],[-122.963263,46.11718],[-122.963374,46.1172],[-122.963392,46.11727],[-122.963504,46.11729],[-122.963517,46.117356],[-122.963633,46.11738],[-122.963668,46.117461],[-122.964021,46.11747],[-122.964025,46.117612],[-122.964069,46.117646],[-122.964151,46.11765],[-122.964164,46.117806],[-122.96428,46.11783],[-122.964315,46.117911],[-122.964409,46.11792],[-122.964438,46.117998],[-122.964539,46.11801],[-122.964567,46.118088],[-122.964668,46.1181],[-122.964696,46.118178],[-122.964797,46.118191],[-122.96482,46.118265],[-122.964988,46.118305],[-122.965056,46.118281],[-122.965315,46.118281],[-122.965333,46.118351],[-122.965444,46.118371],[-122.965462,46.118441],[-122.965574,46.118461],[-122.965587,46.118527],[-122.965703,46.118551],[-122.965707,46.118602],[-122.965744,46.118634],[-122.96641,46.118641],[-122.966471,46.118612],[-122.96648,46.118551],[-122.966698,46.118545],[-122.966735,46.118513],[-122.966739,46.118461],[-122.96682,46.118457],[-122.966865,46.118423],[-122.966862,46.118224],[-122.96682,46.118195],[-122.966739,46.118191],[-122.966733,46.118134],[-122.966691,46.118105],[-122.96648,46.118101],[-122.966457,46.117937],[-122.966351,46.117921],[-122.966333,46.117851],[-122.966221,46.117831],[-122.966208,46.117765],[-122.966092,46.117741],[-122.966058,46.11766],[-122.965833,46.117651],[-122.965816,46.11758],[-122.965704,46.117561],[-122.965686,46.11749],[-122.965575,46.117471],[-122.965557,46.1174],[-122.965445,46.117381],[-122.965432,46.117315],[-122.965316,46.117291],[-122.965281,46.11721],[-122.964798,46.1172],[-122.964781,46.11695],[-122.964669,46.11693],[-122.964651,46.11686],[-122.96454,46.11684],[-122.964526,46.116774],[-122.96441,46.11675],[-122.964376,46.116669],[-122.964151,46.11666],[-122.964152,46.11657],[-122.964258,46.116554],[-122.964281,46.11648],[-122.96441,46.11648],[-122.964433,46.116644],[-122.96454,46.11666],[-122.964557,46.116731],[-122.964669,46.11675],[-122.964682,46.116816],[-122.964798,46.11684],[-122.964833,46.116921],[-122.965057,46.116931],[-122.965075,46.117001],[-122.965186,46.117021],[-122.965221,46.117101],[-122.965316,46.117111],[-122.965344,46.117188],[-122.965445,46.117201],[-122.965474,46.117278],[-122.965833,46.117291],[-122.965851,46.117451],[-122.965963,46.117471],[-122.965985,46.117545],[-122.966092,46.117561],[-122.966115,46.117635],[-122.966221,46.117651],[-122.966244,46.117725],[-122.966351,46.117741],[-122.966368,46.117811],[-122.96648,46.117831],[-122.966498,46.117901],[-122.966609,46.117921],[-122.966627,46.117991],[-122.966739,46.118011],[-122.966757,46.118081],[-122.966868,46.118101],[-122.966881,46.118167],[-122.966998,46.118191],[-122.967032,46.118272],[-122.967351,46.118272],[-122.967386,46.118191],[-122.967502,46.118167],[-122.967515,46.118101],[-122.967627,46.118082],[-122.967645,46.118011],[-122.967774,46.118011],[-122.967774,46.118101],[-122.967686,46.118108],[-122.967646,46.118145],[-122.967648,46.118243],[-122.9677,46.118279],[-122.967875,46.118269],[-122.967904,46.118191],[-122.96802,46.118167],[-122.968033,46.118101]],[[-122.96221,46.11729],[-122.962291,46.117286],[-122.962336,46.117251],[-122.962336,46.117148],[-122.962284,46.117112],[-122.962121,46.117116],[-122.962084,46.117148],[-122.96208,46.117199],[-122.961978,46.117204],[-122.961934,46.117239],[-122.961957,46.117346],[-122.962006,46.117377],[-122.96217,46.117386],[-122.962206,46.117355],[-122.96221,46.11729]],[[-122.962485,46.120575],[-122.962444,46.120366],[-122.962389,46.12035],[-122.96223,46.120365],[-122.962173,46.120482],[-122.962229,46.120617],[-122.96229,46.120633],[-122.962446,46.120613],[-122.962485,46.120575]],[[-122.962638,46.118273],[-122.962918,46.118293],[-122.962973,46.118269],[-122.962984,46.118143],[-122.962945,46.118106],[-122.962856,46.1181],[-122.962839,46.11794],[-122.962727,46.11792],[-122.962714,46.117764],[-122.962598,46.11774],[-122.962598,46.11765],[-122.962632,46.117602],[-122.962589,46.117498],[-122.962528,46.11747],[-122.962251,46.117476],[-122.96221,46.117518],[-122.96221,46.117781],[-122.96225,46.117823],[-122.962339,46.11783],[-122.962348,46.118071],[-122.962394,46.118097],[-122.962468,46.1181],[-122.962502,46.118181],[-122.962597,46.11819],[-122.962601,46.118241],[-122.962638,46.118273]],[[-122.962383,46.113233],[-122.962533,46.113253],[-122.962588,46.113229],[-122.962599,46.113103],[-122.962553,46.113064],[-122.962402,46.113047],[-122.962345,46.113084],[-122.962343,46.113196],[-122.962383,46.113233]],[[-122.962514,46.121426],[-122.962664,46.121442],[-122.962716,46.121415],[-122.962719,46.121283],[-122.962662,46.121251],[-122.962493,46.121254],[-122.962446,46.1213],[-122.962472,46.121396],[-122.962514,46.121426]],[[-122.962597,46.119089],[-122.962616,46.119045],[-122.962583,46.119009],[-122.96251,46.119001],[-122.96246,46.119025],[-122.96245,46.119066],[-122.962486,46.119103],[-122.962544,46.119113],[-122.962597,46.119089]],[[-122.962876,46.117335],[-122.962851,46.117233],[-122.962802,46.117202],[-122.962653,46.117202],[-122.962601,46.117238],[-122.962601,46.117341],[-122.962653,46.117377],[-122.962843,46.11737],[-122.962876,46.117335]],[[-122.962859,46.11373],[-122.962832,46.113689],[-122.962777,46.113676],[-122.962715,46.113698],[-122.962695,46.113737],[-122.962721,46.113775],[-122.962784,46.113794],[-122.962842,46.113773],[-122.962859,46.11373]],[[-122.962754,46.119086],[-122.962917,46.119103],[-122.962972,46.119079],[-122.962982,46.118948],[-122.96293,46.118912],[-122.962781,46.118912],[-122.962732,46.118943],[-122.962709,46.11905],[-122.962754,46.119086]],[[-122.96325,46.113508],[-122.963282,46.113462],[-122.96323,46.11335],[-122.963178,46.11333],[-122.96303,46.113336],[-122.96299,46.113373],[-122.962989,46.11351],[-122.962872,46.113534],[-122.962848,46.11366],[-122.962909,46.113689],[-122.963227,46.113683],[-122.963267,46.113639],[-122.96325,46.113508]],[[-122.963298,46.11513],[-122.963374,46.115086],[-122.963373,46.114898],[-122.963321,46.114862],[-122.963172,46.114862],[-122.963119,46.114903],[-122.96312,46.115092],[-122.963172,46.115128],[-122.963298,46.11513]],[[-122.963652,46.117785],[-122.96362,46.117674],[-122.963504,46.11765],[-122.9635,46.117598],[-122.963463,46.117566],[-122.963295,46.11756],[-122.963233,46.11759],[-122.963254,46.117711],[-122.9633,46.117738],[-122.963374,46.11774],[-122.963377,46.117792],[-122.963415,46.117824],[-122.963613,46.117823],[-122.963652,46.117785]],[[-122.963418,46.113864],[-122.963568,46.113883],[-122.963623,46.113859],[-122.963634,46.113733],[-122.963595,46.113696],[-122.963491,46.113682],[-122.963494,46.113611],[-122.963409,46.113588],[-122.963342,46.113642],[-122.963393,46.113698],[-122.963378,46.113826],[-122.963418,46.113864]],[[-122.964075,46.11504],[-122.96413,46.115024],[-122.964152,46.114991],[-122.964144,46.114709],[-122.964083,46.11468],[-122.963805,46.114686],[-122.963768,46.114718],[-122.963764,46.11477],[-122.96369,46.114772],[-122.963644,46.114799],[-122.963644,46.114921],[-122.96369,46.114948],[-122.963764,46.11495],[-122.96377,46.115007],[-122.963812,46.115036],[-122.964075,46.11504]],[[-122.963911,46.117965],[-122.963886,46.117863],[-122.963844,46.117834],[-122.963701,46.117817],[-122.963639,46.11785],[-122.963634,46.117967],[-122.963681,46.118006],[-122.963871,46.118004],[-122.963911,46.117965]],[[-122.963892,46.113958],[-122.963841,46.113936],[-122.963783,46.113947],[-122.963746,46.113989],[-122.963762,46.114029],[-122.963815,46.11405],[-122.963887,46.114037],[-122.963914,46.114],[-122.963892,46.113958]],[[-122.964036,46.121751],[-122.96401,46.121459],[-122.963956,46.121431],[-122.963801,46.121437],[-122.96376,46.121479],[-122.963769,46.121762],[-122.963822,46.121789],[-122.963984,46.121788],[-122.964036,46.121751]],[[-122.964537,46.12107],[-122.964557,46.121031],[-122.964535,46.120997],[-122.964408,46.12098],[-122.964408,46.12071],[-122.964442,46.120663],[-122.964376,46.120601],[-122.96406,46.120627],[-122.964023,46.120659],[-122.964019,46.12071],[-122.963924,46.120719],[-122.96389,46.1208],[-122.963808,46.120804],[-122.963766,46.120834],[-122.963778,46.12096],[-122.96383,46.12098],[-122.964019,46.12098],[-122.964025,46.121037],[-122.964067,46.121066],[-122.964396,46.121059],[-122.964468,46.121095],[-122.964537,46.12107]],[[-122.964299,46.118235],[-122.964267,46.118124],[-122.964151,46.1181],[-122.964116,46.118019],[-122.963967,46.117996],[-122.963904,46.118021],[-122.963898,46.118157],[-122.96394,46.118186],[-122.964021,46.11819],[-122.964054,46.118284],[-122.964259,46.118274],[-122.964299,46.118235]],[[-122.964274,46.121932],[-122.964295,46.12183],[-122.96425,46.121795],[-122.964086,46.121777],[-122.964024,46.12181],[-122.96402,46.121927],[-122.964066,46.121966],[-122.964236,46.121964],[-122.964274,46.121932]],[[-122.965678,46.121775],[-122.965721,46.121661],[-122.965699,46.121627],[-122.965572,46.121611],[-122.965571,46.121474],[-122.965531,46.121437],[-122.965313,46.121431],[-122.965252,46.121407],[-122.965184,46.121431],[-122.965054,46.121431],[-122.965048,46.121374],[-122.965006,46.121345],[-122.964818,46.121356],[-122.964795,46.12161],[-122.964689,46.121626],[-122.964633,46.121732],[-122.964666,46.121791],[-122.964666,46.12188],[-122.964577,46.121887],[-122.964538,46.121924],[-122.964536,46.12206],[-122.964501,46.122103],[-122.964536,46.12215],[-122.964536,46.12224],[-122.96434,46.122241],[-122.964279,46.122284],[-122.96429,46.122396],[-122.964406,46.12242],[-122.964429,46.122585],[-122.964484,46.1226],[-122.964643,46.122585],[-122.964665,46.122511],[-122.964766,46.122498],[-122.964795,46.122421],[-122.964896,46.122408],[-122.964924,46.122331],[-122.965025,46.122318],[-122.965054,46.122241],[-122.965149,46.122232],[-122.965183,46.122151],[-122.965295,46.122131],[-122.965313,46.121971],[-122.965414,46.121958],[-122.965442,46.121881],[-122.965559,46.121857],[-122.965572,46.121791],[-122.965678,46.121775]],[[-122.964717,46.122961],[-122.964791,46.122922],[-122.964777,46.1228],[-122.964665,46.12278],[-122.964659,46.122724],[-122.964617,46.122695],[-122.964435,46.122703],[-122.964407,46.122739],[-122.964424,46.122851],[-122.964536,46.122871],[-122.964539,46.122922],[-122.964577,46.122954],[-122.964717,46.122961]],[[-122.966997,46.120261],[-122.967085,46.120255],[-122.967124,46.120218],[-122.967126,46.12004],[-122.967078,46.119995],[-122.966671,46.119992],[-122.966617,46.12002],[-122.966608,46.120081],[-122.96635,46.120081],[-122.96635,46.119901],[-122.966553,46.119899],[-122.966608,46.119852],[-122.966607,46.119584],[-122.966568,46.119547],[-122.966479,46.119541],[-122.966462,46.119291],[-122.966409,46.119271],[-122.966221,46.119271],[-122.966215,46.119214],[-122.966165,46.119183],[-122.965962,46.119181],[-122.965944,46.119111],[-122.965832,46.119091],[-122.965798,46.11901],[-122.965703,46.119001],[-122.965675,46.118923],[-122.965574,46.118911],[-122.965545,46.118833],[-122.965444,46.118821],[-122.965416,46.118743],[-122.965315,46.118731],[-122.965287,46.118653],[-122.965186,46.118641],[-122.965163,46.118566],[-122.96504,46.118543],[-122.965056,46.118411],[-122.965034,46.118373],[-122.964974,46.118357],[-122.964826,46.118383],[-122.964798,46.118419],[-122.964801,46.118512],[-122.964845,46.118546],[-122.964942,46.118558],[-122.964928,46.118777],[-122.964968,46.118814],[-122.965056,46.118821],[-122.965065,46.118972],[-122.965118,46.119],[-122.965315,46.119001],[-122.965315,46.119091],[-122.965233,46.119095],[-122.965189,46.119129],[-122.965194,46.119255],[-122.96526,46.119284],[-122.965573,46.119271],[-122.965582,46.119602],[-122.965628,46.119628],[-122.965702,46.119631],[-122.965737,46.119712],[-122.965832,46.119721],[-122.965841,46.119872],[-122.965887,46.119898],[-122.965961,46.119901],[-122.965996,46.119982],[-122.966091,46.119991],[-122.966096,46.120138],[-122.966138,46.120167],[-122.96622,46.120171],[-122.966254,46.120252],[-122.966349,46.120261],[-122.966367,46.120421],[-122.966479,46.120441],[-122.966492,46.120507],[-122.966608,46.120531],[-122.966611,46.120583],[-122.966649,46.120615],[-122.966948,46.120617],[-122.966995,46.120578],[-122.966995,46.120485],[-122.966955,46.120448],[-122.966867,46.120441],[-122.966867,46.120351],[-122.966974,46.120335],[-122.966997,46.120261]],[[-122.965314,46.119581],[-122.965254,46.119528],[-122.96509,46.11955],[-122.965056,46.119589],[-122.965068,46.119697],[-122.965224,46.119734],[-122.965281,46.119725],[-122.965313,46.119691],[-122.965314,46.119581]],[[-122.965437,46.120587],[-122.965462,46.120486],[-122.965423,46.120447],[-122.965232,46.120445],[-122.965186,46.120484],[-122.96519,46.120601],[-122.965252,46.120634],[-122.965395,46.120617],[-122.965437,46.120587]],[[-122.965498,46.115581],[-122.965572,46.115542],[-122.965563,46.115425],[-122.965446,46.115401],[-122.965443,46.115349],[-122.965405,46.115317],[-122.965221,46.115306],[-122.965188,46.115345],[-122.965201,46.115557],[-122.965257,46.11558],[-122.965498,46.115581]],[[-122.965702,46.121161],[-122.965783,46.121157],[-122.965828,46.121122],[-122.96583,46.121024],[-122.96579,46.120987],[-122.965363,46.120981],[-122.965302,46.12101],[-122.965323,46.121132],[-122.965368,46.121158],[-122.965443,46.121161],[-122.965446,46.121212],[-122.965484,46.121244],[-122.965661,46.121244],[-122.965698,46.121212],[-122.965702,46.121161]],[[-122.965892,46.120903],[-122.966035,46.120889],[-122.966081,46.120862],[-122.966084,46.120744],[-122.966028,46.120712],[-122.965859,46.120715],[-122.965812,46.120761],[-122.965837,46.120871],[-122.965892,46.120903]],[[-122.966223,46.120532],[-122.966165,46.120517],[-122.966107,46.120537],[-122.966091,46.120586],[-122.966118,46.120622],[-122.96618,46.120634],[-122.966239,46.120608],[-122.966254,46.120568],[-122.966223,46.120532]],[[-122.966424,46.12322],[-122.966231,46.123255],[-122.966219,46.123367],[-122.966266,46.123407],[-122.966416,46.123423],[-122.966475,46.123381],[-122.966474,46.123256],[-122.966424,46.12322]],[[-122.969194,46.125392],[-122.969159,46.125311],[-122.968935,46.125302],[-122.968912,46.125228],[-122.968806,46.125212],[-122.968806,46.125122],[-122.968894,46.125115],[-122.968934,46.125078],[-122.968918,46.124871],[-122.968806,46.124852],[-122.9688,46.124795],[-122.968758,46.124766],[-122.968581,46.124771],[-122.968548,46.124805],[-122.96855,46.124903],[-122.968595,46.124938],[-122.968676,46.124942],[-122.968676,46.125032],[-122.968547,46.125032],[-122.968524,46.124957],[-122.968418,46.124942],[-122.968383,46.124861],[-122.968288,46.124852],[-122.968296,46.124607],[-122.968253,46.124584],[-122.968159,46.124581],[-122.968159,46.124402],[-122.96826,46.124389],[-122.968288,46.124312],[-122.968383,46.124302],[-122.968418,46.124222],[-122.968499,46.124218],[-122.968541,46.124188],[-122.968548,46.123862],[-122.968622,46.123859],[-122.968668,46.123833],[-122.968664,46.123706],[-122.968548,46.123682],[-122.96853,46.123611],[-122.968418,46.123592],[-122.968405,46.123526],[-122.968341,46.123502],[-122.968058,46.123514],[-122.96803,46.12355],[-122.96803,46.123681],[-122.967923,46.123697],[-122.9679,46.123771],[-122.967771,46.123771],[-122.967765,46.123715],[-122.967716,46.123684],[-122.967547,46.12369],[-122.967512,46.123771],[-122.967411,46.123784],[-122.967383,46.123861],[-122.967282,46.123874],[-122.967253,46.123951],[-122.967158,46.12396],[-122.967124,46.124041],[-122.967042,46.124045],[-122.967,46.124075],[-122.966986,46.124196],[-122.967029,46.124219],[-122.967124,46.124223],[-122.967123,46.124401],[-122.967049,46.124404],[-122.967003,46.12443],[-122.967007,46.124557],[-122.967123,46.124581],[-122.967129,46.124638],[-122.967171,46.124667],[-122.967382,46.124671],[-122.967405,46.124746],[-122.967511,46.124761],[-122.967529,46.124832],[-122.967641,46.124851],[-122.967675,46.124932],[-122.96777,46.124942],[-122.967799,46.125019],[-122.9679,46.125032],[-122.967928,46.125109],[-122.968029,46.125122],[-122.968057,46.125199],[-122.968158,46.125212],[-122.968187,46.125289],[-122.968288,46.125302],[-122.968311,46.125376],[-122.968547,46.125392],[-122.968564,46.125462],[-122.968676,46.125482],[-122.968694,46.125552],[-122.968805,46.125572],[-122.968818,46.125638],[-122.968935,46.125662],[-122.968941,46.125718],[-122.968983,46.125748],[-122.969153,46.125745],[-122.96919,46.125714],[-122.969194,46.125662],[-122.969275,46.125658],[-122.969317,46.125629],[-122.969317,46.125425],[-122.969275,46.125396],[-122.969194,46.125392]],[[-122.967548,46.120404],[-122.967497,46.120178],[-122.967439,46.120157],[-122.967296,46.120178],[-122.967259,46.12021],[-122.967255,46.120261],[-122.967174,46.120265],[-122.967129,46.1203],[-122.967135,46.120503],[-122.967196,46.120531],[-122.967473,46.120525],[-122.967548,46.120404]],[[-122.968939,46.118462],[-122.968936,46.11841],[-122.968898,46.118378],[-122.96868,46.118372],[-122.968667,46.118306],[-122.968551,46.118281],[-122.968516,46.118201],[-122.968325,46.118187],[-122.968292,46.118226],[-122.968292,46.118551],[-122.967951,46.118555],[-122.967909,46.118585],[-122.967903,46.118641],[-122.967822,46.118645],[-122.967777,46.11868],[-122.967775,46.118958],[-122.967815,46.118995],[-122.967903,46.119001],[-122.967903,46.119091],[-122.967644,46.119091],[-122.967643,46.118955],[-122.967596,46.118915],[-122.967304,46.118915],[-122.967262,46.118945],[-122.967256,46.119001],[-122.967175,46.119005],[-122.96713,46.119039],[-122.967139,46.119337],[-122.967256,46.119361],[-122.967269,46.119427],[-122.967385,46.119451],[-122.967389,46.119503],[-122.967426,46.119535],[-122.967644,46.119541],[-122.967647,46.119593],[-122.967685,46.119625],[-122.967998,46.119622],[-122.968032,46.119583],[-122.968032,46.119451],[-122.968139,46.119436],[-122.968162,46.119362],[-122.968475,46.119375],[-122.968541,46.119346],[-122.968551,46.118642],[-122.969034,46.118633],[-122.969068,46.118593],[-122.969062,46.118495],[-122.96902,46.118466],[-122.968939,46.118462]],[[-122.967772,46.121701],[-122.967738,46.12162],[-122.967568,46.121614],[-122.967515,46.121655],[-122.967513,46.121791],[-122.967317,46.121792],[-122.967264,46.12182],[-122.967258,46.121933],[-122.967302,46.121967],[-122.967384,46.121971],[-122.967385,46.122108],[-122.967425,46.122145],[-122.967717,46.122149],[-122.967766,46.122118],[-122.967772,46.122061],[-122.967846,46.122059],[-122.967892,46.122033],[-122.967898,46.12174],[-122.967854,46.121706],[-122.967772,46.121701]],[[-122.974114,46.122063],[-122.974096,46.121993],[-122.973985,46.121973],[-122.973975,46.121912],[-122.973922,46.121884],[-122.973774,46.121887],[-122.973732,46.121916],[-122.973726,46.121973],[-122.973596,46.121973],[-122.973574,46.121899],[-122.973467,46.121883],[-122.973454,46.121817],[-122.973338,46.121793],[-122.973309,46.121715],[-122.973208,46.121703],[-122.973191,46.121453],[-122.973138,46.121433],[-122.97295,46.121433],[-122.972944,46.121286],[-122.972902,46.121257],[-122.97282,46.121253],[-122.972786,46.121172],[-122.972561,46.121163],[-122.972561,46.121031],[-122.972533,46.120995],[-122.972173,46.120982],[-122.972156,46.120912],[-122.972044,46.120892],[-122.972031,46.120826],[-122.971914,46.120802],[-122.97188,46.120722],[-122.971666,46.120723],[-122.971633,46.120638],[-122.971526,46.120622],[-122.971525,46.120396],[-122.971485,46.120359],[-122.971397,46.120352],[-122.971379,46.120192],[-122.971268,46.120172],[-122.971262,46.120116],[-122.97122,46.120086],[-122.971009,46.120082],[-122.970991,46.120012],[-122.970879,46.119992],[-122.970862,46.119922],[-122.97075,46.119902],[-122.970732,46.119832],[-122.970621,46.119812],[-122.970608,46.119746],[-122.970491,46.119722],[-122.970485,46.119665],[-122.970436,46.119634],[-122.970308,46.119618],[-122.970254,46.119635],[-122.970232,46.119722],[-122.970151,46.119726],[-122.970109,46.119755],[-122.970103,46.119902],[-122.969996,46.119918],[-122.969973,46.119992],[-122.969484,46.120004],[-122.969456,46.120082],[-122.969374,46.120086],[-122.969332,46.120115],[-122.969326,46.120262],[-122.969219,46.120278],[-122.969197,46.120352],[-122.969067,46.120352],[-122.969067,46.120262],[-122.969149,46.120258],[-122.969193,46.120223],[-122.969197,46.119992],[-122.969229,46.119934],[-122.969174,46.119828],[-122.969068,46.119812],[-122.969068,46.119722],[-122.969102,46.119674],[-122.96905,46.119561],[-122.968938,46.119542],[-122.968932,46.119485],[-122.96889,46.119456],[-122.96872,46.119458],[-122.968683,46.11949],[-122.968679,46.119542],[-122.968584,46.119551],[-122.96855,46.119632],[-122.968476,46.119634],[-122.96843,46.11966],[-122.96842,46.119811],[-122.968325,46.119821],[-122.968291,46.119901],[-122.968175,46.119925],[-122.968161,46.120081],[-122.967965,46.120082],[-122.967904,46.120125],[-122.967883,46.120211],[-122.967923,46.120255],[-122.968291,46.120262],[-122.968291,46.120351],[-122.968209,46.120356],[-122.968165,46.12039],[-122.968161,46.120531],[-122.968066,46.120541],[-122.968032,46.120585],[-122.968033,46.120668],[-122.968066,46.120702],[-122.96829,46.120712],[-122.96829,46.120891],[-122.968032,46.120891],[-122.968023,46.120817],[-122.967956,46.120788],[-122.967801,46.120814],[-122.967773,46.120891],[-122.967514,46.120891],[-122.967505,46.12083],[-122.967444,46.120802],[-122.96731,46.120804],[-122.967258,46.12084],[-122.967272,46.121051],[-122.967325,46.121071],[-122.967514,46.121071],[-122.967531,46.121142],[-122.967643,46.121161],[-122.967656,46.121227],[-122.967772,46.121251],[-122.967776,46.121303],[-122.967813,46.121335],[-122.967976,46.121339],[-122.968025,46.121308],[-122.968031,46.121252],[-122.968159,46.121251],[-122.96817,46.121313],[-122.968223,46.12134],[-122.968678,46.121342],[-122.968701,46.121416],[-122.968808,46.121432],[-122.968842,46.121513],[-122.968937,46.121522],[-122.96892,46.121662],[-122.968964,46.121697],[-122.969066,46.121702],[-122.969047,46.121831],[-122.969094,46.121877],[-122.969392,46.121881],[-122.969445,46.121853],[-122.969455,46.121792],[-122.969672,46.121786],[-122.969712,46.121748],[-122.969714,46.121612],[-122.969925,46.121608],[-122.969967,46.121579],[-122.969973,46.121522],[-122.970079,46.121506],[-122.970119,46.121382],[-122.970075,46.121346],[-122.969973,46.121342],[-122.969973,46.121252],[-122.970067,46.12125],[-122.970114,46.121222],[-122.970102,46.121072],[-122.97023,46.121072],[-122.970254,46.121146],[-122.970361,46.121162],[-122.970378,46.121516],[-122.970436,46.121536],[-122.97062,46.121522],[-122.970637,46.121592],[-122.970749,46.121612],[-122.970784,46.121693],[-122.970878,46.121702],[-122.970907,46.12178],[-122.971008,46.121792],[-122.971036,46.12187],[-122.971209,46.121882],[-122.971265,46.121866],[-122.971286,46.121832],[-122.971267,46.121702],[-122.971301,46.121655],[-122.971267,46.121612],[-122.971258,46.121448],[-122.971199,46.121419],[-122.971008,46.121432],[-122.971007,46.121296],[-122.97096,46.121256],[-122.970818,46.121228],[-122.970749,46.121252],[-122.97062,46.121252],[-122.970617,46.12111],[-122.970572,46.121076],[-122.970491,46.121072],[-122.970491,46.120982],[-122.970708,46.120976],[-122.970746,46.120944],[-122.97075,46.120892],[-122.970879,46.120892],[-122.970948,46.120916],[-122.971008,46.120892],[-122.97124,46.120888],[-122.971287,46.120842],[-122.971267,46.120712],[-122.971397,46.120712],[-122.971431,46.120793],[-122.971645,46.120791],[-122.971678,46.120877],[-122.971785,46.120892],[-122.971785,46.120982],[-122.971703,46.120987],[-122.971659,46.121021],[-122.971668,46.121138],[-122.971725,46.121162],[-122.971914,46.121163],[-122.971927,46.121318],[-122.972043,46.121343],[-122.972078,46.121423],[-122.972173,46.121433],[-122.972201,46.12151],[-122.972302,46.121523],[-122.972331,46.1216],[-122.972432,46.121613],[-122.97246,46.12169],[-122.972561,46.121703],[-122.972567,46.121849],[-122.972609,46.121879],[-122.97269,46.121883],[-122.972725,46.121964],[-122.973079,46.121973],[-122.973096,46.122043],[-122.973208,46.122063],[-122.973226,46.122133],[-122.973337,46.122153],[-122.973355,46.122223],[-122.973467,46.122243],[-122.973476,46.122304],[-122.973537,46.122333],[-122.973807,46.122329],[-122.973849,46.1223],[-122.973855,46.122243],[-122.974209,46.122234],[-122.974243,46.122194],[-122.974238,46.122096],[-122.974195,46.122067],[-122.974114,46.122063]],[[-122.967825,46.120081],[-122.967901,46.120038],[-122.967885,46.119831],[-122.967825,46.119811],[-122.967543,46.119824],[-122.967515,46.11986],[-122.967532,46.119972],[-122.967644,46.119991],[-122.967647,46.120043],[-122.967685,46.120075],[-122.967825,46.120081]],[[-122.968695,46.121662],[-122.968665,46.121546],[-122.968549,46.121522],[-122.968543,46.121465],[-122.968501,46.121436],[-122.968231,46.121432],[-122.968166,46.121465],[-122.96817,46.121583],[-122.968216,46.121609],[-122.96829,46.121612],[-122.968296,46.121668],[-122.968338,46.121697],[-122.968643,46.121699],[-122.968695,46.121662]],[[-122.969977,46.119363],[-122.969956,46.119112],[-122.969845,46.119092],[-122.969839,46.119035],[-122.969797,46.119006],[-122.969586,46.119002],[-122.969568,46.118842],[-122.969516,46.118822],[-122.969327,46.118822],[-122.969321,46.118765],[-122.969279,46.118736],[-122.96898,46.118738],[-122.968942,46.11877],[-122.968939,46.118822],[-122.968844,46.118831],[-122.968809,46.118912],[-122.968728,46.118916],[-122.968686,46.118945],[-122.968697,46.119072],[-122.968809,46.119092],[-122.968844,46.119173],[-122.968938,46.119182],[-122.968967,46.119259],[-122.969068,46.119272],[-122.969096,46.119349],[-122.969197,46.119362],[-122.9692,46.119427],[-122.969243,46.119461],[-122.969715,46.119452],[-122.969749,46.119533],[-122.969911,46.119541],[-122.969964,46.119513],[-122.970006,46.11942],[-122.969977,46.119363]],[[-122.969894,46.122962],[-122.969949,46.122946],[-122.969971,46.122913],[-122.96997,46.122735],[-122.969917,46.122694],[-122.969584,46.122692],[-122.969523,46.122668],[-122.969454,46.122692],[-122.969197,46.122692],[-122.969127,46.122668],[-122.969066,46.122692],[-122.968862,46.122694],[-122.96881,46.12273],[-122.968807,46.122823],[-122.968835,46.122859],[-122.968997,46.122896],[-122.969066,46.122872],[-122.969195,46.122872],[-122.969201,46.122928],[-122.96925,46.122959],[-122.969528,46.12296],[-122.969578,46.122929],[-122.969584,46.122872],[-122.969711,46.122872],[-122.969747,46.122953],[-122.969894,46.122962]],[[-122.969246,46.124762],[-122.96932,46.124724],[-122.969315,46.12461],[-122.969261,46.124583],[-122.969106,46.124588],[-122.969066,46.124625],[-122.969074,46.124733],[-122.969127,46.124761],[-122.969246,46.124762]],[[-122.969634,46.126112],[-122.969708,46.126074],[-122.969702,46.125961],[-122.969649,46.125933],[-122.969493,46.125938],[-122.969454,46.125975],[-122.969461,46.126083],[-122.969515,46.126111],[-122.969634,46.126112]],[[-122.96997,46.125572],[-122.969964,46.125515],[-122.969922,46.125486],[-122.96963,46.125486],[-122.969588,46.125515],[-122.969582,46.125572],[-122.969508,46.125574],[-122.969462,46.1256],[-122.969458,46.125719],[-122.969515,46.125751],[-122.969711,46.125752],[-122.969746,46.125833],[-122.969924,46.125851],[-122.969967,46.125817],[-122.96997,46.125752],[-122.970059,46.125746],[-122.970099,46.125703],[-122.970087,46.125596],[-122.96997,46.125572]],[[-122.971006,46.125032],[-122.971088,46.125028],[-122.971132,46.124994],[-122.971135,46.124811],[-122.971107,46.124775],[-122.970877,46.124762],[-122.970864,46.124696],[-122.970748,46.124672],[-122.970713,46.124591],[-122.970489,46.124582],[-122.970483,46.124525],[-122.970434,46.124494],[-122.97023,46.124492],[-122.970224,46.124435],[-122.970182,46.124406],[-122.969912,46.124402],[-122.969859,46.124422],[-122.969845,46.124544],[-122.969889,46.124578],[-122.969971,46.124582],[-122.969971,46.124672],[-122.969876,46.124674],[-122.969834,46.124697],[-122.969841,46.124852],[-122.969725,46.124876],[-122.969697,46.124997],[-122.969754,46.125031],[-122.969971,46.125032],[-122.969988,46.125102],[-122.9701,46.125122],[-122.970134,46.125203],[-122.970229,46.125212],[-122.970258,46.12529],[-122.970359,46.125302],[-122.970387,46.12538],[-122.970589,46.12538],[-122.970618,46.125302],[-122.970719,46.12529],[-122.970747,46.125212],[-122.970842,46.125203],[-122.970877,46.125122],[-122.970988,46.125103],[-122.971006,46.125032]],[[-122.970231,46.122192],[-122.970204,46.122151],[-122.970148,46.122138],[-122.970087,46.122161],[-122.970067,46.1222],[-122.970093,46.122237],[-122.970156,46.122256],[-122.970214,46.122236],[-122.970231,46.122192]],[[-122.970617,46.12206],[-122.970551,46.122038],[-122.970479,46.122073],[-122.970388,46.122066],[-122.970346,46.122097],[-122.970345,46.122134],[-122.970422,46.122176],[-122.970501,46.122141],[-122.970592,46.122148],[-122.970638,46.122107],[-122.970617,46.12206]],[[-122.971006,46.125842],[-122.970983,46.125768],[-122.970876,46.125752],[-122.970876,46.125621],[-122.970842,46.125581],[-122.970678,46.125548],[-122.970501,46.125596],[-122.970489,46.126069],[-122.970529,46.126106],[-122.970617,46.126112],[-122.970619,46.126262],[-122.970657,46.126299],[-122.970853,46.126276],[-122.970876,46.126112],[-122.970971,46.126103],[-122.971006,46.126022],[-122.97108,46.12602],[-122.971126,46.125994],[-122.971126,46.125871],[-122.97108,46.125845],[-122.971006,46.125842]],[[-122.971524,46.125303],[-122.971605,46.125298],[-122.97165,46.125264],[-122.971644,46.125061],[-122.971591,46.125033],[-122.971394,46.125032],[-122.971318,46.125009],[-122.97117,46.125041],[-122.971135,46.125122],[-122.971019,46.125146],[-122.971006,46.125302],[-122.970972,46.125355],[-122.971034,46.12547],[-122.971212,46.125506],[-122.971371,46.125467],[-122.971394,46.125392],[-122.971511,46.125368],[-122.971524,46.125303]],[[-122.972293,46.122574],[-122.972336,46.122465],[-122.972284,46.122352],[-122.972232,46.122333],[-122.972043,46.122332],[-122.972034,46.122271],[-122.971981,46.122244],[-122.97158,46.122245],[-122.971531,46.122276],[-122.971525,46.122332],[-122.971055,46.122336],[-122.971009,46.122376],[-122.971009,46.122469],[-122.971049,46.122506],[-122.971137,46.122512],[-122.971137,46.122692],[-122.971055,46.122696],[-122.971013,46.122726],[-122.971013,46.122929],[-122.971077,46.122962],[-122.971373,46.122947],[-122.971396,46.122872],[-122.971477,46.122868],[-122.971522,46.122834],[-122.97156,46.12274],[-122.971525,46.122692],[-122.971525,46.122602],[-122.972239,46.122602],[-122.972293,46.122574]],[[-122.971399,46.122061],[-122.97143,46.122025],[-122.971415,46.121985],[-122.971357,46.121959],[-122.971294,46.121971],[-122.971267,46.122007],[-122.971283,46.122056],[-122.971342,46.122076],[-122.971399,46.122061]],[[-122.971648,46.123649],[-122.971673,46.123548],[-122.97164,46.123512],[-122.971441,46.123493],[-122.971397,46.123532],[-122.971401,46.123662],[-122.971463,46.123696],[-122.971606,46.123678],[-122.971648,46.123649]],[[-122.972312,46.123132],[-122.972483,46.123143],[-122.972538,46.123127],[-122.97256,46.123089],[-122.972538,46.122978],[-122.972343,46.122969],[-122.972291,46.123064],[-122.971913,46.123052],[-122.971924,46.122952],[-122.972102,46.122962],[-122.972163,46.122934],[-122.972171,46.122826],[-122.97211,46.122784],[-122.971947,46.122778],[-122.971902,46.122883],[-122.971723,46.122848],[-122.971573,46.122877],[-122.971531,46.122906],[-122.971525,46.122962],[-122.971437,46.122969],[-122.971397,46.123006],[-122.971409,46.123118],[-122.971525,46.123142],[-122.971525,46.123274],[-122.971559,46.123313],[-122.97175,46.123327],[-122.971783,46.123287],[-122.971784,46.123143],[-122.971902,46.123132],[-122.971931,46.123213],[-122.972042,46.123233],[-122.97206,46.123303],[-122.972172,46.123323],[-122.972181,46.123384],[-122.972234,46.123412],[-122.972376,46.12341],[-122.972429,46.123369],[-122.972418,46.123257],[-122.972301,46.123233],[-122.972312,46.123132]],[[-122.971658,46.121971],[-122.971689,46.121935],[-122.971674,46.121895],[-122.971616,46.121869],[-122.971553,46.121881],[-122.971526,46.121917],[-122.971542,46.121966],[-122.971601,46.121986],[-122.971658,46.121971]],[[-122.971819,46.121783],[-122.971983,46.121805],[-122.972034,46.121777],[-122.972034,46.121641],[-122.971988,46.121615],[-122.971914,46.121612],[-122.971911,46.121561],[-122.971873,46.121529],[-122.971696,46.121529],[-122.971657,46.121566],[-122.971664,46.121674],[-122.97171,46.1217],[-122.971784,46.121703],[-122.971819,46.121783]],[[-122.971911,46.127413],[-122.971884,46.127372],[-122.971828,46.127359],[-122.971767,46.127381],[-122.971747,46.12742],[-122.971772,46.127458],[-122.971836,46.127476],[-122.971894,46.127456],[-122.971911,46.127413]],[[-122.97256,46.124133],[-122.972525,46.124052],[-122.972301,46.124043],[-122.972278,46.123968],[-122.972172,46.123953],[-122.972191,46.123823],[-122.972164,46.123785],[-122.97199,46.123773],[-122.97193,46.123792],[-122.971878,46.123905],[-122.971916,46.124004],[-122.971961,46.124038],[-122.972042,46.124043],[-122.972042,46.124133],[-122.972007,46.12418],[-122.972045,46.124274],[-122.97209,46.124308],[-122.972171,46.124313],[-122.9722,46.12439],[-122.972377,46.124414],[-122.972425,46.124383],[-122.97243,46.124313],[-122.972666,46.124297],[-122.972683,46.124166],[-122.972641,46.124137],[-122.97256,46.124133]],[[-122.972088,46.127459],[-122.972239,46.127475],[-122.97229,46.127447],[-122.972293,46.127316],[-122.972237,46.127284],[-122.972068,46.127287],[-122.972021,46.127333],[-122.972046,46.127429],[-122.972088,46.127459]],[[-122.972355,46.12719],[-122.972627,46.127205],[-122.972682,46.127173],[-122.972687,46.127061],[-122.972653,46.127022],[-122.972429,46.127013],[-122.972401,46.126935],[-122.972246,46.126899],[-122.972054,46.126947],[-122.972041,46.127054],[-122.972075,46.127094],[-122.972299,46.127103],[-122.972305,46.127159],[-122.972355,46.12719]],[[-122.972304,46.123771],[-122.972335,46.123735],[-122.972321,46.123695],[-122.972262,46.123669],[-122.972199,46.123682],[-122.972172,46.123718],[-122.972189,46.123766],[-122.972247,46.123786],[-122.972304,46.123771]],[[-122.972428,46.122204],[-122.972449,46.122102],[-122.972404,46.122067],[-122.97224,46.122049],[-122.972178,46.122082],[-122.972174,46.122199],[-122.97222,46.122238],[-122.97239,46.122236],[-122.972428,46.122204]],[[-122.972558,46.127593],[-122.972498,46.12754],[-122.972313,46.127562],[-122.972279,46.127609],[-122.972312,46.127709],[-122.972369,46.127732],[-122.972524,46.127724],[-122.972557,46.127689],[-122.972558,46.127593]],[[-122.972871,46.122963],[-122.972947,46.122919],[-122.972931,46.122712],[-122.972879,46.122693],[-122.972701,46.122704],[-122.972684,46.122636],[-122.972635,46.122605],[-122.97246,46.122615],[-122.972432,46.122651],[-122.972449,46.122763],[-122.972501,46.122782],[-122.972679,46.122772],[-122.972703,46.122939],[-122.972752,46.122962],[-122.972871,46.122963]],[[-122.973596,46.123683],[-122.973573,46.123609],[-122.973466,46.123593],[-122.973453,46.123527],[-122.973337,46.123503],[-122.973308,46.123425],[-122.973207,46.123413],[-122.973207,46.123323],[-122.973302,46.123314],[-122.973337,46.123233],[-122.973449,46.123213],[-122.973466,46.123053],[-122.973555,46.123047],[-122.973595,46.123004],[-122.973587,46.122901],[-122.973541,46.122875],[-122.973467,46.122873],[-122.973444,46.122799],[-122.973263,46.122785],[-122.973214,46.122816],[-122.973208,46.122873],[-122.973133,46.122875],[-122.973087,46.122901],[-122.973078,46.123053],[-122.972977,46.123065],[-122.972949,46.123143],[-122.972854,46.123152],[-122.972819,46.123233],[-122.972707,46.123252],[-122.97269,46.123323],[-122.972583,46.123338],[-122.972528,46.123471],[-122.972573,46.123569],[-122.972689,46.123593],[-122.972718,46.12367],[-122.972948,46.123683],[-122.972971,46.123757],[-122.973078,46.123773],[-122.973079,46.123909],[-122.973133,46.12395],[-122.973411,46.123951],[-122.97346,46.12392],[-122.973466,46.123863],[-122.973696,46.123851],[-122.973725,46.123814],[-122.973719,46.123716],[-122.973677,46.123687],[-122.973596,46.123683]],[[-122.972869,46.126383],[-122.972946,46.126339],[-122.972944,46.126151],[-122.972892,46.126115],[-122.972743,46.126115],[-122.972697,46.126141],[-122.972654,46.12624],[-122.972692,46.126344],[-122.972743,46.12638],[-122.972869,46.126383]],[[-122.973225,46.126788],[-122.9732,46.126686],[-122.973158,46.126657],[-122.972958,46.126664],[-122.972941,46.126596],[-122.972899,46.126567],[-122.972756,46.126549],[-122.972694,46.126583],[-122.972706,46.126723],[-122.972758,46.126743],[-122.972936,46.126732],[-122.972953,46.126799],[-122.972995,46.126829],[-122.973185,46.126826],[-122.973225,46.126788]],[[-122.973095,46.127508],[-122.97307,46.127406],[-122.973028,46.127377],[-122.972885,46.127359],[-122.972823,46.127393],[-122.972819,46.127509],[-122.972865,46.127549],[-122.973055,46.127546],[-122.973095,46.127508]],[[-122.972998,46.128003],[-122.973072,46.127965],[-122.973067,46.127851],[-122.973013,46.127824],[-122.972858,46.127829],[-122.972818,46.127866],[-122.972826,46.127974],[-122.972879,46.128002],[-122.972998,46.128003]],[[-122.973646,46.126653],[-122.973722,46.12661],[-122.973711,46.126407],[-122.973594,46.126383],[-122.973588,46.126326],[-122.973546,46.126297],[-122.97332,46.126285],[-122.973335,46.126162],[-122.973301,46.126122],[-122.97311,46.126109],[-122.973078,46.126143],[-122.973078,46.126249],[-122.973118,46.126286],[-122.973222,46.1263],[-122.973219,46.126449],[-122.973335,46.126473],[-122.97337,46.126554],[-122.973465,46.126563],[-122.973499,46.126644],[-122.973646,46.126653]],[[-122.973724,46.125033],[-122.973813,46.125027],[-122.973853,46.124984],[-122.973845,46.124432],[-122.973792,46.124404],[-122.973466,46.124403],[-122.973405,46.124379],[-122.973248,46.124409],[-122.973208,46.124446],[-122.973207,46.124583],[-122.973125,46.124587],[-122.973081,46.124621],[-122.973086,46.124824],[-122.973132,46.12485],[-122.973207,46.124853],[-122.973224,46.124923],[-122.973336,46.124943],[-122.973349,46.125009],[-122.973465,46.125033],[-122.973471,46.12509],[-122.973513,46.125119],[-122.973683,46.125117],[-122.973721,46.125085],[-122.973724,46.125033]],[[-122.973253,46.127369],[-122.973404,46.127385],[-122.973456,46.127358],[-122.973458,46.127226],[-122.973402,46.127194],[-122.973233,46.127197],[-122.973186,46.127243],[-122.973211,46.12734],[-122.973253,46.127369]],[[-122.973466,46.124223],[-122.973485,46.124178],[-122.973452,46.124142],[-122.973386,46.124133],[-122.973333,46.124153],[-122.973317,46.124194],[-122.973355,46.124236],[-122.973412,46.124246],[-122.973466,46.124223]],[[-122.973872,46.125978],[-122.97384,46.125867],[-122.973724,46.125843],[-122.973721,46.125791],[-122.973683,46.125759],[-122.973515,46.125753],[-122.973454,46.125783],[-122.973474,46.125904],[-122.97352,46.125931],[-122.973594,46.125933],[-122.973598,46.125985],[-122.973635,46.126017],[-122.973833,46.126016],[-122.973872,46.125978]],[[-122.974001,46.127238],[-122.973976,46.127136],[-122.973927,46.127105],[-122.973766,46.127104],[-122.973706,46.127143],[-122.973729,46.12725],[-122.973778,46.127281],[-122.973968,46.127274],[-122.974001,46.127238]],[[-122.973923,46.126293],[-122.974181,46.126306],[-122.974233,46.126278],[-122.974224,46.126133],[-122.974172,46.126113],[-122.973881,46.126112],[-122.973853,46.126153],[-122.973871,46.126273],[-122.973923,46.126293]],[[-122.974115,46.125754],[-122.974058,46.125739],[-122.974,46.12576],[-122.973983,46.125808],[-122.97401,46.125844],[-122.974073,46.125856],[-122.974132,46.12583],[-122.974146,46.12579],[-122.974115,46.125754]],[[-122.974359,46.124019],[-122.974406,46.1239],[-122.974347,46.123847],[-122.974154,46.123869],[-122.974116,46.123901],[-122.974113,46.123953],[-122.974039,46.123955],[-122.973993,46.123982],[-122.973993,46.124104],[-122.974046,46.124132],[-122.974201,46.124127],[-122.974239,46.124095],[-122.974243,46.124043],[-122.974359,46.124019]],[[-122.974503,46.127015],[-122.974491,46.126772],[-122.974438,46.126744],[-122.974282,46.126749],[-122.974207,46.126876],[-122.974241,46.126923],[-122.97425,46.127075],[-122.974296,46.127101],[-122.974462,46.127124],[-122.974532,46.127071],[-122.974503,46.127015]],[[-122.976571,46.126654],[-122.976568,46.126602],[-122.97653,46.12657],[-122.976312,46.126563],[-122.976295,46.126493],[-122.976183,46.126473],[-122.976165,46.126403],[-122.976054,46.126383],[-122.976041,46.126317],[-122.975924,46.126293],[-122.97589,46.126213],[-122.975665,46.126203],[-122.975643,46.126129],[-122.975536,46.126113],[-122.975518,46.126043],[-122.975407,46.126023],[-122.975372,46.125942],[-122.975277,46.125933],[-122.975249,46.125856],[-122.975148,46.125843],[-122.975139,46.125692],[-122.975093,46.125666],[-122.975018,46.125663],[-122.975019,46.125483],[-122.975266,46.125472],[-122.975354,46.125507],[-122.975416,46.125475],[-122.975422,46.125428],[-122.975365,46.125394],[-122.975288,46.125404],[-122.975268,46.125242],[-122.975222,46.125216],[-122.975148,46.125213],[-122.975114,46.125132],[-122.975019,46.125123],[-122.974984,46.125042],[-122.974821,46.125009],[-122.974659,46.125045],[-122.974596,46.125166],[-122.97463,46.125213],[-122.97463,46.125393],[-122.974556,46.125395],[-122.97451,46.125422],[-122.974501,46.125573],[-122.974406,46.125582],[-122.974371,46.125663],[-122.974255,46.125687],[-122.974222,46.125787],[-122.974238,46.125823],[-122.974371,46.125843],[-122.974389,46.125913],[-122.9745,46.125933],[-122.974535,46.126014],[-122.97463,46.126023],[-122.974658,46.126101],[-122.974759,46.126113],[-122.974788,46.126191],[-122.974889,46.126203],[-122.974917,46.126281],[-122.975018,46.126293],[-122.975046,46.126371],[-122.975277,46.126383],[-122.975277,46.126515],[-122.975305,46.126551],[-122.975536,46.126563],[-122.975553,46.126634],[-122.975665,46.126653],[-122.9757,46.126734],[-122.975794,46.126744],[-122.975823,46.126821],[-122.975924,46.126834],[-122.975952,46.126911],[-122.976053,46.126924],[-122.976076,46.126998],[-122.976312,46.127014],[-122.976318,46.12707],[-122.976367,46.127101],[-122.97653,46.127097],[-122.976568,46.127065],[-122.976571,46.127014],[-122.976653,46.12701],[-122.976697,46.126975],[-122.976697,46.126692],[-122.976653,46.126658],[-122.976571,46.126654]],[[-122.974375,46.123594],[-122.974318,46.123579],[-122.97426,46.1236],[-122.974243,46.123648],[-122.97427,46.123684],[-122.974333,46.123696],[-122.974392,46.12367],[-122.974406,46.12363],[-122.974375,46.123594]],[[-122.975538,46.122783],[-122.975612,46.122781],[-122.975658,46.122755],[-122.975654,46.122627],[-122.975597,46.122604],[-122.975408,46.122603],[-122.975395,46.122537],[-122.975279,46.122513],[-122.975273,46.122457],[-122.975231,46.122427],[-122.975061,46.12243],[-122.975023,46.122462],[-122.97502,46.122513],[-122.974772,46.122524],[-122.974752,46.122452],[-122.974698,46.122424],[-122.974443,46.122423],[-122.974379,46.122456],[-122.974373,46.122644],[-122.974421,46.122689],[-122.974584,46.122689],[-122.974626,46.12266],[-122.974632,46.122603],[-122.97475,46.122592],[-122.974767,46.12266],[-122.974816,46.122691],[-122.97502,46.122693],[-122.975081,46.122717],[-122.975149,46.122693],[-122.975279,46.122693],[-122.975278,46.122783],[-122.975245,46.122836],[-122.975332,46.122897],[-122.975509,46.122861],[-122.975538,46.122783]],[[-122.975407,46.124313],[-122.975524,46.124289],[-122.975533,46.124172],[-122.975482,46.124136],[-122.975333,46.124136],[-122.975284,46.124167],[-122.975278,46.124223],[-122.975196,46.124227],[-122.975154,46.124257],[-122.975164,46.124396],[-122.975042,46.124419],[-122.975019,46.124493],[-122.97483,46.124493],[-122.974773,46.124517],[-122.974777,46.124667],[-122.974843,46.124687],[-122.97512,46.124661],[-122.975148,46.124583],[-122.97523,46.124579],[-122.975272,46.12455],[-122.975262,46.124411],[-122.975385,46.124388],[-122.975407,46.124313]],[[-122.97507,46.126833],[-122.975144,46.126795],[-122.975138,46.126682],[-122.975085,46.126654],[-122.97493,46.12666],[-122.97489,46.126697],[-122.974898,46.126805],[-122.974951,46.126832],[-122.97507,46.126833]],[[-122.97517,46.127628],[-122.975475,46.127656],[-122.97553,46.127623],[-122.975513,46.127479],[-122.975205,46.127463],[-122.975149,46.12748],[-122.975128,46.127525],[-122.97517,46.127628]],[[-122.975425,46.126968],[-122.9754,46.126867],[-122.975351,46.126836],[-122.975202,46.126836],[-122.975151,46.126872],[-122.975151,46.126975],[-122.975202,46.127011],[-122.975392,46.127004],[-122.975425,46.126968]],[[-122.975877,46.124678],[-122.975719,46.12465],[-122.97555,46.124697],[-122.975536,46.124853],[-122.975448,46.12486],[-122.975409,46.124897],[-122.975408,46.125003],[-122.97544,46.125037],[-122.975747,46.125029],[-122.975789,46.125],[-122.975795,46.124943],[-122.975912,46.124919],[-122.975922,46.124712],[-122.975877,46.124678]],[[-122.975956,46.127972],[-122.975901,46.127839],[-122.975794,46.127823],[-122.975771,46.127659],[-122.975593,46.127643],[-122.975537,46.12766],[-122.975515,46.127699],[-122.975539,46.127875],[-122.975583,46.127909],[-122.975665,46.127914],[-122.975687,46.127988],[-122.975892,46.128022],[-122.975956,46.127972]],[[-122.976107,46.123143],[-122.976183,46.1231],[-122.976167,46.122893],[-122.976055,46.122873],[-122.976049,46.122817],[-122.976,46.122786],[-122.975695,46.122796],[-122.975667,46.122832],[-122.975684,46.122944],[-122.975796,46.122963],[-122.975809,46.123029],[-122.975926,46.123053],[-122.97596,46.123134],[-122.976107,46.123143]],[[-122.975972,46.127459],[-122.976115,46.127477],[-122.97617,46.127453],[-122.976179,46.127322],[-122.976128,46.127286],[-122.975979,46.127286],[-122.975927,46.127322],[-122.975927,46.127425],[-122.975972,46.127459]],[[-122.977996,46.125034],[-122.978084,46.125028],[-122.978124,46.12499],[-122.978125,46.124723],[-122.978091,46.124683],[-122.97767,46.124675],[-122.977617,46.124702],[-122.977607,46.124764],[-122.977349,46.124764],[-122.977349,46.124674],[-122.97756,46.12467],[-122.977602,46.12464],[-122.977608,46.124584],[-122.977719,46.124564],[-122.977737,46.124458],[-122.977703,46.124413],[-122.977608,46.124404],[-122.977579,46.124326],[-122.977478,46.124314],[-122.977472,46.124167],[-122.97743,46.124138],[-122.977349,46.124134],[-122.977321,46.124056],[-122.976961,46.124044],[-122.9769,46.12402],[-122.976831,46.124044],[-122.976702,46.124044],[-122.976696,46.123987],[-122.976647,46.123956],[-122.976314,46.123953],[-122.976304,46.123892],[-122.976251,46.123865],[-122.976105,46.123864],[-122.976051,46.123884],[-122.976035,46.123925],[-122.976077,46.124028],[-122.976184,46.124044],[-122.976197,46.124109],[-122.976313,46.124134],[-122.976317,46.124185],[-122.976354,46.124217],[-122.976572,46.124224],[-122.976578,46.12428],[-122.97662,46.124309],[-122.97679,46.124307],[-122.976828,46.124275],[-122.976831,46.124224],[-122.97709,46.124224],[-122.97709,46.124494],[-122.977055,46.124536],[-122.97709,46.124584],[-122.97709,46.124674],[-122.976995,46.124683],[-122.97696,46.124764],[-122.976849,46.124783],[-122.976831,46.124895],[-122.976872,46.124937],[-122.97696,46.124944],[-122.976989,46.125021],[-122.97709,46.125034],[-122.977118,46.125111],[-122.977219,46.125124],[-122.977247,46.125201],[-122.977443,46.125205],[-122.977478,46.125165],[-122.977478,46.125034],[-122.977606,46.125034],[-122.977624,46.125207],[-122.977682,46.125228],[-122.977811,46.125212],[-122.97786,46.125181],[-122.977866,46.125124],[-122.977983,46.1251],[-122.977996,46.125034]],[[-122.976589,46.125084],[-122.976569,46.124982],[-122.976531,46.12495],[-122.976313,46.124943],[-122.97626,46.12492],[-122.976095,46.12495],[-122.976055,46.124992],[-122.97606,46.12509],[-122.976124,46.125123],[-122.976537,46.125121],[-122.976589,46.125084]],[[-122.976523,46.128008],[-122.976365,46.12798],[-122.976191,46.128032],[-122.976182,46.128184],[-122.976148,46.128231],[-122.976207,46.12829],[-122.9764,46.128267],[-122.976438,46.128235],[-122.976441,46.128184],[-122.976515,46.128181],[-122.976561,46.128155],[-122.976561,46.128032],[-122.976523,46.128008]],[[-122.97659,46.126159],[-122.976566,46.126044],[-122.976511,46.126011],[-122.976347,46.126026],[-122.976295,46.126063],[-122.976318,46.12617],[-122.976368,46.126201],[-122.976558,46.126194],[-122.97659,46.126159]],[[-122.976558,46.127668],[-122.976365,46.127633],[-122.976315,46.127668],[-122.976313,46.127794],[-122.976372,46.127836],[-122.976523,46.12782],[-122.976569,46.12778],[-122.976558,46.127668]],[[-122.976493,46.128724],[-122.976569,46.12868],[-122.976567,46.128492],[-122.976515,46.128456],[-122.976367,46.128456],[-122.976313,46.128497],[-122.976315,46.128685],[-122.976367,46.128721],[-122.976493,46.128724]],[[-122.976704,46.126205],[-122.976647,46.12619],[-122.976588,46.12621],[-122.976572,46.126259],[-122.976599,46.126295],[-122.976661,46.126307],[-122.97672,46.126281],[-122.976735,46.126241],[-122.976704,46.126205]],[[-122.976593,46.127988],[-122.976899,46.128016],[-122.976953,46.127984],[-122.976936,46.12784],[-122.976881,46.127824],[-122.976593,46.127839],[-122.976571,46.127878],[-122.976593,46.127988]],[[-122.976978,46.128409],[-122.976953,46.128307],[-122.976904,46.128276],[-122.976755,46.128276],[-122.976703,46.128312],[-122.976703,46.128415],[-122.976755,46.128451],[-122.976945,46.128444],[-122.976978,46.128409]],[[-122.976742,46.125387],[-122.976892,46.125407],[-122.976948,46.125383],[-122.976959,46.125257],[-122.976912,46.125218],[-122.976762,46.125201],[-122.976704,46.125238],[-122.976703,46.12535],[-122.976742,46.125387]],[[-122.9774,46.126294],[-122.977476,46.12625],[-122.977476,46.126157],[-122.977443,46.126123],[-122.977219,46.126114],[-122.97719,46.126036],[-122.977036,46.126],[-122.976843,46.126048],[-122.976831,46.126155],[-122.976865,46.126195],[-122.977089,46.126204],[-122.977095,46.12626],[-122.977144,46.126291],[-122.9774,46.126294]],[[-122.97714,46.128184],[-122.977214,46.128145],[-122.977205,46.128028],[-122.977148,46.128004],[-122.976973,46.128013],[-122.976939,46.12806],[-122.976972,46.12816],[-122.977021,46.128183],[-122.97714,46.128184]],[[-122.977609,46.127282],[-122.977641,46.127236],[-122.977607,46.127194],[-122.977607,46.127104],[-122.977641,46.127056],[-122.977607,46.127014],[-122.97759,46.12675],[-122.977532,46.12673],[-122.977348,46.126744],[-122.977287,46.12672],[-122.9771,46.126755],[-122.977043,46.126721],[-122.976978,46.12673],[-122.97694,46.126772],[-122.976956,46.126813],[-122.977089,46.126834],[-122.977089,46.126924],[-122.977054,46.126971],[-122.977102,46.12708],[-122.977159,46.127103],[-122.977348,46.127104],[-122.977348,46.127194],[-122.977313,46.127236],[-122.977348,46.127284],[-122.977347,46.127374],[-122.977313,46.127416],[-122.977333,46.127455],[-122.977416,46.127488],[-122.977578,46.127452],[-122.977606,46.127415],[-122.977609,46.127282]],[[-122.97916,46.126564],[-122.979142,46.126494],[-122.979031,46.126474],[-122.979013,46.126404],[-122.978901,46.126384],[-122.978884,46.126314],[-122.978772,46.126294],[-122.978754,46.126224],[-122.978643,46.126204],[-122.978629,46.126138],[-122.978513,46.126114],[-122.978479,46.126033],[-122.977866,46.126024],[-122.977843,46.12595],[-122.977737,46.125934],[-122.977736,46.125519],[-122.977703,46.12548],[-122.977478,46.125484],[-122.977469,46.125422],[-122.977408,46.125394],[-122.97701,46.125394],[-122.976957,46.125414],[-122.976941,46.125455],[-122.976978,46.125554],[-122.977089,46.125574],[-122.977124,46.125655],[-122.977219,46.125664],[-122.977247,46.125741],[-122.977348,46.125754],[-122.977377,46.125832],[-122.977478,46.125844],[-122.977487,46.125995],[-122.977533,46.126021],[-122.977607,46.126024],[-122.977607,46.126294],[-122.977525,46.126298],[-122.977481,46.126332],[-122.97749,46.12654],[-122.977547,46.126564],[-122.977688,46.12656],[-122.97773,46.126531],[-122.977736,46.126474],[-122.977853,46.12645],[-122.977866,46.126384],[-122.977995,46.126384],[-122.977995,46.126474],[-122.9779,46.126483],[-122.977866,46.126564],[-122.977791,46.126566],[-122.977745,46.126592],[-122.977725,46.126714],[-122.977778,46.126743],[-122.977995,46.126744],[-122.978013,46.126814],[-122.978124,46.126834],[-122.978138,46.1269],[-122.978254,46.126924],[-122.978257,46.126976],[-122.978295,46.127008],[-122.978513,46.127014],[-122.978513,46.127145],[-122.978547,46.127185],[-122.978737,46.127185],[-122.978772,46.127104],[-122.978873,46.127092],[-122.978901,46.127014],[-122.979002,46.127002],[-122.979031,46.126924],[-122.979125,46.126915],[-122.97916,46.126834],[-122.979276,46.12681],[-122.979286,46.126602],[-122.979242,46.126568],[-122.97916,46.126564]],[[-122.977787,46.128184],[-122.977864,46.12814],[-122.977864,46.128047],[-122.977837,46.128016],[-122.977617,46.128015],[-122.977589,46.127934],[-122.977477,46.127914],[-122.977464,46.127848],[-122.977347,46.127824],[-122.977344,46.127772],[-122.977306,46.12774],[-122.977139,46.127734],[-122.97709,46.12775],[-122.977069,46.12779],[-122.977098,46.127885],[-122.977144,46.127911],[-122.977218,46.127914],[-122.977252,46.127995],[-122.977347,46.128004],[-122.977376,46.128082],[-122.977595,46.128083],[-122.977635,46.128172],[-122.977787,46.128184]],[[-122.977511,46.128771],[-122.977471,46.128667],[-122.977435,46.12864],[-122.9773,46.12862],[-122.977239,46.128636],[-122.977217,46.128724],[-122.977136,46.128728],[-122.977091,46.128762],[-122.977111,46.128978],[-122.977166,46.128994],[-122.977324,46.128978],[-122.977347,46.128904],[-122.977428,46.1289],[-122.977471,46.12887],[-122.977511,46.128771]],[[-122.977477,46.127594],[-122.97745,46.127553],[-122.977394,46.12754],[-122.977333,46.127563],[-122.977313,46.127602],[-122.977338,46.127639],[-122.977402,46.127658],[-122.97746,46.127637],[-122.977477,46.127594]],[[-122.977787,46.129174],[-122.977861,46.129136],[-122.977852,46.129018],[-122.977795,46.128994],[-122.97762,46.129003],[-122.977586,46.12905],[-122.977619,46.12915],[-122.977668,46.129173],[-122.977787,46.129174]],[[-122.977898,46.129947],[-122.977858,46.129837],[-122.977816,46.129808],[-122.977628,46.12982],[-122.977605,46.129858],[-122.977628,46.130058],[-122.977683,46.130074],[-122.977842,46.130058],[-122.977898,46.129947]],[[-122.978158,46.127337],[-122.978118,46.127227],[-122.978083,46.1272],[-122.977948,46.12718],[-122.977887,46.127196],[-122.977831,46.127332],[-122.977888,46.127448],[-122.977943,46.127464],[-122.978101,46.127448],[-122.978158,46.127337]],[[-122.977924,46.125394],[-122.977847,46.125439],[-122.977879,46.12555],[-122.977936,46.125574],[-122.97809,46.125565],[-122.978125,46.125525],[-122.978112,46.125418],[-122.978063,46.125395],[-122.977924,46.125394]],[[-122.979032,46.129893],[-122.979064,46.129846],[-122.979016,46.129738],[-122.978967,46.129715],[-122.978848,46.129714],[-122.978772,46.129758],[-122.97877,46.129984],[-122.978641,46.129984],[-122.978632,46.129923],[-122.978579,46.129895],[-122.978253,46.129894],[-122.978253,46.129804],[-122.978347,46.129802],[-122.978397,46.129769],[-122.978373,46.129653],[-122.97832,46.129625],[-122.978123,46.129624],[-122.978118,46.129554],[-122.97807,46.129523],[-122.978012,46.129525],[-122.977967,46.129556],[-122.977964,46.129597],[-122.97801,46.129632],[-122.977982,46.129954],[-122.978029,46.129982],[-122.978123,46.129984],[-122.978146,46.130148],[-122.978382,46.130164],[-122.978388,46.130221],[-122.97843,46.13025],[-122.979002,46.130255],[-122.979029,46.130219],[-122.979032,46.129893]],[[-122.978042,46.1289],[-122.978193,46.128916],[-122.978244,46.128889],[-122.978247,46.128757],[-122.978191,46.128725],[-122.978022,46.128728],[-122.977975,46.128774],[-122.978,46.128871],[-122.978042,46.1289]],[[-122.978547,46.124997],[-122.978508,46.124887],[-122.978472,46.12486],[-122.978337,46.12484],[-122.978277,46.124857],[-122.978255,46.12507],[-122.978277,46.125108],[-122.978332,46.125124],[-122.978491,46.125108],[-122.978547,46.124997]],[[-122.979177,46.128144],[-122.979156,46.128042],[-122.979118,46.128011],[-122.978901,46.128004],[-122.978888,46.127938],[-122.978771,46.127914],[-122.978768,46.127862],[-122.97873,46.12783],[-122.978575,46.127825],[-122.978522,46.127853],[-122.978525,46.12798],[-122.978642,46.128004],[-122.978655,46.12807],[-122.978771,46.128094],[-122.978774,46.128146],[-122.978812,46.128178],[-122.978962,46.128208],[-122.979125,46.128182],[-122.979177,46.128144]],[[-122.978919,46.128859],[-122.978894,46.128757],[-122.978852,46.128728],[-122.978709,46.128711],[-122.978647,46.128744],[-122.978643,46.128861],[-122.978689,46.1289],[-122.97888,46.128897],[-122.978919,46.128859]],[[-122.979288,46.131424],[-122.979376,46.131418],[-122.979416,46.131381],[-122.979416,46.131198],[-122.979362,46.131157],[-122.979036,46.131167],[-122.979009,46.131205],[-122.979029,46.131334],[-122.978899,46.131334],[-122.97889,46.131273],[-122.978837,46.131245],[-122.978696,46.131246],[-122.978644,46.131282],[-122.978642,46.131471],[-122.978696,46.131512],[-122.979225,46.131513],[-122.979279,46.131486],[-122.979288,46.131424]],[[-122.979437,46.125084],[-122.979402,46.124964],[-122.97929,46.124944],[-122.979277,46.124878],[-122.979161,46.124854],[-122.979126,46.124773],[-122.978972,46.124764],[-122.978915,46.124788],[-122.978905,46.124906],[-122.97895,46.12494],[-122.979031,46.124944],[-122.979032,46.125075],[-122.979066,46.125115],[-122.979222,46.125148],[-122.979385,46.125122],[-122.979437,46.125084]],[[-122.979033,46.128996],[-122.978975,46.12898],[-122.978917,46.129001],[-122.978901,46.129049],[-122.978928,46.129085],[-122.97899,46.129097],[-122.979049,46.129071],[-122.979064,46.129031],[-122.979033,46.128996]],[[-122.979422,46.125666],[-122.979366,46.125641],[-122.979308,46.125651],[-122.979257,46.125696],[-122.97927,46.125741],[-122.979336,46.125777],[-122.979401,46.125768],[-122.979453,46.125717],[-122.979422,46.125666]],[[-122.979525,46.129158],[-122.979566,46.129039],[-122.979534,46.129004],[-122.979344,46.128997],[-122.979295,46.129028],[-122.979256,46.129142],[-122.979307,46.129188],[-122.979372,46.129197],[-122.979525,46.129158]],[[-122.979418,46.130614],[-122.979436,46.130569],[-122.979404,46.130534],[-122.979338,46.130524],[-122.979285,46.130545],[-122.979269,46.130585],[-122.979306,46.130628],[-122.979364,46.130638],[-122.979418,46.130614]],[[-122.979416,46.128362],[-122.979365,46.128341],[-122.979307,46.128351],[-122.97927,46.128393],[-122.979286,46.128434],[-122.979339,46.128454],[-122.979411,46.128441],[-122.979438,46.128404],[-122.979416,46.128362]],[[-122.9796,46.127914],[-122.979674,46.127876],[-122.979668,46.127763],[-122.979615,46.127735],[-122.97946,46.127741],[-122.97942,46.127778],[-122.979428,46.127886],[-122.979481,46.127913],[-122.9796,46.127914]],[[-122.982784,46.127825],[-122.982775,46.127763],[-122.982722,46.127736],[-122.982171,46.127744],[-122.982137,46.127825],[-122.98202,46.127849],[-122.982007,46.127915],[-122.981896,46.127934],[-122.981878,46.128005],[-122.981653,46.128014],[-122.981619,46.128094],[-122.981503,46.128119],[-122.981489,46.128184],[-122.981378,46.128204],[-122.98136,46.128274],[-122.981248,46.128294],[-122.98123,46.128454],[-122.981129,46.128467],[-122.981101,46.128544],[-122.981006,46.128554],[-122.980971,46.128634],[-122.980897,46.128637],[-122.980851,46.128663],[-122.980842,46.128814],[-122.980646,46.128815],[-122.980592,46.128843],[-122.980601,46.128975],[-122.980653,46.128994],[-122.980842,46.128995],[-122.980865,46.129069],[-122.980971,46.129085],[-122.981006,46.129165],[-122.981101,46.129175],[-122.981101,46.129264],[-122.980971,46.129264],[-122.980965,46.129208],[-122.980923,46.129179],[-122.980768,46.129177],[-122.980718,46.129208],[-122.980712,46.129264],[-122.980352,46.129277],[-122.980324,46.129313],[-122.980327,46.129406],[-122.980394,46.129444],[-122.980712,46.129444],[-122.980735,46.129519],[-122.980842,46.129535],[-122.980855,46.1296],[-122.980971,46.129625],[-122.981,46.129702],[-122.981101,46.129715],[-122.9811,46.129894],[-122.981026,46.129897],[-122.98098,46.129923],[-122.980971,46.130074],[-122.980712,46.130074],[-122.980689,46.13],[-122.980583,46.129984],[-122.980582,46.129853],[-122.980554,46.129817],[-122.980324,46.129804],[-122.980318,46.129748],[-122.980269,46.129717],[-122.980106,46.129721],[-122.980068,46.129753],[-122.980065,46.129804],[-122.979983,46.129808],[-122.979941,46.129838],[-122.979935,46.129984],[-122.979854,46.129988],[-122.979812,46.130018],[-122.979806,46.130164],[-122.979724,46.130168],[-122.979682,46.130198],[-122.979676,46.13038],[-122.979711,46.130425],[-122.979806,46.130434],[-122.979834,46.130512],[-122.979935,46.130524],[-122.979964,46.130602],[-122.980065,46.130614],[-122.980068,46.130666],[-122.980106,46.130698],[-122.980582,46.130704],[-122.980583,46.130926],[-122.980623,46.130968],[-122.980786,46.130972],[-122.980835,46.130941],[-122.980841,46.130885],[-122.980971,46.130885],[-122.980984,46.13095],[-122.9811,46.130975],[-122.981104,46.131026],[-122.981141,46.131058],[-122.981359,46.131065],[-122.981365,46.131121],[-122.981414,46.131152],[-122.981677,46.131154],[-122.981738,46.131126],[-122.981747,46.131065],[-122.981822,46.131062],[-122.981868,46.131036],[-122.981877,46.130885],[-122.981951,46.130882],[-122.981997,46.130856],[-122.981993,46.130729],[-122.981877,46.130705],[-122.981842,46.130624],[-122.981748,46.130615],[-122.981725,46.13054],[-122.981489,46.130525],[-122.981489,46.130345],[-122.981595,46.130329],[-122.981618,46.130255],[-122.981725,46.130239],[-122.981748,46.130165],[-122.981849,46.130152],[-122.981877,46.130075],[-122.981978,46.130062],[-122.982007,46.129985],[-122.982108,46.129972],[-122.982136,46.129895],[-122.982237,46.129882],[-122.982266,46.129805],[-122.982361,46.129796],[-122.982395,46.129715],[-122.982469,46.129712],[-122.982515,46.129686],[-122.982502,46.129551],[-122.982321,46.129537],[-122.982272,46.129568],[-122.982266,46.129625],[-122.982149,46.129649],[-122.982136,46.129715],[-122.982024,46.129734],[-122.982007,46.129805],[-122.981877,46.129805],[-122.981877,46.129625],[-122.981978,46.129612],[-122.982007,46.129535],[-122.982108,46.129522],[-122.982136,46.129445],[-122.982231,46.129436],[-122.982266,46.129355],[-122.982378,46.129335],[-122.982395,46.129265],[-122.982502,46.129249],[-122.982524,46.129133],[-122.982484,46.129091],[-122.982395,46.129085],[-122.982392,46.129033],[-122.982354,46.129001],[-122.982137,46.128995],[-122.982131,46.128938],[-122.982089,46.128909],[-122.981946,46.128881],[-122.981878,46.128905],[-122.981748,46.128905],[-122.981748,46.128725],[-122.981855,46.128709],[-122.981878,46.128635],[-122.982136,46.128635],[-122.982142,46.128781],[-122.982184,46.128811],[-122.982266,46.128815],[-122.9823,46.128896],[-122.982577,46.128905],[-122.982637,46.128885],[-122.982653,46.128678],[-122.982613,46.128641],[-122.982525,46.128635],[-122.982525,46.128455],[-122.982606,46.128451],[-122.982651,46.128416],[-122.982655,46.128185],[-122.982749,46.128176],[-122.982784,46.128095],[-122.982865,46.128091],[-122.98291,46.128056],[-122.982908,46.127858],[-122.982866,46.127829],[-122.982784,46.127825]],[[-122.980118,46.126114],[-122.98019,46.126081],[-122.980195,46.125983],[-122.980155,46.125941],[-122.980066,46.125934],[-122.980057,46.125783],[-122.979996,46.125755],[-122.979828,46.125761],[-122.979788,46.125805],[-122.979817,46.125996],[-122.979863,46.126022],[-122.979937,46.126024],[-122.97994,46.126076],[-122.979978,46.126108],[-122.980118,46.126114]],[[-122.980713,46.127464],[-122.980713,46.127333],[-122.980685,46.127297],[-122.980523,46.12726],[-122.980336,46.127295],[-122.980302,46.12712],[-122.980149,46.127091],[-122.980083,46.127111],[-122.980072,46.127341],[-122.980136,46.127374],[-122.980314,46.127363],[-122.980328,46.127606],[-122.980373,46.12764],[-122.980454,46.127644],[-122.980457,46.127696],[-122.980495,46.127728],[-122.980667,46.127744],[-122.98071,46.12771],[-122.980713,46.127644],[-122.980787,46.127642],[-122.980833,46.127616],[-122.980833,46.127493],[-122.980787,46.127467],[-122.980713,46.127464]],[[-122.981231,46.126654],[-122.981197,46.126574],[-122.980972,46.126564],[-122.980959,46.126498],[-122.980843,46.126474],[-122.98082,46.1264],[-122.98066,46.126361],[-122.980584,46.126384],[-122.980244,46.126388],[-122.980202,46.126418],[-122.980196,46.126474],[-122.980107,46.126481],[-122.980068,46.126518],[-122.980089,46.126728],[-122.980195,46.126744],[-122.980201,46.126801],[-122.980243,46.12683],[-122.980454,46.126834],[-122.98046,46.126891],[-122.980502,46.12692],[-122.980713,46.126924],[-122.980722,46.126986],[-122.980776,46.127013],[-122.98106,46.127008],[-122.981098,46.126976],[-122.981102,46.126925],[-122.981218,46.1269],[-122.981231,46.126835],[-122.981343,46.126815],[-122.981351,46.126683],[-122.981305,46.126657],[-122.981231,46.126654]],[[-122.980241,46.128657],[-122.980441,46.12861],[-122.98045,46.128493],[-122.980399,46.128457],[-122.98025,46.128457],[-122.980201,46.128488],[-122.980162,46.128603],[-122.980241,46.128657]],[[-122.982586,46.127309],[-122.982736,46.127281],[-122.982778,46.127251],[-122.982784,46.127069],[-122.982729,46.127017],[-122.982525,46.127015],[-122.982526,46.126925],[-122.982607,46.126921],[-122.982652,46.126886],[-122.982632,46.126761],[-122.982526,46.126745],[-122.98252,46.126688],[-122.98247,46.126657],[-122.982137,46.126655],[-122.982154,46.126514],[-122.98211,46.126479],[-122.982008,46.126475],[-122.981995,46.126319],[-122.981938,46.126295],[-122.981749,46.126294],[-122.981736,46.126229],[-122.98162,46.126204],[-122.981616,46.126153],[-122.981579,46.126121],[-122.981416,46.126117],[-122.981367,46.126148],[-122.981361,46.126204],[-122.981231,46.126204],[-122.981209,46.12613],[-122.981102,46.126114],[-122.981084,46.126044],[-122.980973,46.126024],[-122.980938,46.125944],[-122.980843,46.125934],[-122.980815,46.125857],[-122.980714,46.125844],[-122.980713,46.125713],[-122.980679,46.125673],[-122.980403,46.125664],[-122.980348,46.12568],[-122.980325,46.125718],[-122.980348,46.125918],[-122.980455,46.125934],[-122.980472,46.126005],[-122.980584,46.126024],[-122.980597,46.12609],[-122.980713,46.126114],[-122.980748,46.126195],[-122.980972,46.126204],[-122.98099,46.126275],[-122.981102,46.126295],[-122.981119,46.126365],[-122.981231,46.126385],[-122.981244,46.12645],[-122.981361,46.126475],[-122.981395,46.126555],[-122.981619,46.126565],[-122.98168,46.126589],[-122.981749,46.126565],[-122.981878,46.126565],[-122.981878,46.126655],[-122.981797,46.126659],[-122.981752,46.126693],[-122.981766,46.126815],[-122.981878,46.126835],[-122.981913,46.126915],[-122.982008,46.126925],[-122.982036,46.127002],[-122.982137,46.127015],[-122.982165,46.127092],[-122.982266,46.127105],[-122.982295,46.127182],[-122.982396,46.127195],[-122.982424,46.127272],[-122.982586,46.127309]],[[-122.980989,46.131469],[-122.980965,46.131368],[-122.980915,46.131337],[-122.980754,46.131336],[-122.980695,46.131374],[-122.980718,46.131481],[-122.980767,46.131512],[-122.980957,46.131505],[-122.980989,46.131469]],[[-122.981878,46.127375],[-122.982069,46.127388],[-122.982124,46.127364],[-122.982134,46.127233],[-122.982089,46.127199],[-122.982008,46.127195],[-122.981973,46.127114],[-122.981878,46.127105],[-122.981877,46.126968],[-122.98183,46.126929],[-122.981653,46.12692],[-122.981619,46.127014],[-122.981513,46.12703],[-122.98149,46.127104],[-122.98136,46.127104],[-122.981284,46.127081],[-122.981149,46.127109],[-122.981107,46.127138],[-122.981102,46.127236],[-122.98113,46.127272],[-122.98136,46.127285],[-122.981346,46.12743],[-122.981395,46.127462],[-122.98149,46.127465],[-122.981491,46.127615],[-122.981543,46.127656],[-122.98172,46.127632],[-122.981748,46.127596],[-122.981749,46.127465],[-122.981855,46.127449],[-122.981878,46.127375]],[[-122.982136,46.130974],[-122.982102,46.131012],[-122.982116,46.131052],[-122.982175,46.131078],[-122.982232,46.131069],[-122.982264,46.131035],[-122.982253,46.130985],[-122.982198,46.130961],[-122.982136,46.130974]],[[-122.982631,46.130239],[-122.982674,46.130125],[-122.982652,46.130091],[-122.982525,46.130075],[-122.982525,46.129985],[-122.982559,46.129937],[-122.982512,46.129885],[-122.982448,46.129871],[-122.982288,46.129911],[-122.982231,46.130027],[-122.982265,46.130075],[-122.982265,46.130165],[-122.982191,46.130167],[-122.982145,46.130193],[-122.982136,46.130345],[-122.982101,46.130392],[-122.982136,46.130435],[-122.982145,46.130586],[-122.982191,46.130612],[-122.982265,46.130615],[-122.982271,46.130671],[-122.982313,46.130701],[-122.982463,46.130729],[-122.982613,46.130698],[-122.982652,46.130661],[-122.982654,46.130525],[-122.98285,46.130524],[-122.982907,46.130491],[-122.982911,46.130388],[-122.982872,46.130351],[-122.982524,46.130345],[-122.982524,46.130255],[-122.982631,46.130239]],[[-122.982444,46.126381],[-122.982595,46.126397],[-122.982646,46.126369],[-122.982649,46.126238],[-122.982593,46.126206],[-122.982424,46.126209],[-122.982376,46.126255],[-122.982402,46.126351],[-122.982444,46.126381]],[[-122.983043,46.129265],[-122.983241,46.129277],[-122.983296,46.129245],[-122.9833,46.129128],[-122.98326,46.129091],[-122.982854,46.129085],[-122.982793,46.129113],[-122.982785,46.129221],[-122.982825,46.129258],[-122.982974,46.129289],[-122.983043,46.129265]],[[-122.98446,46.129592],[-122.984486,46.129405],[-122.984464,46.129371],[-122.984337,46.129355],[-122.98434,46.129196],[-122.984295,46.129176],[-122.984156,46.129175],[-122.984091,46.129199],[-122.984078,46.129265],[-122.983966,46.129285],[-122.983948,46.129355],[-122.983832,46.129379],[-122.983819,46.129535],[-122.98369,46.129535],[-122.983667,46.129461],[-122.98356,46.129445],[-122.983544,46.129272],[-122.983667,46.129249],[-122.98369,46.129175],[-122.983914,46.129166],[-122.983949,46.129085],[-122.984173,46.129076],[-122.984227,46.128966],[-122.984187,46.128912],[-122.984078,46.128905],[-122.98405,46.128827],[-122.983949,46.128815],[-122.98392,46.128737],[-122.983819,46.128725],[-122.983819,46.128504],[-122.983791,46.128467],[-122.983233,46.128442],[-122.983178,46.128475],[-122.98317,46.128545],[-122.983043,46.128545],[-122.983037,46.128488],[-122.982988,46.128457],[-122.982854,46.128455],[-122.982801,46.128474],[-122.98279,46.128601],[-122.982832,46.128631],[-122.982913,46.128635],[-122.982936,46.128709],[-122.983301,46.128725],[-122.983311,46.128876],[-122.983357,46.128903],[-122.983431,46.128905],[-122.983447,46.129257],[-122.983329,46.129269],[-122.983287,46.129299],[-122.983301,46.129535],[-122.983195,46.129551],[-122.983172,46.129625],[-122.982988,46.129611],[-122.982935,46.129627],[-122.982913,46.129751],[-122.982941,46.129793],[-122.983301,46.129805],[-122.983362,46.129829],[-122.983431,46.129805],[-122.98356,46.129805],[-122.983621,46.129829],[-122.98369,46.129805],[-122.983819,46.129805],[-122.983853,46.129886],[-122.984023,46.129893],[-122.984075,46.129857],[-122.984076,46.129758],[-122.984037,46.129721],[-122.983949,46.129715],[-122.983949,46.129625],[-122.984078,46.129625],[-122.984084,46.129682],[-122.984133,46.129713],[-122.984296,46.129709],[-122.984333,46.129677],[-122.984337,46.129625],[-122.984418,46.129621],[-122.98446,46.129592]],[[-122.984907,46.128185],[-122.984983,46.128142],[-122.984967,46.127935],[-122.984914,46.127915],[-122.984726,46.127915],[-122.984708,46.127845],[-122.984596,46.127825],[-122.984579,46.127755],[-122.984467,46.127735],[-122.984449,46.127665],[-122.984337,46.127645],[-122.98432,46.127575],[-122.984208,46.127555],[-122.984195,46.127489],[-122.984079,46.127465],[-122.984044,46.127384],[-122.98382,46.127375],[-122.983797,46.127301],[-122.98369,46.127285],[-122.98369,46.127154],[-122.983656,46.127114],[-122.98335,46.127109],[-122.983308,46.127138],[-122.983302,46.127195],[-122.983091,46.127199],[-122.983049,46.127228],[-122.983043,46.127285],[-122.982927,46.127309],[-122.982879,46.127417],[-122.982927,46.127531],[-122.983043,46.127555],[-122.983077,46.127636],[-122.983172,46.127645],[-122.983201,46.127723],[-122.983302,46.127735],[-122.98333,46.127813],[-122.983431,46.127825],[-122.98346,46.127903],[-122.983561,46.127915],[-122.983595,46.127996],[-122.983791,46.127993],[-122.983831,46.127855],[-122.983785,46.127827],[-122.98369,46.127825],[-122.983667,46.127751],[-122.983561,46.127735],[-122.983543,46.127665],[-122.983431,46.127645],[-122.983397,46.127564],[-122.983302,46.127555],[-122.983274,46.127477],[-122.983173,46.127465],[-122.983173,46.127375],[-122.983431,46.127375],[-122.983449,46.127445],[-122.983561,46.127465],[-122.983595,46.127546],[-122.98369,46.127555],[-122.983719,46.127633],[-122.98382,46.127645],[-122.983848,46.127723],[-122.984078,46.127735],[-122.984096,46.127805],[-122.984208,46.127825],[-122.984242,46.127906],[-122.984337,46.127915],[-122.984366,46.127993],[-122.984467,46.128005],[-122.984495,46.128083],[-122.984596,46.128095],[-122.984625,46.128173],[-122.984907,46.128185]],[[-122.983175,46.128186],[-122.983118,46.128171],[-122.98306,46.128191],[-122.983043,46.12824],[-122.98307,46.128276],[-122.983133,46.128288],[-122.983192,46.128262],[-122.983206,46.128222],[-122.983175,46.128186]],[[-122.983304,46.130253],[-122.983335,46.130218],[-122.98332,46.130178],[-122.983262,46.130152],[-122.983199,46.130164],[-122.983172,46.1302],[-122.983189,46.130248],[-122.983247,46.130269],[-122.983304,46.130253]],[[-122.983483,46.128365],[-122.983557,46.128327],[-122.983547,46.128209],[-122.983491,46.128185],[-122.983315,46.128194],[-122.983282,46.128241],[-122.983315,46.128341],[-122.983364,46.128364],[-122.983483,46.128365]],[[-122.983612,46.130615],[-122.983686,46.130577],[-122.98368,46.130463],[-122.983627,46.130436],[-122.98347,46.130428],[-122.983431,46.13047],[-122.98344,46.130586],[-122.983493,46.130614],[-122.983612,46.130615]],[[-122.984466,46.130795],[-122.984582,46.130771],[-122.984595,46.130669],[-122.98454,46.130617],[-122.984337,46.130615],[-122.984337,46.130525],[-122.984418,46.130521],[-122.98446,46.130492],[-122.98446,46.130378],[-122.984418,46.130349],[-122.984337,46.130345],[-122.984333,46.13028],[-122.984297,46.130248],[-122.984126,46.130259],[-122.984079,46.130298],[-122.984078,46.130435],[-122.983971,46.130451],[-122.983916,46.130557],[-122.983954,46.130672],[-122.984011,46.130704],[-122.984207,46.130705],[-122.984209,46.130842],[-122.984262,46.130883],[-122.984431,46.130876],[-122.984466,46.130795]],[[-122.984778,46.127555],[-122.984852,46.127517],[-122.984849,46.127408],[-122.984807,46.127379],[-122.984726,46.127375],[-122.984691,46.127294],[-122.984596,46.127285],[-122.984574,46.127211],[-122.984338,46.127195],[-122.984332,46.127138],[-122.984282,46.127107],[-122.984101,46.127121],[-122.984079,46.127159],[-122.984092,46.127261],[-122.984208,46.127285],[-122.984243,46.127366],[-122.984337,46.127375],[-122.984366,46.127453],[-122.984467,46.127465],[-122.98449,46.127539],[-122.984778,46.127555]],[[-122.984469,46.130076],[-122.984412,46.130061],[-122.984354,46.130081],[-122.984337,46.13013],[-122.984364,46.130166],[-122.984427,46.130178],[-122.984486,46.130152],[-122.9845,46.130112],[-122.984469,46.130076]],[[-122.984855,46.129575],[-122.984787,46.129522],[-122.984613,46.129555],[-122.984576,46.129749],[-122.984603,46.129792],[-122.984772,46.129819],[-122.984838,46.129799],[-122.984855,46.129575]],[[-122.984981,46.13005],[-122.985001,46.129935],[-122.984957,46.129899],[-122.984793,46.129882],[-122.984731,46.129915],[-122.984727,46.130032],[-122.984773,46.130071],[-122.984944,46.130082],[-122.984981,46.13005]],[[-122.984987,46.129356],[-122.98493,46.129341],[-122.984872,46.129362],[-122.984855,46.12941],[-122.984882,46.129446],[-122.984945,46.129458],[-122.985004,46.129432],[-122.985018,46.129392],[-122.984987,46.129356]],[[-122.985893,46.129965],[-122.985877,46.129829],[-122.985761,46.129805],[-122.985738,46.129731],[-122.985616,46.129708],[-122.98563,46.129399],[-122.98559,46.129362],[-122.985502,46.129355],[-122.985489,46.129199],[-122.985373,46.129175],[-122.985369,46.129123],[-122.985331,46.129091],[-122.985147,46.129081],[-122.985114,46.12912],[-122.985095,46.1294],[-122.985141,46.129441],[-122.985243,46.129445],[-122.985249,46.129682],[-122.985305,46.129714],[-122.985518,46.129723],[-122.985502,46.129805],[-122.985305,46.129806],[-122.985246,46.129843],[-122.985256,46.129961],[-122.985372,46.129985],[-122.985353,46.130152],[-122.985433,46.130189],[-122.985597,46.130156],[-122.985631,46.130075],[-122.985748,46.130051],[-122.985761,46.129985],[-122.985893,46.129965]],[[-122.985246,46.128994],[-122.985277,46.128958],[-122.985262,46.128918],[-122.985204,46.128892],[-122.985141,46.128904],[-122.985114,46.12894],[-122.985131,46.128989],[-122.985189,46.129009],[-122.985246,46.128994]],[[-122.986848,46.129895],[-122.98692,46.129862],[-122.986925,46.129764],[-122.986885,46.129722],[-122.986796,46.129715],[-122.986788,46.12955],[-122.986721,46.129521],[-122.986579,46.129542],[-122.986541,46.129574],[-122.986537,46.129625],[-122.986463,46.129628],[-122.986417,46.129654],[-122.986396,46.129776],[-122.986443,46.129803],[-122.986537,46.129805],[-122.986543,46.129862],[-122.986585,46.129891],[-122.986848,46.129895]],[[-122.986727,46.129278],[-122.987033,46.129249],[-122.987055,46.129211],[-122.987033,46.129101],[-122.986978,46.129085],[-122.98669,46.129101],[-122.986673,46.129245],[-122.986727,46.129278]],[[-122.987444,46.129715],[-122.987525,46.129711],[-122.98757,46.129677],[-122.98757,46.129574],[-122.987518,46.129538],[-122.987355,46.129542],[-122.987317,46.129574],[-122.987314,46.129625],[-122.987233,46.129629],[-122.987188,46.129664],[-122.987188,46.129767],[-122.98724,46.129803],[-122.987404,46.129812],[-122.98744,46.129781],[-122.987444,46.129715]],[[-122.988994,46.130127],[-122.989017,46.129946],[-122.988995,46.129912],[-122.988868,46.129895],[-122.98885,46.129645],[-122.988738,46.129625],[-122.988732,46.129569],[-122.98869,46.12954],[-122.988479,46.129535],[-122.988479,46.129314],[-122.988431,46.12927],[-122.988249,46.129278],[-122.988221,46.129314],[-122.98822,46.129445],[-122.987996,46.129455],[-122.987961,46.129535],[-122.987866,46.129545],[-122.987832,46.129625],[-122.98775,46.12963],[-122.987708,46.129659],[-122.987716,46.129781],[-122.987772,46.129805],[-122.987961,46.129805],[-122.987967,46.129952],[-122.988009,46.129981],[-122.988091,46.129986],[-122.988097,46.130042],[-122.988139,46.130071],[-122.988608,46.130076],[-122.988614,46.130132],[-122.988656,46.130161],[-122.988927,46.130165],[-122.988994,46.130127]],[[-122.989914,46.130155],[-122.990084,46.130166],[-122.990139,46.13015],[-122.990162,46.130112],[-122.990139,46.130001],[-122.989958,46.129988],[-122.989909,46.130019],[-122.989892,46.130087],[-122.989774,46.130076],[-122.98976,46.13001],[-122.989644,46.129986],[-122.989616,46.129908],[-122.989455,46.129896],[-122.989389,46.129934],[-122.989385,46.130076],[-122.989161,46.130085],[-122.989128,46.130119],[-122.989127,46.130207],[-122.989167,46.130249],[-122.989256,46.130256],[-122.989284,46.130333],[-122.989385,46.130346],[-122.989394,46.13042],[-122.989468,46.130449],[-122.989621,46.13042],[-122.989644,46.130346],[-122.989739,46.130337],[-122.989774,46.130256],[-122.989885,46.130236],[-122.989914,46.130155]],[[-122.989725,46.13125],[-122.989582,46.131232],[-122.989527,46.131256],[-122.989518,46.131387],[-122.98957,46.131423],[-122.989718,46.131423],[-122.98977,46.131387],[-122.98977,46.131284],[-122.989725,46.13125]],[[-122.990026,46.131122],[-122.990052,46.131026],[-122.99003,46.130992],[-122.989887,46.130968],[-122.989903,46.13085],[-122.98988,46.130811],[-122.989702,46.130796],[-122.989646,46.130812],[-122.989624,46.130851],[-122.989653,46.130947],[-122.989789,46.130983],[-122.989773,46.131102],[-122.989796,46.13114],[-122.989984,46.131152],[-122.990026,46.131122]],[[-122.990085,46.130987],[-122.990278,46.130952],[-122.990288,46.130834],[-122.990236,46.130798],[-122.990087,46.130798],[-122.990034,46.130839],[-122.990035,46.130951],[-122.990085,46.130987]],[[-122.990697,46.130396],[-122.99067,46.130284],[-122.990617,46.130257],[-122.990354,46.130257],[-122.990293,46.130299],[-122.990295,46.130397],[-122.990354,46.130435],[-122.990652,46.130431],[-122.990697,46.130396]],[[-122.990658,46.131873],[-122.990697,46.131645],[-122.990652,46.13161],[-122.990443,46.131622],[-122.990421,46.13166],[-122.990443,46.13186],[-122.990597,46.131889],[-122.990658,46.131873]],[[-122.991974,46.132326],[-122.992055,46.132322],[-122.992097,46.132292],[-122.9921,46.132094],[-122.992041,46.132057],[-122.991845,46.132056],[-122.991841,46.132004],[-122.991803,46.131972],[-122.991519,46.131967],[-122.991465,46.131994],[-122.991456,46.132056],[-122.991265,46.132042],[-122.991206,46.132071],[-122.991206,46.132207],[-122.991252,46.132233],[-122.991327,46.132236],[-122.991361,46.132317],[-122.991456,46.132326],[-122.991459,46.132377],[-122.991497,46.132409],[-122.991913,46.132428],[-122.991968,46.132396],[-122.991974,46.132326]],[[-122.991597,46.131145],[-122.991767,46.131156],[-122.991822,46.13114],[-122.991845,46.131102],[-122.991822,46.130992],[-122.991634,46.13098],[-122.991592,46.131009],[-122.991575,46.131077],[-122.991499,46.131067],[-122.991441,46.1311],[-122.991444,46.131143],[-122.991495,46.131177],[-122.991554,46.131175],[-122.991597,46.131145]],[[-122.991627,46.131509],[-122.991784,46.131528],[-122.991839,46.131496],[-122.991843,46.131289],[-122.991789,46.131248],[-122.991628,46.131247],[-122.991567,46.131291],[-122.991587,46.131472],[-122.991627,46.131509]]]}},{"type":"Feature","properties":{"id":2,"area_m2":76400,"px":764,"rank":2,"persistent":false},"geometry":{"type":"Polygon","coordinates":[[[-122.987443,46.133855],[-122.987442,46.134125],[-122.987184,46.134125],[-122.987171,46.134059],[-122.987054,46.134035],[-122.987048,46.133979],[-122.986999,46.133948],[-122.986858,46.133946],[-122.986804,46.133974],[-122.986761,46.134088],[-122.986813,46.134196],[-122.986925,46.134215],[-122.986923,46.134485],[-122.986795,46.134485],[-122.986789,46.134339],[-122.986747,46.134309],[-122.986666,46.134305],[-122.986631,46.134224],[-122.986277,46.134215],[-122.986268,46.134064],[-122.986222,46.134038],[-122.986148,46.134035],[-122.986113,46.133954],[-122.986019,46.133945],[-122.986015,46.133894],[-122.985978,46.133862],[-122.985501,46.133855],[-122.985432,46.133831],[-122.98527,46.133867],[-122.985223,46.133974],[-122.985244,46.134019],[-122.985501,46.134035],[-122.985523,46.134289],[-122.985889,46.134305],[-122.985912,46.134379],[-122.986018,46.134395],[-122.986028,46.134547],[-122.986074,46.134573],[-122.986148,46.134577],[-122.986148,46.134665],[-122.986018,46.134665],[-122.986012,46.134609],[-122.98597,46.134579],[-122.98563,46.134575],[-122.985627,46.134524],[-122.985589,46.134492],[-122.985371,46.134485],[-122.985354,46.134415],[-122.985242,46.134395],[-122.985207,46.134314],[-122.985112,46.134305],[-122.985084,46.134227],[-122.984983,46.134215],[-122.984954,46.134137],[-122.984724,46.134125],[-122.984706,46.134055],[-122.984595,46.134035],[-122.984577,46.133965],[-122.984465,46.133945],[-122.984447,46.133875],[-122.984336,46.133855],[-122.984323,46.133789],[-122.984206,46.133765],[-122.984172,46.133684],[-122.98401,46.133676],[-122.983951,46.133713],[-122.98396,46.134011],[-122.984077,46.134035],[-122.98409,46.134101],[-122.984206,46.134125],[-122.984209,46.134177],[-122.984247,46.134209],[-122.984465,46.134215],[-122.984465,46.134305],[-122.984383,46.134309],[-122.984341,46.134338],[-122.984302,46.134432],[-122.984321,46.134476],[-122.984419,46.134508],[-122.984572,46.134469],[-122.984594,46.134395],[-122.984724,46.134395],[-122.984747,46.134469],[-122.984853,46.134485],[-122.984871,46.134555],[-122.984983,46.134575],[-122.985017,46.134656],[-122.985112,46.134665],[-122.985141,46.134743],[-122.985242,46.134755],[-122.98527,46.134833],[-122.985371,46.134845],[-122.985371,46.135025],[-122.985112,46.135025],[-122.985112,46.134935],[-122.985147,46.134887],[-122.985094,46.134775],[-122.984983,46.134755],[-122.98497,46.134689],[-122.984853,46.134665],[-122.98485,46.134613],[-122.984812,46.134581],[-122.984669,46.134561],[-122.984603,46.13459],[-122.984607,46.134821],[-122.984664,46.134845],[-122.984853,46.134845],[-122.984853,46.134935],[-122.984765,46.134941],[-122.984725,46.134979],[-122.98473,46.135262],[-122.984772,46.135291],[-122.984853,46.135295],[-122.984871,46.135365],[-122.984982,46.135385],[-122.985,46.135455],[-122.985112,46.135475],[-122.985125,46.135541],[-122.985241,46.135565],[-122.985247,46.135622],[-122.985296,46.135653],[-122.985595,46.135646],[-122.98563,46.135565],[-122.985704,46.135563],[-122.98575,46.135537],[-122.985759,46.135385],[-122.985866,46.135369],[-122.985889,46.135295],[-122.986078,46.135295],[-122.98613,46.135276],[-122.986148,46.135115],[-122.986236,46.135109],[-122.986276,46.135072],[-122.986277,46.134845],[-122.986407,46.134845],[-122.986408,46.134982],[-122.986448,46.135019],[-122.986767,46.135013],[-122.986795,46.134977],[-122.986795,46.134845],[-122.986991,46.134844],[-122.987048,46.134812],[-122.987054,46.134575],[-122.987128,46.134573],[-122.987174,46.134547],[-122.987184,46.134395],[-122.987313,46.134395],[-122.987313,46.134575],[-122.987225,46.134582],[-122.987185,46.134619],[-122.987183,46.134935],[-122.987109,46.134938],[-122.987063,46.134964],[-122.987054,46.135115],[-122.986728,46.135116],[-122.986666,46.135164],[-122.986666,46.135337],[-122.9867,46.135376],[-122.986856,46.135409],[-122.986924,46.135385],[-122.987183,46.135385],[-122.987183,46.135565],[-122.986953,46.135578],[-122.986924,46.135655],[-122.986829,46.135664],[-122.986795,46.135745],[-122.986683,46.135765],[-122.986631,46.135873],[-122.986665,46.135925],[-122.986688,46.13609],[-122.987054,46.136105],[-122.987054,46.136195],[-122.986591,46.136198],[-122.986542,46.136229],[-122.986536,46.136285],[-122.986419,46.136309],[-122.986406,46.136375],[-122.986277,46.136375],[-122.986274,46.136234],[-122.986229,46.136199],[-122.986148,46.136195],[-122.986147,46.13605],[-122.986114,46.136011],[-122.98593,46.136022],[-122.985892,46.136054],[-122.985888,46.136105],[-122.98563,46.136105],[-122.985617,46.136039],[-122.9855,46.136015],[-122.985466,46.135934],[-122.985241,46.135925],[-122.985228,46.135859],[-122.985112,46.135835],[-122.985106,46.135779],[-122.985064,46.135749],[-122.984853,46.135745],[-122.98483,46.135671],[-122.984724,46.135655],[-122.984723,46.135524],[-122.984695,46.135487],[-122.984465,46.135475],[-122.984442,46.135401],[-122.984335,46.135385],[-122.984335,46.135295],[-122.98443,46.135286],[-122.984465,46.135205],[-122.984539,46.135203],[-122.984585,46.135177],[-122.984591,46.135063],[-122.984546,46.135029],[-122.984465,46.135025],[-122.984459,46.134878],[-122.984417,46.134849],[-122.984335,46.134845],[-122.984308,46.134754],[-122.984077,46.134755],[-122.984077,46.134449],[-122.984054,46.134411],[-122.983873,46.134397],[-122.983824,46.134428],[-122.983818,46.134485],[-122.983688,46.134485],[-122.983688,46.134395],[-122.98377,46.134391],[-122.983814,46.134357],[-122.983817,46.134264],[-122.983789,46.134227],[-122.9833,46.134215],[-122.983231,46.134191],[-122.983069,46.134227],[-122.983041,46.134305],[-122.982653,46.134305],[-122.982653,46.134215],[-122.982759,46.134199],[-122.982815,46.134093],[-122.982782,46.134035],[-122.982782,46.133945],[-122.982999,46.133944],[-122.983058,46.133905],[-122.983041,46.133544],[-122.983013,46.133507],[-122.982782,46.133495],[-122.982754,46.133417],[-122.982599,46.133391],[-122.982532,46.13342],[-122.982523,46.133495],[-122.982299,46.133504],[-122.982264,46.133585],[-122.982176,46.133591],[-122.982135,46.133633],[-122.982148,46.133741],[-122.982264,46.133765],[-122.982264,46.133945],[-122.982137,46.133945],[-122.982106,46.133867],[-122.981876,46.133855],[-122.981873,46.133803],[-122.981835,46.133771],[-122.981617,46.133765],[-122.981617,46.133495],[-122.981956,46.133494],[-122.982023,46.133455],[-122.981988,46.133334],[-122.981876,46.133315],[-122.981842,46.133234],[-122.981747,46.133225],[-122.981747,46.133135],[-122.982135,46.133135],[-122.982204,46.133159],[-122.982265,46.133135],[-122.982482,46.133128],[-122.982523,46.133086],[-122.982524,46.132865],[-122.982741,46.132858],[-122.982779,46.132826],[-122.982783,46.132775],[-122.983171,46.132775],[-122.983174,46.132917],[-122.983248,46.132955],[-122.983367,46.132954],[-122.983417,46.132931],[-122.98343,46.132775],[-122.983947,46.132775],[-122.983948,46.132906],[-122.983976,46.132943],[-122.984303,46.132959],[-122.984336,46.13292],[-122.984336,46.132739],[-122.984301,46.132694],[-122.984077,46.132685],[-122.984068,46.132624],[-122.984015,46.132596],[-122.983559,46.132595],[-122.983559,46.132505],[-122.983676,46.132481],[-122.983688,46.132374],[-122.983634,46.132327],[-122.98343,46.132325],[-122.98343,46.131875],[-122.983559,46.131875],[-122.983621,46.131899],[-122.983691,46.131875],[-122.984396,46.131875],[-122.984456,46.131846],[-122.984466,46.131785],[-122.984854,46.131785],[-122.984889,46.131866],[-122.985113,46.131875],[-122.985136,46.131949],[-122.985242,46.131965],[-122.985242,46.132145],[-122.985126,46.132169],[-122.985114,46.132282],[-122.985154,46.132319],[-122.985242,46.132325],[-122.985271,46.132403],[-122.985372,46.132415],[-122.985389,46.132575],[-122.985501,46.132595],[-122.985519,46.132665],[-122.98563,46.132685],[-122.98564,46.132747],[-122.985693,46.132774],[-122.985855,46.132766],[-122.98589,46.132685],[-122.986148,46.132685],[-122.986148,46.132775],[-122.986114,46.132823],[-122.986177,46.132943],[-122.986339,46.132979],[-122.986407,46.132955],[-122.986537,46.132955],[-122.98654,46.133007],[-122.986578,46.133039],[-122.986795,46.133045],[-122.986799,46.133187],[-122.986843,46.133221],[-122.986925,46.133225],[-122.986934,46.133377],[-122.98698,46.133403],[-122.987054,46.133405],[-122.987089,46.133486],[-122.987184,46.133495],[-122.987184,46.133584],[-122.987054,46.133585],[-122.987048,46.133529],[-122.987006,46.133499],[-122.986858,46.133496],[-122.986799,46.133534],[-122.986784,46.133646],[-122.98683,46.133673],[-122.986925,46.133675],[-122.986938,46.133741],[-122.987054,46.133765],[-122.98706,46.133822],[-122.987102,46.133851],[-122.987443,46.133855]],[[-122.984977,46.132562],[-122.985002,46.13246],[-122.98497,46.132425],[-122.98478,46.132417],[-122.984728,46.132453],[-122.984728,46.132557],[-122.984779,46.132593],[-122.984928,46.132593],[-122.984977,46.132562]],[[-122.985035,46.133135],[-122.985109,46.133097],[-122.985103,46.132984],[-122.98505,46.132956],[-122.984895,46.132961],[-122.984855,46.132999],[-122.984863,46.133107],[-122.984916,46.133134],[-122.985035,46.133135]],[[-122.985419,46.133671],[-122.98557,46.133688],[-122.985621,46.13366],[-122.985624,46.133529],[-122.985568,46.133496],[-122.985399,46.133499],[-122.985352,46.133546],[-122.985377,46.133642],[-122.985419,46.133671]],[[-122.986455,46.134031],[-122.986598,46.134049],[-122.986653,46.134025],[-122.986663,46.133894],[-122.986611,46.133858],[-122.986462,46.133858],[-122.98641,46.133894],[-122.98641,46.133997],[-122.986455,46.134031]]]}},{"type":"Feature","properties":{"id":51,"area_m2":20300,"px":203,"rank":3,"persistent":false},"geometry":{"type":"Polygon","coordinates":[[[-122.960791,46.109909],[-122.960791,46.109999],[-122.960696,46.110008],[-122.960662,46.110089],[-122.960588,46.110091],[-122.960542,46.110117],[-122.960532,46.110269],[-122.960431,46.110281],[-122.960403,46.110359],[-122.960308,46.110368],[-122.960273,46.110449],[-122.960162,46.110469],[-122.960144,46.110629],[-122.960037,46.110645],[-122.960014,46.110719],[-122.959898,46.110743],[-122.959885,46.110809],[-122.959497,46.110808],[-122.959474,46.110734],[-122.959367,46.110718],[-122.959345,46.110644],[-122.959238,46.110628],[-122.95922,46.110558],[-122.959109,46.110538],[-122.959074,46.110458],[-122.958979,46.110448],[-122.958951,46.110371],[-122.95885,46.110358],[-122.958822,46.110281],[-122.958721,46.110268],[-122.958692,46.110191],[-122.958591,46.110178],[-122.958563,46.1101],[-122.958462,46.110088],[-122.958462,46.109728],[-122.958537,46.109726],[-122.958583,46.1097],[-122.958592,46.109548],[-122.958698,46.109532],[-122.958721,46.109458],[-122.958822,46.109446],[-122.958851,46.109368],[-122.958952,46.109356],[-122.95898,46.109278],[-122.959075,46.109269],[-122.95911,46.109188],[-122.959221,46.109169],[-122.959239,46.109098],[-122.959498,46.109099],[-122.959501,46.10915],[-122.959539,46.109182],[-122.959757,46.109189],[-122.959779,46.109263],[-122.959886,46.109279],[-122.959909,46.109353],[-122.960015,46.109369],[-122.960033,46.109439],[-122.960145,46.109459],[-122.960179,46.10954],[-122.960274,46.109549],[-122.960302,46.109627],[-122.960403,46.109639],[-122.960432,46.109717],[-122.960533,46.109729],[-122.960561,46.109807],[-122.960662,46.109819],[-122.96069,46.109897],[-122.960791,46.109909]]]}},{"type":"Feature","properties":{"id":49,"area_m2":6300,"px":63,"rank":4,"persistent":false},"geometry":{"type":"Polygon","coordinates":[[[-122.95561,46.116117],[-122.95561,46.116207],[-122.955277,46.116209],[-122.955228,46.11624],[-122.955222,46.116297],[-122.954963,46.116297],[-122.95488,46.116274],[-122.954727,46.116313],[-122.954704,46.116387],[-122.95448,46.116396],[-122.954445,46.116477],[-122.954371,46.116479],[-122.954325,46.116505],[-122.954316,46.116657],[-122.954209,46.116672],[-122.954186,46.116747],[-122.954057,46.116747],[-122.954034,46.116672],[-122.953928,46.116656],[-122.953928,46.116387],[-122.954039,46.116367],[-122.954091,46.116259],[-122.954057,46.116207],[-122.954057,46.116117],[-122.954164,46.116101],[-122.954187,46.116027],[-122.954288,46.116014],[-122.954316,46.115937],[-122.954411,46.115928],[-122.954446,46.115847],[-122.954558,46.115827],[-122.954575,46.115757],[-122.954935,46.115745],[-122.954963,46.115708],[-122.954964,46.115577],[-122.955093,46.115577],[-122.955094,46.115804],[-122.955134,46.115841],[-122.955222,46.115847],[-122.95524,46.116007],[-122.955351,46.116027],[-122.955357,46.116084],[-122.955399,46.116113],[-122.95561,46.116117]]]}},{"type":"Feature","properties":{"id":37,"area_m2":3000,"px":30,"rank":5,"persistent":false},"geometry":{"type":"Polygon","coordinates":[[[-122.990939,46.129356],[-122.990939,46.129446],[-122.990832,46.129462],[-122.990809,46.129536],[-122.99068,46.129536],[-122.990657,46.129461],[-122.99055,46.129446],[-122.990516,46.129365],[-122.990421,46.129356],[-122.990403,46.129105],[-122.990351,46.129086],[-122.990162,46.129086],[-122.990139,46.129011],[-122.990033,46.128996],[-122.990015,46.128925],[-122.989903,46.128906],[-122.989869,46.128825],[-122.989774,46.128816],[-122.989745,46.128738],[-122.989644,46.128726],[-122.989644,46.128546],[-122.98985,46.128557],[-122.989898,46.128526],[-122.989903,46.128456],[-122.990033,46.128456],[-122.990055,46.12853],[-122.990162,46.128546],[-122.990175,46.128612],[-122.990292,46.128636],[-122.99032,46.128713],[-122.990421,46.128726],[-122.990421,46.128906],[-122.990386,46.128953],[-122.990424,46.129047],[-122.990469,46.129082],[-122.99055,46.129086],[-122.990585,46.129167],[-122.99068,46.129176],[-122.990693,46.129332],[-122.99075,46.129355],[-122.990939,46.129356]]]}},{"type":"Feature","properties":{"id":13,"area_m2":2200,"px":22,"rank":6,"persistent":false},"geometry":{"type":"Polygon","coordinates":[[[-122.989899,46.133767],[-122.989868,46.133813],[-122.989902,46.133856],[-122.989902,46.133946],[-122.989576,46.133947],[-122.989523,46.133974],[-122.989514,46.134036],[-122.989385,46.134036],[-122.989362,46.133961],[-122.989255,46.133946],[-122.989232,46.133781],[-122.988996,46.133766],[-122.988996,46.133586],[-122.989126,46.133586],[-122.989132,46.133642],[-122.989181,46.133673],[-122.989444,46.133675],[-122.989505,46.133647],[-122.989514,46.133586],[-122.989718,46.133583],[-122.989767,46.133552],[-122.989773,46.133496],[-122.989902,46.133496],[-122.989899,46.133767]]]}},{"type":"Feature","properties":{"id":16,"area_m2":1900,"px":19,"rank":7,"persistent":false},"geometry":{"type":"Polygon","coordinates":[[[-122.989514,46.133046],[-122.989514,46.133136],[-122.989426,46.133142],[-122.989386,46.133179],[-122.989384,46.133406],[-122.989278,46.133421],[-122.989255,46.133496],[-122.989126,46.133496],[-122.98912,46.133439],[-122.989071,46.133408],[-122.988867,46.133406],[-122.988851,46.133323],[-122.988901,46.133268],[-122.988842,46.133215],[-122.988754,46.133232],[-122.988737,46.133315],[-122.988608,46.133315],[-122.988608,46.133136],[-122.988682,46.133133],[-122.988728,46.133107],[-122.988737,46.132956],[-122.988867,46.132956],[-122.988873,46.133012],[-122.988922,46.133043],[-122.989126,46.133046],[-122.989135,46.133107],[-122.989188,46.133135],[-122.989337,46.133132],[-122.989379,46.133102],[-122.989385,46.133046],[-122.989514,46.133046]]]}},{"type":"Feature","properties":{"id":19,"area_m2":1700,"px":17,"rank":8,"persistent":false},"geometry":{"type":"Polygon","coordinates":[[[-122.982524,46.132415],[-122.982524,46.132505],[-122.982442,46.132509],[-122.982398,46.132543],[-122.982394,46.132685],[-122.982287,46.132701],[-122.982265,46.132775],[-122.98217,46.132784],[-122.982135,46.132865],[-122.982023,46.132884],[-122.982006,46.132955],[-122.98168,46.132956],[-122.981626,46.132983],[-122.981617,46.133045],[-122.981488,46.133045],[-122.981488,46.132865],[-122.981595,46.132849],[-122.981617,46.132775],[-122.981936,46.132774],[-122.981993,46.132751],[-122.982006,46.132595],[-122.982108,46.13259],[-122.982152,46.132555],[-122.982135,46.132415],[-122.982265,46.132415],[-122.982326,46.132439],[-122.982394,46.132415],[-122.982524,46.132415]]]}},{"type":"Feature","properties":{"id":32,"area_m2":1600,"px":16,"rank":9,"persistent":false},"geometry":{"type":"Polygon","coordinates":[[[-122.986408,46.130525],[-122.986408,46.130705],[-122.986183,46.130714],[-122.986149,46.130795],[-122.986032,46.130819],[-122.986019,46.130885],[-122.985908,46.130905],[-122.98589,46.130975],[-122.985778,46.130995],[-122.98576,46.131065],[-122.985557,46.131067],[-122.985507,46.131098],[-122.985501,46.131155],[-122.985372,46.131155],[-122.985372,46.131065],[-122.985467,46.131056],[-122.985502,46.130975],[-122.985576,46.130973],[-122.985622,46.130947],[-122.985631,46.130795],[-122.985738,46.130779],[-122.985761,46.130705],[-122.985944,46.130719],[-122.986007,46.130695],[-122.98602,46.130525],[-122.986408,46.130525]]]}},{"type":"Feature","properties":{"id":8,"area_m2":1400,"px":14,"rank":10,"persistent":false},"geometry":{"type":"Polygon","coordinates":[[[-122.989255,46.134846],[-122.989255,46.134936],[-122.989125,46.134936],[-122.989091,46.134855],[-122.988867,46.134846],[-122.988861,46.134789],[-122.988811,46.134758],[-122.988608,46.134756],[-122.988602,46.134699],[-122.98856,46.13467],[-122.988274,46.134668],[-122.988225,46.134699],[-122.988219,46.134755],[-122.988138,46.13476],[-122.988093,46.134794],[-122.98809,46.135115],[-122.98796,46.135115],[-122.98796,46.134756],[-122.988035,46.134753],[-122.988081,46.134727],[-122.98809,46.134576],[-122.988607,46.134576],[-122.988642,46.134656],[-122.988866,46.134666],[-122.988901,46.134746],[-122.989125,46.134756],[-122.989148,46.13483],[-122.989255,46.134846]]]}},{"type":"Feature","properties":{"id":46,"area_m2":1300,"px":13,"rank":11,"persistent":false},"geometry":{"type":"Polygon","coordinates":[[[-122.970879,46.120352],[-122.970879,46.120532],[-122.970655,46.120541],[-122.970621,46.120581],[-122.97062,46.120712],[-122.970491,46.120712],[-122.970485,46.120385],[-122.970443,46.120356],[-122.970362,46.120352],[-122.970361,46.120221],[-122.970333,46.120184],[-122.970103,46.120172],[-122.970103,46.120082],[-122.970362,46.120082],[-122.970379,46.120152],[-122.970491,46.120172],[-122.970525,46.120253],[-122.97062,46.120262],[-122.970649,46.12034],[-122.970879,46.120352]]]}},{"type":"Feature","properties":{"id":25,"area_m2":1200,"px":12,"rank":12,"persistent":false},"geometry":{"type":"Polygon","coordinates":[[[-122.993139,46.131786],[-122.993139,46.131966],[-122.993051,46.131972],[-122.993011,46.132009],[-122.993009,46.132236],[-122.992751,46.132236],[-122.992751,46.131966],[-122.992785,46.131923],[-122.992751,46.131876],[-122.992751,46.131786],[-122.992857,46.13177],[-122.992882,46.131696],[-122.993009,46.131696],[-122.993032,46.13177],[-122.993139,46.131786]]]}},{"type":"Feature","properties":{"id":9,"area_m2":1000,"px":10,"rank":13,"persistent":false},"geometry":{"type":"Polygon","coordinates":[[[-122.983688,46.134575],[-122.983688,46.134665],[-122.98317,46.134665],[-122.983148,46.134591],[-122.983041,46.134575],[-122.983006,46.134494],[-122.982911,46.134485],[-122.982912,46.134395],[-122.9833,46.134395],[-122.983313,46.134461],[-122.983429,46.134485],[-122.983464,46.134566],[-122.983688,46.134575]]]}},{"type":"Feature","properties":{"id":34,"area_m2":1000,"px":10,"rank":14,"persistent":false},"geometry":{"type":"Polygon","coordinates":[[[-122.989126,46.130706],[-122.989126,46.130795],[-122.9888,46.130797],[-122.988747,46.130824],[-122.988738,46.130885],[-122.988608,46.130885],[-122.988586,46.130811],[-122.988479,46.130795],[-122.988444,46.130715],[-122.98835,46.130705],[-122.98835,46.130526],[-122.988479,46.130526],[-122.988485,46.130582],[-122.988534,46.130613],[-122.988738,46.130616],[-122.988744,46.130672],[-122.988793,46.130703],[-122.989126,46.130706]]]}},{"type":"Feature","properties":{"id":5,"area_m2":800,"px":8,"rank":15,"persistent":false},"geometry":{"type":"Polygon","coordinates":[[[-122.989773,46.135116],[-122.989773,46.135206],[-122.989666,46.135221],[-122.989643,46.135296],[-122.989542,46.135308],[-122.989514,46.135386],[-122.989419,46.135395],[-122.989384,46.135476],[-122.989272,46.135495],[-122.989255,46.135566],[-122.989125,46.135566],[-122.989125,46.135476],[-122.989226,46.135463],[-122.989255,46.135386],[-122.98935,46.135377],[-122.989384,46.135296],[-122.989466,46.135292],[-122.98951,46.135257],[-122.98951,46.135064],[-122.989466,46.13503],[-122.989384,46.135026],[-122.989384,46.134936],[-122.989514,46.134936],[-122.989536,46.13501],[-122.989643,46.135026],[-122.989678,46.135107],[-122.989773,46.135116]]]}},{"type":"Feature","properties":{"id":12,"area_m2":800,"px":8,"rank":16,"persistent":false},"geometry":{"type":"Polygon","coordinates":[[[-122.98796,46.133946],[-122.98796,46.134035],[-122.987872,46.134042],[-122.987832,46.134079],[-122.987831,46.134395],[-122.987701,46.134395],[-122.987679,46.134321],[-122.987572,46.134305],[-122.987572,46.134126],[-122.987646,46.134123],[-122.987692,46.134097],[-122.987702,46.133946],[-122.98796,46.133946]]]}},{"type":"Feature","properties":{"id":29,"area_m2":800,"px":8,"rank":17,"persistent":false},"geometry":{"type":"Polygon","coordinates":[[[-122.984466,46.131245],[-122.984466,46.131335],[-122.984371,46.131344],[-122.984336,46.131425],[-122.984262,46.131427],[-122.984216,46.131454],[-122.984207,46.131605],[-122.984077,46.131605],[-122.984074,46.131463],[-122.984029,46.131429],[-122.983948,46.131425],[-122.983948,46.131335],[-122.984055,46.131319],[-122.984078,46.131245],[-122.984466,46.131245]]]}},{"type":"Feature","properties":{"id":30,"area_m2":800,"px":8,"rank":18,"persistent":false},"geometry":{"type":"Polygon","coordinates":[[[-122.988738,46.131156],[-122.988738,46.131335],[-122.988479,46.131335],[-122.988456,46.131171],[-122.98822,46.131155],[-122.98822,46.130976],[-122.988349,46.130976],[-122.988355,46.131032],[-122.988405,46.131063],[-122.988608,46.131066],[-122.988631,46.13114],[-122.988738,46.131156]]]}},{"type":"Feature","properties":{"id":31,"area_m2":800,"px":8,"rank":19,"persistent":false},"geometry":{"type":"Polygon","coordinates":[[[-122.986667,46.130795],[-122.986666,46.130975],[-122.986578,46.130982],[-122.986539,46.131019],[-122.986537,46.131245],[-122.986408,46.131245],[-122.986398,46.131094],[-122.986353,46.131068],[-122.986278,46.131065],[-122.986278,46.130885],[-122.986482,46.130883],[-122.986531,46.130852],[-122.986537,46.130795],[-122.986667,46.130795]]]}},{"type":"Feature","properties":{"id":54,"area_m2":800,"px":8,"rank":20,"persistent":false},"geometry":{"type":"Polygon","coordinates":[[[-122.959887,46.108289],[-122.959887,46.108379],[-122.959798,46.108385],[-122.959759,46.108422],[-122.959757,46.108649],[-122.959369,46.108648],[-122.959369,46.108559],[-122.959464,46.108549],[-122.959498,46.108469],[-122.959573,46.108466],[-122.959619,46.10844],[-122.959628,46.108289],[-122.959887,46.108289]]]}},{"type":"Feature","properties":{"id":3,"area_m2":700,"px":7,"rank":21,"persistent":false},"geometry":{"type":"Polygon","coordinates":[[[-122.985371,46.136105],[-122.985371,46.136285],[-122.984982,46.136285],[-122.984979,46.136143],[-122.984934,46.136109],[-122.984853,46.136105],[-122.984853,46.136015],[-122.984982,46.136015],[-122.984991,46.136077],[-122.985045,46.136104],[-122.985371,46.136105]]]}},{"type":"Feature","properties":{"id":20,"area_m2":700,"px":7,"rank":22,"persistent":false},"geometry":{"type":"Polygon","coordinates":[[[-122.987702,46.132506],[-122.987702,46.132685],[-122.987443,46.132685],[-122.987441,46.132459],[-122.987402,46.132422],[-122.987314,46.132415],[-122.987314,46.132235],[-122.987443,46.132235],[-122.987456,46.132391],[-122.987572,46.132415],[-122.987607,46.132496],[-122.987702,46.132506]]]}},{"type":"Feature","properties":{"id":35,"area_m2":700,"px":7,"rank":23,"persistent":false},"geometry":{"type":"Polygon","coordinates":[[[-122.976311,46.129894],[-122.976311,46.130164],[-122.976181,46.130164],[-122.976168,46.130008],[-122.976052,46.129983],[-122.976018,46.129903],[-122.975923,46.129893],[-122.975894,46.129816],[-122.975793,46.129803],[-122.975765,46.129726],[-122.975664,46.129713],[-122.975664,46.129624],[-122.975793,46.129624],[-122.975811,46.129694],[-122.975923,46.129714],[-122.975936,46.12978],[-122.976052,46.129804],[-122.976087,46.129884],[-122.976311,46.129894]]]}},{"type":"Feature","properties":{"id":39,"area_m2":700,"px":7,"rank":24,"persistent":false},"geometry":{"type":"Polygon","coordinates":[[[-122.976182,46.129354],[-122.976182,46.129444],[-122.976052,46.129443],[-122.976035,46.129373],[-122.975923,46.129353],[-122.975888,46.129273],[-122.975794,46.129263],[-122.975765,46.129186],[-122.975664,46.129173],[-122.975636,46.129096],[-122.975405,46.129083],[-122.975405,46.128903],[-122.975535,46.128903],[-122.975557,46.128978],[-122.975664,46.128994],[-122.975682,46.129064],[-122.975793,46.129084],[-122.975828,46.129164],[-122.975923,46.129174],[-122.975951,46.129251],[-122.976052,46.129264],[-122.976081,46.129341],[-122.976182,46.129354]]]}},{"type":"Feature","properties":{"id":4,"area_m2":600,"px":6,"rank":25,"persistent":false},"geometry":{"type":"Polygon","coordinates":[[[-122.988607,46.135656],[-122.988607,46.135746],[-122.98796,46.135745],[-122.98796,46.135566],[-122.988089,46.135566],[-122.988099,46.135627],[-122.988152,46.135654],[-122.988607,46.135656]]]}},{"type":"Feature","properties":{"id":36,"area_m2":600,"px":6,"rank":26,"persistent":false},"geometry":{"type":"Polygon","coordinates":[[[-122.981489,46.129355],[-122.981489,46.129624],[-122.98136,46.129624],[-122.981337,46.12955],[-122.98123,46.129534],[-122.98123,46.129265],[-122.98136,46.129265],[-122.981382,46.129339],[-122.981489,46.129355]]]}},{"type":"Feature","properties":{"id":11,"area_m2":500,"px":5,"rank":27,"persistent":false},"geometry":{"type":"Polygon","coordinates":[[[-122.990679,46.134216],[-122.990679,46.134306],[-122.990572,46.134322],[-122.990549,46.134396],[-122.990433,46.13442],[-122.99042,46.134486],[-122.990291,46.134486],[-122.990291,46.134306],[-122.990397,46.13429],[-122.99042,46.134216],[-122.990679,46.134216]]]}},{"type":"Feature","properties":{"id":23,"area_m2":500,"px":5,"rank":28,"persistent":false},"geometry":{"type":"Polygon","coordinates":[[[-122.982135,46.132055],[-122.982135,46.132235],[-122.982029,46.132251],[-122.982006,46.132325],[-122.981877,46.132325],[-122.981877,46.132055],[-122.982135,46.132055]]]}},{"type":"Feature","properties":{"id":26,"area_m2":500,"px":5,"rank":29,"persistent":false},"geometry":{"type":"Polygon","coordinates":[[[-122.987443,46.131965],[-122.987443,46.132145],[-122.987314,46.132145],[-122.987304,46.132084],[-122.987251,46.132056],[-122.986925,46.132055],[-122.986925,46.131965],[-122.987443,46.131965]]]}},{"type":"Feature","properties":{"id":38,"area_m2":500,"px":5,"rank":30,"persistent":false},"geometry":{"type":"Polygon","coordinates":[[[-122.989774,46.129266],[-122.989774,46.129356],[-122.989667,46.129371],[-122.989644,46.129446],[-122.989515,46.129446],[-122.989511,46.129304],[-122.989467,46.12927],[-122.989385,46.129265],[-122.989385,46.129176],[-122.989644,46.129176],[-122.989667,46.12925],[-122.989774,46.129266]]]}},{"type":"Feature","properties":{"id":1,"area_m2":400,"px":4,"rank":31,"persistent":false},"geometry":{"type":"Polygon","coordinates":[[[-122.986277,46.136465],[-122.986277,46.136555],[-122.98617,46.136571],[-122.986147,46.136645],[-122.986031,46.136669],[-122.986018,46.136735],[-122.985888,46.136735],[-122.985889,46.136555],[-122.986092,46.136553],[-122.986141,46.136522],[-122.986147,46.136465],[-122.986277,46.136465]]]}},{"type":"Feature","properties":{"id":7,"area_m2":400,"px":4,"rank":32,"persistent":false},"geometry":{"type":"Polygon","coordinates":[[[-122.99029,46.135026],[-122.99029,46.135116],[-122.990184,46.135132],[-122.990161,46.135206],[-122.990032,46.135206],[-122.990032,46.135116],[-122.990066,46.135073],[-122.990032,46.135026],[-122.990032,46.134846],[-122.990161,46.134846],[-122.99017,46.134997],[-122.990216,46.135023],[-122.99029,46.135026]]]}},{"type":"Feature","properties":{"id":10,"area_m2":400,"px":4,"rank":33,"persistent":false},"geometry":{"type":"Polygon","coordinates":[[[-122.989255,46.134486],[-122.989255,46.134576],[-122.989127,46.134576],[-122.989122,46.134524],[-122.989084,46.134492],[-122.988867,46.134486],[-122.988867,46.134306],[-122.988996,46.134306],[-122.989019,46.13438],[-122.989125,46.134396],[-122.98916,46.134477],[-122.989255,46.134486]]]}},{"type":"Feature","properties":{"id":22,"area_m2":400,"px":4,"rank":34,"persistent":false},"geometry":{"type":"Polygon","coordinates":[[[-122.989773,46.132236],[-122.989773,46.132506],[-122.989514,46.132506],[-122.989514,46.132416],[-122.989596,46.132412],[-122.98964,46.132377],[-122.989644,46.132236],[-122.989773,46.132236]]]}},{"type":"Feature","properties":{"id":24,"area_m2":400,"px":4,"rank":35,"persistent":false},"geometry":{"type":"Polygon","coordinates":[[[-122.993916,46.132146],[-122.993916,46.132236],[-122.993786,46.132236],[-122.993725,46.132212],[-122.993657,46.132236],[-122.993527,46.132236],[-122.993527,46.132146],[-122.993562,46.132103],[-122.993527,46.132056],[-122.993527,46.131966],[-122.993657,46.131966],[-122.99368,46.13204],[-122.993786,46.132056],[-122.993821,46.132137],[-122.993916,46.132146]]]}},{"type":"Feature","properties":{"id":28,"area_m2":400,"px":4,"rank":36,"persistent":false},"geometry":{"type":"Polygon","coordinates":[[[-122.984466,46.131605],[-122.984466,46.131695],[-122.984359,46.131711],[-122.984336,46.131785],[-122.983948,46.131785],[-122.983948,46.131695],[-122.984274,46.131694],[-122.984327,46.131666],[-122.984336,46.131605],[-122.984466,46.131605]]]}},{"type":"Feature","properties":{"id":41,"area_m2":400,"px":4,"rank":37,"persistent":false},"geometry":{"type":"Polygon","coordinates":[[[-122.974887,46.129083],[-122.974887,46.129173],[-122.974758,46.129173],[-122.974697,46.129149],[-122.974628,46.129173],[-122.974499,46.129173],[-122.974499,46.129083],[-122.974534,46.129041],[-122.974499,46.128993],[-122.974499,46.128903],[-122.974628,46.128903],[-122.974651,46.128977],[-122.974758,46.128993],[-122.974792,46.129074],[-122.974887,46.129083]]]}},{"type":"Feature","properties":{"id":43,"area_m2":400,"px":4,"rank":38,"persistent":false},"geometry":{"type":"Polygon","coordinates":[[[-122.97204,46.128093],[-122.97204,46.128183],[-122.971781,46.128182],[-122.971758,46.128108],[-122.971652,46.128092],[-122.971652,46.128003],[-122.971911,46.128003],[-122.971933,46.128077],[-122.97204,46.128093]]]}},{"type":"Feature","properties":{"id":48,"area_m2":400,"px":4,"rank":39,"persistent":false},"geometry":{"type":"Polygon","coordinates":[[[-122.970233,46.118642],[-122.970233,46.118822],[-122.970104,46.118822],[-122.970094,46.118671],[-122.970048,46.118644],[-122.969974,46.118642],[-122.96994,46.118561],[-122.969845,46.118552],[-122.969845,46.118462],[-122.969974,46.118462],[-122.969997,46.118536],[-122.970103,46.118552],[-122.970138,46.118633],[-122.970233,46.118642]]]}},{"type":"Feature","properties":{"id":52,"area_m2":400,"px":4,"rank":40,"persistent":false},"geometry":{"type":"Polygon","coordinates":[[[-122.961827,46.109369],[-122.961827,46.109549],[-122.961697,46.109549],[-122.961675,46.109475],[-122.961568,46.109459],[-122.961568,46.109279],[-122.961698,46.109279],[-122.96172,46.109353],[-122.961827,46.109369]]]}},{"type":"Feature","properties":{"id":6,"area_m2":300,"px":3,"rank":41,"persistent":false},"geometry":{"type":"Polygon","coordinates":[[[-122.983817,46.135385],[-122.983817,46.135475],[-122.983688,46.135475],[-122.983665,46.135401],[-122.983559,46.135385],[-122.983524,46.135304],[-122.983429,46.135295],[-122.983429,46.135205],[-122.983558,46.135205],[-122.983581,46.135279],[-122.983688,46.135295],[-122.983722,46.135376],[-122.983817,46.135385]]]}},{"type":"Feature","properties":{"id":14,"area_m2":300,"px":3,"rank":42,"persistent":false},"geometry":{"type":"Polygon","coordinates":[[[-122.981487,46.133855],[-122.981487,46.134035],[-122.981358,46.134035],[-122.981335,46.13396],[-122.981229,46.133945],[-122.981229,46.133855],[-122.981487,46.133855]]]}},{"type":"Feature","properties":{"id":15,"area_m2":300,"px":3,"rank":43,"persistent":false},"geometry":{"type":"Polygon","coordinates":[[[-122.991844,46.133406],[-122.991844,46.133586],[-122.991585,46.133586],[-122.991585,46.133496],[-122.991692,46.13348],[-122.991715,46.133406],[-122.991844,46.133406]]]}},{"type":"Feature","properties":{"id":17,"area_m2":300,"px":3,"rank":44,"persistent":false},"geometry":{"type":"Polygon","coordinates":[[[-122.987313,46.133135],[-122.987313,46.133315],[-122.987054,46.133315],[-122.987054,46.133225],[-122.987161,46.13321],[-122.987184,46.133135],[-122.987313,46.133135]]]}},{"type":"Feature","properties":{"id":21,"area_m2":300,"px":3,"rank":45,"persistent":false},"geometry":{"type":"Polygon","coordinates":[[[-122.990161,46.132416],[-122.990161,46.132506],[-122.990034,46.132506],[-122.990009,46.132431],[-122.989903,46.132416],[-122.989903,46.132236],[-122.990032,46.132236],[-122.990041,46.132387],[-122.990087,46.132413],[-122.990161,46.132416]]]}},{"type":"Feature","properties":{"id":27,"area_m2":300,"px":3,"rank":46,"persistent":false},"geometry":{"type":"Polygon","coordinates":[[[-122.989126,46.131966],[-122.989126,46.132056],[-122.988738,46.132055],[-122.988738,46.131966],[-122.989126,46.131966]]]}},{"type":"Feature","properties":{"id":33,"area_m2":300,"px":3,"rank":47,"persistent":false},"geometry":{"type":"Polygon","coordinates":[[[-122.985501,46.130795],[-122.985501,46.130885],[-122.985395,46.130901],[-122.985372,46.130975],[-122.985256,46.130999],[-122.985242,46.131065],[-122.985113,46.131065],[-122.985113,46.130975],[-122.98522,46.130959],[-122.985243,46.130885],[-122.985359,46.130861],[-122.985372,46.130795],[-122.985501,46.130795]]]}},{"type":"Feature","properties":{"id":40,"area_m2":300,"px":3,"rank":48,"persistent":false},"geometry":{"type":"Polygon","coordinates":[[[-122.989126,46.129176],[-122.989126,46.129355],[-122.988868,46.129355],[-122.988868,46.129266],[-122.988974,46.12925],[-122.988997,46.129176],[-122.989126,46.129176]]]}},{"type":"Feature","properties":{"id":42,"area_m2":300,"px":3,"rank":49,"persistent":false},"geometry":{"type":"Polygon","coordinates":[[[-122.981748,46.128455],[-122.981748,46.128545],[-122.981619,46.128544],[-122.981558,46.12852],[-122.981489,46.128544],[-122.98136,46.128544],[-122.98136,46.128455],[-122.981467,46.128439],[-122.981489,46.128365],[-122.981619,46.128365],[-122.981642,46.128439],[-122.981748,46.128455]]]}},{"type":"Feature","properties":{"id":44,"area_m2":300,"px":3,"rank":50,"persistent":false},"geometry":{"type":"Polygon","coordinates":[[[-122.987832,46.128005],[-122.987832,46.128095],[-122.987573,46.128095],[-122.987573,46.127915],[-122.987703,46.127915],[-122.987726,46.12799],[-122.987832,46.128005]]]}},{"type":"Feature","properties":{"id":45,"area_m2":300,"px":3,"rank":51,"persistent":false},"geometry":{"type":"Polygon","coordinates":[[[-122.973724,46.124493],[-122.973724,46.124673],[-122.973466,46.124673],[-122.973466,46.124583],[-122.973572,46.124567],[-122.973595,46.124493],[-122.973724,46.124493]]]}},{"type":"Feature","properties":{"id":47,"area_m2":300,"px":3,"rank":52,"persistent":false},"geometry":{"type":"Polygon","coordinates":[[[-122.96855,46.120082],[-122.968549,46.120262],[-122.96842,46.120261],[-122.968397,46.120187],[-122.968291,46.120171],[-122.968291,46.120082],[-122.96855,46.120082]]]}},{"type":"Feature","properties":{"id":50,"area_m2":300,"px":3,"rank":53,"persistent":false},"geometry":{"type":"Polygon","coordinates":[[[-122.963375,46.11594],[-122.963375,46.11603],[-122.963117,46.11603],[-122.963117,46.11585],[-122.963246,46.11585],[-122.963269,46.115924],[-122.963375,46.11594]]]}},{"type":"Feature","properties":{"id":53,"area_m2":300,"px":3,"rank":54,"persistent":false},"geometry":{"type":"Polygon","coordinates":[[[-122.961568,46.109099],[-122.961568,46.109189],[-122.96131,46.109189],[-122.961287,46.109115],[-122.96118,46.109099],[-122.96118,46.109009],[-122.961309,46.109009],[-122.961315,46.109066],[-122.961365,46.109097],[-122.961568,46.109099]]]}}]}