{"type":"FeatureCollection","features":[{"type":"Feature","properties":{"id":1,"area_m2":1509000,"px":15090,"rank":1,"persistent":false},"geometry":{"type":"Polygon","coordinates":[[[-122.991324,46.130617],[-122.991292,46.130663],[-122.991327,46.130706],[-122.991325,46.130796],[-122.990809,46.130796],[-122.990796,46.13073],[-122.99068,46.130706],[-122.990676,46.130654],[-122.990639,46.130622],[-122.99032,46.130628],[-122.990291,46.130706],[-122.99019,46.130718],[-122.990162,46.130796],[-122.990067,46.130805],[-122.990032,46.13085],[-122.990034,46.130932],[-122.990067,46.130967],[-122.990291,46.130976],[-122.990291,46.131156],[-122.990107,46.131142],[-122.990054,46.131158],[-122.990032,46.131246],[-122.989951,46.13125],[-122.989909,46.131279],[-122.989903,46.131426],[-122.989758,46.131418],[-122.989772,46.131365],[-122.989727,46.131326],[-122.989635,46.131341],[-122.989609,46.131383],[-122.98966,46.131433],[-122.989644,46.131606],[-122.989514,46.131606],[-122.989501,46.13145],[-122.989385,46.131426],[-122.98935,46.131345],[-122.989256,46.131336],[-122.989246,46.131184],[-122.9892,46.131158],[-122.989126,46.131156],[-122.989126,46.131066],[-122.989317,46.131079],[-122.989384,46.131036],[-122.989376,46.130914],[-122.98933,46.130888],[-122.989256,46.130886],[-122.989275,46.130666],[-122.989242,46.130625],[-122.989067,46.130616],[-122.989006,46.130644],[-122.988997,46.130796],[-122.988962,46.130838],[-122.988997,46.130886],[-122.988997,46.130975],[-122.988608,46.130975],[-122.988595,46.13073],[-122.988479,46.130705],[-122.988444,46.130625],[-122.98835,46.130615],[-122.988336,46.130459],[-122.98822,46.130435],[-122.988186,46.130355],[-122.988091,46.130345],[-122.988062,46.130268],[-122.987961,46.130255],[-122.987933,46.130178],[-122.987832,46.130165],[-122.987809,46.130091],[-122.987641,46.130051],[-122.987573,46.130075],[-122.987325,46.130086],[-122.987281,46.129981],[-122.98711,46.129988],[-122.987058,46.130024],[-122.987021,46.130112],[-122.987036,46.130153],[-122.987116,46.130189],[-122.987185,46.130165],[-122.987314,46.130165],[-122.987314,46.130435],[-122.987279,46.130483],[-122.987314,46.130525],[-122.98732,46.130672],[-122.987376,46.130704],[-122.987573,46.130705],[-122.987582,46.130857],[-122.987628,46.130883],[-122.987702,46.130885],[-122.987702,46.130975],[-122.987573,46.130975],[-122.987538,46.130894],[-122.987314,46.130885],[-122.987291,46.130811],[-122.987184,46.130795],[-122.987184,46.130664],[-122.98715,46.130624],[-122.986796,46.130615],[-122.986793,46.130564],[-122.986755,46.130532],[-122.986537,46.130525],[-122.986537,46.130435],[-122.986619,46.130431],[-122.986661,46.130402],[-122.986663,46.130294],[-122.986619,46.130259],[-122.986537,46.130255],[-122.986503,46.130174],[-122.986408,46.130165],[-122.98639,46.129915],[-122.98621,46.129871],[-122.986012,46.12992],[-122.986019,46.130075],[-122.985831,46.130075],[-122.985774,46.130099],[-122.985726,46.130208],[-122.985761,46.130255],[-122.98576,46.130345],[-122.985631,46.130345],[-122.985562,46.130321],[-122.985427,46.130347],[-122.985378,46.130378],[-122.98537,46.130435],[-122.985243,46.130435],[-122.985237,46.130365],[-122.985182,46.130333],[-122.985001,46.130365],[-122.984987,46.130487],[-122.985032,46.130521],[-122.985113,46.130525],[-122.985113,46.130615],[-122.984922,46.130602],[-122.98486,46.130635],[-122.984858,46.130757],[-122.984902,46.130791],[-122.984984,46.130795],[-122.984984,46.130885],[-122.984909,46.130887],[-122.984863,46.130914],[-122.984854,46.131155],[-122.984747,46.131171],[-122.984725,46.131245],[-122.984595,46.131245],[-122.984534,46.131221],[-122.984466,46.131245],[-122.984321,46.131237],[-122.984336,46.131155],[-122.984411,46.131153],[-122.984457,46.131126],[-122.984466,46.131029],[-122.984431,46.130984],[-122.984337,46.130975],[-122.984333,46.13091],[-122.984297,46.130878],[-122.983889,46.130885],[-122.983832,46.130909],[-122.983836,46.131148],[-122.983894,46.131169],[-122.984077,46.131155],[-122.9841,46.131229],[-122.984223,46.131253],[-122.984172,46.131377],[-122.984207,46.131425],[-122.984207,46.131515],[-122.984125,46.131519],[-122.984083,46.131548],[-122.9841,46.131679],[-122.984281,46.131693],[-122.98433,46.131662],[-122.984336,46.131605],[-122.984466,46.131605],[-122.984446,46.131735],[-122.984479,46.131776],[-122.985113,46.131785],[-122.985136,46.131949],[-122.985372,46.131965],[-122.985395,46.132039],[-122.985501,46.132055],[-122.985501,46.132145],[-122.985413,46.132152],[-122.985373,46.132189],[-122.985372,46.132451],[-122.985406,46.132496],[-122.985501,46.132505],[-122.985501,46.132636],[-122.985529,46.132673],[-122.985956,46.132684],[-122.98601,46.132657],[-122.986019,46.132595],[-122.986278,46.132595],[-122.986278,46.132775],[-122.986243,46.132823],[-122.986295,46.132936],[-122.986348,46.132955],[-122.986666,46.132955],[-122.986669,46.133007],[-122.986707,46.133039],[-122.986925,46.133045],[-122.986931,46.133115],[-122.986985,46.133148],[-122.987265,46.133131],[-122.987307,46.133102],[-122.987313,46.133045],[-122.98743,46.133021],[-122.987443,46.132955],[-122.987572,46.132955],[-122.987572,46.133045],[-122.987477,46.133055],[-122.987443,46.133135],[-122.987368,46.133138],[-122.987322,46.133164],[-122.987313,46.133315],[-122.987204,46.133322],[-122.987164,46.133371],[-122.987197,46.133471],[-122.987313,46.133495],[-122.987342,46.133573],[-122.987572,46.133586],[-122.987561,46.133686],[-122.987313,46.133675],[-122.987307,46.133619],[-122.987258,46.133588],[-122.987065,46.133596],[-122.987045,46.133524],[-122.986984,46.133496],[-122.986813,46.133515],[-122.986776,46.13362],[-122.986797,46.133659],[-122.986853,46.133675],[-122.987043,46.133664],[-122.987067,46.133741],[-122.987184,46.133765],[-122.987218,46.133846],[-122.987458,46.133863],[-122.987444,46.133992],[-122.987505,46.134034],[-122.987646,46.134033],[-122.9877,46.133992],[-122.987688,46.133879],[-122.987556,46.133848],[-122.987583,46.133754],[-122.987701,46.133766],[-122.987707,46.133822],[-122.987749,46.133851],[-122.98796,46.133856],[-122.98796,46.134035],[-122.987865,46.134045],[-122.987831,46.134089],[-122.987837,46.134272],[-122.987879,46.134301],[-122.98796,46.134306],[-122.98796,46.134485],[-122.987831,46.134485],[-122.987818,46.134419],[-122.987701,46.134395],[-122.987698,46.134344],[-122.98766,46.134312],[-122.987471,46.134318],[-122.987442,46.134395],[-122.987361,46.1344],[-122.987319,46.134429],[-122.987313,46.134575],[-122.987218,46.134585],[-122.987184,46.134629],[-122.987201,46.134736],[-122.987313,46.134755],[-122.987347,46.134836],[-122.987442,46.134846],[-122.987442,46.134935],[-122.987094,46.134929],[-122.987057,46.13496],[-122.987043,46.135036],[-122.986873,46.135025],[-122.986818,46.135041],[-122.986795,46.135115],[-122.986679,46.135139],[-122.986646,46.135234],[-122.986679,46.135286],[-122.986841,46.135318],[-122.987019,46.135293],[-122.987073,46.13525],[-122.987065,46.135104],[-122.987313,46.135115],[-122.987336,46.13519],[-122.987442,46.135206],[-122.987442,46.135295],[-122.987253,46.135296],[-122.987201,46.135315],[-122.987183,46.135565],[-122.986987,46.135566],[-122.986934,46.135594],[-122.986924,46.135835],[-122.98685,46.135838],[-122.986804,46.135864],[-122.986795,46.136015],[-122.986713,46.136019],[-122.986669,46.136054],[-122.986665,46.136195],[-122.986564,46.136208],[-122.986536,46.136285],[-122.986441,46.136294],[-122.986406,46.136375],[-122.986294,46.136395],[-122.986277,46.136555],[-122.98617,46.136571],[-122.986147,46.136645],[-122.986031,46.136669],[-122.986018,46.136735],[-122.985888,46.136735],[-122.985889,46.136555],[-122.985983,46.136546],[-122.986018,46.136465],[-122.986125,46.136449],[-122.98618,46.136343],[-122.986147,46.136197],[-122.986182,46.136148],[-122.986148,46.136105],[-122.986131,46.135932],[-122.986065,46.135912],[-122.985923,46.135934],[-122.985888,46.136015],[-122.985772,46.136039],[-122.985759,46.136105],[-122.98563,46.136105],[-122.985624,46.136049],[-122.985575,46.136018],[-122.985371,46.136015],[-122.985348,46.135851],[-122.985112,46.135835],[-122.985099,46.135769],[-122.984982,46.135745],[-122.984977,46.135688],[-122.984934,46.135659],[-122.984724,46.135655],[-122.984706,46.135495],[-122.984594,46.135475],[-122.984588,46.135418],[-122.984546,46.135389],[-122.984335,46.135385],[-122.984335,46.135295],[-122.984442,46.135279],[-122.984465,46.135205],[-122.984689,46.135196],[-122.984735,46.135104],[-122.984853,46.135115],[-122.984853,46.135205],[-122.984818,46.135253],[-122.984871,46.135365],[-122.984982,46.135385],[-122.985,46.135455],[-122.985112,46.135475],[-122.985125,46.135541],[-122.985241,46.135565],[-122.985276,46.135646],[-122.985445,46.135653],[-122.985494,46.135622],[-122.9855,46.135565],[-122.985617,46.135541],[-122.98563,46.135475],[-122.985742,46.135456],[-122.985759,46.135385],[-122.985871,46.135366],[-122.985889,46.135295],[-122.986001,46.135276],[-122.986018,46.135205],[-122.986135,46.135181],[-122.986148,46.135025],[-122.986229,46.135021],[-122.986274,46.134987],[-122.986277,46.134845],[-122.986407,46.134845],[-122.986416,46.134907],[-122.986469,46.134934],[-122.986869,46.134933],[-122.986919,46.134902],[-122.986925,46.134845],[-122.986999,46.134843],[-122.987045,46.134817],[-122.987048,46.134699],[-122.987006,46.13467],[-122.986925,46.134665],[-122.986924,46.134534],[-122.986896,46.134498],[-122.986666,46.134485],[-122.986666,46.134395],[-122.9867,46.134348],[-122.986648,46.134235],[-122.986596,46.134216],[-122.986277,46.134215],[-122.986255,46.134141],[-122.986148,46.134125],[-122.986156,46.13397],[-122.986113,46.133948],[-122.986019,46.133945],[-122.986015,46.133894],[-122.985978,46.133862],[-122.985501,46.133855],[-122.985403,46.133836],[-122.985337,46.133898],[-122.985371,46.133945],[-122.985372,46.134076],[-122.985412,46.134119],[-122.985501,46.134125],[-122.985529,46.134203],[-122.98563,46.134215],[-122.985665,46.134296],[-122.985889,46.134305],[-122.985912,46.134379],[-122.986018,46.134395],[-122.986022,46.134537],[-122.986066,46.134571],[-122.986148,46.134575],[-122.986148,46.134665],[-122.986018,46.134665],[-122.986012,46.134609],[-122.985963,46.134578],[-122.98576,46.134575],[-122.98575,46.134514],[-122.985697,46.134486],[-122.985549,46.134489],[-122.985506,46.134519],[-122.9855,46.134575],[-122.985371,46.134575],[-122.985358,46.134419],[-122.985242,46.134395],[-122.985236,46.134339],[-122.985194,46.134309],[-122.984983,46.134305],[-122.984977,46.134158],[-122.984935,46.134129],[-122.984853,46.134125],[-122.984831,46.134051],[-122.984595,46.134035],[-122.984577,46.133965],[-122.984465,46.133945],[-122.984431,46.133864],[-122.984336,46.133855],[-122.984307,46.133777],[-122.984206,46.133765],[-122.984178,46.133687],[-122.983982,46.133677],[-122.983928,46.133725],[-122.983951,46.133997],[-122.983995,46.134031],[-122.984077,46.134035],[-122.984111,46.134116],[-122.984206,46.134125],[-122.984234,46.134203],[-122.984335,46.134215],[-122.984353,46.134465],[-122.984406,46.134485],[-122.984539,46.134483],[-122.984588,46.134452],[-122.984594,46.134395],[-122.984724,46.134395],[-122.984747,46.134469],[-122.984853,46.134485],[-122.984871,46.134555],[-122.984983,46.134575],[-122.985017,46.134656],[-122.985112,46.134665],[-122.985141,46.134743],[-122.985242,46.134755],[-122.98527,46.134833],[-122.985371,46.134845],[-122.985371,46.134935],[-122.985264,46.134951],[-122.985241,46.135025],[-122.984983,46.135025],[-122.984967,46.134943],[-122.985085,46.134931],[-122.985127,46.134901],[-122.985103,46.134784],[-122.985057,46.134757],[-122.984983,46.134755],[-122.984948,46.134674],[-122.984853,46.134665],[-122.984819,46.134584],[-122.984648,46.134564],[-122.9846,46.134595],[-122.984594,46.134665],[-122.98456,46.134702],[-122.9846,46.134812],[-122.984657,46.134844],[-122.984853,46.134845],[-122.984869,46.134928],[-122.984746,46.134951],[-122.984713,46.135036],[-122.984594,46.135025],[-122.984581,46.134869],[-122.984465,46.134845],[-122.98443,46.134764],[-122.984335,46.134755],[-122.984343,46.1346],[-122.984285,46.134575],[-122.984077,46.134575],[-122.984067,46.134424],[-122.984014,46.134396],[-122.983818,46.134395],[-122.983816,46.134258],[-122.983777,46.134221],[-122.983096,46.134217],[-122.983042,46.134258],[-122.983041,46.134395],[-122.982912,46.134395],[-122.982908,46.134343],[-122.98287,46.134311],[-122.982653,46.134305],[-122.982652,46.134174],[-122.982624,46.134137],[-122.982394,46.134125],[-122.982394,46.133945],[-122.982523,46.133945],[-122.982592,46.133969],[-122.982653,46.133945],[-122.982979,46.133944],[-122.983032,46.133916],[-122.983038,46.133623],[-122.982993,46.133589],[-122.982912,46.133585],[-122.982877,46.133504],[-122.982706,46.133484],[-122.982658,46.133515],[-122.982653,46.133585],[-122.982525,46.133585],[-122.982489,46.133504],[-122.982327,46.133496],[-122.982274,46.133523],[-122.982264,46.133585],[-122.982158,46.133601],[-122.982136,46.133721],[-122.982176,46.133758],[-122.982264,46.133765],[-122.982264,46.133945],[-122.982005,46.133945],[-122.982005,46.133813],[-122.981977,46.133777],[-122.981747,46.133765],[-122.981741,46.133708],[-122.981691,46.133677],[-122.981488,46.133675],[-122.981465,46.1336],[-122.981358,46.133583],[-122.981358,46.133495],[-122.981453,46.133492],[-122.981502,46.13346],[-122.981488,46.133315],[-122.981617,46.133315],[-122.981623,46.133371],[-122.981665,46.133401],[-122.981837,46.133412],[-122.981876,46.13337],[-122.981876,46.133135],[-122.982135,46.133135],[-122.982204,46.133159],[-122.982353,46.133128],[-122.982391,46.133096],[-122.982394,46.133045],[-122.98251,46.133021],[-122.982524,46.132955],[-122.982635,46.132935],[-122.982653,46.132865],[-122.982765,46.132845],[-122.982783,46.132775],[-122.983171,46.132775],[-122.983184,46.132841],[-122.9833,46.132865],[-122.983304,46.132917],[-122.983341,46.132949],[-122.983491,46.132968],[-122.983556,46.13293],[-122.98355,46.132803],[-122.983504,46.132777],[-122.98343,46.132774],[-122.98343,46.132685],[-122.983464,46.132642],[-122.98343,46.132595],[-122.98343,46.132505],[-122.983504,46.132503],[-122.98355,46.132476],[-122.98355,46.132353],[-122.983376,46.132301],[-122.9833,46.132325],[-122.983171,46.132325],[-122.983148,46.132251],[-122.983042,46.132235],[-122.983007,46.132154],[-122.982912,46.132145],[-122.982909,46.132003],[-122.982864,46.131969],[-122.982783,46.131965],[-122.982774,46.131813],[-122.982728,46.131787],[-122.982653,46.131785],[-122.982619,46.131704],[-122.982524,46.131695],[-122.982496,46.131617],[-122.982198,46.131606],[-122.982145,46.131633],[-122.982135,46.131695],[-122.981905,46.131707],[-122.981877,46.131743],[-122.981876,46.131875],[-122.981795,46.131879],[-122.98175,46.131913],[-122.981747,46.132055],[-122.981652,46.132057],[-122.981603,46.132089],[-122.981617,46.132235],[-122.981412,46.132224],[-122.981364,46.132254],[-122.981359,46.132325],[-122.981162,46.132326],[-122.981109,46.132353],[-122.981103,46.132466],[-122.981148,46.1325],[-122.981229,46.132505],[-122.981229,46.132594],[-122.981025,46.132597],[-122.980976,46.132628],[-122.98097,46.132684],[-122.980774,46.132686],[-122.98072,46.132713],[-122.980729,46.132845],[-122.980841,46.132865],[-122.980847,46.132921],[-122.980889,46.13295],[-122.981099,46.132955],[-122.981122,46.133029],[-122.981229,46.133045],[-122.981263,46.133125],[-122.981358,46.133135],[-122.981358,46.133225],[-122.980841,46.133224],[-122.980818,46.13315],[-122.980711,46.133134],[-122.980711,46.133003],[-122.980677,46.132964],[-122.980323,46.132954],[-122.980319,46.132903],[-122.980282,46.132871],[-122.980064,46.132864],[-122.980064,46.132774],[-122.980099,46.132727],[-122.980064,46.132684],[-122.980055,46.132353],[-122.979994,46.132325],[-122.979676,46.132324],[-122.979653,46.13225],[-122.979546,46.132234],[-122.979546,46.132144],[-122.979676,46.132144],[-122.979752,46.132168],[-122.979836,46.132117],[-122.979792,46.131988],[-122.979676,46.131964],[-122.979676,46.131874],[-122.979805,46.131874],[-122.979818,46.13194],[-122.979935,46.131964],[-122.979938,46.132016],[-122.979976,46.132048],[-122.980111,46.132068],[-122.980172,46.132052],[-122.980194,46.131748],[-122.980165,46.131707],[-122.979935,46.131694],[-122.979929,46.131638],[-122.97988,46.131607],[-122.979676,46.131604],[-122.97967,46.131548],[-122.979621,46.131517],[-122.979358,46.131514],[-122.979297,46.131543],[-122.979288,46.131604],[-122.979213,46.131607],[-122.979167,46.131633],[-122.979158,46.131874],[-122.979051,46.13189],[-122.979029,46.131964],[-122.97864,46.131964],[-122.978627,46.131898],[-122.978511,46.131874],[-122.978476,46.131793],[-122.978252,46.131784],[-122.978252,46.131694],[-122.978448,46.131693],[-122.978502,46.131666],[-122.978546,46.131562],[-122.978511,46.131514],[-122.978511,46.131424],[-122.97864,46.131424],[-122.97865,46.131486],[-122.978703,46.131513],[-122.979259,46.131502],[-122.979287,46.131466],[-122.979288,46.131334],[-122.979369,46.13133],[-122.979414,46.131296],[-122.979417,46.131203],[-122.979389,46.131166],[-122.979049,46.131161],[-122.979009,46.131205],[-122.979029,46.131334],[-122.978899,46.131334],[-122.978893,46.131277],[-122.978844,46.131246],[-122.978709,46.13122],[-122.97864,46.131244],[-122.978511,46.131244],[-122.978511,46.131099],[-122.978478,46.13106],[-122.9783,46.131068],[-122.978258,46.131097],[-122.978252,46.131154],[-122.978171,46.131158],[-122.978126,46.131192],[-122.978123,46.131424],[-122.978034,46.13143],[-122.977995,46.131467],[-122.977993,46.131694],[-122.977734,46.131694],[-122.977734,46.131424],[-122.977835,46.131412],[-122.977864,46.131334],[-122.977952,46.131328],[-122.977992,46.13129],[-122.977993,46.131154],[-122.978028,46.131106],[-122.977976,46.130994],[-122.977923,46.130974],[-122.977605,46.130974],[-122.977592,46.130908],[-122.977527,46.130884],[-122.977381,46.130893],[-122.977346,46.130974],[-122.977217,46.130974],[-122.977182,46.130893],[-122.976958,46.130884],[-122.976945,46.130818],[-122.976828,46.130794],[-122.9768,46.130716],[-122.97657,46.130704],[-122.976547,46.130629],[-122.97644,46.130614],[-122.976406,46.130533],[-122.976311,46.130524],[-122.976295,46.130441],[-122.97644,46.130434],[-122.976453,46.1305],[-122.97657,46.130524],[-122.976573,46.130575],[-122.976611,46.130607],[-122.976828,46.130614],[-122.976838,46.130675],[-122.976891,46.130703],[-122.977045,46.130703],[-122.977095,46.130679],[-122.977081,46.130557],[-122.977039,46.130528],[-122.976958,46.130524],[-122.976958,46.130434],[-122.977032,46.130431],[-122.977078,46.130405],[-122.977088,46.130254],[-122.977182,46.130245],[-122.977217,46.130164],[-122.977326,46.130157],[-122.977366,46.130113],[-122.977329,46.130004],[-122.977217,46.129984],[-122.977217,46.129714],[-122.977324,46.129698],[-122.977347,46.129624],[-122.977476,46.129624],[-122.977482,46.129694],[-122.977544,46.129727],[-122.977687,46.12971],[-122.977733,46.12967],[-122.977735,46.129534],[-122.977767,46.129476],[-122.977722,46.129378],[-122.977606,46.129354],[-122.977577,46.129276],[-122.977367,46.12927],[-122.977327,46.129314],[-122.977347,46.129444],[-122.977111,46.12946],[-122.977088,46.129624],[-122.976993,46.129633],[-122.976958,46.129714],[-122.976877,46.129718],[-122.976835,46.129747],[-122.976829,46.129894],[-122.976722,46.12991],[-122.976699,46.129984],[-122.976474,46.12998],[-122.97644,46.130074],[-122.976334,46.130089],[-122.976311,46.130164],[-122.976183,46.13018],[-122.976162,46.130219],[-122.976197,46.130426],[-122.976052,46.130433],[-122.976029,46.130269],[-122.975793,46.130253],[-122.975775,46.130183],[-122.975664,46.130163],[-122.975651,46.130097],[-122.975534,46.130073],[-122.975531,46.130022],[-122.975493,46.12999],[-122.975275,46.129983],[-122.975253,46.129819],[-122.975017,46.129803],[-122.974994,46.129729],[-122.974887,46.129713],[-122.97487,46.129643],[-122.974758,46.129623],[-122.974723,46.129542],[-122.974628,46.129533],[-122.9746,46.129455],[-122.974499,46.129443],[-122.974471,46.129365],[-122.97437,46.129353],[-122.974341,46.129275],[-122.97424,46.129263],[-122.974212,46.129185],[-122.974111,46.129173],[-122.974111,46.129083],[-122.974205,46.129081],[-122.974255,46.129049],[-122.974234,46.128936],[-122.974192,46.128907],[-122.974111,46.128903],[-122.974076,46.128822],[-122.973981,46.128813],[-122.973948,46.128719],[-122.973723,46.128723],[-122.9737,46.128649],[-122.973577,46.128625],[-122.973628,46.128495],[-122.973593,46.128453],[-122.973593,46.128322],[-122.973565,46.128285],[-122.973255,46.128273],[-122.973186,46.128318],[-122.973214,46.128514],[-122.97326,46.128541],[-122.973334,46.128543],[-122.973369,46.128624],[-122.973479,46.128641],[-122.973464,46.128723],[-122.973334,46.128723],[-122.973321,46.128657],[-122.973205,46.128633],[-122.973201,46.128581],[-122.973164,46.128549],[-122.972946,46.128543],[-122.972943,46.128401],[-122.972876,46.128363],[-122.972586,46.128375],[-122.972558,46.128411],[-122.972557,46.128633],[-122.972428,46.128633],[-122.972405,46.128559],[-122.972299,46.128543],[-122.972299,46.128273],[-122.972488,46.128272],[-122.972545,46.128249],[-122.97254,46.128022],[-122.972488,46.128003],[-122.972299,46.128003],[-122.972281,46.127932],[-122.97217,46.127913],[-122.972152,46.127842],[-122.97204,46.127823],[-122.972027,46.127757],[-122.971911,46.127733],[-122.971905,46.127676],[-122.971863,46.127647],[-122.971583,46.12763],[-122.971528,46.127662],[-122.971522,46.127732],[-122.971393,46.127732],[-122.971393,46.127552],[-122.971428,46.127505],[-122.971376,46.127392],[-122.971323,46.127373],[-122.971005,46.127372],[-122.971005,46.127282],[-122.971106,46.12727],[-122.971135,46.127192],[-122.971235,46.12718],[-122.971264,46.127102],[-122.971365,46.12709],[-122.971394,46.127012],[-122.971494,46.127],[-122.971523,46.126923],[-122.971618,46.126913],[-122.971652,46.126833],[-122.971734,46.126828],[-122.971776,46.126799],[-122.971773,46.126681],[-122.971727,46.126655],[-122.971653,46.126652],[-122.971618,46.126572],[-122.971523,46.126562],[-122.971523,46.126473],[-122.971782,46.126473],[-122.971791,46.126534],[-122.971844,46.126562],[-122.971978,46.126562],[-122.972032,46.126534],[-122.972075,46.12642],[-122.972023,46.126312],[-122.971912,46.126292],[-122.971912,46.126113],[-122.972041,46.126113],[-122.97205,46.126174],[-122.972104,46.126202],[-122.972429,46.126203],[-122.972498,46.126227],[-122.972583,46.126185],[-122.972591,46.126144],[-122.97253,46.126035],[-122.9723,46.126023],[-122.9723,46.125843],[-122.972433,46.125822],[-122.97243,46.125663],[-122.972511,46.125659],[-122.972556,46.125624],[-122.972559,46.125531],[-122.972531,46.125495],[-122.972355,46.125485],[-122.972306,46.125516],[-122.9723,46.125573],[-122.972173,46.125573],[-122.972168,46.125507],[-122.972131,46.125476],[-122.971946,46.125492],[-122.971912,46.125572],[-122.971811,46.125585],[-122.971782,46.125662],[-122.971688,46.125672],[-122.971653,46.125752],[-122.971571,46.125757],[-122.971527,46.125791],[-122.971537,46.125908],[-122.971653,46.125933],[-122.971653,46.126112],[-122.971405,46.126123],[-122.971325,46.126088],[-122.971252,46.126126],[-122.971272,46.12619],[-122.971394,46.126202],[-122.971394,46.126292],[-122.970911,46.126301],[-122.970876,46.126341],[-122.970876,46.126472],[-122.970769,46.126488],[-122.970746,46.126562],[-122.97063,46.126586],[-122.970617,46.126652],[-122.970472,46.126645],[-122.970487,46.126521],[-122.970453,46.126481],[-122.97027,46.126479],[-122.97023,46.126516],[-122.97023,46.126609],[-122.97027,46.126646],[-122.970374,46.12666],[-122.970358,46.126742],[-122.970099,46.126742],[-122.970082,46.126672],[-122.96997,46.126652],[-122.969935,46.126571],[-122.96984,46.126562],[-122.969812,46.126484],[-122.969711,46.126472],[-122.969683,46.126394],[-122.969582,46.126382],[-122.969553,46.126304],[-122.969323,46.126292],[-122.969322,46.126161],[-122.969294,46.126124],[-122.969064,46.126112],[-122.969058,46.125965],[-122.969016,46.125936],[-122.968935,46.125932],[-122.968906,46.125854],[-122.968676,46.125842],[-122.968663,46.125776],[-122.968547,46.125752],[-122.968541,46.125695],[-122.968499,46.125666],[-122.968288,46.125662],[-122.968287,46.12553],[-122.968259,46.125494],[-122.968029,46.125481],[-122.968011,46.125411],[-122.9679,46.125391],[-122.967865,46.125311],[-122.96777,46.125301],[-122.967742,46.125224],[-122.967641,46.125211],[-122.967612,46.125134],[-122.967511,46.125121],[-122.967483,46.125044],[-122.967382,46.125031],[-122.967354,46.124954],[-122.967253,46.124941],[-122.967224,46.124864],[-122.966994,46.124851],[-122.966976,46.124781],[-122.966864,46.124761],[-122.96683,46.12468],[-122.966735,46.124671],[-122.966707,46.124593],[-122.966606,46.124581],[-122.966577,46.124503],[-122.966476,46.124491],[-122.966448,46.124413],[-122.966217,46.124401],[-122.966217,46.12427],[-122.966189,46.124233],[-122.965959,46.124221],[-122.965936,46.124147],[-122.965829,46.124131],[-122.965795,46.12405],[-122.9657,46.124041],[-122.9657,46.123951],[-122.965924,46.123948],[-122.965978,46.12389],[-122.965941,46.123791],[-122.96583,46.123771],[-122.96582,46.123529],[-122.965774,46.123503],[-122.9657,46.123501],[-122.965666,46.12342],[-122.965571,46.123411],[-122.965542,46.123333],[-122.965374,46.123322],[-122.965313,46.123364],[-122.96533,46.123481],[-122.965441,46.123501],[-122.965476,46.123582],[-122.965571,46.123591],[-122.965571,46.123681],[-122.965441,46.123681],[-122.965438,46.123629],[-122.9654,46.123597],[-122.965182,46.123591],[-122.965165,46.12352],[-122.965053,46.123501],[-122.965035,46.12343],[-122.964924,46.123411],[-122.964906,46.12334],[-122.964794,46.12332],[-122.964781,46.123255],[-122.964665,46.12323],[-122.96463,46.12315],[-122.964406,46.12314],[-122.964393,46.123074],[-122.964277,46.12305],[-122.964271,46.122994],[-122.964229,46.122964],[-122.964018,46.12296],[-122.963995,46.122886],[-122.963889,46.12287],[-122.963876,46.122714],[-122.963759,46.12269],[-122.963725,46.122609],[-122.96363,46.1226],[-122.963601,46.122522],[-122.963371,46.12251],[-122.963358,46.122444],[-122.963242,46.12242],[-122.963236,46.122363],[-122.963194,46.122334],[-122.962983,46.12233],[-122.96296,46.122256],[-122.962854,46.12224],[-122.962854,46.12215],[-122.962888,46.122102],[-122.962825,46.121982],[-122.962336,46.12197],[-122.962313,46.121896],[-122.962207,46.12188],[-122.962173,46.121786],[-122.961948,46.12179],[-122.961925,46.121625],[-122.961689,46.121609],[-122.961686,46.121468],[-122.961641,46.121434],[-122.96156,46.121429],[-122.961543,46.121256],[-122.961485,46.121236],[-122.961301,46.121249],[-122.961278,46.121175],[-122.961172,46.121159],[-122.961159,46.121093],[-122.961042,46.121069],[-122.961014,46.120992],[-122.960913,46.120979],[-122.960913,46.120848],[-122.960885,46.120811],[-122.960525,46.120799],[-122.960519,46.120729],[-122.960465,46.120697],[-122.960137,46.120709],[-122.960137,46.120619],[-122.960239,46.120615],[-122.960283,46.120579],[-122.960243,46.120455],[-122.960007,46.120439],[-122.959998,46.120287],[-122.959952,46.120261],[-122.959878,46.120259],[-122.959844,46.120178],[-122.959749,46.120169],[-122.959714,46.120088],[-122.959361,46.120079],[-122.959338,46.120004],[-122.959231,46.119989],[-122.959208,46.119824],[-122.958972,46.119808],[-122.958955,46.119738],[-122.958843,46.119718],[-122.958809,46.119638],[-122.958714,46.119628],[-122.958685,46.119551],[-122.958584,46.119538],[-122.958556,46.119461],[-122.958455,46.119448],[-122.958427,46.119371],[-122.958196,46.119358],[-122.958173,46.119284],[-122.958067,46.119268],[-122.958054,46.119202],[-122.957938,46.119178],[-122.957909,46.1191],[-122.957808,46.119088],[-122.957808,46.118908],[-122.957897,46.118902],[-122.957936,46.118865],[-122.957937,46.118687],[-122.957909,46.11865],[-122.957725,46.118629],[-122.957682,46.118663],[-122.957679,46.118728],[-122.957563,46.118752],[-122.957549,46.118818],[-122.957422,46.118818],[-122.957392,46.11874],[-122.957161,46.118728],[-122.957155,46.118671],[-122.957106,46.11864],[-122.956644,46.118638],[-122.956621,46.118563],[-122.956514,46.118548],[-122.956514,46.118458],[-122.956549,46.11841],[-122.956515,46.118368],[-122.956497,46.118207],[-122.956385,46.118187],[-122.956379,46.118131],[-122.956337,46.118102],[-122.956126,46.118097],[-122.956104,46.118023],[-122.955997,46.118007],[-122.955979,46.117937],[-122.955868,46.117917],[-122.955833,46.117836],[-122.955738,46.117827],[-122.95571,46.11775],[-122.955609,46.117737],[-122.955592,46.117577],[-122.95548,46.117557],[-122.95548,46.117467],[-122.955561,46.117463],[-122.955606,46.117429],[-122.955609,46.117287],[-122.95571,46.117275],[-122.955739,46.117197],[-122.955827,46.117191],[-122.955868,46.117149],[-122.955855,46.117041],[-122.955739,46.117016],[-122.955739,46.116927],[-122.955821,46.116923],[-122.955863,46.116894],[-122.955867,46.116791],[-122.955828,46.116754],[-122.955739,46.116747],[-122.95573,46.116506],[-122.955684,46.11648],[-122.95561,46.116477],[-122.955594,46.116215],[-122.95574,46.116207],[-122.955743,46.116439],[-122.955787,46.116473],[-122.955869,46.116477],[-122.95587,46.116704],[-122.95591,46.116741],[-122.955998,46.116747],[-122.956007,46.116899],[-122.95606,46.116926],[-122.956194,46.116926],[-122.956248,46.116899],[-122.956257,46.116838],[-122.956345,46.116831],[-122.956386,46.116789],[-122.956381,46.116601],[-122.956339,46.116572],[-122.956257,46.116567],[-122.956257,46.116388],[-122.956516,46.116388],[-122.956525,46.116449],[-122.956578,46.116477],[-122.956863,46.116471],[-122.956938,46.116351],[-122.956904,46.116298],[-122.956904,46.116208],[-122.957005,46.116195],[-122.957034,46.116118],[-122.957129,46.116109],[-122.957163,46.116028],[-122.957238,46.116026],[-122.957284,46.115999],[-122.957313,46.115904],[-122.957296,46.115868],[-122.957251,46.115849],[-122.957104,46.115848],[-122.957043,46.115876],[-122.957034,46.115938],[-122.956922,46.115957],[-122.956904,46.116028],[-122.956646,46.116028],[-122.956646,46.115848],[-122.956681,46.115805],[-122.956646,46.115758],[-122.956646,46.115668],[-122.95687,46.115659],[-122.956905,46.115578],[-122.957021,46.115554],[-122.957034,46.115488],[-122.95736,46.115487],[-122.957413,46.115459],[-122.957423,46.115398],[-122.95764,46.115392],[-122.957678,46.11536],[-122.957682,46.115308],[-122.957776,46.115299],[-122.957811,46.115218],[-122.957885,46.115216],[-122.957931,46.11519],[-122.957939,46.114722],[-122.9579,46.114684],[-122.957812,46.114678],[-122.957812,46.114138],[-122.957919,46.114122],[-122.957941,46.114048],[-122.958166,46.114039],[-122.9582,46.113958],[-122.958317,46.113934],[-122.95833,46.113868],[-122.958436,46.113852],[-122.958459,46.113688],[-122.958541,46.113684],[-122.958585,46.11365],[-122.958589,46.113508],[-122.95869,46.113496],[-122.958718,46.113418],[-122.958819,46.113406],[-122.958848,46.113328],[-122.958943,46.113319],[-122.958977,46.113238],[-122.959089,46.113219],[-122.959107,46.113149],[-122.959213,46.113133],[-122.959236,46.112969],[-122.959337,46.112956],[-122.959366,46.112879],[-122.959461,46.112869],[-122.959495,46.112789],[-122.95957,46.112786],[-122.959615,46.11276],[-122.959659,46.112656],[-122.959625,46.112609],[-122.959622,46.112467],[-122.959577,46.112433],[-122.959496,46.112429],[-122.959496,46.112249],[-122.95953,46.112206],[-122.959496,46.112159],[-122.959496,46.112069],[-122.95953,46.112016],[-122.959478,46.111908],[-122.959367,46.111888],[-122.959367,46.111799],[-122.959496,46.111799],[-122.959565,46.111823],[-122.9597,46.111796],[-122.959749,46.111765],[-122.959755,46.111709],[-122.959871,46.111685],[-122.959883,46.111572],[-122.959829,46.111531],[-122.959673,46.111533],[-122.959631,46.111562],[-122.959625,46.111619],[-122.959496,46.111619],[-122.959496,46.111529],[-122.959603,46.111513],[-122.959626,46.111439],[-122.959742,46.111415],[-122.959755,46.111349],[-122.959884,46.111349],[-122.959907,46.111423],[-122.960014,46.111439],[-122.960031,46.111509],[-122.960143,46.111529],[-122.960178,46.11161],[-122.960272,46.111619],[-122.960301,46.111697],[-122.960402,46.111709],[-122.96043,46.111787],[-122.960531,46.111799],[-122.96056,46.111877],[-122.96066,46.111889],[-122.96067,46.11204],[-122.960716,46.112067],[-122.96079,46.112069],[-122.96079,46.112159],[-122.960708,46.112163],[-122.960664,46.112197],[-122.960664,46.112391],[-122.960723,46.112428],[-122.960919,46.112429],[-122.960942,46.112503],[-122.961048,46.112519],[-122.961048,46.112698],[-122.960953,46.112708],[-122.960919,46.112789],[-122.960802,46.112813],[-122.960769,46.112913],[-122.960786,46.112948],[-122.960918,46.112969],[-122.960924,46.113026],[-122.960966,46.113055],[-122.961307,46.113059],[-122.961329,46.113133],[-122.961436,46.113149],[-122.961454,46.11331],[-122.961565,46.113329],[-122.9616,46.11341],[-122.961695,46.113419],[-122.961723,46.113497],[-122.961824,46.113509],[-122.961837,46.113755],[-122.961953,46.11378],[-122.961957,46.113831],[-122.961994,46.113863],[-122.962212,46.11387],[-122.962235,46.113944],[-122.962357,46.113967],[-122.962342,46.114091],[-122.96237,46.114127],[-122.962654,46.114154],[-122.962728,46.11411],[-122.962713,46.113966],[-122.962655,46.113946],[-122.962455,46.113952],[-122.962458,46.113804],[-122.962342,46.11378],[-122.962307,46.113699],[-122.962212,46.113689],[-122.962184,46.113612],[-122.962083,46.113599],[-122.96208,46.113458],[-122.962035,46.113424],[-122.961954,46.113419],[-122.961941,46.113263],[-122.961824,46.113239],[-122.96179,46.113158],[-122.961695,46.113149],[-122.961667,46.113072],[-122.961566,46.113059],[-122.961557,46.112908],[-122.961511,46.112882],[-122.961436,46.112879],[-122.961437,46.112431],[-122.961471,46.112387],[-122.961437,46.112339],[-122.961437,46.112251],[-122.961471,46.112202],[-122.961437,46.112159],[-122.961424,46.112003],[-122.961308,46.111979],[-122.961302,46.111923],[-122.96126,46.111893],[-122.961049,46.111889],[-122.961036,46.111823],[-122.960919,46.111799],[-122.960916,46.111747],[-122.960878,46.111715],[-122.960661,46.111709],[-122.960638,46.111635],[-122.960531,46.111619],[-122.960497,46.111538],[-122.960402,46.111529],[-122.960399,46.111387],[-122.960354,46.111353],[-122.960273,46.111349],[-122.960255,46.111189],[-122.960203,46.111169],[-122.960014,46.111169],[-122.960005,46.110824],[-122.959947,46.110795],[-122.959756,46.110809],[-122.959734,46.110631],[-122.959681,46.110615],[-122.959367,46.110628],[-122.959354,46.110563],[-122.959238,46.110538],[-122.959204,46.110458],[-122.958979,46.110448],[-122.958987,46.110293],[-122.958945,46.110271],[-122.95885,46.110268],[-122.958827,46.110194],[-122.958721,46.110178],[-122.958721,46.110088],[-122.958827,46.110072],[-122.95885,46.109998],[-122.958951,46.109986],[-122.95898,46.109908],[-122.959081,46.109896],[-122.959109,46.109818],[-122.959204,46.109809],[-122.959239,46.109729],[-122.95935,46.109709],[-122.959368,46.109639],[-122.959497,46.109639],[-122.959498,46.10977],[-122.959532,46.109809],[-122.959686,46.109818],[-122.959739,46.109799],[-122.959756,46.109549],[-122.959845,46.109542],[-122.959885,46.1095],[-122.959886,46.109327],[-122.959845,46.109285],[-122.959627,46.109279],[-122.959551,46.109255],[-122.959397,46.109291],[-122.959368,46.109368],[-122.959241,46.109368],[-122.959236,46.109303],[-122.959199,46.109272],[-122.959028,46.109282],[-122.958986,46.109312],[-122.95898,46.109368],[-122.958892,46.109375],[-122.958851,46.109417],[-122.958854,46.1096],[-122.958898,46.109634],[-122.95898,46.109638],[-122.95898,46.109728],[-122.958744,46.109744],[-122.958721,46.109908],[-122.958333,46.109908],[-122.958324,46.109847],[-122.958263,46.109818],[-122.958129,46.10982],[-122.95808,46.109851],[-122.958074,46.109998],[-122.958039,46.110046],[-122.958074,46.110088],[-122.958091,46.110248],[-122.958144,46.110268],[-122.958332,46.110268],[-122.958338,46.110325],[-122.958387,46.110356],[-122.958591,46.110358],[-122.958614,46.110432],[-122.95872,46.110448],[-122.958738,46.110519],[-122.95885,46.110538],[-122.958884,46.110619],[-122.958979,46.110628],[-122.959008,46.110706],[-122.959108,46.110718],[-122.959137,46.110796],[-122.959238,46.110809],[-122.959266,46.110886],[-122.959367,46.110899],[-122.959367,46.111168],[-122.959332,46.111211],[-122.959367,46.111259],[-122.959367,46.111348],[-122.959178,46.111349],[-122.959121,46.111372],[-122.959108,46.111618],[-122.959034,46.111621],[-122.958988,46.111647],[-122.958978,46.111798],[-122.958872,46.111814],[-122.958849,46.111888],[-122.95866,46.111889],[-122.958603,46.111912],[-122.95859,46.112248],[-122.95846,46.112248],[-122.95846,46.112027],[-122.958405,46.111981],[-122.958236,46.111987],[-122.958202,46.112068],[-122.957889,46.112054],[-122.957822,46.112083],[-122.957813,46.112428],[-122.957583,46.11244],[-122.957555,46.112477],[-122.957563,46.112579],[-122.957617,46.112607],[-122.957813,46.112608],[-122.957882,46.112632],[-122.958043,46.112596],[-122.958072,46.112518],[-122.958201,46.112518],[-122.958262,46.112542],[-122.958331,46.112518],[-122.95846,46.112518],[-122.95846,46.112698],[-122.958425,46.112741],[-122.95846,46.112788],[-122.95846,46.112878],[-122.958359,46.11289],[-122.95833,46.112968],[-122.958236,46.112977],[-122.958201,46.113058],[-122.958089,46.113078],[-122.958071,46.113238],[-122.95799,46.113242],[-122.957945,46.113276],[-122.957942,46.113418],[-122.957835,46.113434],[-122.957812,46.113508],[-122.957696,46.113532],[-122.957683,46.113598],[-122.957176,46.113609],[-122.957152,46.113532],[-122.957036,46.113508],[-122.957008,46.11343],[-122.956777,46.113418],[-122.956771,46.113361],[-122.956722,46.11333],[-122.956518,46.113327],[-122.956505,46.113262],[-122.956389,46.113237],[-122.956355,46.113157],[-122.9562,46.113148],[-122.956139,46.113176],[-122.956143,46.113303],[-122.956259,46.113327],[-122.956294,46.113408],[-122.956389,46.113418],[-122.956417,46.113495],[-122.956518,46.113508],[-122.956553,46.113588],[-122.956906,46.113598],[-122.956935,46.113675],[-122.957154,46.113677],[-122.957171,46.113744],[-122.95722,46.113775],[-122.957553,46.113778],[-122.957553,46.114228],[-122.957424,46.114228],[-122.957414,46.114166],[-122.957354,46.114138],[-122.956702,46.11414],[-122.956653,46.114171],[-122.956647,46.114228],[-122.956417,46.11424],[-122.956388,46.114317],[-122.956164,46.114326],[-122.956129,46.114407],[-122.956013,46.114431],[-122.956,46.114497],[-122.955888,46.114517],[-122.95587,46.114587],[-122.955659,46.114591],[-122.955617,46.114621],[-122.955611,46.114677],[-122.955495,46.114701],[-122.955482,46.115037],[-122.955365,46.115061],[-122.955352,46.115217],[-122.955271,46.115221],[-122.955226,46.115255],[-122.955223,46.115397],[-122.955141,46.115401],[-122.955099,46.11543],[-122.955073,46.115791],[-122.955113,46.11584],[-122.955222,46.115847],[-122.955223,46.115978],[-122.955251,46.116015],[-122.955481,46.116027],[-122.955497,46.1162],[-122.955026,46.116208],[-122.954972,46.116236],[-122.954963,46.116297],[-122.954508,46.116298],[-122.954455,46.116325],[-122.954445,46.116387],[-122.954215,46.116399],[-122.954187,46.116435],[-122.954186,46.116567],[-122.954105,46.116571],[-122.95406,46.116605],[-122.954057,46.116747],[-122.953975,46.116751],[-122.953933,46.11678],[-122.953927,46.116926],[-122.953846,46.116931],[-122.953804,46.11696],[-122.953798,46.117106],[-122.953668,46.117106],[-122.953668,46.116927],[-122.953757,46.11692],[-122.953797,46.116878],[-122.953796,46.1167],[-122.95375,46.116661],[-122.953343,46.116657],[-122.95329,46.116685],[-122.95328,46.116746],[-122.953151,46.116746],[-122.953148,46.116695],[-122.95311,46.116663],[-122.952763,46.116656],[-122.952754,46.116595],[-122.9527,46.116567],[-122.952552,46.11657],[-122.95251,46.116599],[-122.952504,46.116656],[-122.952376,46.116656],[-122.952371,46.116604],[-122.952333,46.116572],[-122.952116,46.116566],[-122.952116,46.116476],[-122.952305,46.116476],[-122.952357,46.116456],[-122.952375,46.116296],[-122.952456,46.116292],[-122.952501,46.116258],[-122.952504,46.116116],[-122.952599,46.116107],[-122.952634,46.116026],[-122.952708,46.116024],[-122.952754,46.115998],[-122.952763,46.115846],[-122.952852,46.11584],[-122.952891,46.115803],[-122.952893,46.115576],[-122.952994,46.115564],[-122.953023,46.115486],[-122.953124,46.115474],[-122.953152,46.115396],[-122.953253,46.115384],[-122.953282,46.115306],[-122.953376,46.115297],[-122.953411,46.115216],[-122.953523,46.115197],[-122.953541,46.115036],[-122.954317,46.115037],[-122.954323,46.115093],[-122.954372,46.115124],[-122.95463,46.115141],[-122.954696,46.115112],[-122.954702,46.114805],[-122.954658,46.114771],[-122.954576,46.114767],[-122.954559,46.114607],[-122.954447,46.114587],[-122.954434,46.114431],[-122.954318,46.114407],[-122.954312,46.11408],[-122.954255,46.114048],[-122.954059,46.114047],[-122.954059,46.113957],[-122.954277,46.11395],[-122.954315,46.113918],[-122.954318,46.113867],[-122.954531,46.113876],[-122.954574,46.113842],[-122.954577,46.113777],[-122.954651,46.113774],[-122.954697,46.113748],[-122.954707,46.113507],[-122.954801,46.113498],[-122.954836,46.113417],[-122.954917,46.113413],[-122.954962,46.113379],[-122.95496,46.11327],[-122.954918,46.113241],[-122.954836,46.113237],[-122.954836,46.113147],[-122.954911,46.113145],[-122.954956,46.113118],[-122.954966,46.112967],[-122.955047,46.112963],[-122.955092,46.112929],[-122.955095,46.112787],[-122.95519,46.112778],[-122.955225,46.112697],[-122.955341,46.112673],[-122.955354,46.112517],[-122.955449,46.112508],[-122.955484,46.112427],[-122.955596,46.112407],[-122.955613,46.112247],[-122.955708,46.112238],[-122.955743,46.112157],[-122.955824,46.112153],[-122.955866,46.112124],[-122.955873,46.111977],[-122.955967,46.111968],[-122.956002,46.111887],[-122.956076,46.111885],[-122.956122,46.111859],[-122.956132,46.111707],[-122.956213,46.111703],[-122.956258,46.111669],[-122.956261,46.111527],[-122.956356,46.111518],[-122.956391,46.111437],[-122.956497,46.111422],[-122.95652,46.111258],[-122.956615,46.111248],[-122.95665,46.111168],[-122.956724,46.111165],[-122.95677,46.111139],[-122.95677,46.111016],[-122.956724,46.11099],[-122.95665,46.110987],[-122.95665,46.110809],[-122.956724,46.110805],[-122.95677,46.110779],[-122.956779,46.110628],[-122.95688,46.110615],[-122.956909,46.110538],[-122.957004,46.110529],[-122.957038,46.110448],[-122.95715,46.110428],[-122.957168,46.110268],[-122.957501,46.110265],[-122.95755,46.110235],[-122.957556,46.110178],[-122.95763,46.110176],[-122.957676,46.110149],[-122.957682,46.109946],[-122.957638,46.109912],[-122.957556,46.109908],[-122.957556,46.109818],[-122.957651,46.109809],[-122.957686,46.109728],[-122.957802,46.109704],[-122.957815,46.109548],[-122.957897,46.109544],[-122.957941,46.10951],[-122.957945,46.109368],[-122.9584,46.109367],[-122.958453,46.10934],[-122.958463,46.109278],[-122.958693,46.109266],[-122.958722,46.109188],[-122.958822,46.109176],[-122.958851,46.109098],[-122.958946,46.109089],[-122.95898,46.109008],[-122.959097,46.108984],[-122.95911,46.108828],[-122.959205,46.108819],[-122.959239,46.108738],[-122.959356,46.108714],[-122.959369,46.108559],[-122.959476,46.108543],[-122.959498,46.108469],[-122.959593,46.108459],[-122.959628,46.108379],[-122.95974,46.108359],[-122.959757,46.108289],[-122.959887,46.108289],[-122.95989,46.10834],[-122.959928,46.108372],[-122.960145,46.108379],[-122.960158,46.108445],[-122.960275,46.108469],[-122.960309,46.10855],[-122.960533,46.108559],[-122.960551,46.108719],[-122.960603,46.108739],[-122.960792,46.108739],[-122.96081,46.108809],[-122.960921,46.108829],[-122.960956,46.10891],[-122.961051,46.108919],[-122.961079,46.108997],[-122.96118,46.109009],[-122.961209,46.109087],[-122.961439,46.109099],[-122.961439,46.10923],[-122.961473,46.10927],[-122.961827,46.109279],[-122.961827,46.109729],[-122.961697,46.109729],[-122.961697,46.109598],[-122.961669,46.109562],[-122.961494,46.109552],[-122.961444,46.109583],[-122.961438,46.109639],[-122.961228,46.109643],[-122.961186,46.109672],[-122.96118,46.109729],[-122.961068,46.109749],[-122.96103,46.109853],[-122.961058,46.109896],[-122.961309,46.109909],[-122.961327,46.109979],[-122.961438,46.109999],[-122.961473,46.11008],[-122.961568,46.110089],[-122.961596,46.110167],[-122.961697,46.110179],[-122.96172,46.110253],[-122.961956,46.110269],[-122.961973,46.11034],[-122.962085,46.110359],[-122.962094,46.110421],[-122.962147,46.110448],[-122.962432,46.110443],[-122.96247,46.110411],[-122.962473,46.11036],[-122.96259,46.110336],[-122.962603,46.11027],[-122.96282,46.110263],[-122.962858,46.110231],[-122.962862,46.11018],[-122.96325,46.11018],[-122.96325,46.11045],[-122.963155,46.110459],[-122.96312,46.11054],[-122.963004,46.110564],[-122.962991,46.11072],[-122.96278,46.110724],[-122.962738,46.110753],[-122.962732,46.11081],[-122.96262,46.110829],[-122.962602,46.11099],[-122.962507,46.110999],[-122.962473,46.11108],[-122.962391,46.111084],[-122.962349,46.111113],[-122.962343,46.111259],[-122.962214,46.111259],[-122.962186,46.111182],[-122.96203,46.111156],[-122.961964,46.111185],[-122.961955,46.111259],[-122.961731,46.111268],[-122.961697,46.111308],[-122.961696,46.111439],[-122.961601,46.111448],[-122.961567,46.111529],[-122.961492,46.111532],[-122.961446,46.111558],[-122.961446,46.111681],[-122.9615,46.111708],[-122.961648,46.111705],[-122.96169,46.111676],[-122.961696,46.111619],[-122.961812,46.111595],[-122.961826,46.111529],[-122.961955,46.111529],[-122.961955,46.111709],[-122.961866,46.111716],[-122.961827,46.111753],[-122.961825,46.112015],[-122.96186,46.11206],[-122.961954,46.112069],[-122.961977,46.112234],[-122.962084,46.11225],[-122.962097,46.112315],[-122.962213,46.11234],[-122.962216,46.112391],[-122.962254,46.112423],[-122.962472,46.11243],[-122.962485,46.112586],[-122.962601,46.11261],[-122.962614,46.112676],[-122.96273,46.1127],[-122.962736,46.112756],[-122.962778,46.112786],[-122.962919,46.112789],[-122.962972,46.11277],[-122.962989,46.11261],[-122.963248,46.11261],[-122.963266,46.11268],[-122.963377,46.1127],[-122.963412,46.112781],[-122.963507,46.11279],[-122.963535,46.112868],[-122.963766,46.11288],[-122.963746,46.11301],[-122.963773,46.113047],[-122.964024,46.11306],[-122.964047,46.113134],[-122.964154,46.11315],[-122.964167,46.113216],[-122.964283,46.11324],[-122.964311,46.113318],[-122.964412,46.11333],[-122.964414,46.113737],[-122.964453,46.113774],[-122.964542,46.113782],[-122.964541,46.11396],[-122.964467,46.113963],[-122.964421,46.113989],[-122.964425,46.114116],[-122.964541,46.11414],[-122.964545,46.114192],[-122.964582,46.114224],[-122.9648,46.11423],[-122.964823,46.114305],[-122.964929,46.11432],[-122.964933,46.114462],[-122.964977,46.114496],[-122.965059,46.114501],[-122.96506,46.114727],[-122.9651,46.114764],[-122.965188,46.114771],[-122.965211,46.114935],[-122.965447,46.114951],[-122.965453,46.115007],[-122.965502,46.115038],[-122.965705,46.115041],[-122.965728,46.115205],[-122.965964,46.115221],[-122.965987,46.115295],[-122.966093,46.115311],[-122.966128,46.115392],[-122.966223,46.115401],[-122.966223,46.115761],[-122.965987,46.115777],[-122.965964,46.115815],[-122.965977,46.115917],[-122.966034,46.115941],[-122.966222,46.115941],[-122.966245,46.116015],[-122.966352,46.116031],[-122.966355,46.116173],[-122.9664,46.116207],[-122.966481,46.116211],[-122.966499,46.116371],[-122.96661,46.116391],[-122.966616,46.116448],[-122.966658,46.116477],[-122.966869,46.116481],[-122.966873,46.116623],[-122.966917,46.116657],[-122.966998,46.116661],[-122.967016,46.116821],[-122.967069,46.116841],[-122.967257,46.116841],[-122.967259,46.116978],[-122.967298,46.117015],[-122.967516,46.117021],[-122.967529,46.117177],[-122.967645,46.117201],[-122.96768,46.117282],[-122.967775,46.117291],[-122.967803,46.117369],[-122.967904,46.117381],[-122.967932,46.117459],[-122.968033,46.117471],[-122.968062,46.117549],[-122.968163,46.117561],[-122.968176,46.117717],[-122.968292,46.117742],[-122.968327,46.117822],[-122.968421,46.117832],[-122.96845,46.117909],[-122.968551,46.117922],[-122.968579,46.117999],[-122.96868,46.118012],[-122.968703,46.118176],[-122.968939,46.118192],[-122.968948,46.118253],[-122.969001,46.118281],[-122.969327,46.118282],[-122.969329,46.118508],[-122.969368,46.118545],[-122.969456,46.118552],[-122.969474,46.118712],[-122.969586,46.118732],[-122.969599,46.118798],[-122.969715,46.118822],[-122.969721,46.118879],[-122.969763,46.118908],[-122.970103,46.118912],[-122.970121,46.119162],[-122.970233,46.119182],[-122.970246,46.119248],[-122.970362,46.119272],[-122.970397,46.119353],[-122.970621,46.119362],[-122.970644,46.119436],[-122.97075,46.119452],[-122.970742,46.119607],[-122.970785,46.11963],[-122.970879,46.119632],[-122.970897,46.119702],[-122.971009,46.119722],[-122.971043,46.119803],[-122.971138,46.119812],[-122.971167,46.11989],[-122.971526,46.119902],[-122.97153,46.119954],[-122.971568,46.119986],[-122.971785,46.119992],[-122.971791,46.120139],[-122.971833,46.120168],[-122.971915,46.120173],[-122.971949,46.120253],[-122.972044,46.120263],[-122.972062,46.120423],[-122.972173,46.120443],[-122.972179,46.120499],[-122.972221,46.120528],[-122.972432,46.120533],[-122.972455,46.120607],[-122.972561,46.120623],[-122.972562,46.120754],[-122.972596,46.120794],[-122.97282,46.120803],[-122.97282,46.120893],[-122.972711,46.120899],[-122.972671,46.120948],[-122.972704,46.121049],[-122.97282,46.121073],[-122.972849,46.12115],[-122.973338,46.121163],[-122.973338,46.121384],[-122.973393,46.121431],[-122.973664,46.121432],[-122.973717,46.121404],[-122.973726,46.121343],[-122.973983,46.121343],[-122.973988,46.121395],[-122.974026,46.121427],[-122.974244,46.121433],[-122.974244,46.121523],[-122.974155,46.121529],[-122.974116,46.121566],[-122.974094,46.121827],[-122.974122,46.12187],[-122.974373,46.121883],[-122.974386,46.121949],[-122.974451,46.121973],[-122.97485,46.121967],[-122.974889,46.12193],[-122.974891,46.121793],[-122.975149,46.121793],[-122.975153,46.121845],[-122.975191,46.121877],[-122.975408,46.121883],[-122.975408,46.122063],[-122.975374,46.122111],[-122.975431,46.122227],[-122.975538,46.122243],[-122.975544,46.1223],[-122.975586,46.122329],[-122.975796,46.122333],[-122.975819,46.122408],[-122.975926,46.122423],[-122.975943,46.122494],[-122.976055,46.122513],[-122.97609,46.122594],[-122.976185,46.122604],[-122.976213,46.122681],[-122.976314,46.122694],[-122.97632,46.12284],[-122.976362,46.122869],[-122.976443,46.122874],[-122.976472,46.122951],[-122.976832,46.122964],[-122.976854,46.123038],[-122.976961,46.123054],[-122.976961,46.123144],[-122.97688,46.123148],[-122.976835,46.123182],[-122.976831,46.12336],[-122.976866,46.123405],[-122.976961,46.123414],[-122.976961,46.123504],[-122.976926,46.123551],[-122.976961,46.123594],[-122.97697,46.123745],[-122.977031,46.123773],[-122.977478,46.123774],[-122.977484,46.12401],[-122.977526,46.12404],[-122.977608,46.124044],[-122.977642,46.124125],[-122.977737,46.124134],[-122.977766,46.124212],[-122.977948,46.12422],[-122.97799,46.124191],[-122.977996,46.124134],[-122.978112,46.12411],[-122.978126,46.124044],[-122.978342,46.124043],[-122.978396,46.124014],[-122.978371,46.123888],[-122.978255,46.123863],[-122.978255,46.123774],[-122.978343,46.123768],[-122.978383,46.12373],[-122.978385,46.123414],[-122.978902,46.123414],[-122.978925,46.123488],[-122.979032,46.123504],[-122.979049,46.123574],[-122.979161,46.123594],[-122.979196,46.123675],[-122.979291,46.123684],[-122.979319,46.123762],[-122.97942,46.123774],[-122.979448,46.123852],[-122.979549,46.123864],[-122.979559,46.124016],[-122.979604,46.124042],[-122.979679,46.124044],[-122.979679,46.124314],[-122.979584,46.124323],[-122.979549,46.124404],[-122.979433,46.124428],[-122.97942,46.124584],[-122.979385,46.124632],[-122.979437,46.124744],[-122.979549,46.124764],[-122.979584,46.124845],[-122.979678,46.124854],[-122.979707,46.124932],[-122.97986,46.124944],[-122.979915,46.124928],[-122.979937,46.124764],[-122.980019,46.12476],[-122.980063,46.124726],[-122.980067,46.124584],[-122.980196,46.124584],[-122.980209,46.1251],[-122.980266,46.125124],[-122.980455,46.125124],[-122.980461,46.125181],[-122.98051,46.125212],[-122.980843,46.125214],[-122.980843,46.125394],[-122.980769,46.125397],[-122.980723,46.125423],[-122.980731,46.125555],[-122.980843,46.125574],[-122.980856,46.12564],[-122.980972,46.125664],[-122.980976,46.125716],[-122.981014,46.125748],[-122.981231,46.125755],[-122.981237,46.125811],[-122.981286,46.125842],[-122.98149,46.125845],[-122.981496,46.125901],[-122.981538,46.12593],[-122.982008,46.125935],[-122.982017,46.126176],[-122.982063,46.126202],[-122.982137,46.126205],[-122.982155,46.126275],[-122.982267,46.126295],[-122.98228,46.126361],[-122.982396,46.126385],[-122.982402,46.126441],[-122.982444,46.126471],[-122.982585,46.126474],[-122.982637,46.126455],[-122.982655,46.126295],[-122.98269,46.126247],[-122.982632,46.12613],[-122.982526,46.126115],[-122.982491,46.126034],[-122.982396,46.126025],[-122.982396,46.125935],[-122.982526,46.125935],[-122.982539,46.126001],[-122.982603,46.126025],[-122.98275,46.126016],[-122.982785,46.125935],[-122.982914,46.125935],[-122.982937,46.126009],[-122.983043,46.126025],[-122.983078,46.126106],[-122.983173,46.126115],[-122.983176,46.126256],[-122.983221,46.126291],[-122.983302,46.126295],[-122.983302,46.126385],[-122.982831,46.126376],[-122.982785,46.12642],[-122.982807,46.126549],[-122.982914,46.126565],[-122.98292,46.126621],[-122.982962,46.126651],[-122.983173,46.126655],[-122.98319,46.126815],[-122.983243,46.126835],[-122.983431,46.126835],[-122.983449,46.126905],[-122.983561,46.126925],[-122.983574,46.126991],[-122.98369,46.127015],[-122.983725,46.127096],[-122.984079,46.127105],[-122.984096,46.127265],[-122.984208,46.127285],[-122.984214,46.127342],[-122.984256,46.127371],[-122.984467,46.127375],[-122.98448,46.127441],[-122.984596,46.127465],[-122.9846,46.127517],[-122.984637,46.127549],[-122.984793,46.127554],[-122.984846,46.127526],[-122.984852,46.127413],[-122.984807,46.127379],[-122.984726,46.127375],[-122.984726,46.127286],[-122.984855,46.127285],[-122.984878,46.127359],[-122.984985,46.127376],[-122.984985,46.127555],[-122.98491,46.127557],[-122.984864,46.127584],[-122.984868,46.127711],[-122.984984,46.127735],[-122.984998,46.127801],[-122.985114,46.127825],[-122.98512,46.127882],[-122.985162,46.127911],[-122.985502,46.127915],[-122.985502,46.128095],[-122.985386,46.128119],[-122.985373,46.128226],[-122.985428,46.128273],[-122.985632,46.128275],[-122.985632,46.128365],[-122.985597,46.128408],[-122.985632,46.128455],[-122.985632,46.128724],[-122.985597,46.128773],[-122.985659,46.128906],[-122.985714,46.128919],[-122.985849,46.128899],[-122.985887,46.128867],[-122.985891,46.128815],[-122.986149,46.128815],[-122.986172,46.128889],[-122.986279,46.128905],[-122.986279,46.129037],[-122.986307,46.129073],[-122.986597,46.129085],[-122.986658,46.129057],[-122.986667,46.128995],[-122.986898,46.128983],[-122.986926,46.128905],[-122.987027,46.128893],[-122.987056,46.128815],[-122.987144,46.128809],[-122.987183,46.128772],[-122.987179,46.128579],[-122.987137,46.128549],[-122.987056,46.128545],[-122.987052,46.128314],[-122.987008,46.128279],[-122.986926,46.128275],[-122.986898,46.128198],[-122.986736,46.128161],[-122.986667,46.128185],[-122.986341,46.128186],[-122.986288,46.128214],[-122.986279,46.128275],[-122.986075,46.128278],[-122.986026,46.128309],[-122.98602,46.128365],[-122.985891,46.128365],[-122.985891,46.128095],[-122.986475,46.128094],[-122.986529,46.128067],[-122.986538,46.128005],[-122.986885,46.127999],[-122.986923,46.127967],[-122.986928,46.127915],[-122.987056,46.127915],[-122.987069,46.127981],[-122.987133,46.128005],[-122.98728,46.127996],[-122.987315,46.127915],[-122.987832,46.127915],[-122.987834,46.128052],[-122.987887,46.128093],[-122.988043,46.128091],[-122.988085,46.128062],[-122.988091,46.128005],[-122.988219,46.128005],[-122.988226,46.128076],[-122.988281,46.128108],[-122.988738,46.128096],[-122.988751,46.128161],[-122.988868,46.128186],[-122.988902,46.128266],[-122.989127,46.128276],[-122.989133,46.128332],[-122.989182,46.128363],[-122.989385,46.128366],[-122.989385,46.128635],[-122.989127,46.128635],[-122.989117,46.128574],[-122.989064,46.128547],[-122.988542,46.128547],[-122.988489,46.128574],[-122.988479,46.128635],[-122.988368,46.128655],[-122.98835,46.128725],[-122.988238,46.128745],[-122.98822,46.128815],[-122.988032,46.128816],[-122.987979,46.128835],[-122.987962,46.128947],[-122.988009,46.128991],[-122.988479,46.128996],[-122.98854,46.12902],[-122.988609,46.128996],[-122.988868,46.128996],[-122.988868,46.129085],[-122.988767,46.129098],[-122.988738,46.129175],[-122.98865,46.129182],[-122.98861,46.129219],[-122.988622,46.129331],[-122.988738,46.129356],[-122.988754,46.129528],[-122.98835,46.129535],[-122.98835,46.129446],[-122.988431,46.129441],[-122.988473,46.129412],[-122.988478,46.129309],[-122.988431,46.12927],[-122.988288,46.129252],[-122.988226,46.129285],[-122.98822,46.129355],[-122.988104,46.129379],[-122.988091,46.129445],[-122.987979,46.129465],[-122.987961,46.129535],[-122.98785,46.129555],[-122.987832,46.129625],[-122.98772,46.129645],[-122.987706,46.129767],[-122.98775,46.129801],[-122.987832,46.129805],[-122.987845,46.129961],[-122.987902,46.129985],[-122.988091,46.129986],[-122.988097,46.130042],[-122.988146,46.130073],[-122.988608,46.130076],[-122.988614,46.130132],[-122.988656,46.130161],[-122.988942,46.130163],[-122.988995,46.130122],[-122.989017,46.129946],[-122.988976,46.129902],[-122.988868,46.129895],[-122.988852,46.129543],[-122.989385,46.129536],[-122.989403,46.129786],[-122.989455,46.129805],[-122.989644,46.129806],[-122.989679,46.129886],[-122.989845,46.129896],[-122.989901,46.129879],[-122.989922,46.129834],[-122.989885,46.129735],[-122.989774,46.129716],[-122.989774,46.129626],[-122.98988,46.12961],[-122.989903,46.129536],[-122.990032,46.129536],[-122.990055,46.12961],[-122.990162,46.129626],[-122.990196,46.129707],[-122.990291,46.129716],[-122.990293,46.129866],[-122.990338,46.129905],[-122.990639,46.129889],[-122.990676,46.129857],[-122.99068,46.129806],[-122.990796,46.129782],[-122.990811,46.129716],[-122.990939,46.129716],[-122.990961,46.12979],[-122.991068,46.129806],[-122.991103,46.129887],[-122.991197,46.129896],[-122.991197,46.130166],[-122.990973,46.130175],[-122.99094,46.130209],[-122.990939,46.130297],[-122.99098,46.130339],[-122.991068,46.130346],[-122.991071,46.130397],[-122.991109,46.130429],[-122.991327,46.130436],[-122.991324,46.130617]],[[-122.954705,46.115577],[-122.953976,46.115581],[-122.95393,46.11562],[-122.953928,46.115756],[-122.953717,46.115761],[-122.953675,46.11579],[-122.953669,46.115846],[-122.953557,46.115866],[-122.953541,46.116163],[-122.953581,46.1162],[-122.953669,46.116207],[-122.953669,46.116441],[-122.953696,46.116477],[-122.953759,46.11649],[-122.95391,46.116457],[-122.953928,46.116297],[-122.954117,46.116296],[-122.954169,46.116277],[-122.954187,46.116027],[-122.954293,46.116011],[-122.954316,46.115937],[-122.954411,46.115928],[-122.954446,46.115847],[-122.954558,46.115827],[-122.954575,46.115757],[-122.954893,46.115757],[-122.954946,46.115737],[-122.954964,46.115451],[-122.954941,46.115413],[-122.954886,46.115397],[-122.954728,46.115413],[-122.954705,46.115577]],[[-122.955005,46.114671],[-122.9552,46.114661],[-122.955223,46.114628],[-122.955214,46.114346],[-122.955153,46.114317],[-122.954876,46.114323],[-122.954836,46.114366],[-122.954844,46.114558],[-122.95489,46.114585],[-122.954964,46.114587],[-122.954968,46.114639],[-122.955005,46.114671]],[[-122.956648,46.113008],[-122.956588,46.112955],[-122.956424,46.112977],[-122.95639,46.113016],[-122.956402,46.113123],[-122.956459,46.113147],[-122.956613,46.113138],[-122.956646,46.113104],[-122.956648,46.113008]],[[-122.959827,46.117278],[-122.959621,46.117289],[-122.959612,46.117227],[-122.959551,46.117199],[-122.959288,46.117201],[-122.959239,46.117232],[-122.959233,46.117289],[-122.959106,46.117289],[-122.959095,46.117227],[-122.959041,46.1172],[-122.958586,46.117198],[-122.958573,46.116952],[-122.958516,46.116929],[-122.958328,46.116928],[-122.958328,46.116568],[-122.958362,46.116521],[-122.958328,46.116478],[-122.958322,46.116332],[-122.95828,46.116302],[-122.958199,46.116298],[-122.958164,46.116217],[-122.958053,46.116201],[-122.958064,46.115701],[-122.958022,46.115672],[-122.957879,46.115644],[-122.957811,46.115668],[-122.957575,46.115684],[-122.957561,46.115819],[-122.957607,46.115846],[-122.957681,46.115848],[-122.957716,46.115929],[-122.95781,46.115938],[-122.957816,46.116175],[-122.957858,46.116204],[-122.957955,46.116216],[-122.957945,46.116445],[-122.957987,46.116474],[-122.958069,46.116478],[-122.958069,46.116568],[-122.958034,46.116616],[-122.958069,46.116658],[-122.958074,46.117165],[-122.958116,46.117194],[-122.958198,46.117198],[-122.958232,46.117279],[-122.958327,46.117288],[-122.958355,46.117366],[-122.958456,46.117378],[-122.958491,46.117459],[-122.958715,46.117468],[-122.958715,46.117738],[-122.95862,46.117747],[-122.958585,46.117828],[-122.958479,46.117844],[-122.958424,46.11795],[-122.958479,46.118083],[-122.958534,46.118098],[-122.959592,46.118086],[-122.95962,46.11805],[-122.959621,46.117829],[-122.959819,46.117841],[-122.959879,46.117794],[-122.959879,46.117319],[-122.959827,46.117278]],[[-122.957943,46.115577],[-122.957975,46.11553],[-122.957918,46.115401],[-122.957858,46.115384],[-122.957704,46.115414],[-122.957681,46.115452],[-122.957704,46.115562],[-122.957872,46.115602],[-122.957943,46.115577]],[[-122.958378,46.118728],[-122.958452,46.11869],[-122.958446,46.118577],[-122.958401,46.118551],[-122.958326,46.118548],[-122.958292,46.118467],[-122.958197,46.118458],[-122.958169,46.11838],[-122.958068,46.118368],[-122.958045,46.118294],[-122.957762,46.118264],[-122.957701,46.118281],[-122.957679,46.118318],[-122.957692,46.118434],[-122.957808,46.118458],[-122.957843,46.118539],[-122.957938,46.118548],[-122.957966,46.118626],[-122.958067,46.118638],[-122.95809,46.118712],[-122.958378,46.118728]],[[-122.959413,46.119179],[-122.959487,46.11914],[-122.959473,46.119018],[-122.959361,46.118999],[-122.959355,46.118942],[-122.959313,46.118913],[-122.959103,46.118909],[-122.959089,46.118843],[-122.958973,46.118818],[-122.958939,46.118738],[-122.958533,46.118728],[-122.958469,46.118752],[-122.958456,46.11886],[-122.95849,46.118899],[-122.958714,46.118908],[-122.95872,46.118965],[-122.958769,46.118996],[-122.958973,46.118999],[-122.958973,46.11913],[-122.959007,46.119169],[-122.959413,46.119179]],[[-122.959253,46.115624],[-122.959225,46.115517],[-122.959172,46.11549],[-122.958628,46.115495],[-122.958588,46.115537],[-122.958596,46.11582],[-122.95865,46.115847],[-122.958806,46.115855],[-122.958843,46.115824],[-122.958846,46.115758],[-122.958953,46.115743],[-122.958976,46.115669],[-122.959214,46.115662],[-122.959253,46.115624]],[[-122.958844,46.115126],[-122.958793,46.115105],[-122.958735,46.115115],[-122.958698,46.115157],[-122.958714,46.115198],[-122.958767,46.115218],[-122.958839,46.115206],[-122.958866,46.115168],[-122.958844,46.115126]],[[-122.958847,46.115038],[-122.958865,46.114993],[-122.958833,46.114958],[-122.958767,46.114949],[-122.958714,46.114969],[-122.958698,46.11501],[-122.958736,46.115052],[-122.958793,46.115062],[-122.958847,46.115038]],[[-122.960789,46.113059],[-122.960762,46.112968],[-122.96053,46.112969],[-122.960524,46.112912],[-122.960475,46.112881],[-122.960083,46.112879],[-122.96003,46.112899],[-122.960013,46.113149],[-122.959912,46.113161],[-122.959883,46.113239],[-122.959782,46.113251],[-122.959754,46.113329],[-122.959653,46.113341],[-122.959624,46.113419],[-122.959536,46.113425],[-122.959496,46.113462],[-122.959491,46.113578],[-122.959545,46.113598],[-122.959753,46.113599],[-122.959753,46.113689],[-122.959647,46.113704],[-122.959624,46.113779],[-122.959508,46.113803],[-122.959494,46.113869],[-122.959264,46.113881],[-122.959235,46.113958],[-122.959119,46.113982],[-122.959106,46.114048],[-122.95891,46.114049],[-122.958853,46.114082],[-122.95886,46.114204],[-122.958976,46.114228],[-122.959011,46.114309],[-122.959106,46.114319],[-122.959134,46.114396],[-122.959416,46.114409],[-122.959476,46.114389],[-122.959494,46.114229],[-122.959576,46.114225],[-122.95962,46.11419],[-122.959624,46.114049],[-122.959719,46.11404],[-122.959753,46.113959],[-122.959848,46.113956],[-122.959894,46.113929],[-122.959883,46.113779],[-122.960012,46.113779],[-122.960018,46.113835],[-122.960067,46.113866],[-122.960201,46.113869],[-122.960253,46.113849],[-122.960271,46.113689],[-122.960353,46.113685],[-122.960397,46.113651],[-122.960401,46.113509],[-122.960482,46.113505],[-122.960524,46.113476],[-122.96053,46.113329],[-122.960848,46.113329],[-122.960912,46.113296],[-122.960913,46.113092],[-122.960871,46.113063],[-122.960789,46.113059]],[[-122.959786,46.11575],[-122.96008,46.115771],[-122.960134,46.115739],[-122.960117,46.115595],[-122.960011,46.115579],[-122.959993,46.115509],[-122.959882,46.115489],[-122.959864,46.115419],[-122.959752,46.115399],[-122.959739,46.115333],[-122.959623,46.115309],[-122.959588,46.115228],[-122.959312,46.115219],[-122.959257,46.115234],[-122.959235,46.115273],[-122.959257,46.115383],[-122.959364,46.115399],[-122.959377,46.115465],[-122.959493,46.115489],[-122.959497,46.11554],[-122.959534,46.115572],[-122.959752,46.115579],[-122.959752,46.11571],[-122.959786,46.11575]],[[-122.960013,46.11648],[-122.959957,46.116455],[-122.959899,46.116465],[-122.959848,46.116511],[-122.959861,46.116556],[-122.959927,46.116591],[-122.959992,46.116582],[-122.960044,46.116532],[-122.960013,46.11648]],[[-122.960008,46.116657],[-122.959957,46.116635],[-122.959899,46.116645],[-122.959861,46.116688],[-122.959877,46.116728],[-122.959931,46.116749],[-122.960002,46.116736],[-122.96003,46.116698],[-122.960008,46.116657]],[[-122.960414,46.118059],[-122.960369,46.117931],[-122.960199,46.117906],[-122.960144,46.117939],[-122.960121,46.118059],[-122.960181,46.118098],[-122.960363,46.118097],[-122.960414,46.118059]],[[-122.960547,46.115984],[-122.960515,46.115873],[-122.960399,46.115849],[-122.960396,46.115797],[-122.960358,46.115765],[-122.96019,46.115759],[-122.960129,46.115789],[-122.960149,46.11591],[-122.960195,46.115937],[-122.960269,46.115939],[-122.960273,46.115991],[-122.96031,46.116023],[-122.960508,46.116022],[-122.960547,46.115984]],[[-122.96033,46.117276],[-122.96018,46.117295],[-122.96014,46.117332],[-122.960142,46.117444],[-122.960199,46.117481],[-122.96035,46.117465],[-122.960396,46.117426],[-122.960385,46.1173],[-122.96033,46.117276]],[[-122.96082,46.118867],[-122.960779,46.118762],[-122.960744,46.118736],[-122.960526,46.118729],[-122.960473,46.118705],[-122.960295,46.118733],[-122.960248,46.118779],[-122.960296,46.118897],[-122.960526,46.118909],[-122.960535,46.118971],[-122.960596,46.118999],[-122.960767,46.118979],[-122.96082,46.118867]],[[-122.961572,46.114654],[-122.961542,46.114515],[-122.961435,46.114499],[-122.961435,46.114084],[-122.96136,46.114035],[-122.961205,46.114061],[-122.961176,46.114139],[-122.96106,46.114163],[-122.961047,46.114229],[-122.960811,46.114245],[-122.960788,46.114409],[-122.960434,46.114418],[-122.96038,46.114533],[-122.960442,46.114588],[-122.960788,46.114589],[-122.960789,46.114829],[-122.960863,46.114873],[-122.961018,46.114847],[-122.961047,46.114769],[-122.961176,46.114769],[-122.961245,46.114793],[-122.961394,46.114763],[-122.961432,46.114731],[-122.961435,46.114679],[-122.96153,46.114677],[-122.961572,46.114654]],[[-122.960708,46.117469],[-122.960783,46.117431],[-122.960777,46.117318],[-122.960724,46.11729],[-122.960567,46.117282],[-122.960528,46.117324],[-122.960536,46.11744],[-122.96059,46.117468],[-122.960708,46.117469]],[[-122.961356,46.116569],[-122.961428,46.116536],[-122.96143,46.116428],[-122.961386,46.116393],[-122.961305,46.116389],[-122.96127,46.116308],[-122.961175,46.116299],[-122.961195,46.116175],[-122.961173,46.116136],[-122.96074,46.116105],[-122.960679,46.116122],[-122.960663,46.116266],[-122.960705,46.116295],[-122.960787,46.116299],[-122.96081,46.116373],[-122.961045,46.116389],[-122.961059,46.116455],[-122.961175,46.116479],[-122.961203,46.116557],[-122.961356,46.116569]],[[-122.961452,46.116794],[-122.961428,46.116693],[-122.961379,46.116662],[-122.961217,46.11666],[-122.961158,46.116699],[-122.961181,46.116806],[-122.96123,46.116837],[-122.96142,46.11683],[-122.961452,46.116794]],[[-122.961325,46.119884],[-122.96163,46.119912],[-122.961685,46.11988],[-122.961668,46.119735],[-122.961613,46.119719],[-122.961325,46.119735],[-122.961302,46.119773],[-122.961325,46.119884]],[[-122.961854,46.118782],[-122.961786,46.118649],[-122.961601,46.118633],[-122.961565,46.118664],[-122.961562,46.118729],[-122.96148,46.118733],[-122.961438,46.118763],[-122.961441,46.118881],[-122.961495,46.118908],[-122.961781,46.118916],[-122.961854,46.118782]],[[-122.962908,46.11828],[-122.96298,46.118247],[-122.962982,46.118138],[-122.962938,46.118104],[-122.962856,46.1181],[-122.962822,46.118019],[-122.962727,46.11801],[-122.962726,46.117783],[-122.962686,46.117746],[-122.962598,46.11774],[-122.962597,46.117518],[-122.96255,46.117474],[-122.962285,46.117456],[-122.962231,46.117472],[-122.962209,46.11774],[-122.961992,46.117746],[-122.961954,46.117778],[-122.96195,46.117829],[-122.961632,46.11783],[-122.961568,46.117863],[-122.961568,46.118066],[-122.96161,46.118095],[-122.961691,46.1181],[-122.961697,46.118156],[-122.961739,46.118185],[-122.962025,46.118187],[-122.962074,46.118156],[-122.96208,46.1181],[-122.962283,46.118097],[-122.962333,46.118066],[-122.962339,46.11801],[-122.962468,46.11801],[-122.962474,46.118156],[-122.962516,46.118186],[-122.962597,46.11819],[-122.962626,46.118268],[-122.962908,46.11828]],[[-122.962001,46.11963],[-122.962075,46.119591],[-122.96207,46.119478],[-122.961903,46.119427],[-122.961845,46.119433],[-122.961785,46.119492],[-122.961829,46.119601],[-122.961882,46.119629],[-122.962001,46.11963]],[[-122.967645,46.117651],[-122.967628,46.117491],[-122.967516,46.117471],[-122.96751,46.117415],[-122.967468,46.117385],[-122.967257,46.117381],[-122.967251,46.117324],[-122.967202,46.117293],[-122.967033,46.1173],[-122.966998,46.117381],[-122.966481,46.117381],[-122.966481,46.117201],[-122.966597,46.117177],[-122.96661,46.11707],[-122.966569,46.117027],[-122.966481,46.117021],[-122.966475,46.116964],[-122.966433,46.116935],[-122.966093,46.116931],[-122.966079,46.116865],[-122.966015,46.116841],[-122.965637,46.116842],[-122.965584,46.116869],[-122.965575,46.116931],[-122.965445,46.116931],[-122.965446,46.116751],[-122.965534,46.116744],[-122.965573,46.116707],[-122.965575,46.116481],[-122.965663,46.116474],[-122.965704,46.116432],[-122.965692,46.116325],[-122.965575,46.116301],[-122.965575,46.116211],[-122.965705,46.116211],[-122.965727,46.116285],[-122.965834,46.116301],[-122.965835,46.116437],[-122.965882,46.116477],[-122.966093,46.116481],[-122.966169,46.116504],[-122.966311,46.116474],[-122.96635,46.116437],[-122.966329,46.116317],[-122.966222,46.116301],[-122.966209,46.116235],[-122.966093,46.116211],[-122.96609,46.116159],[-122.966052,46.116127],[-122.965834,46.116121],[-122.965821,46.116055],[-122.965705,46.116031],[-122.965699,46.115974],[-122.965657,46.115945],[-122.965494,46.115945],[-122.965452,46.115974],[-122.965446,46.116031],[-122.965317,46.116031],[-122.965304,46.115965],[-122.965187,46.11594],[-122.965184,46.115889],[-122.965146,46.115857],[-122.964799,46.11585],[-122.964796,46.115799],[-122.964758,46.115767],[-122.96454,46.11576],[-122.964537,46.115709],[-122.964499,46.115677],[-122.964282,46.11567],[-122.964247,46.115589],[-122.964023,46.11558],[-122.964017,46.115523],[-122.963968,46.115492],[-122.963764,46.11549],[-122.963758,46.115433],[-122.963716,46.115404],[-122.963505,46.1154],[-122.963499,46.115343],[-122.963457,46.115314],[-122.962806,46.11531],[-122.962742,46.115334],[-122.962729,46.1154],[-122.962647,46.115404],[-122.962605,46.115433],[-122.962599,46.11567],[-122.962395,46.115672],[-122.962346,46.115703],[-122.96234,46.11576],[-122.962122,46.115766],[-122.962085,46.115798],[-122.962081,46.115849],[-122.961986,46.115859],[-122.961952,46.115939],[-122.96187,46.115944],[-122.961828,46.115973],[-122.961824,46.116256],[-122.961863,46.116293],[-122.961951,46.1163],[-122.961974,46.116464],[-122.962081,46.11648],[-122.962098,46.11655],[-122.96221,46.11657],[-122.962223,46.116636],[-122.962339,46.11666],[-122.962374,46.116741],[-122.962598,46.11675],[-122.962616,46.11682],[-122.962728,46.11684],[-122.962745,46.11691],[-122.962857,46.11693],[-122.96287,46.116996],[-122.962986,46.11702],[-122.963021,46.117101],[-122.963245,46.11711],[-122.963263,46.11718],[-122.963374,46.1172],[-122.963409,46.117281],[-122.963504,46.11729],[-122.963532,46.117368],[-122.963633,46.11738],[-122.963662,46.117458],[-122.963892,46.11747],[-122.963915,46.117544],[-122.964021,46.11756],[-122.964056,46.117641],[-122.964151,46.11765],[-122.964154,46.117792],[-122.964199,46.117826],[-122.96428,46.11783],[-122.964298,46.117991],[-122.96435,46.11801],[-122.964539,46.11801],[-122.964561,46.118085],[-122.964668,46.1181],[-122.964703,46.118181],[-122.964797,46.118191],[-122.964799,46.118507],[-122.964838,46.118544],[-122.964942,46.118558],[-122.964932,46.118787],[-122.964974,46.118816],[-122.965056,46.118821],[-122.965056,46.118952],[-122.965084,46.118988],[-122.965315,46.119001],[-122.965315,46.119091],[-122.965233,46.119095],[-122.965189,46.119129],[-122.965194,46.119255],[-122.96526,46.119284],[-122.965573,46.119271],[-122.965596,46.119345],[-122.965703,46.119361],[-122.965703,46.119451],[-122.965668,46.119498],[-122.965703,46.119541],[-122.965704,46.119677],[-122.965744,46.119714],[-122.965832,46.119721],[-122.965841,46.119872],[-122.965887,46.119898],[-122.965961,46.119901],[-122.965996,46.119982],[-122.966091,46.119991],[-122.966104,46.120147],[-122.96622,46.120171],[-122.966254,46.120252],[-122.966349,46.120261],[-122.966362,46.120417],[-122.966479,46.120441],[-122.966496,46.120511],[-122.966608,46.120531],[-122.966617,46.120592],[-122.96667,46.12062],[-122.966804,46.12062],[-122.966861,46.120588],[-122.966867,46.120351],[-122.966979,46.120331],[-122.966997,46.120171],[-122.967078,46.120167],[-122.96712,46.120138],[-122.96712,46.119935],[-122.967056,46.119901],[-122.966663,46.119903],[-122.966614,46.119934],[-122.966608,46.119991],[-122.966492,46.120015],[-122.966479,46.120081],[-122.96635,46.120081],[-122.96635,46.119991],[-122.966451,46.119979],[-122.966479,46.119901],[-122.966567,46.119895],[-122.966608,46.119852],[-122.966607,46.119494],[-122.966568,46.119457],[-122.966479,46.119451],[-122.966471,46.119286],[-122.966404,46.119257],[-122.966091,46.119271],[-122.966068,46.119107],[-122.965832,46.119091],[-122.965815,46.119021],[-122.965703,46.119001],[-122.965669,46.11892],[-122.965574,46.118911],[-122.965545,46.118833],[-122.965444,46.118821],[-122.965416,46.118743],[-122.965315,46.118731],[-122.965287,46.118653],[-122.965186,46.118641],[-122.965163,46.118566],[-122.96504,46.118543],[-122.965056,46.118191],[-122.965315,46.118191],[-122.965328,46.118347],[-122.965444,46.118371],[-122.965462,46.118441],[-122.965574,46.118461],[-122.965587,46.118527],[-122.965703,46.118551],[-122.965709,46.118607],[-122.965751,46.118637],[-122.966425,46.118639],[-122.966474,46.118608],[-122.96648,46.118551],[-122.966698,46.118545],[-122.966735,46.118513],[-122.966739,46.118461],[-122.966827,46.118455],[-122.966868,46.118412],[-122.966859,46.11822],[-122.966813,46.118193],[-122.966739,46.118191],[-122.966733,46.118134],[-122.966691,46.118105],[-122.96648,46.118101],[-122.96648,46.117921],[-122.966609,46.117921],[-122.966627,46.117991],[-122.966739,46.118011],[-122.966757,46.118081],[-122.966868,46.118101],[-122.966881,46.118167],[-122.966998,46.118191],[-122.967001,46.118243],[-122.967039,46.118275],[-122.967256,46.118281],[-122.967317,46.118305],[-122.96746,46.118279],[-122.967509,46.118248],[-122.967515,46.118191],[-122.96759,46.118189],[-122.967636,46.118163],[-122.967645,46.118011],[-122.967733,46.118005],[-122.967773,46.117968],[-122.967771,46.11769],[-122.967727,46.117655],[-122.967645,46.117651]],[[-122.962082,46.118821],[-122.962025,46.118806],[-122.961967,46.118826],[-122.96195,46.118875],[-122.961977,46.11891],[-122.96204,46.118923],[-122.962099,46.118897],[-122.962113,46.118857],[-122.962082,46.118821]],[[-122.96263,46.120577],[-122.962583,46.120464],[-122.962467,46.12044],[-122.962463,46.120388],[-122.962425,46.120356],[-122.96227,46.120351],[-122.962217,46.120378],[-122.962173,46.120482],[-122.962211,46.120581],[-122.962255,46.120616],[-122.962337,46.12062],[-122.96234,46.120671],[-122.962378,46.120703],[-122.962526,46.12071],[-122.962578,46.12069],[-122.96263,46.120577]],[[-122.962856,46.11918],[-122.962944,46.119174],[-122.962984,46.119136],[-122.962985,46.118959],[-122.962944,46.118916],[-122.962781,46.118912],[-122.962732,46.118943],[-122.962726,46.119],[-122.96251,46.119001],[-122.962456,46.119029],[-122.96248,46.119156],[-122.962597,46.11918],[-122.962598,46.11933],[-122.962636,46.119367],[-122.962838,46.11934],[-122.962856,46.11918]],[[-122.962733,46.113868],[-122.962764,46.113833],[-122.962749,46.113792],[-122.96269,46.113767],[-122.962628,46.113779],[-122.962601,46.113815],[-122.962617,46.113863],[-122.962675,46.113884],[-122.962733,46.113868]],[[-122.963095,46.114664],[-122.963137,46.11446],[-122.963116,46.114426],[-122.962972,46.114402],[-122.962988,46.114284],[-122.962966,46.114246],[-122.962812,46.114216],[-122.962751,46.114232],[-122.962735,46.114376],[-122.962777,46.114406],[-122.962875,46.114417],[-122.962859,46.114626],[-122.962881,46.114664],[-122.962936,46.11468],[-122.963095,46.114664]],[[-122.963248,46.11337],[-122.963187,46.113317],[-122.963023,46.113339],[-122.962989,46.113378],[-122.963002,46.113486],[-122.963158,46.113523],[-122.963214,46.113514],[-122.963246,46.11348],[-122.963248,46.11337]],[[-122.963298,46.11513],[-122.963374,46.115086],[-122.963373,46.114898],[-122.963321,46.114862],[-122.963172,46.114862],[-122.963119,46.114903],[-122.96312,46.115092],[-122.963172,46.115128],[-122.963298,46.11513]],[[-122.963558,46.11396],[-122.963634,46.113917],[-122.963632,46.113728],[-122.963581,46.113692],[-122.963432,46.113692],[-122.963378,46.113733],[-122.96338,46.113922],[-122.963432,46.113958],[-122.963558,46.11396]],[[-122.963765,46.11409],[-122.963705,46.114038],[-122.963541,46.114059],[-122.963508,46.114093],[-122.963498,46.114205],[-122.963556,46.11423],[-122.96373,46.114221],[-122.963763,46.114187],[-122.963765,46.11409]],[[-122.964402,46.120767],[-122.964425,46.12066],[-122.964373,46.120623],[-122.964067,46.120624],[-122.964025,46.120654],[-122.964008,46.120721],[-122.963816,46.120713],[-122.963766,46.120744],[-122.96376,46.1208],[-122.96353,46.120812],[-122.963487,46.120945],[-122.963536,46.120978],[-122.963631,46.12098],[-122.963634,46.121032],[-122.963672,46.121064],[-122.963842,46.121066],[-122.963888,46.121027],[-122.96389,46.12089],[-122.963997,46.120874],[-122.96403,46.120789],[-122.96421,46.120824],[-122.964352,46.120798],[-122.964402,46.120767]],[[-122.964023,46.11477],[-122.963989,46.114689],[-122.963834,46.11468],[-122.963774,46.114709],[-122.963764,46.11477],[-122.96369,46.114772],[-122.963644,46.114799],[-122.963644,46.114921],[-122.96369,46.114948],[-122.963764,46.11495],[-122.963768,46.115002],[-122.963805,46.115034],[-122.963968,46.115038],[-122.964017,46.115007],[-122.964023,46.11495],[-122.964219,46.114949],[-122.964273,46.114922],[-122.964282,46.114819],[-122.964254,46.114782],[-122.964023,46.11477]],[[-122.964394,46.121856],[-122.964415,46.121725],[-122.964372,46.121703],[-122.964278,46.1217],[-122.964243,46.121619],[-122.964019,46.12161],[-122.964018,46.121479],[-122.96399,46.121443],[-122.96383,46.12143],[-122.963778,46.12145],[-122.963745,46.121756],[-122.963802,46.121789],[-122.964019,46.12179],[-122.964019,46.121922],[-122.964047,46.121958],[-122.964243,46.121961],[-122.964278,46.12188],[-122.964394,46.121856]],[[-122.964666,46.121071],[-122.964783,46.121046],[-122.964792,46.120929],[-122.964741,46.120893],[-122.964592,46.120893],[-122.964543,46.120924],[-122.964537,46.12098],[-122.964326,46.120984],[-122.964284,46.121014],[-122.964278,46.12107],[-122.964171,46.121086],[-122.964154,46.121217],[-122.964211,46.121249],[-122.964359,46.121246],[-122.964401,46.121217],[-122.964407,46.12116],[-122.964638,46.121148],[-122.964666,46.121071]],[[-122.965678,46.121775],[-122.965721,46.121661],[-122.965699,46.121627],[-122.965572,46.121611],[-122.965571,46.121474],[-122.965531,46.121437],[-122.965184,46.121431],[-122.965175,46.121369],[-122.965121,46.121342],[-122.964818,46.121356],[-122.964795,46.121395],[-122.964795,46.1217],[-122.964707,46.121707],[-122.964667,46.121744],[-122.964666,46.12206],[-122.964549,46.122084],[-122.964536,46.12224],[-122.964429,46.122256],[-122.964374,46.122362],[-122.964429,46.122585],[-122.964583,46.122614],[-122.964643,46.122598],[-122.964665,46.122421],[-122.964876,46.122416],[-122.964918,46.122387],[-122.964924,46.122331],[-122.965031,46.122315],[-122.965054,46.122151],[-122.965155,46.122138],[-122.965183,46.122061],[-122.965284,46.122048],[-122.965313,46.121971],[-122.965408,46.121962],[-122.965442,46.121881],[-122.965554,46.121861],[-122.965572,46.121791],[-122.965678,46.121775]],[[-122.964747,46.122785],[-122.964619,46.122758],[-122.964561,46.122764],[-122.964508,46.122802],[-122.964503,46.122839],[-122.964564,46.122948],[-122.964734,46.122973],[-122.964791,46.122936],[-122.964791,46.122819],[-122.964747,46.122785]],[[-122.964818,46.114815],[-122.964794,46.114714],[-122.964745,46.114683],[-122.964596,46.114683],[-122.964544,46.114719],[-122.964544,46.114822],[-122.964596,46.114858],[-122.964786,46.114851],[-122.964818,46.114815]],[[-122.965365,46.120621],[-122.96544,46.120582],[-122.96543,46.120465],[-122.965373,46.120441],[-122.965198,46.12045],[-122.965164,46.120496],[-122.965197,46.120597],[-122.965247,46.12062],[-122.965365,46.120621]],[[-122.965831,46.121071],[-122.965913,46.121067],[-122.965957,46.121033],[-122.965957,46.120929],[-122.965906,46.120893],[-122.965736,46.1209],[-122.965702,46.120981],[-122.965254,46.120981],[-122.965184,46.121029],[-122.965197,46.121137],[-122.965313,46.121161],[-122.965322,46.121222],[-122.965383,46.12125],[-122.96579,46.121244],[-122.96583,46.121207],[-122.965831,46.121071]],[[-122.967904,46.121883],[-122.967896,46.121735],[-122.967854,46.121706],[-122.967772,46.121701],[-122.967766,46.121645],[-122.967724,46.121615],[-122.967554,46.121618],[-122.967517,46.12165],[-122.967513,46.121701],[-122.966996,46.121701],[-122.966992,46.121649],[-122.966955,46.121618],[-122.966737,46.121611],[-122.966719,46.121541],[-122.966607,46.121521],[-122.966594,46.121455],[-122.966478,46.121431],[-122.966444,46.12135],[-122.966219,46.121341],[-122.96621,46.121279],[-122.966157,46.121252],[-122.966028,46.121237],[-122.965966,46.121271],[-122.965969,46.121402],[-122.966015,46.121429],[-122.96609,46.121431],[-122.966124,46.121512],[-122.966219,46.121521],[-122.966242,46.121595],[-122.966478,46.121611],[-122.966501,46.121775],[-122.966737,46.121791],[-122.966738,46.121928],[-122.966784,46.121967],[-122.966927,46.121995],[-122.966995,46.121971],[-122.967384,46.121971],[-122.967384,46.122103],[-122.967412,46.122139],[-122.967702,46.122151],[-122.967763,46.122123],[-122.967772,46.122061],[-122.967846,46.122059],[-122.967892,46.122033],[-122.967936,46.121929],[-122.967904,46.121883]],[[-122.966609,46.123052],[-122.96653,46.123027],[-122.966357,46.12308],[-122.966363,46.123223],[-122.966259,46.123237],[-122.96622,46.123274],[-122.966218,46.123452],[-122.966259,46.123495],[-122.966416,46.123525],[-122.966501,46.123484],[-122.966461,46.123239],[-122.966597,46.123203],[-122.966641,46.123099],[-122.966609,46.123052]],[[-122.966918,46.123332],[-122.967076,46.123317],[-122.967118,46.123288],[-122.967123,46.123095],[-122.967069,46.123054],[-122.966928,46.123052],[-122.966867,46.123095],[-122.966867,46.123291],[-122.966918,46.123332]],[[-122.969228,46.125535],[-122.969181,46.125416],[-122.969064,46.125392],[-122.969042,46.125318],[-122.968935,46.125302],[-122.968912,46.125228],[-122.968806,46.125212],[-122.968783,46.125138],[-122.968676,46.125122],[-122.968676,46.125032],[-122.968865,46.125031],[-122.968922,46.125008],[-122.968935,46.1249],[-122.968907,46.124864],[-122.968609,46.124853],[-122.968556,46.12488],[-122.968547,46.124942],[-122.968418,46.124942],[-122.968395,46.124867],[-122.968288,46.124852],[-122.968288,46.12463],[-122.96826,46.124594],[-122.968084,46.124584],[-122.968035,46.124615],[-122.968029,46.124671],[-122.9679,46.124671],[-122.9679,46.124582],[-122.968001,46.124569],[-122.968029,46.124492],[-122.968124,46.124482],[-122.968159,46.124402],[-122.968271,46.124382],[-122.968289,46.124222],[-122.96837,46.124217],[-122.968412,46.124188],[-122.968453,46.124089],[-122.968418,46.124042],[-122.968418,46.123862],[-122.9685,46.123858],[-122.968544,46.123823],[-122.968535,46.123616],[-122.968418,46.123592],[-122.968412,46.123535],[-122.96837,46.123506],[-122.9681,46.123502],[-122.968039,46.12353],[-122.96803,46.123591],[-122.967799,46.123604],[-122.967771,46.123681],[-122.967417,46.12369],[-122.967383,46.123771],[-122.967282,46.123784],[-122.967253,46.123861],[-122.967158,46.12387],[-122.967124,46.123951],[-122.967042,46.123955],[-122.966998,46.12399],[-122.967,46.124188],[-122.967042,46.124217],[-122.967124,46.124223],[-122.967123,46.124311],[-122.967035,46.124318],[-122.966995,46.124355],[-122.967007,46.124557],[-122.967123,46.124581],[-122.967158,46.124662],[-122.967253,46.124671],[-122.967281,46.124749],[-122.967382,46.124761],[-122.967417,46.124842],[-122.967641,46.124851],[-122.967658,46.124922],[-122.96777,46.124942],[-122.967805,46.125022],[-122.9679,46.125032],[-122.967928,46.125109],[-122.968029,46.125122],[-122.968057,46.125199],[-122.968158,46.125212],[-122.968187,46.125289],[-122.968288,46.125302],[-122.968316,46.125379],[-122.968417,46.125392],[-122.96844,46.125466],[-122.968676,46.125482],[-122.968689,46.125548],[-122.968805,46.125572],[-122.96884,46.125653],[-122.968996,46.125686],[-122.969159,46.125653],[-122.969228,46.125535]],[[-122.96763,46.120417],[-122.967661,46.120301],[-122.967609,46.120264],[-122.967172,46.120252],[-122.967126,46.120296],[-122.967132,46.120498],[-122.967196,46.120531],[-122.967466,46.120527],[-122.967508,46.120498],[-122.967514,46.120441],[-122.96763,46.120417]],[[-122.968421,46.118731],[-122.96842,46.118595],[-122.96838,46.118558],[-122.967938,46.11856],[-122.967903,46.118641],[-122.967808,46.11865],[-122.967774,46.118695],[-122.967775,46.118958],[-122.967815,46.118995],[-122.967903,46.119001],[-122.967903,46.119091],[-122.967644,46.119091],[-122.967643,46.118955],[-122.967596,46.118915],[-122.967304,46.118915],[-122.967262,46.118945],[-122.967256,46.119001],[-122.967175,46.119005],[-122.96713,46.119039],[-122.967139,46.119337],[-122.967256,46.119361],[-122.967262,46.119418],[-122.967304,46.119447],[-122.967515,46.119451],[-122.96752,46.119508],[-122.967563,46.119537],[-122.967773,46.119541],[-122.967834,46.119565],[-122.968004,46.119529],[-122.968032,46.119451],[-122.968149,46.119427],[-122.968162,46.119362],[-122.968516,46.119352],[-122.96855,46.119308],[-122.96855,46.11878],[-122.968509,46.118738],[-122.968421,46.118731]],[[-122.967954,46.121341],[-122.968025,46.121308],[-122.968031,46.12121],[-122.96799,46.121168],[-122.967902,46.121161],[-122.967884,46.120911],[-122.967832,46.120892],[-122.967514,46.120891],[-122.96751,46.12084],[-122.967473,46.120808],[-122.967283,46.120813],[-122.967255,46.12085],[-122.967273,46.120961],[-122.967384,46.120981],[-122.967419,46.121062],[-122.967514,46.121071],[-122.967542,46.121149],[-122.967643,46.121161],[-122.967671,46.121239],[-122.967772,46.121251],[-122.967801,46.121329],[-122.967954,46.121341]],[[-122.967705,46.120015],[-122.967855,46.119987],[-122.967897,46.119958],[-122.96788,46.119827],[-122.967825,46.119811],[-122.967537,46.119827],[-122.967514,46.119865],[-122.967537,46.119975],[-122.967705,46.120015]],[[-122.971914,46.121612],[-122.971911,46.121561],[-122.971873,46.121529],[-122.971703,46.121527],[-122.971657,46.121566],[-122.971655,46.121702],[-122.971537,46.121713],[-122.971503,46.121628],[-122.971396,46.121612],[-122.971362,46.121531],[-122.971267,46.121522],[-122.971234,46.121428],[-122.971008,46.121432],[-122.970995,46.121366],[-122.970879,46.121342],[-122.970844,46.121261],[-122.97062,46.121252],[-122.970617,46.12111],[-122.970572,46.121076],[-122.970491,46.121072],[-122.970491,46.120982],[-122.970727,46.120966],[-122.97075,46.120802],[-122.970879,46.120802],[-122.970885,46.120872],[-122.970932,46.120903],[-122.971124,46.120883],[-122.971158,46.120836],[-122.971125,46.120646],[-122.971068,46.120623],[-122.97075,46.120622],[-122.970746,46.12057],[-122.970709,46.120539],[-122.970491,46.120532],[-122.970478,46.120376],[-122.970362,46.120352],[-122.970344,46.120282],[-122.970232,46.120262],[-122.970214,46.120192],[-122.970103,46.120172],[-122.97009,46.120106],[-122.969973,46.120082],[-122.969967,46.120025],[-122.969925,46.119996],[-122.969715,46.119992],[-122.969631,46.119969],[-122.969478,46.120008],[-122.969456,46.120082],[-122.969326,46.120082],[-122.969313,46.120016],[-122.969197,46.119992],[-122.969194,46.11994],[-122.969156,46.119908],[-122.968809,46.119902],[-122.968809,46.119722],[-122.969007,46.119734],[-122.969067,46.119687],[-122.969058,46.11957],[-122.969013,46.119544],[-122.968938,46.119542],[-122.968935,46.11949],[-122.968897,46.119458],[-122.968702,46.119467],[-122.968679,46.119542],[-122.968578,46.119554],[-122.96855,46.119632],[-122.968449,46.119644],[-122.96842,46.119721],[-122.968326,46.119731],[-122.968291,46.119811],[-122.968175,46.119835],[-122.968161,46.119991],[-122.968067,46.120001],[-122.968032,46.120081],[-122.967958,46.120084],[-122.967912,46.12011],[-122.967883,46.120206],[-122.96791,46.120249],[-122.968161,46.120262],[-122.968161,46.120441],[-122.968087,46.120444],[-122.968041,46.12047],[-122.968041,46.120593],[-122.968087,46.120619],[-122.968161,46.120622],[-122.968196,46.120702],[-122.96829,46.120712],[-122.968291,46.120857],[-122.968318,46.120892],[-122.968549,46.120892],[-122.968546,46.121231],[-122.968739,46.121276],[-122.968889,46.121248],[-122.968936,46.121208],[-122.968937,46.121072],[-122.969065,46.121072],[-122.969076,46.121223],[-122.969122,46.121249],[-122.969196,46.121252],[-122.969196,46.121342],[-122.969108,46.121348],[-122.969067,46.12139],[-122.969067,46.121833],[-122.969107,46.121875],[-122.96942,46.121873],[-122.969455,46.121792],[-122.969571,46.121768],[-122.969584,46.121702],[-122.969696,46.121682],[-122.969714,46.121612],[-122.969825,46.121592],[-122.969843,46.121522],[-122.969955,46.121502],[-122.969973,46.121432],[-122.970079,46.121416],[-122.970102,46.121162],[-122.970361,46.121162],[-122.970361,46.121487],[-122.970388,46.121523],[-122.97062,46.121522],[-122.970633,46.121588],[-122.970749,46.121612],[-122.970777,46.12169],[-122.971008,46.121702],[-122.971021,46.121768],[-122.971137,46.121792],[-122.971143,46.121849],[-122.971192,46.12188],[-122.971348,46.121878],[-122.97139,46.121849],[-122.971396,46.121792],[-122.971515,46.121781],[-122.971527,46.121943],[-122.971579,46.121983],[-122.971866,46.121968],[-122.971908,46.121939],[-122.971914,46.121883],[-122.97203,46.121859],[-122.97204,46.121651],[-122.971995,46.121617],[-122.971914,46.121612]],[[-122.968036,46.117923],[-122.967979,46.117908],[-122.967921,46.117928],[-122.967904,46.117976],[-122.967931,46.118012],[-122.967994,46.118025],[-122.968053,46.117999],[-122.968067,46.117958],[-122.968036,46.117923]],[[-122.96868,46.118552],[-122.968871,46.118565],[-122.968926,46.118541],[-122.968938,46.11842],[-122.968898,46.118378],[-122.96881,46.118372],[-122.968806,46.11832],[-122.968768,46.118288],[-122.968551,46.118281],[-122.968522,46.118204],[-122.968367,46.118178],[-122.968301,46.118207],[-122.968292,46.118281],[-122.968218,46.118284],[-122.968172,46.11831],[-122.968164,46.118418],[-122.968203,46.118455],[-122.968421,46.118462],[-122.968444,46.118536],[-122.968596,46.118574],[-122.96868,46.118552]],[[-122.968549,46.121522],[-122.968526,46.121447],[-122.968374,46.121409],[-122.968308,46.121418],[-122.968258,46.121463],[-122.968303,46.121588],[-122.968419,46.121612],[-122.968425,46.121668],[-122.968474,46.121699],[-122.968623,46.121699],[-122.968675,46.121663],[-122.968665,46.121546],[-122.968549,46.121522]],[[-122.969246,46.124852],[-122.969301,46.124836],[-122.969323,46.124803],[-122.969306,46.124512],[-122.969194,46.124492],[-122.96916,46.124411],[-122.969019,46.124379],[-122.968705,46.124414],[-122.968677,46.124456],[-122.968694,46.124652],[-122.968806,46.124672],[-122.968819,46.124738],[-122.968935,46.124762],[-122.968939,46.124813],[-122.968976,46.124845],[-122.969246,46.124852]],[[-122.969844,46.119272],[-122.969839,46.119125],[-122.969797,46.119096],[-122.969715,46.119092],[-122.969681,46.119011],[-122.969586,46.119002],[-122.969585,46.118871],[-122.969551,46.118831],[-122.969327,46.118822],[-122.969314,46.118756],[-122.969198,46.118732],[-122.969175,46.118658],[-122.969029,46.118629],[-122.968951,46.118652],[-122.968939,46.118732],[-122.968822,46.118756],[-122.968815,46.119148],[-122.968857,46.119178],[-122.968938,46.119182],[-122.968973,46.119263],[-122.969068,46.119272],[-122.969096,46.119349],[-122.969197,46.119362],[-122.96923,46.119456],[-122.969926,46.119448],[-122.969972,46.119408],[-122.96997,46.11931],[-122.969926,46.119276],[-122.969844,46.119272]],[[-122.969843,46.122642],[-122.969782,46.122589],[-122.969522,46.122588],[-122.96946,46.122622],[-122.969454,46.122692],[-122.969105,46.122685],[-122.969069,46.122717],[-122.969066,46.122782],[-122.968964,46.122786],[-122.968919,46.122821],[-122.968949,46.123028],[-122.968999,46.123051],[-122.96914,46.123049],[-122.969189,46.123018],[-122.969195,46.122962],[-122.969521,46.122961],[-122.969574,46.122933],[-122.969584,46.122872],[-122.969803,46.122879],[-122.969842,46.122837],[-122.969843,46.122642]],[[-122.969343,46.124267],[-122.969318,46.124165],[-122.969269,46.124134],[-122.96912,46.124134],[-122.969068,46.12417],[-122.969068,46.124273],[-122.96912,46.124309],[-122.96931,46.124302],[-122.969343,46.124267]],[[-122.9701,46.125842],[-122.970336,46.125826],[-122.970359,46.125788],[-122.970336,46.125678],[-122.96997,46.125662],[-122.969909,46.125638],[-122.969841,46.125662],[-122.969711,46.125662],[-122.969678,46.125568],[-122.969614,46.12556],[-122.969563,46.125585],[-122.96955,46.12563],[-122.969598,46.12567],[-122.969583,46.125798],[-122.969616,46.125833],[-122.969841,46.125842],[-122.969854,46.125908],[-122.969918,46.125932],[-122.970065,46.125923],[-122.9701,46.125842]],[[-122.970005,46.12625],[-122.969961,46.126141],[-122.969908,46.126113],[-122.969649,46.126099],[-122.969583,46.126142],[-122.969591,46.126263],[-122.969637,46.12629],[-122.969711,46.126292],[-122.96972,46.126353],[-122.969774,46.126381],[-122.969907,46.126381],[-122.969952,46.126362],[-122.970005,46.12625]],[[-122.971524,46.125303],[-122.971605,46.125298],[-122.97165,46.125264],[-122.971636,46.125052],[-122.971583,46.125033],[-122.971394,46.125032],[-122.971334,46.125008],[-122.971265,46.125032],[-122.971136,46.125032],[-122.971118,46.124782],[-122.971066,46.124763],[-122.970877,46.124762],[-122.970859,46.124692],[-122.970748,46.124672],[-122.97073,46.124602],[-122.970618,46.124582],[-122.970605,46.124516],[-122.970489,46.124492],[-122.970485,46.12444],[-122.970448,46.124409],[-122.97023,46.124402],[-122.970169,46.124378],[-122.9701,46.124402],[-122.969897,46.124404],[-122.969843,46.124445],[-122.969841,46.124582],[-122.969645,46.124583],[-122.969592,46.12461],[-122.969592,46.124733],[-122.969638,46.12476],[-122.969712,46.124762],[-122.969721,46.125183],[-122.969767,46.12521],[-122.96991,46.125225],[-122.969965,46.125192],[-122.969971,46.125122],[-122.9701,46.125122],[-122.9701,46.125343],[-122.970141,46.125386],[-122.970563,46.12539],[-122.970612,46.125359],[-122.970618,46.125302],[-122.970734,46.125278],[-122.970747,46.125212],[-122.970877,46.125212],[-122.970882,46.125359],[-122.970924,46.125388],[-122.971006,46.125392],[-122.971034,46.12547],[-122.971324,46.125482],[-122.971385,46.125454],[-122.971394,46.125392],[-122.971506,46.125373],[-122.971524,46.125303]],[[-122.97023,46.123592],[-122.970312,46.123588],[-122.970356,46.123554],[-122.970356,46.12345],[-122.970305,46.123414],[-122.970142,46.123418],[-122.970104,46.12345],[-122.970101,46.123502],[-122.970019,46.123506],[-122.969975,46.12354],[-122.969975,46.123644],[-122.970026,46.12368],[-122.970196,46.123673],[-122.97023,46.123592]],[[-122.970617,46.12206],[-122.970551,46.122038],[-122.970479,46.122073],[-122.970361,46.122062],[-122.970361,46.121972],[-122.970395,46.121924],[-122.970361,46.121882],[-122.970355,46.121722],[-122.970293,46.121689],[-122.970143,46.121708],[-122.970105,46.12174],[-122.970102,46.121792],[-122.970013,46.121798],[-122.969974,46.121835],[-122.969978,46.122029],[-122.97002,46.122058],[-122.970102,46.122063],[-122.970102,46.122152],[-122.97002,46.122156],[-122.969976,46.12219],[-122.969981,46.122303],[-122.970042,46.122332],[-122.970319,46.122326],[-122.970357,46.122294],[-122.970361,46.122242],[-122.970477,46.122218],[-122.970501,46.122141],[-122.970569,46.122152],[-122.970623,46.122132],[-122.970617,46.12206]],[[-122.971282,46.120318],[-122.97125,46.120192],[-122.971138,46.120172],[-122.971104,46.120091],[-122.971009,46.120082],[-122.97098,46.120004],[-122.970879,46.119992],[-122.970851,46.119914],[-122.97075,46.119902],[-122.970722,46.119824],[-122.970621,46.119812],[-122.970592,46.119734],[-122.970491,46.119722],[-122.970463,46.119644],[-122.970232,46.119632],[-122.970164,46.119608],[-122.970083,46.119645],[-122.970068,46.11968],[-122.970103,46.119722],[-122.970116,46.119878],[-122.970173,46.119902],[-122.970362,46.119902],[-122.970384,46.119976],[-122.970491,46.119992],[-122.970526,46.120073],[-122.97062,46.120082],[-122.970626,46.120229],[-122.970668,46.120258],[-122.97075,46.120262],[-122.970778,46.12034],[-122.971225,46.120351],[-122.971282,46.120318]],[[-122.971006,46.125842],[-122.970993,46.125776],[-122.970876,46.125752],[-122.97087,46.125696],[-122.970828,46.125666],[-122.970558,46.125662],[-122.970501,46.125686],[-122.970488,46.125932],[-122.970455,46.12599],[-122.970501,46.126088],[-122.970617,46.126112],[-122.970652,46.126193],[-122.970835,46.126196],[-122.970873,46.126164],[-122.970876,46.126112],[-122.970992,46.126088],[-122.971006,46.126022],[-122.971122,46.125998],[-122.971126,46.125871],[-122.97108,46.125845],[-122.971006,46.125842]],[[-122.970747,46.12179],[-122.970696,46.121769],[-122.970638,46.121779],[-122.9706,46.121821],[-122.970616,46.121862],[-122.970669,46.121882],[-122.970741,46.121869],[-122.970769,46.121832],[-122.970747,46.12179]],[[-122.971267,46.122062],[-122.971285,46.122017],[-122.971253,46.121982],[-122.971179,46.121973],[-122.971129,46.121997],[-122.971119,46.122039],[-122.971156,46.122076],[-122.971213,46.122086],[-122.971267,46.122062]],[[-122.971396,46.122782],[-122.971477,46.122778],[-122.971522,46.122744],[-122.971522,46.122641],[-122.97147,46.122605],[-122.971307,46.122609],[-122.97127,46.122641],[-122.971266,46.122692],[-122.971185,46.122696],[-122.97114,46.122731],[-122.97114,46.122834],[-122.971192,46.12287],[-122.971361,46.122863],[-122.971396,46.122782]],[[-122.971448,46.120622],[-122.971525,46.120579],[-122.971523,46.120391],[-122.971471,46.120355],[-122.971321,46.120341],[-122.971273,46.120372],[-122.971267,46.120442],[-122.971193,46.120445],[-122.971147,46.120471],[-122.971141,46.120584],[-122.9712,46.120621],[-122.971448,46.120622]],[[-122.971396,46.123142],[-122.971414,46.123097],[-122.971382,46.123062],[-122.971308,46.123053],[-122.971258,46.123077],[-122.971248,46.123119],[-122.971284,46.123156],[-122.971342,46.123166],[-122.971396,46.123142]],[[-122.971784,46.122823],[-122.971716,46.122769],[-122.971553,46.122795],[-122.971525,46.122872],[-122.971443,46.122876],[-122.971401,46.122906],[-122.971412,46.123046],[-122.971471,46.123066],[-122.971756,46.123053],[-122.971783,46.123017],[-122.971784,46.122823]],[[-122.971784,46.122463],[-122.971757,46.122422],[-122.971702,46.122409],[-122.97164,46.122431],[-122.97162,46.12247],[-122.971646,46.122508],[-122.971709,46.122526],[-122.971767,46.122506],[-122.971784,46.122463]],[[-122.972063,46.127447],[-122.972239,46.127475],[-122.97229,46.127447],[-122.972282,46.127302],[-122.97217,46.127283],[-122.972152,46.127212],[-122.972041,46.127193],[-122.972027,46.127127],[-122.971911,46.127103],[-122.971877,46.127022],[-122.971681,46.127025],[-122.971652,46.127067],[-122.97167,46.127263],[-122.971722,46.127282],[-122.971911,46.127283],[-122.971924,46.127349],[-122.97204,46.127373],[-122.972063,46.127447]],[[-122.974133,46.122108],[-122.974096,46.121993],[-122.973985,46.121973],[-122.973975,46.121912],[-122.973922,46.121884],[-122.973467,46.121883],[-122.973454,46.121817],[-122.973389,46.121793],[-122.973243,46.121802],[-122.973208,46.121883],[-122.973079,46.121883],[-122.973061,46.121452],[-122.97295,46.121433],[-122.972932,46.121362],[-122.97282,46.121343],[-122.972802,46.121272],[-122.972691,46.121253],[-122.972673,46.121182],[-122.972561,46.121163],[-122.972548,46.121097],[-122.972432,46.121073],[-122.972397,46.120992],[-122.972173,46.120982],[-122.972164,46.120921],[-122.972111,46.120894],[-122.971964,46.120893],[-122.971911,46.120913],[-122.971914,46.121072],[-122.97188,46.12112],[-122.971914,46.121163],[-122.971923,46.121314],[-122.971977,46.121341],[-122.972173,46.121343],[-122.972196,46.121507],[-122.972432,46.121523],[-122.972454,46.121597],[-122.972561,46.121613],[-122.972561,46.121703],[-122.97248,46.121707],[-122.972435,46.121741],[-122.972441,46.121854],[-122.972487,46.12188],[-122.972561,46.121883],[-122.972567,46.121939],[-122.972609,46.121969],[-122.972949,46.121973],[-122.972972,46.122047],[-122.973078,46.122063],[-122.973079,46.122284],[-122.973107,46.122321],[-122.973337,46.122333],[-122.973341,46.122385],[-122.973378,46.122416],[-122.973548,46.122419],[-122.97359,46.12239],[-122.973596,46.122333],[-122.973827,46.122321],[-122.973855,46.122284],[-122.973855,46.122153],[-122.974094,46.122146],[-122.974133,46.122108]],[[-122.972172,46.123813],[-122.972111,46.12376],[-122.971947,46.123782],[-122.971913,46.123821],[-122.971926,46.123929],[-122.972082,46.123966],[-122.972138,46.123957],[-122.97217,46.123923],[-122.972172,46.123813]],[[-122.972046,46.122784],[-122.971988,46.122769],[-122.97193,46.122789],[-122.971914,46.122838],[-122.971941,46.122873],[-122.972003,46.122886],[-122.972062,46.12286],[-122.972077,46.12282],[-122.972046,46.122784]],[[-122.97209,46.123318],[-122.972234,46.123336],[-122.972289,46.123312],[-122.972298,46.123181],[-122.972246,46.123145],[-122.972098,46.123145],[-122.972046,46.123181],[-122.972046,46.123284],[-122.97209,46.123318]],[[-122.972336,46.122476],[-122.972296,46.122366],[-122.972254,46.122337],[-122.972066,46.122348],[-122.972043,46.122387],[-122.972066,46.122587],[-122.972121,46.122603],[-122.972279,46.122587],[-122.972336,46.122476]],[[-122.97222,46.122148],[-122.972364,46.122166],[-122.972419,46.122142],[-122.972428,46.122011],[-122.972376,46.121975],[-122.972228,46.121975],[-122.972176,46.122011],[-122.972176,46.122114],[-122.97222,46.122148]],[[-122.972429,46.127552],[-122.972448,46.127508],[-122.972415,46.127472],[-122.972342,46.127464],[-122.972292,46.127488],[-122.972281,46.127529],[-122.972318,46.127566],[-122.972376,46.127576],[-122.972429,46.127552]],[[-122.972579,46.123818],[-122.972554,46.123716],[-122.972505,46.123685],[-122.972356,46.123685],[-122.972305,46.123721],[-122.972304,46.123824],[-122.972356,46.12386],[-122.972546,46.123853],[-122.972579,46.123818]],[[-122.97285,46.127225],[-122.972808,46.127131],[-122.972755,46.127104],[-122.972569,46.127114],[-122.97249,46.127079],[-122.972411,46.127126],[-122.972449,46.127186],[-122.972547,46.127182],[-122.972587,46.12727],[-122.972734,46.127305],[-122.972786,46.127302],[-122.972841,46.127266],[-122.97285,46.127225]],[[-122.972707,46.122743],[-122.972687,46.122641],[-122.972649,46.122609],[-122.972479,46.122607],[-122.972433,46.122646],[-122.972437,46.122763],[-122.972499,46.122796],[-122.972662,46.122778],[-122.972707,46.122743]],[[-122.973599,46.123752],[-122.973578,46.123613],[-122.973466,46.123593],[-122.973432,46.123512],[-122.973337,46.123503],[-122.973308,46.123425],[-122.973078,46.123413],[-122.973078,46.123323],[-122.973179,46.123311],[-122.973208,46.123233],[-122.973308,46.123221],[-122.973337,46.123143],[-122.973438,46.123131],[-122.973466,46.123053],[-122.973555,46.123047],[-122.973594,46.123009],[-122.973587,46.122901],[-122.973541,46.122875],[-122.973467,46.122873],[-122.973444,46.122799],[-122.973263,46.122785],[-122.973214,46.122816],[-122.973208,46.122873],[-122.973091,46.122897],[-122.973078,46.122963],[-122.972966,46.122982],[-122.972949,46.123053],[-122.972832,46.123077],[-122.972819,46.123233],[-122.972718,46.123245],[-122.97269,46.123323],[-122.972595,46.123332],[-122.97256,46.123413],[-122.972448,46.123432],[-122.972434,46.123554],[-122.972493,46.123592],[-122.972689,46.123593],[-122.972703,46.123659],[-122.972819,46.123683],[-122.972822,46.123734],[-122.97286,46.123766],[-122.973078,46.123773],[-122.973079,46.123909],[-122.97314,46.123952],[-122.973308,46.123941],[-122.973337,46.123863],[-122.973453,46.123839],[-122.973466,46.123773],[-122.973599,46.123752]],[[-122.972812,46.125989],[-122.972852,46.12588],[-122.972789,46.125765],[-122.972617,46.125753],[-122.972561,46.125769],[-122.972539,46.125809],[-122.972587,46.12601],[-122.972777,46.126016],[-122.972812,46.125989]],[[-122.972607,46.125299],[-122.97275,46.125316],[-122.972806,46.125292],[-122.972815,46.125161],[-122.972763,46.125125],[-122.972614,46.125125],[-122.972563,46.125161],[-122.972563,46.125264],[-122.972607,46.125299]],[[-122.973206,46.126833],[-122.973225,46.126793],[-122.973204,46.126759],[-122.973156,46.126743],[-122.973087,46.126754],[-122.973054,46.126669],[-122.972947,46.126653],[-122.972924,46.126489],[-122.972746,46.126473],[-122.97269,46.126489],[-122.972668,46.126529],[-122.972691,46.126704],[-122.972736,46.126739],[-122.972817,46.126743],[-122.97284,46.126817],[-122.972895,46.126833],[-122.973065,46.126822],[-122.973137,46.126857],[-122.973206,46.126833]],[[-122.972822,46.122784],[-122.972765,46.122769],[-122.972707,46.122789],[-122.97269,46.122838],[-122.972717,46.122874],[-122.97278,46.122886],[-122.972839,46.12286],[-122.972853,46.12282],[-122.972822,46.122784]],[[-122.973241,46.125744],[-122.973405,46.125765],[-122.973459,46.125733],[-122.973442,46.125589],[-122.973336,46.125573],[-122.97333,46.125516],[-122.973288,46.125487],[-122.973088,46.125494],[-122.973071,46.125426],[-122.973029,46.125397],[-122.972893,46.125379],[-122.97284,46.125395],[-122.972799,46.125512],[-122.97282,46.125556],[-122.972876,46.125573],[-122.973066,46.125562],[-122.9731,46.125647],[-122.973206,46.125663],[-122.973241,46.125744]],[[-122.973224,46.127508],[-122.973183,46.127389],[-122.97303,46.12735],[-122.972965,46.127359],[-122.972914,46.127405],[-122.972952,46.127519],[-122.973002,46.127551],[-122.973192,46.127543],[-122.973224,46.127508]],[[-122.973077,46.125932],[-122.973096,46.125888],[-122.973063,46.125852],[-122.97299,46.125844],[-122.97294,46.125868],[-122.972929,46.125909],[-122.972966,46.125946],[-122.973024,46.125956],[-122.973077,46.125932]],[[-122.97297,46.126277],[-122.973275,46.126305],[-122.97333,46.126273],[-122.973313,46.126129],[-122.973145,46.126089],[-122.97297,46.126129],[-122.972947,46.126167],[-122.97297,46.126277]],[[-122.973724,46.124943],[-122.973806,46.124939],[-122.97385,46.124905],[-122.973841,46.124697],[-122.973784,46.124673],[-122.973466,46.124673],[-122.973489,46.12442],[-122.973405,46.124379],[-122.973241,46.124412],[-122.973207,46.124493],[-122.973112,46.124502],[-122.973077,46.124547],[-122.973079,46.124809],[-122.973118,46.124846],[-122.973207,46.124853],[-122.97322,46.125009],[-122.973269,46.125032],[-122.973465,46.125033],[-122.973542,46.125057],[-122.973696,46.125021],[-122.973724,46.124943]],[[-122.973516,46.127463],[-122.97359,46.127425],[-122.973576,46.127303],[-122.973464,46.127283],[-122.973458,46.127226],[-122.973416,46.127197],[-122.973234,46.127205],[-122.973206,46.127242],[-122.973223,46.127353],[-122.973335,46.127373],[-122.973338,46.127425],[-122.973376,46.127457],[-122.973516,46.127463]],[[-122.973337,46.124223],[-122.973302,46.12426],[-122.973317,46.1243],[-122.973376,46.124326],[-122.973433,46.124317],[-122.973464,46.124283],[-122.973453,46.124234],[-122.973398,46.124209],[-122.973337,46.124223]],[[-122.973741,46.126523],[-122.973711,46.126407],[-122.973594,46.126383],[-122.973591,46.126331],[-122.973553,46.126299],[-122.973385,46.126293],[-122.973324,46.126323],[-122.973337,46.126519],[-122.973376,46.126557],[-122.973689,46.126561],[-122.973741,46.126523]],[[-122.973512,46.127099],[-122.973663,46.127115],[-122.973715,46.127088],[-122.973717,46.126956],[-122.973661,46.126924],[-122.973492,46.126927],[-122.973445,46.126973],[-122.97347,46.12707],[-122.973512,46.127099]],[[-122.974895,46.128788],[-122.974865,46.128649],[-122.974758,46.128633],[-122.974724,46.128552],[-122.974629,46.128542],[-122.974629,46.128453],[-122.974818,46.128453],[-122.974875,46.128429],[-122.974879,46.128302],[-122.974833,46.128276],[-122.974758,46.128273],[-122.974724,46.128192],[-122.974629,46.128183],[-122.974601,46.128105],[-122.9745,46.128093],[-122.974465,46.128012],[-122.974241,46.128003],[-122.974218,46.127929],[-122.974111,46.127913],[-122.974111,46.127823],[-122.9742,46.127817],[-122.974239,46.12778],[-122.974238,46.127501],[-122.974178,46.127464],[-122.973993,46.127474],[-122.973943,46.127442],[-122.973877,46.127447],[-122.973837,46.127481],[-122.973838,46.127518],[-122.973895,46.127552],[-122.973971,46.127542],[-122.973982,46.127642],[-122.973908,46.127645],[-122.973862,46.127672],[-122.973852,46.127823],[-122.973532,46.12781],[-122.973464,46.127858],[-122.973467,46.128055],[-122.973512,46.128089],[-122.973593,46.128093],[-122.973611,46.128253],[-122.973723,46.128273],[-122.973732,46.128424],[-122.973778,46.128451],[-122.973852,46.128453],[-122.973887,46.128534],[-122.973981,46.128543],[-122.97401,46.128621],[-122.974111,46.128633],[-122.974145,46.128714],[-122.97437,46.128723],[-122.974383,46.128789],[-122.974499,46.128813],[-122.974505,46.12887],[-122.974547,46.128899],[-122.974725,46.128907],[-122.974758,46.128813],[-122.974853,46.128811],[-122.974895,46.128788]],[[-122.973853,46.127193],[-122.973872,46.127148],[-122.973839,46.127113],[-122.973766,46.127104],[-122.973716,46.127128],[-122.973706,46.12717],[-122.973742,46.127207],[-122.9738,46.127217],[-122.973853,46.127193]],[[-122.973794,46.126743],[-122.974051,46.126756],[-122.974103,46.126728],[-122.974094,46.126583],[-122.974042,46.126563],[-122.973751,46.126562],[-122.973724,46.126603],[-122.973741,46.126723],[-122.973794,46.126743]],[[-122.97424,46.125031],[-122.974189,46.125009],[-122.974131,46.12502],[-122.974093,46.125062],[-122.974109,46.125103],[-122.974163,46.125123],[-122.974234,46.12511],[-122.974262,46.125073],[-122.97424,46.125031]],[[-122.97424,46.124401],[-122.974189,46.124379],[-122.974131,46.12439],[-122.974094,46.124432],[-122.97411,46.124472],[-122.974163,46.124493],[-122.974235,46.12448],[-122.974262,46.124443],[-122.97424,46.124401]],[[-122.974372,46.123953],[-122.974338,46.123872],[-122.974174,46.123851],[-122.974119,46.123883],[-122.974096,46.124003],[-122.974141,46.124039],[-122.974242,46.124043],[-122.974246,46.124108],[-122.974282,46.12414],[-122.974446,46.124131],[-122.974498,46.124095],[-122.974498,46.123991],[-122.974453,46.123957],[-122.974372,46.123953]],[[-122.974407,46.123551],[-122.974366,46.123446],[-122.974324,46.123417],[-122.974176,46.123414],[-122.974123,46.123442],[-122.974114,46.123738],[-122.974153,46.12378],[-122.97431,46.123772],[-122.974363,46.123745],[-122.974372,46.123593],[-122.974407,46.123551]],[[-122.974552,46.127103],[-122.974626,46.127065],[-122.974612,46.126943],[-122.9745,46.126923],[-122.974494,46.126867],[-122.974452,46.126837],[-122.974249,46.126846],[-122.974221,46.126889],[-122.974259,46.127083],[-122.974311,46.127103],[-122.974552,46.127103]],[[-122.976704,46.126903],[-122.976683,46.126763],[-122.976571,46.126744],[-122.976537,46.126663],[-122.976442,46.126654],[-122.976413,46.126576],[-122.976312,46.126563],[-122.976284,46.126486],[-122.976183,46.126473],[-122.976155,46.126396],[-122.976054,46.126383],[-122.976025,46.126306],[-122.975924,46.126293],[-122.975901,46.126219],[-122.975665,46.126203],[-122.975643,46.126129],[-122.975536,46.126113],[-122.975518,46.126043],[-122.975407,46.126023],[-122.975372,46.125942],[-122.975277,46.125933],[-122.975249,46.125856],[-122.975148,46.125843],[-122.975139,46.125692],[-122.975093,46.125666],[-122.975018,46.125663],[-122.975019,46.125483],[-122.975227,46.125483],[-122.975281,46.125463],[-122.975272,46.125247],[-122.97523,46.125217],[-122.975148,46.125213],[-122.975135,46.125147],[-122.975019,46.125123],[-122.975013,46.125067],[-122.974971,46.125037],[-122.974821,46.125009],[-122.974659,46.125045],[-122.974631,46.125082],[-122.97463,46.125393],[-122.974556,46.125395],[-122.97451,46.125422],[-122.974501,46.125573],[-122.9744,46.125585],[-122.974371,46.125663],[-122.974283,46.125669],[-122.974243,46.125707],[-122.974255,46.125819],[-122.974371,46.125843],[-122.974389,46.126003],[-122.974441,46.126023],[-122.97463,46.126023],[-122.974653,46.126097],[-122.974759,46.126113],[-122.974794,46.126194],[-122.974889,46.126203],[-122.974911,46.126367],[-122.975147,46.126383],[-122.975165,46.126454],[-122.975277,46.126473],[-122.97529,46.126539],[-122.975406,46.126563],[-122.97541,46.126615],[-122.975447,46.126647],[-122.975665,46.126653],[-122.975683,46.126724],[-122.975794,46.126744],[-122.975812,46.126814],[-122.975924,46.126834],[-122.975942,46.126904],[-122.976053,46.126924],[-122.976066,46.12699],[-122.976183,46.127014],[-122.976186,46.127065],[-122.976224,46.127097],[-122.976413,46.127091],[-122.976442,46.127014],[-122.976558,46.12699],[-122.976571,46.126924],[-122.976704,46.126903]],[[-122.974503,46.126385],[-122.974446,46.126369],[-122.974388,46.12639],[-122.974371,46.126438],[-122.974398,46.126474],[-122.974461,46.126486],[-122.97452,46.12646],[-122.974534,46.12642],[-122.974503,46.126385]],[[-122.976107,46.123053],[-122.976183,46.12301],[-122.976179,46.122817],[-122.976137,46.122788],[-122.976055,46.122783],[-122.976021,46.122703],[-122.975926,46.122693],[-122.975897,46.122616],[-122.975796,46.122603],[-122.975793,46.122538],[-122.97575,46.122504],[-122.975279,46.122513],[-122.97525,46.122436],[-122.97502,46.122423],[-122.975011,46.122362],[-122.97495,46.122333],[-122.974796,46.122342],[-122.974761,46.122423],[-122.974632,46.122423],[-122.974555,46.1224],[-122.974382,46.122452],[-122.974382,46.122575],[-122.974428,46.122601],[-122.974502,46.122603],[-122.974508,46.12266],[-122.974557,46.122691],[-122.97502,46.122693],[-122.975023,46.122745],[-122.975061,46.122777],[-122.975279,46.122783],[-122.97534,46.122807],[-122.975509,46.122771],[-122.975538,46.122693],[-122.975667,46.122693],[-122.975684,46.123034],[-122.975737,46.123053],[-122.976107,46.123053]],[[-122.975797,46.128632],[-122.975828,46.128586],[-122.975781,46.128477],[-122.975664,46.128453],[-122.97563,46.128373],[-122.975535,46.128363],[-122.975535,46.128273],[-122.97557,46.128226],[-122.975522,46.128117],[-122.975406,46.128093],[-122.975371,46.128012],[-122.975276,46.128003],[-122.975248,46.127926],[-122.975147,46.127913],[-122.975118,46.127836],[-122.975018,46.127823],[-122.974989,46.127746],[-122.974888,46.127733],[-122.97487,46.127573],[-122.974759,46.127553],[-122.974753,46.127497],[-122.974704,46.127466],[-122.974399,46.127475],[-122.974371,46.127512],[-122.974374,46.127605],[-122.974418,46.127639],[-122.9745,46.127643],[-122.9745,46.127732],[-122.974425,46.127735],[-122.974379,46.127762],[-122.974388,46.127893],[-122.9745,46.127913],[-122.974517,46.127983],[-122.974629,46.128003],[-122.974647,46.128073],[-122.974758,46.128093],[-122.974771,46.128159],[-122.974888,46.128183],[-122.974922,46.128264],[-122.975147,46.128273],[-122.975164,46.128344],[-122.975276,46.128363],[-122.975311,46.128444],[-122.975405,46.128453],[-122.975434,46.128531],[-122.975535,46.128543],[-122.975563,46.128621],[-122.975725,46.128658],[-122.975797,46.128632]],[[-122.975294,46.129668],[-122.97527,46.129567],[-122.97522,46.129536],[-122.975059,46.129534],[-122.974999,46.129573],[-122.975022,46.12968],[-122.975072,46.129711],[-122.975262,46.129704],[-122.975294,46.129668]],[[-122.975072,46.124864],[-122.975265,46.124829],[-122.975274,46.124712],[-122.975223,46.124676],[-122.975074,46.124676],[-122.97502,46.124717],[-122.975022,46.124828],[-122.975072,46.124864]],[[-122.976105,46.128004],[-122.976181,46.12796],[-122.976181,46.127867],[-122.976148,46.127833],[-122.975794,46.127823],[-122.975776,46.127753],[-122.975665,46.127733],[-122.975647,46.127663],[-122.975535,46.127643],[-122.975522,46.127577],[-122.975406,46.127553],[-122.9754,46.127497],[-122.975358,46.127467],[-122.975088,46.127464],[-122.975031,46.127487],[-122.975018,46.127589],[-122.97504,46.127627],[-122.975276,46.127643],[-122.975294,46.127714],[-122.975406,46.127733],[-122.975423,46.127804],[-122.975535,46.127823],[-122.975548,46.127889],[-122.975665,46.127914],[-122.975699,46.127994],[-122.976105,46.128004]],[[-122.975305,46.124309],[-122.975469,46.124327],[-122.975524,46.124303],[-122.975533,46.124172],[-122.975482,46.124136],[-122.975333,46.124136],[-122.975284,46.124167],[-122.975261,46.124274],[-122.975305,46.124309]],[[-122.975796,46.124763],[-122.97579,46.124707],[-122.975748,46.124678],[-122.975559,46.124689],[-122.975536,46.124853],[-122.975455,46.124857],[-122.97541,46.124892],[-122.975429,46.125031],[-122.975482,46.125047],[-122.975611,46.125031],[-122.97566,46.125],[-122.975666,46.124943],[-122.975902,46.124928],[-122.975919,46.124797],[-122.975877,46.124768],[-122.975796,46.124763]],[[-122.976441,46.129124],[-122.976373,46.12907],[-122.975923,46.129083],[-122.975895,46.129006],[-122.975739,46.12898],[-122.975673,46.129009],[-122.975664,46.129083],[-122.975555,46.12909],[-122.975515,46.129139],[-122.975548,46.129239],[-122.975664,46.129264],[-122.97567,46.12932],[-122.975712,46.129349],[-122.975875,46.129349],[-122.975917,46.12932],[-122.975923,46.129264],[-122.976052,46.129264],[-122.976081,46.129341],[-122.976236,46.129367],[-122.976302,46.129338],[-122.976311,46.129264],[-122.976386,46.129261],[-122.976432,46.129235],[-122.976441,46.129124]],[[-122.975916,46.124555],[-122.975945,46.124454],[-122.975917,46.124416],[-122.975719,46.12438],[-122.975554,46.124423],[-122.975538,46.12454],[-122.975599,46.124582],[-122.975862,46.124582],[-122.975916,46.124555]],[[-122.975717,46.125663],[-122.975792,46.125625],[-122.975786,46.125512],[-122.975733,46.125484],[-122.975577,46.12549],[-122.975538,46.125527],[-122.975545,46.125635],[-122.975599,46.125662],[-122.975717,46.125663]],[[-122.976462,46.125073],[-122.976442,46.124889],[-122.976409,46.124849],[-122.976102,46.124858],[-122.97606,46.124887],[-122.976054,46.124943],[-122.975938,46.124967],[-122.975925,46.125033],[-122.975714,46.125038],[-122.975672,46.125067],[-122.975666,46.125123],[-122.975559,46.125139],[-122.975542,46.125283],[-122.975604,46.125317],[-122.975795,46.125303],[-122.975801,46.12536],[-122.97585,46.125391],[-122.976054,46.125394],[-122.976057,46.125459],[-122.9761,46.125493],[-122.976265,46.125479],[-122.976307,46.12545],[-122.976313,46.125394],[-122.976394,46.125389],[-122.976439,46.125355],[-122.976457,46.125248],[-122.976408,46.125216],[-122.976313,46.125213],[-122.976313,46.125125],[-122.976441,46.125107],[-122.976462,46.125073]],[[-122.975712,46.128359],[-122.975863,46.128376],[-122.975914,46.128348],[-122.975917,46.128217],[-122.975861,46.128185],[-122.975692,46.128188],[-122.975645,46.128234],[-122.97567,46.12833],[-122.975712,46.128359]],[[-122.976961,46.124084],[-122.9769,46.124031],[-122.976702,46.124044],[-122.976696,46.123987],[-122.976654,46.123958],[-122.976443,46.123953],[-122.97643,46.123888],[-122.976314,46.123863],[-122.976285,46.123786],[-122.976055,46.123773],[-122.976049,46.123717],[-122.976007,46.123688],[-122.975838,46.123684],[-122.975784,46.123713],[-122.975813,46.123844],[-122.975925,46.123863],[-122.97596,46.123944],[-122.976055,46.123954],[-122.976083,46.124031],[-122.976184,46.124044],[-122.976212,46.124121],[-122.976313,46.124134],[-122.976342,46.124211],[-122.976443,46.124224],[-122.976444,46.12436],[-122.976491,46.124399],[-122.976679,46.124388],[-122.976702,46.124314],[-122.976797,46.124305],[-122.976831,46.124224],[-122.976947,46.1242],[-122.976961,46.124084]],[[-122.975927,46.127285],[-122.975869,46.12727],[-122.975811,46.12729],[-122.975795,46.127338],[-122.975822,46.127374],[-122.975884,46.127387],[-122.975943,46.127361],[-122.975958,46.127321],[-122.975927,46.127285]],[[-122.976094,46.127547],[-122.976244,46.127567],[-122.976299,46.127543],[-122.976311,46.127417],[-122.976264,46.127378],[-122.976114,46.127361],[-122.976056,46.127398],[-122.976055,46.12751],[-122.976094,46.127547]],[[-122.976435,46.128254],[-122.97646,46.128139],[-122.976427,46.128103],[-122.976237,46.128096],[-122.976186,46.128132],[-122.976186,46.128235],[-122.976237,46.128271],[-122.976388,46.128285],[-122.976435,46.128254]],[[-122.976623,46.126294],[-122.976695,46.12626],[-122.976701,46.126162],[-122.97666,46.12612],[-122.976572,46.126114],[-122.976554,46.125953],[-122.976501,46.125934],[-122.976211,46.125933],[-122.976183,46.125974],[-122.976201,46.126094],[-122.976312,46.126114],[-122.976326,46.12618],[-122.976442,46.126204],[-122.976476,46.126284],[-122.976623,46.126294]],[[-122.976339,46.128719],[-122.97651,46.128736],[-122.976565,46.128704],[-122.976569,46.128497],[-122.976515,46.128456],[-122.976374,46.128455],[-122.976315,46.128492],[-122.976293,46.128679],[-122.976339,46.128719]],[[-122.976593,46.127988],[-122.976899,46.128016],[-122.976953,46.127984],[-122.976936,46.12784],[-122.976881,46.127824],[-122.976593,46.127839],[-122.976571,46.127878],[-122.976593,46.127988]],[[-122.97683,46.128903],[-122.976848,46.128859],[-122.976815,46.128823],[-122.976742,46.128815],[-122.976692,46.128839],[-122.976682,46.12888],[-122.976718,46.128917],[-122.976776,46.128927],[-122.97683,46.128903]],[[-122.977348,46.126114],[-122.97733,46.126043],[-122.977219,46.126024],[-122.977206,46.125958],[-122.977089,46.125934],[-122.977055,46.125853],[-122.976901,46.125844],[-122.976844,46.125868],[-122.976796,46.125976],[-122.97683,46.126024],[-122.976832,46.12616],[-122.976871,46.126197],[-122.97696,46.126204],[-122.976993,46.126298],[-122.977219,46.126294],[-122.977287,46.126318],[-122.977449,46.126282],[-122.977477,46.126245],[-122.977472,46.126147],[-122.97743,46.126118],[-122.977348,46.126114]],[[-122.97916,46.126564],[-122.979142,46.126494],[-122.979031,46.126474],[-122.979013,46.126404],[-122.978901,46.126384],[-122.978884,46.126314],[-122.978772,46.126294],[-122.978754,46.126224],[-122.978643,46.126204],[-122.978629,46.126138],[-122.978513,46.126114],[-122.978479,46.126033],[-122.977866,46.126024],[-122.977853,46.125958],[-122.977737,46.125934],[-122.977714,46.12586],[-122.977591,46.125836],[-122.977606,46.125527],[-122.977566,46.12549],[-122.977478,46.125484],[-122.977449,46.125406],[-122.977219,46.125394],[-122.97721,46.125332],[-122.977156,46.125305],[-122.976881,46.125304],[-122.976827,46.125324],[-122.976811,46.125359],[-122.976848,46.125554],[-122.97696,46.125574],[-122.976966,46.12563],[-122.977008,46.12566],[-122.977219,46.125664],[-122.977232,46.12573],[-122.977348,46.125754],[-122.977371,46.125828],[-122.977493,46.125851],[-122.977458,46.125963],[-122.977474,46.126003],[-122.977607,46.126024],[-122.977607,46.126294],[-122.977525,46.126298],[-122.977483,46.126327],[-122.977499,46.126471],[-122.97756,46.126488],[-122.977702,46.126465],[-122.977736,46.126384],[-122.977853,46.12636],[-122.977866,46.126294],[-122.977978,46.126274],[-122.977995,46.126204],[-122.978125,46.126204],[-122.978125,46.126294],[-122.978043,46.126298],[-122.977999,46.126332],[-122.977995,46.126474],[-122.9779,46.126483],[-122.977866,46.126564],[-122.977754,46.126584],[-122.977719,46.126704],[-122.977778,46.126743],[-122.977995,46.126744],[-122.978013,46.126814],[-122.978124,46.126834],[-122.978142,46.126904],[-122.978254,46.126924],[-122.978271,46.126994],[-122.978383,46.127014],[-122.978396,46.12708],[-122.978513,46.127104],[-122.978547,46.127185],[-122.978737,46.127185],[-122.978772,46.127104],[-122.978873,46.127092],[-122.978901,46.127014],[-122.979002,46.127002],[-122.979031,46.126924],[-122.979125,46.126915],[-122.97916,46.126834],[-122.979276,46.12681],[-122.979286,46.126602],[-122.979242,46.126568],[-122.97916,46.126564]],[[-122.977603,46.126885],[-122.977621,46.126688],[-122.977564,46.126655],[-122.9769,46.126654],[-122.976836,46.126687],[-122.97683,46.126785],[-122.976871,46.126827],[-122.976959,46.126834],[-122.976982,46.126998],[-122.977089,46.127014],[-122.977102,46.12708],[-122.977218,46.127104],[-122.977253,46.127185],[-122.977402,46.127208],[-122.977468,46.127179],[-122.977511,46.127067],[-122.977477,46.127014],[-122.977477,46.126924],[-122.977559,46.12692],[-122.977603,46.126885]],[[-122.977865,46.128044],[-122.977797,46.12799],[-122.977617,46.128015],[-122.977583,46.12793],[-122.977477,46.127914],[-122.977442,46.127833],[-122.977347,46.127824],[-122.977348,46.127734],[-122.977449,46.12773],[-122.977494,46.127694],[-122.977474,46.127592],[-122.977436,46.12756],[-122.977259,46.12756],[-122.977221,46.127592],[-122.977218,46.127644],[-122.977089,46.127644],[-122.97702,46.12762],[-122.976935,46.127661],[-122.976972,46.1278],[-122.977088,46.127824],[-122.977106,46.127894],[-122.977218,46.127914],[-122.977231,46.12798],[-122.977347,46.128004],[-122.977351,46.128055],[-122.977388,46.128087],[-122.977595,46.128083],[-122.977641,46.128175],[-122.977795,46.128184],[-122.977862,46.128146],[-122.977865,46.128044]],[[-122.978547,46.124997],[-122.9785,46.124878],[-122.978384,46.124854],[-122.97835,46.124773],[-122.978125,46.124764],[-122.978119,46.124707],[-122.97807,46.124676],[-122.977867,46.124674],[-122.977844,46.1246],[-122.977737,46.124584],[-122.977724,46.124428],[-122.977608,46.124404],[-122.977573,46.124323],[-122.977478,46.124314],[-122.97745,46.124236],[-122.977349,46.124224],[-122.977322,46.124133],[-122.977259,46.124121],[-122.977108,46.124153],[-122.97709,46.124494],[-122.977055,46.124536],[-122.97709,46.124584],[-122.97709,46.124764],[-122.976981,46.12477],[-122.97694,46.124819],[-122.976966,46.125],[-122.977008,46.12503],[-122.97709,46.125034],[-122.977118,46.125111],[-122.977418,46.125136],[-122.977472,46.125104],[-122.977478,46.125034],[-122.977607,46.125034],[-122.977611,46.125189],[-122.977697,46.125227],[-122.977843,46.125198],[-122.977866,46.125124],[-122.977961,46.125115],[-122.977996,46.125034],[-122.978108,46.125014],[-122.978125,46.124944],[-122.978255,46.124944],[-122.978255,46.125075],[-122.978289,46.125115],[-122.978472,46.125118],[-122.978547,46.124997]],[[-122.977366,46.128229],[-122.977334,46.128118],[-122.977218,46.128094],[-122.977215,46.128042],[-122.977177,46.12801],[-122.977009,46.128004],[-122.976947,46.128033],[-122.976968,46.128155],[-122.977014,46.128181],[-122.977088,46.128184],[-122.977092,46.128235],[-122.977129,46.128267],[-122.977327,46.128267],[-122.977366,46.128229]],[[-122.977509,46.128782],[-122.977454,46.12856],[-122.977275,46.128544],[-122.97722,46.12856],[-122.977198,46.1286],[-122.97724,46.128798],[-122.977445,46.128833],[-122.977509,46.128782]],[[-122.977493,46.130664],[-122.977441,46.130533],[-122.977272,46.130526],[-122.977223,46.130557],[-122.9772,46.130664],[-122.977259,46.130703],[-122.977441,46.130701],[-122.977493,46.130664]],[[-122.977534,46.130074],[-122.977457,46.130119],[-122.977489,46.13023],[-122.977546,46.130254],[-122.9777,46.130245],[-122.977734,46.130205],[-122.977722,46.130098],[-122.977672,46.130075],[-122.977534,46.130074]],[[-122.977612,46.127137],[-122.977588,46.127239],[-122.97762,46.127274],[-122.97781,46.127282],[-122.977862,46.127246],[-122.977862,46.127142],[-122.97781,46.127106],[-122.977662,46.127106],[-122.977612,46.127137]],[[-122.977883,46.129129],[-122.977859,46.129027],[-122.977817,46.128998],[-122.977674,46.12898],[-122.977611,46.129014],[-122.977607,46.12913],[-122.977654,46.12917],[-122.977844,46.129167],[-122.977883,46.129129]],[[-122.977864,46.125392],[-122.977813,46.12537],[-122.977755,46.12538],[-122.977717,46.125423],[-122.977733,46.125463],[-122.977787,46.125484],[-122.977859,46.125471],[-122.977886,46.125433],[-122.977864,46.125392]],[[-122.978974,46.130076],[-122.978781,46.130085],[-122.978765,46.130004],[-122.978724,46.129975],[-122.978512,46.129984],[-122.978508,46.129932],[-122.978471,46.1299],[-122.978253,46.129894],[-122.978253,46.129804],[-122.978355,46.1298],[-122.978401,46.129759],[-122.978376,46.129657],[-122.978327,46.129626],[-122.978163,46.129617],[-122.978127,46.129649],[-122.978123,46.129714],[-122.978017,46.12973],[-122.977994,46.129804],[-122.977777,46.129805],[-122.977718,46.129844],[-122.977738,46.129959],[-122.977774,46.129991],[-122.978123,46.129984],[-122.978146,46.130058],[-122.978253,46.130074],[-122.978254,46.130211],[-122.9783,46.13025],[-122.978586,46.130252],[-122.978635,46.130221],[-122.978641,46.130164],[-122.978759,46.130153],[-122.978779,46.130406],[-122.978833,46.130433],[-122.978974,46.130432],[-122.979029,46.130385],[-122.979026,46.130112],[-122.978974,46.130076]],[[-122.978142,46.129579],[-122.978118,46.129464],[-122.978063,46.129431],[-122.977899,46.129446],[-122.977847,46.129484],[-122.97787,46.129604],[-122.977925,46.129636],[-122.97811,46.129614],[-122.978142,46.129579]],[[-122.978124,46.127824],[-122.97836,46.127808],[-122.978383,46.12777],[-122.97836,46.12766],[-122.978305,46.127644],[-122.978017,46.12766],[-122.977995,46.127734],[-122.977913,46.127738],[-122.977869,46.127772],[-122.977845,46.127948],[-122.977867,46.127987],[-122.978041,46.128018],[-122.978097,46.128005],[-122.978124,46.127969],[-122.978124,46.127824]],[[-122.978401,46.129039],[-122.978377,46.128937],[-122.978327,46.128906],[-122.978179,46.128906],[-122.978127,46.128942],[-122.978127,46.129046],[-122.978179,46.129082],[-122.978369,46.129075],[-122.978401,46.129039]],[[-122.978773,46.124044],[-122.978767,46.123987],[-122.978725,46.123958],[-122.978575,46.12393],[-122.97849,46.123971],[-122.978514,46.124265],[-122.978555,46.124308],[-122.978732,46.124308],[-122.978769,46.124276],[-122.978773,46.124224],[-122.978847,46.124222],[-122.978893,46.124195],[-122.978893,46.124073],[-122.978847,46.124046],[-122.978773,46.124044]],[[-122.978693,46.128724],[-122.978768,46.128686],[-122.978762,46.128573],[-122.978708,46.128545],[-122.978553,46.12855],[-122.978514,46.128587],[-122.978521,46.128695],[-122.978575,46.128723],[-122.978693,46.128724]],[[-122.979154,46.128151],[-122.979179,46.128055],[-122.979152,46.128017],[-122.978901,46.128004],[-122.978888,46.127938],[-122.978771,46.127914],[-122.978768,46.127862],[-122.97873,46.12783],[-122.978575,46.127825],[-122.978522,46.127853],[-122.978525,46.12798],[-122.978642,46.128004],[-122.978655,46.12807],[-122.978771,46.128094],[-122.978774,46.128146],[-122.978812,46.128178],[-122.978962,46.128208],[-122.979104,46.128182],[-122.979154,46.128151]],[[-122.979422,46.127984],[-122.979438,46.127785],[-122.979417,46.127751],[-122.979289,46.127734],[-122.979288,46.127598],[-122.979248,46.127561],[-122.979106,46.127531],[-122.97903,46.127554],[-122.978903,46.127554],[-122.978832,46.12753],[-122.978748,46.127571],[-122.978784,46.12771],[-122.978901,46.127734],[-122.978914,46.12789],[-122.978971,46.127914],[-122.979159,46.127914],[-122.979163,46.127979],[-122.979199,46.128011],[-122.979376,46.128003],[-122.979422,46.127984]],[[-122.97878,46.129743],[-122.978753,46.129854],[-122.978798,46.12989],[-122.979096,46.129893],[-122.979155,46.129856],[-122.979157,46.129758],[-122.979096,46.129715],[-122.978833,46.129715],[-122.97878,46.129743]],[[-122.978901,46.127464],[-122.97892,46.127419],[-122.978887,46.127384],[-122.978821,46.127374],[-122.978768,46.127395],[-122.978752,46.127435],[-122.97879,46.127478],[-122.978848,46.127488],[-122.978901,46.127464]],[[-122.979031,46.125614],[-122.979004,46.125573],[-122.978948,46.12556],[-122.978887,46.125583],[-122.978867,46.125622],[-122.978892,46.125659],[-122.978956,46.125678],[-122.979014,46.125658],[-122.979031,46.125614]],[[-122.979678,46.127144],[-122.97965,46.127103],[-122.979588,46.127091],[-122.979447,46.127116],[-122.979419,46.127194],[-122.979289,46.127194],[-122.979221,46.12717],[-122.979078,46.127198],[-122.979032,46.127238],[-122.979036,46.127341],[-122.9791,46.127374],[-122.9795,46.12737],[-122.979542,46.127341],[-122.979548,46.127284],[-122.979622,46.127282],[-122.979668,46.127256],[-122.979678,46.127144]],[[-122.979207,46.13025],[-122.97935,46.130268],[-122.979405,46.130243],[-122.979414,46.130113],[-122.979363,46.130077],[-122.979214,46.130076],[-122.979162,46.130112],[-122.979162,46.130216],[-122.979207,46.13025]],[[-122.979342,46.125844],[-122.979416,46.125806],[-122.97941,46.125693],[-122.979357,46.125665],[-122.979201,46.12567],[-122.979162,46.125708],[-122.97917,46.125816],[-122.979223,46.125843],[-122.979342,46.125844]],[[-122.979418,46.129174],[-122.979437,46.129129],[-122.979404,46.129094],[-122.979331,46.129085],[-122.979281,46.129109],[-122.979271,46.129151],[-122.979307,46.129188],[-122.979365,46.129198],[-122.979418,46.129174]],[[-122.979606,46.127734],[-122.979529,46.127779],[-122.979561,46.12789],[-122.979618,46.127914],[-122.979772,46.127905],[-122.979806,46.127866],[-122.979794,46.127758],[-122.979744,46.127735],[-122.979606,46.127734]],[[-122.982395,46.129085],[-122.982389,46.129028],[-122.982347,46.128999],[-122.982077,46.128995],[-122.982016,46.129023],[-122.982007,46.129085],[-122.981776,46.129097],[-122.981748,46.129175],[-122.981489,46.129174],[-122.981489,46.129085],[-122.981707,46.129078],[-122.981745,46.129046],[-122.981748,46.128995],[-122.981836,46.128988],[-122.981876,46.128951],[-122.981885,46.12884],[-122.981843,46.128817],[-122.981748,46.128815],[-122.981748,46.128725],[-122.981782,46.128672],[-122.981739,46.128573],[-122.981693,46.128547],[-122.981558,46.12852],[-122.981415,46.128547],[-122.981366,46.128578],[-122.98136,46.128634],[-122.981244,46.128659],[-122.98123,46.128724],[-122.981101,46.128724],[-122.981032,46.1287],[-122.980855,46.128748],[-122.980807,46.128857],[-122.980842,46.128904],[-122.980823,46.129039],[-122.980869,46.12908],[-122.980971,46.129085],[-122.980971,46.129174],[-122.980768,46.129177],[-122.980718,46.129208],[-122.980712,46.129264],[-122.980488,46.129273],[-122.980435,46.129399],[-122.980496,46.129443],[-122.980712,46.129444],[-122.980735,46.129519],[-122.980842,46.129535],[-122.980855,46.1296],[-122.980971,46.129625],[-122.981,46.129702],[-122.981101,46.129715],[-122.9811,46.129894],[-122.980994,46.12991],[-122.980971,46.129984],[-122.980855,46.130008],[-122.980842,46.130074],[-122.980712,46.130074],[-122.980695,46.130004],[-122.980583,46.129984],[-122.98057,46.129918],[-122.980453,46.129894],[-122.980419,46.129813],[-122.980263,46.12978],[-122.980113,46.129808],[-122.980071,46.129838],[-122.980065,46.129894],[-122.979949,46.129918],[-122.979935,46.129984],[-122.979819,46.130008],[-122.979806,46.130164],[-122.979694,46.130184],[-122.979643,46.130291],[-122.979694,46.130415],[-122.979806,46.130434],[-122.979823,46.130505],[-122.979935,46.130524],[-122.979948,46.13059],[-122.980065,46.130614],[-122.980099,46.130695],[-122.980582,46.130704],[-122.980582,46.130794],[-122.980501,46.130799],[-122.980456,46.130833],[-122.980454,46.130931],[-122.980487,46.130965],[-122.9811,46.130975],[-122.981113,46.131041],[-122.98123,46.131065],[-122.981238,46.131139],[-122.981305,46.131168],[-122.981692,46.131152],[-122.981741,46.131121],[-122.981747,46.131065],[-122.981864,46.131041],[-122.981877,46.130795],[-122.981912,46.130752],[-122.981871,46.130648],[-122.981829,46.130619],[-122.981748,46.130615],[-122.981713,46.130534],[-122.981618,46.130525],[-122.98159,46.130447],[-122.981489,46.130435],[-122.981489,46.130345],[-122.981595,46.130329],[-122.981618,46.130255],[-122.981725,46.130239],[-122.981748,46.130165],[-122.981849,46.130152],[-122.981877,46.130075],[-122.981978,46.130062],[-122.982007,46.129985],[-122.982108,46.129972],[-122.982136,46.129895],[-122.982237,46.129882],[-122.982266,46.129805],[-122.982361,46.129796],[-122.982395,46.129715],[-122.982469,46.129712],[-122.982515,46.129686],[-122.982515,46.129473],[-122.982462,46.129446],[-122.982336,46.129445],[-122.982275,46.129473],[-122.982266,46.129535],[-122.982191,46.129537],[-122.982145,46.129563],[-122.982136,46.129715],[-122.981877,46.129715],[-122.981877,46.129625],[-122.981984,46.129609],[-122.982007,46.129535],[-122.982102,46.129526],[-122.982136,46.129445],[-122.982248,46.129425],[-122.982266,46.129355],[-122.982462,46.129354],[-122.982515,46.129326],[-122.982521,46.129123],[-122.982477,46.129089],[-122.982395,46.129085]],[[-122.980118,46.126114],[-122.980192,46.126076],[-122.980187,46.125963],[-122.980133,46.125935],[-122.979976,46.125927],[-122.979937,46.125969],[-122.979946,46.126086],[-122.979999,46.126113],[-122.980118,46.126114]],[[-122.980713,46.127374],[-122.980713,46.127243],[-122.980685,46.127207],[-122.980325,46.127194],[-122.980319,46.127048],[-122.980277,46.127018],[-122.980196,46.127014],[-122.980173,46.12694],[-122.980014,46.126924],[-122.979954,46.126944],[-122.979946,46.127076],[-122.979992,46.127102],[-122.980066,46.127104],[-122.980069,46.127516],[-122.980114,46.12755],[-122.980195,46.127554],[-122.980224,46.127632],[-122.980685,46.127632],[-122.980713,46.127554],[-122.980801,46.127548],[-122.980842,46.127506],[-122.980829,46.127398],[-122.980713,46.127374]],[[-122.980324,46.128634],[-122.980406,46.12863],[-122.980448,46.128601],[-122.980431,46.12847],[-122.980376,46.128454],[-122.980088,46.12847],[-122.980065,46.128508],[-122.980088,46.128708],[-122.980276,46.12872],[-122.980318,46.128691],[-122.980324,46.128634]],[[-122.981886,46.12645],[-122.981877,46.126248],[-122.981823,46.126207],[-122.98155,46.126192],[-122.981496,46.126224],[-122.98149,46.126294],[-122.981361,46.126294],[-122.981343,46.126224],[-122.981231,46.126204],[-122.981197,46.126124],[-122.981102,46.126114],[-122.981073,46.126037],[-122.980973,46.126024],[-122.980944,46.125947],[-122.980714,46.125934],[-122.980691,46.12568],[-122.98038,46.125667],[-122.980329,46.125703],[-122.980327,46.125801],[-122.980366,46.125838],[-122.980455,46.125844],[-122.980468,46.126],[-122.980584,46.126024],[-122.980619,46.126105],[-122.980713,46.126114],[-122.980748,46.126195],[-122.980972,46.126204],[-122.980995,46.126279],[-122.981102,46.126295],[-122.981117,46.126467],[-122.980972,46.126474],[-122.980955,46.126404],[-122.980843,46.126384],[-122.98083,46.126318],[-122.980714,46.126294],[-122.980679,46.126213],[-122.980503,46.126208],[-122.980461,46.126238],[-122.980454,46.126294],[-122.980338,46.126318],[-122.980325,46.126384],[-122.980251,46.126387],[-122.980205,46.126413],[-122.980196,46.126564],[-122.980107,46.126571],[-122.980068,46.126608],[-122.980069,46.126796],[-122.980129,46.126833],[-122.980325,46.126834],[-122.980331,46.126891],[-122.980373,46.12692],[-122.980713,46.126924],[-122.980748,46.127005],[-122.980917,46.127012],[-122.980971,46.126971],[-122.980972,46.126834],[-122.981079,46.126819],[-122.981102,46.126745],[-122.981298,46.126743],[-122.981355,46.126711],[-122.981355,46.126598],[-122.981313,46.126569],[-122.981231,46.126564],[-122.981215,46.126482],[-122.98149,46.126475],[-122.981525,46.126555],[-122.981689,46.126577],[-122.981743,46.126545],[-122.981749,46.126475],[-122.981844,46.126472],[-122.981886,46.12645]],[[-122.980504,46.131784],[-122.980579,46.131746],[-122.980573,46.131633],[-122.98052,46.131605],[-122.980363,46.131598],[-122.980324,46.131639],[-122.980332,46.131756],[-122.980386,46.131783],[-122.980504,46.131784]],[[-122.981096,46.127251],[-122.98112,46.12715],[-122.981088,46.127114],[-122.980898,46.127107],[-122.980846,46.127143],[-122.980846,46.127246],[-122.980898,46.127282],[-122.981046,46.127282],[-122.981096,46.127251]],[[-122.982027,46.127234],[-122.981985,46.12703],[-122.981878,46.127015],[-122.981865,46.126949],[-122.981749,46.126924],[-122.981714,46.126844],[-122.981573,46.126821],[-122.981517,46.126834],[-122.98149,46.126869],[-122.98149,46.127014],[-122.981395,46.127024],[-122.98136,46.127068],[-122.981373,46.127171],[-122.98149,46.127195],[-122.98149,46.127284],[-122.981293,46.127286],[-122.98124,46.127313],[-122.981211,46.127632],[-122.981315,46.127667],[-122.981467,46.127629],[-122.98149,46.127555],[-122.98172,46.127542],[-122.981748,46.127506],[-122.981749,46.127375],[-122.981855,46.127359],[-122.981878,46.127285],[-122.982006,46.127268],[-122.982027,46.127234]],[[-122.981747,46.131695],[-122.981829,46.131691],[-122.981871,46.131661],[-122.981875,46.131468],[-122.981822,46.131427],[-122.98168,46.131426],[-122.981619,46.131468],[-122.981618,46.131605],[-122.981387,46.131617],[-122.981359,46.131653],[-122.98136,46.131755],[-122.981426,46.131798],[-122.981685,46.131784],[-122.981738,46.131756],[-122.981747,46.131695]],[[-122.982784,46.127825],[-122.982781,46.127773],[-122.982743,46.127741],[-122.982525,46.127735],[-122.982522,46.127683],[-122.982484,46.127651],[-122.982314,46.127649],[-122.982272,46.127678],[-122.982266,46.127735],[-122.98216,46.12775],[-122.982137,46.127825],[-122.982036,46.127837],[-122.982007,46.127915],[-122.981906,46.127927],[-122.981878,46.128005],[-122.981777,46.128017],[-122.981748,46.128095],[-122.981653,46.128104],[-122.981619,46.128184],[-122.981537,46.128189],[-122.981493,46.128223],[-122.981507,46.128345],[-122.981619,46.128365],[-122.981642,46.128439],[-122.981748,46.128455],[-122.981766,46.128525],[-122.981878,46.128545],[-122.981895,46.128615],[-122.982007,46.128635],[-122.982025,46.128705],[-122.982136,46.128725],[-122.98215,46.128791],[-122.982266,46.128815],[-122.982272,46.128871],[-122.982321,46.128902],[-122.982484,46.128898],[-122.982521,46.128866],[-122.982525,46.128815],[-122.982606,46.128811],[-122.982651,46.128776],[-122.982641,46.128659],[-122.982525,46.128635],[-122.982525,46.128365],[-122.982599,46.128362],[-122.982645,46.128336],[-122.982655,46.128185],[-122.982749,46.128176],[-122.982784,46.128095],[-122.982865,46.128091],[-122.98291,46.128056],[-122.982908,46.127858],[-122.982866,46.127829],[-122.982784,46.127825]],[[-122.982819,46.127152],[-122.982778,46.127048],[-122.982743,46.127021],[-122.982525,46.127015],[-122.98252,46.126778],[-122.982478,46.126749],[-122.982396,46.126745],[-122.982362,46.126664],[-122.982267,46.126655],[-122.982238,46.126577],[-122.981961,46.126551],[-122.981895,46.126571],[-122.981844,46.126697],[-122.981878,46.126745],[-122.981884,46.126891],[-122.981926,46.12692],[-122.982008,46.126925],[-122.982042,46.127006],[-122.982137,46.127015],[-122.982165,46.127092],[-122.982396,46.127105],[-122.982414,46.127175],[-122.982525,46.127195],[-122.982538,46.127261],[-122.982603,46.127285],[-122.982722,46.127284],[-122.982771,46.127261],[-122.982819,46.127152]],[[-122.983447,46.131475],[-122.983407,46.131261],[-122.983171,46.131245],[-122.983149,46.131171],[-122.983042,46.131155],[-122.983042,46.131065],[-122.983123,46.131061],[-122.983168,46.131027],[-122.983154,46.130891],[-122.983096,46.130871],[-122.982783,46.130885],[-122.982783,46.130615],[-122.982992,46.130615],[-122.98305,46.13059],[-122.983029,46.130369],[-122.98298,46.130346],[-122.982838,46.130347],[-122.982789,46.130378],[-122.982783,46.130435],[-122.982654,46.130435],[-122.982631,46.130361],[-122.982524,46.130345],[-122.982544,46.130215],[-122.982517,46.130178],[-122.982334,46.130141],[-122.982171,46.130174],[-122.982136,46.130255],[-122.982055,46.130259],[-122.98201,46.130293],[-122.982007,46.130566],[-122.982062,46.130612],[-122.982265,46.130615],[-122.982265,46.130795],[-122.982191,46.130797],[-122.982145,46.130823],[-122.982116,46.131009],[-122.982156,46.131058],[-122.982265,46.131065],[-122.982278,46.131221],[-122.982395,46.131245],[-122.9824,46.131301],[-122.982443,46.131331],[-122.982653,46.131335],[-122.982659,46.131391],[-122.982701,46.131421],[-122.983042,46.131425],[-122.983048,46.131481],[-122.983097,46.131513],[-122.983403,46.131511],[-122.983447,46.131475]],[[-122.982502,46.130059],[-122.982557,46.129953],[-122.982548,46.129912],[-122.982493,46.129876],[-122.982441,46.129872],[-122.982283,46.129914],[-122.982233,46.130043],[-122.982284,46.130088],[-122.982349,46.130097],[-122.982502,46.130059]],[[-122.982917,46.126836],[-122.98286,46.126811],[-122.982803,46.126821],[-122.982752,46.126867],[-122.982765,46.126912],[-122.98283,46.126947],[-122.982895,46.126938],[-122.982948,46.126888],[-122.982917,46.126836]],[[-122.982974,46.129289],[-122.983124,46.129261],[-122.983166,46.129231],[-122.983149,46.129101],[-122.983094,46.129085],[-122.982806,46.129101],[-122.982784,46.129139],[-122.982806,46.129249],[-122.982974,46.129289]],[[-122.984113,46.128953],[-122.984065,46.128839],[-122.983949,46.128815],[-122.983926,46.128741],[-122.983819,46.128725],[-122.983797,46.128651],[-122.98369,46.128635],[-122.983667,46.128561],[-122.983561,46.128545],[-122.983559,46.128408],[-122.983513,46.128369],[-122.983341,46.128358],[-122.983305,46.12839],[-122.983302,46.128455],[-122.983172,46.128455],[-122.983103,46.128431],[-122.983043,46.128455],[-122.982839,46.128457],[-122.98279,46.128488],[-122.98279,46.128601],[-122.982832,46.128631],[-122.982913,46.128635],[-122.982942,46.128713],[-122.983301,46.128725],[-122.983324,46.128889],[-122.98356,46.128905],[-122.983583,46.128979],[-122.98369,46.128995],[-122.983679,46.129096],[-122.983501,46.129085],[-122.98344,46.129113],[-122.983432,46.129221],[-122.983479,46.129261],[-122.983655,46.129256],[-122.983701,46.129164],[-122.98392,46.129163],[-122.983949,46.129085],[-122.98403,46.129081],[-122.984072,46.129052],[-122.984113,46.128953]],[[-122.983966,46.127965],[-122.983936,46.127849],[-122.98382,46.127825],[-122.983791,46.127747],[-122.983561,46.127735],[-122.983538,46.127661],[-122.983431,46.127645],[-122.983397,46.127564],[-122.983302,46.127555],[-122.983296,46.127408],[-122.983254,46.127379],[-122.983173,46.127375],[-122.983145,46.127284],[-122.983083,46.127272],[-122.982931,46.127304],[-122.982879,46.127417],[-122.982927,46.127531],[-122.983043,46.127555],[-122.983077,46.127636],[-122.983172,46.127645],[-122.983201,46.127723],[-122.983302,46.127735],[-122.98333,46.127813],[-122.983431,46.127825],[-122.98346,46.127903],[-122.983561,46.127915],[-122.983589,46.127993],[-122.983914,46.128002],[-122.983966,46.127965]],[[-122.984855,46.129575],[-122.984801,46.129524],[-122.984658,46.129536],[-122.984605,46.129564],[-122.984596,46.129625],[-122.984477,46.129636],[-122.984478,46.129385],[-122.984432,46.129357],[-122.984337,46.129355],[-122.984314,46.129191],[-122.984148,46.129175],[-122.984081,46.129213],[-122.984078,46.129355],[-122.983997,46.129359],[-122.983952,46.129393],[-122.983914,46.129487],[-122.983948,46.129535],[-122.983948,46.129625],[-122.983819,46.129625],[-122.983813,46.129568],[-122.983764,46.129537],[-122.983601,46.129541],[-122.983526,46.129662],[-122.98356,46.129715],[-122.98356,46.129805],[-122.983442,46.129816],[-122.983418,46.129739],[-122.983301,46.129715],[-122.983273,46.129637],[-122.983088,46.129602],[-122.982926,46.129649],[-122.982914,46.129775],[-122.982981,46.129818],[-122.983172,46.129805],[-122.983178,46.129861],[-122.983227,46.129893],[-122.983431,46.129895],[-122.98343,46.130075],[-122.983239,46.130061],[-122.983177,46.130095],[-122.983172,46.13022],[-122.983199,46.130256],[-122.983749,46.130255],[-122.98381,46.130226],[-122.983819,46.130165],[-122.983907,46.130159],[-122.983948,46.130116],[-122.983935,46.130009],[-122.983819,46.129985],[-122.983819,46.129895],[-122.984174,46.129899],[-122.984207,46.12986],[-122.984207,46.129715],[-122.984455,46.129704],[-122.984472,46.129772],[-122.984514,46.129801],[-122.984808,46.129814],[-122.984854,46.12977],[-122.984855,46.129575]],[[-122.984855,46.128005],[-122.984837,46.127935],[-122.984726,46.127915],[-122.984691,46.127834],[-122.984596,46.127825],[-122.984568,46.127747],[-122.984467,46.127735],[-122.984438,46.127657],[-122.984337,46.127645],[-122.984309,46.127567],[-122.984079,46.127555],[-122.984069,46.127403],[-122.984023,46.127377],[-122.983949,46.127375],[-122.983915,46.127294],[-122.98382,46.127285],[-122.983791,46.127207],[-122.983561,46.127195],[-122.983538,46.127121],[-122.983386,46.127082],[-122.98319,46.127125],[-122.983153,46.127229],[-122.983174,46.127268],[-122.983302,46.127285],[-122.983315,46.127351],[-122.983431,46.127375],[-122.983435,46.127426],[-122.983472,46.127458],[-122.98369,46.127465],[-122.983708,46.127535],[-122.98382,46.127555],[-122.983854,46.127636],[-122.983949,46.127645],[-122.983977,46.127723],[-122.984078,46.127735],[-122.984107,46.127813],[-122.984208,46.127825],[-122.984236,46.127903],[-122.984337,46.127915],[-122.984366,46.127993],[-122.984467,46.128005],[-122.984495,46.128083],[-122.984726,46.128095],[-122.98476,46.128176],[-122.984929,46.128183],[-122.984981,46.128147],[-122.984981,46.128043],[-122.984937,46.128009],[-122.984855,46.128005]],[[-122.98345,46.1294],[-122.983425,46.129298],[-122.983376,46.129267],[-122.983227,46.129267],[-122.983175,46.129303],[-122.983175,46.129406],[-122.983227,46.129442],[-122.983417,46.129435],[-122.98345,46.1294]],[[-122.983433,46.131966],[-122.983376,46.131951],[-122.983317,46.131971],[-122.983301,46.13202],[-122.983328,46.132056],[-122.983391,46.132068],[-122.983449,46.132042],[-122.983464,46.132002],[-122.983433,46.131966]],[[-122.983689,46.131465],[-122.983662,46.131424],[-122.983606,46.131411],[-122.983545,46.131434],[-122.983525,46.131473],[-122.983551,46.13151],[-122.983614,46.131529],[-122.983672,46.131508],[-122.983689,46.131465]],[[-122.983948,46.132685],[-122.983938,46.132624],[-122.983885,46.132596],[-122.983602,46.132596],[-122.98354,46.13264],[-122.983582,46.132759],[-122.983818,46.132775],[-122.983831,46.132841],[-122.983947,46.132865],[-122.983951,46.132917],[-122.983989,46.132949],[-122.984258,46.132955],[-122.984313,46.132939],[-122.984336,46.132901],[-122.984313,46.132701],[-122.983948,46.132685]],[[-122.983948,46.131285],[-122.983888,46.131232],[-122.983724,46.131254],[-122.983691,46.131288],[-122.983681,46.1314],[-122.983739,46.131425],[-122.983913,46.131416],[-122.983946,46.131381],[-122.983948,46.131285]],[[-122.984466,46.130165],[-122.984582,46.130141],[-122.984592,46.130023],[-122.984541,46.129987],[-122.984392,46.129987],[-122.984343,46.130018],[-122.984337,46.130075],[-122.984255,46.130079],[-122.984213,46.130108],[-122.984223,46.130247],[-122.984112,46.130264],[-122.984078,46.130345],[-122.984003,46.130347],[-122.983957,46.130373],[-122.983948,46.130525],[-122.983867,46.130529],[-122.983822,46.130563],[-122.983799,46.130654],[-122.983826,46.130692],[-122.984207,46.130705],[-122.984213,46.130775],[-122.984267,46.130807],[-122.984448,46.130775],[-122.984463,46.130653],[-122.984418,46.130619],[-122.984337,46.130615],[-122.984337,46.130526],[-122.984453,46.130501],[-122.984465,46.130388],[-122.984425,46.130351],[-122.984337,46.130345],[-122.984321,46.130263],[-122.984443,46.130239],[-122.984466,46.130165]],[[-122.984227,46.12814],[-122.984202,46.128038],[-122.98416,46.128009],[-122.984017,46.127992],[-122.983955,46.128025],[-122.98395,46.128141],[-122.983997,46.128181],[-122.984187,46.128178],[-122.984227,46.12814]],[[-122.984906,46.132595],[-122.98498,46.132557],[-122.984974,46.132444],[-122.984921,46.132416],[-122.984764,46.132408],[-122.984725,46.13245],[-122.984734,46.132567],[-122.984787,46.132594],[-122.984906,46.132595]],[[-122.984907,46.129085],[-122.984981,46.129047],[-122.984975,46.128934],[-122.984922,46.128906],[-122.984766,46.128911],[-122.984727,46.128948],[-122.984735,46.129056],[-122.984788,46.129084],[-122.984907,46.129085]],[[-122.985375,46.129807],[-122.985304,46.129781],[-122.985136,46.129821],[-122.985113,46.129859],[-122.985136,46.129969],[-122.985191,46.129985],[-122.98535,46.129969],[-122.985406,46.129858],[-122.985375,46.129807]],[[-122.985553,46.133675],[-122.985627,46.133637],[-122.985613,46.133515],[-122.985501,46.133495],[-122.985495,46.133439],[-122.985453,46.133409],[-122.98525,46.133418],[-122.985222,46.133461],[-122.98526,46.133565],[-122.985371,46.133585],[-122.985375,46.133637],[-122.985412,46.133669],[-122.985553,46.133675]],[[-122.985795,46.129948],[-122.985755,46.129839],[-122.985713,46.129809],[-122.985509,46.129818],[-122.985482,46.129856],[-122.985487,46.130067],[-122.98557,46.130099],[-122.985732,46.130063],[-122.985795,46.129948]],[[-122.986425,46.129495],[-122.986385,46.129371],[-122.986263,46.129348],[-122.986278,46.1293],[-122.986251,46.129264],[-122.986189,46.129252],[-122.986135,46.129274],[-122.986115,46.129318],[-122.986165,46.129363],[-122.98615,46.129487],[-122.986178,46.129523],[-122.986381,46.129531],[-122.986425,46.129495]],[[-122.986827,46.129778],[-122.986793,46.12956],[-122.986729,46.129522],[-122.986566,46.129548],[-122.986537,46.129625],[-122.986334,46.129628],[-122.986279,46.129674],[-122.986284,46.129772],[-122.986349,46.129805],[-122.986667,46.129805],[-122.986751,46.129828],[-122.986827,46.129778]],[[-122.987235,46.134395],[-122.98731,46.134357],[-122.987304,46.134244],[-122.987251,46.134216],[-122.987095,46.134222],[-122.987057,46.134254],[-122.987043,46.134366],[-122.987096,46.134394],[-122.987235,46.134395]],[[-122.98755,46.1297],[-122.987581,46.12956],[-122.987538,46.129538],[-122.987444,46.129535],[-122.987438,46.129479],[-122.987396,46.129449],[-122.987238,46.129422],[-122.987103,46.129449],[-122.987061,46.129479],[-122.987061,46.129592],[-122.987103,46.129621],[-122.987185,46.129625],[-122.987186,46.129762],[-122.987233,46.129801],[-122.98741,46.129809],[-122.987444,46.129715],[-122.98755,46.1297]],[[-122.987809,46.12835],[-122.987865,46.128217],[-122.987801,46.128166],[-122.987602,46.128198],[-122.987574,46.128234],[-122.987589,46.128358],[-122.987539,46.128403],[-122.987559,46.128447],[-122.987613,46.128469],[-122.987675,46.128456],[-122.987702,46.12842],[-122.987687,46.128373],[-122.987809,46.12835]],[[-122.987933,46.128623],[-122.987979,46.128495],[-122.987927,46.128458],[-122.987745,46.128456],[-122.987686,46.128495],[-122.987708,46.128615],[-122.987763,46.128648],[-122.987933,46.128623]],[[-122.98879,46.130706],[-122.988864,46.130667],[-122.988858,46.130554],[-122.988805,46.130527],[-122.988648,46.130519],[-122.988609,46.13056],[-122.988618,46.130677],[-122.988671,46.130704],[-122.98879,46.130706]],[[-122.989126,46.130345],[-122.989093,46.130251],[-122.989029,46.130243],[-122.988977,46.130268],[-122.988964,46.130314],[-122.989013,46.130353],[-122.988978,46.13048],[-122.989024,46.130521],[-122.989193,46.130525],[-122.98925,46.130492],[-122.989247,46.130374],[-122.989201,46.130348],[-122.989126,46.130345]],[[-122.98988,46.13024],[-122.989923,46.130126],[-122.989895,46.130088],[-122.989774,46.130076],[-122.989745,46.129998],[-122.989575,46.129961],[-122.989414,46.129998],[-122.989385,46.130076],[-122.989155,46.130088],[-122.989107,46.130205],[-122.989147,46.130249],[-122.989256,46.130256],[-122.98929,46.130336],[-122.989385,46.130346],[-122.989388,46.130397],[-122.989426,46.130429],[-122.989703,46.130435],[-122.98977,46.130397],[-122.989774,46.130256],[-122.98988,46.13024]],[[-122.989901,46.130614],[-122.989849,46.130592],[-122.989792,46.130602],[-122.989754,46.130644],[-122.98977,46.130685],[-122.989823,46.130705],[-122.989895,46.130693],[-122.989923,46.130655],[-122.989901,46.130614]],[[-122.990049,46.131116],[-122.989998,46.130985],[-122.989829,46.130978],[-122.989779,46.131009],[-122.989756,46.131116],[-122.989816,46.131155],[-122.989998,46.131153],[-122.990049,46.131116]],[[-122.990602,46.130436],[-122.990676,46.130397],[-122.99067,46.130284],[-122.990617,46.130257],[-122.990462,46.130262],[-122.990424,46.130294],[-122.990409,46.130406],[-122.990463,46.130435],[-122.990602,46.130436]],[[-122.990855,46.130098],[-122.991055,46.130052],[-122.991065,46.129934],[-122.991013,46.129898],[-122.990864,46.129898],[-122.990815,46.129929],[-122.990777,46.130044],[-122.990855,46.130098]]]}},{"type":"Feature","properties":{"id":16,"area_m2":30500,"px":305,"rank":2,"persistent":false},"geometry":{"type":"Polygon","coordinates":[[[-122.993916,46.131876],[-122.993916,46.131966],[-122.993821,46.131975],[-122.993786,46.13202],[-122.993799,46.132122],[-122.993916,46.132146],[-122.993916,46.132236],[-122.993821,46.132245],[-122.993786,46.13229],[-122.993799,46.132392],[-122.993916,46.132416],[-122.993916,46.132506],[-122.993809,46.132522],[-122.993786,46.132596],[-122.993511,46.132588],[-122.993527,46.132506],[-122.993602,46.132504],[-122.993648,46.132477],[-122.993657,46.13238],[-122.993622,46.132335],[-122.993527,46.132326],[-122.993526,46.132189],[-122.993486,46.132152],[-122.993338,46.132146],[-122.993286,46.132166],[-122.993268,46.132326],[-122.993077,46.132312],[-122.993018,46.132341],[-122.993032,46.13249],[-122.993268,46.132506],[-122.993291,46.13258],[-122.993414,46.132604],[-122.993398,46.132776],[-122.993162,46.132792],[-122.993139,46.133046],[-122.993011,46.133046],[-122.992981,46.132968],[-122.992751,46.132956],[-122.992747,46.132904],[-122.992709,46.132872],[-122.992492,46.132866],[-122.992474,46.132796],[-122.992362,46.132776],[-122.992353,46.132714],[-122.9923,46.132687],[-122.991775,46.132673],[-122.991716,46.132716],[-122.991715,46.132866],[-122.991327,46.132866],[-122.991327,46.132686],[-122.991359,46.132628],[-122.991313,46.13253],[-122.991197,46.132506],[-122.991188,46.132444],[-122.991135,46.132417],[-122.990729,46.132416],[-122.990672,46.132441],[-122.990692,46.132572],[-122.990809,46.132596],[-122.990809,46.132776],[-122.99055,46.132776],[-122.990565,46.13263],[-122.990515,46.132598],[-122.99042,46.132596],[-122.990393,46.132505],[-122.990032,46.132506],[-122.990026,46.132449],[-122.989977,46.132418],[-122.989813,46.132409],[-122.989776,46.13244],[-122.989773,46.132506],[-122.989644,46.132506],[-122.989583,46.132482],[-122.989514,46.132506],[-122.989385,46.132506],[-122.989385,46.132416],[-122.989491,46.1324],[-122.989514,46.132326],[-122.989631,46.132302],[-122.989644,46.132236],[-122.989738,46.132233],[-122.989785,46.132206],[-122.989772,46.132099],[-122.989739,46.132065],[-122.989514,46.132056],[-122.989486,46.131978],[-122.989309,46.131942],[-122.989139,46.13199],[-122.989126,46.132146],[-122.988738,46.132145],[-122.988715,46.132071],[-122.988608,46.132055],[-122.988574,46.131975],[-122.988479,46.131965],[-122.988478,46.131834],[-122.988444,46.131795],[-122.988261,46.131792],[-122.988223,46.131824],[-122.98822,46.131875],[-122.987963,46.131875],[-122.987961,46.131787],[-122.988056,46.131776],[-122.98809,46.131696],[-122.988207,46.131671],[-122.98822,46.131516],[-122.988477,46.131516],[-122.988492,46.131582],[-122.988608,46.131606],[-122.988637,46.131683],[-122.988867,46.131696],[-122.988876,46.131757],[-122.98893,46.131785],[-122.989086,46.131792],[-122.989123,46.131761],[-122.989126,46.131696],[-122.989233,46.13168],[-122.989256,46.131606],[-122.989385,46.131606],[-122.989366,46.131741],[-122.98942,46.131783],[-122.989603,46.131779],[-122.98964,46.131747],[-122.989644,46.131696],[-122.989773,46.131696],[-122.989786,46.131762],[-122.989851,46.131786],[-122.989998,46.131777],[-122.990032,46.131696],[-122.990291,46.131696],[-122.990304,46.131762],[-122.99042,46.131786],[-122.990449,46.131863],[-122.990624,46.131873],[-122.990678,46.131832],[-122.99068,46.131696],[-122.990761,46.131692],[-122.990803,46.131662],[-122.990806,46.131554],[-122.990739,46.131516],[-122.990421,46.131516],[-122.990421,46.131426],[-122.990638,46.131419],[-122.990676,46.131387],[-122.99068,46.131336],[-122.991022,46.131345],[-122.991065,46.131311],[-122.991068,46.131246],[-122.991184,46.131222],[-122.991197,46.131156],[-122.991325,46.131156],[-122.99135,46.13123],[-122.991456,46.131246],[-122.991474,46.131406],[-122.991586,46.131426],[-122.99162,46.131507],[-122.991715,46.131516],[-122.991733,46.131676],[-122.991844,46.131696],[-122.991879,46.131777],[-122.991974,46.131786],[-122.992002,46.131864],[-122.992103,46.131876],[-122.992132,46.131954],[-122.992233,46.131966],[-122.992261,46.132044],[-122.992362,46.132056],[-122.992379,46.132319],[-122.992437,46.13234],[-122.992621,46.132326],[-122.992624,46.132391],[-122.992667,46.132425],[-122.992832,46.132412],[-122.992879,46.132372],[-122.992867,46.13226],[-122.992751,46.132236],[-122.992751,46.131787],[-122.992832,46.131782],[-122.992877,46.131748],[-122.99288,46.131516],[-122.993009,46.131516],[-122.993027,46.131766],[-122.99308,46.131786],[-122.993226,46.131785],[-122.993288,46.131735],[-122.993269,46.131426],[-122.993398,46.131426],[-122.993421,46.1315],[-122.993527,46.131516],[-122.99354,46.131582],[-122.993657,46.131606],[-122.993685,46.131684],[-122.993786,46.131696],[-122.993786,46.131786],[-122.993659,46.131802],[-122.993637,46.131842],[-122.993659,46.131878],[-122.993725,46.1319],[-122.993797,46.131865],[-122.993916,46.131876]],[[-122.990596,46.132348],[-122.990796,46.132302],[-122.990805,46.132184],[-122.990754,46.132148],[-122.990605,46.132148],[-122.990556,46.132179],[-122.990517,46.132294],[-122.990596,46.132348]],[[-122.992111,46.132301],[-122.992086,46.132076],[-122.992033,46.132056],[-122.991845,46.132056],[-122.991839,46.131999],[-122.991797,46.13197],[-122.991397,46.131966],[-122.991333,46.131999],[-122.991292,46.132098],[-122.991327,46.132146],[-122.99133,46.132287],[-122.991375,46.132322],[-122.991456,46.132326],[-122.991462,46.132382],[-122.991504,46.132412],[-122.991926,46.132412],[-122.991968,46.132382],[-122.991974,46.132326],[-122.992069,46.132323],[-122.992111,46.132301]],[[-122.991604,46.131741],[-122.99158,46.131639],[-122.99153,46.131608],[-122.991382,46.131608],[-122.99133,46.131644],[-122.99133,46.131747],[-122.991382,46.131783],[-122.991572,46.131776],[-122.991604,46.131741]]]}},{"type":"Feature","properties":{"id":45,"area_m2":9600,"px":96,"rank":3,"persistent":false},"geometry":{"type":"Polygon","coordinates":[[[-122.957553,46.114318],[-122.957553,46.114408],[-122.957458,46.114417],[-122.957423,46.114462],[-122.957429,46.114645],[-122.957471,46.114674],[-122.957553,46.114678],[-122.957552,46.115218],[-122.957446,46.115234],[-122.957423,46.115308],[-122.957198,46.115317],[-122.957164,46.115398],[-122.956836,46.115385],[-122.956781,46.115418],[-122.956775,46.115488],[-122.956646,46.115488],[-122.956645,46.115261],[-122.956605,46.115224],[-122.956517,46.115217],[-122.956511,46.114981],[-122.956469,46.114952],[-122.956388,46.114947],[-122.95637,46.114787],[-122.956259,46.114767],[-122.956259,46.114497],[-122.956365,46.114482],[-122.956388,46.114408],[-122.956735,46.114401],[-122.956773,46.114369],[-122.956777,46.114318],[-122.957007,46.114305],[-122.957035,46.114228],[-122.957294,46.114228],[-122.957297,46.114279],[-122.957335,46.114311],[-122.957553,46.114318]]]}},{"type":"Feature","properties":{"id":13,"area_m2":3400,"px":34,"rank":4,"persistent":false},"geometry":{"type":"Polygon","coordinates":[[[-122.989902,46.133856],[-122.989902,46.133946],[-122.989576,46.133947],[-122.989523,46.133974],[-122.989514,46.134036],[-122.989385,46.134036],[-122.989362,46.133961],[-122.989255,46.133946],[-122.989255,46.133814],[-122.989227,46.133778],[-122.988867,46.133766],[-122.988844,46.133691],[-122.988737,46.133676],[-122.988737,46.133496],[-122.988928,46.133509],[-122.988993,46.133471],[-122.988996,46.133136],[-122.989232,46.13312],[-122.989255,46.132956],[-122.989385,46.132956],[-122.989386,46.133272],[-122.989426,46.133309],[-122.989514,46.133316],[-122.989514,46.133496],[-122.989385,46.133496],[-122.989379,46.133439],[-122.989337,46.13341],[-122.989188,46.133407],[-122.989127,46.133449],[-122.989135,46.133557],[-122.989181,46.133583],[-122.989255,46.133586],[-122.989261,46.133642],[-122.98931,46.133673],[-122.989643,46.133676],[-122.989666,46.13384],[-122.989902,46.133856]]]}},{"type":"Feature","properties":{"id":44,"area_m2":3300,"px":33,"rank":5,"persistent":false},"geometry":{"type":"Polygon","coordinates":[[[-122.956516,46.115758],[-122.956516,46.115847],[-122.956303,46.115825],[-122.956151,46.115863],[-122.956128,46.115937],[-122.955999,46.115937],[-122.95599,46.115786],[-122.955944,46.11576],[-122.95587,46.115757],[-122.955864,46.115521],[-122.955822,46.115491],[-122.95574,46.115487],[-122.95574,46.115307],[-122.955929,46.115307],[-122.955982,46.115288],[-122.955999,46.115127],[-122.956081,46.115123],[-122.956125,46.115089],[-122.956129,46.114947],[-122.956258,46.114948],[-122.956267,46.115099],[-122.956313,46.115125],[-122.956387,46.115128],[-122.956387,46.115307],[-122.956353,46.115355],[-122.956387,46.115398],[-122.956387,46.115709],[-122.956428,46.115751],[-122.956516,46.115758]]]}},{"type":"Feature","properties":{"id":31,"area_m2":2900,"px":29,"rank":6,"persistent":false},"geometry":{"type":"Polygon","coordinates":[[[-122.990939,46.129266],[-122.990939,46.129356],[-122.990857,46.12936],[-122.990813,46.129394],[-122.990809,46.129536],[-122.99068,46.129536],[-122.990657,46.129461],[-122.99055,46.129446],[-122.990516,46.129365],[-122.990421,46.129356],[-122.990403,46.129195],[-122.990292,46.129176],[-122.990257,46.129095],[-122.990162,46.129086],[-122.990134,46.129008],[-122.990033,46.128996],[-122.990004,46.128918],[-122.989903,46.128906],[-122.989875,46.128828],[-122.989774,46.128816],[-122.989745,46.128738],[-122.989644,46.128726],[-122.989616,46.128648],[-122.989515,46.128635],[-122.989515,46.128546],[-122.989596,46.128541],[-122.989641,46.128507],[-122.989645,46.128366],[-122.989774,46.128366],[-122.98978,46.128436],[-122.989827,46.128467],[-122.990033,46.128456],[-122.990055,46.12853],[-122.990162,46.128546],[-122.990162,46.128636],[-122.990127,46.128683],[-122.990168,46.128796],[-122.99023,46.128829],[-122.990421,46.128816],[-122.990421,46.128906],[-122.990386,46.128953],[-122.990439,46.129066],[-122.99055,46.129086],[-122.990585,46.129167],[-122.99068,46.129176],[-122.990683,46.129241],[-122.990719,46.129273],[-122.990939,46.129266]]]}},{"type":"Feature","properties":{"id":20,"area_m2":2700,"px":27,"rank":7,"persistent":false},"geometry":{"type":"Polygon","coordinates":[[[-122.987831,46.131786],[-122.987831,46.131875],[-122.987736,46.131885],[-122.987702,46.131965],[-122.987628,46.131968],[-122.987582,46.131994],[-122.987572,46.132145],[-122.987117,46.132146],[-122.987064,46.132174],[-122.987055,46.132235],[-122.986925,46.132235],[-122.986925,46.131965],[-122.987032,46.13195],[-122.987055,46.131875],[-122.987173,46.131864],[-122.987193,46.131937],[-122.987247,46.131964],[-122.987381,46.131964],[-122.987437,46.131932],[-122.987443,46.131834],[-122.987415,46.131798],[-122.987184,46.131785],[-122.987184,46.131605],[-122.987291,46.13159],[-122.987314,46.131515],[-122.987573,46.131515],[-122.987595,46.13159],[-122.987702,46.131605],[-122.987715,46.131761],[-122.987831,46.131786]]]}},{"type":"Feature","properties":{"id":17,"area_m2":1900,"px":19,"rank":8,"persistent":false},"geometry":{"type":"Polygon","coordinates":[[[-122.982524,46.132415],[-122.982524,46.132505],[-122.982429,46.132514],[-122.982394,46.132595],[-122.98232,46.132597],[-122.982274,46.132623],[-122.982265,46.132775],[-122.982158,46.132791],[-122.982135,46.132865],[-122.982019,46.132889],[-122.982006,46.132955],[-122.981617,46.132955],[-122.981617,46.132775],[-122.981842,46.132766],[-122.981876,46.132685],[-122.981971,46.132676],[-122.982006,46.132595],[-122.982087,46.132591],[-122.982129,46.132561],[-122.982129,46.132448],[-122.982087,46.132419],[-122.982006,46.132415],[-122.982006,46.132325],[-122.982265,46.132325],[-122.982268,46.132376],[-122.982306,46.132408],[-122.982524,46.132415]]]}},{"type":"Feature","properties":{"id":40,"area_m2":1200,"px":12,"rank":9,"persistent":false},"geometry":{"type":"Polygon","coordinates":[[[-122.966351,46.117561],[-122.966351,46.117831],[-122.966221,46.117831],[-122.966208,46.117765],[-122.966092,46.117741],[-122.966058,46.11766],[-122.965833,46.117651],[-122.965811,46.117577],[-122.965704,46.117561],[-122.965669,46.11748],[-122.965575,46.117471],[-122.965575,46.117381],[-122.965833,46.117381],[-122.965837,46.117432],[-122.965874,46.117464],[-122.966092,46.117471],[-122.966098,46.117527],[-122.966147,46.117559],[-122.966351,46.117561]]]}},{"type":"Feature","properties":{"id":5,"area_m2":1100,"px":11,"rank":10,"persistent":false},"geometry":{"type":"Polygon","coordinates":[[[-122.988607,46.134576],[-122.988607,46.134666],[-122.98839,46.134672],[-122.988352,46.134704],[-122.988349,46.134755],[-122.988165,46.134742],[-122.988112,46.134758],[-122.98809,46.135025],[-122.98796,46.135025],[-122.98796,46.134666],[-122.988067,46.13465],[-122.98809,46.134576],[-122.988206,46.134552],[-122.988219,46.134486],[-122.988478,46.134486],[-122.988501,46.13456],[-122.988607,46.134576]]]}},{"type":"Feature","properties":{"id":19,"area_m2":1100,"px":11,"rank":11,"persistent":false},"geometry":{"type":"Polygon","coordinates":[[[-122.987702,46.132506],[-122.987702,46.132775],[-122.987572,46.132775],[-122.98755,46.132701],[-122.987443,46.132685],[-122.987425,46.132525],[-122.987314,46.132505],[-122.987279,46.132424],[-122.987184,46.132415],[-122.987184,46.132235],[-122.987443,46.132235],[-122.987466,46.13231],[-122.987572,46.132325],[-122.987565,46.13248],[-122.987607,46.132503],[-122.987702,46.132506]]]}},{"type":"Feature","properties":{"id":4,"area_m2":1000,"px":10,"rank":12,"persistent":false},"geometry":{"type":"Polygon","coordinates":[[[-122.99029,46.134756],[-122.99029,46.134846],[-122.990209,46.13485],[-122.990164,46.134884],[-122.990161,46.135026],[-122.989902,46.135026],[-122.989879,46.134952],[-122.989773,46.134936],[-122.989738,46.134855],[-122.989643,46.134846],[-122.989643,46.134756],[-122.989869,46.13476],[-122.989902,46.134666],[-122.990009,46.13465],[-122.990032,46.134576],[-122.990161,46.134576],[-122.99017,46.134727],[-122.990216,46.134753],[-122.99029,46.134756]]]}},{"type":"Feature","properties":{"id":26,"area_m2":900,"px":9,"rank":13,"persistent":false},"geometry":{"type":"Polygon","coordinates":[[[-122.986667,46.130795],[-122.986666,46.130975],[-122.986578,46.130982],[-122.986537,46.131024],[-122.986537,46.131155],[-122.986502,46.131198],[-122.986537,46.131245],[-122.986537,46.131425],[-122.986408,46.131425],[-122.986385,46.131351],[-122.986278,46.131335],[-122.986278,46.131155],[-122.986373,46.131146],[-122.986408,46.131101],[-122.986395,46.130999],[-122.986278,46.130975],[-122.986278,46.130885],[-122.986484,46.130896],[-122.986531,46.130865],[-122.986537,46.130795],[-122.986667,46.130795]]]}},{"type":"Feature","properties":{"id":14,"area_m2":700,"px":7,"rank":14,"persistent":false},"geometry":{"type":"Polygon","coordinates":[[[-122.981487,46.133855],[-122.981487,46.134035],[-122.981358,46.134035],[-122.981335,46.13396],[-122.981229,46.133945],[-122.981211,46.133874],[-122.981099,46.133854],[-122.981065,46.133774],[-122.98097,46.133764],[-122.980941,46.133687],[-122.98084,46.133674],[-122.980812,46.133597],[-122.980711,46.133584],[-122.980711,46.133495],[-122.98084,46.133495],[-122.980858,46.133565],[-122.98097,46.133585],[-122.980987,46.133655],[-122.981099,46.133675],[-122.981112,46.133741],[-122.981229,46.133765],[-122.981263,46.133845],[-122.981487,46.133855]]]}},{"type":"Feature","properties":{"id":29,"area_m2":700,"px":7,"rank":15,"persistent":false},"geometry":{"type":"Polygon","coordinates":[[[-122.98576,46.130705],[-122.98576,46.130885],[-122.985654,46.130901],[-122.985631,46.130975],[-122.985418,46.130953],[-122.985265,46.130991],[-122.985242,46.131065],[-122.985113,46.131065],[-122.985113,46.130885],[-122.985324,46.130881],[-122.985366,46.130852],[-122.985372,46.130795],[-122.985578,46.130806],[-122.985625,46.130775],[-122.985631,46.130705],[-122.98576,46.130705]]]}},{"type":"Feature","properties":{"id":41,"area_m2":700,"px":7,"rank":16,"persistent":false},"geometry":{"type":"Polygon","coordinates":[[[-122.965316,46.117021],[-122.965316,46.117201],[-122.965057,46.1172],[-122.965034,46.117126],[-122.964928,46.11711],[-122.964893,46.11703],[-122.964798,46.11702],[-122.964798,46.11693],[-122.965057,46.116931],[-122.96506,46.116982],[-122.965098,46.117014],[-122.965316,46.117021]]]}},{"type":"Feature","properties":{"id":46,"area_m2":700,"px":7,"rank":17,"persistent":false},"geometry":{"type":"Polygon","coordinates":[[[-122.959107,46.112339],[-122.959107,46.112518],[-122.959001,46.112534],[-122.958978,46.112608],[-122.958861,46.112632],[-122.958848,46.112698],[-122.958719,46.112698],[-122.958696,46.112624],[-122.95859,46.112608],[-122.95859,46.112518],[-122.958807,46.112512],[-122.958845,46.11248],[-122.958849,46.112428],[-122.958965,46.112404],[-122.958978,46.112338],[-122.959107,46.112339]]]}},{"type":"Feature","properties":{"id":8,"area_m2":600,"px":6,"rank":18,"persistent":false},"geometry":{"type":"Polygon","coordinates":[[[-122.983559,46.134575],[-122.983559,46.134665],[-122.98317,46.134665],[-122.983148,46.134591],[-122.983041,46.134575],[-122.983041,46.134485],[-122.983429,46.134485],[-122.983452,46.134559],[-122.983559,46.134575]]]}},{"type":"Feature","properties":{"id":18,"area_m2":600,"px":6,"rank":19,"persistent":false},"geometry":{"type":"Polygon","coordinates":[[[-122.988478,46.132596],[-122.988478,46.132775],[-122.988372,46.132791],[-122.988349,46.132865],[-122.987961,46.132865],[-122.987938,46.132791],[-122.987831,46.132775],[-122.987833,46.132685],[-122.987961,46.132686],[-122.987967,46.132742],[-122.988016,46.132773],[-122.988301,46.132771],[-122.988348,46.132732],[-122.988349,46.132596],[-122.988478,46.132596]]]}},{"type":"Feature","properties":{"id":22,"area_m2":600,"px":6,"rank":20,"persistent":false},"geometry":{"type":"Polygon","coordinates":[[[-122.992103,46.131426],[-122.992103,46.131606],[-122.991974,46.131606],[-122.991951,46.131532],[-122.991845,46.131516],[-122.991841,46.131374],[-122.991797,46.13134],[-122.991715,46.131336],[-122.991715,46.131246],[-122.991974,46.131246],[-122.991983,46.131397],[-122.992029,46.131423],[-122.992103,46.131426]]]}},{"type":"Feature","properties":{"id":30,"area_m2":600,"px":6,"rank":21,"persistent":false},"geometry":{"type":"Polygon","coordinates":[[[-122.991974,46.130166],[-122.991974,46.130436],[-122.991715,46.130436],[-122.991712,46.130294],[-122.991667,46.13026],[-122.991586,46.130256],[-122.991586,46.130166],[-122.991715,46.130166],[-122.991776,46.13019],[-122.991845,46.130166],[-122.991974,46.130166]]]}},{"type":"Feature","properties":{"id":33,"area_m2":600,"px":6,"rank":22,"persistent":false},"geometry":{"type":"Polygon","coordinates":[[[-122.989774,46.129266],[-122.989774,46.129356],[-122.989667,46.129371],[-122.989644,46.129446],[-122.989515,46.129446],[-122.989492,46.129371],[-122.989385,46.129355],[-122.989385,46.129176],[-122.989644,46.129176],[-122.989667,46.12925],[-122.989774,46.129266]]]}},{"type":"Feature","properties":{"id":34,"area_m2":600,"px":6,"rank":23,"persistent":false},"geometry":{"type":"Polygon","coordinates":[[[-122.989126,46.129086],[-122.989126,46.129445],[-122.988997,46.129445],[-122.988974,46.129371],[-122.988868,46.129355],[-122.988868,46.129176],[-122.988974,46.12916],[-122.988997,46.129086],[-122.989126,46.129086]]]}},{"type":"Feature","properties":{"id":37,"area_m2":600,"px":6,"rank":24,"persistent":false},"geometry":{"type":"Polygon","coordinates":[[[-122.984596,46.127015],[-122.984596,46.127285],[-122.984467,46.127285],[-122.984467,46.127154],[-122.984432,46.127114],[-122.984208,46.127105],[-122.984208,46.127015],[-122.984315,46.126999],[-122.984338,46.126925],[-122.984467,46.126925],[-122.98449,46.126999],[-122.984596,46.127015]]]}},{"type":"Feature","properties":{"id":42,"area_m2":600,"px":6,"rank":25,"persistent":false},"geometry":{"type":"Polygon","coordinates":[[[-122.964669,46.11675],[-122.964669,46.11684],[-122.96454,46.11684],[-122.964526,46.116774],[-122.96441,46.11675],[-122.964376,46.116669],[-122.964151,46.11666],[-122.964152,46.11648],[-122.96441,46.11648],[-122.964423,46.116636],[-122.96454,46.11666],[-122.964574,46.116741],[-122.964669,46.11675]]]}},{"type":"Feature","properties":{"id":6,"area_m2":500,"px":5,"rank":26,"persistent":false},"geometry":{"type":"Polygon","coordinates":[[[-122.982911,46.134845],[-122.982911,46.134935],[-122.982782,46.134935],[-122.982759,46.134861],[-122.982652,46.134845],[-122.982635,46.134775],[-122.982523,46.134755],[-122.982488,46.134674],[-122.982394,46.134665],[-122.982365,46.134587],[-122.982264,46.134575],[-122.982264,46.134485],[-122.982393,46.134485],[-122.982416,46.134559],[-122.982523,46.134575],[-122.982541,46.134645],[-122.982652,46.134665],[-122.982687,46.134746],[-122.982782,46.134755],[-122.98281,46.134833],[-122.982911,46.134845]]]}},{"type":"Feature","properties":{"id":9,"area_m2":500,"px":5,"rank":27,"persistent":false},"geometry":{"type":"Polygon","coordinates":[[[-122.989255,46.134486],[-122.989255,46.134576],[-122.988996,46.134576],[-122.988973,46.134501],[-122.988867,46.134486],[-122.988832,46.134405],[-122.988737,46.134396],[-122.988737,46.134306],[-122.988866,46.134306],[-122.988872,46.134362],[-122.988922,46.134393],[-122.989125,46.134396],[-122.989148,46.13447],[-122.989255,46.134486]]]}},{"type":"Feature","properties":{"id":10,"area_m2":500,"px":5,"rank":28,"persistent":false},"geometry":{"type":"Polygon","coordinates":[[[-122.990679,46.134216],[-122.990679,46.134306],[-122.990597,46.13431],[-122.990553,46.134344],[-122.990549,46.134486],[-122.990291,46.134486],[-122.990291,46.134306],[-122.990494,46.134303],[-122.990544,46.134272],[-122.99055,46.134216],[-122.990679,46.134216]]]}},{"type":"Feature","properties":{"id":23,"area_m2":500,"px":5,"rank":29,"persistent":false},"geometry":{"type":"Polygon","coordinates":[[[-122.987184,46.131425],[-122.987184,46.131515],[-122.987078,46.131531],[-122.987055,46.131605],[-122.986796,46.131605],[-122.986796,46.131425],[-122.987184,46.131425]]]}},{"type":"Feature","properties":{"id":24,"area_m2":500,"px":5,"rank":30,"persistent":false},"geometry":{"type":"Polygon","coordinates":[[[-122.986149,46.131245],[-122.986149,46.131515],[-122.986019,46.131515],[-122.98601,46.131364],[-122.985964,46.131338],[-122.98589,46.131335],[-122.985855,46.131254],[-122.98576,46.131245],[-122.98576,46.131155],[-122.98589,46.131155],[-122.985896,46.131212],[-122.985945,46.131243],[-122.986149,46.131245]]]}},{"type":"Feature","properties":{"id":32,"area_m2":500,"px":5,"rank":31,"persistent":false},"geometry":{"type":"Polygon","coordinates":[[[-122.981489,46.129355],[-122.981489,46.129534],[-122.98123,46.129534],[-122.98123,46.129265],[-122.98136,46.129265],[-122.981382,46.129339],[-122.981489,46.129355]]]}},{"type":"Feature","properties":{"id":2,"area_m2":400,"px":4,"rank":32,"persistent":false},"geometry":{"type":"Polygon","coordinates":[[[-122.985241,46.136105],[-122.985241,46.136285],[-122.984982,46.136285],[-122.984982,46.136105],[-122.985241,46.136105]]]}},{"type":"Feature","properties":{"id":12,"area_m2":400,"px":4,"rank":33,"persistent":false},"geometry":{"type":"Polygon","coordinates":[[[-122.988349,46.134216],[-122.988349,46.134305],[-122.98809,46.134305],[-122.98809,46.134036],[-122.988219,46.134036],[-122.988228,46.134187],[-122.988274,46.134213],[-122.988349,46.134216]]]}},{"type":"Feature","properties":{"id":21,"area_m2":400,"px":4,"rank":34,"persistent":false},"geometry":{"type":"Polygon","coordinates":[[[-122.982135,46.132055],[-122.982135,46.132235],[-122.981877,46.132235],[-122.981877,46.132055],[-122.982135,46.132055]]]}},{"type":"Feature","properties":{"id":25,"area_m2":400,"px":4,"rank":35,"persistent":false},"geometry":{"type":"Polygon","coordinates":[[[-122.988738,46.131156],[-122.988738,46.131425],[-122.988608,46.131425],[-122.988605,46.131284],[-122.98856,46.13125],[-122.988479,46.131245],[-122.988479,46.131156],[-122.988738,46.131156]]]}},{"type":"Feature","properties":{"id":27,"area_m2":400,"px":4,"rank":36,"persistent":false},"geometry":{"type":"Polygon","coordinates":[[[-122.992233,46.131066],[-122.992233,46.131156],[-122.991845,46.131156],[-122.991845,46.131066],[-122.991951,46.13105],[-122.991974,46.130976],[-122.992103,46.130976],[-122.992126,46.13105],[-122.992233,46.131066]]]}},{"type":"Feature","properties":{"id":36,"area_m2":400,"px":4,"rank":37,"persistent":false},"geometry":{"type":"Polygon","coordinates":[[[-122.97204,46.128093],[-122.97204,46.128183],[-122.971781,46.128182],[-122.971758,46.128108],[-122.971652,46.128092],[-122.971652,46.128003],[-122.971911,46.128003],[-122.971933,46.128077],[-122.97204,46.128093]]]}},{"type":"Feature","properties":{"id":39,"area_m2":400,"px":4,"rank":38,"persistent":false},"geometry":{"type":"Polygon","coordinates":[[[-122.977608,46.123504],[-122.977608,46.123684],[-122.977349,46.123684],[-122.977349,46.123504],[-122.977608,46.123504]]]}},{"type":"Feature","properties":{"id":43,"area_m2":400,"px":4,"rank":39,"persistent":false},"geometry":{"type":"Polygon","coordinates":[[[-122.963375,46.11585],[-122.963375,46.11603],[-122.963117,46.11603],[-122.963117,46.11585],[-122.963375,46.11585]]]}},{"type":"Feature","properties":{"id":3,"area_m2":300,"px":3,"rank":40,"persistent":false},"geometry":{"type":"Polygon","coordinates":[[[-122.983688,46.135295],[-122.983688,46.135385],[-122.983559,46.135385],[-122.983536,46.135311],[-122.983429,46.135295],[-122.983395,46.135214],[-122.9833,46.135205],[-122.9833,46.135115],[-122.983429,46.135115],[-122.983452,46.135189],[-122.983558,46.135205],[-122.983593,46.135286],[-122.983688,46.135295]]]}},{"type":"Feature","properties":{"id":7,"area_m2":300,"px":3,"rank":41,"persistent":false},"geometry":{"type":"Polygon","coordinates":[[[-122.989125,46.134666],[-122.989125,46.134756],[-122.988737,46.134756],[-122.988737,46.134666],[-122.989125,46.134666]]]}},{"type":"Feature","properties":{"id":11,"area_m2":300,"px":3,"rank":42,"persistent":false},"geometry":{"type":"Polygon","coordinates":[[[-122.982005,46.134305],[-122.982005,46.134395],[-122.981876,46.134395],[-122.981853,46.134321],[-122.981746,46.134305],[-122.981712,46.134224],[-122.981617,46.134215],[-122.981617,46.134125],[-122.981746,46.134125],[-122.981769,46.134199],[-122.981876,46.134215],[-122.98191,46.134296],[-122.982005,46.134305]]]}},{"type":"Feature","properties":{"id":15,"area_m2":300,"px":3,"rank":43,"persistent":false},"geometry":{"type":"Polygon","coordinates":[[[-122.989902,46.133496],[-122.989902,46.133766],[-122.989773,46.133766],[-122.989773,46.133496],[-122.989902,46.133496]]]}},{"type":"Feature","properties":{"id":28,"area_m2":300,"px":3,"rank":44,"persistent":false},"geometry":{"type":"Polygon","coordinates":[[[-122.991586,46.130976],[-122.991586,46.131156],[-122.991456,46.131156],[-122.991433,46.131082],[-122.991327,46.131066],[-122.991327,46.130976],[-122.991586,46.130976]]]}},{"type":"Feature","properties":{"id":35,"area_m2":300,"px":3,"rank":45,"persistent":false},"geometry":{"type":"Polygon","coordinates":[[[-122.973075,46.128633],[-122.973075,46.128813],[-122.972816,46.128813],[-122.972817,46.128723],[-122.972923,46.128707],[-122.972946,46.128633],[-122.973075,46.128633]]]}},{"type":"Feature","properties":{"id":38,"area_m2":300,"px":3,"rank":46,"persistent":false},"geometry":{"type":"Polygon","coordinates":[[[-122.966347,46.124581],[-122.966347,46.124671],[-122.96624,46.124687],[-122.966217,46.124761],[-122.966088,46.124761],[-122.966088,46.124581],[-122.966347,46.124581]]]}},{"type":"Feature","properties":{"id":47,"area_m2":300,"px":3,"rank":47,"persistent":false},"geometry":{"type":"Polygon","coordinates":[[[-122.962732,46.10991],[-122.962732,46.11],[-122.962603,46.11],[-122.96258,46.109925],[-122.962474,46.109909],[-122.962439,46.109829],[-122.962344,46.109819],[-122.962344,46.10973],[-122.962474,46.10973],[-122.962496,46.109804],[-122.962603,46.10982],[-122.962637,46.109901],[-122.962732,46.10991]]]}}]}