{"type":"FeatureCollection","features":[{"type":"Feature","properties":{"id":2,"area_m2":1327800,"px":13278,"rank":1,"persistent":false},"geometry":{"type":"Polygon","coordinates":[[[-122.987443,46.133855],[-122.987441,46.134125],[-122.987184,46.134125],[-122.987171,46.134059],[-122.987054,46.134035],[-122.987048,46.133979],[-122.986999,46.133948],[-122.986677,46.133956],[-122.986657,46.133884],[-122.986603,46.133856],[-122.986469,46.133856],[-122.986416,46.133884],[-122.98643,46.13402],[-122.986485,46.134035],[-122.986655,46.134024],[-122.986689,46.13411],[-122.986795,46.134125],[-122.98683,46.134206],[-122.986925,46.134215],[-122.986923,46.134485],[-122.986795,46.134485],[-122.986789,46.134339],[-122.986747,46.134309],[-122.986666,46.134305],[-122.986631,46.134224],[-122.986277,46.134215],[-122.986268,46.134064],[-122.986222,46.134038],[-122.986148,46.134035],[-122.986113,46.133954],[-122.986019,46.133945],[-122.986015,46.133894],[-122.985978,46.133862],[-122.985501,46.133855],[-122.985432,46.133831],[-122.98527,46.133867],[-122.985223,46.133974],[-122.985244,46.134019],[-122.985501,46.134035],[-122.985523,46.134199],[-122.98563,46.134215],[-122.985633,46.134267],[-122.985671,46.134299],[-122.985889,46.134305],[-122.985912,46.134379],[-122.986018,46.134395],[-122.986028,46.134547],[-122.986074,46.134573],[-122.986148,46.134577],[-122.986148,46.134665],[-122.986018,46.134665],[-122.98599,46.134588],[-122.98576,46.134575],[-122.985754,46.134519],[-122.985712,46.134489],[-122.985371,46.134485],[-122.985354,46.134415],[-122.985242,46.134395],[-122.985207,46.134314],[-122.985112,46.134305],[-122.985084,46.134227],[-122.984983,46.134215],[-122.984954,46.134137],[-122.984724,46.134125],[-122.984701,46.134051],[-122.984595,46.134035],[-122.984577,46.133965],[-122.984465,46.133945],[-122.984431,46.133864],[-122.984336,46.133855],[-122.984307,46.133777],[-122.984206,46.133765],[-122.984173,46.133671],[-122.983982,46.133677],[-122.98393,46.133715],[-122.983947,46.133855],[-122.983913,46.133903],[-122.983965,46.134015],[-122.984077,46.134035],[-122.98409,46.134101],[-122.984206,46.134125],[-122.984209,46.134177],[-122.984247,46.134209],[-122.984465,46.134215],[-122.984465,46.134305],[-122.984383,46.134309],[-122.984339,46.134343],[-122.984357,46.134482],[-122.984411,46.134499],[-122.984539,46.134483],[-122.984588,46.134452],[-122.984594,46.134395],[-122.984724,46.134395],[-122.984747,46.134469],[-122.984853,46.134485],[-122.984871,46.134555],[-122.984983,46.134575],[-122.985017,46.134656],[-122.985112,46.134665],[-122.985141,46.134743],[-122.985242,46.134755],[-122.98527,46.134833],[-122.985371,46.134845],[-122.985371,46.135025],[-122.985112,46.135025],[-122.985112,46.134935],[-122.985147,46.134887],[-122.985094,46.134775],[-122.984983,46.134755],[-122.98497,46.134689],[-122.984853,46.134665],[-122.98485,46.134613],[-122.984812,46.134581],[-122.984669,46.134561],[-122.984611,46.134582],[-122.984607,46.134821],[-122.984664,46.134845],[-122.984853,46.134845],[-122.984853,46.134935],[-122.984765,46.134941],[-122.984724,46.134984],[-122.984737,46.135091],[-122.984853,46.135115],[-122.984853,46.135205],[-122.984772,46.135209],[-122.984727,46.135243],[-122.984725,46.135342],[-122.984758,46.135376],[-122.984982,46.135385],[-122.984986,46.135437],[-122.985024,46.135469],[-122.985241,46.135475],[-122.985254,46.135541],[-122.985371,46.135565],[-122.985405,46.135646],[-122.985582,46.135651],[-122.985624,46.135622],[-122.98563,46.135565],[-122.985746,46.135541],[-122.985759,46.135385],[-122.985866,46.135369],[-122.985889,46.135295],[-122.986078,46.135295],[-122.986135,46.135271],[-122.986148,46.135115],[-122.986236,46.135109],[-122.986276,46.135072],[-122.986277,46.134845],[-122.986405,46.134845],[-122.98642,46.134911],[-122.986536,46.134935],[-122.986559,46.13501],[-122.986665,46.135025],[-122.986669,46.135167],[-122.986713,46.135201],[-122.986795,46.135205],[-122.986817,46.135383],[-122.98687,46.135399],[-122.987183,46.135385],[-122.987183,46.135565],[-122.986994,46.135566],[-122.986942,46.135585],[-122.986924,46.135745],[-122.986813,46.135765],[-122.986795,46.135925],[-122.986706,46.135932],[-122.986666,46.135974],[-122.986694,46.136093],[-122.987054,46.136105],[-122.987054,46.136195],[-122.986591,46.136198],[-122.986542,46.136229],[-122.986536,46.136285],[-122.986419,46.136309],[-122.986406,46.136375],[-122.986277,46.136375],[-122.986274,46.136234],[-122.986229,46.136199],[-122.986148,46.136195],[-122.986147,46.13605],[-122.986114,46.136011],[-122.98593,46.136022],[-122.985892,46.136054],[-122.985888,46.136105],[-122.9855,46.136105],[-122.9855,46.135974],[-122.985472,46.135937],[-122.985241,46.135925],[-122.985228,46.135859],[-122.985112,46.135835],[-122.985106,46.135779],[-122.985064,46.135749],[-122.984853,46.135745],[-122.98483,46.135671],[-122.984724,46.135655],[-122.984689,46.135574],[-122.984594,46.135565],[-122.984571,46.135401],[-122.984335,46.135385],[-122.984335,46.135295],[-122.98443,46.135286],[-122.984465,46.135205],[-122.984546,46.135201],[-122.984591,46.135167],[-122.984588,46.134878],[-122.984546,46.134849],[-122.984465,46.134845],[-122.98443,46.134764],[-122.984335,46.134755],[-122.984335,46.134624],[-122.984307,46.134587],[-122.984077,46.134575],[-122.984076,46.134444],[-122.984042,46.134404],[-122.983873,46.134397],[-122.983824,46.134428],[-122.983818,46.134485],[-122.983688,46.134485],[-122.983688,46.134395],[-122.98377,46.134391],[-122.983814,46.134357],[-122.983816,46.134258],[-122.983783,46.134224],[-122.983614,46.134217],[-122.983565,46.134248],[-122.983559,46.134305],[-122.983431,46.134305],[-122.983407,46.134231],[-122.9833,46.134215],[-122.9833,46.134035],[-122.983402,46.134031],[-122.983448,46.13399],[-122.983429,46.133724],[-122.983401,46.133687],[-122.983205,46.133684],[-122.983171,46.133724],[-122.98317,46.133855],[-122.983041,46.133855],[-122.983032,46.133613],[-122.982986,46.133587],[-122.982912,46.133585],[-122.982906,46.133528],[-122.982864,46.133499],[-122.982653,46.133495],[-122.982672,46.13336],[-122.982603,46.133315],[-122.982417,46.133331],[-122.982394,46.133495],[-122.982299,46.133504],[-122.982264,46.133585],[-122.982183,46.133589],[-122.982141,46.133618],[-122.982144,46.133736],[-122.98219,46.133762],[-122.982264,46.133765],[-122.982264,46.133945],[-122.982135,46.133945],[-122.982122,46.133879],[-122.982005,46.133855],[-122.982,46.133798],[-122.981957,46.133769],[-122.981617,46.133765],[-122.981594,46.13369],[-122.981488,46.133675],[-122.981453,46.133594],[-122.981358,46.133585],[-122.981358,46.133495],[-122.98144,46.13349],[-122.981484,46.133456],[-122.981488,46.133315],[-122.981617,46.133315],[-122.98163,46.133381],[-122.981747,46.133405],[-122.981753,46.133461],[-122.981795,46.133491],[-122.981945,46.133519],[-122.982107,46.133482],[-122.982135,46.133446],[-122.982122,46.133339],[-122.982065,46.133315],[-122.981876,46.133315],[-122.981853,46.13324],[-122.981747,46.133225],[-122.981747,46.133135],[-122.982135,46.133135],[-122.98217,46.133216],[-122.982348,46.133234],[-122.982393,46.133195],[-122.982394,46.133045],[-122.982476,46.133041],[-122.98252,46.133006],[-122.982524,46.132865],[-122.982741,46.132858],[-122.982779,46.132826],[-122.982783,46.132775],[-122.982912,46.132775],[-122.982912,46.132996],[-122.982967,46.133043],[-122.983123,46.133041],[-122.983165,46.133012],[-122.983171,46.132955],[-122.983367,46.132954],[-122.983421,46.132926],[-122.98343,46.132685],[-122.983464,46.132642],[-122.98343,46.132595],[-122.98343,46.132505],[-122.98366,46.132493],[-122.983688,46.132456],[-122.983683,46.132358],[-122.983626,46.132326],[-122.98343,46.132325],[-122.983424,46.132268],[-122.983375,46.132237],[-122.983042,46.132235],[-122.983029,46.132079],[-122.982912,46.132055],[-122.982878,46.131974],[-122.982783,46.131965],[-122.982782,46.131743],[-122.982754,46.131707],[-122.982524,46.131695],[-122.982518,46.131638],[-122.982469,46.131607],[-122.982292,46.131609],[-122.982245,46.131655],[-122.982265,46.131785],[-122.982061,46.131787],[-122.982012,46.131818],[-122.982006,46.131875],[-122.981776,46.131887],[-122.981747,46.131923],[-122.981747,46.132055],[-122.98164,46.13207],[-122.981618,46.132145],[-122.981299,46.132145],[-122.981247,46.132164],[-122.981229,46.132324],[-122.981122,46.13234],[-122.981067,46.132446],[-122.9811,46.132505],[-122.9811,46.132594],[-122.981011,46.132601],[-122.980972,46.132638],[-122.980953,46.132825],[-122.980998,46.13286],[-122.981099,46.132865],[-122.9811,46.132953],[-122.980983,46.132979],[-122.98097,46.133086],[-122.981033,46.133133],[-122.981358,46.133135],[-122.981358,46.133225],[-122.980841,46.133224],[-122.980827,46.133159],[-122.980711,46.133134],[-122.980677,46.133054],[-122.980452,46.133044],[-122.980449,46.132903],[-122.980404,46.132869],[-122.980323,46.132864],[-122.980322,46.132733],[-122.980294,46.132697],[-122.980064,46.132684],[-122.980058,46.132628],[-122.980009,46.132597],[-122.979805,46.132594],[-122.979805,46.132504],[-122.980023,46.132498],[-122.980061,46.132466],[-122.980064,46.132414],[-122.980152,46.132408],[-122.980193,46.132366],[-122.980176,46.132254],[-122.980064,46.132234],[-122.98003,46.132153],[-122.979935,46.132143],[-122.979935,46.132054],[-122.980064,46.132054],[-122.980133,46.132078],[-122.980217,46.132037],[-122.98019,46.131823],[-122.980146,46.131788],[-122.980064,46.131784],[-122.98003,46.131703],[-122.979935,46.131694],[-122.979906,46.131617],[-122.979547,46.131604],[-122.979543,46.131553],[-122.979506,46.131521],[-122.979336,46.131518],[-122.979294,46.131548],[-122.979288,46.131604],[-122.97907,46.131611],[-122.979032,46.131642],[-122.979029,46.131694],[-122.978912,46.131718],[-122.978899,46.131784],[-122.978787,46.131804],[-122.97877,46.131964],[-122.97864,46.131964],[-122.978627,46.131898],[-122.978511,46.131874],[-122.978507,46.131822],[-122.97847,46.13179],[-122.978252,46.131784],[-122.978252,46.131694],[-122.97859,46.131694],[-122.978638,46.131678],[-122.978651,46.131503],[-122.979259,46.131502],[-122.979288,46.131424],[-122.979369,46.13142],[-122.979414,46.131386],[-122.979417,46.131203],[-122.979389,46.131166],[-122.979063,46.131163],[-122.979029,46.131203],[-122.979029,46.131334],[-122.978899,46.131334],[-122.978893,46.131277],[-122.978844,46.131246],[-122.978682,46.13125],[-122.978642,46.131288],[-122.978629,46.131435],[-122.978511,46.131424],[-122.978498,46.131088],[-122.978441,46.131064],[-122.978293,46.13107],[-122.978254,46.131107],[-122.978252,46.131244],[-122.978157,46.131253],[-122.978123,46.131334],[-122.978041,46.131338],[-122.977997,46.131372],[-122.977993,46.131694],[-122.977864,46.131694],[-122.977841,46.13162],[-122.977734,46.131604],[-122.977734,46.131514],[-122.977851,46.13149],[-122.977864,46.131334],[-122.977945,46.13133],[-122.97799,46.131296],[-122.977993,46.131154],[-122.978068,46.131152],[-122.978114,46.131125],[-122.978105,46.130994],[-122.978045,46.130974],[-122.977217,46.130974],[-122.977182,46.130893],[-122.976958,46.130884],[-122.976935,46.13081],[-122.976828,46.130794],[-122.976829,46.130704],[-122.977053,46.130701],[-122.977107,46.130648],[-122.97707,46.130544],[-122.976958,46.130524],[-122.976923,46.130443],[-122.976829,46.130434],[-122.976829,46.130344],[-122.977086,46.130327],[-122.977107,46.130288],[-122.977088,46.130074],[-122.977183,46.130065],[-122.977217,46.129984],[-122.977333,46.12996],[-122.977347,46.129804],[-122.977566,46.129811],[-122.977602,46.129779],[-122.977606,46.129714],[-122.9777,46.129705],[-122.977735,46.129624],[-122.97783,46.129621],[-122.977879,46.129589],[-122.977847,46.129464],[-122.977735,46.129444],[-122.977701,46.129363],[-122.977606,46.129354],[-122.977606,46.129264],[-122.977802,46.129263],[-122.977859,46.129231],[-122.977864,46.129043],[-122.977836,46.129006],[-122.97764,46.129003],[-122.977606,46.129084],[-122.977489,46.129108],[-122.977476,46.129174],[-122.977088,46.129174],[-122.977027,46.12915],[-122.976958,46.129174],[-122.976702,46.129174],[-122.976691,46.129022],[-122.976645,46.128996],[-122.97657,46.128994],[-122.976564,46.128937],[-122.976515,46.128906],[-122.976311,46.128904],[-122.976228,46.128881],[-122.976075,46.128919],[-122.976052,46.128993],[-122.975923,46.128993],[-122.9759,46.128919],[-122.975794,46.128903],[-122.975794,46.128814],[-122.975889,46.128804],[-122.975923,46.12876],[-122.97592,46.128582],[-122.975875,46.128548],[-122.975794,46.128543],[-122.975794,46.128454],[-122.975978,46.128467],[-122.976031,46.128451],[-122.976053,46.128413],[-122.976035,46.128293],[-122.975923,46.128273],[-122.97592,46.128222],[-122.975882,46.12819],[-122.975707,46.128185],[-122.975646,46.128228],[-122.975664,46.128363],[-122.975535,46.128363],[-122.975512,46.128289],[-122.975406,46.128272],[-122.975406,46.128183],[-122.975487,46.128179],[-122.975532,46.128145],[-122.975522,46.128027],[-122.975465,46.128004],[-122.975276,46.128003],[-122.975254,46.127929],[-122.975147,46.127913],[-122.975134,46.127847],[-122.975018,46.127823],[-122.974989,46.127746],[-122.974888,46.127733],[-122.974887,46.127597],[-122.97484,46.127557],[-122.974631,46.12757],[-122.974609,46.127609],[-122.974629,46.127733],[-122.974522,46.127749],[-122.9745,46.127823],[-122.974241,46.127823],[-122.974238,46.127501],[-122.974193,46.127467],[-122.974112,46.127463],[-122.974102,46.127402],[-122.974041,46.127373],[-122.973881,46.127385],[-122.97382,46.127495],[-122.973852,46.127553],[-122.973852,46.127823],[-122.97364,46.127814],[-122.973597,46.127848],[-122.973593,46.127913],[-122.973512,46.127917],[-122.97347,46.127946],[-122.973464,46.128273],[-122.973268,46.128274],[-122.973211,46.128306],[-122.97317,46.128405],[-122.973205,46.128453],[-122.973205,46.128633],[-122.973075,46.128633],[-122.973066,46.128481],[-122.97302,46.128455],[-122.972946,46.128453],[-122.972937,46.128391],[-122.972876,46.128363],[-122.972628,46.128363],[-122.972575,46.128382],[-122.972557,46.128633],[-122.972428,46.128633],[-122.972405,46.128559],[-122.972299,46.128543],[-122.972299,46.128273],[-122.972488,46.128272],[-122.972545,46.128249],[-122.972593,46.12814],[-122.972545,46.128027],[-122.972488,46.128003],[-122.972299,46.128003],[-122.972281,46.127932],[-122.97217,46.127913],[-122.972157,46.127847],[-122.97204,46.127823],[-122.972037,46.127771],[-122.971999,46.127739],[-122.971781,46.127732],[-122.971781,46.127601],[-122.971747,46.127562],[-122.971523,46.127552],[-122.97151,46.127486],[-122.971393,46.127462],[-122.971387,46.127406],[-122.971345,46.127377],[-122.971134,46.127372],[-122.971135,46.127192],[-122.971235,46.12718],[-122.971264,46.127102],[-122.971359,46.127093],[-122.971394,46.127012],[-122.971468,46.12701],[-122.971514,46.126984],[-122.971558,46.12688],[-122.971523,46.126832],[-122.971523,46.126743],[-122.971618,46.126733],[-122.971653,46.126653],[-122.971727,46.12665],[-122.971773,46.126624],[-122.971782,46.126473],[-122.971817,46.12643],[-122.971782,46.126382],[-122.971782,46.126293],[-122.971877,46.126283],[-122.971912,46.126203],[-122.972028,46.126179],[-122.972041,46.126023],[-122.972148,46.126007],[-122.972171,46.125933],[-122.972354,46.125946],[-122.972417,46.125922],[-122.972441,46.125652],[-122.972647,46.125656],[-122.9727,46.125562],[-122.972887,46.125597],[-122.973085,46.125548],[-122.973068,46.125421],[-122.973022,46.125395],[-122.972948,46.125393],[-122.972919,46.125315],[-122.972771,46.125289],[-122.972716,46.125302],[-122.972689,46.125338],[-122.972678,46.125494],[-122.972471,46.125489],[-122.972419,46.125584],[-122.9723,46.125573],[-122.972299,46.125436],[-122.972238,46.125394],[-122.972095,46.125382],[-122.972047,46.125412],[-122.972041,46.125483],[-122.971817,46.125492],[-122.971783,46.125531],[-122.971782,46.125662],[-122.971688,46.125672],[-122.971653,46.125752],[-122.971571,46.125757],[-122.971529,46.125786],[-122.971523,46.125932],[-122.971422,46.125945],[-122.971394,46.126022],[-122.971299,46.126031],[-122.971264,46.126112],[-122.97119,46.126115],[-122.971144,46.126141],[-122.971135,46.126292],[-122.971028,46.126308],[-122.971005,46.126382],[-122.970904,46.126395],[-122.970876,46.126472],[-122.970781,46.126481],[-122.970746,46.126562],[-122.970635,46.126582],[-122.970617,46.126652],[-122.970488,46.126652],[-122.970484,46.126587],[-122.970441,46.126553],[-122.970291,46.126563],[-122.97023,46.126606],[-122.970229,46.126742],[-122.970099,46.126742],[-122.970076,46.126668],[-122.96997,46.126652],[-122.969947,46.126578],[-122.96984,46.126562],[-122.969823,46.126492],[-122.969711,46.126472],[-122.969677,46.126391],[-122.969582,46.126382],[-122.969553,46.126304],[-122.969452,46.126292],[-122.969424,46.126214],[-122.969323,46.126202],[-122.969294,46.126124],[-122.969194,46.126112],[-122.969165,46.126034],[-122.969064,46.126022],[-122.969036,46.125944],[-122.968805,46.125932],[-122.968788,46.125861],[-122.968676,46.125842],[-122.968641,46.125761],[-122.968547,46.125752],[-122.968518,46.125674],[-122.968417,46.125662],[-122.968389,46.125584],[-122.968288,46.125572],[-122.968259,46.125494],[-122.968029,46.125481],[-122.968011,46.125411],[-122.9679,46.125391],[-122.967865,46.125311],[-122.96777,46.125301],[-122.967742,46.125224],[-122.967641,46.125211],[-122.967612,46.125134],[-122.967511,46.125121],[-122.967483,46.125044],[-122.967382,46.125031],[-122.967359,46.124957],[-122.967123,46.124941],[-122.9671,46.124867],[-122.966994,46.124851],[-122.966976,46.124781],[-122.966864,46.124761],[-122.96683,46.12468],[-122.966735,46.124671],[-122.966707,46.124593],[-122.966606,46.124581],[-122.966577,46.124503],[-122.966476,46.124491],[-122.96647,46.124254],[-122.966428,46.124225],[-122.966347,46.124221],[-122.966312,46.12414],[-122.966218,46.124131],[-122.966189,46.124053],[-122.966088,46.124041],[-122.966079,46.123889],[-122.966033,46.123863],[-122.965959,46.123861],[-122.965959,46.12364],[-122.965931,46.123603],[-122.9657,46.123591],[-122.965672,46.123513],[-122.965524,46.123487],[-122.96545,46.123516],[-122.965441,46.123591],[-122.965182,46.123591],[-122.96516,46.123516],[-122.965053,46.123501],[-122.96502,46.123406],[-122.964794,46.12341],[-122.964777,46.12334],[-122.964665,46.12332],[-122.96463,46.12324],[-122.964536,46.12323],[-122.964507,46.123153],[-122.964406,46.12314],[-122.964378,46.123063],[-122.964147,46.12305],[-122.964147,46.122919],[-122.964119,46.122883],[-122.963889,46.12287],[-122.963888,46.122725],[-122.963861,46.122689],[-122.96363,46.12269],[-122.963607,46.122616],[-122.9635,46.1226],[-122.9635,46.122469],[-122.963472,46.122432],[-122.963112,46.12242],[-122.963095,46.12235],[-122.962983,46.12233],[-122.962948,46.122249],[-122.962854,46.12224],[-122.962825,46.122162],[-122.962724,46.12215],[-122.962696,46.122072],[-122.962595,46.12206],[-122.962566,46.121982],[-122.962465,46.12197],[-122.962443,46.121896],[-122.962207,46.12188],[-122.962194,46.121814],[-122.962077,46.12179],[-122.962074,46.121738],[-122.962036,46.121706],[-122.961689,46.121699],[-122.961666,46.121625],[-122.96156,46.121609],[-122.961537,46.121355],[-122.96143,46.121339],[-122.961425,46.121283],[-122.961382,46.121254],[-122.961172,46.121249],[-122.961166,46.121103],[-122.961124,46.121073],[-122.961042,46.121069],[-122.961008,46.120988],[-122.960784,46.120979],[-122.960778,46.120923],[-122.960728,46.120891],[-122.960525,46.120889],[-122.960502,46.120815],[-122.960395,46.120799],[-122.960382,46.120733],[-122.960266,46.120709],[-122.960238,46.120631],[-122.960137,46.120619],[-122.960114,46.120455],[-122.960007,46.120439],[-122.960001,46.120382],[-122.959959,46.120353],[-122.959749,46.120349],[-122.959726,46.120185],[-122.95949,46.120169],[-122.959467,46.120095],[-122.959361,46.120079],[-122.959326,46.119998],[-122.959231,46.119989],[-122.959208,46.119824],[-122.958972,46.119808],[-122.95895,46.119734],[-122.958843,46.119718],[-122.95883,46.119652],[-122.958714,46.119628],[-122.958685,46.119551],[-122.958584,46.119538],[-122.958584,46.119407],[-122.958556,46.119371],[-122.958196,46.119358],[-122.958173,46.119284],[-122.958067,46.119268],[-122.958032,46.119187],[-122.957938,46.119178],[-122.957949,46.119028],[-122.957903,46.119001],[-122.957808,46.118998],[-122.957805,46.118946],[-122.957767,46.118914],[-122.957549,46.118908],[-122.957546,46.118856],[-122.957508,46.118824],[-122.957291,46.118818],[-122.957287,46.118766],[-122.95725,46.118734],[-122.957032,46.118728],[-122.957023,46.118666],[-122.956969,46.118639],[-122.956644,46.118638],[-122.956621,46.118563],[-122.956514,46.118548],[-122.956514,46.118458],[-122.956549,46.11841],[-122.956501,46.118302],[-122.956385,46.118277],[-122.956372,46.118212],[-122.956256,46.118187],[-122.956252,46.118136],[-122.956215,46.118104],[-122.955997,46.118097],[-122.955984,46.117941],[-122.955868,46.117917],[-122.955833,46.117836],[-122.955738,46.117827],[-122.95571,46.11775],[-122.955609,46.117737],[-122.9556,46.117586],[-122.955554,46.11756],[-122.95548,46.117557],[-122.95548,46.117467],[-122.955561,46.117463],[-122.955606,46.117429],[-122.955609,46.117287],[-122.955691,46.117283],[-122.955735,46.117249],[-122.955739,46.116837],[-122.955774,46.11679],[-122.955739,46.116747],[-122.95573,46.116596],[-122.955684,46.11657],[-122.95561,46.116567],[-122.955604,46.116331],[-122.955562,46.116301],[-122.955481,46.116297],[-122.955452,46.116219],[-122.955263,46.116213],[-122.955225,46.116245],[-122.955222,46.116297],[-122.95488,46.116288],[-122.954837,46.116322],[-122.954833,46.116387],[-122.954486,46.116393],[-122.954449,46.116425],[-122.954445,46.116477],[-122.954364,46.116481],[-122.954322,46.11651],[-122.954316,46.116657],[-122.954209,46.116672],[-122.954186,46.116747],[-122.95407,46.116771],[-122.954057,46.116837],[-122.953927,46.116836],[-122.953928,46.116387],[-122.954023,46.116377],[-122.954057,46.116297],[-122.954174,46.116273],[-122.954187,46.116027],[-122.954293,46.116011],[-122.954316,46.115937],[-122.954433,46.115913],[-122.954446,46.115847],[-122.95465,46.115845],[-122.954699,46.115814],[-122.954705,46.115757],[-122.954893,46.115757],[-122.95495,46.115733],[-122.954964,46.115451],[-122.954935,46.115409],[-122.954783,46.115397],[-122.954728,46.115413],[-122.954705,46.115577],[-122.954598,46.115593],[-122.954575,46.115667],[-122.953983,46.115669],[-122.953934,46.1157],[-122.953928,46.115756],[-122.953717,46.115761],[-122.953675,46.11579],[-122.953669,46.115846],[-122.953557,46.115866],[-122.95354,46.116428],[-122.95358,46.11647],[-122.953669,46.116477],[-122.953669,46.116566],[-122.953451,46.116573],[-122.953413,46.116605],[-122.95341,46.116656],[-122.953179,46.116669],[-122.953151,46.116746],[-122.953022,46.116746],[-122.953012,46.116685],[-122.952951,46.116656],[-122.952245,46.116656],[-122.952245,46.116386],[-122.952352,46.11637],[-122.952375,46.116296],[-122.952491,46.116272],[-122.952504,46.116206],[-122.952693,46.116206],[-122.95275,46.116182],[-122.952763,46.115846],[-122.952838,46.115844],[-122.952884,46.115818],[-122.952893,46.115666],[-122.952994,46.115654],[-122.953023,46.115576],[-122.953117,46.115567],[-122.953152,46.115486],[-122.953264,46.115467],[-122.953282,46.115306],[-122.953388,46.11529],[-122.953411,46.115216],[-122.953527,46.115192],[-122.953541,46.115126],[-122.953874,46.115124],[-122.953923,46.115093],[-122.953931,46.115037],[-122.954317,46.115037],[-122.954326,46.115098],[-122.954379,46.115126],[-122.95463,46.115141],[-122.954693,46.115116],[-122.954702,46.114895],[-122.954657,46.114861],[-122.954576,46.114857],[-122.954575,46.11463],[-122.954535,46.114593],[-122.954447,46.114587],[-122.954438,46.114435],[-122.954392,46.114409],[-122.954318,46.114407],[-122.954316,46.11409],[-122.954277,46.114053],[-122.954189,46.114047],[-122.954189,46.113957],[-122.954295,46.113941],[-122.954318,46.113867],[-122.95455,46.113868],[-122.954612,46.113734],[-122.954577,46.113687],[-122.954577,46.113597],[-122.954788,46.113593],[-122.95483,46.113564],[-122.954836,46.113507],[-122.95491,46.113505],[-122.954956,46.113478],[-122.954966,46.113147],[-122.95504,46.113145],[-122.955086,46.113118],[-122.955095,46.112967],[-122.95519,46.112958],[-122.955225,46.112877],[-122.955299,46.112875],[-122.955345,46.112849],[-122.955354,46.112697],[-122.955466,46.112677],[-122.955484,46.112517],[-122.955565,46.112513],[-122.95561,46.112479],[-122.955613,46.112247],[-122.955708,46.112238],[-122.955743,46.112157],[-122.955859,46.112133],[-122.955873,46.111977],[-122.955967,46.111968],[-122.956002,46.111887],[-122.956114,46.111868],[-122.956132,46.111707],[-122.956213,46.111703],[-122.956255,46.111674],[-122.956261,46.111527],[-122.956356,46.111518],[-122.956391,46.111437],[-122.956497,46.111422],[-122.95652,46.111258],[-122.956615,46.111248],[-122.95665,46.111168],[-122.956724,46.111165],[-122.95677,46.111139],[-122.956779,46.110808],[-122.956853,46.110805],[-122.956899,46.110779],[-122.956909,46.110628],[-122.957015,46.110612],[-122.957038,46.110538],[-122.957222,46.110552],[-122.95728,46.110531],[-122.957332,46.110405],[-122.957297,46.110358],[-122.957297,46.110268],[-122.957427,46.110268],[-122.957503,46.110291],[-122.957676,46.110239],[-122.957686,46.110088],[-122.95772,46.110045],[-122.957686,46.109998],[-122.957686,46.109728],[-122.957781,46.109719],[-122.957815,46.109638],[-122.95789,46.109636],[-122.957936,46.109609],[-122.957979,46.109506],[-122.957945,46.109458],[-122.957945,46.109368],[-122.958271,46.109367],[-122.958324,46.10934],[-122.958333,46.109278],[-122.958699,46.109262],[-122.958722,46.109188],[-122.958816,46.109179],[-122.958851,46.109098],[-122.958925,46.109096],[-122.958971,46.10907],[-122.958981,46.108918],[-122.959075,46.108909],[-122.95911,46.108828],[-122.959226,46.108804],[-122.95924,46.108648],[-122.959334,46.108639],[-122.959369,46.108559],[-122.959485,46.108535],[-122.959499,46.108379],[-122.959716,46.108372],[-122.959754,46.10834],[-122.959759,46.108289],[-122.959887,46.108289],[-122.959893,46.108345],[-122.959942,46.108376],[-122.960275,46.108379],[-122.960292,46.108449],[-122.960404,46.108469],[-122.960439,46.10855],[-122.960533,46.108559],[-122.960562,46.108637],[-122.960663,46.108649],[-122.960691,46.108727],[-122.960921,46.108739],[-122.960944,46.108813],[-122.961051,46.108829],[-122.961051,46.108919],[-122.960922,46.108919],[-122.960887,46.108838],[-122.960733,46.108829],[-122.960672,46.108857],[-122.960663,46.108919],[-122.960431,46.108918],[-122.960404,46.109009],[-122.960145,46.109009],[-122.960127,46.108848],[-122.960016,46.108829],[-122.959981,46.108748],[-122.95981,46.108715],[-122.959662,46.108748],[-122.959627,46.108829],[-122.959521,46.108844],[-122.959463,46.108966],[-122.959532,46.109089],[-122.959757,46.109099],[-122.959757,46.10923],[-122.959791,46.10927],[-122.960015,46.109279],[-122.960021,46.109335],[-122.96007,46.109366],[-122.960274,46.109369],[-122.96028,46.109425],[-122.960322,46.109455],[-122.960533,46.109459],[-122.960556,46.109533],[-122.960662,46.109549],[-122.96068,46.109619],[-122.960791,46.109639],[-122.960826,46.10972],[-122.960921,46.109729],[-122.960949,46.109807],[-122.96105,46.109819],[-122.96105,46.10995],[-122.961085,46.10999],[-122.961438,46.109999],[-122.961456,46.110069],[-122.961568,46.110089],[-122.961602,46.11017],[-122.961697,46.110179],[-122.96172,46.110253],[-122.961956,46.110269],[-122.961973,46.11034],[-122.962085,46.110359],[-122.962098,46.110425],[-122.962214,46.11045],[-122.962249,46.11053],[-122.962423,46.110539],[-122.962476,46.110519],[-122.962456,46.110199],[-122.962344,46.110179],[-122.962338,46.110123],[-122.962289,46.110092],[-122.961956,46.110089],[-122.961956,46.109999],[-122.962068,46.10998],[-122.962119,46.109872],[-122.962086,46.109819],[-122.962073,46.10965],[-122.96201,46.109626],[-122.961882,46.109642],[-122.961833,46.109673],[-122.961827,46.109729],[-122.961697,46.109729],[-122.961684,46.109573],[-122.961568,46.109549],[-122.961534,46.109468],[-122.961439,46.109459],[-122.961439,46.109369],[-122.961827,46.109369],[-122.96183,46.109421],[-122.961868,46.109453],[-122.962086,46.109459],[-122.962103,46.10953],[-122.962215,46.10955],[-122.962249,46.10963],[-122.962344,46.10964],[-122.962373,46.109717],[-122.962474,46.10973],[-122.962502,46.109807],[-122.962732,46.10982],[-122.96275,46.10989],[-122.962862,46.10991],[-122.962896,46.109991],[-122.962991,46.11],[-122.963019,46.110077],[-122.96325,46.11009],[-122.963273,46.110164],[-122.963379,46.11018],[-122.963379,46.11036],[-122.963284,46.110369],[-122.96325,46.11045],[-122.963133,46.110474],[-122.96312,46.11063],[-122.962884,46.110646],[-122.962861,46.11081],[-122.96278,46.110814],[-122.962735,46.110848],[-122.962732,46.11099],[-122.962501,46.111002],[-122.962473,46.111038],[-122.962473,46.11117],[-122.962372,46.111182],[-122.962343,46.111259],[-122.962248,46.111269],[-122.962214,46.111349],[-122.962139,46.111352],[-122.962094,46.111378],[-122.962084,46.111529],[-122.961972,46.111549],[-122.961955,46.111709],[-122.961873,46.111714],[-122.961829,46.111748],[-122.961825,46.112021],[-122.961866,46.112063],[-122.961954,46.112069],[-122.961983,46.112147],[-122.962084,46.11216],[-122.962101,46.11232],[-122.962213,46.11234],[-122.962248,46.11242],[-122.962342,46.11243],[-122.962371,46.112507],[-122.962472,46.11252],[-122.962472,46.112651],[-122.962506,46.112691],[-122.962922,46.112713],[-122.962984,46.11268],[-122.962989,46.11261],[-122.963248,46.11261],[-122.963271,46.112684],[-122.963377,46.1127],[-122.9634,46.112864],[-122.963507,46.11288],[-122.96352,46.112946],[-122.963636,46.11297],[-122.963639,46.113022],[-122.963677,46.113054],[-122.963895,46.11306],[-122.963895,46.113191],[-122.963923,46.113228],[-122.964085,46.113264],[-122.964154,46.11324],[-122.964283,46.11324],[-122.964266,46.11347],[-122.96431,46.113506],[-122.964412,46.11351],[-122.964412,46.1136],[-122.964223,46.1136],[-122.964171,46.11362],[-122.964157,46.113832],[-122.964208,46.113868],[-122.96435,46.113869],[-122.964403,46.113842],[-122.964412,46.11378],[-122.964541,46.11378],[-122.964541,46.11396],[-122.964425,46.113984],[-122.964415,46.114102],[-122.96446,46.114136],[-122.964541,46.11414],[-122.964545,46.114192],[-122.964582,46.114224],[-122.9648,46.11423],[-122.9648,46.11432],[-122.964693,46.114336],[-122.96467,46.11441],[-122.964541,46.11441],[-122.964528,46.114344],[-122.964412,46.11432],[-122.964383,46.114243],[-122.964192,46.114223],[-122.964154,46.11426],[-122.964153,46.11441],[-122.964118,46.114453],[-122.96417,46.11457],[-122.964282,46.11459],[-122.9643,46.11466],[-122.964411,46.11468],[-122.964429,46.114751],[-122.964541,46.11477],[-122.964554,46.114836],[-122.96467,46.11486],[-122.964674,46.114912],[-122.964711,46.114944],[-122.965003,46.114948],[-122.965053,46.114917],[-122.965059,46.114861],[-122.965188,46.114861],[-122.965191,46.114912],[-122.965229,46.114944],[-122.965447,46.114951],[-122.965453,46.115007],[-122.965502,46.115038],[-122.965705,46.115041],[-122.965728,46.115205],[-122.965964,46.115221],[-122.965987,46.115295],[-122.966093,46.115311],[-122.966128,46.115392],[-122.966223,46.115401],[-122.966226,46.115543],[-122.966271,46.115577],[-122.966352,46.115581],[-122.966352,46.115671],[-122.966257,46.11568],[-122.966223,46.115761],[-122.966148,46.115763],[-122.966102,46.115789],[-122.966102,46.116002],[-122.966156,46.11603],[-122.966352,46.116031],[-122.966355,46.116173],[-122.9664,46.116207],[-122.966481,46.116211],[-122.966494,46.116367],[-122.966551,46.116391],[-122.96674,46.116391],[-122.966753,46.116547],[-122.966869,46.116571],[-122.966904,46.116652],[-122.966998,46.116661],[-122.967027,46.116739],[-122.967128,46.116751],[-122.967156,46.116829],[-122.967257,46.116841],[-122.96728,46.117005],[-122.967387,46.117021],[-122.967404,46.117091],[-122.967516,46.117111],[-122.96755,46.117192],[-122.967645,46.117201],[-122.967674,46.117279],[-122.967775,46.117291],[-122.967803,46.117369],[-122.967904,46.117381],[-122.967922,46.117542],[-122.968033,46.117561],[-122.968039,46.117618],[-122.968081,46.117647],[-122.968292,46.117652],[-122.96831,46.117812],[-122.968421,46.117832],[-122.968456,46.117912],[-122.968551,46.117922],[-122.968579,46.117999],[-122.96868,46.118012],[-122.968709,46.118089],[-122.96881,46.118102],[-122.968838,46.118179],[-122.968939,46.118192],[-122.968967,46.118269],[-122.969327,46.118282],[-122.96934,46.118618],[-122.969456,46.118642],[-122.969491,46.118723],[-122.969586,46.118732],[-122.969614,46.11881],[-122.969715,46.118822],[-122.969744,46.1189],[-122.969844,46.118912],[-122.969873,46.11899],[-122.969974,46.119002],[-122.970002,46.11908],[-122.970103,46.119092],[-122.970126,46.119166],[-122.970233,46.119182],[-122.970255,46.119256],[-122.970362,46.119272],[-122.97039,46.11935],[-122.970621,46.119362],[-122.970624,46.119504],[-122.970669,46.119538],[-122.97075,46.119542],[-122.970773,46.119706],[-122.971009,46.119722],[-122.971015,46.119779],[-122.971064,46.11981],[-122.971268,46.119812],[-122.971281,46.119878],[-122.971397,46.119902],[-122.971403,46.119959],[-122.971445,46.119988],[-122.971785,46.119992],[-122.971791,46.120139],[-122.971833,46.120168],[-122.971915,46.120173],[-122.971949,46.120253],[-122.972044,46.120263],[-122.972062,46.120423],[-122.972173,46.120443],[-122.972179,46.120499],[-122.972221,46.120528],[-122.972432,46.120533],[-122.972438,46.120679],[-122.97248,46.120708],[-122.972561,46.120713],[-122.972596,46.120794],[-122.97282,46.120803],[-122.97282,46.120893],[-122.972786,46.12094],[-122.97282,46.120983],[-122.972822,46.121119],[-122.972861,46.121156],[-122.972949,46.121163],[-122.972972,46.121237],[-122.973146,46.121252],[-122.973199,46.121224],[-122.973209,46.121163],[-122.973467,46.121163],[-122.973467,46.121253],[-122.973358,46.121259],[-122.973319,46.121314],[-122.97336,46.121417],[-122.973507,46.121446],[-122.973584,46.121422],[-122.973597,46.121343],[-122.973985,46.121343],[-122.974008,46.121417],[-122.974114,46.121433],[-122.974114,46.121523],[-122.97408,46.121565],[-122.974114,46.121613],[-122.974114,46.121703],[-122.97404,46.121705],[-122.973994,46.121732],[-122.973985,46.121883],[-122.973855,46.121883],[-122.973794,46.121859],[-122.973726,46.121883],[-122.973467,46.121883],[-122.973458,46.121731],[-122.973412,46.121705],[-122.973338,46.121703],[-122.973303,46.121622],[-122.973208,46.121613],[-122.97318,46.121535],[-122.973079,46.121523],[-122.973056,46.121359],[-122.97295,46.121343],[-122.972932,46.121272],[-122.97282,46.121253],[-122.972803,46.121182],[-122.972691,46.121163],[-122.972678,46.121097],[-122.972561,46.121073],[-122.972527,46.120992],[-122.972371,46.120958],[-122.972302,46.120982],[-122.972173,46.120982],[-122.972173,46.120851],[-122.972139,46.120812],[-122.971914,46.120802],[-122.971908,46.120746],[-122.971859,46.120715],[-122.971656,46.120712],[-122.971654,46.120486],[-122.971615,46.120449],[-122.971526,46.120442],[-122.971509,46.120282],[-122.971397,46.120262],[-122.971391,46.120206],[-122.971349,46.120176],[-122.971138,46.120172],[-122.971115,46.120008],[-122.970879,46.119992],[-122.970862,46.119922],[-122.97075,46.119902],[-122.970732,46.119832],[-122.970621,46.119812],[-122.970603,46.119742],[-122.970491,46.119722],[-122.970474,46.119652],[-122.970362,46.119632],[-122.970353,46.119571],[-122.970299,46.119543],[-122.970144,46.119548],[-122.970106,46.11958],[-122.970103,46.119632],[-122.969991,46.119652],[-122.969973,46.119812],[-122.969867,46.119828],[-122.969844,46.119902],[-122.969626,46.119908],[-122.969588,46.11994],[-122.969585,46.119992],[-122.969326,46.119992],[-122.969304,46.119918],[-122.969197,46.119902],[-122.969197,46.119812],[-122.969232,46.119764],[-122.969197,46.119722],[-122.969179,46.119561],[-122.969127,46.119542],[-122.968938,46.119542],[-122.968932,46.119485],[-122.968883,46.119454],[-122.968714,46.119461],[-122.968679,46.119542],[-122.968584,46.119551],[-122.96855,46.119632],[-122.968476,46.119634],[-122.96843,46.11966],[-122.96842,46.119811],[-122.968319,46.119824],[-122.968291,46.119901],[-122.96819,46.119914],[-122.968161,46.119991],[-122.96806,46.120004],[-122.968032,46.120081],[-122.967944,46.120088],[-122.967904,46.120125],[-122.967883,46.120211],[-122.96791,46.120249],[-122.968161,46.120262],[-122.968161,46.120531],[-122.968045,46.120555],[-122.968032,46.120663],[-122.968073,46.120705],[-122.968161,46.120712],[-122.968189,46.120789],[-122.96829,46.120802],[-122.96829,46.120891],[-122.967514,46.120891],[-122.967479,46.12081],[-122.967325,46.120802],[-122.967256,46.120845],[-122.967273,46.120961],[-122.967384,46.120981],[-122.967402,46.121052],[-122.967514,46.121071],[-122.967531,46.121142],[-122.967643,46.121161],[-122.967656,46.121227],[-122.967772,46.121251],[-122.967778,46.121308],[-122.967827,46.121339],[-122.967997,46.121332],[-122.968031,46.121252],[-122.968288,46.121252],[-122.968325,46.121332],[-122.968479,46.121341],[-122.96854,46.121313],[-122.968549,46.121252],[-122.968678,46.121252],[-122.968667,46.121533],[-122.968549,46.121522],[-122.968543,46.121465],[-122.968494,46.121434],[-122.968231,46.121432],[-122.968164,46.12147],[-122.968166,46.121578],[-122.968208,46.121607],[-122.96829,46.121612],[-122.968299,46.121673],[-122.96836,46.121701],[-122.96863,46.121698],[-122.968672,46.121668],[-122.968689,46.121601],[-122.968937,46.121612],[-122.968937,46.121702],[-122.968902,46.121749],[-122.968943,46.121848],[-122.968985,46.121878],[-122.969066,46.121882],[-122.969075,46.121943],[-122.969136,46.121972],[-122.969297,46.12196],[-122.969325,46.121882],[-122.96942,46.121873],[-122.969455,46.121792],[-122.969566,46.121772],[-122.969584,46.121702],[-122.96982,46.121686],[-122.969843,46.121612],[-122.969944,46.1216],[-122.969973,46.121522],[-122.970067,46.121513],[-122.970102,46.121432],[-122.970176,46.12143],[-122.970222,46.121404],[-122.970232,46.121162],[-122.970377,46.12117],[-122.970361,46.121432],[-122.970266,46.121441],[-122.970231,46.121522],[-122.970115,46.121546],[-122.970102,46.121702],[-122.969995,46.121718],[-122.969961,46.121803],[-122.969791,46.121792],[-122.969736,46.121808],[-122.969713,46.121972],[-122.969483,46.121984],[-122.969455,46.122021],[-122.96946,46.122119],[-122.969502,46.122148],[-122.969637,46.122175],[-122.969808,46.122143],[-122.969843,46.122062],[-122.969938,46.12206],[-122.969984,46.122032],[-122.969983,46.121871],[-122.970247,46.12189],[-122.970211,46.122096],[-122.970251,46.122145],[-122.970429,46.122176],[-122.970612,46.122139],[-122.970639,46.122096],[-122.970607,46.121893],[-122.970552,46.121869],[-122.970345,46.121874],[-122.970361,46.121702],[-122.970435,46.1217],[-122.970481,46.121674],[-122.97049,46.121522],[-122.97062,46.121522],[-122.970642,46.121596],[-122.970749,46.121612],[-122.970762,46.121678],[-122.970878,46.121702],[-122.970907,46.12178],[-122.971008,46.121792],[-122.971008,46.121882],[-122.970817,46.121869],[-122.970758,46.121897],[-122.97075,46.122019],[-122.970797,46.122058],[-122.970947,46.122086],[-122.971096,46.122056],[-122.971137,46.122014],[-122.971121,46.12189],[-122.971348,46.121878],[-122.97139,46.121849],[-122.971396,46.121792],[-122.971515,46.121781],[-122.971525,46.121882],[-122.971431,46.121891],[-122.971396,46.121972],[-122.971284,46.121992],[-122.971247,46.122096],[-122.971287,46.122146],[-122.971396,46.122152],[-122.971399,46.122294],[-122.971444,46.122328],[-122.971525,46.122332],[-122.971525,46.122422],[-122.971294,46.122421],[-122.971267,46.122457],[-122.971266,46.122602],[-122.971165,46.122615],[-122.971137,46.122692],[-122.971042,46.122701],[-122.971007,46.122746],[-122.97103,46.122946],[-122.971395,46.122962],[-122.971401,46.123032],[-122.971456,46.123065],[-122.971654,46.123052],[-122.971731,46.123076],[-122.971818,46.123015],[-122.971784,46.122962],[-122.971775,46.122721],[-122.971721,46.122693],[-122.971525,46.122692],[-122.971525,46.122602],[-122.972361,46.122602],[-122.972425,46.122569],[-122.972431,46.122381],[-122.972403,46.122345],[-122.972043,46.122332],[-122.972043,46.122063],[-122.972172,46.122063],[-122.972176,46.122204],[-122.972243,46.122242],[-122.972526,46.122234],[-122.972559,46.122199],[-122.972559,46.122106],[-122.97252,46.122069],[-122.972432,46.122063],[-122.972403,46.121985],[-122.972302,46.121973],[-122.972268,46.121892],[-122.972043,46.121882],[-122.97204,46.121651],[-122.971995,46.121617],[-122.971914,46.121612],[-122.971879,46.121532],[-122.971669,46.121532],[-122.971635,46.121573],[-122.971655,46.121702],[-122.971537,46.121713],[-122.971485,46.121619],[-122.971267,46.121612],[-122.971267,46.121522],[-122.971348,46.121518],[-122.971393,46.121484],[-122.971416,46.121393],[-122.971383,46.121352],[-122.971008,46.121342],[-122.971007,46.121206],[-122.970946,46.121163],[-122.970797,46.121166],[-122.970755,46.121196],[-122.970749,46.121252],[-122.97062,46.121252],[-122.970597,46.121178],[-122.970475,46.121154],[-122.970491,46.121072],[-122.970597,46.121056],[-122.97062,46.120982],[-122.970736,46.120958],[-122.97075,46.120892],[-122.970879,46.120892],[-122.970885,46.120949],[-122.970934,46.12098],[-122.971138,46.120982],[-122.971119,46.121117],[-122.971188,46.121162],[-122.971355,46.121156],[-122.971393,46.121124],[-122.971397,46.121072],[-122.971513,46.121048],[-122.971526,46.120982],[-122.971655,46.120982],[-122.971678,46.121147],[-122.971785,46.121162],[-122.971802,46.121233],[-122.971914,46.121253],[-122.971949,46.121333],[-122.972043,46.121343],[-122.972072,46.12142],[-122.972173,46.121433],[-122.972201,46.12151],[-122.972302,46.121523],[-122.972331,46.1216],[-122.972561,46.121613],[-122.972561,46.121703],[-122.97248,46.121707],[-122.972435,46.121741],[-122.972449,46.121863],[-122.972561,46.121883],[-122.97257,46.121944],[-122.972631,46.121972],[-122.972785,46.121964],[-122.97282,46.121883],[-122.972949,46.121883],[-122.972972,46.121957],[-122.973079,46.121973],[-122.973075,46.122132],[-122.973208,46.122153],[-122.973226,46.122223],[-122.973337,46.122243],[-122.97335,46.122309],[-122.973467,46.122333],[-122.973473,46.12239],[-122.973515,46.122419],[-122.973697,46.122411],[-122.973726,46.122333],[-122.973842,46.122309],[-122.973855,46.122243],[-122.974193,46.122243],[-122.974247,46.122222],[-122.974263,46.122187],[-122.974234,46.122092],[-122.974188,46.122065],[-122.974114,46.122063],[-122.974114,46.121883],[-122.974373,46.121883],[-122.974376,46.121935],[-122.974414,46.121967],[-122.974632,46.121973],[-122.974654,46.122047],[-122.974761,46.122063],[-122.974753,46.122218],[-122.974796,46.122241],[-122.97489,46.122243],[-122.974896,46.1223],[-122.974938,46.122329],[-122.975216,46.122332],[-122.97527,46.122305],[-122.975279,46.122243],[-122.975538,46.122243],[-122.975566,46.122321],[-122.975796,46.122333],[-122.975819,46.122408],[-122.975926,46.122423],[-122.97596,46.122504],[-122.976055,46.122513],[-122.976068,46.122669],[-122.976185,46.122694],[-122.976219,46.122774],[-122.976314,46.122784],[-122.976342,46.122861],[-122.976443,46.122874],[-122.976472,46.122951],[-122.976702,46.122964],[-122.976705,46.123195],[-122.97675,46.123229],[-122.976832,46.123235],[-122.976831,46.123414],[-122.976757,46.123416],[-122.976711,46.123442],[-122.97672,46.123574],[-122.976831,46.123594],[-122.976844,46.12366],[-122.976961,46.123684],[-122.976967,46.12374],[-122.977009,46.12377],[-122.977478,46.123774],[-122.977478,46.123864],[-122.977444,46.123911],[-122.977484,46.12401],[-122.977526,46.12404],[-122.977608,46.124044],[-122.977642,46.124125],[-122.977737,46.124134],[-122.97775,46.12429],[-122.977866,46.124314],[-122.977872,46.12437],[-122.977914,46.1244],[-122.978125,46.124404],[-122.978135,46.124555],[-122.97818,46.124582],[-122.978255,46.124584],[-122.978289,46.124665],[-122.978384,46.124674],[-122.978388,46.124726],[-122.978425,46.124758],[-122.978832,46.124764],[-122.978879,46.124748],[-122.978902,46.12471],[-122.978893,46.124613],[-122.978847,46.124586],[-122.978773,46.124584],[-122.978744,46.124506],[-122.978514,46.124494],[-122.978491,46.12442],[-122.978384,46.124404],[-122.978371,46.124338],[-122.978255,46.124314],[-122.978227,46.124236],[-122.978126,46.124224],[-122.978126,46.124044],[-122.978373,46.124033],[-122.978407,46.124118],[-122.978514,46.124134],[-122.978515,46.12427],[-122.978569,46.124312],[-122.978732,46.124308],[-122.978769,46.124276],[-122.978773,46.124224],[-122.978854,46.12422],[-122.978899,46.124186],[-122.978893,46.124073],[-122.978847,46.124046],[-122.978773,46.124044],[-122.978738,46.123963],[-122.978575,46.12393],[-122.978395,46.123965],[-122.978362,46.12388],[-122.978255,46.123864],[-122.978255,46.123774],[-122.97835,46.123765],[-122.978385,46.123684],[-122.978466,46.12368],[-122.978508,46.123651],[-122.978514,46.123414],[-122.978902,46.123414],[-122.97892,46.123484],[-122.979032,46.123504],[-122.979066,46.123585],[-122.979161,46.123594],[-122.97919,46.123672],[-122.97942,46.123684],[-122.979429,46.123836],[-122.979475,46.123862],[-122.979549,46.123864],[-122.979567,46.124024],[-122.979679,46.124044],[-122.979679,46.124224],[-122.979584,46.124233],[-122.979549,46.124314],[-122.979437,46.124334],[-122.97942,46.124494],[-122.979338,46.124498],[-122.979296,46.124527],[-122.979256,46.124627],[-122.97929,46.124674],[-122.97929,46.124854],[-122.979161,46.124854],[-122.979155,46.124797],[-122.979113,46.124768],[-122.978964,46.124765],[-122.978908,46.124797],[-122.978868,46.124907],[-122.978919,46.125014],[-122.979031,46.125034],[-122.979049,46.125194],[-122.979101,46.125214],[-122.97929,46.125214],[-122.979308,46.125284],[-122.979419,46.125304],[-122.979454,46.125385],[-122.979549,46.125394],[-122.979577,46.125472],[-122.979678,46.125484],[-122.979707,46.125562],[-122.979909,46.125562],[-122.97997,46.125426],[-122.979903,46.125313],[-122.979678,46.125304],[-122.979656,46.12523],[-122.979549,46.125214],[-122.979549,46.125124],[-122.979773,46.125115],[-122.979808,46.125034],[-122.979924,46.12501],[-122.979937,46.124944],[-122.980049,46.124924],[-122.980067,46.124854],[-122.980196,46.124854],[-122.980196,46.124944],[-122.980162,46.124992],[-122.980219,46.125108],[-122.980325,46.125124],[-122.980331,46.125181],[-122.980373,46.12521],[-122.980584,46.125214],[-122.98059,46.125271],[-122.980632,46.1253],[-122.980843,46.125304],[-122.980843,46.125484],[-122.980811,46.125543],[-122.980866,46.125649],[-122.980972,46.125664],[-122.980995,46.125739],[-122.981231,46.125755],[-122.981244,46.12582],[-122.981361,46.125845],[-122.981367,46.125901],[-122.981416,46.125932],[-122.981878,46.125935],[-122.981901,46.126009],[-122.982008,46.126025],[-122.982026,46.126095],[-122.982137,46.126115],[-122.982172,46.126196],[-122.982267,46.126205],[-122.982295,46.126282],[-122.982396,46.126295],[-122.982397,46.126426],[-122.982425,46.126462],[-122.982784,46.126475],[-122.982798,46.126541],[-122.982914,46.126565],[-122.982948,46.126646],[-122.983173,46.126655],[-122.98319,46.126815],[-122.983243,46.126835],[-122.983431,46.126835],[-122.983449,46.126905],[-122.983561,46.126925],[-122.983574,46.126991],[-122.98369,46.127015],[-122.983725,46.127096],[-122.984038,46.127099],[-122.984075,46.127067],[-122.984079,46.127015],[-122.984195,46.126991],[-122.984208,46.126925],[-122.984596,46.126925],[-122.984614,46.127085],[-122.984726,46.127105],[-122.98476,46.127186],[-122.984855,46.127195],[-122.984884,46.127273],[-122.984985,46.127285],[-122.985013,46.127363],[-122.985114,46.127375],[-122.985114,46.127555],[-122.985019,46.127564],[-122.984985,46.127645],[-122.984868,46.127669],[-122.984868,46.127801],[-122.984984,46.127825],[-122.98499,46.127882],[-122.98504,46.127913],[-122.985502,46.127915],[-122.985502,46.128095],[-122.985386,46.128119],[-122.985373,46.128226],[-122.985414,46.128269],[-122.985502,46.128275],[-122.985511,46.128517],[-122.985557,46.128543],[-122.985632,46.128545],[-122.985631,46.128725],[-122.985537,46.128734],[-122.985502,46.128779],[-122.985505,46.128957],[-122.98555,46.128991],[-122.985631,46.128995],[-122.985631,46.129085],[-122.985373,46.129085],[-122.98536,46.128839],[-122.985295,46.128815],[-122.985176,46.128816],[-122.985127,46.128839],[-122.985095,46.1294],[-122.985141,46.129441],[-122.985243,46.129445],[-122.985246,46.129677],[-122.985291,46.129711],[-122.985372,46.129715],[-122.985372,46.129805],[-122.985291,46.129809],[-122.985249,46.129838],[-122.985246,46.129947],[-122.985291,46.129981],[-122.985372,46.129985],[-122.985373,46.13013],[-122.985405,46.130169],[-122.98589,46.130165],[-122.98589,46.130255],[-122.985783,46.130271],[-122.98576,46.130345],[-122.985644,46.130369],[-122.985631,46.130435],[-122.985401,46.130447],[-122.985372,46.130525],[-122.985256,46.130549],[-122.985243,46.130615],[-122.984924,46.130615],[-122.984867,46.130639],[-122.984854,46.131155],[-122.98482,46.131198],[-122.984854,46.131245],[-122.984854,46.131335],[-122.984725,46.131335],[-122.984702,46.131261],[-122.98458,46.131237],[-122.984589,46.131098],[-122.984547,46.131069],[-122.984466,46.131065],[-122.984431,46.130984],[-122.984148,46.130975],[-122.984087,46.131004],[-122.984077,46.131065],[-122.983966,46.131085],[-122.983948,46.131155],[-122.983582,46.131171],[-122.98356,46.131204],[-122.983563,46.1314],[-122.983627,46.131438],[-122.983771,46.131421],[-122.983813,46.131392],[-122.983819,46.131335],[-122.984049,46.131323],[-122.984078,46.131245],[-122.984482,46.131253],[-122.984466,46.131335],[-122.98414,46.131336],[-122.984087,46.131364],[-122.984077,46.131425],[-122.983841,46.131441],[-122.983784,46.131557],[-122.983836,46.131675],[-122.983888,46.131695],[-122.984077,46.131695],[-122.984058,46.13183],[-122.984127,46.131875],[-122.984418,46.131871],[-122.98446,46.131842],[-122.984466,46.131785],[-122.984983,46.131785],[-122.984997,46.131941],[-122.985113,46.131965],[-122.985147,46.132046],[-122.985242,46.132055],[-122.985242,46.132145],[-122.985161,46.132149],[-122.985119,46.132178],[-122.985116,46.132287],[-122.985161,46.132321],[-122.985242,46.132325],[-122.985277,46.132406],[-122.985372,46.132415],[-122.985389,46.132575],[-122.985501,46.132595],[-122.985504,46.13266],[-122.985547,46.132694],[-122.98576,46.132685],[-122.985769,46.132747],[-122.985822,46.132774],[-122.985971,46.132771],[-122.986013,46.132742],[-122.986019,46.132685],[-122.986148,46.132685],[-122.986148,46.132775],[-122.986114,46.132823],[-122.986177,46.132943],[-122.986339,46.132979],[-122.986407,46.132955],[-122.986537,46.132955],[-122.98654,46.133007],[-122.986578,46.133039],[-122.986795,46.133045],[-122.986805,46.133287],[-122.986851,46.133313],[-122.986925,46.133315],[-122.986959,46.133396],[-122.987054,46.133405],[-122.987054,46.133495],[-122.986948,46.133511],[-122.986892,46.133617],[-122.986934,46.133737],[-122.986987,46.133764],[-122.987184,46.133765],[-122.98719,46.133822],[-122.987239,46.133853],[-122.987443,46.133855]],[[-122.957601,46.116748],[-122.958152,46.116757],[-122.958198,46.116713],[-122.958192,46.116512],[-122.95815,46.116482],[-122.958053,46.116471],[-122.958069,46.116298],[-122.958157,46.116292],[-122.958197,46.116255],[-122.958197,46.116162],[-122.958164,46.116127],[-122.957979,46.116111],[-122.957943,46.116143],[-122.95794,46.116208],[-122.957722,46.116214],[-122.957684,46.116246],[-122.957681,46.116298],[-122.957034,46.116298],[-122.957034,46.116063],[-122.956994,46.116021],[-122.956387,46.116027],[-122.956387,46.115938],[-122.956583,46.115937],[-122.956637,46.115909],[-122.956681,46.115805],[-122.956646,46.115758],[-122.956646,46.115668],[-122.956762,46.115644],[-122.956793,46.115527],[-122.956748,46.115492],[-122.956646,46.115488],[-122.956637,46.115336],[-122.956591,46.11531],[-122.956517,46.115307],[-122.956514,46.114986],[-122.956469,46.114952],[-122.956388,46.114947],[-122.956379,46.114706],[-122.956333,46.11468],[-122.956259,46.114677],[-122.956259,46.114587],[-122.956361,46.114583],[-122.956405,46.114548],[-122.956376,46.114418],[-122.956313,46.114394],[-122.956184,46.11441],[-122.956135,46.114441],[-122.956129,46.114497],[-122.955905,46.114506],[-122.95587,46.114587],[-122.955769,46.1146],[-122.955741,46.114677],[-122.955646,46.114686],[-122.955611,46.114767],[-122.955495,46.114791],[-122.955482,46.114947],[-122.955387,46.114956],[-122.955352,46.115037],[-122.955271,46.115041],[-122.955229,46.11507],[-122.955224,46.115354],[-122.955264,46.115391],[-122.955352,46.115397],[-122.955352,46.115486],[-122.955257,46.115489],[-122.955208,46.115522],[-122.955222,46.115756],[-122.955188,46.115805],[-122.955222,46.115847],[-122.955231,46.115999],[-122.955277,46.116025],[-122.955351,46.116027],[-122.955357,46.116084],[-122.955407,46.116115],[-122.95554,46.116117],[-122.955593,46.116097],[-122.955611,46.115937],[-122.955869,46.115937],[-122.955869,46.116027],[-122.955757,46.116047],[-122.955706,46.116154],[-122.95574,46.116207],[-122.95574,46.116519],[-122.95578,46.116561],[-122.955869,46.116567],[-122.955886,46.116728],[-122.955998,46.116747],[-122.956011,46.116903],[-122.956196,46.116952],[-122.956377,46.116899],[-122.956386,46.116748],[-122.956421,46.116705],[-122.956386,46.116657],[-122.956385,46.116521],[-122.956345,46.116484],[-122.956257,46.116477],[-122.956257,46.116388],[-122.956475,46.116381],[-122.956513,46.116349],[-122.956516,46.116298],[-122.956645,46.116298],[-122.956659,46.116364],[-122.956775,46.116388],[-122.956798,46.116462],[-122.956958,46.116501],[-122.957036,46.116478],[-122.957939,46.116478],[-122.957939,46.116568],[-122.95758,46.11658],[-122.957536,46.116713],[-122.957601,46.116748]],[[-122.956175,46.117283],[-122.956318,46.117301],[-122.956373,46.117277],[-122.956383,46.117146],[-122.956331,46.11711],[-122.956182,46.11711],[-122.95613,46.117146],[-122.95613,46.117249],[-122.956175,46.117283]],[[-122.963118,46.1145],[-122.963137,46.11446],[-122.963116,46.114426],[-122.962988,46.11441],[-122.962975,46.114254],[-122.962859,46.11423],[-122.962862,46.11407],[-122.962809,46.11405],[-122.962471,46.11405],[-122.962458,46.113804],[-122.962342,46.11378],[-122.962307,46.113699],[-122.962212,46.113689],[-122.962184,46.113612],[-122.962083,46.113599],[-122.962054,46.113522],[-122.961954,46.113509],[-122.96195,46.113368],[-122.961906,46.113334],[-122.961824,46.113329],[-122.961815,46.113178],[-122.961769,46.113152],[-122.961695,46.113149],[-122.96166,46.113068],[-122.96155,46.113052],[-122.96156,46.112913],[-122.961518,46.112883],[-122.961436,46.112879],[-122.961437,46.112519],[-122.96164,46.112517],[-122.961695,46.112471],[-122.961682,46.112363],[-122.961566,46.112339],[-122.961553,46.112003],[-122.961496,46.11198],[-122.961308,46.111979],[-122.961302,46.111923],[-122.961252,46.111892],[-122.961049,46.111889],[-122.961026,46.111815],[-122.960919,46.111799],[-122.960906,46.111733],[-122.96079,46.111709],[-122.960762,46.111631],[-122.960661,46.111619],[-122.960643,46.111459],[-122.960591,46.111439],[-122.960402,46.111439],[-122.960385,46.111279],[-122.960273,46.111259],[-122.960238,46.111178],[-122.960144,46.111169],[-122.960115,46.111091],[-122.960014,46.111079],[-122.960011,46.110937],[-122.959966,46.110903],[-122.959885,46.110899],[-122.959862,46.110735],[-122.959695,46.110695],[-122.959626,46.110719],[-122.959497,46.110718],[-122.959493,46.110667],[-122.959456,46.110635],[-122.959238,46.110628],[-122.959215,46.110554],[-122.959109,46.110538],[-122.959074,46.110458],[-122.958979,46.110448],[-122.958957,46.110284],[-122.958721,46.110268],[-122.958698,46.110194],[-122.958591,46.110178],[-122.958557,46.110097],[-122.958462,46.110088],[-122.958445,46.109658],[-122.958385,46.109638],[-122.958109,46.109647],[-122.958074,46.109687],[-122.958074,46.109818],[-122.957962,46.109838],[-122.957911,46.109945],[-122.957944,46.109998],[-122.957944,46.110268],[-122.95787,46.11027],[-122.957824,46.110296],[-122.957815,46.110448],[-122.957714,46.11046],[-122.957685,46.110538],[-122.95759,46.110547],[-122.957556,46.110628],[-122.957474,46.110632],[-122.95743,46.110666],[-122.957439,46.110964],[-122.957489,46.110987],[-122.957685,46.110988],[-122.957746,46.111012],[-122.957921,46.110972],[-122.957944,46.110808],[-122.958032,46.110802],[-122.958072,46.110765],[-122.958074,46.110358],[-122.95818,46.110342],[-122.958203,46.110268],[-122.958462,46.110268],[-122.958468,46.110415],[-122.95851,46.110444],[-122.958591,46.110448],[-122.958619,46.110526],[-122.95885,46.110538],[-122.958867,46.110609],[-122.958979,46.110628],[-122.958997,46.110699],[-122.959108,46.110718],[-122.959122,46.110784],[-122.959238,46.110809],[-122.959272,46.110889],[-122.959497,46.110899],[-122.959506,46.11105],[-122.959552,46.111076],[-122.959626,46.111079],[-122.959626,46.111385],[-122.959648,46.111423],[-122.960014,46.111439],[-122.960037,46.111513],[-122.960143,46.111529],[-122.960161,46.111599],[-122.960272,46.111619],[-122.960307,46.1117],[-122.960402,46.111709],[-122.96043,46.111787],[-122.960531,46.111799],[-122.96056,46.111877],[-122.96066,46.111889],[-122.960689,46.111967],[-122.96079,46.111979],[-122.960803,46.112135],[-122.960919,46.112159],[-122.960954,46.11224],[-122.961048,46.112249],[-122.961048,46.112699],[-122.960942,46.112715],[-122.960919,46.112789],[-122.960464,46.11279],[-122.96041,46.112817],[-122.960401,46.112879],[-122.960272,46.112879],[-122.960271,46.112658],[-122.960237,46.112618],[-122.959754,46.112609],[-122.959754,46.112477],[-122.95972,46.112438],[-122.959366,46.112428],[-122.959367,46.111619],[-122.959441,46.111616],[-122.959487,46.11159],[-122.959487,46.111467],[-122.959426,46.111439],[-122.958592,46.111438],[-122.958514,46.111415],[-122.958354,46.111454],[-122.958331,46.111528],[-122.958215,46.111552],[-122.958202,46.111618],[-122.957991,46.111622],[-122.957949,46.111651],[-122.957943,46.111708],[-122.957732,46.111712],[-122.95769,46.111741],[-122.957684,46.111798],[-122.95761,46.1118],[-122.957564,46.111826],[-122.957535,46.111922],[-122.957552,46.111957],[-122.957684,46.111978],[-122.957707,46.112052],[-122.957813,46.112068],[-122.957813,46.112427],[-122.957583,46.11244],[-122.957556,46.112471],[-122.957556,46.112564],[-122.957617,46.112607],[-122.957813,46.112608],[-122.957822,46.112669],[-122.957875,46.112697],[-122.958589,46.112698],[-122.958595,46.112755],[-122.958644,46.112786],[-122.958977,46.112788],[-122.958977,46.112878],[-122.958871,46.112894],[-122.958848,46.112968],[-122.958747,46.112981],[-122.958718,46.113058],[-122.958618,46.113071],[-122.958589,46.113148],[-122.958488,46.11316],[-122.95846,46.113238],[-122.958365,46.113247],[-122.95833,46.113328],[-122.958218,46.113348],[-122.958201,46.113418],[-122.957983,46.113424],[-122.957945,46.113456],[-122.957942,46.113508],[-122.957295,46.113508],[-122.957272,46.113434],[-122.957165,46.113418],[-122.957148,46.113347],[-122.957036,46.113328],[-122.957002,46.113247],[-122.956907,46.113238],[-122.956878,46.11316],[-122.956777,46.113148],[-122.956774,46.112916],[-122.95673,46.112882],[-122.956648,46.112877],[-122.956633,46.112705],[-122.956737,46.112691],[-122.956777,46.112649],[-122.956772,46.112537],[-122.956688,46.112504],[-122.956532,46.112542],[-122.956535,46.11269],[-122.956407,46.112717],[-122.956389,46.112877],[-122.956308,46.112882],[-122.956266,46.112911],[-122.956272,46.113137],[-122.956335,46.113161],[-122.956518,46.113148],[-122.956541,46.113222],[-122.956648,46.113238],[-122.956682,46.113318],[-122.956777,46.113328],[-122.956774,46.113487],[-122.956906,46.113508],[-122.956924,46.113578],[-122.957036,46.113598],[-122.957049,46.113664],[-122.957165,46.113688],[-122.9572,46.113769],[-122.957683,46.113778],[-122.957696,46.113934],[-122.957858,46.113981],[-122.957941,46.113958],[-122.95833,46.113958],[-122.958336,46.114015],[-122.958385,46.114046],[-122.958718,46.114048],[-122.958731,46.114204],[-122.958847,46.114228],[-122.958882,46.114309],[-122.958976,46.114318],[-122.959005,46.114396],[-122.959106,46.114409],[-122.959134,46.114486],[-122.959436,46.114499],[-122.959511,46.114459],[-122.959494,46.114319],[-122.959601,46.114303],[-122.959624,46.114229],[-122.95974,46.114205],[-122.959753,46.114139],[-122.959942,46.114139],[-122.959999,46.114115],[-122.960012,46.113869],[-122.960119,46.113853],[-122.960142,46.113779],[-122.960236,46.11377],[-122.960271,46.113689],[-122.960383,46.113669],[-122.960401,46.113599],[-122.960589,46.113599],[-122.960642,46.113579],[-122.96066,46.113419],[-122.960741,46.113415],[-122.960786,46.113381],[-122.960789,46.113239],[-122.961025,46.113223],[-122.961048,46.113059],[-122.961436,46.113059],[-122.961445,46.113301],[-122.961491,46.113327],[-122.961565,46.113329],[-122.9616,46.11341],[-122.961695,46.113419],[-122.961691,46.113669],[-122.961824,46.113689],[-122.961847,46.113764],[-122.961953,46.11378],[-122.961966,46.113845],[-122.962083,46.11387],[-122.962111,46.113947],[-122.962212,46.11396],[-122.962221,46.114111],[-122.962267,46.114137],[-122.962341,46.11414],[-122.962376,46.114221],[-122.962471,46.11423],[-122.962499,46.114307],[-122.962729,46.11432],[-122.96273,46.114451],[-122.962758,46.114487],[-122.962977,46.114489],[-122.963049,46.114524],[-122.963118,46.1145]],[[-122.957035,46.115308],[-122.957001,46.115345],[-122.957015,46.115385],[-122.957074,46.115411],[-122.957131,46.115402],[-122.957162,46.115368],[-122.957151,46.115319],[-122.957096,46.115294],[-122.957035,46.115308]],[[-122.957286,46.116805],[-122.957311,46.116703],[-122.957278,46.116667],[-122.957089,46.11666],[-122.957037,46.116696],[-122.957037,46.116799],[-122.957088,46.116835],[-122.957237,46.116836],[-122.957286,46.116805]],[[-122.957169,46.115881],[-122.957145,46.115983],[-122.957177,46.116018],[-122.957367,46.116026],[-122.957419,46.11599],[-122.957419,46.115886],[-122.957367,46.11585],[-122.957219,46.11585],[-122.957169,46.115881]],[[-122.957812,46.114498],[-122.957806,46.114441],[-122.957757,46.11441],[-122.957608,46.11441],[-122.957556,46.114446],[-122.957553,46.115079],[-122.957593,46.115122],[-122.957682,46.115128],[-122.957697,46.11521],[-122.957471,46.115222],[-122.957429,46.115251],[-122.957423,46.115308],[-122.957316,46.115324],[-122.957274,46.115437],[-122.957328,46.115485],[-122.957511,46.115482],[-122.957549,46.11545],[-122.957552,46.115398],[-122.957776,46.115389],[-122.957811,46.115349],[-122.957795,46.115226],[-122.957893,46.115214],[-122.957937,46.11518],[-122.957941,46.114547],[-122.9579,46.114504],[-122.957812,46.114498]],[[-122.957573,46.112833],[-122.957548,46.112731],[-122.957506,46.112702],[-122.957363,46.112684],[-122.957301,46.112718],[-122.957297,46.112834],[-122.957343,46.112874],[-122.957534,46.112871],[-122.957573,46.112833]],[[-122.958205,46.117263],[-122.958198,46.116963],[-122.958152,46.116919],[-122.957492,46.116928],[-122.957427,46.116961],[-122.957431,46.117079],[-122.957476,46.117106],[-122.957551,46.117108],[-122.957551,46.117329],[-122.957599,46.117374],[-122.95802,46.117374],[-122.958062,46.117345],[-122.958068,46.117288],[-122.958163,46.117286],[-122.958205,46.117263]],[[-122.957811,46.115848],[-122.957829,46.115803],[-122.957797,46.115768],[-122.957724,46.115759],[-122.957673,46.115783],[-122.957663,46.115825],[-122.9577,46.115862],[-122.957757,46.115872],[-122.957811,46.115848]],[[-122.958378,46.118728],[-122.958452,46.11869],[-122.95845,46.118582],[-122.958408,46.118552],[-122.958326,46.118548],[-122.958292,46.118467],[-122.958197,46.118458],[-122.958174,46.118384],[-122.957938,46.118368],[-122.957932,46.118311],[-122.957883,46.11828],[-122.957702,46.118294],[-122.957688,46.118429],[-122.957734,46.118456],[-122.957808,46.118458],[-122.957843,46.118539],[-122.957938,46.118548],[-122.957961,46.118622],[-122.958197,46.118638],[-122.958231,46.118719],[-122.958378,46.118728]],[[-122.95794,46.115938],[-122.957906,46.115975],[-122.957921,46.116015],[-122.957979,46.116041],[-122.958036,46.116032],[-122.958068,46.115998],[-122.958057,46.115949],[-122.958002,46.115925],[-122.95794,46.115938]],[[-122.962986,46.11819],[-122.962973,46.118034],[-122.962856,46.11801],[-122.962822,46.117929],[-122.962727,46.11792],[-122.962718,46.117768],[-122.962672,46.117742],[-122.962598,46.11774],[-122.96258,46.117489],[-122.962535,46.117471],[-122.962323,46.117462],[-122.962321,46.117309],[-122.96221,46.11729],[-122.962175,46.117209],[-122.96208,46.117199],[-122.962052,46.117122],[-122.961951,46.117109],[-122.961923,46.117032],[-122.961822,46.117019],[-122.961793,46.116942],[-122.961692,46.116929],[-122.961664,46.116852],[-122.961563,46.116839],[-122.961535,46.116762],[-122.961434,46.116749],[-122.961432,46.116433],[-122.961393,46.116396],[-122.961305,46.116389],[-122.961304,46.116168],[-122.961276,46.116132],[-122.961101,46.116122],[-122.961052,46.116153],[-122.961046,46.116209],[-122.960916,46.116209],[-122.960894,46.116135],[-122.960787,46.116119],[-122.960764,46.116045],[-122.960658,46.116029],[-122.960635,46.115955],[-122.960528,46.115939],[-122.960506,46.115865],[-122.960399,46.115849],[-122.960381,46.115779],[-122.96027,46.115759],[-122.960235,46.115678],[-122.96014,46.115669],[-122.960112,46.115591],[-122.960011,46.115579],[-122.959983,46.115501],[-122.959882,46.115489],[-122.959853,46.115411],[-122.959752,46.115399],[-122.959724,46.115321],[-122.959623,46.115309],[-122.959594,46.115231],[-122.959432,46.115195],[-122.959364,46.115219],[-122.959105,46.115218],[-122.959104,46.115082],[-122.95905,46.115041],[-122.95878,46.115039],[-122.958719,46.115082],[-122.958714,46.115198],[-122.958767,46.115218],[-122.958976,46.115219],[-122.958976,46.115308],[-122.95865,46.115309],[-122.958597,46.115337],[-122.958587,46.115398],[-122.958269,46.115398],[-122.958217,46.115418],[-122.958199,46.115524],[-122.958222,46.115562],[-122.958458,46.115578],[-122.958481,46.115652],[-122.958587,46.115668],[-122.958587,46.116118],[-122.958492,46.116127],[-122.958457,46.116172],[-122.958458,46.11652],[-122.958498,46.116562],[-122.958586,46.116568],[-122.958586,46.116838],[-122.95847,46.116862],[-122.958457,46.116964],[-122.958491,46.117009],[-122.958586,46.117018],[-122.958586,46.117163],[-122.958613,46.117199],[-122.959749,46.117199],[-122.959812,46.117223],[-122.959882,46.117199],[-122.960655,46.117199],[-122.960718,46.117223],[-122.960786,46.117199],[-122.960983,46.117198],[-122.961044,46.117156],[-122.961045,46.116929],[-122.961152,46.116913],[-122.961175,46.116839],[-122.961304,46.116839],[-122.961322,46.11691],[-122.961433,46.116929],[-122.961468,46.11701],[-122.961563,46.117019],[-122.961591,46.117097],[-122.961692,46.117109],[-122.961721,46.117187],[-122.961821,46.1172],[-122.96185,46.117277],[-122.961951,46.11729],[-122.961979,46.117367],[-122.96208,46.11738],[-122.962103,46.117454],[-122.962225,46.117477],[-122.962209,46.11765],[-122.962103,46.117665],[-122.96208,46.11774],[-122.961964,46.117764],[-122.96195,46.117829],[-122.961714,46.117845],[-122.961692,46.117883],[-122.961709,46.11799],[-122.961821,46.11801],[-122.961855,46.11809],[-122.96195,46.1181],[-122.961956,46.11817],[-122.962011,46.118202],[-122.962175,46.118181],[-122.962209,46.1181],[-122.962468,46.1181],[-122.962486,46.11817],[-122.962597,46.11819],[-122.962615,46.11826],[-122.962727,46.11828],[-122.962736,46.118341],[-122.962789,46.118369],[-122.963045,46.11837],[-122.963097,46.11835],[-122.963106,46.118218],[-122.96306,46.118192],[-122.962986,46.11819]],[[-122.960789,46.118169],[-122.960782,46.118047],[-122.960745,46.118016],[-122.960397,46.118009],[-122.960388,46.117948],[-122.960327,46.117919],[-122.960173,46.117928],[-122.960138,46.118009],[-122.959798,46.118013],[-122.959756,46.118042],[-122.95975,46.118099],[-122.959621,46.118099],[-122.959612,46.118037],[-122.959551,46.118009],[-122.958844,46.118008],[-122.958822,46.117934],[-122.958715,46.117918],[-122.958706,46.117677],[-122.95866,46.117651],[-122.958586,46.117648],[-122.958586,46.117558],[-122.958674,46.117552],[-122.958714,46.117515],[-122.958694,46.117291],[-122.958633,46.117275],[-122.958341,46.117298],[-122.958307,46.117339],[-122.958327,46.117468],[-122.958246,46.117472],[-122.958201,46.117507],[-122.958211,46.117624],[-122.958327,46.117648],[-122.95833,46.11815],[-122.958374,46.118184],[-122.958456,46.118188],[-122.958462,46.118245],[-122.958511,46.118276],[-122.959878,46.118279],[-122.95994,46.118303],[-122.960009,46.118279],[-122.960586,46.118279],[-122.960647,46.118251],[-122.960656,46.118189],[-122.960789,46.118169]],[[-122.959413,46.119179],[-122.959485,46.119145],[-122.959489,46.119042],[-122.95945,46.119005],[-122.959361,46.118999],[-122.959333,46.118921],[-122.959113,46.11892],[-122.959074,46.118831],[-122.958844,46.118818],[-122.958838,46.118762],[-122.958789,46.118731],[-122.958635,46.118729],[-122.958582,46.118749],[-122.958591,46.118875],[-122.958633,46.118904],[-122.958714,46.118908],[-122.958743,46.118986],[-122.959091,46.118988],[-122.959115,46.119065],[-122.959232,46.119089],[-122.95926,46.119166],[-122.959413,46.119179]],[[-122.959671,46.119899],[-122.959746,46.11986],[-122.95974,46.119747],[-122.959686,46.11972],[-122.959531,46.119725],[-122.959492,46.119762],[-122.959499,46.11987],[-122.959553,46.119898],[-122.959671,46.119899]],[[-122.959931,46.119089],[-122.960005,46.119051],[-122.959995,46.118933],[-122.959938,46.118909],[-122.959763,46.118918],[-122.95973,46.118965],[-122.959763,46.119065],[-122.959812,46.119088],[-122.959931,46.119089]],[[-122.960139,46.118459],[-122.960155,46.118409],[-122.960111,46.118373],[-122.96002,46.11838],[-122.95994,46.118345],[-122.959864,46.118387],[-122.959865,46.118424],[-122.959907,46.118455],[-122.959998,46.118448],[-122.96007,46.118483],[-122.960139,46.118459]],[[-122.960785,46.118729],[-122.960768,46.118556],[-122.96071,46.118535],[-122.960574,46.118553],[-122.960532,46.118582],[-122.960526,46.118639],[-122.96041,46.118663],[-122.960397,46.118729],[-122.96028,46.118753],[-122.960253,46.118874],[-122.960302,46.118907],[-122.960397,46.118909],[-122.960403,46.118966],[-122.960452,46.118997],[-122.960737,46.118995],[-122.960779,46.118966],[-122.960785,46.118909],[-122.960989,46.118907],[-122.961043,46.118861],[-122.961042,46.118773],[-122.961009,46.118738],[-122.960785,46.118729]],[[-122.961176,46.114409],[-122.961167,46.114168],[-122.961114,46.11414],[-122.960973,46.114141],[-122.960924,46.114172],[-122.960918,46.114229],[-122.960682,46.114245],[-122.960659,46.114409],[-122.960434,46.114418],[-122.960383,46.114549],[-122.960435,46.114587],[-122.960596,46.114588],[-122.960649,46.11456],[-122.96067,46.114488],[-122.960788,46.114499],[-122.960804,46.114671],[-122.960754,46.114732],[-122.960793,46.114772],[-122.960857,46.114782],[-122.960914,46.114744],[-122.960902,46.114687],[-122.961034,46.114655],[-122.961047,46.114589],[-122.961243,46.114588],[-122.961297,46.114561],[-122.961297,46.114438],[-122.961251,46.114412],[-122.961176,46.114409]],[[-122.961098,46.115129],[-122.961173,46.115091],[-122.961167,46.114978],[-122.961114,46.11495],[-122.960957,46.114942],[-122.960919,46.114979],[-122.960906,46.115099],[-122.960959,46.115128],[-122.961098,46.115129]],[[-122.961173,46.119449],[-122.961167,46.119393],[-122.961125,46.119363],[-122.960937,46.119375],[-122.960914,46.119413],[-122.960937,46.119613],[-122.961104,46.119653],[-122.961279,46.119614],[-122.961296,46.119483],[-122.961254,46.119453],[-122.961173,46.119449]],[[-122.961325,46.119884],[-122.96163,46.119912],[-122.961685,46.11988],[-122.961668,46.119735],[-122.96136,46.119719],[-122.961304,46.119736],[-122.961283,46.119781],[-122.961325,46.119884]],[[-122.961746,46.114769],[-122.961822,46.114726],[-122.961822,46.114633],[-122.961795,46.114602],[-122.961625,46.114565],[-122.961453,46.114609],[-122.961415,46.114713],[-122.961443,46.114757],[-122.961746,46.114769]],[[-122.961932,46.11907],[-122.961969,46.11896],[-122.961948,46.118926],[-122.96182,46.118909],[-122.96182,46.11882],[-122.961855,46.118772],[-122.961807,46.118663],[-122.96175,46.11864],[-122.961596,46.118649],[-122.961562,46.118688],[-122.961561,46.118819],[-122.96148,46.118823],[-122.961435,46.118858],[-122.961445,46.119065],[-122.961561,46.119089],[-122.961565,46.119141],[-122.961602,46.119173],[-122.961758,46.119178],[-122.961811,46.119151],[-122.96182,46.11909],[-122.961932,46.11907]],[[-122.961875,46.115399],[-122.961949,46.115361],[-122.961943,46.115248],[-122.96189,46.11522],[-122.961735,46.115226],[-122.961695,46.115263],[-122.961703,46.115371],[-122.961756,46.115398],[-122.961875,46.115399]],[[-122.968068,46.117969],[-122.968027,46.117865],[-122.967978,46.117834],[-122.967645,46.117831],[-122.967642,46.11769],[-122.967597,46.117655],[-122.967516,46.117651],[-122.967503,46.117495],[-122.967446,46.117471],[-122.967257,46.117471],[-122.967248,46.11732],[-122.967202,46.117293],[-122.967128,46.117291],[-122.967093,46.11721],[-122.966998,46.117201],[-122.966992,46.117054],[-122.96695,46.117025],[-122.966869,46.117021],[-122.966834,46.11694],[-122.96674,46.116931],[-122.966717,46.116767],[-122.966481,46.116751],[-122.966458,46.116677],[-122.966352,46.116661],[-122.966343,46.116329],[-122.966297,46.116303],[-122.966222,46.116301],[-122.966188,46.11622],[-122.966093,46.116211],[-122.96609,46.116159],[-122.966052,46.116127],[-122.965834,46.116121],[-122.965833,46.115984],[-122.965786,46.115945],[-122.965187,46.11594],[-122.965178,46.115879],[-122.965125,46.115852],[-122.96467,46.11585],[-122.964652,46.11578],[-122.96454,46.11576],[-122.964527,46.115694],[-122.964411,46.11567],[-122.964376,46.115589],[-122.964023,46.11558],[-122.96401,46.115514],[-122.963893,46.11549],[-122.963865,46.115412],[-122.963635,46.1154],[-122.963629,46.115343],[-122.963587,46.115314],[-122.962936,46.11531],[-122.962871,46.115334],[-122.962858,46.1154],[-122.962669,46.1154],[-122.962612,46.115424],[-122.962599,46.11567],[-122.962395,46.115672],[-122.962346,46.115703],[-122.96234,46.11576],[-122.962122,46.115766],[-122.962085,46.115798],[-122.962081,46.115849],[-122.961986,46.115859],[-122.961952,46.115939],[-122.96187,46.115944],[-122.961828,46.115973],[-122.961831,46.116271],[-122.961877,46.116297],[-122.961951,46.1163],[-122.961986,46.11638],[-122.962081,46.11639],[-122.96209,46.116541],[-122.962136,46.116567],[-122.96221,46.11657],[-122.962245,46.116651],[-122.962339,46.11666],[-122.962362,46.116734],[-122.962598,46.11675],[-122.962604,46.116806],[-122.962653,46.116837],[-122.962857,46.11684],[-122.96288,46.117004],[-122.962986,46.11702],[-122.962992,46.117077],[-122.963034,46.117106],[-122.963245,46.11711],[-122.963263,46.11727],[-122.963315,46.11729],[-122.963504,46.11729],[-122.963517,46.117356],[-122.963633,46.11738],[-122.963668,46.117461],[-122.963892,46.11747],[-122.963915,46.117544],[-122.964021,46.11756],[-122.964056,46.117641],[-122.964151,46.11765],[-122.964168,46.117811],[-122.96428,46.11783],[-122.964315,46.117911],[-122.964409,46.11792],[-122.964438,46.117998],[-122.964539,46.11801],[-122.964567,46.118088],[-122.964668,46.1181],[-122.964696,46.118178],[-122.964797,46.118191],[-122.964826,46.118268],[-122.964988,46.118305],[-122.965056,46.118281],[-122.965315,46.118281],[-122.965338,46.118355],[-122.965444,46.118371],[-122.965462,46.118531],[-122.965514,46.11855],[-122.965703,46.118551],[-122.965709,46.118607],[-122.965751,46.118637],[-122.966091,46.118641],[-122.966126,46.118722],[-122.96628,46.118731],[-122.966341,46.118702],[-122.96635,46.118641],[-122.966554,46.118639],[-122.966603,46.118608],[-122.966609,46.118551],[-122.966798,46.118551],[-122.96685,46.118531],[-122.966859,46.11822],[-122.966813,46.118193],[-122.966739,46.118191],[-122.966733,46.118134],[-122.966691,46.118105],[-122.96648,46.118101],[-122.96648,46.118011],[-122.966739,46.118011],[-122.966757,46.118081],[-122.966868,46.118101],[-122.966881,46.118167],[-122.966998,46.118191],[-122.967004,46.118248],[-122.967053,46.118279],[-122.967326,46.118294],[-122.96738,46.118261],[-122.967386,46.118191],[-122.967643,46.118191],[-122.967679,46.118272],[-122.967834,46.118281],[-122.967894,46.118253],[-122.967904,46.118191],[-122.967985,46.118187],[-122.968027,46.118158],[-122.968033,46.118011],[-122.968068,46.117969]],[[-122.962208,46.11931],[-122.962141,46.119256],[-122.961978,46.119282],[-122.96195,46.119318],[-122.961966,46.119443],[-122.962032,46.119463],[-122.96218,46.119437],[-122.962207,46.119406],[-122.962208,46.11931]],[[-122.962467,46.12044],[-122.962461,46.120383],[-122.962411,46.120352],[-122.96227,46.120351],[-122.962217,46.120378],[-122.962208,46.120661],[-122.962248,46.120703],[-122.962425,46.120703],[-122.962463,46.120671],[-122.962466,46.12062],[-122.962541,46.120617],[-122.962587,46.120591],[-122.962587,46.120468],[-122.962541,46.120442],[-122.962467,46.12044]],[[-122.962597,46.11904],[-122.96257,46.118999],[-122.962514,46.118986],[-122.962453,46.119008],[-122.962433,46.119047],[-122.962458,46.119085],[-122.962522,46.119104],[-122.96258,46.119083],[-122.962597,46.11904]],[[-122.963652,46.117785],[-122.963615,46.11767],[-122.963504,46.11765],[-122.963469,46.117569],[-122.963374,46.11756],[-122.963346,46.117482],[-122.963126,46.117481],[-122.963093,46.117396],[-122.962986,46.11738],[-122.962986,46.117249],[-122.962952,46.117209],[-122.962668,46.1172],[-122.962611,46.117224],[-122.962601,46.117341],[-122.962646,46.117376],[-122.962727,46.11738],[-122.962728,46.117511],[-122.962762,46.117551],[-122.963105,46.117549],[-122.963133,46.11763],[-122.963245,46.11765],[-122.963258,46.117716],[-122.963374,46.11774],[-122.96338,46.117797],[-122.963429,46.117828],[-122.963619,46.117821],[-122.963652,46.117785]],[[-122.963149,46.118958],[-122.963105,46.118848],[-122.963052,46.118821],[-122.962769,46.118821],[-122.962708,46.118865],[-122.962739,46.118976],[-122.962856,46.119],[-122.962861,46.11907],[-122.962923,46.119103],[-122.963101,46.119066],[-122.963149,46.118958]],[[-122.963663,46.113848],[-122.963623,46.113624],[-122.963506,46.1136],[-122.963472,46.113519],[-122.963377,46.11351],[-122.963354,46.113346],[-122.963194,46.113306],[-122.963023,46.113339],[-122.962989,46.11342],[-122.962877,46.113439],[-122.962859,46.1136],[-122.962747,46.113619],[-122.962711,46.113718],[-122.962757,46.113775],[-122.962919,46.11378],[-122.962979,46.113751],[-122.962989,46.11369],[-122.963377,46.11369],[-122.96339,46.113846],[-122.96356,46.113894],[-122.963663,46.113848]],[[-122.962906,46.12062],[-122.962981,46.120582],[-122.962975,46.120468],[-122.962922,46.120441],[-122.962766,46.120446],[-122.962727,46.120483],[-122.962734,46.120591],[-122.962788,46.120619],[-122.962906,46.12062]],[[-122.963376,46.11499],[-122.963316,46.114937],[-122.963152,46.114959],[-122.963118,46.114999],[-122.96313,46.115106],[-122.963187,46.11513],[-122.963341,46.115121],[-122.963374,46.115086],[-122.963376,46.11499]],[[-122.964161,46.114115],[-122.96414,46.113984],[-122.964024,46.11396],[-122.963995,46.113882],[-122.963827,46.113871],[-122.963774,46.113899],[-122.963765,46.11396],[-122.963653,46.11398],[-122.963635,46.11405],[-122.963524,46.11407],[-122.963495,46.114151],[-122.963293,46.114117],[-122.963228,46.114153],[-122.963215,46.114198],[-122.963256,46.114291],[-122.963317,46.11432],[-122.963471,46.114311],[-122.963517,46.114219],[-122.963963,46.114243],[-122.964018,46.11421],[-122.964024,46.11414],[-122.964118,46.114138],[-122.964161,46.114115]],[[-122.963302,46.11891],[-122.963225,46.118955],[-122.963257,46.119066],[-122.963314,46.11909],[-122.963468,46.119081],[-122.963502,46.119041],[-122.96349,46.118934],[-122.96344,46.118911],[-122.963302,46.11891]],[[-122.964075,46.11504],[-122.96413,46.115024],[-122.964152,46.114991],[-122.964144,46.114709],[-122.964083,46.11468],[-122.963805,46.114686],[-122.963768,46.114718],[-122.963764,46.11477],[-122.96369,46.114772],[-122.963644,46.114799],[-122.963644,46.114921],[-122.963697,46.114949],[-122.963894,46.11495],[-122.963928,46.115031],[-122.964075,46.11504]],[[-122.964432,46.118445],[-122.964608,46.118473],[-122.964662,46.118441],[-122.964645,46.118296],[-122.964539,46.11828],[-122.964533,46.118224],[-122.964491,46.118194],[-122.96428,46.11819],[-122.964262,46.11812],[-122.964151,46.1181],[-122.964133,46.11803],[-122.964021,46.11801],[-122.964008,46.117944],[-122.963892,46.11792],[-122.963857,46.117839],[-122.963716,46.117816],[-122.963655,46.117833],[-122.963633,46.117956],[-122.963656,46.117994],[-122.963762,46.11801],[-122.96378,46.11808],[-122.963892,46.1181],[-122.963926,46.118181],[-122.964021,46.11819],[-122.964049,46.118268],[-122.96415,46.11828],[-122.964179,46.118358],[-122.964409,46.11837],[-122.964432,46.118445]],[[-122.964537,46.12098],[-122.964537,46.120579],[-122.964482,46.120533],[-122.964313,46.120539],[-122.964278,46.12062],[-122.964054,46.120629],[-122.964019,46.12071],[-122.963924,46.120719],[-122.96389,46.1208],[-122.963808,46.120804],[-122.963764,46.120838],[-122.963782,46.120978],[-122.963835,46.120994],[-122.964019,46.12098],[-122.964016,46.12114],[-122.964069,46.12116],[-122.964278,46.12116],[-122.964284,46.121217],[-122.964333,46.121248],[-122.964496,46.121244],[-122.964533,46.121212],[-122.964537,46.12116],[-122.964611,46.121158],[-122.964657,46.121132],[-122.964657,46.121009],[-122.964611,46.120983],[-122.964537,46.12098]],[[-122.964441,46.121843],[-122.964379,46.121713],[-122.964148,46.1217],[-122.964142,46.121644],[-122.9641,46.121614],[-122.963957,46.121597],[-122.963895,46.12163],[-122.963893,46.121752],[-122.963937,46.121786],[-122.964019,46.12179],[-122.96402,46.121927],[-122.964066,46.121966],[-122.964372,46.121961],[-122.964441,46.121843]],[[-122.965678,46.121775],[-122.965721,46.121661],[-122.965699,46.121627],[-122.965572,46.121611],[-122.965571,46.121474],[-122.965531,46.121437],[-122.965184,46.121431],[-122.965175,46.121369],[-122.965121,46.121342],[-122.964818,46.121356],[-122.964795,46.12152],[-122.964599,46.121521],[-122.964538,46.121564],[-122.964545,46.121775],[-122.964604,46.121804],[-122.964795,46.121791],[-122.964795,46.12188],[-122.964721,46.121883],[-122.964675,46.121909],[-122.964666,46.12206],[-122.964571,46.12207],[-122.964536,46.12215],[-122.964455,46.122155],[-122.964413,46.122184],[-122.964406,46.12233],[-122.964372,46.122378],[-122.964406,46.12242],[-122.964429,46.122585],[-122.964484,46.1226],[-122.964643,46.122585],[-122.964665,46.122511],[-122.964766,46.122498],[-122.964795,46.122421],[-122.964896,46.122408],[-122.964924,46.122331],[-122.965025,46.122318],[-122.965054,46.122241],[-122.965155,46.122228],[-122.965183,46.122151],[-122.965284,46.122138],[-122.965313,46.122061],[-122.965408,46.122052],[-122.965442,46.121971],[-122.965554,46.121951],[-122.965572,46.121791],[-122.965678,46.121775]],[[-122.964717,46.123051],[-122.964793,46.123007],[-122.964785,46.122809],[-122.964739,46.122783],[-122.964665,46.12278],[-122.964662,46.122729],[-122.964624,46.122697],[-122.964447,46.122697],[-122.964408,46.122734],[-122.964408,46.122827],[-122.964447,46.122864],[-122.964536,46.122871],[-122.964545,46.123022],[-122.964598,46.123049],[-122.964717,46.123051]],[[-122.967126,46.120031],[-122.967058,46.119978],[-122.966678,46.119991],[-122.966617,46.12002],[-122.966608,46.120081],[-122.966334,46.120073],[-122.96635,46.119991],[-122.966451,46.119979],[-122.966479,46.119901],[-122.966567,46.119895],[-122.966608,46.119852],[-122.966607,46.119494],[-122.966568,46.119457],[-122.966479,46.119451],[-122.966466,46.119295],[-122.966409,46.119271],[-122.966221,46.119271],[-122.966203,46.119201],[-122.966091,46.119181],[-122.966057,46.1191],[-122.965962,46.119091],[-122.965933,46.119013],[-122.965832,46.119001],[-122.96581,46.118927],[-122.965574,46.118911],[-122.965556,46.11884],[-122.965444,46.118821],[-122.965431,46.118755],[-122.965315,46.118731],[-122.965312,46.118679],[-122.965274,46.118647],[-122.965117,46.118616],[-122.964944,46.11866],[-122.96494,46.118797],[-122.965056,46.118821],[-122.96509,46.118901],[-122.965185,46.118911],[-122.965214,46.118988],[-122.965315,46.119001],[-122.965328,46.119157],[-122.965444,46.119181],[-122.965478,46.119262],[-122.965573,46.119271],[-122.965577,46.119502],[-122.965621,46.119537],[-122.965703,46.119541],[-122.96572,46.119701],[-122.965832,46.119721],[-122.965845,46.119877],[-122.965961,46.119901],[-122.965996,46.119982],[-122.966091,46.119991],[-122.966119,46.120069],[-122.966236,46.120089],[-122.966223,46.120223],[-122.966268,46.120257],[-122.966349,46.120261],[-122.966358,46.120412],[-122.966404,46.120439],[-122.966479,46.120441],[-122.966513,46.120522],[-122.966608,46.120531],[-122.966611,46.120583],[-122.966649,46.120615],[-122.966926,46.120621],[-122.966987,46.120593],[-122.966997,46.120171],[-122.967113,46.120147],[-122.967126,46.120031]],[[-122.965366,46.119811],[-122.96544,46.119772],[-122.965426,46.11965],[-122.965314,46.119631],[-122.965308,46.119574],[-122.965266,46.119545],[-122.965084,46.119553],[-122.965056,46.119589],[-122.965073,46.119701],[-122.965185,46.119721],[-122.965188,46.119772],[-122.965226,46.119804],[-122.965366,46.119811]],[[-122.965576,46.115491],[-122.965563,46.115425],[-122.965446,46.115401],[-122.965424,46.115326],[-122.965301,46.115303],[-122.965317,46.115185],[-122.965294,46.115146],[-122.965239,46.115131],[-122.965081,46.115146],[-122.965067,46.115282],[-122.965203,46.115318],[-122.965187,46.115617],[-122.96521,46.115655],[-122.965446,46.115671],[-122.965507,46.115695],[-122.965671,46.115662],[-122.965705,46.115622],[-122.965699,46.115524],[-122.965657,46.115495],[-122.965576,46.115491]],[[-122.965437,46.120587],[-122.965462,46.120486],[-122.965429,46.12045],[-122.965239,46.120443],[-122.965188,46.120479],[-122.965188,46.120582],[-122.965239,46.120618],[-122.965388,46.120618],[-122.965437,46.120587]],[[-122.966067,46.120875],[-122.966109,46.120756],[-122.96607,46.120718],[-122.965879,46.120715],[-122.965832,46.12076],[-122.965847,46.120883],[-122.965725,46.120907],[-122.965702,46.120981],[-122.965321,46.120993],[-122.965294,46.121036],[-122.965331,46.121231],[-122.965391,46.121251],[-122.965673,46.121239],[-122.965702,46.121161],[-122.965797,46.121152],[-122.965831,46.121071],[-122.965947,46.121047],[-122.965945,46.120898],[-122.966067,46.120875]],[[-122.966123,46.120715],[-122.966301,46.120707],[-122.966346,46.120673],[-122.96634,46.120469],[-122.966279,46.120441],[-122.966002,46.120447],[-122.965962,46.120484],[-122.96597,46.120592],[-122.966016,46.120619],[-122.96609,46.120621],[-122.966123,46.120715]],[[-122.966509,46.123443],[-122.966471,46.123341],[-122.966424,46.12331],[-122.966273,46.123323],[-122.966221,46.123359],[-122.966231,46.123477],[-122.966393,46.123524],[-122.966445,46.12352],[-122.9665,46.123484],[-122.966509,46.123443]],[[-122.969194,46.125392],[-122.969165,46.125314],[-122.968935,46.125302],[-122.968912,46.125228],[-122.968806,46.125212],[-122.968771,46.125131],[-122.968676,46.125122],[-122.968676,46.125032],[-122.968778,46.125027],[-122.968823,46.124992],[-122.968777,46.124864],[-122.9686,46.124841],[-122.968553,46.124872],[-122.968547,46.124942],[-122.968418,46.124942],[-122.968395,46.124867],[-122.968288,46.124852],[-122.968266,46.124674],[-122.968213,46.124658],[-122.968029,46.124671],[-122.968029,46.124582],[-122.968124,46.124572],[-122.968159,46.124492],[-122.968233,46.124489],[-122.968279,46.124463],[-122.968288,46.124312],[-122.968383,46.124302],[-122.968418,46.124222],[-122.968499,46.124218],[-122.968541,46.124188],[-122.968548,46.123862],[-122.968622,46.123859],[-122.968668,46.123833],[-122.968664,46.123706],[-122.968548,46.123682],[-122.96853,46.123611],[-122.968418,46.123592],[-122.968405,46.123526],[-122.968341,46.123502],[-122.968058,46.123514],[-122.96803,46.12355],[-122.96803,46.123681],[-122.967923,46.123697],[-122.9679,46.123771],[-122.967771,46.123771],[-122.967765,46.123715],[-122.967716,46.123684],[-122.967547,46.12369],[-122.967512,46.123771],[-122.967411,46.123784],[-122.967383,46.123861],[-122.967282,46.123874],[-122.967253,46.123951],[-122.967158,46.12396],[-122.967124,46.124041],[-122.967042,46.124045],[-122.966998,46.12408],[-122.967007,46.124197],[-122.967123,46.124221],[-122.967123,46.124401],[-122.967089,46.124449],[-122.967123,46.124491],[-122.967136,46.124647],[-122.967193,46.124671],[-122.967382,46.124671],[-122.9674,46.124742],[-122.967511,46.124761],[-122.967546,46.124842],[-122.967641,46.124851],[-122.967669,46.124929],[-122.96777,46.124942],[-122.967799,46.125019],[-122.9679,46.125032],[-122.967928,46.125109],[-122.968029,46.125122],[-122.968057,46.125199],[-122.968158,46.125212],[-122.968181,46.125286],[-122.968417,46.125302],[-122.968435,46.125372],[-122.968547,46.125392],[-122.968564,46.125462],[-122.968676,46.125482],[-122.968694,46.125552],[-122.968805,46.125572],[-122.968818,46.125638],[-122.968935,46.125662],[-122.968941,46.125718],[-122.968983,46.125748],[-122.969153,46.125745],[-122.96919,46.125714],[-122.969194,46.125662],[-122.969275,46.125658],[-122.969317,46.125629],[-122.969317,46.125425],[-122.969275,46.125396],[-122.969194,46.125392]],[[-122.96763,46.120417],[-122.967651,46.120286],[-122.967609,46.120264],[-122.967514,46.120261],[-122.967511,46.120196],[-122.967475,46.120164],[-122.967174,46.120175],[-122.967126,46.12022],[-122.967132,46.120498],[-122.967196,46.120531],[-122.967466,46.120527],[-122.967508,46.120498],[-122.967514,46.120441],[-122.96763,46.120417]],[[-122.96881,46.118462],[-122.968809,46.11833],[-122.968781,46.118294],[-122.968454,46.118277],[-122.968421,46.118371],[-122.96834,46.118376],[-122.968298,46.118405],[-122.968292,46.118551],[-122.967959,46.118554],[-122.967909,46.118585],[-122.967903,46.118641],[-122.967822,46.118645],[-122.96778,46.118675],[-122.967775,46.118958],[-122.967815,46.118995],[-122.967903,46.119001],[-122.967903,46.119091],[-122.967644,46.119091],[-122.967643,46.118955],[-122.967596,46.118915],[-122.967297,46.118918],[-122.967259,46.11895],[-122.967256,46.119001],[-122.967175,46.119005],[-122.96713,46.119039],[-122.967144,46.119341],[-122.967256,46.119361],[-122.967269,46.119427],[-122.967385,46.119451],[-122.967389,46.119503],[-122.967426,46.119535],[-122.967644,46.119541],[-122.967653,46.119603],[-122.967714,46.119631],[-122.968004,46.119619],[-122.968032,46.119583],[-122.968032,46.119451],[-122.968139,46.119436],[-122.968162,46.119362],[-122.968421,46.119362],[-122.968442,46.119449],[-122.968545,46.119455],[-122.968585,46.119409],[-122.968534,46.119354],[-122.968551,46.118642],[-122.96868,46.118642],[-122.968756,46.118665],[-122.968809,46.118642],[-122.969013,46.118639],[-122.969067,46.118598],[-122.969067,46.118505],[-122.96904,46.118474],[-122.96881,46.118462]],[[-122.967854,46.121706],[-122.967704,46.121677],[-122.967568,46.121704],[-122.967519,46.121735],[-122.967513,46.121791],[-122.967317,46.121792],[-122.967264,46.12182],[-122.96724,46.121937],[-122.967289,46.121969],[-122.967384,46.121971],[-122.967385,46.122108],[-122.967425,46.122145],[-122.967717,46.122149],[-122.967766,46.122118],[-122.967772,46.122061],[-122.967846,46.122059],[-122.967892,46.122033],[-122.967898,46.12174],[-122.967854,46.121706]],[[-122.967825,46.120081],[-122.967901,46.120038],[-122.967899,46.11985],[-122.967848,46.119814],[-122.967699,46.119814],[-122.967653,46.11984],[-122.96761,46.119938],[-122.967647,46.120043],[-122.967699,46.120079],[-122.967825,46.120081]],[[-122.969194,46.124492],[-122.969177,46.124422],[-122.969065,46.124402],[-122.969052,46.124336],[-122.968936,46.124312],[-122.968901,46.124231],[-122.968747,46.124222],[-122.96869,46.124246],[-122.968678,46.124448],[-122.968718,46.124485],[-122.968806,46.124492],[-122.968809,46.124723],[-122.968854,46.124758],[-122.968935,46.124762],[-122.968941,46.124818],[-122.968983,46.124848],[-122.969153,46.124845],[-122.969191,46.124814],[-122.969194,46.124762],[-122.969276,46.124758],[-122.969318,46.124729],[-122.969318,46.124525],[-122.969276,46.124496],[-122.969194,46.124492]],[[-122.969977,46.119363],[-122.969965,46.11921],[-122.969919,46.119184],[-122.969844,46.119182],[-122.969835,46.11903],[-122.969789,46.119004],[-122.969715,46.119002],[-122.969681,46.118921],[-122.969586,46.118912],[-122.969551,46.118831],[-122.969327,46.118822],[-122.969321,46.118765],[-122.969272,46.118734],[-122.969016,46.118732],[-122.968952,46.118756],[-122.968939,46.118822],[-122.968822,46.118846],[-122.968809,46.119002],[-122.968774,46.119044],[-122.968815,46.119148],[-122.968857,46.119178],[-122.968938,46.119182],[-122.968973,46.119263],[-122.969068,46.119272],[-122.969102,46.119353],[-122.969456,46.119362],[-122.969474,46.119432],[-122.969585,46.119452],[-122.969598,46.119518],[-122.969663,46.119542],[-122.969945,46.11953],[-122.970008,46.119415],[-122.969977,46.119363]],[[-122.969989,46.122922],[-122.969954,46.122712],[-122.969902,46.122692],[-122.969713,46.122692],[-122.969704,46.12263],[-122.969643,46.122602],[-122.969489,46.122611],[-122.969454,46.122692],[-122.969195,46.122692],[-122.969127,46.122668],[-122.968984,46.122696],[-122.968942,46.122725],[-122.968902,46.122824],[-122.968922,46.122863],[-122.96899,46.122895],[-122.969066,46.122872],[-122.969195,46.122872],[-122.969256,46.122896],[-122.969325,46.122872],[-122.969454,46.122872],[-122.969463,46.122933],[-122.969524,46.122962],[-122.969937,46.12296],[-122.969989,46.122922]],[[-122.971006,46.125032],[-122.971088,46.125028],[-122.971132,46.124994],[-122.971127,46.124791],[-122.971073,46.124763],[-122.970877,46.124762],[-122.970871,46.124706],[-122.970822,46.124675],[-122.970618,46.124672],[-122.970617,46.124536],[-122.97057,46.124496],[-122.970163,46.124493],[-122.97011,46.124521],[-122.9701,46.124582],[-122.969973,46.124582],[-122.969936,46.124501],[-122.969775,46.124493],[-122.969721,46.124521],[-122.969712,46.124582],[-122.969631,46.124586],[-122.969588,46.124615],[-122.969584,46.124808],[-122.969623,46.124846],[-122.969712,46.124852],[-122.969725,46.125008],[-122.969782,46.125032],[-122.969971,46.125032],[-122.969988,46.125102],[-122.9701,46.125122],[-122.970118,46.125192],[-122.970229,46.125212],[-122.970242,46.125278],[-122.970359,46.125302],[-122.970365,46.125359],[-122.970407,46.125388],[-122.970719,46.12538],[-122.970747,46.125344],[-122.970747,46.125212],[-122.970854,46.125196],[-122.970877,46.125122],[-122.970993,46.125098],[-122.971006,46.125032]],[[-122.969892,46.126292],[-122.969967,46.126254],[-122.969961,46.126141],[-122.969908,46.126113],[-122.969751,46.126105],[-122.969712,46.126147],[-122.96972,46.126263],[-122.969774,46.126291],[-122.969892,46.126292]],[[-122.970229,46.125662],[-122.970223,46.125605],[-122.970181,46.125576],[-122.969993,46.125588],[-122.96997,46.125752],[-122.969868,46.125756],[-122.969824,46.125792],[-122.969863,46.125916],[-122.970174,46.12593],[-122.970223,46.125899],[-122.970229,46.125842],[-122.970336,46.125826],[-122.970353,46.125695],[-122.970311,46.125666],[-122.970229,46.125662]],[[-122.970358,46.12287],[-122.970307,46.122848],[-122.970249,46.122859],[-122.970211,46.122901],[-122.970227,46.122942],[-122.970281,46.122962],[-122.970352,46.122949],[-122.97038,46.122912],[-122.970358,46.12287]],[[-122.970876,46.125752],[-122.97087,46.125696],[-122.970821,46.125665],[-122.970558,46.125662],[-122.970501,46.125686],[-122.970488,46.126058],[-122.970522,46.126103],[-122.970747,46.126112],[-122.970815,46.126136],[-122.970876,46.126112],[-122.971072,46.126111],[-122.971122,46.126088],[-122.971126,46.125781],[-122.971073,46.125753],[-122.970876,46.125752]],[[-122.971524,46.125303],[-122.971612,46.125296],[-122.971652,46.125259],[-122.971652,46.125076],[-122.971591,46.125033],[-122.971184,46.125036],[-122.971141,46.125066],[-122.971135,46.125122],[-122.971034,46.125135],[-122.971006,46.125212],[-122.970918,46.125219],[-122.970877,46.125261],[-122.970894,46.125373],[-122.971006,46.125392],[-122.97104,46.125473],[-122.971196,46.125506],[-122.971265,46.125482],[-122.971495,46.12547],[-122.971523,46.125434],[-122.971524,46.125303]],[[-122.971576,46.123772],[-122.971652,46.123729],[-122.971651,46.123541],[-122.971599,46.123505],[-122.97145,46.123505],[-122.971397,46.123546],[-122.971378,46.123733],[-122.97143,46.12377],[-122.971576,46.123772]],[[-122.971784,46.123183],[-122.971723,46.12313],[-122.971559,46.123152],[-122.971525,46.123191],[-122.971538,46.123298],[-122.971694,46.123336],[-122.97175,46.123327],[-122.971782,46.123293],[-122.971784,46.123183]],[[-122.971571,46.127188],[-122.971714,46.127206],[-122.971769,46.127182],[-122.971778,46.127051],[-122.971727,46.127015],[-122.971578,46.127015],[-122.971526,46.127051],[-122.971526,46.127154],[-122.971571,46.127188]],[[-122.971835,46.124583],[-122.971909,46.124544],[-122.971903,46.124431],[-122.97185,46.124404],[-122.971695,46.124409],[-122.971655,46.124446],[-122.971663,46.124554],[-122.971716,46.124581],[-122.971835,46.124583]],[[-122.972189,46.123193],[-122.972149,46.123068],[-122.972027,46.123045],[-122.972027,46.12297],[-122.972124,46.122958],[-122.972166,46.122929],[-122.972166,46.122816],[-122.972117,46.122785],[-122.97196,46.122773],[-122.971914,46.122817],[-122.971929,46.122955],[-122.971879,46.123005],[-122.971929,46.12306],[-122.971919,46.123199],[-122.971976,46.123231],[-122.972137,46.12323],[-122.972189,46.123193]],[[-122.972075,46.124137],[-122.972253,46.124128],[-122.972298,46.124094],[-122.972301,46.123821],[-122.972253,46.123777],[-122.972112,46.123773],[-122.972051,46.123801],[-122.972042,46.123862],[-122.971926,46.123887],[-122.971913,46.123994],[-122.971954,46.124036],[-122.972042,46.124043],[-122.972075,46.124137]],[[-122.972448,46.126158],[-122.972424,46.126043],[-122.972376,46.126012],[-122.972226,46.126025],[-122.972174,46.126061],[-122.972174,46.126164],[-122.972226,46.1262],[-122.972416,46.126193],[-122.972448,46.126158]],[[-122.97261,46.127193],[-122.972684,46.127154],[-122.97267,46.127032],[-122.972625,46.127014],[-122.972413,46.127005],[-122.972429,46.126881],[-122.972388,46.126839],[-122.972199,46.126845],[-122.972171,46.126881],[-122.972173,46.126974],[-122.972218,46.127009],[-122.972315,46.12702],[-122.972317,46.127173],[-122.972369,46.127192],[-122.97261,46.127193]],[[-122.972713,46.122857],[-122.972888,46.122885],[-122.972943,46.122853],[-122.972926,46.122709],[-122.972871,46.122693],[-122.972701,46.122704],[-122.972684,46.122636],[-122.972635,46.122605],[-122.972454,46.122618],[-122.972431,46.122657],[-122.972454,46.122767],[-122.972509,46.122783],[-122.972679,46.122772],[-122.972713,46.122857]],[[-122.972612,46.124313],[-122.972686,46.124274],[-122.97268,46.124161],[-122.972627,46.124134],[-122.97247,46.124126],[-122.972431,46.124168],[-122.972439,46.124284],[-122.972493,46.124312],[-122.972612,46.124313]],[[-122.973467,46.122873],[-122.973463,46.122821],[-122.973425,46.122789],[-122.973236,46.122795],[-122.973208,46.122873],[-122.973126,46.122877],[-122.973084,46.122906],[-122.973078,46.123053],[-122.972977,46.123065],[-122.972949,46.123143],[-122.972854,46.123152],[-122.972819,46.123233],[-122.972707,46.123252],[-122.97269,46.123323],[-122.972583,46.123338],[-122.972526,46.12345],[-122.972583,46.123577],[-122.972819,46.123593],[-122.972837,46.123663],[-122.972948,46.123683],[-122.972966,46.123753],[-122.973078,46.123773],[-122.973095,46.123843],[-122.973207,46.123863],[-122.973216,46.123924],[-122.973277,46.123953],[-122.973418,46.123949],[-122.97346,46.12392],[-122.973466,46.123863],[-122.97367,46.123861],[-122.973725,46.123814],[-122.973707,46.123613],[-122.973655,46.123593],[-122.973466,46.123593],[-122.973443,46.123519],[-122.973337,46.123503],[-122.973302,46.123422],[-122.973207,46.123413],[-122.973207,46.123323],[-122.973302,46.123314],[-122.973337,46.123233],[-122.973411,46.123231],[-122.973457,46.123204],[-122.973466,46.123053],[-122.973548,46.123049],[-122.973592,46.123015],[-122.973583,46.122897],[-122.973467,46.122873]],[[-122.97274,46.125933],[-122.972814,46.125894],[-122.972809,46.125781],[-122.972755,46.125754],[-122.9726,46.125759],[-122.97256,46.125796],[-122.972568,46.125904],[-122.972621,46.125932],[-122.97274,46.125933]],[[-122.972736,46.127369],[-122.972879,46.127386],[-122.972934,46.127362],[-122.972943,46.127231],[-122.972892,46.127195],[-122.972743,46.127195],[-122.972691,46.127231],[-122.972691,46.127334],[-122.972736,46.127369]],[[-122.973128,46.126833],[-122.9732,46.1268],[-122.973204,46.126696],[-122.973165,46.126659],[-122.973076,46.126653],[-122.973054,46.126579],[-122.972771,46.126549],[-122.97271,46.126565],[-122.972688,46.126689],[-122.972711,46.126727],[-122.972947,46.126743],[-122.972981,46.126824],[-122.973128,46.126833]],[[-122.973221,46.126258],[-122.9732,46.126133],[-122.973153,46.126102],[-122.972751,46.126114],[-122.972692,46.126151],[-122.97269,46.126263],[-122.972756,46.126306],[-122.973164,46.126292],[-122.973221,46.126258]],[[-122.973165,46.125759],[-122.973015,46.125739],[-122.97296,46.125764],[-122.972949,46.125889],[-122.972995,46.125929],[-122.973146,46.125945],[-122.973203,46.125908],[-122.973205,46.125796],[-122.973165,46.125759]],[[-122.973961,46.124477],[-122.974002,46.124358],[-122.97397,46.124322],[-122.973802,46.124313],[-122.973738,46.124337],[-122.973725,46.124403],[-122.973466,46.124403],[-122.973397,46.124379],[-122.973262,46.124405],[-122.973208,46.124446],[-122.973207,46.124583],[-122.973125,46.124587],[-122.973083,46.124616],[-122.973086,46.124824],[-122.973132,46.12485],[-122.973207,46.124853],[-122.973224,46.124923],[-122.973336,46.124943],[-122.973349,46.125009],[-122.973465,46.125033],[-122.973471,46.12509],[-122.973513,46.125119],[-122.973683,46.125117],[-122.973721,46.125085],[-122.973724,46.125033],[-122.973806,46.125029],[-122.973848,46.125],[-122.973854,46.124493],[-122.973961,46.124477]],[[-122.973466,46.124223],[-122.973485,46.124178],[-122.973452,46.124142],[-122.973386,46.124133],[-122.973333,46.124153],[-122.973317,46.124194],[-122.973355,46.124236],[-122.973412,46.124246],[-122.973466,46.124223]],[[-122.973516,46.127463],[-122.97359,46.127425],[-122.973581,46.127307],[-122.973524,46.127283],[-122.973349,46.127292],[-122.973315,46.127339],[-122.973348,46.127439],[-122.973397,46.127462],[-122.973516,46.127463]],[[-122.973384,46.125839],[-122.973527,46.125856],[-122.973582,46.125832],[-122.973591,46.125701],[-122.973539,46.125665],[-122.973391,46.125665],[-122.973339,46.125701],[-122.973339,46.125805],[-122.973384,46.125839]],[[-122.974001,46.126698],[-122.973977,46.126596],[-122.973935,46.126567],[-122.973735,46.126574],[-122.973722,46.126426],[-122.973683,46.126389],[-122.97341,46.126369],[-122.973344,46.126398],[-122.973341,46.12653],[-122.973383,46.126559],[-122.973465,46.126563],[-122.973468,46.126615],[-122.973506,46.126647],[-122.973713,46.126642],[-122.973737,46.126719],[-122.973801,46.126743],[-122.973969,46.126734],[-122.974001,46.126698]],[[-122.973776,46.126023],[-122.97385,46.125985],[-122.97384,46.125867],[-122.973783,46.125843],[-122.973608,46.125852],[-122.973575,46.125899],[-122.973607,46.125999],[-122.973657,46.126022],[-122.973776,46.126023]],[[-122.974001,46.127238],[-122.973976,46.127136],[-122.973927,46.127105],[-122.973766,46.127104],[-122.973706,46.127143],[-122.973729,46.12725],[-122.973778,46.127281],[-122.973968,46.127274],[-122.974001,46.127238]],[[-122.97424,46.125031],[-122.974173,46.125009],[-122.974102,46.125044],[-122.973895,46.125039],[-122.973855,46.125076],[-122.973863,46.125184],[-122.973916,46.125212],[-122.974071,46.125207],[-122.974124,46.125112],[-122.9742,46.125122],[-122.97425,46.125098],[-122.97424,46.125031]],[[-122.974375,46.123865],[-122.974303,46.123839],[-122.974161,46.123867],[-122.974119,46.123896],[-122.974113,46.123953],[-122.974018,46.123955],[-122.973969,46.123988],[-122.973993,46.124104],[-122.974129,46.124141],[-122.974114,46.124193],[-122.974159,46.124232],[-122.974224,46.124232],[-122.974273,46.124196],[-122.97427,46.124155],[-122.974227,46.124125],[-122.974243,46.124043],[-122.974317,46.124041],[-122.974363,46.124015],[-122.974407,46.123911],[-122.974375,46.123865]],[[-122.974293,46.126383],[-122.974369,46.12634],[-122.974369,46.126247],[-122.974343,46.126215],[-122.974065,46.126189],[-122.974,46.12621],[-122.973983,46.126334],[-122.974011,46.126371],[-122.974293,46.126383]],[[-122.974517,46.127063],[-122.974494,46.126867],[-122.974452,46.126837],[-122.974371,46.126833],[-122.974342,46.126755],[-122.974065,46.126729],[-122.973999,46.12675],[-122.973991,46.126895],[-122.974045,46.126922],[-122.974241,46.126923],[-122.974241,46.127054],[-122.974269,46.127091],[-122.974473,46.127099],[-122.974517,46.127063]],[[-122.97636,46.127099],[-122.976647,46.127115],[-122.976699,46.127074],[-122.976688,46.126678],[-122.976631,46.126654],[-122.976442,46.126654],[-122.976424,46.126583],[-122.976312,46.126563],[-122.976278,46.126483],[-122.976183,46.126473],[-122.976155,46.126396],[-122.976054,46.126383],[-122.976025,46.126306],[-122.975924,46.126293],[-122.975896,46.126216],[-122.975795,46.126203],[-122.975766,46.126126],[-122.975536,46.126113],[-122.975513,46.126039],[-122.975407,46.126023],[-122.975393,46.125957],[-122.975277,46.125933],[-122.975249,46.125856],[-122.975148,46.125843],[-122.975144,46.125702],[-122.9751,46.125667],[-122.975018,46.125663],[-122.975019,46.125573],[-122.975125,46.125557],[-122.975148,46.125483],[-122.975277,46.125483],[-122.975338,46.125507],[-122.975394,46.125493],[-122.975441,46.125441],[-122.975401,46.125337],[-122.975359,46.125307],[-122.975278,46.125303],[-122.975243,46.125222],[-122.975148,46.125213],[-122.97512,46.125136],[-122.975019,46.125123],[-122.975015,46.125072],[-122.974978,46.12504],[-122.974821,46.125009],[-122.974665,46.125042],[-122.974631,46.125082],[-122.97463,46.125483],[-122.974529,46.125495],[-122.974501,46.125573],[-122.974406,46.125582],[-122.974371,46.125663],[-122.974259,46.125683],[-122.974234,46.125818],[-122.974276,46.125841],[-122.974371,46.125843],[-122.974389,46.125913],[-122.9745,46.125933],[-122.974535,46.126014],[-122.97463,46.126023],[-122.974658,46.126101],[-122.974759,46.126113],[-122.974788,46.126191],[-122.974889,46.126203],[-122.974917,46.126281],[-122.975018,46.126293],[-122.975046,46.126371],[-122.975277,46.126383],[-122.975295,46.126454],[-122.975406,46.126473],[-122.975441,46.126554],[-122.975536,46.126563],[-122.975564,46.126641],[-122.975665,46.126653],[-122.975694,46.126731],[-122.975794,46.126744],[-122.975823,46.126821],[-122.975924,46.126834],[-122.975952,46.126911],[-122.976183,46.126924],[-122.976196,46.12699],[-122.976312,46.127014],[-122.976318,46.12707],[-122.97636,46.127099]],[[-122.974862,46.122591],[-122.974908,46.122463],[-122.974856,46.122426],[-122.974632,46.122423],[-122.974563,46.122399],[-122.974421,46.122427],[-122.974373,46.122472],[-122.974379,46.12266],[-122.974435,46.122692],[-122.974584,46.122689],[-122.974626,46.12266],[-122.974632,46.122603],[-122.974862,46.122591]],[[-122.975094,46.127272],[-122.974923,46.127286],[-122.97488,46.127308],[-122.97489,46.12742],[-122.974936,46.127459],[-122.975087,46.127476],[-122.975146,46.127433],[-122.975144,46.127308],[-122.975094,46.127272]],[[-122.975556,46.124263],[-122.975531,46.124167],[-122.975489,46.124137],[-122.975301,46.124149],[-122.975278,46.124223],[-122.975196,46.124227],[-122.975154,46.124257],[-122.975164,46.124396],[-122.975053,46.124412],[-122.975019,46.124493],[-122.974945,46.124496],[-122.974899,46.124522],[-122.97487,46.124617],[-122.974891,46.124657],[-122.974947,46.124673],[-122.975126,46.124657],[-122.975148,46.124583],[-122.97523,46.124579],[-122.975272,46.12455],[-122.975262,46.124411],[-122.975385,46.124388],[-122.975407,46.124313],[-122.975535,46.124297],[-122.975556,46.124263]],[[-122.97507,46.126833],[-122.975144,46.126795],[-122.975138,46.126682],[-122.975085,46.126654],[-122.97493,46.12666],[-122.97489,46.126697],[-122.974898,46.126805],[-122.974951,46.126832],[-122.97507,46.126833]],[[-122.975538,46.122783],[-122.975619,46.122779],[-122.975661,46.12275],[-122.975644,46.122619],[-122.975408,46.122603],[-122.975395,46.122537],[-122.975279,46.122513],[-122.975273,46.122457],[-122.975231,46.122427],[-122.975022,46.12244],[-122.975,46.122479],[-122.97502,46.122603],[-122.974931,46.12261],[-122.974892,46.122647],[-122.974913,46.122767],[-122.975149,46.122783],[-122.975162,46.122849],[-122.975227,46.122873],[-122.975489,46.122869],[-122.975531,46.12284],[-122.975538,46.122783]],[[-122.976303,46.128168],[-122.976315,46.128024],[-122.976182,46.128003],[-122.976169,46.127938],[-122.976053,46.127913],[-122.976025,46.127836],[-122.975794,46.127823],[-122.975794,46.127692],[-122.975766,46.127656],[-122.975546,46.127654],[-122.975522,46.127577],[-122.975406,46.127553],[-122.9754,46.127497],[-122.975358,46.127467],[-122.975197,46.127464],[-122.975144,46.127484],[-122.975128,46.127525],[-122.975165,46.127624],[-122.975276,46.127643],[-122.975282,46.1277],[-122.975324,46.127729],[-122.975524,46.127722],[-122.975544,46.127885],[-122.97559,46.127911],[-122.975665,46.127914],[-122.975699,46.127994],[-122.975794,46.128004],[-122.975822,46.128081],[-122.976053,46.128094],[-122.976081,46.128171],[-122.976229,46.128197],[-122.976303,46.128168]],[[-122.975425,46.126968],[-122.9754,46.126867],[-122.975351,46.126836],[-122.975202,46.126836],[-122.975151,46.126872],[-122.975151,46.126975],[-122.975202,46.127011],[-122.975392,46.127004],[-122.975425,46.126968]],[[-122.975877,46.124678],[-122.975719,46.12465],[-122.975546,46.124702],[-122.975536,46.124943],[-122.975448,46.12495],[-122.975408,46.124987],[-122.975408,46.12508],[-122.975448,46.125117],[-122.975631,46.125114],[-122.975666,46.125033],[-122.975761,46.125024],[-122.975795,46.124943],[-122.97587,46.124941],[-122.975916,46.124915],[-122.975922,46.124712],[-122.975877,46.124678]],[[-122.975795,46.125303],[-122.975877,46.125299],[-122.975921,46.125265],[-122.975921,46.125162],[-122.97587,46.125126],[-122.975707,46.12513],[-122.975669,46.125162],[-122.975666,46.125213],[-122.975584,46.125217],[-122.97554,46.125252],[-122.97554,46.125355],[-122.975591,46.125391],[-122.975761,46.125384],[-122.975795,46.125303]],[[-122.975814,46.125708],[-122.975789,46.125607],[-122.975747,46.125578],[-122.975604,46.12556],[-122.975542,46.125593],[-122.975538,46.12571],[-122.975584,46.125749],[-122.975775,46.125747],[-122.975814,46.125708]],[[-122.976236,46.123143],[-122.976312,46.1231],[-122.976312,46.123007],[-122.976279,46.122973],[-122.976116,46.122939],[-122.975922,46.122984],[-122.975906,46.123025],[-122.97596,46.123134],[-122.976236,46.123143]],[[-122.976995,46.124091],[-122.976948,46.123978],[-122.976831,46.123954],[-122.976825,46.123897],[-122.976776,46.123866],[-122.976607,46.123873],[-122.976572,46.123954],[-122.976314,46.123953],[-122.976312,46.123817],[-122.976273,46.12378],[-122.975975,46.123774],[-122.975908,46.123813],[-122.975943,46.123934],[-122.976055,46.123954],[-122.976072,46.124024],[-122.976184,46.124044],[-122.976202,46.124114],[-122.976313,46.124134],[-122.976326,46.1242],[-122.976443,46.124224],[-122.976449,46.12428],[-122.976498,46.124311],[-122.976803,46.124301],[-122.976831,46.124224],[-122.976913,46.12422],[-122.976955,46.12419],[-122.976995,46.124091]],[[-122.976589,46.125084],[-122.97657,46.124897],[-122.976531,46.12486],[-122.976374,46.124829],[-122.976193,46.124882],[-122.976149,46.124991],[-122.976225,46.125117],[-122.976537,46.125121],[-122.976589,46.125084]],[[-122.976438,46.127529],[-122.976459,46.127413],[-122.976407,46.127376],[-122.976225,46.127375],[-122.976165,46.127413],[-122.976188,46.12752],[-122.976238,46.127551],[-122.976402,46.12756],[-122.976438,46.127529]],[[-122.97636,46.126199],[-122.976511,46.126216],[-122.976563,46.126188],[-122.976566,46.126057],[-122.976509,46.126025],[-122.97634,46.126028],[-122.976293,46.126074],[-122.976318,46.12617],[-122.97636,46.126199]],[[-122.976493,46.128724],[-122.976569,46.12868],[-122.976567,46.128492],[-122.976515,46.128456],[-122.976367,46.128456],[-122.976313,46.128497],[-122.976315,46.128685],[-122.976367,46.128721],[-122.976493,46.128724]],[[-122.976572,46.125524],[-122.976504,46.12547],[-122.976341,46.125496],[-122.976313,46.125532],[-122.97633,46.125657],[-122.976395,46.125677],[-122.976543,46.125651],[-122.97657,46.12562],[-122.976572,46.125524]],[[-122.976701,46.126293],[-122.97672,46.126249],[-122.976687,46.126213],[-122.976614,46.126205],[-122.976564,46.126229],[-122.976554,46.12627],[-122.97659,46.126307],[-122.976648,46.126317],[-122.976701,46.126293]],[[-122.976978,46.128409],[-122.976953,46.128307],[-122.976904,46.128276],[-122.976742,46.128275],[-122.976683,46.128313],[-122.976706,46.12842],[-122.976755,46.128451],[-122.976945,46.128444],[-122.976978,46.128409]],[[-122.976748,46.12899],[-122.976898,46.129006],[-122.97695,46.128979],[-122.976953,46.128847],[-122.976896,46.128815],[-122.976727,46.128818],[-122.97668,46.128864],[-122.976706,46.12896],[-122.976748,46.12899]],[[-122.976882,46.125394],[-122.976957,46.125355],[-122.976951,46.125242],[-122.976898,46.125215],[-122.976742,46.12522],[-122.976703,46.125257],[-122.97671,46.125365],[-122.976764,46.125393],[-122.976882,46.125394]],[[-122.976881,46.128004],[-122.976956,46.127965],[-122.97695,46.127852],[-122.976897,46.127825],[-122.976741,46.12783],[-122.976702,46.127867],[-122.976709,46.127975],[-122.976763,46.128003],[-122.976881,46.128004]],[[-122.978548,46.124992],[-122.9785,46.124878],[-122.978384,46.124854],[-122.978356,46.124776],[-122.978125,46.124764],[-122.978119,46.124707],[-122.978077,46.124678],[-122.977866,46.124674],[-122.977805,46.12465],[-122.977737,46.124674],[-122.977608,46.124674],[-122.977608,46.124584],[-122.977714,46.124568],[-122.97777,46.124462],[-122.977728,46.124342],[-122.977675,46.124315],[-122.977478,46.124314],[-122.977472,46.124167],[-122.97743,46.124138],[-122.977349,46.124134],[-122.977314,46.124053],[-122.977148,46.124044],[-122.977092,46.12406],[-122.97707,46.1241],[-122.97709,46.124494],[-122.977055,46.124536],[-122.97709,46.124584],[-122.97709,46.124674],[-122.976995,46.124683],[-122.97696,46.124764],[-122.976849,46.124783],[-122.976831,46.124895],[-122.976872,46.124937],[-122.97696,46.124944],[-122.976989,46.125021],[-122.97709,46.125034],[-122.977118,46.125111],[-122.977219,46.125124],[-122.977247,46.125201],[-122.977478,46.125214],[-122.977512,46.125295],[-122.977682,46.125301],[-122.977731,46.12527],[-122.977737,46.125214],[-122.977853,46.12519],[-122.977866,46.125124],[-122.97805,46.125138],[-122.978108,46.125117],[-122.978125,46.124944],[-122.978255,46.124944],[-122.978258,46.125086],[-122.978332,46.125124],[-122.978451,46.125123],[-122.9785,46.1251],[-122.978548,46.124992]],[[-122.9774,46.126294],[-122.977472,46.12626],[-122.977476,46.126157],[-122.977436,46.12612],[-122.977348,46.126114],[-122.977314,46.126033],[-122.977089,46.126024],[-122.977021,46.126],[-122.976843,46.126048],[-122.976831,46.126155],[-122.976865,46.126195],[-122.977089,46.126204],[-122.977095,46.12626],[-122.977144,46.126291],[-122.9774,46.126294]],[[-122.978124,46.127194],[-122.978111,46.127128],[-122.978047,46.127104],[-122.9779,46.127113],[-122.977865,46.127194],[-122.977736,46.127194],[-122.977723,46.127128],[-122.977607,46.127104],[-122.977584,46.12703],[-122.977461,46.127006],[-122.977477,46.126924],[-122.977572,46.126915],[-122.977607,46.126834],[-122.977681,46.126832],[-122.977727,46.126805],[-122.977736,46.126703],[-122.977702,46.126663],[-122.977518,46.12666],[-122.977481,46.126692],[-122.977475,46.126744],[-122.977218,46.126744],[-122.977209,46.126682],[-122.977156,46.126655],[-122.977022,46.126655],[-122.976973,46.126678],[-122.976945,46.126799],[-122.976994,46.126831],[-122.977089,46.126834],[-122.977089,46.126924],[-122.976973,46.126948],[-122.976929,46.127077],[-122.976978,46.127117],[-122.977036,46.127127],[-122.97719,46.127091],[-122.977218,46.127014],[-122.977364,46.127021],[-122.977348,46.127194],[-122.977313,46.127242],[-122.977382,46.127365],[-122.977538,46.127398],[-122.977607,46.127374],[-122.977865,46.127374],[-122.977888,46.127448],[-122.977995,46.127464],[-122.978028,46.127558],[-122.978198,46.127552],[-122.978253,46.127505],[-122.978253,46.127243],[-122.978213,46.1272],[-122.978124,46.127194]],[[-122.977831,46.128175],[-122.977873,46.128029],[-122.97783,46.128006],[-122.977736,46.128004],[-122.977707,46.127926],[-122.977477,46.127914],[-122.977454,46.12784],[-122.977347,46.127824],[-122.977348,46.127734],[-122.977449,46.12773],[-122.977494,46.127694],[-122.977442,46.127563],[-122.977273,46.127556],[-122.977224,46.127587],[-122.977218,46.127644],[-122.977009,46.127644],[-122.976951,46.127669],[-122.976972,46.1278],[-122.977088,46.127824],[-122.977123,46.127905],[-122.977218,46.127914],[-122.977246,46.127992],[-122.977347,46.128004],[-122.977382,46.128085],[-122.977606,46.128094],[-122.977619,46.12816],[-122.977684,46.128184],[-122.977831,46.128175]],[[-122.977088,46.129084],[-122.977107,46.129039],[-122.977074,46.129003],[-122.977009,46.128994],[-122.976955,46.129014],[-122.976939,46.129055],[-122.976977,46.129097],[-122.977035,46.129107],[-122.977088,46.129084]],[[-122.977141,46.126564],[-122.977215,46.126525],[-122.977209,46.126412],[-122.977156,46.126385],[-122.977001,46.12639],[-122.976961,46.126427],[-122.976969,46.126535],[-122.977022,46.126563],[-122.977141,46.126564]],[[-122.97714,46.128184],[-122.977214,46.128145],[-122.977209,46.128032],[-122.977155,46.128005],[-122.977,46.12801],[-122.97696,46.128047],[-122.976968,46.128155],[-122.977021,46.128183],[-122.97714,46.128184]],[[-122.97714,46.128634],[-122.977214,46.128595],[-122.977209,46.128482],[-122.977155,46.128455],[-122.976998,46.128447],[-122.976959,46.128489],[-122.976968,46.128605],[-122.977021,46.128633],[-122.97714,46.128634]],[[-122.979324,46.126702],[-122.979267,46.12658],[-122.97916,46.126564],[-122.979142,46.126494],[-122.979031,46.126474],[-122.979013,46.126404],[-122.978901,46.126384],[-122.978884,46.126314],[-122.978772,46.126294],[-122.978754,46.126224],[-122.978643,46.126204],[-122.978629,46.126138],[-122.978513,46.126114],[-122.978479,46.126033],[-122.977866,46.126024],[-122.977857,46.125872],[-122.977811,46.125846],[-122.977737,46.125844],[-122.977731,46.125607],[-122.977689,46.125578],[-122.977607,46.125574],[-122.977573,46.125493],[-122.977478,46.125484],[-122.977449,46.125406],[-122.977038,46.125394],[-122.976978,46.125413],[-122.976978,46.125554],[-122.977089,46.125574],[-122.977124,46.125655],[-122.977219,46.125664],[-122.977247,46.125741],[-122.977348,46.125754],[-122.977377,46.125832],[-122.977478,46.125844],[-122.977491,46.126],[-122.977607,46.126024],[-122.977641,46.126105],[-122.977736,46.126114],[-122.977736,46.126204],[-122.977641,46.126213],[-122.977607,46.126294],[-122.977525,46.126298],[-122.977483,46.126327],[-122.97749,46.12654],[-122.977547,46.126564],[-122.977688,46.12656],[-122.97773,46.126531],[-122.977736,46.126474],[-122.977853,46.12645],[-122.977866,46.126384],[-122.977995,46.126384],[-122.977995,46.126474],[-122.977883,46.126494],[-122.977831,46.126612],[-122.977883,46.126724],[-122.977995,46.126744],[-122.977995,46.126875],[-122.978023,46.126912],[-122.978254,46.126924],[-122.978288,46.127005],[-122.978513,46.127014],[-122.978541,46.127092],[-122.978726,46.127127],[-122.978873,46.127092],[-122.978901,46.127014],[-122.979002,46.127002],[-122.979031,46.126924],[-122.979125,46.126915],[-122.97916,46.126834],[-122.979272,46.126814],[-122.979324,46.126702]],[[-122.977495,46.128769],[-122.977471,46.128667],[-122.977421,46.128636],[-122.977273,46.128636],[-122.977221,46.128672],[-122.977221,46.128775],[-122.977273,46.128811],[-122.977463,46.128804],[-122.977495,46.128769]],[[-122.9789,46.130164],[-122.978988,46.130158],[-122.979028,46.130121],[-122.979029,46.129853],[-122.978981,46.129808],[-122.978704,46.129805],[-122.97865,46.129833],[-122.978641,46.129894],[-122.978264,46.129905],[-122.978244,46.129833],[-122.97819,46.129805],[-122.977805,46.129804],[-122.977741,46.129837],[-122.977736,46.129954],[-122.977781,46.129993],[-122.978242,46.129973],[-122.978262,46.130135],[-122.978308,46.130162],[-122.978382,46.130164],[-122.978388,46.130221],[-122.97843,46.13025],[-122.978845,46.130252],[-122.978894,46.130221],[-122.9789,46.130164]],[[-122.977994,46.129534],[-122.97796,46.129571],[-122.977974,46.129611],[-122.978033,46.129637],[-122.97809,46.129628],[-122.978122,46.129594],[-122.978111,46.129545],[-122.978056,46.129521],[-122.977994,46.129534]],[[-122.978124,46.128814],[-122.97809,46.128851],[-122.978104,46.128891],[-122.978163,46.128917],[-122.97822,46.128908],[-122.978252,46.128874],[-122.978241,46.128825],[-122.978185,46.128801],[-122.978124,46.128814]],[[-122.97843,46.12971],[-122.978581,46.129727],[-122.978632,46.129699],[-122.978635,46.129567],[-122.978579,46.129535],[-122.97841,46.129538],[-122.978363,46.129584],[-122.978388,46.129681],[-122.97843,46.12971]],[[-122.978639,46.128632],[-122.978588,46.12861],[-122.97853,46.128621],[-122.978493,46.128663],[-122.978509,46.128703],[-122.978562,46.128724],[-122.978634,46.128711],[-122.978661,46.128674],[-122.978639,46.128632]],[[-122.979177,46.128144],[-122.979131,46.128016],[-122.978901,46.128004],[-122.978895,46.127947],[-122.978853,46.127918],[-122.978695,46.12789],[-122.978612,46.127941],[-122.978655,46.12807],[-122.978771,46.128094],[-122.978777,46.128151],[-122.978819,46.12818],[-122.978962,46.128208],[-122.979125,46.128182],[-122.979177,46.128144]],[[-122.978917,46.128864],[-122.978872,46.128736],[-122.978702,46.128712],[-122.978647,46.128744],[-122.978624,46.128864],[-122.978684,46.128903],[-122.978866,46.128902],[-122.978917,46.128864]],[[-122.979083,46.125754],[-122.979157,46.125716],[-122.979147,46.125598],[-122.97909,46.125574],[-122.978915,46.125584],[-122.978882,46.12563],[-122.978915,46.12573],[-122.978964,46.125753],[-122.979083,46.125754]],[[-122.979159,46.128584],[-122.979132,46.128543],[-122.979077,46.12853],[-122.979015,46.128553],[-122.978995,46.128592],[-122.979021,46.128629],[-122.979084,46.128648],[-122.979142,46.128628],[-122.979159,46.128584]],[[-122.97934,46.130704],[-122.979416,46.130661],[-122.979416,46.130568],[-122.979389,46.130536],[-122.979107,46.130524],[-122.979047,46.130544],[-122.979029,46.130655],[-122.979057,46.130692],[-122.97934,46.130704]],[[-122.979671,46.129141],[-122.979696,46.128949],[-122.979657,46.128911],[-122.979466,46.128908],[-122.979424,46.128938],[-122.979418,46.128994],[-122.979234,46.12898],[-122.979181,46.128997],[-122.979144,46.12914],[-122.979194,46.129172],[-122.979288,46.129174],[-122.979292,46.129239],[-122.979335,46.129273],[-122.979499,46.12926],[-122.979542,46.129231],[-122.979548,46.129174],[-122.979629,46.12917],[-122.979671,46.129141]],[[-122.979696,46.127869],[-122.979671,46.127768],[-122.979622,46.127737],[-122.979474,46.127737],[-122.979422,46.127772],[-122.979422,46.127876],[-122.979474,46.127912],[-122.979664,46.127905],[-122.979696,46.127869]],[[-122.982395,46.129085],[-122.982392,46.129033],[-122.982354,46.129001],[-122.982137,46.128995],[-122.982136,46.128863],[-122.982102,46.128824],[-122.981946,46.128791],[-122.981878,46.128815],[-122.981748,46.128815],[-122.981748,46.128725],[-122.981783,46.128677],[-122.981714,46.128554],[-122.981558,46.12852],[-122.981489,46.128544],[-122.98136,46.128544],[-122.981354,46.128474],[-122.9813,46.128442],[-122.981136,46.128464],[-122.981101,46.128544],[-122.981,46.128557],[-122.980971,46.128634],[-122.98087,46.128647],[-122.980842,46.128724],[-122.980747,46.128734],[-122.980712,46.128814],[-122.980631,46.128819],[-122.980586,46.128853],[-122.980586,46.128956],[-122.980646,46.128993],[-122.980794,46.12899],[-122.980836,46.128961],[-122.980842,46.128905],[-122.980971,46.128905],[-122.980971,46.128994],[-122.980865,46.12901],[-122.980809,46.129116],[-122.980842,46.129174],[-122.980842,46.129264],[-122.980501,46.129268],[-122.980459,46.129298],[-122.980434,46.129389],[-122.980488,46.129442],[-122.980712,46.129444],[-122.980735,46.129519],[-122.980842,46.129535],[-122.980855,46.1296],[-122.980971,46.129625],[-122.981,46.129702],[-122.981101,46.129715],[-122.9811,46.129894],[-122.981026,46.129897],[-122.98098,46.129923],[-122.980971,46.130074],[-122.980712,46.130074],[-122.980689,46.13],[-122.980583,46.129984],[-122.980582,46.129853],[-122.980554,46.129817],[-122.980324,46.129804],[-122.980321,46.129753],[-122.980283,46.129721],[-122.980113,46.129718],[-122.980071,46.129748],[-122.980065,46.129804],[-122.979983,46.129808],[-122.979939,46.129843],[-122.979935,46.130074],[-122.979841,46.130083],[-122.979806,46.130164],[-122.979724,46.130168],[-122.979682,46.130198],[-122.97969,46.13041],[-122.979746,46.130434],[-122.979935,46.130434],[-122.979953,46.130505],[-122.980065,46.130524],[-122.980078,46.13059],[-122.980194,46.130614],[-122.980197,46.130666],[-122.980235,46.130698],[-122.980582,46.130704],[-122.980583,46.130926],[-122.980623,46.130968],[-122.980786,46.130972],[-122.980835,46.130941],[-122.980841,46.130885],[-122.980971,46.130885],[-122.980974,46.130936],[-122.981012,46.130968],[-122.98123,46.130975],[-122.981243,46.131041],[-122.981359,46.131065],[-122.981362,46.131116],[-122.9814,46.131148],[-122.981713,46.131146],[-122.981747,46.131065],[-122.981822,46.131062],[-122.981868,46.131036],[-122.981877,46.130885],[-122.981993,46.130861],[-122.982005,46.130748],[-122.981965,46.130711],[-122.981877,46.130705],[-122.981849,46.130627],[-122.981748,46.130615],[-122.981713,46.130534],[-122.981489,46.130525],[-122.981489,46.130345],[-122.981595,46.130329],[-122.981618,46.130255],[-122.981735,46.130231],[-122.981748,46.130165],[-122.981984,46.130149],[-122.982007,46.129985],[-122.982108,46.129972],[-122.982136,46.129895],[-122.982237,46.129882],[-122.982266,46.129805],[-122.982361,46.129796],[-122.982395,46.129715],[-122.982469,46.129712],[-122.982515,46.129686],[-122.982502,46.129551],[-122.982321,46.129537],[-122.982272,46.129568],[-122.982266,46.129625],[-122.982149,46.129649],[-122.982136,46.129715],[-122.982024,46.129734],[-122.982007,46.129805],[-122.981877,46.129805],[-122.981877,46.129625],[-122.981978,46.129612],[-122.982007,46.129535],[-122.982108,46.129522],[-122.982136,46.129445],[-122.982237,46.129432],[-122.982266,46.129355],[-122.982361,46.129346],[-122.982395,46.129265],[-122.98247,46.129262],[-122.982516,46.129236],[-122.982516,46.129113],[-122.98247,46.129087],[-122.982395,46.129085]],[[-122.980118,46.126114],[-122.980194,46.126071],[-122.980187,46.125873],[-122.980141,46.125847],[-122.980067,46.125844],[-122.980063,46.125793],[-122.980025,46.125761],[-122.979839,46.125735],[-122.979773,46.125797],[-122.979807,46.125844],[-122.979817,46.125996],[-122.979863,46.126022],[-122.979937,46.126024],[-122.97994,46.126076],[-122.979978,46.126108],[-122.980118,46.126114]],[[-122.980846,46.127534],[-122.980839,46.127413],[-122.980801,46.127381],[-122.980584,46.127374],[-122.980583,46.127243],[-122.980555,46.127207],[-122.980325,46.127194],[-122.980323,46.127058],[-122.980284,46.127021],[-122.980107,46.127021],[-122.980069,46.127053],[-122.980066,46.127104],[-122.979992,46.127107],[-122.979946,46.127133],[-122.979946,46.127346],[-122.979992,46.127372],[-122.980066,46.127374],[-122.980075,46.127526],[-122.980121,46.127552],[-122.980195,46.127554],[-122.98023,46.127635],[-122.980325,46.127644],[-122.980328,46.127696],[-122.980366,46.127728],[-122.980555,46.127722],[-122.980584,46.127644],[-122.9807,46.12762],[-122.980713,46.127554],[-122.980846,46.127534]],[[-122.982819,46.127152],[-122.982771,46.127039],[-122.982655,46.127015],[-122.982632,46.126941],[-122.982526,46.126925],[-122.982522,46.126693],[-122.982478,46.126659],[-122.982396,46.126655],[-122.982362,46.126574],[-122.982192,46.126567],[-122.982143,46.126598],[-122.982137,46.126655],[-122.981889,46.126666],[-122.981878,46.126475],[-122.981995,46.126451],[-122.982007,46.126343],[-122.981967,46.126301],[-122.981879,46.126295],[-122.98185,46.126217],[-122.98162,46.126204],[-122.981607,46.126139],[-122.981542,46.126115],[-122.981395,46.126124],[-122.981361,46.126204],[-122.981231,46.126204],[-122.981209,46.12613],[-122.981102,46.126114],[-122.981084,46.126044],[-122.980973,46.126024],[-122.980938,46.125944],[-122.980843,46.125934],[-122.980815,46.125857],[-122.980714,46.125844],[-122.980713,46.125713],[-122.980685,46.125677],[-122.980325,46.125664],[-122.980316,46.125603],[-122.980263,46.125575],[-122.980117,46.125575],[-122.980063,46.125595],[-122.980047,46.125635],[-122.980084,46.125735],[-122.980196,46.125754],[-122.98023,46.125835],[-122.980325,46.125844],[-122.980354,46.125922],[-122.980455,46.125934],[-122.980483,46.126012],[-122.980584,46.126024],[-122.980612,46.126102],[-122.980713,46.126114],[-122.980736,46.126189],[-122.980972,46.126204],[-122.98099,46.126275],[-122.981102,46.126295],[-122.981115,46.12636],[-122.981231,46.126385],[-122.981235,46.126436],[-122.981272,46.126468],[-122.98149,46.126475],[-122.981513,46.126639],[-122.981619,46.126655],[-122.981625,46.126711],[-122.981667,46.12674],[-122.981867,46.126734],[-122.981901,46.126819],[-122.982008,46.126835],[-122.982017,46.126986],[-122.982063,46.127012],[-122.982137,46.127015],[-122.982165,46.127092],[-122.982396,46.127105],[-122.982402,46.127251],[-122.982444,46.127281],[-122.982525,46.127285],[-122.982529,46.127336],[-122.982566,46.127368],[-122.982722,46.127374],[-122.982775,46.127346],[-122.982784,46.127195],[-122.982819,46.127152]],[[-122.980455,46.125394],[-122.98042,46.125313],[-122.980251,46.125307],[-122.980202,46.125338],[-122.980179,46.125445],[-122.980223,46.12548],[-122.980325,46.125484],[-122.980329,46.125536],[-122.980366,46.125568],[-122.980529,46.125572],[-122.980581,46.125536],[-122.980581,46.125433],[-122.980536,46.125398],[-122.980455,46.125394]],[[-122.981231,46.126654],[-122.981222,46.126593],[-122.981169,46.126565],[-122.980713,46.126564],[-122.980708,46.126494],[-122.980653,46.126462],[-122.980258,46.126475],[-122.980196,46.126523],[-122.980197,46.126791],[-122.980237,46.126828],[-122.980325,46.126834],[-122.980328,46.126886],[-122.980366,46.126918],[-122.980515,46.126948],[-122.980584,46.126924],[-122.980713,46.126924],[-122.980726,46.12699],[-122.980843,46.127014],[-122.980871,46.127092],[-122.981039,46.127103],[-122.981092,46.127076],[-122.981102,46.127015],[-122.981213,46.126995],[-122.981231,46.126925],[-122.981313,46.12692],[-122.981357,46.126886],[-122.981355,46.126688],[-122.981313,46.126659],[-122.981231,46.126654]],[[-122.981378,46.13129],[-122.981353,46.131188],[-122.981304,46.131157],[-122.981142,46.131156],[-122.981083,46.131194],[-122.981106,46.131301],[-122.981155,46.131332],[-122.981345,46.131325],[-122.981378,46.13129]],[[-122.981744,46.131746],[-122.981764,46.131644],[-122.981712,46.131607],[-122.981549,46.131581],[-122.981393,46.131614],[-122.981359,46.131653],[-122.981375,46.131777],[-122.981277,46.131789],[-122.981233,46.131823],[-122.981242,46.131941],[-122.981299,46.131964],[-122.981454,46.131955],[-122.981488,46.131916],[-122.981472,46.131792],[-122.981706,46.131778],[-122.981744,46.131746]],[[-122.982299,46.127433],[-122.982253,46.127309],[-122.982137,46.127285],[-122.982114,46.12721],[-122.982008,46.127195],[-122.981985,46.12712],[-122.981878,46.127105],[-122.981861,46.126944],[-122.981694,46.126911],[-122.981628,46.12694],[-122.981619,46.127014],[-122.981503,46.127039],[-122.981456,46.127142],[-122.981507,46.127265],[-122.981619,46.127285],[-122.981619,46.127374],[-122.981501,46.127386],[-122.981406,46.127352],[-122.981341,46.127414],[-122.981388,46.12746],[-122.981479,46.127454],[-122.981495,46.127535],[-122.98155,46.127567],[-122.981714,46.127545],[-122.98175,46.127465],[-122.982007,46.127465],[-122.982042,46.127546],[-122.982196,46.127554],[-122.982257,46.127526],[-122.982299,46.127433]],[[-122.982784,46.127825],[-122.982775,46.127763],[-122.982722,46.127736],[-122.982185,46.127739],[-122.982143,46.127768],[-122.982137,46.127825],[-122.98202,46.127849],[-122.982007,46.127915],[-122.981896,46.127934],[-122.981878,46.128005],[-122.981766,46.128024],[-122.981748,46.128095],[-122.981531,46.128101],[-122.981493,46.128133],[-122.981489,46.128184],[-122.981408,46.128189],[-122.981363,46.128223],[-122.98136,46.12833],[-122.981387,46.128365],[-122.981619,46.128365],[-122.981636,46.128435],[-122.981748,46.128455],[-122.981783,46.128535],[-122.981878,46.128545],[-122.981906,46.128622],[-122.982136,46.128635],[-122.982159,46.128709],[-122.982266,46.128725],[-122.982267,46.128861],[-122.982321,46.128902],[-122.982592,46.128904],[-122.982651,46.128866],[-122.982653,46.128678],[-122.982613,46.128641],[-122.982525,46.128635],[-122.982525,46.128455],[-122.982606,46.128451],[-122.982651,46.128416],[-122.982655,46.128185],[-122.982749,46.128176],[-122.982784,46.128095],[-122.982865,46.128091],[-122.98291,46.128056],[-122.982908,46.127858],[-122.982866,46.127829],[-122.982784,46.127825]],[[-122.982932,46.130564],[-122.982912,46.130393],[-122.982878,46.130354],[-122.982524,46.130345],[-122.982544,46.130215],[-122.982511,46.130174],[-122.982326,46.130141],[-122.982149,46.130189],[-122.982136,46.130345],[-122.982101,46.130387],[-122.982117,46.130422],[-122.982197,46.130459],[-122.982265,46.130435],[-122.982395,46.130435],[-122.982395,46.130525],[-122.982313,46.130529],[-122.982269,46.130563],[-122.982267,46.130661],[-122.9823,46.130696],[-122.982456,46.130729],[-122.982606,46.130701],[-122.982648,46.130671],[-122.982654,46.130615],[-122.982905,46.130602],[-122.982932,46.130564]],[[-122.982317,46.131065],[-122.982391,46.131026],[-122.982386,46.130913],[-122.982332,46.130886],[-122.982177,46.130891],[-122.982139,46.130923],[-122.982124,46.131035],[-122.982178,46.131064],[-122.982317,46.131065]],[[-122.982502,46.130059],[-122.982557,46.129953],[-122.982548,46.129912],[-122.982493,46.129876],[-122.982441,46.129872],[-122.982283,46.129914],[-122.982233,46.130043],[-122.982284,46.130088],[-122.982349,46.130097],[-122.982502,46.130059]],[[-122.982571,46.133221],[-122.982715,46.133238],[-122.98277,46.133214],[-122.982779,46.133083],[-122.982727,46.133047],[-122.982579,46.133047],[-122.982527,46.133083],[-122.982527,46.133186],[-122.982571,46.133221]],[[-122.982783,46.131015],[-122.982723,46.130962],[-122.982559,46.130984],[-122.982524,46.131023],[-122.982537,46.131131],[-122.982594,46.131154],[-122.982748,46.131146],[-122.982782,46.131111],[-122.982783,46.131015]],[[-122.982701,46.131421],[-122.982845,46.131438],[-122.9829,46.131414],[-122.982909,46.131283],[-122.982857,46.131247],[-122.982709,46.131247],[-122.982657,46.131283],[-122.982657,46.131386],[-122.982701,46.131421]],[[-122.982965,46.127015],[-122.98304,46.126976],[-122.983034,46.126863],[-122.982981,46.126836],[-122.982825,46.126841],[-122.982786,46.126878],[-122.982793,46.126986],[-122.982847,46.127014],[-122.982965,46.127015]],[[-122.984596,46.129395],[-122.984535,46.129343],[-122.984337,46.129355],[-122.98434,46.129196],[-122.984295,46.129176],[-122.984148,46.129175],[-122.984081,46.129213],[-122.984078,46.129355],[-122.983971,46.129371],[-122.983948,46.129445],[-122.98356,46.129445],[-122.983543,46.129375],[-122.983431,46.129355],[-122.983413,46.129285],[-122.983301,46.129265],[-122.983288,46.129199],[-122.983172,46.129175],[-122.983169,46.129123],[-122.983131,46.129091],[-122.982846,46.129086],[-122.982785,46.129128],[-122.982785,46.129221],[-122.982812,46.129253],[-122.983042,46.129265],[-122.983042,46.129535],[-122.982954,46.129541],[-122.982913,46.129583],[-122.982914,46.129761],[-122.982975,46.129804],[-122.983301,46.129805],[-122.983377,46.129828],[-122.983532,46.129793],[-122.98356,46.129715],[-122.983689,46.129715],[-122.98367,46.129844],[-122.983703,46.129885],[-122.984043,46.129893],[-122.984097,46.12985],[-122.984078,46.129715],[-122.984185,46.129699],[-122.984207,46.129625],[-122.984439,46.129626],[-122.984466,46.129535],[-122.984548,46.129531],[-122.98459,46.129502],[-122.984596,46.129395]],[[-122.984204,46.129047],[-122.984227,46.128955],[-122.984206,46.128921],[-122.984078,46.128905],[-122.984061,46.128835],[-122.983949,46.128815],[-122.983931,46.128745],[-122.983819,46.128725],[-122.983806,46.128659],[-122.98369,46.128635],[-122.983687,46.128583],[-122.983649,46.128551],[-122.983431,46.128545],[-122.983422,46.128483],[-122.983361,46.128455],[-122.983207,46.128464],[-122.983161,46.128556],[-122.983043,46.128545],[-122.983037,46.128488],[-122.982988,46.128457],[-122.982846,46.128456],[-122.982793,46.128483],[-122.98279,46.128601],[-122.982832,46.128631],[-122.982913,46.128635],[-122.982942,46.128713],[-122.983119,46.128736],[-122.983166,46.128705],[-122.983183,46.128624],[-122.983301,46.128635],[-122.983319,46.128885],[-122.983372,46.128905],[-122.98356,46.128905],[-122.983583,46.128979],[-122.98369,46.128995],[-122.98369,46.129085],[-122.983499,46.129071],[-122.98344,46.1291],[-122.983431,46.129216],[-122.983472,46.129258],[-122.983778,46.129259],[-122.983816,46.129227],[-122.983819,46.129175],[-122.983936,46.129151],[-122.983949,46.129085],[-122.984166,46.129079],[-122.984204,46.129047]],[[-122.984907,46.128185],[-122.984981,46.128147],[-122.984967,46.128025],[-122.984855,46.128005],[-122.984821,46.127924],[-122.984726,46.127915],[-122.984697,46.127837],[-122.984596,46.127825],[-122.984568,46.127747],[-122.984467,46.127735],[-122.984438,46.127657],[-122.984337,46.127645],[-122.984309,46.127567],[-122.984208,46.127555],[-122.98418,46.127477],[-122.984079,46.127465],[-122.98405,46.127387],[-122.98382,46.127375],[-122.983802,46.127305],[-122.98369,46.127285],[-122.983677,46.127219],[-122.983561,46.127195],[-122.983526,46.127114],[-122.983221,46.127109],[-122.983178,46.127138],[-122.983172,46.127195],[-122.983056,46.127219],[-122.983043,46.127285],[-122.982927,46.127309],[-122.982879,46.127417],[-122.982917,46.127516],[-122.982961,46.127551],[-122.983043,46.127555],[-122.983077,46.127636],[-122.983234,46.127658],[-122.983299,46.12762],[-122.983299,46.127503],[-122.983254,46.127469],[-122.983173,46.127465],[-122.983173,46.127375],[-122.983431,46.127375],[-122.983435,46.127426],[-122.983472,46.127458],[-122.98369,46.127465],[-122.983708,46.127535],[-122.98382,46.127555],[-122.983854,46.127636],[-122.983949,46.127645],[-122.983977,46.127723],[-122.984078,46.127735],[-122.984107,46.127813],[-122.984208,46.127825],[-122.984236,46.127903],[-122.984337,46.127915],[-122.984366,46.127993],[-122.984596,46.128005],[-122.984597,46.128136],[-122.984625,46.128173],[-122.984907,46.128185]],[[-122.983483,46.128365],[-122.983538,46.128349],[-122.98356,46.128316],[-122.983559,46.128228],[-122.98352,46.128191],[-122.983113,46.128185],[-122.983052,46.128213],[-122.983044,46.128321],[-122.983084,46.128358],[-122.983483,46.128365]],[[-122.983304,46.130166],[-122.983247,46.130151],[-122.983189,46.130171],[-122.983172,46.13022],[-122.983199,46.130256],[-122.983262,46.130268],[-122.983321,46.130242],[-122.983335,46.130202],[-122.983304,46.130166]],[[-122.983304,46.130073],[-122.983335,46.130038],[-122.98332,46.129998],[-122.983262,46.129972],[-122.983199,46.129984],[-122.983172,46.13002],[-122.983189,46.130068],[-122.983247,46.130089],[-122.983304,46.130073]],[[-122.983838,46.12796],[-122.983819,46.127784],[-122.983785,46.127744],[-122.983561,46.127735],[-122.983552,46.127673],[-122.983498,46.127646],[-122.983344,46.127646],[-122.983294,46.12767],[-122.983315,46.127801],[-122.983431,46.127825],[-122.983466,46.127906],[-122.983561,46.127915],[-122.983595,46.127996],[-122.983799,46.127998],[-122.983838,46.12796]],[[-122.983819,46.131875],[-122.983826,46.13181],[-122.983776,46.131786],[-122.9837,46.131796],[-122.983683,46.131728],[-122.983641,46.131699],[-122.983371,46.131695],[-122.983307,46.131728],[-122.983302,46.131845],[-122.983347,46.131884],[-122.983678,46.131864],[-122.983758,46.131899],[-122.983819,46.131875]],[[-122.98369,46.130615],[-122.983708,46.13057],[-122.983676,46.130534],[-122.983602,46.130526],[-122.983552,46.13055],[-122.983542,46.130591],[-122.983578,46.130628],[-122.983636,46.130638],[-122.98369,46.130615]],[[-122.984595,46.133405],[-122.984614,46.133276],[-122.984593,46.133242],[-122.984465,46.133225],[-122.984452,46.133069],[-122.984336,46.133045],[-122.984336,46.132865],[-122.984371,46.132817],[-122.984318,46.132705],[-122.984266,46.132685],[-122.984077,46.132685],[-122.984068,46.132624],[-122.984015,46.132596],[-122.983696,46.132608],[-122.983669,46.132651],[-122.983695,46.132742],[-122.983737,46.132771],[-122.983818,46.132775],[-122.983841,46.132849],[-122.984077,46.132865],[-122.984077,46.133135],[-122.983955,46.133148],[-122.983928,46.133185],[-122.983943,46.133221],[-122.984008,46.133249],[-122.984088,46.133214],[-122.984206,46.133225],[-122.984229,46.133299],[-122.984336,46.133315],[-122.984353,46.133475],[-122.984465,46.133495],[-122.984469,46.133547],[-122.984506,46.133579],[-122.984656,46.133598],[-122.984721,46.13356],[-122.984723,46.133449],[-122.984683,46.133411],[-122.984595,46.133405]],[[-122.983743,46.130176],[-122.983935,46.130141],[-122.983945,46.130023],[-122.983893,46.129987],[-122.983745,46.129987],[-122.983691,46.130028],[-122.983693,46.13014],[-122.983743,46.130176]],[[-122.984466,46.130795],[-122.984582,46.130771],[-122.984595,46.130669],[-122.98454,46.130617],[-122.984337,46.130615],[-122.984337,46.130525],[-122.984418,46.130521],[-122.98446,46.130492],[-122.98446,46.130378],[-122.984418,46.130349],[-122.984337,46.130345],[-122.984333,46.13028],[-122.984297,46.130248],[-122.984126,46.130259],[-122.984079,46.130298],[-122.984078,46.130435],[-122.983996,46.130439],[-122.983952,46.130473],[-122.983954,46.130672],[-122.984011,46.130704],[-122.984207,46.130705],[-122.984209,46.130842],[-122.984262,46.130883],[-122.984431,46.130876],[-122.984466,46.130795]],[[-122.984882,46.127533],[-122.984838,46.127395],[-122.984726,46.127375],[-122.984713,46.127309],[-122.984596,46.127285],[-122.984593,46.127233],[-122.984555,46.127201],[-122.984283,46.127181],[-122.984217,46.12721],[-122.984214,46.127342],[-122.984256,46.127371],[-122.984337,46.127375],[-122.984341,46.127427],[-122.984379,46.127459],[-122.984596,46.127465],[-122.984625,46.127543],[-122.984787,46.127579],[-122.984882,46.127533]],[[-122.984469,46.130076],[-122.984412,46.130061],[-122.984354,46.130081],[-122.984337,46.13013],[-122.984364,46.130166],[-122.984427,46.130178],[-122.984486,46.130152],[-122.9845,46.130112],[-122.984469,46.130076]],[[-122.984987,46.129356],[-122.984937,46.129341],[-122.984882,46.129354],[-122.984855,46.12939],[-122.98487,46.129437],[-122.98476,46.129454],[-122.984725,46.129535],[-122.984651,46.129537],[-122.984605,46.129564],[-122.984596,46.12977],[-122.984635,46.129812],[-122.984792,46.129804],[-122.984845,46.129777],[-122.984855,46.129625],[-122.984943,46.129619],[-122.984983,46.129582],[-122.984968,46.129453],[-122.985019,46.129403],[-122.984987,46.129356]],[[-122.985035,46.132595],[-122.985111,46.132552],[-122.985111,46.132459],[-122.985084,46.132427],[-122.984802,46.132415],[-122.984742,46.132435],[-122.984725,46.132546],[-122.984753,46.132583],[-122.985035,46.132595]],[[-122.98563,46.133535],[-122.98557,46.133483],[-122.985385,46.133505],[-122.985352,46.133551],[-122.985384,46.133651],[-122.98554,46.133688],[-122.985597,46.133679],[-122.985629,46.133645],[-122.98563,46.133535]],[[-122.986019,46.133535],[-122.985991,46.133494],[-122.985936,46.133482],[-122.985875,46.133504],[-122.985855,46.133543],[-122.98588,46.13358],[-122.985944,46.133599],[-122.986002,46.133579],[-122.986019,46.133535]]]}},{"type":"Feature","properties":{"id":28,"area_m2":31000,"px":310,"rank":2,"persistent":false},"geometry":{"type":"Polygon","coordinates":[[[-122.989515,46.128456],[-122.989515,46.128635],[-122.988868,46.128635],[-122.988862,46.128579],[-122.98882,46.12855],[-122.988542,46.128547],[-122.988489,46.128574],[-122.988479,46.128635],[-122.988368,46.128655],[-122.98835,46.128725],[-122.988238,46.128745],[-122.98822,46.128815],[-122.988114,46.128831],[-122.988071,46.12894],[-122.988099,46.128983],[-122.988281,46.12902],[-122.98835,46.128996],[-122.988479,46.128996],[-122.988485,46.129052],[-122.988534,46.129083],[-122.98869,46.129081],[-122.988732,46.129052],[-122.988738,46.128996],[-122.988868,46.128996],[-122.988868,46.129085],[-122.988767,46.129098],[-122.988738,46.129175],[-122.98865,46.129182],[-122.98861,46.129219],[-122.988622,46.129331],[-122.988738,46.129356],[-122.988738,46.129535],[-122.988479,46.129535],[-122.98847,46.129294],[-122.988417,46.129267],[-122.988283,46.129266],[-122.988222,46.129309],[-122.98822,46.129445],[-122.987996,46.129455],[-122.987961,46.129535],[-122.987845,46.129559],[-122.987799,46.129657],[-122.98785,46.129786],[-122.987961,46.129805],[-122.98797,46.129957],[-122.988016,46.129983],[-122.988091,46.129986],[-122.988097,46.130042],[-122.988139,46.130071],[-122.988608,46.130076],[-122.988622,46.130141],[-122.988686,46.130166],[-122.988949,46.130161],[-122.988991,46.130132],[-122.988997,46.130076],[-122.989256,46.130076],[-122.989223,46.130224],[-122.989278,46.13033],[-122.989385,46.130346],[-122.989385,46.130526],[-122.98929,46.130535],[-122.989256,46.130616],[-122.989139,46.13064],[-122.989126,46.130795],[-122.988902,46.130805],[-122.988867,46.130885],[-122.988751,46.13091],[-122.988738,46.130975],[-122.988608,46.130975],[-122.988599,46.130824],[-122.988553,46.130798],[-122.988479,46.130795],[-122.988461,46.130635],[-122.98835,46.130615],[-122.98835,46.130526],[-122.988444,46.130516],[-122.988479,46.130436],[-122.98856,46.130431],[-122.988603,46.130402],[-122.988628,46.130306],[-122.988588,46.130262],[-122.987832,46.130255],[-122.987797,46.130175],[-122.987573,46.130165],[-122.98756,46.130099],[-122.987444,46.130075],[-122.987421,46.130001],[-122.987261,46.129962],[-122.987084,46.129998],[-122.987055,46.130075],[-122.986796,46.130075],[-122.986735,46.130051],[-122.986667,46.130075],[-122.986408,46.130075],[-122.986391,46.129902],[-122.986333,46.129881],[-122.98602,46.129895],[-122.986018,46.129759],[-122.985979,46.129722],[-122.985816,46.129718],[-122.985767,46.129749],[-122.985761,46.129805],[-122.985631,46.129805],[-122.985631,46.129404],[-122.98559,46.129362],[-122.985502,46.129355],[-122.985502,46.129175],[-122.98589,46.129175],[-122.985913,46.129249],[-122.98602,46.129265],[-122.986037,46.129425],[-122.986149,46.129445],[-122.986152,46.129497],[-122.98619,46.129529],[-122.986348,46.129548],[-122.986402,46.129515],[-122.986427,46.1294],[-122.986381,46.12936],[-122.986279,46.129355],[-122.986279,46.129265],[-122.986385,46.129249],[-122.98641,46.129175],[-122.986667,46.129175],[-122.986673,46.129245],[-122.986727,46.129278],[-122.987014,46.129259],[-122.987054,46.129222],[-122.987063,46.12911],[-122.987005,46.129086],[-122.986797,46.129085],[-122.986797,46.128995],[-122.986903,46.128979],[-122.986926,46.128905],[-122.987252,46.128904],[-122.987314,46.128857],[-122.987301,46.128749],[-122.987185,46.128725],[-122.987179,46.128399],[-122.987137,46.128369],[-122.987056,46.128365],[-122.987021,46.128284],[-122.986926,46.128275],[-122.986892,46.128194],[-122.986736,46.128161],[-122.986667,46.128185],[-122.986341,46.128186],[-122.986288,46.128214],[-122.986279,46.128275],[-122.986167,46.128295],[-122.986149,46.128365],[-122.985891,46.128365],[-122.985905,46.12822],[-122.985856,46.128188],[-122.985761,46.128185],[-122.985761,46.128095],[-122.986475,46.128094],[-122.986529,46.128067],[-122.98654,46.128005],[-122.987056,46.128005],[-122.98709,46.128086],[-122.987244,46.128095],[-122.987305,46.128067],[-122.987315,46.128005],[-122.987545,46.127993],[-122.987573,46.127915],[-122.987832,46.127915],[-122.987835,46.127981],[-122.987878,46.128015],[-122.988091,46.128005],[-122.988093,46.128142],[-122.988139,46.128181],[-122.988309,46.128179],[-122.988347,46.128147],[-122.98835,46.128096],[-122.988738,46.128096],[-122.988742,46.128147],[-122.988779,46.128179],[-122.988997,46.128186],[-122.989015,46.128256],[-122.989127,46.128276],[-122.98914,46.128342],[-122.989256,46.128366],[-122.989291,46.128446],[-122.989515,46.128456]],[[-122.986796,46.129715],[-122.986793,46.12956],[-122.986706,46.129522],[-122.986572,46.129544],[-122.986537,46.129625],[-122.986431,46.129641],[-122.986389,46.12976],[-122.98645,46.129804],[-122.986667,46.129805],[-122.986673,46.129862],[-122.986715,46.129891],[-122.986871,46.129893],[-122.986922,46.129857],[-122.986922,46.129754],[-122.986878,46.129719],[-122.986796,46.129715]],[[-122.987444,46.129715],[-122.987525,46.129711],[-122.987567,46.129682],[-122.98755,46.129551],[-122.987242,46.129535],[-122.987187,46.129552],[-122.987165,46.129591],[-122.987207,46.12979],[-122.987397,46.129815],[-122.98744,46.129781],[-122.987444,46.129715]],[[-122.988073,46.128526],[-122.988111,46.128416],[-122.988089,46.128382],[-122.987962,46.128365],[-122.987953,46.128214],[-122.987907,46.128188],[-122.987832,46.128185],[-122.987829,46.128134],[-122.987791,46.128102],[-122.987614,46.128102],[-122.987577,46.128134],[-122.987573,46.128185],[-122.987499,46.128188],[-122.987453,46.128214],[-122.987445,46.128592],[-122.987485,46.128629],[-122.987573,46.128635],[-122.987577,46.128687],[-122.987614,46.128719],[-122.987804,46.128713],[-122.987832,46.128635],[-122.987927,46.128626],[-122.987962,46.128545],[-122.988073,46.128526]],[[-122.988867,46.130525],[-122.988861,46.130469],[-122.988812,46.130438],[-122.988671,46.130437],[-122.988618,46.130464],[-122.988609,46.130747],[-122.988649,46.130789],[-122.988826,46.130789],[-122.988864,46.130757],[-122.988867,46.130706],[-122.988942,46.130703],[-122.988988,46.130677],[-122.988988,46.130554],[-122.988942,46.130528],[-122.988867,46.130525]],[[-122.989178,46.130526],[-122.989252,46.130487],[-122.989238,46.130365],[-122.989126,46.130345],[-122.98912,46.130289],[-122.989078,46.13026],[-122.988896,46.130268],[-122.988868,46.130304],[-122.988885,46.130416],[-122.988997,46.130436],[-122.989,46.130487],[-122.989038,46.130519],[-122.989178,46.130526]]]}},{"type":"Feature","properties":{"id":18,"area_m2":15600,"px":156,"rank":3,"persistent":false},"geometry":{"type":"Polygon","coordinates":[[[-122.993398,46.132596],[-122.993398,46.132776],[-122.993303,46.132785],[-122.993268,46.132866],[-122.993152,46.13289],[-122.993139,46.133046],[-122.993009,46.133046],[-122.993006,46.132994],[-122.992968,46.132962],[-122.992751,46.132956],[-122.992737,46.13289],[-122.992621,46.132866],[-122.992587,46.132785],[-122.992362,46.132776],[-122.992349,46.13271],[-122.992233,46.132686],[-122.992227,46.132629],[-122.992185,46.1326],[-122.992022,46.1326],[-122.99198,46.132629],[-122.991974,46.132686],[-122.991844,46.132686],[-122.991838,46.132629],[-122.991789,46.132598],[-122.991456,46.132596],[-122.991443,46.13253],[-122.991327,46.132506],[-122.991321,46.132449],[-122.991279,46.13242],[-122.990938,46.132416],[-122.990938,46.132236],[-122.990973,46.132188],[-122.990933,46.132076],[-122.990892,46.132047],[-122.990483,46.132057],[-122.99043,46.132084],[-122.99042,46.132146],[-122.990162,46.132146],[-122.990139,46.132071],[-122.990032,46.132056],[-122.990032,46.131696],[-122.990139,46.13168],[-122.990162,46.131606],[-122.990257,46.131597],[-122.990291,46.131516],[-122.990403,46.131496],[-122.990421,46.131426],[-122.990632,46.131422],[-122.990674,46.131392],[-122.99068,46.131336],[-122.990883,46.131333],[-122.990932,46.131302],[-122.990938,46.131246],[-122.991169,46.131233],[-122.991197,46.131156],[-122.991292,46.131153],[-122.991341,46.131121],[-122.991327,46.130976],[-122.991586,46.130976],[-122.991586,46.131156],[-122.991511,46.131158],[-122.991465,46.131184],[-122.991462,46.131302],[-122.991504,46.131332],[-122.991586,46.131336],[-122.991603,46.131496],[-122.991715,46.131516],[-122.99175,46.131597],[-122.991844,46.131606],[-122.991862,46.131766],[-122.991974,46.131786],[-122.992008,46.131867],[-122.992103,46.131876],[-122.992132,46.131954],[-122.992233,46.131966],[-122.992242,46.132117],[-122.992288,46.132144],[-122.992362,46.132146],[-122.99238,46.132306],[-122.992492,46.132326],[-122.992509,46.132576],[-122.992697,46.132619],[-122.992852,46.132584],[-122.99288,46.132506],[-122.993137,46.132506],[-122.993142,46.132558],[-122.99318,46.13259],[-122.993398,46.132596]],[[-122.990603,46.131797],[-122.990796,46.131762],[-122.990806,46.131644],[-122.990754,46.131608],[-122.990605,46.131608],[-122.990551,46.131649],[-122.990553,46.131761],[-122.990603,46.131797]],[[-122.991974,46.132416],[-122.992165,46.132429],[-122.99222,46.132405],[-122.992232,46.132285],[-122.992192,46.132242],[-122.992103,46.132236],[-122.992102,46.132099],[-122.992062,46.132062],[-122.991845,46.132056],[-122.991839,46.131999],[-122.991789,46.131968],[-122.991534,46.131966],[-122.991469,46.13199],[-122.991456,46.132056],[-122.99126,46.132057],[-122.991206,46.132084],[-122.991189,46.132211],[-122.991232,46.132233],[-122.991327,46.132236],[-122.99134,46.132302],[-122.991456,46.132326],[-122.991459,46.132377],[-122.991497,46.132409],[-122.991715,46.132416],[-122.991728,46.132482],[-122.991793,46.132506],[-122.991939,46.132497],[-122.991974,46.132416]]]}},{"type":"Feature","properties":{"id":23,"area_m2":14400,"px":144,"rank":4,"persistent":false},"geometry":{"type":"Polygon","coordinates":[[[-122.991327,46.130616],[-122.991327,46.130706],[-122.99122,46.130722],[-122.991197,46.130796],[-122.991081,46.13082],[-122.991068,46.130886],[-122.990577,46.130885],[-122.99055,46.130921],[-122.99055,46.131066],[-122.990443,46.131081],[-122.990421,46.131156],[-122.990326,46.131165],[-122.990291,46.131246],[-122.990179,46.131265],[-122.990162,46.131336],[-122.989931,46.131348],[-122.989903,46.131426],[-122.989808,46.131435],[-122.989773,46.131516],[-122.989661,46.131535],[-122.989644,46.131606],[-122.989514,46.131606],[-122.989492,46.131531],[-122.989385,46.131516],[-122.989372,46.13145],[-122.989256,46.131426],[-122.989227,46.131348],[-122.989126,46.131336],[-122.989113,46.13118],[-122.988997,46.131155],[-122.988962,46.131075],[-122.988867,46.131065],[-122.988869,46.130976],[-122.988997,46.130976],[-122.989006,46.131037],[-122.989059,46.131065],[-122.989362,46.13105],[-122.989384,46.130839],[-122.989344,46.130802],[-122.989256,46.130796],[-122.989256,46.130706],[-122.989351,46.130696],[-122.989385,46.130616],[-122.989501,46.130592],[-122.989515,46.130436],[-122.989596,46.130431],[-122.989641,46.130397],[-122.989644,46.130256],[-122.989998,46.130247],[-122.990033,46.130166],[-122.990149,46.130142],[-122.990162,46.130076],[-122.990274,46.130056],[-122.990291,46.129986],[-122.990403,46.129966],[-122.990421,46.129896],[-122.990639,46.129889],[-122.990676,46.129857],[-122.99068,46.129806],[-122.991068,46.129806],[-122.991091,46.12988],[-122.991197,46.129896],[-122.991197,46.130166],[-122.991086,46.130185],[-122.991034,46.130309],[-122.991086,46.130416],[-122.991197,46.130436],[-122.99121,46.130592],[-122.991327,46.130616]],[[-122.989776,46.131247],[-122.989705,46.131222],[-122.989537,46.131261],[-122.989514,46.1313],[-122.989537,46.13141],[-122.989592,46.131426],[-122.989751,46.13141],[-122.989807,46.131299],[-122.989776,46.131247]],[[-122.990325,46.130939],[-122.990285,46.130829],[-122.99025,46.130802],[-122.990067,46.130805],[-122.990032,46.130886],[-122.989937,46.130895],[-122.989903,46.130976],[-122.989829,46.130978],[-122.989783,46.131004],[-122.989786,46.131132],[-122.989836,46.131155],[-122.98997,46.131155],[-122.990023,46.131127],[-122.990032,46.131066],[-122.990257,46.131057],[-122.990325,46.130939]],[[-122.990602,46.130436],[-122.990676,46.130397],[-122.99067,46.130284],[-122.990617,46.130257],[-122.990462,46.130262],[-122.990422,46.130299],[-122.99043,46.130407],[-122.990483,46.130435],[-122.990602,46.130436]]]}},{"type":"Feature","properties":{"id":44,"area_m2":14000,"px":140,"rank":5,"persistent":false},"geometry":{"type":"Polygon","coordinates":[[[-122.961045,46.116659],[-122.961045,46.116839],[-122.960957,46.116846],[-122.960917,46.116883],[-122.960916,46.117109],[-122.95988,46.117109],[-122.959863,46.117039],[-122.959751,46.117019],[-122.959742,46.116957],[-122.959681,46.116929],[-122.959527,46.116938],[-122.959492,46.117019],[-122.958845,46.117018],[-122.958846,46.116388],[-122.958952,46.116373],[-122.958975,46.116299],[-122.959493,46.116299],[-122.959502,46.11636],[-122.959563,46.116388],[-122.959839,46.116388],[-122.9599,46.116344],[-122.959868,46.116233],[-122.959752,46.116209],[-122.959748,46.116157],[-122.959711,46.116125],[-122.959234,46.116119],[-122.959225,46.115967],[-122.959179,46.115941],[-122.959105,46.115938],[-122.959105,46.115759],[-122.959493,46.115759],[-122.959474,46.115894],[-122.959543,46.115938],[-122.959826,46.115936],[-122.959875,46.115905],[-122.959881,46.115849],[-122.960011,46.115849],[-122.960033,46.115923],[-122.96014,46.115939],[-122.96014,46.116029],[-122.960105,46.116077],[-122.960153,46.116185],[-122.960269,46.116209],[-122.960304,46.11629],[-122.960398,46.116299],[-122.960427,46.116377],[-122.960528,46.116389],[-122.960508,46.116513],[-122.96053,46.116553],[-122.960657,46.116569],[-122.960663,46.116626],[-122.960712,46.116657],[-122.961045,46.116659]]]}},{"type":"Feature","properties":{"id":49,"area_m2":4900,"px":49,"rank":6,"persistent":false},"geometry":{"type":"Polygon","coordinates":[[[-122.960013,46.112789],[-122.960013,46.113059],[-122.959918,46.113068],[-122.959883,46.113149],[-122.959767,46.113173],[-122.959754,46.113329],[-122.959518,46.113344],[-122.959495,46.113419],[-122.959413,46.113423],[-122.959371,46.113452],[-122.959365,46.113599],[-122.959259,46.113614],[-122.959236,46.113688],[-122.959141,46.113698],[-122.959106,46.113778],[-122.958994,46.113798],[-122.958977,46.113868],[-122.958718,46.113868],[-122.958695,46.113794],[-122.958589,46.113778],[-122.958589,46.113688],[-122.958663,46.113686],[-122.958709,46.11366],[-122.958718,46.113508],[-122.9588,46.113504],[-122.958844,46.11347],[-122.958848,46.113328],[-122.959084,46.113313],[-122.959107,46.113239],[-122.959188,46.113234],[-122.95923,46.113205],[-122.959236,46.113059],[-122.959343,46.113043],[-122.959366,46.112969],[-122.959482,46.112945],[-122.959495,46.112879],[-122.959713,46.112872],[-122.959751,46.11284],[-122.959754,46.112789],[-122.960013,46.112789]]]}},{"type":"Feature","properties":{"id":31,"area_m2":3800,"px":38,"rank":7,"persistent":false},"geometry":{"type":"Polygon","coordinates":[[[-122.990291,46.129716],[-122.990291,46.129896],[-122.990185,46.129911],[-122.990162,46.129986],[-122.989938,46.129995],[-122.989903,46.130076],[-122.989774,46.130076],[-122.989764,46.130014],[-122.989711,46.129987],[-122.989385,46.129986],[-122.989376,46.129924],[-122.989323,46.129897],[-122.988868,46.129895],[-122.988868,46.129536],[-122.988962,46.129526],[-122.988997,46.129482],[-122.988984,46.12938],[-122.988868,46.129355],[-122.988868,46.129266],[-122.988974,46.12925],[-122.988997,46.129176],[-122.989126,46.129176],[-122.989136,46.129507],[-122.989189,46.129535],[-122.989385,46.129536],[-122.989408,46.12961],[-122.989515,46.129626],[-122.989528,46.129782],[-122.989644,46.129806],[-122.98965,46.129862],[-122.989692,46.129891],[-122.989861,46.129895],[-122.989915,46.129866],[-122.989903,46.129626],[-122.990162,46.129626],[-122.990185,46.1297],[-122.990291,46.129716]]]}},{"type":"Feature","properties":{"id":48,"area_m2":2400,"px":24,"rank":8,"persistent":false},"geometry":{"type":"Polygon","coordinates":[[[-122.956516,46.115758],[-122.956516,46.115847],[-122.956304,46.115838],[-122.956261,46.115872],[-122.956257,46.115937],[-122.955999,46.115937],[-122.955976,46.115863],[-122.955869,46.115847],[-122.955868,46.115621],[-122.955829,46.115584],[-122.95574,46.115577],[-122.95574,46.115487],[-122.955815,46.115485],[-122.95586,46.115459],[-122.95587,46.115307],[-122.955951,46.115303],[-122.955996,46.115269],[-122.955999,46.115127],[-122.956129,46.115127],[-122.956138,46.115279],[-122.956184,46.115305],[-122.956258,46.115308],[-122.956258,46.115397],[-122.956176,46.115402],[-122.956132,46.115436],[-122.956138,46.115549],[-122.956191,46.115576],[-122.956387,46.115578],[-122.956396,46.115729],[-122.956442,46.115755],[-122.956516,46.115758]]]}},{"type":"Feature","properties":{"id":19,"area_m2":2100,"px":21,"rank":9,"persistent":false},"geometry":{"type":"Polygon","coordinates":[[[-122.982524,46.132415],[-122.982524,46.132595],[-122.982417,46.132611],[-122.982394,46.132685],[-122.982293,46.132697],[-122.982265,46.132775],[-122.98217,46.132784],[-122.982135,46.132865],[-122.982023,46.132884],[-122.982006,46.132955],[-122.981488,46.132955],[-122.981465,46.13288],[-122.981359,46.132865],[-122.981359,46.132775],[-122.981465,46.132759],[-122.981488,46.132685],[-122.981617,46.132685],[-122.981627,46.132746],[-122.98168,46.132774],[-122.981977,46.132762],[-122.982005,46.132726],[-122.982006,46.132595],[-122.982108,46.13259],[-122.982152,46.132555],[-122.982135,46.132415],[-122.982524,46.132415]]]}},{"type":"Feature","properties":{"id":43,"area_m2":2100,"px":21,"rank":10,"persistent":false},"geometry":{"type":"Polygon","coordinates":[[[-122.966351,46.117741],[-122.966351,46.117831],[-122.966221,46.117831],[-122.966218,46.117779],[-122.96618,46.117747],[-122.965963,46.117741],[-122.965957,46.117684],[-122.965908,46.117653],[-122.965704,46.117651],[-122.965691,46.117495],[-122.965575,46.117471],[-122.965557,46.1174],[-122.965445,46.117381],[-122.965432,46.117315],[-122.965316,46.117291],[-122.965312,46.117239],[-122.965275,46.117207],[-122.964798,46.1172],[-122.964798,46.11693],[-122.965057,46.116931],[-122.965075,46.117001],[-122.965186,46.117021],[-122.965221,46.117101],[-122.965316,46.117111],[-122.965344,46.117188],[-122.965445,46.117201],[-122.965474,46.117278],[-122.965575,46.117291],[-122.965603,46.117368],[-122.965833,46.117381],[-122.965856,46.117455],[-122.965963,46.117471],[-122.96598,46.117541],[-122.966092,46.117561],[-122.966127,46.117642],[-122.966221,46.117651],[-122.96625,46.117729],[-122.966351,46.117741]]]}},{"type":"Feature","properties":{"id":51,"area_m2":1900,"px":19,"rank":11,"persistent":false},"geometry":{"type":"Polygon","coordinates":[[[-122.958849,46.111708],[-122.958849,46.111888],[-122.958742,46.111904],[-122.958719,46.111978],[-122.958603,46.112002],[-122.95859,46.112068],[-122.958461,46.112068],[-122.958447,46.112002],[-122.958383,46.111978],[-122.958236,46.111987],[-122.958202,46.112068],[-122.957943,46.112068],[-122.957943,46.111978],[-122.958024,46.111974],[-122.958069,46.11194],[-122.958073,46.111798],[-122.958179,46.111782],[-122.958202,46.111708],[-122.958849,46.111708]]]}},{"type":"Feature","properties":{"id":34,"area_m2":1800,"px":18,"rank":12,"persistent":false},"geometry":{"type":"Polygon","coordinates":[[[-122.990809,46.129356],[-122.990809,46.129536],[-122.99068,46.129536],[-122.990657,46.129461],[-122.99055,46.129446],[-122.990516,46.129365],[-122.990421,46.129356],[-122.990408,46.12911],[-122.990351,46.129086],[-122.990162,46.129086],[-122.990139,46.129011],[-122.990033,46.128996],[-122.989998,46.128915],[-122.989903,46.128906],[-122.989894,46.128754],[-122.989848,46.128728],[-122.989774,46.128726],[-122.989739,46.128645],[-122.989644,46.128636],[-122.989644,46.128546],[-122.989774,46.128546],[-122.989787,46.128612],[-122.989903,46.128636],[-122.989907,46.128687],[-122.989944,46.128719],[-122.990162,46.128726],[-122.990175,46.128882],[-122.990291,46.128906],[-122.990326,46.128987],[-122.990421,46.128996],[-122.990449,46.129073],[-122.99055,46.129086],[-122.990579,46.129163],[-122.99068,46.129176],[-122.990689,46.129327],[-122.990735,46.129353],[-122.990809,46.129356]]]}},{"type":"Feature","properties":{"id":13,"area_m2":1500,"px":15,"rank":13,"persistent":false},"geometry":{"type":"Polygon","coordinates":[[[-122.989902,46.133856],[-122.989902,46.133946],[-122.989576,46.133947],[-122.989523,46.133974],[-122.989514,46.134036],[-122.989385,46.134036],[-122.989362,46.133961],[-122.989255,46.133946],[-122.989252,46.133804],[-122.989207,46.13377],[-122.989126,46.133766],[-122.989126,46.133676],[-122.989454,46.133688],[-122.989508,46.133656],[-122.989514,46.133586],[-122.989643,46.133586],[-122.989666,46.13366],[-122.989773,46.133676],[-122.989786,46.133832],[-122.989902,46.133856]]]}},{"type":"Feature","properties":{"id":50,"area_m2":1500,"px":15,"rank":14,"persistent":false},"geometry":{"type":"Polygon","coordinates":[[[-122.959107,46.112339],[-122.959107,46.112608],[-122.95859,46.112608],[-122.958576,46.112542],[-122.958512,46.112518],[-122.958365,46.112527],[-122.958331,46.112608],[-122.958201,46.112608],[-122.958201,46.112518],[-122.958308,46.112502],[-122.958331,46.112428],[-122.958579,46.112417],[-122.958651,46.112452],[-122.958717,46.11243],[-122.958739,46.112394],[-122.958717,46.112355],[-122.95859,46.112338],[-122.95859,46.11225],[-122.958696,46.112232],[-122.958719,46.112158],[-122.958849,46.112158],[-122.958849,46.11229],[-122.958883,46.112329],[-122.959107,46.112339]]]}},{"type":"Feature","properties":{"id":16,"area_m2":1300,"px":13,"rank":15,"persistent":false},"geometry":{"type":"Polygon","coordinates":[[[-122.989385,46.133046],[-122.989384,46.133406],[-122.98916,46.133415],[-122.989126,46.133454],[-122.989126,46.133586],[-122.988996,46.133586],[-122.988973,46.133511],[-122.988867,46.133496],[-122.988867,46.133316],[-122.988941,46.133313],[-122.988987,46.133287],[-122.988996,46.133136],[-122.989202,46.133147],[-122.989249,46.133116],[-122.989255,46.133046],[-122.989385,46.133046]]]}},{"type":"Feature","properties":{"id":27,"area_m2":1200,"px":12,"rank":16,"persistent":false},"geometry":{"type":"Polygon","coordinates":[[[-122.986019,46.130705],[-122.986019,46.130885],[-122.985945,46.130888],[-122.985899,46.130914],[-122.98589,46.131065],[-122.985564,46.131066],[-122.985511,46.131094],[-122.985501,46.131155],[-122.985372,46.131155],[-122.985372,46.131065],[-122.985407,46.131023],[-122.985372,46.130975],[-122.985372,46.130795],[-122.985585,46.130804],[-122.985628,46.13077],[-122.985631,46.130705],[-122.98576,46.130705],[-122.985821,46.130729],[-122.98589,46.130705],[-122.986019,46.130705]]]}},{"type":"Feature","properties":{"id":37,"area_m2":1200,"px":12,"rank":17,"persistent":false},"geometry":{"type":"Polygon","coordinates":[[[-122.983173,46.126205],[-122.983173,46.126475],[-122.983043,46.126475],[-122.983021,46.126401],[-122.982868,46.126362],[-122.982784,46.126385],[-122.982526,46.126385],[-122.982526,46.126295],[-122.982635,46.126288],[-122.982675,46.126239],[-122.982637,46.126134],[-122.982526,46.126115],[-122.982526,46.126025],[-122.982655,46.126025],[-122.982664,46.126086],[-122.982718,46.126114],[-122.983043,46.126115],[-122.983066,46.126189],[-122.983173,46.126205]]]}},{"type":"Feature","properties":{"id":8,"area_m2":1100,"px":11,"rank":18,"persistent":false},"geometry":{"type":"Polygon","coordinates":[[[-122.983688,46.134575],[-122.983688,46.134665],[-122.98317,46.134665],[-122.983148,46.134591],[-122.983041,46.134575],[-122.983041,46.134305],[-122.98317,46.134305],[-122.983176,46.134362],[-122.983225,46.134393],[-122.983429,46.134395],[-122.98343,46.134526],[-122.983464,46.134566],[-122.983688,46.134575]]]}},{"type":"Feature","properties":{"id":46,"area_m2":1000,"px":10,"rank":19,"persistent":false},"geometry":{"type":"Polygon","coordinates":[[[-122.964022,46.11639],[-122.964022,46.11648],[-122.963893,46.11648],[-122.963875,46.11641],[-122.963763,46.11639],[-122.963729,46.116309],[-122.963634,46.1163],[-122.963606,46.116222],[-122.963505,46.11621],[-122.963476,46.116132],[-122.963375,46.11612],[-122.963347,46.116042],[-122.963117,46.11603],[-122.963117,46.11585],[-122.963375,46.11585],[-122.963393,46.11601],[-122.963505,46.11603],[-122.963518,46.116096],[-122.963634,46.11612],[-122.963637,46.116172],[-122.963675,46.116204],[-122.963893,46.11621],[-122.963902,46.116362],[-122.963948,46.116388],[-122.964022,46.11639]]]}},{"type":"Feature","properties":{"id":6,"area_m2":800,"px":8,"rank":20,"persistent":false},"geometry":{"type":"Polygon","coordinates":[[[-122.987313,46.134755],[-122.987313,46.134935],[-122.987206,46.134951],[-122.987183,46.135025],[-122.987067,46.135049],[-122.987054,46.135115],[-122.986925,46.135115],[-122.986902,46.135041],[-122.986795,46.135025],[-122.986795,46.134935],[-122.986991,46.134934],[-122.987045,46.134907],[-122.987089,46.134803],[-122.987054,46.134755],[-122.987054,46.134665],[-122.987183,46.134665],[-122.987206,46.13474],[-122.987313,46.134755]]]}},{"type":"Feature","properties":{"id":11,"area_m2":800,"px":8,"rank":21,"persistent":false},"geometry":{"type":"Polygon","coordinates":[[[-122.98317,46.134035],[-122.98317,46.134215],[-122.982953,46.134221],[-122.982915,46.134253],[-122.982911,46.134305],[-122.982653,46.134305],[-122.982653,46.134215],[-122.982748,46.134206],[-122.982782,46.134125],[-122.982856,46.134123],[-122.982902,46.134096],[-122.982912,46.133945],[-122.983041,46.133945],[-122.983064,46.134019],[-122.98317,46.134035]]]}},{"type":"Feature","properties":{"id":5,"area_m2":700,"px":7,"rank":22,"persistent":false},"geometry":{"type":"Polygon","coordinates":[[[-122.989643,46.135026],[-122.989643,46.135296],[-122.989536,46.135311],[-122.989514,46.135386],[-122.989419,46.135395],[-122.989384,46.135476],[-122.989272,46.135495],[-122.989255,46.135566],[-122.989125,46.135566],[-122.989125,46.135476],[-122.989226,46.135463],[-122.989255,46.135386],[-122.98935,46.135377],[-122.989384,46.135296],[-122.989466,46.135292],[-122.98951,46.135257],[-122.98951,46.135064],[-122.989466,46.13503],[-122.989384,46.135026],[-122.989384,46.134936],[-122.989514,46.134936],[-122.989536,46.13501],[-122.989643,46.135026]]]}},{"type":"Feature","properties":{"id":7,"area_m2":700,"px":7,"rank":23,"persistent":false},"geometry":{"type":"Polygon","coordinates":[[[-122.988996,46.134756],[-122.988996,46.134846],[-122.988867,46.134846],[-122.988838,46.134768],[-122.988608,46.134756],[-122.988602,46.134699],[-122.988552,46.134668],[-122.98809,46.134665],[-122.98809,46.134576],[-122.988607,46.134576],[-122.988642,46.134656],[-122.988866,46.134666],[-122.988889,46.13474],[-122.988996,46.134756]]]}},{"type":"Feature","properties":{"id":24,"area_m2":700,"px":7,"rank":24,"persistent":false},"geometry":{"type":"Polygon","coordinates":[[[-122.988997,46.131336],[-122.988996,46.131515],[-122.988867,46.131515],[-122.988844,46.131441],[-122.988738,46.131425],[-122.988725,46.13136],[-122.988608,46.131335],[-122.98858,46.131258],[-122.988479,46.131245],[-122.988479,46.131066],[-122.988608,46.131066],[-122.988631,46.13114],[-122.988738,46.131156],[-122.988738,46.131287],[-122.988766,46.131323],[-122.988997,46.131336]]]}},{"type":"Feature","properties":{"id":4,"area_m2":600,"px":6,"rank":25,"persistent":false},"geometry":{"type":"Polygon","coordinates":[[[-122.988607,46.135656],[-122.988607,46.135746],[-122.98809,46.135745],[-122.988067,46.135671],[-122.98796,46.135655],[-122.98796,46.135566],[-122.988219,46.135566],[-122.988228,46.135627],[-122.988281,46.135655],[-122.988607,46.135656]]]}},{"type":"Feature","properties":{"id":21,"area_m2":600,"px":6,"rank":26,"persistent":false},"geometry":{"type":"Polygon","coordinates":[[[-122.993009,46.131876],[-122.993009,46.132146],[-122.992903,46.132162],[-122.99288,46.132236],[-122.992751,46.132236],[-122.992751,46.131966],[-122.992857,46.13195],[-122.99288,46.131876],[-122.993009,46.131876]]]}},{"type":"Feature","properties":{"id":33,"area_m2":600,"px":6,"rank":27,"persistent":false},"geometry":{"type":"Polygon","coordinates":[[[-122.981489,46.129355],[-122.981489,46.129624],[-122.98136,46.129624],[-122.981337,46.12955],[-122.98123,46.129534],[-122.98123,46.129265],[-122.98136,46.129265],[-122.981382,46.129339],[-122.981489,46.129355]]]}},{"type":"Feature","properties":{"id":40,"area_m2":600,"px":6,"rank":28,"persistent":false},"geometry":{"type":"Polygon","coordinates":[[[-122.971911,46.122064],[-122.971879,46.12211],[-122.971914,46.122153],[-122.971914,46.122242],[-122.971525,46.122242],[-122.971525,46.122152],[-122.971607,46.122148],[-122.971651,46.122114],[-122.971655,46.121972],[-122.971914,46.121973],[-122.971911,46.122064]]]}},{"type":"Feature","properties":{"id":3,"area_m2":500,"px":5,"rank":29,"persistent":false},"geometry":{"type":"Polygon","coordinates":[[[-122.985241,46.136105],[-122.985241,46.136375],[-122.985112,46.136375],[-122.985089,46.136301],[-122.984982,46.136285],[-122.984982,46.136105],[-122.985241,46.136105]]]}},{"type":"Feature","properties":{"id":15,"area_m2":500,"px":5,"rank":30,"persistent":false},"geometry":{"type":"Polygon","coordinates":[[[-122.98809,46.133406],[-122.98809,46.133495],[-122.987881,46.133496],[-122.987823,46.13352],[-122.987831,46.133675],[-122.987702,46.133675],[-122.987679,46.133601],[-122.987572,46.133585],[-122.987572,46.133496],[-122.987679,46.13348],[-122.987702,46.133406],[-122.98809,46.133406]]]}},{"type":"Feature","properties":{"id":35,"area_m2":500,"px":5,"rank":31,"persistent":false},"geometry":{"type":"Polygon","coordinates":[[[-122.989774,46.129266],[-122.989774,46.129356],[-122.989667,46.129371],[-122.989644,46.129446],[-122.989515,46.129446],[-122.989511,46.129304],[-122.989467,46.12927],[-122.989385,46.129265],[-122.989385,46.129176],[-122.989644,46.129176],[-122.989667,46.12925],[-122.989774,46.129266]]]}},{"type":"Feature","properties":{"id":42,"area_m2":500,"px":5,"rank":32,"persistent":false},"geometry":{"type":"Polygon","coordinates":[[[-122.969067,46.119722],[-122.969067,46.119902],[-122.968864,46.119904],[-122.968814,46.119935],[-122.968808,46.119992],[-122.968679,46.119992],[-122.968679,46.119902],[-122.968761,46.119898],[-122.968805,46.119863],[-122.968809,46.119722],[-122.969067,46.119722]]]}},{"type":"Feature","properties":{"id":45,"area_m2":500,"px":5,"rank":33,"persistent":false},"geometry":{"type":"Polygon","coordinates":[[[-122.964669,46.11675],[-122.964669,46.11684],[-122.96454,46.11684],[-122.964526,46.116774],[-122.96441,46.11675],[-122.964376,46.116669],[-122.964151,46.11666],[-122.964152,46.11657],[-122.964258,46.116554],[-122.964281,46.11648],[-122.96441,46.11648],[-122.964423,46.116636],[-122.96454,46.11666],[-122.964574,46.116741],[-122.964669,46.11675]]]}},{"type":"Feature","properties":{"id":1,"area_m2":400,"px":4,"rank":34,"persistent":false},"geometry":{"type":"Polygon","coordinates":[[[-122.986277,46.136465],[-122.986277,46.136555],[-122.98617,46.136571],[-122.986147,46.136645],[-122.986031,46.136669],[-122.986018,46.136735],[-122.985888,46.136735],[-122.985889,46.136645],[-122.98597,46.136641],[-122.986015,46.136607],[-122.986018,46.136465],[-122.986277,46.136465]]]}},{"type":"Feature","properties":{"id":10,"area_m2":400,"px":4,"rank":35,"persistent":false},"geometry":{"type":"Polygon","coordinates":[[[-122.987831,46.134126],[-122.987831,46.134395],[-122.987701,46.134395],[-122.987698,46.134254],[-122.987653,46.13422],[-122.987572,46.134215],[-122.987572,46.134126],[-122.987831,46.134126]]]}},{"type":"Feature","properties":{"id":17,"area_m2":400,"px":4,"rank":36,"persistent":false},"geometry":{"type":"Polygon","coordinates":[[[-122.988867,46.133046],[-122.988867,46.133136],[-122.988785,46.13314],[-122.988741,46.133174],[-122.988737,46.133315],[-122.988608,46.133315],[-122.988608,46.133046],[-122.988867,46.133046]]]}},{"type":"Feature","properties":{"id":20,"area_m2":400,"px":4,"rank":37,"persistent":false},"geometry":{"type":"Polygon","coordinates":[[[-122.982135,46.132055],[-122.982135,46.132145],[-122.982054,46.132149],[-122.982009,46.132183],[-122.982006,46.132325],[-122.981747,46.132325],[-122.981747,46.132235],[-122.981854,46.132219],[-122.981877,46.132145],[-122.981993,46.132121],[-122.982006,46.132055],[-122.982135,46.132055]]]}},{"type":"Feature","properties":{"id":22,"area_m2":400,"px":4,"rank":38,"persistent":false},"geometry":{"type":"Polygon","coordinates":[[[-122.992103,46.131516],[-122.992103,46.131606],[-122.991976,46.131606],[-122.991951,46.131532],[-122.991845,46.131516],[-122.991845,46.131246],[-122.991974,46.131246],[-122.991977,46.131477],[-122.992022,46.131512],[-122.992103,46.131516]]]}},{"type":"Feature","properties":{"id":32,"area_m2":400,"px":4,"rank":39,"persistent":false},"geometry":{"type":"Polygon","coordinates":[[[-122.976311,46.129984],[-122.976311,46.130074],[-122.976052,46.130073],[-122.976029,46.129999],[-122.975923,46.129983],[-122.975923,46.129894],[-122.976181,46.129894],[-122.976204,46.129968],[-122.976311,46.129984]]]}},{"type":"Feature","properties":{"id":36,"area_m2":400,"px":4,"rank":40,"persistent":false},"geometry":{"type":"Polygon","coordinates":[[[-122.97204,46.128093],[-122.97204,46.128183],[-122.971781,46.128182],[-122.971758,46.128108],[-122.971652,46.128092],[-122.971652,46.128003],[-122.971911,46.128003],[-122.971933,46.128077],[-122.97204,46.128093]]]}},{"type":"Feature","properties":{"id":41,"area_m2":400,"px":4,"rank":41,"persistent":false},"geometry":{"type":"Polygon","coordinates":[[[-122.975408,46.121883],[-122.975408,46.121973],[-122.97502,46.121973],[-122.97502,46.121793],[-122.975149,46.121793],[-122.975155,46.12185],[-122.975205,46.121881],[-122.975408,46.121883]]]}},{"type":"Feature","properties":{"id":9,"area_m2":300,"px":3,"rank":42,"persistent":false},"geometry":{"type":"Polygon","coordinates":[[[-122.990679,46.134306],[-122.990679,46.134396],[-122.990572,46.134412],[-122.990549,46.134486],[-122.99042,46.134486],[-122.99042,46.134306],[-122.990679,46.134306]]]}},{"type":"Feature","properties":{"id":12,"area_m2":300,"px":3,"rank":43,"persistent":false},"geometry":{"type":"Polygon","coordinates":[[[-122.982653,46.134035],[-122.982653,46.134125],[-122.982394,46.134125],[-122.982394,46.133945],[-122.982523,46.133945],[-122.982546,46.134019],[-122.982653,46.134035]]]}},{"type":"Feature","properties":{"id":14,"area_m2":300,"px":3,"rank":44,"persistent":false},"geometry":{"type":"Polygon","coordinates":[[[-122.991326,46.133676],[-122.991326,46.133946],[-122.991197,46.133946],[-122.991197,46.133676],[-122.991326,46.133676]]]}},{"type":"Feature","properties":{"id":25,"area_m2":300,"px":3,"rank":45,"persistent":false},"geometry":{"type":"Polygon","coordinates":[[[-122.992233,46.131066],[-122.992233,46.131156],[-122.991974,46.131156],[-122.991974,46.130976],[-122.992103,46.130976],[-122.992126,46.13105],[-122.992233,46.131066]]]}},{"type":"Feature","properties":{"id":26,"area_m2":300,"px":3,"rank":46,"persistent":false},"geometry":{"type":"Polygon","coordinates":[[[-122.988349,46.130976],[-122.988349,46.131155],[-122.98822,46.131155],[-122.988197,46.131081],[-122.988091,46.131065],[-122.988091,46.130976],[-122.988349,46.130976]]]}},{"type":"Feature","properties":{"id":29,"area_m2":300,"px":3,"rank":47,"persistent":false},"geometry":{"type":"Polygon","coordinates":[[[-122.980971,46.130435],[-122.980971,46.130524],[-122.980864,46.13054],[-122.980841,46.130614],[-122.980583,46.130614],[-122.980583,46.130524],[-122.980786,46.130522],[-122.980836,46.130491],[-122.980842,46.130435],[-122.980971,46.130435]]]}},{"type":"Feature","properties":{"id":30,"area_m2":300,"px":3,"rank":48,"persistent":false},"geometry":{"type":"Polygon","coordinates":[[[-122.977088,46.129894],[-122.977088,46.129984],[-122.977006,46.129988],[-122.976961,46.130022],[-122.976958,46.130164],[-122.976829,46.130164],[-122.976829,46.129984],[-122.976935,46.129968],[-122.976958,46.129894],[-122.977088,46.129894]]]}},{"type":"Feature","properties":{"id":38,"area_m2":300,"px":3,"rank":49,"persistent":false},"geometry":{"type":"Polygon","coordinates":[[[-122.973724,46.124493],[-122.973724,46.124673],[-122.973466,46.124673],[-122.973466,46.124583],[-122.973572,46.124567],[-122.973595,46.124493],[-122.973724,46.124493]]]}},{"type":"Feature","properties":{"id":39,"area_m2":300,"px":3,"rank":50,"persistent":false},"geometry":{"type":"Polygon","coordinates":[[[-122.963112,46.12269],[-122.963112,46.12278],[-122.962983,46.12278],[-122.96296,46.122706],[-122.962853,46.12269],[-122.962819,46.122609],[-122.962724,46.1226],[-122.962724,46.12251],[-122.962853,46.12251],[-122.962876,46.122584],[-122.962983,46.1226],[-122.963017,46.122681],[-122.963112,46.12269]]]}},{"type":"Feature","properties":{"id":47,"area_m2":300,"px":3,"rank":51,"persistent":false},"geometry":{"type":"Polygon","coordinates":[[[-122.956257,46.116028],[-122.956257,46.116207],[-122.956128,46.116207],[-122.956105,46.116133],[-122.955999,46.116117],[-122.955999,46.116027],[-122.956257,46.116028]]]}},{"type":"Feature","properties":{"id":52,"area_m2":300,"px":3,"rank":52,"persistent":false},"geometry":{"type":"Polygon","coordinates":[[[-122.961439,46.109549],[-122.961438,46.109639],[-122.961332,46.109655],[-122.961309,46.109729],[-122.96118,46.109729],[-122.96118,46.109549],[-122.961439,46.109549]]]}}]}