{"type":"FeatureCollection","features":[{"type":"Feature","properties":{"id":1,"area_m2":1533900,"px":15339,"rank":1,"persistent":false},"geometry":{"type":"Polygon","coordinates":[[[-122.994045,46.132146],[-122.994045,46.132236],[-122.993957,46.132242],[-122.993917,46.132279],[-122.993916,46.132506],[-122.993809,46.132522],[-122.993786,46.132596],[-122.99367,46.13262],[-122.993657,46.132686],[-122.993309,46.132692],[-122.99327,46.132729],[-122.993268,46.132866],[-122.993162,46.132882],[-122.993139,46.132956],[-122.992806,46.132958],[-122.992756,46.132989],[-122.99275,46.133046],[-122.992634,46.13307],[-122.992621,46.133136],[-122.992395,46.133132],[-122.992362,46.133226],[-122.992255,46.133242],[-122.992233,46.133316],[-122.992132,46.133328],[-122.992103,46.133406],[-122.992002,46.133418],[-122.991974,46.133496],[-122.991873,46.133508],[-122.991844,46.133586],[-122.991749,46.133595],[-122.991715,46.133676],[-122.991603,46.133696],[-122.991585,46.133766],[-122.991456,46.133766],[-122.991456,46.133676],[-122.991572,46.133652],[-122.991585,46.13355],[-122.991551,46.133505],[-122.991456,46.133496],[-122.991453,46.133174],[-122.991408,46.13314],[-122.991327,46.133136],[-122.991321,46.132899],[-122.991279,46.13287],[-122.991197,46.132866],[-122.991191,46.132719],[-122.991149,46.13269],[-122.991068,46.132686],[-122.991033,46.132605],[-122.990848,46.132589],[-122.990812,46.132621],[-122.990809,46.132686],[-122.99042,46.132686],[-122.99042,46.132554],[-122.990392,46.132518],[-122.990032,46.132506],[-122.990014,46.132345],[-122.98997,46.132327],[-122.989836,46.132327],[-122.989775,46.132369],[-122.989773,46.132506],[-122.989678,46.132515],[-122.989644,46.132596],[-122.989569,46.132598],[-122.989523,46.132624],[-122.989514,46.132776],[-122.989385,46.132776],[-122.989376,46.132624],[-122.98933,46.132598],[-122.989255,46.132596],[-122.989267,46.132445],[-122.989221,46.132418],[-122.989126,46.132416],[-122.989091,46.132335],[-122.988928,46.132301],[-122.988867,46.132325],[-122.988507,46.132338],[-122.988478,46.132415],[-122.98839,46.132422],[-122.988349,46.132464],[-122.988351,46.132912],[-122.98839,46.132949],[-122.988478,46.132956],[-122.988478,46.133764],[-122.988384,46.133768],[-122.988334,46.1338],[-122.988349,46.134034],[-122.988316,46.134094],[-122.988362,46.134192],[-122.988478,46.134216],[-122.988484,46.134272],[-122.988526,46.134301],[-122.989125,46.134306],[-122.989148,46.13438],[-122.989255,46.134396],[-122.989264,46.134547],[-122.98931,46.134573],[-122.989384,46.134576],[-122.989384,46.134846],[-122.989255,46.134846],[-122.989242,46.13478],[-122.989125,46.134756],[-122.989122,46.134704],[-122.989084,46.134672],[-122.988867,46.134666],[-122.988832,46.134585],[-122.988678,46.134576],[-122.988617,46.134604],[-122.988607,46.134666],[-122.988254,46.134675],[-122.988219,46.134755],[-122.988138,46.13476],[-122.988096,46.134789],[-122.98809,46.134935],[-122.98796,46.134935],[-122.987972,46.134515],[-122.987926,46.134488],[-122.987831,46.134485],[-122.987818,46.134419],[-122.987701,46.134395],[-122.987698,46.134344],[-122.98766,46.134312],[-122.987471,46.134318],[-122.987443,46.134354],[-122.987442,46.134485],[-122.987331,46.134505],[-122.987279,46.134628],[-122.987366,46.134689],[-122.987442,46.134666],[-122.987572,46.134666],[-122.987572,46.134755],[-122.987471,46.134768],[-122.987442,46.134845],[-122.987354,46.134852],[-122.987314,46.134889],[-122.987305,46.135],[-122.987348,46.135023],[-122.987442,46.135026],[-122.987442,46.135294],[-122.987348,46.135298],[-122.987298,46.13533],[-122.987313,46.135565],[-122.987082,46.135578],[-122.987054,46.135614],[-122.987054,46.135835],[-122.986836,46.135842],[-122.986798,46.135874],[-122.986795,46.135925],[-122.986706,46.135932],[-122.986667,46.135969],[-122.986683,46.136086],[-122.986735,46.136105],[-122.986924,46.136105],[-122.986924,46.136195],[-122.98657,46.136204],[-122.986536,46.136285],[-122.986441,46.136294],[-122.986406,46.136375],[-122.98629,46.136399],[-122.986277,46.136555],[-122.98617,46.136571],[-122.986147,46.136645],[-122.986031,46.136669],[-122.986018,46.136735],[-122.985759,46.136735],[-122.985746,46.136669],[-122.98563,46.136645],[-122.985595,46.136564],[-122.985371,46.136555],[-122.985348,46.136481],[-122.985241,46.136465],[-122.985241,46.136375],[-122.9855,46.136375],[-122.985513,46.136441],[-122.985629,46.136465],[-122.985635,46.136522],[-122.985685,46.136553],[-122.985828,46.136579],[-122.98599,46.136543],[-122.986018,46.136465],[-122.986099,46.136461],[-122.986141,46.136432],[-122.986148,46.136285],[-122.986236,46.136279],[-122.986277,46.136237],[-122.986264,46.136129],[-122.986148,46.136105],[-122.98613,46.135855],[-122.985928,46.135828],[-122.985892,46.13586],[-122.985889,46.135925],[-122.985782,46.135941],[-122.985759,46.136015],[-122.985371,46.136015],[-122.98537,46.135884],[-122.985342,46.135847],[-122.985112,46.135835],[-122.985099,46.135769],[-122.984982,46.135745],[-122.984977,46.135688],[-122.984934,46.135659],[-122.984724,46.135655],[-122.984718,46.135508],[-122.984676,46.135479],[-122.984594,46.135475],[-122.98456,46.135394],[-122.984335,46.135385],[-122.984335,46.135295],[-122.98443,46.135286],[-122.984465,46.135205],[-122.984546,46.135201],[-122.984588,46.135172],[-122.984594,46.134989],[-122.98456,46.134944],[-122.984465,46.134935],[-122.984436,46.134857],[-122.984335,46.134845],[-122.984308,46.134754],[-122.983688,46.134755],[-122.983679,46.134694],[-122.983626,46.134666],[-122.98317,46.134665],[-122.983148,46.134591],[-122.983041,46.134575],[-122.983006,46.134494],[-122.982911,46.134485],[-122.982889,46.134321],[-122.982782,46.134305],[-122.982776,46.134248],[-122.982734,46.134219],[-122.982523,46.134215],[-122.982517,46.134068],[-122.982475,46.134039],[-122.982394,46.134035],[-122.982366,46.133944],[-122.982005,46.133945],[-122.981992,46.133879],[-122.981876,46.133855],[-122.981848,46.133777],[-122.981617,46.133765],[-122.981594,46.13369],[-122.981488,46.133675],[-122.981488,46.133279],[-122.981459,46.133237],[-122.981284,46.133227],[-122.981235,46.133258],[-122.981229,46.133315],[-122.981101,46.133315],[-122.981096,46.133263],[-122.981058,46.133231],[-122.980841,46.133224],[-122.980818,46.13315],[-122.980711,46.133134],[-122.980711,46.133003],[-122.980683,46.132967],[-122.980452,46.132954],[-122.98043,46.13288],[-122.980277,46.132842],[-122.980193,46.132864],[-122.980064,46.132864],[-122.980041,46.13279],[-122.979935,46.132774],[-122.979912,46.13261],[-122.979676,46.132594],[-122.979653,46.13252],[-122.979546,46.132504],[-122.979546,46.132414],[-122.979676,46.132414],[-122.97971,46.132495],[-122.979865,46.132504],[-122.979925,46.132476],[-122.979935,46.132414],[-122.980009,46.132412],[-122.980055,46.132386],[-122.980055,46.132263],[-122.980009,46.132237],[-122.979935,46.132234],[-122.979926,46.131993],[-122.979872,46.131965],[-122.979676,46.131964],[-122.979676,46.131876],[-122.980022,46.131873],[-122.980067,46.131854],[-122.980083,46.131813],[-122.980051,46.131718],[-122.979935,46.131694],[-122.979912,46.13162],[-122.979676,46.131604],[-122.97967,46.131548],[-122.979628,46.131518],[-122.979486,46.13149],[-122.979417,46.131514],[-122.979158,46.131514],[-122.979158,46.131424],[-122.979259,46.131412],[-122.979288,46.131334],[-122.979376,46.131328],[-122.979416,46.131291],[-122.979408,46.131183],[-122.979362,46.131157],[-122.979288,46.131154],[-122.979259,46.131076],[-122.979099,46.131064],[-122.979047,46.131084],[-122.979029,46.131334],[-122.978772,46.131351],[-122.97875,46.13139],[-122.97877,46.131514],[-122.978322,46.131514],[-122.978261,46.131543],[-122.978253,46.131651],[-122.9783,46.13169],[-122.978511,46.131694],[-122.978572,46.131718],[-122.97864,46.131694],[-122.97877,46.131694],[-122.97877,46.131784],[-122.978663,46.1318],[-122.97864,46.131874],[-122.978511,46.131874],[-122.978498,46.131808],[-122.978433,46.131784],[-122.97817,46.131788],[-122.978128,46.131817],[-122.978122,46.131874],[-122.977864,46.131874],[-122.97785,46.131808],[-122.977734,46.131784],[-122.9777,46.131703],[-122.977475,46.131694],[-122.977453,46.13162],[-122.977346,46.131604],[-122.977328,46.131534],[-122.977217,46.131514],[-122.977182,46.131433],[-122.977087,46.131424],[-122.977059,46.131346],[-122.976958,46.131334],[-122.976958,46.131244],[-122.977087,46.131244],[-122.977105,46.131314],[-122.977216,46.131334],[-122.97723,46.1314],[-122.977346,46.131424],[-122.977349,46.131476],[-122.977387,46.131507],[-122.977686,46.13151],[-122.977728,46.131481],[-122.977734,46.131424],[-122.977816,46.13142],[-122.977858,46.131391],[-122.977864,46.131154],[-122.977938,46.131152],[-122.977984,46.131125],[-122.978013,46.13103],[-122.977986,46.130987],[-122.977605,46.130974],[-122.977596,46.130912],[-122.977543,46.130885],[-122.977087,46.130884],[-122.977078,46.130822],[-122.977025,46.130795],[-122.976699,46.130794],[-122.976681,46.130723],[-122.97657,46.130704],[-122.976535,46.130623],[-122.97644,46.130614],[-122.976412,46.130536],[-122.976181,46.130524],[-122.976164,46.130453],[-122.976052,46.130433],[-122.976017,46.130353],[-122.975923,46.130343],[-122.975894,46.130266],[-122.975793,46.130253],[-122.975765,46.130176],[-122.975664,46.130163],[-122.975635,46.130086],[-122.975405,46.130073],[-122.975387,46.130003],[-122.975275,46.129983],[-122.975258,46.129913],[-122.975146,46.129893],[-122.975133,46.129827],[-122.975017,46.129803],[-122.975011,46.129747],[-122.974969,46.129717],[-122.974825,46.1297],[-122.974759,46.129743],[-122.974764,46.12986],[-122.974806,46.129889],[-122.974887,46.129893],[-122.974887,46.129983],[-122.974758,46.129983],[-122.974752,46.129927],[-122.974702,46.129896],[-122.974499,46.129893],[-122.974481,46.129823],[-122.974369,46.129803],[-122.974335,46.129722],[-122.97424,46.129713],[-122.974212,46.129635],[-122.974111,46.129623],[-122.974082,46.129545],[-122.973981,46.129533],[-122.973953,46.129455],[-122.973852,46.129443],[-122.973823,46.129365],[-122.973722,46.129353],[-122.9737,46.129279],[-122.973463,46.129263],[-122.973441,46.129189],[-122.973334,46.129173],[-122.973316,46.129103],[-122.973205,46.129083],[-122.97317,46.129002],[-122.973075,46.128993],[-122.973047,46.128915],[-122.972946,46.128903],[-122.972917,46.128825],[-122.972816,46.128813],[-122.972788,46.128735],[-122.972687,46.128723],[-122.972687,46.128591],[-122.972659,46.128555],[-122.972299,46.128543],[-122.972299,46.128363],[-122.972394,46.128354],[-122.972428,46.128273],[-122.97251,46.128269],[-122.972554,46.128234],[-122.972545,46.128027],[-122.972429,46.128003],[-122.972423,46.127946],[-122.972381,46.127917],[-122.97217,46.127913],[-122.972152,46.127842],[-122.97204,46.127823],[-122.972027,46.127757],[-122.971911,46.127733],[-122.971876,46.127652],[-122.971652,46.127642],[-122.971629,46.127568],[-122.971523,46.127552],[-122.971488,46.127472],[-122.971393,46.127462],[-122.971376,46.127302],[-122.971323,46.127283],[-122.971134,46.127282],[-122.971135,46.127192],[-122.971241,46.127177],[-122.971264,46.127102],[-122.97138,46.127078],[-122.971394,46.127012],[-122.971585,46.127026],[-122.971644,46.126997],[-122.971652,46.126833],[-122.971747,46.126823],[-122.971782,46.126779],[-122.971769,46.126677],[-122.971653,46.126652],[-122.971653,46.126563],[-122.971782,46.126563],[-122.971788,46.126619],[-122.971837,46.12665],[-122.971978,46.126652],[-122.972028,46.126629],[-122.972041,46.126473],[-122.972076,46.12643],[-122.972041,46.126383],[-122.972041,46.126203],[-122.97239,46.12621],[-122.972426,46.126178],[-122.972429,46.126113],[-122.972536,46.126097],[-122.972559,46.126023],[-122.972763,46.12602],[-122.972812,46.125989],[-122.972818,46.125933],[-122.973036,46.125926],[-122.973088,46.125832],[-122.973574,46.125836],[-122.973614,46.125787],[-122.973567,46.125662],[-122.973336,46.125663],[-122.973259,46.125639],[-122.9731,46.125679],[-122.973066,46.125764],[-122.972689,46.125753],[-122.972689,46.125663],[-122.972885,46.125662],[-122.972941,46.125629],[-122.972947,46.125441],[-122.972919,46.125405],[-122.972735,46.125384],[-122.972692,46.125418],[-122.972689,46.125483],[-122.972559,46.125483],[-122.972498,46.125459],[-122.97243,46.125483],[-122.972302,46.125483],[-122.972266,46.125402],[-122.972088,46.125383],[-122.972045,46.125417],[-122.972041,46.125483],[-122.97194,46.125495],[-122.971912,46.125572],[-122.971811,46.125585],[-122.971782,46.125662],[-122.971681,46.125675],[-122.971653,46.125752],[-122.971552,46.125765],[-122.971523,46.125842],[-122.971422,46.125855],[-122.971394,46.125932],[-122.971299,46.125941],[-122.971264,46.126022],[-122.971153,46.126042],[-122.971135,46.126202],[-122.97104,46.126211],[-122.971005,46.126292],[-122.970894,46.126312],[-122.970876,46.126472],[-122.970769,46.126488],[-122.970746,46.126562],[-122.97063,46.126586],[-122.970617,46.126652],[-122.96997,46.126652],[-122.969947,46.126578],[-122.96984,46.126561],[-122.969841,46.126382],[-122.969929,46.126376],[-122.969968,46.126339],[-122.96999,46.126168],[-122.969968,46.126129],[-122.96992,46.126112],[-122.96963,46.126116],[-122.969583,46.126155],[-122.969582,46.126292],[-122.969452,46.126292],[-122.969435,46.126222],[-122.969323,46.126202],[-122.969288,46.126121],[-122.969194,46.126112],[-122.969165,46.126034],[-122.969064,46.126022],[-122.969036,46.125944],[-122.968805,46.125932],[-122.968782,46.125858],[-122.968676,46.125842],[-122.968641,46.125761],[-122.968547,46.125752],[-122.968566,46.125622],[-122.968539,46.125584],[-122.968288,46.125572],[-122.968265,46.125497],[-122.968158,46.125481],[-122.968141,46.125411],[-122.968029,46.125391],[-122.967994,46.125311],[-122.9679,46.125301],[-122.967871,46.125224],[-122.96777,46.125211],[-122.967781,46.12511],[-122.968158,46.125122],[-122.968181,46.125196],[-122.968288,46.125212],[-122.968305,46.125282],[-122.968417,46.125302],[-122.968452,46.125383],[-122.968547,46.125392],[-122.968575,46.125469],[-122.968676,46.125482],[-122.968704,46.125559],[-122.968805,46.125572],[-122.968809,46.125637],[-122.968845,46.125669],[-122.969194,46.125662],[-122.969262,46.125686],[-122.969353,46.125635],[-122.969306,46.125412],[-122.969194,46.125392],[-122.969181,46.125326],[-122.969065,46.125302],[-122.969061,46.12525],[-122.969023,46.125218],[-122.968806,46.125212],[-122.968783,46.125138],[-122.968676,46.125122],[-122.968659,46.125051],[-122.968547,46.125032],[-122.968512,46.124951],[-122.968418,46.124942],[-122.968389,46.124864],[-122.968288,46.124852],[-122.968265,46.124597],[-122.968029,46.124581],[-122.968029,46.124492],[-122.968226,46.124491],[-122.968282,46.124458],[-122.968323,46.124359],[-122.968288,46.124312],[-122.968289,46.124222],[-122.9684,46.124202],[-122.968452,46.124094],[-122.968418,46.124042],[-122.968418,46.123862],[-122.968525,46.123846],[-122.96858,46.12374],[-122.968538,46.12362],[-122.968493,46.123594],[-122.968418,46.123592],[-122.96839,46.123514],[-122.968085,46.123504],[-122.968036,46.123535],[-122.96803,46.123591],[-122.967798,46.12359],[-122.967771,46.123681],[-122.967424,46.123688],[-122.967386,46.12372],[-122.967383,46.123771],[-122.967282,46.123784],[-122.967253,46.123861],[-122.967158,46.12387],[-122.967124,46.123951],[-122.967049,46.123954],[-122.967003,46.12398],[-122.966997,46.124183],[-122.967042,46.124217],[-122.967124,46.124223],[-122.967123,46.124311],[-122.967042,46.124315],[-122.966997,46.12435],[-122.967003,46.124463],[-122.967049,46.124489],[-122.967123,46.124491],[-122.967158,46.124572],[-122.967253,46.124581],[-122.967281,46.124659],[-122.967382,46.124671],[-122.96741,46.124749],[-122.967511,46.124761],[-122.96754,46.124839],[-122.967641,46.124851],[-122.967669,46.124929],[-122.96777,46.124942],[-122.96777,46.125031],[-122.967641,46.125031],[-122.967632,46.12497],[-122.967578,46.124942],[-122.967253,46.124941],[-122.96723,46.124867],[-122.967123,46.124851],[-122.967123,46.124761],[-122.967158,46.124714],[-122.96711,46.124605],[-122.966994,46.124581],[-122.966959,46.1245],[-122.966865,46.124491],[-122.966836,46.124413],[-122.966735,46.124401],[-122.966707,46.124323],[-122.966606,46.124311],[-122.966577,46.124233],[-122.966476,46.124221],[-122.966448,46.124143],[-122.966218,46.124131],[-122.966208,46.12407],[-122.966155,46.124042],[-122.965829,46.124041],[-122.965823,46.123984],[-122.965774,46.123953],[-122.965571,46.123951],[-122.965548,46.123787],[-122.965441,46.123771],[-122.965424,46.1237],[-122.965312,46.123681],[-122.965277,46.1236],[-122.965182,46.123591],[-122.965154,46.123513],[-122.965053,46.123501],[-122.965025,46.123423],[-122.964924,46.123411],[-122.964895,46.123333],[-122.964665,46.12332],[-122.964642,46.123246],[-122.964536,46.12323],[-122.964526,46.123079],[-122.96448,46.123053],[-122.964406,46.12305],[-122.964372,46.122969],[-122.964277,46.12296],[-122.964271,46.122724],[-122.964229,46.122694],[-122.964148,46.12269],[-122.964113,46.122609],[-122.964018,46.1226],[-122.964015,46.122459],[-122.96397,46.122424],[-122.963889,46.12242],[-122.963876,46.122264],[-122.96376,46.12224],[-122.963725,46.122159],[-122.96363,46.12215],[-122.963602,46.122072],[-122.963501,46.12206],[-122.963492,46.121909],[-122.963446,46.121882],[-122.963372,46.12188],[-122.963337,46.121799],[-122.963242,46.12179],[-122.963214,46.121712],[-122.962983,46.1217],[-122.962949,46.121619],[-122.962725,46.12161],[-122.962702,46.121536],[-122.962549,46.121497],[-122.962466,46.12152],[-122.962077,46.12152],[-122.962078,46.12143],[-122.962112,46.121382],[-122.962072,46.121283],[-122.96203,46.121254],[-122.961948,46.12125],[-122.961942,46.121193],[-122.961893,46.121162],[-122.961724,46.121169],[-122.961689,46.121249],[-122.96156,46.121249],[-122.961499,46.121225],[-122.96143,46.121249],[-122.961301,46.121249],[-122.961278,46.121175],[-122.961172,46.121159],[-122.961137,46.121078],[-122.961042,46.121069],[-122.961042,46.120979],[-122.961077,46.120932],[-122.961043,46.120889],[-122.961041,46.120663],[-122.961002,46.120626],[-122.960913,46.120619],[-122.96089,46.120545],[-122.960712,46.120529],[-122.960656,46.120546],[-122.960634,46.120585],[-122.960654,46.120799],[-122.960525,46.120799],[-122.960512,46.120643],[-122.960396,46.120619],[-122.960361,46.120538],[-122.960266,46.120529],[-122.960249,46.120356],[-122.960191,46.120335],[-122.960007,46.120349],[-122.960027,46.120225],[-122.960006,46.120185],[-122.959958,46.120169],[-122.959619,46.120169],[-122.959616,46.120117],[-122.959578,46.120085],[-122.959361,46.120079],[-122.959355,46.119932],[-122.959313,46.119903],[-122.959231,46.119899],[-122.959209,46.119811],[-122.959156,46.119795],[-122.958972,46.119808],[-122.95895,46.119734],[-122.958843,46.119718],[-122.958843,46.119539],[-122.958878,46.119496],[-122.958858,46.119457],[-122.958782,46.119424],[-122.958714,46.119448],[-122.958584,46.119448],[-122.958581,46.119397],[-122.958543,46.119365],[-122.958326,46.119358],[-122.958303,46.119284],[-122.958196,46.119268],[-122.958183,46.119202],[-122.958067,46.119178],[-122.958039,46.1191],[-122.957938,46.119088],[-122.957922,46.118556],[-122.958067,46.118548],[-122.958071,46.11869],[-122.958137,46.118728],[-122.958408,46.118724],[-122.95845,46.118695],[-122.958456,46.118638],[-122.958537,46.118634],[-122.958582,46.1186],[-122.958597,46.118488],[-122.95855,46.118461],[-122.958456,46.118458],[-122.958421,46.118377],[-122.958326,46.118368],[-122.958326,46.118278],[-122.958652,46.118277],[-122.958706,46.11825],[-122.958715,46.118188],[-122.958973,46.118189],[-122.958987,46.118255],[-122.959103,46.118279],[-122.959112,46.118353],[-122.959178,46.118382],[-122.959333,46.118356],[-122.959362,46.118279],[-122.959491,46.118279],[-122.9595,46.11843],[-122.959546,46.118456],[-122.95962,46.118459],[-122.95962,46.118729],[-122.959514,46.118745],[-122.959491,46.118819],[-122.959374,46.118843],[-122.959361,46.118909],[-122.959232,46.118909],[-122.959226,46.118852],[-122.959177,46.118821],[-122.958973,46.118818],[-122.958967,46.118762],[-122.958918,46.118731],[-122.958714,46.118728],[-122.958646,46.118704],[-122.958561,46.118746],[-122.958552,46.118787],[-122.958613,46.118896],[-122.958844,46.118909],[-122.958859,46.118991],[-122.958809,46.119041],[-122.958829,46.11908],[-122.958927,46.119098],[-122.958972,46.119059],[-122.958957,46.119006],[-122.959102,46.118999],[-122.959115,46.119065],[-122.959232,46.119089],[-122.95926,46.119166],[-122.959428,46.119178],[-122.959481,46.11915],[-122.959491,46.119089],[-122.959967,46.119082],[-122.960007,46.119045],[-122.960009,46.118909],[-122.960138,46.118909],[-122.960161,46.118983],[-122.960267,46.118999],[-122.960267,46.119089],[-122.960165,46.119093],[-122.960121,46.119129],[-122.960166,46.119257],[-122.960526,46.119269],[-122.960527,46.119406],[-122.960588,46.119448],[-122.96075,46.11944],[-122.960785,46.119359],[-122.961043,46.119359],[-122.961043,46.119449],[-122.960855,46.119449],[-122.960798,46.119473],[-122.960784,46.119575],[-122.960807,46.119613],[-122.961043,46.119629],[-122.961066,46.119703],[-122.961173,46.119719],[-122.96119,46.11988],[-122.961243,46.119899],[-122.961431,46.119899],[-122.961444,46.119965],[-122.961561,46.119989],[-122.961564,46.120041],[-122.961602,46.120073],[-122.961819,46.12008],[-122.961881,46.120104],[-122.962037,46.120073],[-122.962075,46.120041],[-122.962079,46.11999],[-122.96216,46.119986],[-122.962205,46.119951],[-122.962202,46.119753],[-122.962146,46.119721],[-122.961949,46.119719],[-122.961927,46.119645],[-122.96182,46.119629],[-122.961785,46.119549],[-122.961691,46.119539],[-122.961691,46.11945],[-122.961797,46.119434],[-122.96182,46.11936],[-122.961936,46.119336],[-122.96195,46.11927],[-122.96216,46.119266],[-122.962202,46.119236],[-122.962209,46.11918],[-122.96229,46.119176],[-122.962332,46.119146],[-122.962338,46.11891],[-122.96245,46.11889],[-122.962502,46.118777],[-122.96245,46.118659],[-122.962338,46.11864],[-122.962338,46.11846],[-122.962542,46.118457],[-122.962591,46.118426],[-122.962597,46.11837],[-122.962815,46.118363],[-122.962853,46.118332],[-122.962856,46.11828],[-122.962945,46.118273],[-122.962985,46.118231],[-122.962977,46.118038],[-122.962931,46.118012],[-122.962856,46.11801],[-122.962822,46.117929],[-122.962727,46.11792],[-122.962718,46.117768],[-122.962672,46.117742],[-122.962598,46.11774],[-122.962597,46.117518],[-122.962569,46.117482],[-122.9624,46.117446],[-122.962223,46.117494],[-122.962209,46.11783],[-122.96208,46.11783],[-122.962071,46.117768],[-122.962017,46.117741],[-122.961692,46.117739],[-122.961683,46.117498],[-122.961637,46.117472],[-122.961563,46.117469],[-122.961528,46.117388],[-122.961433,46.117379],[-122.961411,46.117215],[-122.961304,46.117199],[-122.961269,46.117118],[-122.961175,46.117109],[-122.961162,46.116683],[-122.961045,46.116659],[-122.96104,46.116603],[-122.960998,46.116573],[-122.960787,46.116569],[-122.960769,46.116499],[-122.960657,46.116479],[-122.960623,46.116398],[-122.960528,46.116389],[-122.960505,46.116315],[-122.960353,46.116276],[-122.960137,46.116319],[-122.960146,46.116446],[-122.960202,46.116478],[-122.960398,46.116479],[-122.960421,46.116553],[-122.960528,46.116569],[-122.960562,46.11665],[-122.960657,46.116659],[-122.960666,46.116811],[-122.960712,46.116837],[-122.960786,46.116839],[-122.960786,46.117019],[-122.959751,46.117019],[-122.959742,46.116957],[-122.959689,46.11693],[-122.958716,46.116928],[-122.95871,46.116872],[-122.958661,46.116841],[-122.958198,46.116838],[-122.958107,46.116817],[-122.958034,46.116881],[-122.958069,46.116929],[-122.958068,46.117468],[-122.957956,46.117488],[-122.957904,46.117606],[-122.957939,46.117648],[-122.957919,46.117772],[-122.95794,46.117812],[-122.958197,46.117828],[-122.958197,46.118008],[-122.958091,46.118024],[-122.958066,46.118098],[-122.957938,46.118098],[-122.957932,46.118041],[-122.957883,46.11801],[-122.957755,46.117994],[-122.957692,46.118019],[-122.957681,46.118325],[-122.95772,46.118362],[-122.957809,46.118368],[-122.957824,46.11854],[-122.957714,46.118557],[-122.957679,46.118638],[-122.957563,46.118662],[-122.957549,46.118818],[-122.95742,46.118818],[-122.957407,46.118752],[-122.957291,46.118728],[-122.957285,46.118671],[-122.957236,46.11864],[-122.956644,46.118638],[-122.956621,46.118563],[-122.956514,46.118548],[-122.956501,46.118212],[-122.956385,46.118187],[-122.956379,46.118131],[-122.956337,46.118102],[-122.956126,46.118097],[-122.956104,46.118023],[-122.955997,46.118007],[-122.95598,46.117847],[-122.955868,46.117827],[-122.955833,46.117746],[-122.955739,46.117737],[-122.95571,46.11766],[-122.955609,46.117647],[-122.955609,46.117377],[-122.955684,46.117375],[-122.95573,46.117349],[-122.955739,46.117197],[-122.955774,46.11715],[-122.955739,46.117107],[-122.955736,46.116786],[-122.955691,46.116751],[-122.95561,46.116747],[-122.95561,46.116346],[-122.955576,46.116306],[-122.95542,46.116273],[-122.955351,46.116297],[-122.955222,46.116297],[-122.955153,46.116273],[-122.955092,46.116297],[-122.954609,46.116306],[-122.954575,46.116387],[-122.954474,46.116399],[-122.954445,46.116477],[-122.954344,46.116489],[-122.954316,46.116567],[-122.954221,46.116576],[-122.954186,46.116657],[-122.95407,46.116681],[-122.954057,46.116837],[-122.953962,46.116846],[-122.953927,46.116926],[-122.953846,46.116931],[-122.953804,46.11696],[-122.953798,46.117106],[-122.953668,46.117106],[-122.953668,46.116927],[-122.953757,46.11692],[-122.953796,46.116883],[-122.953775,46.116672],[-122.953539,46.116656],[-122.953526,46.11659],[-122.953462,46.116566],[-122.953315,46.116575],[-122.95328,46.116656],[-122.953022,46.116656],[-122.953018,46.116425],[-122.952974,46.11639],[-122.952892,46.116386],[-122.952893,46.115666],[-122.952988,46.115657],[-122.953023,46.115576],[-122.953134,46.115556],[-122.953152,46.115396],[-122.953259,46.11538],[-122.953282,46.115306],[-122.953492,46.115302],[-122.953534,46.115273],[-122.95354,46.115216],[-122.953652,46.115197],[-122.95367,46.115036],[-122.954188,46.115037],[-122.954216,46.115114],[-122.954446,46.115127],[-122.954452,46.115183],[-122.954494,46.115213],[-122.954643,46.115216],[-122.954696,46.115188],[-122.954696,46.115065],[-122.95465,46.115039],[-122.954576,46.115037],[-122.95457,46.1148],[-122.954528,46.114771],[-122.954447,46.114767],[-122.954445,46.11445],[-122.954406,46.114413],[-122.954318,46.114407],[-122.954312,46.11417],[-122.95427,46.114141],[-122.954188,46.114137],[-122.954154,46.114056],[-122.954059,46.114047],[-122.954059,46.113957],[-122.954133,46.113954],[-122.954179,46.113928],[-122.954191,46.113777],[-122.954318,46.113777],[-122.954318,46.113908],[-122.954352,46.113948],[-122.954502,46.113971],[-122.954564,46.113946],[-122.954577,46.113777],[-122.954651,46.113774],[-122.954697,46.113748],[-122.954707,46.113597],[-122.954801,46.113588],[-122.954836,46.113507],[-122.954917,46.113503],[-122.954962,46.113469],[-122.954966,46.113147],[-122.955072,46.113131],[-122.955095,46.113057],[-122.955304,46.113057],[-122.955362,46.113032],[-122.955354,46.112787],[-122.955428,46.112785],[-122.955474,46.112759],[-122.955484,46.112607],[-122.955579,46.112598],[-122.955613,46.112517],[-122.95573,46.112493],[-122.955743,46.112337],[-122.955838,46.112328],[-122.955872,46.112247],[-122.955989,46.112223],[-122.956002,46.112067],[-122.956097,46.112058],[-122.956131,46.111977],[-122.956206,46.111975],[-122.956252,46.111949],[-122.956261,46.111797],[-122.956349,46.111791],[-122.956389,46.111754],[-122.956391,46.111527],[-122.956491,46.111515],[-122.95652,46.111438],[-122.956615,46.111428],[-122.956649,46.111348],[-122.956766,46.111324],[-122.956779,46.111168],[-122.95686,46.111163],[-122.956905,46.111129],[-122.956909,46.110988],[-122.95699,46.110984],[-122.957032,46.110954],[-122.957038,46.110808],[-122.957234,46.110807],[-122.957288,46.110779],[-122.957297,46.110628],[-122.957413,46.110604],[-122.957427,46.110448],[-122.957538,46.110428],[-122.957556,46.110268],[-122.957638,46.110264],[-122.957682,46.11023],[-122.957686,46.109998],[-122.957788,46.109994],[-122.957832,46.109958],[-122.957815,46.109728],[-122.957927,46.109708],[-122.957979,46.109601],[-122.957945,46.109548],[-122.957945,46.109368],[-122.958278,46.109366],[-122.958327,46.109335],[-122.958333,46.109278],[-122.958592,46.109278],[-122.958661,46.109302],[-122.958822,46.109266],[-122.95885,46.10923],[-122.958851,46.109098],[-122.958952,46.109086],[-122.95898,46.109008],[-122.959097,46.108984],[-122.95911,46.108918],[-122.959217,46.108903],[-122.959239,46.108738],[-122.959314,46.108736],[-122.95936,46.10871],[-122.959404,46.108606],[-122.959369,46.108558],[-122.959369,46.108469],[-122.959476,46.108453],[-122.959499,46.108379],[-122.959702,46.108376],[-122.959751,46.108345],[-122.959757,46.108289],[-122.959887,46.108289],[-122.959904,46.108359],[-122.960016,46.108379],[-122.96005,46.10846],[-122.960145,46.108469],[-122.960174,46.108546],[-122.960275,46.108559],[-122.960303,46.108637],[-122.960533,46.108649],[-122.960551,46.108719],[-122.960663,46.108739],[-122.960697,46.10882],[-122.960792,46.108829],[-122.96082,46.108907],[-122.960921,46.108919],[-122.960944,46.108993],[-122.96118,46.109009],[-122.961198,46.109079],[-122.961309,46.109099],[-122.961327,46.109169],[-122.961439,46.109189],[-122.961452,46.109255],[-122.961568,46.109279],[-122.961603,46.10936],[-122.961827,46.109369],[-122.961845,46.10944],[-122.961956,46.109459],[-122.961991,46.10954],[-122.962086,46.109549],[-122.962114,46.109627],[-122.962215,46.10964],[-122.962243,46.109717],[-122.962344,46.10973],[-122.962373,46.109807],[-122.962603,46.10982],[-122.962626,46.109894],[-122.962732,46.10991],[-122.962745,46.109976],[-122.962862,46.11],[-122.96289,46.110077],[-122.962991,46.11009],[-122.963009,46.11025],[-122.96312,46.11027],[-122.96312,46.11063],[-122.963013,46.110646],[-122.962991,46.11072],[-122.962732,46.11072],[-122.962709,46.110645],[-122.962603,46.11063],[-122.962581,46.110452],[-122.962513,46.110436],[-122.962357,46.110474],[-122.962347,46.110681],[-122.962392,46.110715],[-122.962473,46.11072],[-122.962507,46.1108],[-122.962602,46.11081],[-122.962602,46.11099],[-122.962501,46.111002],[-122.962473,46.11108],[-122.962372,46.111092],[-122.962343,46.111169],[-122.962248,46.111179],[-122.962214,46.111259],[-122.96214,46.111262],[-122.962094,46.111288],[-122.962084,46.111439],[-122.961968,46.111463],[-122.961956,46.111576],[-122.962017,46.111618],[-122.962214,46.11162],[-122.962213,46.111709],[-122.961895,46.11171],[-122.961843,46.111729],[-122.961831,46.112036],[-122.961873,46.112065],[-122.961954,46.112069],[-122.961989,46.11215],[-122.962084,46.11216],[-122.962084,46.112291],[-122.962112,46.112327],[-122.962342,46.11234],[-122.962365,46.112414],[-122.962472,46.11243],[-122.962506,46.112511],[-122.962601,46.11252],[-122.962601,46.112651],[-122.962636,46.112691],[-122.962948,46.112693],[-122.962988,46.112656],[-122.96299,46.11252],[-122.963119,46.11252],[-122.963132,46.112586],[-122.963248,46.11261],[-122.963277,46.112688],[-122.963507,46.1127],[-122.96353,46.112774],[-122.963636,46.11279],[-122.963671,46.112871],[-122.963766,46.11288],[-122.963766,46.113101],[-122.963794,46.113138],[-122.963956,46.113174],[-122.964024,46.11315],[-122.964154,46.11315],[-122.964176,46.113224],[-122.964283,46.11324],[-122.964289,46.113567],[-122.964331,46.113596],[-122.964412,46.1136],[-122.964447,46.113681],[-122.964541,46.11369],[-122.964541,46.11396],[-122.96446,46.113964],[-122.964415,46.113999],[-122.964421,46.114202],[-122.964482,46.11423],[-122.9648,46.11423],[-122.964809,46.114382],[-122.964855,46.114408],[-122.964929,46.11441],[-122.964935,46.114647],[-122.964977,46.114676],[-122.965058,46.114681],[-122.965093,46.114761],[-122.965188,46.114771],[-122.965205,46.114931],[-122.965258,46.11495],[-122.965576,46.114951],[-122.965599,46.115025],[-122.965705,46.115041],[-122.965723,46.115111],[-122.965835,46.115131],[-122.965869,46.115212],[-122.965964,46.115221],[-122.965992,46.115299],[-122.966093,46.115311],[-122.966122,46.115389],[-122.966223,46.115401],[-122.966206,46.115541],[-122.96625,46.115577],[-122.966352,46.115581],[-122.966352,46.115761],[-122.966163,46.115761],[-122.966111,46.115781],[-122.966099,46.115997],[-122.966163,46.116031],[-122.966481,46.116031],[-122.966494,46.116187],[-122.966611,46.116211],[-122.966645,46.116292],[-122.96674,46.116301],[-122.966749,46.116452],[-122.966795,46.116479],[-122.966869,46.116481],[-122.966872,46.116803],[-122.966917,46.116837],[-122.966998,46.116841],[-122.967033,46.116922],[-122.967128,46.116931],[-122.96715,46.117185],[-122.967205,46.117201],[-122.967645,46.117201],[-122.967651,46.117348],[-122.967693,46.117377],[-122.967775,46.117381],[-122.967809,46.117462],[-122.967904,46.117471],[-122.967905,46.117608],[-122.967945,46.117645],[-122.968422,46.117652],[-122.968425,46.117793],[-122.968469,46.117827],[-122.968551,46.117832],[-122.96856,46.117983],[-122.968606,46.118009],[-122.96868,46.118012],[-122.968715,46.118092],[-122.96881,46.118102],[-122.968844,46.118183],[-122.969327,46.118192],[-122.969345,46.118262],[-122.969457,46.118282],[-122.96947,46.118348],[-122.969586,46.118372],[-122.96962,46.118453],[-122.969974,46.118462],[-122.969997,46.118536],[-122.970103,46.118552],[-122.970138,46.118633],[-122.970233,46.118642],[-122.97025,46.118982],[-122.970362,46.119002],[-122.970375,46.119068],[-122.970491,46.119092],[-122.970495,46.119144],[-122.970533,46.119176],[-122.97075,46.119182],[-122.970751,46.119313],[-122.970785,46.119353],[-122.971009,46.119362],[-122.971012,46.119504],[-122.971057,46.119538],[-122.971138,46.119542],[-122.971156,46.119703],[-122.971208,46.119722],[-122.971397,46.119722],[-122.97142,46.119797],[-122.971526,46.119812],[-122.971544,46.119883],[-122.971656,46.119902],[-122.97169,46.119983],[-122.971785,46.119992],[-122.971814,46.12007],[-122.971915,46.120083],[-122.971932,46.120243],[-122.972044,46.120263],[-122.972079,46.120343],[-122.972173,46.120353],[-122.972202,46.12043],[-122.972303,46.120443],[-122.972331,46.12052],[-122.972432,46.120533],[-122.972461,46.12061],[-122.972561,46.120623],[-122.97259,46.1207],[-122.972691,46.120713],[-122.972719,46.12079],[-122.97282,46.120803],[-122.972843,46.120877],[-122.97295,46.120893],[-122.972972,46.120967],[-122.973079,46.120983],[-122.973107,46.12106],[-122.973467,46.121073],[-122.97348,46.121139],[-122.973597,46.121163],[-122.973625,46.121241],[-122.973855,46.121253],[-122.973865,46.121314],[-122.973918,46.121342],[-122.974189,46.121341],[-122.974238,46.12131],[-122.974244,46.121253],[-122.974373,46.121253],[-122.974373,46.121343],[-122.974339,46.121391],[-122.974386,46.121499],[-122.974443,46.121523],[-122.974632,46.121523],[-122.974645,46.121589],[-122.974761,46.121613],[-122.974796,46.121694],[-122.97515,46.121703],[-122.975167,46.121773],[-122.975279,46.121793],[-122.975292,46.121859],[-122.975408,46.121883],[-122.975414,46.12194],[-122.975463,46.121971],[-122.976055,46.121973],[-122.976055,46.122153],[-122.975804,46.122166],[-122.975777,46.122209],[-122.975802,46.1223],[-122.975844,46.122329],[-122.975926,46.122333],[-122.97596,46.122414],[-122.976055,46.122423],[-122.976084,46.122501],[-122.976185,46.122514],[-122.976198,46.122669],[-122.976314,46.122694],[-122.976349,46.122774],[-122.976443,46.122784],[-122.976472,46.122861],[-122.976573,46.122874],[-122.976607,46.122954],[-122.976832,46.122964],[-122.976908,46.122987],[-122.977062,46.122951],[-122.977091,46.122874],[-122.977349,46.122874],[-122.977367,46.123034],[-122.977419,46.123053],[-122.977608,46.123054],[-122.977614,46.12311],[-122.977656,46.12314],[-122.977996,46.123144],[-122.978006,46.123205],[-122.978059,46.123233],[-122.978514,46.123234],[-122.978523,46.123295],[-122.978577,46.123323],[-122.978902,46.123324],[-122.978925,46.123398],[-122.979032,46.123414],[-122.979045,46.12348],[-122.979161,46.123504],[-122.97919,46.123582],[-122.979291,46.123594],[-122.979313,46.123758],[-122.979549,46.123774],[-122.979555,46.123921],[-122.979597,46.12395],[-122.979695,46.123962],[-122.97968,46.124091],[-122.979734,46.124132],[-122.979875,46.124133],[-122.979932,46.124101],[-122.979925,46.123978],[-122.979792,46.123947],[-122.979808,46.123774],[-122.979938,46.123774],[-122.97996,46.123848],[-122.980067,46.123864],[-122.980085,46.124024],[-122.980196,46.124044],[-122.980231,46.124125],[-122.980326,46.124134],[-122.980326,46.124674],[-122.980244,46.124678],[-122.980202,46.124708],[-122.980202,46.124911],[-122.980244,46.12494],[-122.980326,46.124944],[-122.980331,46.125091],[-122.980374,46.12512],[-122.980455,46.125124],[-122.980489,46.125205],[-122.980843,46.125214],[-122.980843,46.125394],[-122.980769,46.125397],[-122.980723,46.125423],[-122.980731,46.125555],[-122.980843,46.125574],[-122.980849,46.125631],[-122.980898,46.125662],[-122.981102,46.125664],[-122.981163,46.125689],[-122.981232,46.125665],[-122.981361,46.125665],[-122.981374,46.12573],[-122.98149,46.125755],[-122.981496,46.125811],[-122.981538,46.12584],[-122.981878,46.125845],[-122.981884,46.125991],[-122.981926,46.12602],[-122.982008,46.126025],[-122.982014,46.126171],[-122.982056,46.1262],[-122.982137,46.126205],[-122.982166,46.126282],[-122.982328,46.126319],[-122.982396,46.126295],[-122.982655,46.126295],[-122.982655,46.126385],[-122.98262,46.126432],[-122.982673,46.126545],[-122.982784,46.126565],[-122.98279,46.126621],[-122.982832,46.126651],[-122.983043,46.126655],[-122.983061,46.126725],[-122.983173,46.126745],[-122.983186,46.126811],[-122.983302,46.126835],[-122.983337,46.126916],[-122.983561,46.126925],[-122.983541,46.127054],[-122.983569,46.127092],[-122.983949,46.127105],[-122.983962,46.127171],[-122.984079,46.127195],[-122.984107,46.127273],[-122.984337,46.127285],[-122.984355,46.127355],[-122.984467,46.127375],[-122.984501,46.127456],[-122.984596,46.127465],[-122.984625,46.127543],[-122.9848,46.127553],[-122.984854,46.127512],[-122.984842,46.127399],[-122.984726,46.127375],[-122.984691,46.127294],[-122.984596,46.127285],[-122.984568,46.127207],[-122.984467,46.127195],[-122.984467,46.127015],[-122.984596,46.127015],[-122.984614,46.127175],[-122.984726,46.127195],[-122.98476,46.127276],[-122.984855,46.127285],[-122.984884,46.127363],[-122.984985,46.127375],[-122.984985,46.127555],[-122.984868,46.127579],[-122.984856,46.127686],[-122.984896,46.127729],[-122.984984,46.127735],[-122.985019,46.127816],[-122.985175,46.127849],[-122.985244,46.127825],[-122.985632,46.127825],[-122.985649,46.127985],[-122.985702,46.128005],[-122.985891,46.128005],[-122.985904,46.128071],[-122.985968,46.128095],[-122.986231,46.128091],[-122.986273,46.128062],[-122.986279,46.128005],[-122.986619,46.128001],[-122.986661,46.127972],[-122.986667,46.127915],[-122.987056,46.127915],[-122.987062,46.127972],[-122.987104,46.128001],[-122.987381,46.128004],[-122.987435,46.127977],[-122.987444,46.127915],[-122.987648,46.127913],[-122.987697,46.127882],[-122.987703,46.127825],[-122.987832,46.127825],[-122.987832,46.128095],[-122.987621,46.128099],[-122.987579,46.128129],[-122.987573,46.128185],[-122.987377,46.128186],[-122.987316,46.128229],[-122.987332,46.128346],[-122.987444,46.128365],[-122.987478,46.128446],[-122.987573,46.128455],[-122.987575,46.128606],[-122.987634,46.128648],[-122.987791,46.128629],[-122.987829,46.128597],[-122.987832,46.128545],[-122.987944,46.128526],[-122.987962,46.128275],[-122.988145,46.128289],[-122.988199,46.128273],[-122.988221,46.128185],[-122.988302,46.128181],[-122.988344,46.128152],[-122.98835,46.128005],[-122.988479,46.128006],[-122.988485,46.128062],[-122.988535,46.128093],[-122.988738,46.128096],[-122.988751,46.128161],[-122.988868,46.128186],[-122.988874,46.128242],[-122.988916,46.128271],[-122.989256,46.128276],[-122.989269,46.128342],[-122.989385,46.128366],[-122.989414,46.128443],[-122.989644,46.128456],[-122.98965,46.128512],[-122.989692,46.128541],[-122.990033,46.128546],[-122.990055,46.12862],[-122.990162,46.128636],[-122.990185,46.1288],[-122.990421,46.128816],[-122.990427,46.129052],[-122.990469,46.129082],[-122.99055,46.129086],[-122.990585,46.129167],[-122.99068,46.129176],[-122.990683,46.129317],[-122.990728,46.129352],[-122.990809,46.129356],[-122.990809,46.129446],[-122.99068,46.129446],[-122.990674,46.129389],[-122.990625,46.129358],[-122.990421,46.129356],[-122.990398,46.129281],[-122.990292,46.129266],[-122.990278,46.12911],[-122.990162,46.129086],[-122.990128,46.129005],[-122.990033,46.128996],[-122.990004,46.128918],[-122.989903,46.128906],[-122.989875,46.128828],[-122.989774,46.128816],[-122.989765,46.128664],[-122.989719,46.128638],[-122.989644,46.128636],[-122.989638,46.128579],[-122.989589,46.128548],[-122.98942,46.128555],[-122.989384,46.128636],[-122.988997,46.128635],[-122.988988,46.128574],[-122.988935,46.128547],[-122.988535,46.128548],[-122.988485,46.128579],[-122.988479,46.128635],[-122.988363,46.128659],[-122.98835,46.128725],[-122.988238,46.128745],[-122.988209,46.128826],[-122.988024,46.128816],[-122.987965,46.128854],[-122.987965,46.128957],[-122.988032,46.128995],[-122.988186,46.128986],[-122.988231,46.128894],[-122.98835,46.128906],[-122.988363,46.128971],[-122.988428,46.128995],[-122.988805,46.128994],[-122.988858,46.128967],[-122.988868,46.128906],[-122.988997,46.128906],[-122.988985,46.129056],[-122.989032,46.129083],[-122.989126,46.129086],[-122.989136,46.129507],[-122.989189,46.129535],[-122.989385,46.129536],[-122.989408,46.12961],[-122.989515,46.129626],[-122.989528,46.129782],[-122.989644,46.129806],[-122.989644,46.129896],[-122.989455,46.129896],[-122.989398,46.12992],[-122.989385,46.130076],[-122.989196,46.130076],[-122.989144,46.130095],[-122.989092,46.130208],[-122.989126,46.130256],[-122.989126,46.130345],[-122.988901,46.130341],[-122.988868,46.130381],[-122.988867,46.130525],[-122.988773,46.130528],[-122.988726,46.130555],[-122.988751,46.130682],[-122.988867,46.130706],[-122.988868,46.130941],[-122.988895,46.130976],[-122.989126,46.130976],[-122.989161,46.131056],[-122.989322,46.131065],[-122.989384,46.131022],[-122.989385,46.130886],[-122.989703,46.130885],[-122.989764,46.130857],[-122.98977,46.130654],[-122.989726,46.13062],[-122.989644,46.130616],[-122.989644,46.130526],[-122.989751,46.13051],[-122.989784,46.130425],[-122.98995,46.130449],[-122.990005,46.130437],[-122.990032,46.130401],[-122.990029,46.130294],[-122.989977,46.130258],[-122.989836,46.130257],[-122.989783,46.130284],[-122.989763,46.130357],[-122.989644,46.130346],[-122.989621,46.130271],[-122.989515,46.130256],[-122.989515,46.130166],[-122.989984,46.130162],[-122.990027,46.130132],[-122.990033,46.130076],[-122.990149,46.130052],[-122.990162,46.129986],[-122.990394,46.129987],[-122.990421,46.129896],[-122.990528,46.12988],[-122.99055,46.129806],[-122.990667,46.129782],[-122.99068,46.129716],[-122.990939,46.129716],[-122.990961,46.12979],[-122.991068,46.129806],[-122.991103,46.129887],[-122.991198,46.129897],[-122.991197,46.130166],[-122.990967,46.130178],[-122.990939,46.130214],[-122.990942,46.130307],[-122.990986,46.130342],[-122.991068,46.130346],[-122.991077,46.130407],[-122.991138,46.130435],[-122.991292,46.130427],[-122.991327,46.130346],[-122.991456,46.130346],[-122.991456,46.130436],[-122.991345,46.130455],[-122.991307,46.13056],[-122.991347,46.130609],[-122.991456,46.130616],[-122.991456,46.130796],[-122.991422,46.130838],[-122.991442,46.130877],[-122.99154,46.130908],[-122.991692,46.13087],[-122.991715,46.130796],[-122.991845,46.130796],[-122.991867,46.13096],[-122.992103,46.130976],[-122.992126,46.13105],[-122.992233,46.131066],[-122.992213,46.131195],[-122.992247,46.131236],[-122.992492,46.131246],[-122.992553,46.13127],[-122.992621,46.131246],[-122.992751,46.131246],[-122.992764,46.131312],[-122.99288,46.131336],[-122.992915,46.131417],[-122.993139,46.131426],[-122.993139,46.131516],[-122.993051,46.131522],[-122.993011,46.131559],[-122.993011,46.131652],[-122.993051,46.13169],[-122.993223,46.131718],[-122.993375,46.13168],[-122.993398,46.131606],[-122.993527,46.131606],[-122.993531,46.131748],[-122.993575,46.131782],[-122.993657,46.131786],[-122.99367,46.131942],[-122.993786,46.131966],[-122.993821,46.132047],[-122.993916,46.132056],[-122.993944,46.132134],[-122.994045,46.132146]],[[-122.954705,46.115577],[-122.95406,46.115577],[-122.953974,46.115554],[-122.953812,46.1156],[-122.953799,46.115756],[-122.95361,46.115757],[-122.953558,46.115776],[-122.95354,46.116026],[-122.953505,46.116069],[-122.95354,46.116116],[-122.95354,46.116248],[-122.953581,46.11629],[-122.953669,46.116297],[-122.953669,46.116428],[-122.953697,46.116464],[-122.953887,46.11647],[-122.953926,46.116433],[-122.953928,46.116297],[-122.954117,46.116296],[-122.954169,46.116277],[-122.954221,46.116164],[-122.954187,46.116117],[-122.954187,46.116027],[-122.954293,46.116011],[-122.954316,46.115937],[-122.954411,46.115928],[-122.954446,46.115847],[-122.954558,46.115827],[-122.954575,46.115757],[-122.954893,46.115757],[-122.95495,46.115733],[-122.954964,46.115361],[-122.954923,46.115313],[-122.954768,46.115308],[-122.954714,46.115335],[-122.954705,46.115577]],[[-122.955353,46.114267],[-122.955326,46.114226],[-122.955263,46.114214],[-122.955123,46.114239],[-122.955094,46.114317],[-122.95491,46.114303],[-122.954852,46.114323],[-122.954835,46.114623],[-122.954863,46.114665],[-122.955033,46.114701],[-122.955206,46.114657],[-122.955224,46.114407],[-122.95534,46.114383],[-122.955353,46.114267]],[[-122.958466,46.114563],[-122.958453,46.114442],[-122.958404,46.114411],[-122.958071,46.114408],[-122.958053,46.114338],[-122.957941,46.114318],[-122.957924,46.114248],[-122.957812,46.114228],[-122.957803,46.114167],[-122.957742,46.114138],[-122.95671,46.114139],[-122.956656,46.114166],[-122.956647,46.114228],[-122.956417,46.11424],[-122.956388,46.114317],[-122.95617,46.114324],[-122.956133,46.114356],[-122.956129,46.114407],[-122.956013,46.114431],[-122.956,46.114497],[-122.955764,46.114513],[-122.955741,46.114677],[-122.955646,46.114686],[-122.955611,46.114767],[-122.955537,46.114769],[-122.955491,46.114796],[-122.955482,46.115037],[-122.955393,46.115043],[-122.955353,46.115086],[-122.955352,46.115487],[-122.955161,46.115474],[-122.955102,46.115502],[-122.955102,46.115818],[-122.955148,46.115845],[-122.955222,46.115847],[-122.955231,46.115909],[-122.955285,46.115936],[-122.955924,46.115951],[-122.955982,46.115931],[-122.955993,46.115791],[-122.955951,46.115761],[-122.95587,46.115757],[-122.955835,46.115676],[-122.95574,46.115667],[-122.955739,46.115441],[-122.955699,46.115404],[-122.955611,46.115397],[-122.955611,46.115307],[-122.955718,46.115291],[-122.955741,46.115217],[-122.955937,46.115216],[-122.955993,46.115184],[-122.956032,46.115069],[-122.955977,46.114963],[-122.95587,46.114947],[-122.95587,46.114857],[-122.955977,46.114842],[-122.956,46.114767],[-122.956231,46.114768],[-122.956258,46.114732],[-122.956259,46.114587],[-122.956365,46.114572],[-122.956388,46.114498],[-122.956619,46.114485],[-122.956647,46.114408],[-122.956763,46.114384],[-122.956777,46.114318],[-122.957682,46.114318],[-122.957682,46.114407],[-122.957594,46.114414],[-122.957554,46.114451],[-122.957552,46.114948],[-122.957219,46.11495],[-122.95717,46.114981],[-122.957164,46.115038],[-122.956975,46.115038],[-122.956923,46.115057],[-122.956888,46.115178],[-122.956933,46.115213],[-122.957034,46.115218],[-122.957034,46.115308],[-122.956928,46.115324],[-122.956894,46.115409],[-122.956716,46.115398],[-122.956664,46.115417],[-122.956648,46.115548],[-122.956714,46.115591],[-122.956877,46.115565],[-122.956916,46.115477],[-122.957252,46.115481],[-122.95729,46.11545],[-122.957293,46.115398],[-122.957783,46.115386],[-122.957811,46.115344],[-122.957812,46.114678],[-122.958281,46.114674],[-122.958323,46.114645],[-122.958329,46.114588],[-122.958424,46.114586],[-122.958466,46.114563]],[[-122.955719,46.113851],[-122.955761,46.113738],[-122.955734,46.1137],[-122.955544,46.113663],[-122.955388,46.113696],[-122.955353,46.113777],[-122.955247,46.113793],[-122.955224,46.113831],[-122.955246,46.114134],[-122.955306,46.114151],[-122.95546,46.114121],[-122.955483,46.113957],[-122.955578,46.113948],[-122.955612,46.113867],[-122.955719,46.113851]],[[-122.956257,46.116838],[-122.956338,46.116833],[-122.956383,46.116799],[-122.956377,46.116506],[-122.956324,46.116479],[-122.956128,46.116477],[-122.956128,46.116387],[-122.956162,46.11634],[-122.956093,46.116217],[-122.955781,46.116214],[-122.95574,46.116256],[-122.955741,46.116434],[-122.95578,46.116471],[-122.955869,46.116477],[-122.955897,46.116555],[-122.955998,46.116567],[-122.955998,46.116657],[-122.955963,46.116705],[-122.955998,46.116747],[-122.956007,46.116899],[-122.95606,46.116926],[-122.956202,46.116925],[-122.956251,46.116894],[-122.956257,46.116838]],[[-122.963917,46.114214],[-122.964085,46.114244],[-122.96414,46.114219],[-122.964153,46.114104],[-122.964119,46.114059],[-122.964024,46.11405],[-122.964015,46.113899],[-122.963969,46.113872],[-122.963894,46.11387],[-122.96386,46.113789],[-122.963765,46.11378],[-122.963785,46.11365],[-122.963758,46.113613],[-122.963636,46.1136],[-122.96363,46.113543],[-122.963588,46.113514],[-122.963377,46.11351],[-122.963376,46.113373],[-122.963322,46.113332],[-122.963179,46.113306],[-122.963037,46.113334],[-122.962995,46.113363],[-122.962989,46.11342],[-122.962907,46.113424],[-122.962865,46.113453],[-122.96286,46.113565],[-122.962887,46.113601],[-122.963118,46.1136],[-122.963118,46.11378],[-122.963011,46.113796],[-122.962988,46.11387],[-122.962771,46.113876],[-122.962733,46.113908],[-122.962728,46.11396],[-122.962471,46.11396],[-122.962448,46.113885],[-122.962342,46.11387],[-122.962332,46.113628],[-122.962287,46.113602],[-122.962212,46.113599],[-122.962178,46.113519],[-122.962083,46.113509],[-122.962055,46.113432],[-122.961954,46.113419],[-122.961925,46.113342],[-122.961824,46.113329],[-122.961819,46.113003],[-122.961777,46.112973],[-122.961695,46.112969],[-122.961678,46.112809],[-122.961566,46.112789],[-122.961531,46.112708],[-122.961436,46.112699],[-122.961437,46.112249],[-122.961633,46.112248],[-122.96169,46.112216],[-122.961687,46.111828],[-122.961633,46.1118],[-122.961492,46.111802],[-122.961443,46.111833],[-122.961437,46.111889],[-122.961321,46.111913],[-122.961307,46.111979],[-122.961049,46.111979],[-122.961046,46.111747],[-122.961001,46.111713],[-122.96092,46.111709],[-122.960907,46.111373],[-122.96085,46.111349],[-122.960661,46.111349],[-122.960655,46.111292],[-122.960606,46.111261],[-122.960402,46.111259],[-122.960385,46.111099],[-122.960273,46.111079],[-122.960267,46.111022],[-122.960225,46.110993],[-122.960014,46.110989],[-122.960001,46.110833],[-122.959831,46.110785],[-122.959639,46.110833],[-122.959591,46.110941],[-122.959626,46.110989],[-122.959626,46.111079],[-122.959531,46.111088],[-122.959496,46.111169],[-122.959385,46.111188],[-122.959367,46.111348],[-122.95926,46.111364],[-122.959237,46.111438],[-122.959121,46.111462],[-122.959108,46.111528],[-122.958979,46.111528],[-122.958973,46.111458],[-122.958911,46.111425],[-122.958013,46.111438],[-122.957952,46.111467],[-122.957943,46.111528],[-122.957713,46.11154],[-122.957684,46.111618],[-122.957568,46.111642],[-122.957555,46.111708],[-122.957115,46.111708],[-122.95706,46.111724],[-122.957037,46.111762],[-122.957037,46.112068],[-122.956963,46.11207],[-122.956917,46.112096],[-122.956907,46.112248],[-122.956813,46.112257],[-122.956778,46.112338],[-122.956662,46.112362],[-122.956648,46.112517],[-122.956301,46.112524],[-122.956262,46.112561],[-122.95626,46.112697],[-122.956186,46.1127],[-122.95614,46.112726],[-122.95613,46.112967],[-122.956042,46.112974],[-122.956001,46.113016],[-122.956001,46.113417],[-122.955912,46.113424],[-122.955872,46.113466],[-122.955874,46.113572],[-122.955931,46.11361],[-122.956095,46.113588],[-122.95613,46.113507],[-122.956389,46.113508],[-122.956398,46.113569],[-122.956451,46.113596],[-122.956906,46.113598],[-122.956919,46.113664],[-122.957036,46.113688],[-122.957042,46.113744],[-122.957091,46.113775],[-122.957553,46.113778],[-122.957576,46.113852],[-122.957683,46.113868],[-122.957684,46.114004],[-122.957738,46.114046],[-122.957907,46.114039],[-122.957942,46.113958],[-122.958198,46.113958],[-122.958206,46.114028],[-122.958261,46.114061],[-122.958718,46.114048],[-122.958721,46.11437],[-122.958765,46.114404],[-122.958847,46.114408],[-122.958856,46.11447],[-122.958917,46.114498],[-122.959071,46.114489],[-122.959108,46.114408],[-122.959235,46.114409],[-122.959244,46.11447],[-122.959298,46.114498],[-122.959595,46.114486],[-122.959623,46.11445],[-122.959624,46.114229],[-122.959735,46.114209],[-122.959753,46.114049],[-122.95986,46.114033],[-122.959883,46.113959],[-122.959999,46.113935],[-122.960012,46.113869],[-122.960141,46.113869],[-122.960155,46.113935],[-122.960271,46.113959],[-122.960274,46.114011],[-122.960312,46.114043],[-122.960447,46.114063],[-122.960508,46.114046],[-122.960528,46.113732],[-122.960489,46.113695],[-122.960401,46.113689],[-122.960401,46.113599],[-122.960611,46.113595],[-122.960653,46.113566],[-122.960659,46.113509],[-122.960771,46.113489],[-122.960824,46.113377],[-122.960789,46.113329],[-122.960789,46.113239],[-122.961048,46.113239],[-122.961057,46.113301],[-122.96111,46.113328],[-122.961565,46.113329],[-122.961588,46.113404],[-122.961695,46.113419],[-122.961691,46.113669],[-122.961745,46.113689],[-122.961953,46.11369],[-122.961955,46.113916],[-122.961994,46.113953],[-122.962082,46.11396],[-122.962079,46.114119],[-122.962132,46.114139],[-122.962471,46.11414],[-122.962474,46.114191],[-122.962512,46.114223],[-122.962729,46.11423],[-122.962738,46.114395],[-122.962797,46.114423],[-122.962988,46.11441],[-122.962989,46.11456],[-122.963034,46.114599],[-122.963218,46.114578],[-122.963247,46.1145],[-122.963328,46.114496],[-122.96337,46.114467],[-122.963377,46.11432],[-122.963602,46.114324],[-122.963635,46.11423],[-122.963742,46.114214],[-122.963765,46.11414],[-122.963894,46.11414],[-122.963917,46.114214]],[[-122.95618,46.115397],[-122.956255,46.115359],[-122.956249,46.115246],[-122.956196,46.115218],[-122.95604,46.115224],[-122.956001,46.115261],[-122.956008,46.115369],[-122.956062,46.115396],[-122.95618,46.115397]],[[-122.957551,46.117198],[-122.957528,46.117124],[-122.957421,46.117108],[-122.957408,46.116952],[-122.957292,46.116928],[-122.957258,46.116847],[-122.957163,46.116838],[-122.957154,46.116686],[-122.957108,46.11666],[-122.957034,46.116658],[-122.957042,46.116143],[-122.956999,46.11612],[-122.956905,46.116118],[-122.956901,46.116053],[-122.956858,46.116018],[-122.956646,46.116028],[-122.956642,46.115976],[-122.956605,46.115944],[-122.956421,46.115947],[-122.956387,46.116027],[-122.956305,46.116032],[-122.956263,46.116061],[-122.956259,46.116254],[-122.956298,46.116291],[-122.956387,46.116298],[-122.956404,46.116458],[-122.956516,46.116478],[-122.956529,46.116634],[-122.956645,46.116658],[-122.956658,46.116814],[-122.956774,46.116838],[-122.956809,46.116919],[-122.956904,46.116928],[-122.956904,46.117059],[-122.956932,46.117095],[-122.957162,46.117108],[-122.957185,46.117182],[-122.957292,46.117198],[-122.957301,46.117349],[-122.957347,46.117376],[-122.957421,46.117378],[-122.957427,46.117448],[-122.957489,46.117481],[-122.957632,46.117464],[-122.957678,46.117425],[-122.957674,46.117231],[-122.957632,46.117202],[-122.957551,46.117198]],[[-122.956517,46.115708],[-122.956489,46.115667],[-122.956434,46.115654],[-122.956372,46.115676],[-122.956352,46.115715],[-122.956378,46.115753],[-122.956441,46.115771],[-122.9565,46.115751],[-122.956517,46.115708]],[[-122.95794,46.115848],[-122.957924,46.115586],[-122.958057,46.115554],[-122.958069,46.115447],[-122.958022,46.115402],[-122.957881,46.115398],[-122.957812,46.115441],[-122.957827,46.11557],[-122.957729,46.115582],[-122.957687,46.115611],[-122.957681,46.115758],[-122.9576,46.115762],[-122.957558,46.115791],[-122.957552,46.115938],[-122.95747,46.115942],[-122.957428,46.115971],[-122.957402,46.116152],[-122.957424,46.116191],[-122.95748,46.116208],[-122.95787,46.116208],[-122.957917,46.116192],[-122.95794,46.116118],[-122.958035,46.116109],[-122.958069,46.116064],[-122.958063,46.115881],[-122.958021,46.115852],[-122.95794,46.115848]],[[-122.957639,46.117654],[-122.957489,46.117635],[-122.957433,46.117659],[-122.957422,46.117784],[-122.957469,46.117824],[-122.957619,46.11784],[-122.957676,46.117803],[-122.957678,46.117691],[-122.957639,46.117654]],[[-122.958069,46.116338],[-122.958001,46.116285],[-122.957839,46.11631],[-122.95781,46.116388],[-122.957729,46.116392],[-122.957687,46.116421],[-122.957698,46.116548],[-122.957758,46.116568],[-122.95804,46.116556],[-122.958069,46.116519],[-122.958069,46.116338]],[[-122.958514,46.110268],[-122.958588,46.11023],[-122.958574,46.110108],[-122.958462,46.110088],[-122.958428,46.110007],[-122.958333,46.109998],[-122.958329,46.109933],[-122.958293,46.109901],[-122.958102,46.10992],[-122.958039,46.11004],[-122.958074,46.110088],[-122.958091,46.110248],[-122.958144,46.110268],[-122.958514,46.110268]],[[-122.958475,46.115179],[-122.958436,46.115054],[-122.958329,46.115038],[-122.958306,46.114874],[-122.958251,46.114858],[-122.958093,46.114874],[-122.95805,46.115162],[-122.958072,46.115202],[-122.95812,46.115218],[-122.958423,46.115216],[-122.958475,46.115179]],[[-122.96003,46.116068],[-122.959997,46.115963],[-122.959881,46.115939],[-122.959853,46.115861],[-122.959698,46.115835],[-122.959631,46.115864],[-122.959622,46.115939],[-122.959506,46.115963],[-122.959493,46.116029],[-122.959364,46.116029],[-122.95936,46.115887],[-122.959316,46.115853],[-122.959234,46.115848],[-122.959221,46.115693],[-122.959172,46.11567],[-122.959053,46.115668],[-122.958989,46.115692],[-122.958975,46.115758],[-122.958864,46.115778],[-122.958846,46.115848],[-122.958734,46.115868],[-122.958716,46.115938],[-122.95848,46.115954],[-122.958438,46.116068],[-122.958478,46.116112],[-122.958587,46.116118],[-122.9586,46.116184],[-122.958716,46.116208],[-122.958722,46.116265],[-122.958771,46.116296],[-122.95894,46.116289],[-122.958975,46.116209],[-122.959361,46.116209],[-122.959369,46.116265],[-122.959418,46.116296],[-122.959751,46.116299],[-122.95982,46.116323],[-122.959913,46.116267],[-122.959881,46.116119],[-122.960009,46.116102],[-122.96003,46.116068]],[[-122.960159,46.115624],[-122.960118,46.115415],[-122.959882,46.115399],[-122.959864,46.115329],[-122.959752,46.115309],[-122.959735,46.115238],[-122.959623,46.115219],[-122.959605,46.115148],[-122.959494,46.115129],[-122.959476,46.115058],[-122.959364,46.115039],[-122.959351,46.114973],[-122.959235,46.114948],[-122.959232,46.114897],[-122.959194,46.114865],[-122.959046,46.114859],[-122.958994,46.114878],[-122.958976,46.115038],[-122.958658,46.115039],[-122.958597,46.115067],[-122.958568,46.115168],[-122.958615,46.115214],[-122.959235,46.115219],[-122.959238,46.11527],[-122.959276,46.115302],[-122.959493,46.115309],[-122.959511,46.115469],[-122.959563,46.115488],[-122.959752,46.115489],[-122.959765,46.115555],[-122.959881,46.115579],[-122.959885,46.11563],[-122.959922,46.115662],[-122.96012,46.115662],[-122.960159,46.115624]],[[-122.958898,46.110534],[-122.959041,46.110552],[-122.959096,46.110528],[-122.959105,46.110397],[-122.959054,46.110361],[-122.958905,46.110361],[-122.958853,46.110397],[-122.958853,46.1105],[-122.958898,46.110534]],[[-122.959386,46.110763],[-122.959361,46.110662],[-122.959319,46.110633],[-122.959176,46.110615],[-122.959114,46.110648],[-122.95911,46.110765],[-122.959156,46.110804],[-122.959347,46.110802],[-122.959386,46.110763]],[[-122.96218,46.11026],[-122.962233,46.110135],[-122.962194,46.110096],[-122.961956,46.110089],[-122.961956,46.109999],[-122.962063,46.109984],[-122.962118,46.109877],[-122.962057,46.109742],[-122.961568,46.109729],[-122.961568,46.109598],[-122.961533,46.109558],[-122.961309,46.109549],[-122.9613,46.109488],[-122.961247,46.10946],[-122.960921,46.109459],[-122.960918,46.109227],[-122.960873,46.109193],[-122.960792,46.109189],[-122.960789,46.109137],[-122.960751,46.109105],[-122.960274,46.109099],[-122.960271,46.109047],[-122.960233,46.109015],[-122.960016,46.109009],[-122.960016,46.108829],[-122.960132,46.108805],[-122.960145,46.108703],[-122.960111,46.108658],[-122.960016,46.108649],[-122.959988,46.108571],[-122.959798,46.108565],[-122.95976,46.108597],[-122.959757,46.108649],[-122.959641,46.108673],[-122.959627,46.108739],[-122.959516,46.108758],[-122.959463,46.108876],[-122.959521,46.108993],[-122.959757,46.109009],[-122.959774,46.109079],[-122.959886,46.109099],[-122.959899,46.109165],[-122.960015,46.109189],[-122.960019,46.10924],[-122.960056,46.109272],[-122.960274,46.109279],[-122.960292,46.109349],[-122.960403,46.109369],[-122.960421,46.109439],[-122.960533,46.109459],[-122.96055,46.109529],[-122.960662,46.109549],[-122.960675,46.109615],[-122.960791,46.109639],[-122.960826,46.10972],[-122.96105,46.109729],[-122.961056,46.109786],[-122.961105,46.109817],[-122.961309,46.109819],[-122.961332,46.109893],[-122.961438,46.109909],[-122.961447,46.110061],[-122.961493,46.110087],[-122.961568,46.110089],[-122.961596,46.110167],[-122.961945,46.110168],[-122.961969,46.110245],[-122.962033,46.110269],[-122.96218,46.11026]],[[-122.962599,46.11508],[-122.962532,46.115026],[-122.962274,46.115041],[-122.96222,46.115068],[-122.9622,46.115141],[-122.962093,46.115141],[-122.962066,46.115047],[-122.962183,46.115027],[-122.962211,46.11495],[-122.962306,46.11494],[-122.962341,46.11486],[-122.962453,46.11484],[-122.962464,46.114713],[-122.9624,46.11468],[-122.962082,46.114679],[-122.962059,46.114605],[-122.961953,46.114589],[-122.961918,46.114509],[-122.961823,46.114499],[-122.961824,46.114319],[-122.961898,46.114317],[-122.961944,46.114291],[-122.961944,46.114168],[-122.961898,46.114142],[-122.961824,46.114139],[-122.961789,46.114059],[-122.961694,46.114049],[-122.961691,46.113998],[-122.961653,46.113966],[-122.961436,46.113959],[-122.96143,46.113889],[-122.961382,46.113858],[-122.961076,46.113881],[-122.961048,46.113918],[-122.961047,46.114049],[-122.960941,46.114065],[-122.960918,46.114139],[-122.960823,46.114148],[-122.960788,46.114229],[-122.960676,46.114249],[-122.960659,46.114319],[-122.960428,46.114331],[-122.9604,46.114409],[-122.960284,46.114433],[-122.96027,46.114499],[-122.960125,46.114491],[-122.960141,46.114368],[-122.960093,46.114323],[-122.959823,46.114319],[-122.959759,46.114352],[-122.959753,46.11445],[-122.959781,46.114486],[-122.960027,46.114506],[-122.960027,46.114671],[-122.95993,46.114683],[-122.959885,46.114717],[-122.959905,46.114843],[-122.95996,46.114859],[-122.960118,46.114843],[-122.960141,46.114679],[-122.9604,46.114679],[-122.960422,46.114753],[-122.960529,46.114769],[-122.960542,46.114925],[-122.960658,46.114949],[-122.960675,46.115123],[-122.960733,46.115143],[-122.960917,46.115129],[-122.960923,46.115186],[-122.960965,46.115215],[-122.961153,46.115203],[-122.961176,46.114949],[-122.961394,46.114943],[-122.961432,46.114911],[-122.961435,46.114859],[-122.961694,46.114859],[-122.961697,46.114911],[-122.961735,46.114943],[-122.961952,46.11495],[-122.961968,46.115032],[-122.961864,46.115046],[-122.961824,46.115083],[-122.961804,46.115174],[-122.961858,46.115217],[-122.962071,46.115209],[-122.962143,46.115244],[-122.962222,46.115209],[-122.962544,46.115217],[-122.962596,46.115181],[-122.962599,46.11508]],[[-122.960443,46.120525],[-122.960587,46.120543],[-122.960642,46.120518],[-122.960651,46.120387],[-122.960599,46.120351],[-122.960451,46.120351],[-122.960399,46.120387],[-122.960399,46.120491],[-122.960443,46.120525]],[[-122.961305,46.116209],[-122.961379,46.116207],[-122.961425,46.116181],[-122.961416,46.116049],[-122.961364,46.11603],[-122.961073,46.116028],[-122.961046,46.116069],[-122.961063,46.116279],[-122.961116,46.116299],[-122.961257,46.116295],[-122.961299,46.116266],[-122.961305,46.116209]],[[-122.9621,46.116705],[-122.962063,46.116589],[-122.961951,46.116569],[-122.961938,46.116504],[-122.961822,46.116479],[-122.961788,46.116399],[-122.961633,46.11639],[-122.961576,46.116413],[-122.961572,46.116541],[-122.961618,46.116567],[-122.961692,46.116569],[-122.961727,46.11665],[-122.961822,46.11666],[-122.961856,46.11674],[-122.96206,46.116743],[-122.9621,46.116705]],[[-122.962082,46.11544],[-122.962021,46.115387],[-122.961857,46.115409],[-122.961824,46.115443],[-122.961815,46.115554],[-122.961865,46.115578],[-122.962042,46.115586],[-122.96208,46.11555],[-122.962082,46.11544]],[[-122.962467,46.12044],[-122.962461,46.120383],[-122.962419,46.120354],[-122.962141,46.120351],[-122.962082,46.120388],[-122.96208,46.120486],[-122.962119,46.120523],[-122.962207,46.12053],[-122.962242,46.120611],[-122.962383,46.120642],[-122.962702,46.120604],[-122.962725,46.120566],[-122.962703,46.120456],[-122.962467,46.12044]],[[-122.964703,46.117068],[-122.964651,46.11695],[-122.96454,46.11693],[-122.964505,46.116849],[-122.96441,46.11684],[-122.964382,46.116763],[-122.964151,46.11675],[-122.964134,46.11668],[-122.964022,46.11666],[-122.963988,46.116579],[-122.963893,46.11657],[-122.96387,46.116496],[-122.963717,46.116458],[-122.963533,46.116492],[-122.963504,46.11657],[-122.963409,46.116579],[-122.963375,46.11666],[-122.963263,46.11668],[-122.963245,46.11675],[-122.962998,46.116761],[-122.962987,46.11657],[-122.963183,46.116569],[-122.963242,46.116532],[-122.963246,46.116264],[-122.963191,46.116212],[-122.962987,46.11621],[-122.962964,46.116136],[-122.962858,46.11612],[-122.962858,46.11603],[-122.962939,46.116026],[-122.962984,46.115992],[-122.962974,46.115874],[-122.962858,46.11585],[-122.962845,46.115784],[-122.96278,46.11576],[-122.962634,46.115769],[-122.962599,46.11585],[-122.96247,46.11585],[-122.962401,46.115826],[-122.96234,46.11585],[-122.962144,46.115851],[-122.962094,46.115874],[-122.962081,46.116341],[-122.962122,46.116383],[-122.96221,46.11639],[-122.962228,46.11655],[-122.96234,46.11657],[-122.962345,46.116626],[-122.962388,46.116656],[-122.962598,46.11666],[-122.962611,46.116726],[-122.962728,46.11675],[-122.962731,46.116801],[-122.962769,46.116833],[-122.962976,46.116829],[-122.963009,46.116914],[-122.963116,46.11693],[-122.963129,46.117086],[-122.963245,46.11711],[-122.96328,46.117191],[-122.963374,46.1172],[-122.963409,46.117281],[-122.963763,46.11729],[-122.963769,46.117437],[-122.963811,46.117466],[-122.963892,46.11747],[-122.963927,46.117551],[-122.964239,46.117554],[-122.964277,46.117522],[-122.96428,46.11747],[-122.964397,46.117446],[-122.96441,46.11738],[-122.964522,46.117361],[-122.964539,46.11729],[-122.964646,46.117275],[-122.964669,46.11711],[-122.964703,46.117068]],[[-122.962599,46.11544],[-122.962572,46.115399],[-122.962517,46.115386],[-122.962455,46.115408],[-122.962435,46.115447],[-122.962461,46.115485],[-122.962524,46.115503],[-122.962582,46.115483],[-122.962599,46.11544]],[[-122.962853,46.113746],[-122.962878,46.113645],[-122.962839,46.113606],[-122.962648,46.113604],[-122.962602,46.113643],[-122.962606,46.11376],[-122.962668,46.113793],[-122.962811,46.113776],[-122.962853,46.113746]],[[-122.96389,46.115825],[-122.963913,46.115721],[-122.963891,46.115687],[-122.963764,46.11567],[-122.963741,46.115596],[-122.963635,46.11558],[-122.963629,46.115433],[-122.963587,46.115404],[-122.963505,46.1154],[-122.963502,46.115348],[-122.963464,46.115316],[-122.962928,46.11531],[-122.962867,46.115338],[-122.962823,46.115442],[-122.962861,46.115541],[-122.962906,46.115576],[-122.962987,46.11558],[-122.962991,46.115632],[-122.963028,46.115663],[-122.963246,46.11567],[-122.963274,46.115748],[-122.963505,46.11576],[-122.963514,46.115821],[-122.963567,46.115849],[-122.963847,46.115859],[-122.96389,46.115825]],[[-122.963115,46.11868],[-122.963047,46.118627],[-122.962869,46.118664],[-122.962856,46.118861],[-122.96289,46.118901],[-122.963039,46.118924],[-122.963102,46.118899],[-122.963115,46.11868]],[[-122.963298,46.11504],[-122.963373,46.115002],[-122.963367,46.114888],[-122.963314,46.114861],[-122.963158,46.114866],[-122.963119,46.114903],[-122.963126,46.115011],[-122.96318,46.115039],[-122.963298,46.11504]],[[-122.964591,46.11675],[-122.964666,46.116712],[-122.96466,46.116599],[-122.964614,46.116573],[-122.96454,46.11657],[-122.964505,46.116489],[-122.96441,46.11648],[-122.964382,46.116403],[-122.964281,46.11639],[-122.964253,46.116313],[-122.964152,46.1163],[-122.964123,46.116222],[-122.964022,46.11621],[-122.964022,46.116079],[-122.963994,46.116042],[-122.963634,46.11603],[-122.963625,46.115969],[-122.963572,46.115941],[-122.963192,46.115926],[-122.963133,46.115946],[-122.963117,46.116071],[-122.963145,46.116108],[-122.963375,46.11612],[-122.963388,46.116186],[-122.963505,46.11621],[-122.963539,46.116291],[-122.963763,46.1163],[-122.963781,46.11637],[-122.963893,46.11639],[-122.963927,46.116471],[-122.964022,46.11648],[-122.96405,46.116558],[-122.964151,46.11657],[-122.96418,46.116648],[-122.96441,46.11666],[-122.964445,46.116741],[-122.964591,46.11675]],[[-122.963424,46.12089],[-122.963498,46.120852],[-122.963492,46.120739],[-122.963439,46.120711],[-122.963282,46.120703],[-122.963243,46.120745],[-122.963252,46.120861],[-122.963305,46.120889],[-122.963424,46.12089]],[[-122.963638,46.114499],[-122.963669,46.114463],[-122.963655,46.114423],[-122.963596,46.114397],[-122.963533,46.114409],[-122.963506,46.114445],[-122.963523,46.114493],[-122.963581,46.114514],[-122.963638,46.114499]],[[-122.964282,46.11477],[-122.964273,46.114709],[-122.96422,46.114681],[-122.963705,46.11468],[-122.963641,46.114713],[-122.963635,46.114811],[-122.963676,46.114854],[-122.963764,46.11486],[-122.96377,46.114917],[-122.963812,46.114946],[-122.964152,46.11495],[-122.964221,46.114974],[-122.96437,46.114944],[-122.96441,46.114907],[-122.964398,46.114794],[-122.964282,46.11477]],[[-122.964394,46.121856],[-122.964427,46.121751],[-122.964405,46.121717],[-122.964278,46.1217],[-122.964277,46.121569],[-122.964249,46.121533],[-122.963889,46.12152],[-122.963856,46.121426],[-122.963792,46.121418],[-122.963741,46.121443],[-122.963728,46.121488],[-122.963776,46.121528],[-122.963761,46.121837],[-122.963801,46.121874],[-122.963889,46.12188],[-122.963918,46.121958],[-122.964079,46.121994],[-122.964236,46.121964],[-122.964274,46.121932],[-122.964278,46.12188],[-122.964394,46.121856]],[[-122.964814,46.121115],[-122.964794,46.120844],[-122.964755,46.120807],[-122.964667,46.1208],[-122.964666,46.120565],[-122.964627,46.120524],[-122.964326,46.120534],[-122.964284,46.120564],[-122.964278,46.12062],[-122.964067,46.120624],[-122.964025,46.120654],[-122.964019,46.12071],[-122.963945,46.120713],[-122.963899,46.120739],[-122.96387,46.120834],[-122.963897,46.120877],[-122.964149,46.12089],[-122.964148,46.12107],[-122.964032,46.121094],[-122.964007,46.121221],[-122.964046,46.121246],[-122.964202,46.121274],[-122.964278,46.12125],[-122.964423,46.121258],[-122.964408,46.121395],[-122.964447,46.121437],[-122.964604,46.121429],[-122.964653,46.121406],[-122.964663,46.121289],[-122.964618,46.121255],[-122.964521,46.121243],[-122.964537,46.12116],[-122.964775,46.121154],[-122.964814,46.121115]],[[-122.964204,46.11531],[-122.964278,46.115272],[-122.964273,46.115159],[-122.964219,46.115131],[-122.964063,46.115123],[-122.964023,46.115165],[-122.964032,46.115282],[-122.964085,46.115309],[-122.964204,46.11531]],[[-122.964059,46.122234],[-122.96421,46.122254],[-122.964265,46.12223],[-122.964276,46.122104],[-122.964229,46.122064],[-122.964079,46.122048],[-122.964022,46.122085],[-122.96402,46.122197],[-122.964059,46.122234]],[[-122.964202,46.11819],[-122.964277,46.118152],[-122.964271,46.118039],[-122.964217,46.118011],[-122.964062,46.118017],[-122.964023,46.118054],[-122.96403,46.118162],[-122.964083,46.118189],[-122.964202,46.11819]],[[-122.96467,46.11576],[-122.964657,46.115694],[-122.96454,46.11567],[-122.964534,46.115614],[-122.964492,46.115584],[-122.964222,46.11558],[-122.964158,46.115614],[-122.964153,46.116167],[-122.964193,46.116204],[-122.964281,46.11621],[-122.964287,46.116267],[-122.964329,46.116296],[-122.96447,46.1163],[-122.964522,46.116281],[-122.96454,46.11612],[-122.964621,46.116116],[-122.964666,46.116082],[-122.96467,46.11594],[-122.964751,46.115936],[-122.964793,46.115907],[-122.96479,46.115789],[-122.964744,46.115763],[-122.96467,46.11576]],[[-122.964325,46.122416],[-122.964476,46.122433],[-122.964527,46.122405],[-122.96453,46.122274],[-122.964474,46.122241],[-122.964305,46.122245],[-122.964257,46.122291],[-122.964283,46.122387],[-122.964325,46.122416]],[[-122.967777,46.117833],[-122.967765,46.11759],[-122.967719,46.117564],[-122.967645,46.117561],[-122.967611,46.11748],[-122.967516,46.117471],[-122.967512,46.11742],[-122.967475,46.117388],[-122.967061,46.117382],[-122.967007,46.11741],[-122.966998,46.117471],[-122.966739,46.117471],[-122.966739,46.117381],[-122.966828,46.117375],[-122.966867,46.117338],[-122.966867,46.116975],[-122.966828,46.116937],[-122.96674,46.116931],[-122.966731,46.11678],[-122.966685,46.116753],[-122.96661,46.116751],[-122.966597,46.116685],[-122.966533,46.116661],[-122.966148,46.116663],[-122.966099,46.116694],[-122.966093,46.116751],[-122.965976,46.116775],[-122.965963,46.116841],[-122.965609,46.11685],[-122.96554,46.116973],[-122.965575,46.117021],[-122.965575,46.117111],[-122.9655,46.117113],[-122.965454,46.117139],[-122.965445,46.117291],[-122.965316,46.117291],[-122.96531,46.117234],[-122.965261,46.117203],[-122.965091,46.11721],[-122.965057,46.11729],[-122.964941,46.117314],[-122.964927,46.11738],[-122.96471,46.117387],[-122.964672,46.117419],[-122.964668,46.11747],[-122.964552,46.117494],[-122.964539,46.11756],[-122.964432,46.117576],[-122.964409,46.11774],[-122.964315,46.117749],[-122.96428,46.117794],[-122.964303,46.117904],[-122.964409,46.11792],[-122.964427,46.117991],[-122.964539,46.11801],[-122.964573,46.118091],[-122.964668,46.1181],[-122.964696,46.118178],[-122.964797,46.118191],[-122.96482,46.118445],[-122.965001,46.118458],[-122.96505,46.118427],[-122.965056,46.118371],[-122.965186,46.118371],[-122.965203,46.118441],[-122.965315,46.118461],[-122.965333,46.118531],[-122.965444,46.118551],[-122.965457,46.118617],[-122.965522,46.118641],[-122.965777,46.118638],[-122.965827,46.118607],[-122.965833,46.118551],[-122.96605,46.118544],[-122.966088,46.118513],[-122.966092,46.118461],[-122.966208,46.118437],[-122.966221,46.118371],[-122.966689,46.118371],[-122.966758,46.118321],[-122.966716,46.118207],[-122.96661,46.118191],[-122.966592,46.118121],[-122.96648,46.118101],[-122.966446,46.11802],[-122.966351,46.118011],[-122.966322,46.117933],[-122.966221,46.117921],[-122.966193,46.117843],[-122.966092,46.117831],[-122.966091,46.117694],[-122.966051,46.117657],[-122.965745,46.117657],[-122.965705,46.117694],[-122.965704,46.117831],[-122.965574,46.117831],[-122.965575,46.117381],[-122.965833,46.117381],[-122.965846,46.117447],[-122.965963,46.117471],[-122.965997,46.117552],[-122.966221,46.117561],[-122.966244,46.117635],[-122.966351,46.117651],[-122.966385,46.117732],[-122.96648,46.117741],[-122.966503,46.117905],[-122.966609,46.117921],[-122.966623,46.117987],[-122.966739,46.118011],[-122.966742,46.118063],[-122.96678,46.118095],[-122.966998,46.118101],[-122.967011,46.118167],[-122.967127,46.118191],[-122.967133,46.118248],[-122.967182,46.118279],[-122.96746,46.118279],[-122.967509,46.118248],[-122.967515,46.118191],[-122.967622,46.118175],[-122.967645,46.118011],[-122.967726,46.118007],[-122.967771,46.117973],[-122.967809,46.117879],[-122.967777,46.117833]],[[-122.964666,46.12251],[-122.964684,46.122466],[-122.964652,46.12243],[-122.964578,46.122422],[-122.964528,46.122445],[-122.964518,46.122487],[-122.964554,46.122524],[-122.964612,46.122534],[-122.964666,46.12251]],[[-122.965091,46.117073],[-122.965051,46.116964],[-122.965009,46.116935],[-122.964821,46.116946],[-122.964764,46.117068],[-122.964825,46.117201],[-122.964888,46.117214],[-122.965034,46.117185],[-122.965091,46.117073]],[[-122.965701,46.121521],[-122.965688,46.121455],[-122.965572,46.121431],[-122.965566,46.121374],[-122.965524,46.121345],[-122.965184,46.121341],[-122.965175,46.121279],[-122.965114,46.121251],[-122.964858,46.121252],[-122.964801,46.121284],[-122.964795,46.12143],[-122.964761,46.121478],[-122.964805,46.121582],[-122.96485,46.121608],[-122.964925,46.121611],[-122.964959,46.121691],[-122.965054,46.121701],[-122.965057,46.121752],[-122.965095,46.121784],[-122.965313,46.121791],[-122.965314,46.121941],[-122.965366,46.121982],[-122.965531,46.121964],[-122.965568,46.121932],[-122.965572,46.121881],[-122.965646,46.121878],[-122.965692,46.121852],[-122.965701,46.121701],[-122.965796,46.121692],[-122.965831,46.121647],[-122.965818,46.121545],[-122.965701,46.121521]],[[-122.964976,46.116566],[-122.965119,46.116584],[-122.965174,46.11656],[-122.965184,46.116429],[-122.965132,46.116393],[-122.964983,46.116393],[-122.964931,46.116429],[-122.964931,46.116532],[-122.964976,46.116566]],[[-122.966479,46.119811],[-122.966567,46.119805],[-122.966607,46.119768],[-122.966591,46.119471],[-122.966539,46.119451],[-122.96635,46.119451],[-122.966337,46.119282],[-122.966275,46.119257],[-122.966091,46.119271],[-122.966085,46.119124],[-122.966043,46.119095],[-122.965962,46.119091],[-122.965939,46.119017],[-122.965703,46.119001],[-122.965685,46.11893],[-122.965574,46.118911],[-122.965556,46.11884],[-122.965444,46.118821],[-122.965427,46.11875],[-122.965315,46.118731],[-122.965302,46.118665],[-122.965186,46.118641],[-122.965151,46.11856],[-122.964955,46.118563],[-122.964927,46.118599],[-122.96494,46.118707],[-122.965056,46.118731],[-122.96509,46.118811],[-122.965185,46.118821],[-122.965214,46.118898],[-122.965315,46.118911],[-122.965328,46.119067],[-122.965444,46.119091],[-122.965479,46.119172],[-122.965573,46.119181],[-122.965583,46.119332],[-122.965628,46.119358],[-122.965703,46.119361],[-122.96572,46.119611],[-122.965832,46.119631],[-122.965838,46.119687],[-122.96588,46.119717],[-122.966091,46.119721],[-122.966092,46.119857],[-122.966139,46.119897],[-122.966431,46.119897],[-122.966473,46.119868],[-122.966479,46.119811]],[[-122.965365,46.120621],[-122.965442,46.120577],[-122.96544,46.120389],[-122.965388,46.120353],[-122.96524,46.120353],[-122.965186,46.120394],[-122.965188,46.120582],[-122.965239,46.120618],[-122.965365,46.120621]],[[-122.965701,46.122371],[-122.965633,46.122317],[-122.96547,46.122343],[-122.965442,46.122421],[-122.96536,46.122425],[-122.965318,46.122454],[-122.965309,46.12258],[-122.965362,46.1226],[-122.965543,46.122588],[-122.965571,46.122511],[-122.965646,46.122508],[-122.965692,46.122482],[-122.965701,46.122371]],[[-122.965599,46.123669],[-122.965769,46.123693],[-122.965821,46.123666],[-122.965812,46.123521],[-122.9657,46.123501],[-122.965687,46.123435],[-122.965571,46.123411],[-122.965567,46.123359],[-122.96553,46.123327],[-122.965326,46.12333],[-122.965292,46.123377],[-122.96533,46.123481],[-122.965441,46.123501],[-122.965476,46.123582],[-122.965571,46.123591],[-122.965599,46.123669]],[[-122.966015,46.116391],[-122.966091,46.116347],[-122.966075,46.116141],[-122.965964,46.116121],[-122.965958,46.116064],[-122.965909,46.116033],[-122.965603,46.11603],[-122.965575,46.116071],[-122.965593,46.116281],[-122.965645,46.1163],[-122.965834,46.116301],[-122.965869,46.116382],[-122.966015,46.116391]],[[-122.965831,46.121201],[-122.965804,46.12116],[-122.965748,46.121147],[-122.965687,46.12117],[-122.965667,46.121209],[-122.965693,46.121246],[-122.965756,46.121265],[-122.965814,46.121244],[-122.965831,46.121201]],[[-122.966676,46.122859],[-122.966512,46.12288],[-122.966477,46.122961],[-122.966365,46.122981],[-122.966347,46.123141],[-122.966266,46.123145],[-122.966224,46.123174],[-122.966184,46.123284],[-122.966224,46.123378],[-122.966266,46.123407],[-122.966402,46.123425],[-122.96646,46.123405],[-122.966477,46.123231],[-122.966589,46.123211],[-122.966607,46.123051],[-122.966688,46.123047],[-122.96673,46.123018],[-122.966727,46.122886],[-122.966676,46.122859]],[[-122.966974,46.120155],[-122.967014,46.120031],[-122.966969,46.119995],[-122.966678,46.119991],[-122.966617,46.12002],[-122.966608,46.120081],[-122.96629,46.120081],[-122.966226,46.120114],[-122.966238,46.120241],[-122.966349,46.120261],[-122.966384,46.120342],[-122.966479,46.120351],[-122.966507,46.120429],[-122.966608,46.120441],[-122.966609,46.120578],[-122.966656,46.120617],[-122.966804,46.12062],[-122.966861,46.120588],[-122.966867,46.120171],[-122.966974,46.120155]],[[-122.967775,46.121703],[-122.967755,46.121541],[-122.967553,46.121514],[-122.967515,46.121551],[-122.967513,46.121701],[-122.967277,46.121717],[-122.967254,46.121791],[-122.967159,46.1218],[-122.967125,46.121881],[-122.967051,46.121884],[-122.967005,46.12191],[-122.967008,46.122037],[-122.967125,46.122061],[-122.967142,46.122131],[-122.967254,46.122151],[-122.967263,46.122213],[-122.967317,46.12224],[-122.967478,46.122232],[-122.967513,46.122151],[-122.967737,46.122142],[-122.967772,46.122061],[-122.96786,46.122055],[-122.967901,46.122013],[-122.967888,46.121905],[-122.967772,46.121881],[-122.967772,46.121791],[-122.967807,46.121749],[-122.967775,46.121703]],[[-122.967437,46.118911],[-122.967512,46.118873],[-122.967506,46.11876],[-122.967453,46.118732],[-122.967296,46.118724],[-122.967257,46.118766],[-122.967265,46.118883],[-122.967319,46.11891],[-122.967437,46.118911]],[[-122.970899,46.120752],[-122.970851,46.120634],[-122.970695,46.120608],[-122.970629,46.120637],[-122.97062,46.120712],[-122.970491,46.120712],[-122.970469,46.120535],[-122.970416,46.120518],[-122.970232,46.120532],[-122.970223,46.120201],[-122.970177,46.120174],[-122.970103,46.120172],[-122.970068,46.120091],[-122.969973,46.120082],[-122.969945,46.120004],[-122.969844,46.119992],[-122.969809,46.119911],[-122.969626,46.119908],[-122.969588,46.11994],[-122.969585,46.119992],[-122.969326,46.119992],[-122.969304,46.119918],[-122.969197,46.119902],[-122.969188,46.11957],[-122.969142,46.119544],[-122.969068,46.119542],[-122.969033,46.119461],[-122.968892,46.119429],[-122.968708,46.119464],[-122.968679,46.119542],[-122.968578,46.119554],[-122.96855,46.119632],[-122.968449,46.119644],[-122.96842,46.119721],[-122.968319,46.119734],[-122.968291,46.119811],[-122.968196,46.119821],[-122.968161,46.119901],[-122.96805,46.119921],[-122.968032,46.119991],[-122.967925,46.120007],[-122.967902,46.120171],[-122.967706,46.120172],[-122.967645,46.120215],[-122.967626,46.120312],[-122.967693,46.120351],[-122.967977,46.120349],[-122.968026,46.120318],[-122.968032,46.120261],[-122.968161,46.120262],[-122.968161,46.120441],[-122.968126,46.120489],[-122.968161,46.120532],[-122.968167,46.120678],[-122.968209,46.120707],[-122.96829,46.120712],[-122.968325,46.120792],[-122.96842,46.120802],[-122.96842,46.120933],[-122.968448,46.120969],[-122.968678,46.120982],[-122.968701,46.121236],[-122.968882,46.121249],[-122.968931,46.121218],[-122.968937,46.121162],[-122.969067,46.121162],[-122.969067,46.121342],[-122.968972,46.121351],[-122.968937,46.121396],[-122.96895,46.121498],[-122.969066,46.121522],[-122.969066,46.121702],[-122.968937,46.121702],[-122.968868,46.121678],[-122.968788,46.121715],[-122.968774,46.121755],[-122.968811,46.121843],[-122.96887,46.121881],[-122.969066,46.121882],[-122.969135,46.121906],[-122.969196,46.121882],[-122.969426,46.12187],[-122.969455,46.121792],[-122.96955,46.121783],[-122.969584,46.121702],[-122.969658,46.1217],[-122.969704,46.121673],[-122.969714,46.121522],[-122.969809,46.121513],[-122.969843,46.121432],[-122.969917,46.12143],[-122.969963,46.121403],[-122.969973,46.121162],[-122.970079,46.121146],[-122.970102,46.121072],[-122.970232,46.121072],[-122.970266,46.121153],[-122.970413,46.121162],[-122.970477,46.121138],[-122.970491,46.121072],[-122.970715,46.121063],[-122.970749,46.121023],[-122.97075,46.120802],[-122.970877,46.120786],[-122.970899,46.120752]],[[-122.967825,46.119991],[-122.967899,46.119953],[-122.967893,46.11984],[-122.96784,46.119812],[-122.967685,46.119818],[-122.967645,46.119855],[-122.967653,46.119963],[-122.967706,46.11999],[-122.967825,46.119991]],[[-122.968828,46.118417],[-122.968804,46.118315],[-122.968754,46.118284],[-122.968593,46.118283],[-122.968533,46.118321],[-122.968557,46.118428],[-122.968606,46.118459],[-122.968796,46.118452],[-122.968828,46.118417]],[[-122.969246,46.124762],[-122.969322,46.124718],[-122.969306,46.124512],[-122.969194,46.124492],[-122.969188,46.124435],[-122.969139,46.124404],[-122.968834,46.124414],[-122.968806,46.124456],[-122.968824,46.124652],[-122.968935,46.124672],[-122.968941,46.124728],[-122.968983,46.124758],[-122.969246,46.124762]],[[-122.969716,46.122603],[-122.969652,46.122578],[-122.969584,46.122602],[-122.969387,46.122603],[-122.969334,46.12263],[-122.969325,46.122692],[-122.969195,46.122692],[-122.969127,46.122668],[-122.968984,46.122696],[-122.968938,46.122735],[-122.968942,46.122838],[-122.968999,46.122871],[-122.969195,46.122872],[-122.969201,46.122928],[-122.969243,46.122958],[-122.969406,46.122958],[-122.969448,46.122929],[-122.969454,46.122872],[-122.96957,46.122848],[-122.969584,46.122782],[-122.9697,46.122758],[-122.969748,46.12265],[-122.969716,46.122603]],[[-122.969991,46.119412],[-122.969956,46.119292],[-122.969844,46.119272],[-122.96981,46.119191],[-122.969715,46.119182],[-122.969687,46.119104],[-122.969586,46.119092],[-122.969557,46.119014],[-122.969327,46.119002],[-122.969325,46.118865],[-122.969286,46.118828],[-122.969114,46.118813],[-122.969071,46.118847],[-122.969068,46.118912],[-122.968994,46.118914],[-122.968948,46.11894],[-122.968961,46.119076],[-122.969197,46.119092],[-122.969215,46.119252],[-122.969267,46.119271],[-122.969456,46.119272],[-122.969469,46.119338],[-122.969585,46.119362],[-122.969589,46.119414],[-122.969626,46.119445],[-122.969939,46.11945],[-122.969991,46.119412]],[[-122.970216,46.125818],[-122.970264,46.125704],[-122.97022,46.125601],[-122.970174,46.125574],[-122.9701,46.125572],[-122.970065,46.125491],[-122.96997,46.125482],[-122.969967,46.12543],[-122.969929,46.125398],[-122.969753,46.125398],[-122.969715,46.12543],[-122.969711,46.125482],[-122.969637,46.125484],[-122.969591,46.12551],[-122.969547,46.125614],[-122.969591,46.125723],[-122.969637,46.12575],[-122.969711,46.125752],[-122.969746,46.125833],[-122.969841,46.125842],[-122.969844,46.125894],[-122.969882,46.125926],[-122.970065,46.125923],[-122.9701,46.125842],[-122.970216,46.125818]],[[-122.971006,46.124762],[-122.971,46.124706],[-122.970951,46.124675],[-122.970618,46.124672],[-122.970595,46.124598],[-122.970489,46.124582],[-122.970471,46.124422],[-122.970419,46.124402],[-122.97023,46.124402],[-122.970221,46.124341],[-122.97016,46.124312],[-122.96987,46.124324],[-122.969842,46.124361],[-122.969841,46.124492],[-122.96974,46.124504],[-122.969712,46.124582],[-122.969624,46.124588],[-122.969583,46.124631],[-122.969596,46.124738],[-122.969712,46.124762],[-122.969724,46.125021],[-122.969787,46.125046],[-122.9701,46.125032],[-122.970106,46.125269],[-122.970148,46.125298],[-122.970229,46.125302],[-122.970239,46.125364],[-122.970299,46.125392],[-122.97046,46.12538],[-122.970488,46.125302],[-122.970589,46.12529],[-122.970618,46.125212],[-122.970719,46.1252],[-122.970747,46.125122],[-122.970848,46.12511],[-122.970877,46.125032],[-122.970972,46.125023],[-122.971006,46.124942],[-122.971118,46.124923],[-122.971127,46.124791],[-122.971081,46.124765],[-122.971006,46.124762]],[[-122.970365,46.119721],[-122.970396,46.119674],[-122.970349,46.119566],[-122.970171,46.119529],[-122.970109,46.119562],[-122.970103,46.119632],[-122.970029,46.119634],[-122.969983,46.11966],[-122.969975,46.119768],[-122.970015,46.119806],[-122.970103,46.119812],[-122.970106,46.119864],[-122.970144,46.119896],[-122.970319,46.119901],[-122.970381,46.119857],[-122.970365,46.119721]],[[-122.970283,46.122332],[-122.970357,46.122294],[-122.970351,46.122181],[-122.970185,46.122129],[-122.970126,46.122136],[-122.970067,46.122194],[-122.970111,46.122303],[-122.970164,46.122331],[-122.970283,46.122332]],[[-122.970352,46.126169],[-122.970377,46.126067],[-122.970345,46.126032],[-122.970155,46.126024],[-122.970105,46.126055],[-122.970082,46.126162],[-122.970142,46.126201],[-122.970303,46.1262],[-122.970352,46.126169]],[[-122.970671,46.121882],[-122.970746,46.121844],[-122.97074,46.121731],[-122.970687,46.121703],[-122.970531,46.121709],[-122.970492,46.121746],[-122.970499,46.121854],[-122.970553,46.121881],[-122.970671,46.121882]],[[-122.971006,46.125842],[-122.970983,46.125768],[-122.970876,46.125752],[-122.970863,46.125506],[-122.970806,46.125483],[-122.970652,46.125491],[-122.970618,46.125531],[-122.970617,46.125662],[-122.970529,46.125669],[-122.97049,46.125706],[-122.970501,46.125998],[-122.970617,46.126022],[-122.970623,46.126079],[-122.970672,46.12611],[-122.970958,46.126108],[-122.971,46.126079],[-122.971006,46.126022],[-122.971094,46.126016],[-122.971135,46.125974],[-122.971122,46.125866],[-122.971006,46.125842]],[[-122.970753,46.119904],[-122.970681,46.119878],[-122.970514,46.119918],[-122.970491,46.119956],[-122.970514,46.120066],[-122.970569,46.120082],[-122.970727,46.120066],[-122.970784,46.119955],[-122.970753,46.119904]],[[-122.971059,46.122062],[-122.971136,46.122019],[-122.971136,46.121926],[-122.971109,46.121895],[-122.970827,46.121882],[-122.970767,46.121902],[-122.970749,46.122013],[-122.970777,46.12205],[-122.971059,46.122062]],[[-122.971524,46.125032],[-122.971521,46.124981],[-122.971483,46.124949],[-122.971293,46.124955],[-122.971265,46.125032],[-122.971164,46.125045],[-122.971135,46.125122],[-122.971041,46.125131],[-122.971006,46.125212],[-122.97089,46.125236],[-122.970894,46.125373],[-122.970947,46.125392],[-122.971135,46.125392],[-122.971148,46.125458],[-122.971213,46.125482],[-122.97136,46.125473],[-122.971394,46.125392],[-122.971625,46.12538],[-122.971653,46.125344],[-122.971652,46.125076],[-122.971612,46.125039],[-122.971524,46.125032]],[[-122.972043,46.123003],[-122.971982,46.12295],[-122.971784,46.122962],[-122.971781,46.122807],[-122.971694,46.122769],[-122.971553,46.122795],[-122.971525,46.122872],[-122.971409,46.122896],[-122.971395,46.122962],[-122.971289,46.122978],[-122.971247,46.123097],[-122.971308,46.123141],[-122.971525,46.123142],[-122.971537,46.123222],[-122.971615,46.123246],[-122.971755,46.12322],[-122.971784,46.123143],[-122.972015,46.123143],[-122.972042,46.123108],[-122.972043,46.123003]],[[-122.97191,46.122024],[-122.971917,46.121903],[-122.971784,46.121882],[-122.971767,46.121812],[-122.971655,46.121792],[-122.971621,46.121712],[-122.971526,46.121702],[-122.971497,46.121625],[-122.971337,46.121613],[-122.971284,46.121632],[-122.97128,46.121768],[-122.971396,46.121792],[-122.971431,46.121873],[-122.971525,46.121882],[-122.971554,46.12196],[-122.971655,46.121972],[-122.971683,46.12205],[-122.971873,46.122056],[-122.97191,46.122024]],[[-122.971529,46.120354],[-122.971472,46.120339],[-122.971414,46.120359],[-122.971397,46.120407],[-122.971424,46.120443],[-122.971487,46.120456],[-122.971546,46.12043],[-122.97156,46.120389],[-122.971529,46.120354]],[[-122.971966,46.122884],[-122.972159,46.122849],[-122.972169,46.122731],[-122.972117,46.122695],[-122.971968,46.122695],[-122.971915,46.122736],[-122.971917,46.122848],[-122.971966,46.122884]],[[-122.972176,46.120804],[-122.97212,46.120779],[-122.972062,46.120789],[-122.972011,46.120834],[-122.972024,46.12088],[-122.97209,46.120915],[-122.972155,46.120906],[-122.972207,46.120855],[-122.972176,46.120804]],[[-122.972096,46.122524],[-122.972289,46.122489],[-122.972298,46.122371],[-122.972247,46.122335],[-122.972098,46.122335],[-122.972044,46.122376],[-122.972046,46.122488],[-122.972096,46.122524]],[[-122.972556,46.124184],[-122.972577,46.124082],[-122.972525,46.124045],[-122.97209,46.124047],[-122.972042,46.124091],[-122.972048,46.124279],[-122.972097,46.12431],[-122.972255,46.124322],[-122.972298,46.124288],[-122.972301,46.124223],[-122.972519,46.124216],[-122.972556,46.124184]],[[-122.972739,46.127283],[-122.972816,46.127239],[-122.972795,46.127029],[-122.97274,46.127013],[-122.972569,46.127024],[-122.972517,46.126929],[-122.972311,46.126934],[-122.972259,46.126839],[-122.972123,46.126819],[-122.972063,46.126835],[-122.972041,46.126959],[-122.972063,46.126997],[-122.972118,46.127013],[-122.972289,46.127002],[-122.972305,46.127069],[-122.972355,46.1271],[-122.972547,46.127092],[-122.972571,46.127259],[-122.972621,46.127282],[-122.972739,46.127283]],[[-122.972299,46.123231],[-122.972248,46.123209],[-122.97219,46.123219],[-122.972153,46.123261],[-122.972169,46.123302],[-122.972222,46.123322],[-122.972294,46.12331],[-122.972321,46.123272],[-122.972299,46.123231]],[[-122.972354,46.122153],[-122.972428,46.122114],[-122.972422,46.122001],[-122.972369,46.121974],[-122.972214,46.121979],[-122.972174,46.122016],[-122.972182,46.122124],[-122.972235,46.122152],[-122.972354,46.122153]],[[-122.972347,46.127639],[-122.972498,46.127655],[-122.972549,46.127628],[-122.972552,46.127496],[-122.972496,46.127464],[-122.972327,46.127467],[-122.97228,46.127513],[-122.972305,46.127609],[-122.972347,46.127639]],[[-122.972819,46.122693],[-122.972814,46.122636],[-122.972772,46.122607],[-122.972562,46.122619],[-122.972541,46.122658],[-122.97256,46.122783],[-122.972472,46.122789],[-122.972433,46.122826],[-122.972454,46.122947],[-122.972635,46.12296],[-122.972684,46.122929],[-122.97269,46.122873],[-122.972926,46.122857],[-122.972943,46.122726],[-122.972901,46.122697],[-122.972819,46.122693]],[[-122.97363,46.123011],[-122.973583,46.122897],[-122.973467,46.122873],[-122.973432,46.122792],[-122.973249,46.122789],[-122.973211,46.122821],[-122.973208,46.122873],[-122.973091,46.122897],[-122.973078,46.122963],[-122.972966,46.122982],[-122.972949,46.123053],[-122.972832,46.123077],[-122.972819,46.123233],[-122.972724,46.123242],[-122.97269,46.123323],[-122.972608,46.123327],[-122.972566,46.123356],[-122.972557,46.123482],[-122.972689,46.123503],[-122.972707,46.123573],[-122.972819,46.123593],[-122.972837,46.123663],[-122.972948,46.123683],[-122.972961,46.123749],[-122.973078,46.123773],[-122.973084,46.123829],[-122.973126,46.123859],[-122.973411,46.123861],[-122.97346,46.12383],[-122.973466,46.123773],[-122.973662,46.123772],[-122.973719,46.12374],[-122.973725,46.123642],[-122.97369,46.123602],[-122.973466,46.123593],[-122.973453,46.123527],[-122.973337,46.123503],[-122.973331,46.123446],[-122.973289,46.123417],[-122.973078,46.123413],[-122.973078,46.123323],[-122.973185,46.123307],[-122.973208,46.123233],[-122.973324,46.123209],[-122.973337,46.123143],[-122.973526,46.123143],[-122.973578,46.123123],[-122.97363,46.123011]],[[-122.972723,46.126644],[-122.972887,46.126665],[-122.972938,46.126638],[-122.972938,46.126501],[-122.972892,46.126475],[-122.972818,46.126473],[-122.972814,46.126421],[-122.972777,46.126389],[-122.9726,46.126389],[-122.97256,46.126426],[-122.972568,46.126534],[-122.972614,46.12656],[-122.972688,46.126563],[-122.972723,46.126644]],[[-122.973206,46.126063],[-122.973146,46.12601],[-122.972961,46.126032],[-122.972927,46.126079],[-122.97296,46.126179],[-122.973017,46.126203],[-122.973171,46.126194],[-122.973205,46.126159],[-122.973206,46.126063]],[[-122.973225,46.126788],[-122.9732,46.126686],[-122.973151,46.126655],[-122.972989,46.126654],[-122.97293,46.126693],[-122.972953,46.126799],[-122.973002,46.12683],[-122.973192,46.126823],[-122.973225,46.126788]],[[-122.973409,46.127195],[-122.973281,46.127179],[-122.973227,46.127195],[-122.973195,46.127294],[-122.973017,46.127283],[-122.97296,46.127307],[-122.972947,46.127504],[-122.972981,46.127544],[-122.973135,46.127553],[-122.973188,46.127533],[-122.973216,46.127362],[-122.973394,46.127373],[-122.973451,46.127349],[-122.973455,46.127221],[-122.973409,46.127195]],[[-122.977861,46.129676],[-122.977884,46.129584],[-122.977863,46.12955],[-122.977735,46.129534],[-122.977722,46.129378],[-122.977606,46.129354],[-122.9776,46.129297],[-122.977558,46.129268],[-122.977397,46.129264],[-122.977344,46.129284],[-122.977347,46.129444],[-122.977088,46.129444],[-122.977085,46.129392],[-122.977047,46.12936],[-122.976829,46.129354],[-122.976811,46.129193],[-122.976759,46.129174],[-122.97657,46.129174],[-122.976557,46.129108],[-122.976441,46.129084],[-122.976437,46.129032],[-122.9764,46.129],[-122.975923,46.128993],[-122.9759,46.128919],[-122.975794,46.128903],[-122.975759,46.128823],[-122.975664,46.128812],[-122.975664,46.128724],[-122.975759,46.128714],[-122.975794,46.128634],[-122.975875,46.128629],[-122.97592,46.128595],[-122.975923,46.128364],[-122.975958,46.128316],[-122.975906,46.128203],[-122.975846,46.128183],[-122.975276,46.128183],[-122.975253,46.128109],[-122.975147,46.128093],[-122.975167,46.127969],[-122.975145,46.12793],[-122.975017,46.127913],[-122.975014,46.127848],[-122.974971,46.127814],[-122.974759,46.127823],[-122.974749,46.127762],[-122.974696,46.127734],[-122.974411,46.12774],[-122.974372,46.127777],[-122.97437,46.127913],[-122.974241,46.127913],[-122.974241,46.127588],[-122.974195,46.127544],[-122.974,46.127573],[-122.973982,46.127733],[-122.973875,46.127749],[-122.973852,46.127823],[-122.973641,46.127827],[-122.973599,46.127856],[-122.973593,46.127913],[-122.973477,46.127937],[-122.973467,46.128055],[-122.973512,46.128089],[-122.973593,46.128093],[-122.973593,46.128183],[-122.973487,46.128199],[-122.973464,46.128273],[-122.973268,46.128274],[-122.973211,46.128306],[-122.973173,46.128421],[-122.973228,46.128527],[-122.973334,46.128543],[-122.973334,46.128633],[-122.97311,46.128635],[-122.973056,46.128694],[-122.97311,46.128804],[-122.973334,46.128813],[-122.973357,46.128977],[-122.973593,46.128993],[-122.973616,46.129067],[-122.973722,46.129083],[-122.97374,46.129153],[-122.973852,46.129173],[-122.973869,46.129243],[-122.973981,46.129263],[-122.973999,46.129333],[-122.974111,46.129353],[-122.974128,46.129423],[-122.97424,46.129443],[-122.974253,46.129509],[-122.974369,46.129533],[-122.974373,46.129585],[-122.97441,46.129617],[-122.974697,46.129636],[-122.974752,46.129603],[-122.974758,46.129533],[-122.974885,46.129533],[-122.974891,46.129585],[-122.974928,46.129617],[-122.975146,46.129623],[-122.975169,46.129788],[-122.975405,46.129803],[-122.975422,46.129874],[-122.975534,46.129894],[-122.975547,46.129959],[-122.975664,46.129984],[-122.975667,46.130035],[-122.975705,46.130067],[-122.975922,46.130074],[-122.975945,46.130148],[-122.976052,46.130164],[-122.97607,46.130324],[-122.976181,46.130344],[-122.976187,46.1304],[-122.976229,46.130429],[-122.97644,46.130434],[-122.976446,46.13049],[-122.976488,46.13052],[-122.976651,46.13052],[-122.976693,46.13049],[-122.976699,46.130434],[-122.976811,46.130414],[-122.976829,46.130254],[-122.977012,46.130268],[-122.977071,46.130247],[-122.977088,46.129984],[-122.977293,46.129995],[-122.977341,46.129964],[-122.977347,46.129894],[-122.977592,46.129884],[-122.977625,46.129843],[-122.977606,46.129714],[-122.977823,46.129708],[-122.977861,46.129676]],[[-122.974372,46.124983],[-122.974304,46.12493],[-122.973854,46.124943],[-122.973854,46.124632],[-122.973813,46.124589],[-122.97365,46.124585],[-122.973601,46.124616],[-122.973595,46.124673],[-122.973466,46.124673],[-122.973466,46.124493],[-122.973554,46.124487],[-122.973594,46.124449],[-122.973594,46.124356],[-122.973561,46.124322],[-122.973384,46.124317],[-122.973342,46.124346],[-122.973336,46.124403],[-122.97322,46.124427],[-122.973207,46.124673],[-122.97309,46.124697],[-122.973081,46.124814],[-122.97314,46.124852],[-122.973336,46.124853],[-122.973345,46.125004],[-122.973391,46.125031],[-122.973465,46.125033],[-122.973483,46.125193],[-122.973595,46.125213],[-122.973575,46.125343],[-122.973608,46.125383],[-122.973798,46.125391],[-122.973848,46.12536],[-122.973854,46.125303],[-122.974084,46.125291],[-122.974112,46.125254],[-122.974113,46.125123],[-122.974343,46.125111],[-122.97437,46.12508],[-122.974372,46.124983]],[[-122.973337,46.124043],[-122.973355,46.123998],[-122.973323,46.123962],[-122.973249,46.123954],[-122.973199,46.123978],[-122.973189,46.124019],[-122.973226,46.124056],[-122.973283,46.124066],[-122.973337,46.124043]],[[-122.973726,46.122103],[-122.973658,46.12205],[-122.973263,46.122065],[-122.973211,46.122101],[-122.973211,46.122204],[-122.973278,46.122243],[-122.973671,46.122241],[-122.973722,46.122205],[-122.973726,46.122103]],[[-122.973376,46.126467],[-122.973526,46.126486],[-122.973582,46.126462],[-122.973593,46.126336],[-122.973546,46.126297],[-122.973396,46.12628],[-122.973339,46.126318],[-122.973337,46.126429],[-122.973376,46.126467]],[[-122.973465,46.126923],[-122.973431,46.12696],[-122.973445,46.127],[-122.973504,46.127026],[-122.973561,46.127017],[-122.973593,46.126983],[-122.973581,46.126934],[-122.973526,46.12691],[-122.973465,46.126923]],[[-122.973904,46.127283],[-122.973979,46.127245],[-122.973965,46.127123],[-122.973853,46.127103],[-122.973847,46.127046],[-122.973805,46.127017],[-122.973602,46.127026],[-122.973574,46.127069],[-122.973611,46.127173],[-122.973723,46.127193],[-122.973727,46.127245],[-122.973764,46.127277],[-122.973904,46.127283]],[[-122.973858,46.121884],[-122.973801,46.121869],[-122.973743,46.121889],[-122.973726,46.121938],[-122.973753,46.121974],[-122.973816,46.121986],[-122.973875,46.12196],[-122.973889,46.12192],[-122.973858,46.121884]],[[-122.973853,46.126563],[-122.973819,46.1266],[-122.973834,46.12664],[-122.973892,46.126666],[-122.973949,46.126657],[-122.973981,46.126623],[-122.97397,46.126574],[-122.973915,46.12655],[-122.973853,46.126563]],[[-122.974583,46.123597],[-122.974425,46.12357],[-122.97426,46.123613],[-122.974258,46.123765],[-122.974161,46.123777],[-122.974117,46.123811],[-122.974129,46.123945],[-122.974032,46.123957],[-122.973987,46.123991],[-122.974001,46.124113],[-122.974054,46.124133],[-122.974232,46.124122],[-122.974258,46.124215],[-122.973917,46.124224],[-122.973857,46.124261],[-122.973839,46.124368],[-122.973889,46.124401],[-122.973983,46.124403],[-122.973983,46.124493],[-122.97395,46.124546],[-122.974022,46.124604],[-122.974113,46.124583],[-122.974329,46.124582],[-122.974389,46.124543],[-122.974356,46.124231],[-122.974488,46.124199],[-122.9745,46.124073],[-122.974434,46.12403],[-122.974253,46.124054],[-122.974227,46.123961],[-122.974363,46.123925],[-122.974356,46.123781],[-122.974568,46.123772],[-122.974622,46.123745],[-122.974622,46.123622],[-122.974583,46.123597]],[[-122.974164,46.126833],[-122.974238,46.126795],[-122.974228,46.126677],[-122.974171,46.126653],[-122.973996,46.126663],[-122.973963,46.126709],[-122.973995,46.126809],[-122.974045,46.126832],[-122.974164,46.126833]],[[-122.974194,46.124677],[-122.974051,46.12466],[-122.973996,46.124684],[-122.973987,46.124815],[-122.974038,46.124851],[-122.974187,46.124851],[-122.974239,46.124815],[-122.974239,46.124711],[-122.974194,46.124677]],[[-122.976833,46.127015],[-122.976761,46.12699],[-122.976626,46.127016],[-122.976577,46.127047],[-122.97656,46.127115],[-122.976442,46.127104],[-122.976442,46.127014],[-122.976537,46.127005],[-122.976571,46.126924],[-122.976645,46.126921],[-122.976691,46.126895],[-122.976688,46.126768],[-122.976571,46.126744],[-122.976537,46.126663],[-122.976442,46.126654],[-122.976413,46.126576],[-122.976312,46.126563],[-122.976284,46.126486],[-122.976183,46.126473],[-122.976155,46.126396],[-122.976054,46.126383],[-122.976025,46.126306],[-122.975924,46.126293],[-122.975901,46.126219],[-122.975795,46.126203],[-122.975766,46.126126],[-122.975536,46.126113],[-122.975513,46.126039],[-122.975407,46.126023],[-122.975389,46.125953],[-122.975277,46.125933],[-122.975243,46.125852],[-122.975148,46.125843],[-122.975119,46.125766],[-122.975018,46.125753],[-122.975019,46.125483],[-122.9751,46.125479],[-122.975142,46.12545],[-122.975183,46.125351],[-122.975145,46.125252],[-122.9751,46.125217],[-122.975019,46.125213],[-122.974984,46.125132],[-122.974889,46.125123],[-122.974855,46.125042],[-122.974659,46.125045],[-122.974631,46.125082],[-122.97463,46.125393],[-122.974556,46.125395],[-122.97451,46.125422],[-122.974501,46.125573],[-122.9744,46.125585],[-122.974371,46.125663],[-122.974276,46.125672],[-122.974242,46.125753],[-122.974125,46.125777],[-122.974092,46.125877],[-122.974109,46.125913],[-122.974162,46.125933],[-122.9745,46.125933],[-122.974504,46.125985],[-122.974542,46.126017],[-122.974759,46.126023],[-122.974782,46.126097],[-122.974889,46.126113],[-122.974923,46.126194],[-122.975018,46.126203],[-122.975015,46.126543],[-122.975147,46.126563],[-122.975153,46.12662],[-122.975195,46.126649],[-122.975406,46.126653],[-122.975424,46.126724],[-122.975536,46.126743],[-122.975553,46.126814],[-122.975665,46.126833],[-122.975683,46.126904],[-122.975794,46.126924],[-122.975812,46.126994],[-122.975924,46.127014],[-122.975937,46.127079],[-122.976053,46.127104],[-122.976057,46.127155],[-122.976094,46.127187],[-122.976312,46.127194],[-122.976318,46.127264],[-122.976365,46.127295],[-122.976516,46.127281],[-122.976565,46.12725],[-122.976582,46.127183],[-122.97676,46.127193],[-122.976812,46.127174],[-122.976865,46.127061],[-122.976833,46.127015]],[[-122.974519,46.126428],[-122.974494,46.126326],[-122.974445,46.126295],[-122.974297,46.126295],[-122.974245,46.126331],[-122.974245,46.126435],[-122.974297,46.126471],[-122.974486,46.126464],[-122.974519,46.126428]],[[-122.974422,46.127013],[-122.974497,46.126975],[-122.974491,46.126862],[-122.974438,46.126834],[-122.974282,46.126839],[-122.974243,46.126877],[-122.97425,46.126985],[-122.974304,46.127012],[-122.974422,46.127013]],[[-122.975524,46.122759],[-122.975557,46.122654],[-122.975536,46.12262],[-122.975408,46.122603],[-122.975395,46.122537],[-122.975279,46.122513],[-122.975256,46.122439],[-122.97511,46.12241],[-122.975032,46.122434],[-122.975018,46.122513],[-122.974761,46.122513],[-122.974726,46.122432],[-122.974557,46.122425],[-122.974508,46.122456],[-122.974502,46.122513],[-122.9744,46.122517],[-122.974354,46.122558],[-122.974376,46.122655],[-122.974414,46.122687],[-122.97489,46.122693],[-122.974919,46.122771],[-122.975149,46.122783],[-122.975158,46.122845],[-122.975212,46.122872],[-122.97538,46.122861],[-122.975408,46.122783],[-122.975524,46.122759]],[[-122.974795,46.121846],[-122.974755,46.121736],[-122.974706,46.121705],[-122.974414,46.121709],[-122.974373,46.121752],[-122.974382,46.121945],[-122.974443,46.121973],[-122.97472,46.121967],[-122.974795,46.121846]],[[-122.974548,46.126289],[-122.974699,46.126306],[-122.97475,46.126278],[-122.974753,46.126147],[-122.974697,46.126114],[-122.974528,46.126117],[-122.974481,46.126164],[-122.974506,46.12626],[-122.974548,46.126289]],[[-122.97476,46.126563],[-122.974778,46.126518],[-122.974745,46.126483],[-122.974672,46.126474],[-122.974622,46.126498],[-122.974612,46.12654],[-122.974648,46.126577],[-122.974706,46.126587],[-122.97476,46.126563]],[[-122.975556,46.124443],[-122.975556,46.124178],[-122.975516,46.12414],[-122.975361,46.12412],[-122.975305,46.124132],[-122.975278,46.124223],[-122.975183,46.124226],[-122.975134,46.124258],[-122.975137,46.124414],[-122.97495,46.124379],[-122.974866,46.12442],[-122.974906,46.124577],[-122.974965,46.124597],[-122.975107,46.124577],[-122.975159,46.124482],[-122.975346,46.124517],[-122.975529,46.124481],[-122.975556,46.124443]],[[-122.975294,46.127604],[-122.975271,46.127407],[-122.975229,46.127377],[-122.975147,46.127373],[-122.975124,46.127299],[-122.974946,46.127283],[-122.97489,46.1273],[-122.974868,46.127339],[-122.974891,46.127425],[-122.974936,46.127459],[-122.975017,46.127463],[-122.97504,46.127627],[-122.975249,46.127639],[-122.975294,46.127604]],[[-122.975166,46.126788],[-122.975141,46.126687],[-122.975092,46.126656],[-122.974931,46.126654],[-122.974871,46.126693],[-122.974894,46.1268],[-122.974944,46.126831],[-122.975134,46.126824],[-122.975166,46.126788]],[[-122.976088,46.127961],[-122.976047,46.127857],[-122.976012,46.12783],[-122.975794,46.127823],[-122.975781,46.127757],[-122.975665,46.127733],[-122.975661,46.127682],[-122.975624,46.12765],[-122.975481,46.12763],[-122.975415,46.127659],[-122.975398,46.127798],[-122.97544,46.127821],[-122.975535,46.127823],[-122.975553,46.127894],[-122.975665,46.127914],[-122.975678,46.127979],[-122.975794,46.128004],[-122.975797,46.128055],[-122.975835,46.128087],[-122.975983,46.128093],[-122.976035,46.128074],[-122.976088,46.127961]],[[-122.976031,46.125468],[-122.976057,46.125234],[-122.975925,46.125213],[-122.975916,46.125152],[-122.975855,46.125124],[-122.975584,46.125127],[-122.975542,46.125157],[-122.975536,46.125213],[-122.975462,46.125216],[-122.975416,46.125242],[-122.975407,46.125345],[-122.975435,46.125381],[-122.975666,46.125393],[-122.975681,46.125476],[-122.975557,46.12549],[-122.975516,46.125539],[-122.975549,46.125639],[-122.975665,46.125663],[-122.975669,46.125715],[-122.975707,46.125747],[-122.975849,46.125767],[-122.975916,46.125738],[-122.975939,46.125608],[-122.97589,46.125576],[-122.975795,46.125573],[-122.975779,46.125491],[-122.976031,46.125468]],[[-122.976409,46.125038],[-122.976475,46.124885],[-122.976404,46.124833],[-122.976313,46.124853],[-122.975925,46.124853],[-122.975902,46.124779],[-122.975796,46.124763],[-122.975796,46.124673],[-122.975877,46.124669],[-122.975922,46.124635],[-122.975923,46.124537],[-122.97589,46.124503],[-122.975612,46.12448],[-122.975549,46.124504],[-122.975536,46.124903],[-122.97557,46.124947],[-122.975795,46.124943],[-122.975808,46.125009],[-122.975925,46.125034],[-122.975953,46.125111],[-122.976106,46.125123],[-122.97617,46.1251],[-122.976184,46.125034],[-122.976409,46.125038]],[[-122.975794,46.123681],[-122.975742,46.12366],[-122.975685,46.12367],[-122.975647,46.123712],[-122.975663,46.123753],[-122.975716,46.123773],[-122.975788,46.123761],[-122.975816,46.123723],[-122.975794,46.123681]],[[-122.976074,46.123008],[-122.976054,46.122827],[-122.976014,46.12279],[-122.975737,46.122784],[-122.975676,46.122812],[-122.975676,46.122935],[-122.975722,46.122961],[-122.975796,46.122963],[-122.9758,46.123015],[-122.975837,46.123047],[-122.976035,46.123047],[-122.976074,46.123008]],[[-122.976201,46.127418],[-122.976165,46.127303],[-122.976053,46.127283],[-122.97604,46.127218],[-122.975924,46.127193],[-122.975889,46.127113],[-122.975735,46.127104],[-122.975678,46.127127],[-122.975674,46.127255],[-122.97572,46.127281],[-122.975794,46.127284],[-122.975829,46.127364],[-122.975924,46.127374],[-122.975958,46.127454],[-122.976162,46.127457],[-122.976201,46.127418]],[[-122.976831,46.124044],[-122.976818,46.123978],[-122.976702,46.123954],[-122.976696,46.123897],[-122.976654,46.123868],[-122.976314,46.123863],[-122.976304,46.123802],[-122.976244,46.123774],[-122.975975,46.123774],[-122.975911,46.123808],[-122.975954,46.123941],[-122.976184,46.123954],[-122.976207,46.124028],[-122.976313,46.124044],[-122.976335,46.124221],[-122.976389,46.124237],[-122.976572,46.124224],[-122.976578,46.124294],[-122.976625,46.124325],[-122.97679,46.124307],[-122.976828,46.124275],[-122.976831,46.124224],[-122.976905,46.124221],[-122.976951,46.124195],[-122.976951,46.124072],[-122.976906,46.124046],[-122.976831,46.124044]],[[-122.976442,46.125754],[-122.976441,46.125603],[-122.976403,46.125567],[-122.976104,46.125574],[-122.976042,46.125603],[-122.976067,46.125729],[-122.976183,46.125754],[-122.976185,46.12589],[-122.976224,46.125927],[-122.976381,46.125958],[-122.976554,46.125914],[-122.976562,46.125782],[-122.976516,46.125756],[-122.976442,46.125754]],[[-122.976357,46.128656],[-122.976557,46.12861],[-122.976567,46.128492],[-122.976515,46.128456],[-122.976367,46.128456],[-122.976317,46.128487],[-122.976279,46.128602],[-122.976357,46.128656]],[[-122.97751,46.126172],[-122.97746,46.126044],[-122.977348,46.126024],[-122.977331,46.125953],[-122.977219,46.125934],[-122.97721,46.125872],[-122.977149,46.125844],[-122.976878,46.125848],[-122.976836,46.125877],[-122.97683,46.125934],[-122.976627,46.125936],[-122.976577,46.125967],[-122.976571,46.126024],[-122.976373,46.126011],[-122.976313,46.126059],[-122.976335,46.126188],[-122.976571,46.126204],[-122.976581,46.126265],[-122.976641,46.126293],[-122.976796,46.126285],[-122.976832,46.126204],[-122.97696,46.126204],[-122.976965,46.126274],[-122.97702,46.126306],[-122.977219,46.126294],[-122.977287,46.126318],[-122.977422,46.126291],[-122.977468,46.126265],[-122.97751,46.126172]],[[-122.977107,46.128049],[-122.977083,46.127947],[-122.977033,46.127916],[-122.976872,46.127915],[-122.976812,46.127953],[-122.976835,46.12806],[-122.976885,46.128091],[-122.977075,46.128084],[-122.977107,46.128049]],[[-122.977888,46.127358],[-122.978193,46.127386],[-122.978245,46.127359],[-122.978248,46.127227],[-122.978206,46.127198],[-122.978124,46.127194],[-122.978124,46.127063],[-122.978096,46.127026],[-122.977866,46.127014],[-122.977856,46.126862],[-122.97781,46.126836],[-122.977736,46.126834],[-122.977736,46.126613],[-122.977708,46.126576],[-122.977477,46.126564],[-122.977443,46.126483],[-122.977281,46.126475],[-122.977228,46.126502],[-122.977218,46.126564],[-122.977107,46.126583],[-122.977089,46.126654],[-122.9769,46.126654],[-122.976848,46.126673],[-122.97683,46.12678],[-122.976853,46.126818],[-122.977089,46.126834],[-122.977069,46.126958],[-122.977091,46.126997],[-122.977348,46.127014],[-122.977348,46.127235],[-122.977376,46.127272],[-122.977572,46.127275],[-122.977606,46.127235],[-122.977607,46.127104],[-122.977736,46.127104],[-122.977759,46.127178],[-122.977865,46.127194],[-122.977888,46.127358]],[[-122.97916,46.126564],[-122.979142,46.126494],[-122.979031,46.126474],[-122.979013,46.126404],[-122.978901,46.126384],[-122.978884,46.126314],[-122.978772,46.126294],[-122.978754,46.126224],[-122.978643,46.126204],[-122.978629,46.126138],[-122.978513,46.126114],[-122.978479,46.126033],[-122.977995,46.126024],[-122.977978,46.125954],[-122.977866,46.125934],[-122.977831,46.125853],[-122.977737,46.125844],[-122.977714,46.12577],[-122.977591,46.125746],[-122.977604,46.125522],[-122.977559,46.125488],[-122.977478,46.125484],[-122.977449,46.125406],[-122.977219,46.125394],[-122.97721,46.125332],[-122.977156,46.125305],[-122.976901,46.125304],[-122.976848,46.125323],[-122.976848,46.125464],[-122.97696,46.125484],[-122.976973,46.12555],[-122.977089,46.125574],[-122.977124,46.125655],[-122.977348,46.125664],[-122.977371,46.125738],[-122.977493,46.125761],[-122.977487,46.125995],[-122.977533,46.126021],[-122.977607,46.126024],[-122.977641,46.126105],[-122.977736,46.126114],[-122.977736,46.126204],[-122.977641,46.126213],[-122.977607,46.126294],[-122.977533,46.126296],[-122.977487,46.126322],[-122.97749,46.12645],[-122.977547,46.126474],[-122.977695,46.126467],[-122.977733,46.126436],[-122.977736,46.126384],[-122.977853,46.12636],[-122.977866,46.126294],[-122.977978,46.126274],[-122.977995,46.126204],[-122.978125,46.126204],[-122.978125,46.126384],[-122.97803,46.126393],[-122.977995,46.126474],[-122.977914,46.126478],[-122.977869,46.126512],[-122.977869,46.126706],[-122.977928,46.126743],[-122.978124,46.126744],[-122.978142,46.126814],[-122.978254,46.126834],[-122.978288,46.126915],[-122.978383,46.126924],[-122.978412,46.127002],[-122.978513,46.127014],[-122.978541,46.127092],[-122.978823,46.127104],[-122.978883,46.127084],[-122.978901,46.126924],[-122.979002,46.126912],[-122.979031,46.126834],[-122.979125,46.126825],[-122.97916,46.126744],[-122.979242,46.12674],[-122.979284,46.126711],[-122.97928,46.126593],[-122.979234,46.126566],[-122.97916,46.126564]],[[-122.978124,46.127824],[-122.978206,46.12782],[-122.97825,46.127786],[-122.97825,46.127682],[-122.978198,46.127646],[-122.978065,46.127644],[-122.978012,46.127664],[-122.97801,46.127816],[-122.977888,46.12784],[-122.977865,46.127914],[-122.977736,46.127914],[-122.977675,46.12789],[-122.977606,46.127914],[-122.977477,46.127914],[-122.977477,46.127734],[-122.977511,46.127681],[-122.977468,46.127582],[-122.977414,46.127555],[-122.977266,46.127558],[-122.977224,46.127587],[-122.977218,46.127644],[-122.977001,46.127645],[-122.97694,46.127689],[-122.976977,46.127804],[-122.977088,46.127824],[-122.977123,46.127905],[-122.977218,46.127914],[-122.977246,46.127992],[-122.977347,46.128004],[-122.977376,46.128082],[-122.977477,46.128094],[-122.977505,46.128172],[-122.977735,46.128184],[-122.977764,46.128262],[-122.977904,46.128287],[-122.977991,46.128249],[-122.977995,46.128004],[-122.978069,46.128002],[-122.978115,46.127975],[-122.978124,46.127824]],[[-122.977092,46.126472],[-122.977123,46.126437],[-122.977108,46.126396],[-122.97705,46.126371],[-122.976987,46.126383],[-122.97696,46.126419],[-122.976977,46.126467],[-122.977035,46.126488],[-122.977092,46.126472]],[[-122.97735,46.128632],[-122.977381,46.128581],[-122.977324,46.12847],[-122.977269,46.128454],[-122.977111,46.12847],[-122.977088,46.128508],[-122.977111,46.128618],[-122.977279,46.128658],[-122.97735,46.128632]],[[-122.978531,46.124994],[-122.978512,46.124807],[-122.978466,46.124768],[-122.978125,46.124764],[-122.978116,46.124702],[-122.978055,46.124674],[-122.977548,46.124674],[-122.977487,46.124702],[-122.977478,46.124764],[-122.977366,46.124783],[-122.977349,46.124854],[-122.977237,46.124873],[-122.977219,46.124944],[-122.977107,46.124963],[-122.97709,46.125075],[-122.977131,46.125117],[-122.977219,46.125124],[-122.977247,46.125201],[-122.977348,46.125214],[-122.977352,46.125265],[-122.977389,46.125297],[-122.977798,46.125317],[-122.977861,46.125284],[-122.977866,46.125214],[-122.978055,46.125214],[-122.978107,46.125194],[-122.978125,46.125034],[-122.978479,46.125032],[-122.978531,46.124994]],[[-122.977657,46.130164],[-122.977731,46.130126],[-122.977726,46.130012],[-122.977672,46.129985],[-122.977517,46.12999],[-122.977477,46.130027],[-122.977485,46.130135],[-122.977538,46.130163],[-122.977657,46.130164]],[[-122.978773,46.124044],[-122.978738,46.123963],[-122.978514,46.123954],[-122.978501,46.123888],[-122.978385,46.123864],[-122.978356,46.123786],[-122.978126,46.123774],[-122.978117,46.123712],[-122.978063,46.123685],[-122.977748,46.123695],[-122.977699,46.123663],[-122.977633,46.123667],[-122.977592,46.123702],[-122.977593,46.123739],[-122.97765,46.123773],[-122.977726,46.123763],[-122.977737,46.123864],[-122.977541,46.123865],[-122.97748,46.123907],[-122.97748,46.124],[-122.977526,46.12404],[-122.977867,46.124044],[-122.97788,46.12411],[-122.977944,46.124134],[-122.978091,46.124125],[-122.978126,46.124044],[-122.978384,46.124044],[-122.978397,46.12411],[-122.978514,46.124134],[-122.978537,46.124208],[-122.978697,46.124248],[-122.978854,46.12422],[-122.978899,46.124186],[-122.978889,46.124068],[-122.978773,46.124044]],[[-122.977916,46.129084],[-122.977991,46.129046],[-122.977985,46.128932],[-122.977932,46.128905],[-122.977776,46.12891],[-122.977737,46.128947],[-122.977744,46.129055],[-122.977798,46.129083],[-122.977916,46.129084]],[[-122.9789,46.129934],[-122.978832,46.129881],[-122.978253,46.129894],[-122.978251,46.129744],[-122.978192,46.129702],[-122.977927,46.129715],[-122.977866,46.129757],[-122.977882,46.129964],[-122.977994,46.129984],[-122.978,46.130041],[-122.978042,46.13007],[-122.978253,46.130074],[-122.978262,46.130135],[-122.978315,46.130163],[-122.978511,46.130164],[-122.978573,46.130188],[-122.978641,46.130164],[-122.97886,46.130171],[-122.978899,46.130129],[-122.9789,46.129934]],[[-122.978952,46.128184],[-122.979027,46.128146],[-122.979012,46.128024],[-122.978901,46.128004],[-122.978888,46.127938],[-122.978771,46.127914],[-122.978768,46.127862],[-122.97873,46.12783],[-122.978541,46.127836],[-122.978513,46.127873],[-122.97853,46.127984],[-122.978642,46.128004],[-122.978655,46.12807],[-122.978771,46.128094],[-122.978806,46.128175],[-122.978952,46.128184]],[[-122.979567,46.128049],[-122.979525,46.12793],[-122.979419,46.127914],[-122.979419,46.127824],[-122.979453,46.127776],[-122.979419,46.127734],[-122.979401,46.127484],[-122.979349,46.127464],[-122.97916,46.127464],[-122.979142,46.127394],[-122.97903,46.127374],[-122.979017,46.127308],[-122.978901,46.127284],[-122.978898,46.127232],[-122.97886,46.1272],[-122.97867,46.127206],[-122.978644,46.127237],[-122.978644,46.127331],[-122.978683,46.127368],[-122.978771,46.127374],[-122.978787,46.127546],[-122.978651,46.127583],[-122.97866,46.127714],[-122.978712,46.127734],[-122.978887,46.127725],[-122.978921,46.127678],[-122.978885,46.127562],[-122.97903,46.127554],[-122.979053,46.127628],[-122.97916,46.127645],[-122.97916,46.127734],[-122.979078,46.127738],[-122.979034,46.127772],[-122.979048,46.127894],[-122.979159,46.127914],[-122.979173,46.12798],[-122.979289,46.128004],[-122.979295,46.128061],[-122.979344,46.128092],[-122.979534,46.128085],[-122.979567,46.128049]],[[-122.97918,46.126064],[-122.979155,46.125954],[-122.979093,46.125921],[-122.978827,46.125936],[-122.978773,46.125977],[-122.97879,46.126094],[-122.978955,46.126138],[-122.979153,46.126101],[-122.97918,46.126064]],[[-122.979159,46.128494],[-122.979099,46.128442],[-122.978935,46.128463],[-122.978901,46.128503],[-122.978914,46.12861],[-122.979069,46.128647],[-122.979126,46.128638],[-122.979158,46.128604],[-122.979159,46.128494]],[[-122.979213,46.123954],[-122.979287,46.123916],[-122.979281,46.123803],[-122.979228,46.123775],[-122.979073,46.12378],[-122.979033,46.123818],[-122.979041,46.123925],[-122.979094,46.123953],[-122.979213,46.123954]],[[-122.979582,46.126257],[-122.979526,46.12613],[-122.979403,46.126107],[-122.979419,46.126059],[-122.979392,46.126023],[-122.979329,46.126011],[-122.979275,46.126033],[-122.979257,46.126082],[-122.979305,46.126122],[-122.97929,46.126294],[-122.979255,46.126342],[-122.979302,46.126394],[-122.979366,46.126408],[-122.979526,46.126368],[-122.979582,46.126257]],[[-122.979568,46.125529],[-122.979543,46.125427],[-122.979494,46.125396],[-122.979332,46.125395],[-122.979273,46.125434],[-122.979296,46.125541],[-122.979345,46.125572],[-122.979535,46.125565],[-122.979568,46.125529]],[[-122.979937,46.124764],[-122.980026,46.124758],[-122.980065,46.124721],[-122.980067,46.124368],[-122.980044,46.12433],[-122.979989,46.124314],[-122.979831,46.12433],[-122.979808,46.124494],[-122.979679,46.124494],[-122.979673,46.124424],[-122.979625,46.124393],[-122.979443,46.12442],[-122.97942,46.124584],[-122.979338,46.124588],[-122.979294,46.124622],[-122.979313,46.124748],[-122.97942,46.124764],[-122.979437,46.124834],[-122.979549,46.124854],[-122.979562,46.12492],[-122.979627,46.124944],[-122.979779,46.124932],[-122.979808,46.124854],[-122.979924,46.12483],[-122.979937,46.124764]],[[-122.979729,46.128364],[-122.979803,46.128326],[-122.979798,46.128213],[-122.979631,46.128162],[-122.979572,46.128168],[-122.979513,46.128227],[-122.979557,46.128336],[-122.97961,46.128363],[-122.979729,46.128364]],[[-122.979807,46.126514],[-122.97974,46.126461],[-122.979545,46.126495],[-122.979529,46.126694],[-122.979556,46.126731],[-122.97973,46.126744],[-122.97979,46.126724],[-122.979807,46.126514]],[[-122.98292,46.1305],[-122.98292,46.13019],[-122.982878,46.130167],[-122.982783,46.130165],[-122.98275,46.130071],[-122.982525,46.130075],[-122.982525,46.129985],[-122.982606,46.129981],[-122.982651,46.129946],[-122.982654,46.129805],[-122.982735,46.129801],[-122.98278,46.129766],[-122.982783,46.12966],[-122.98275,46.129621],[-122.982693,46.129612],[-122.982553,46.129637],[-122.982524,46.129715],[-122.982423,46.129727],[-122.982395,46.129805],[-122.9823,46.129814],[-122.982265,46.129895],[-122.982154,46.129914],[-122.982136,46.129985],[-122.982007,46.129985],[-122.982007,46.129896],[-122.982123,46.129871],[-122.982144,46.12974],[-122.982086,46.129715],[-122.981877,46.129715],[-122.981877,46.129625],[-122.981959,46.129621],[-122.982003,46.129586],[-122.982007,46.129445],[-122.982108,46.129432],[-122.982136,46.129355],[-122.982253,46.129331],[-122.982266,46.129265],[-122.982372,46.129249],[-122.98243,46.129132],[-122.982386,46.129023],[-122.982325,46.128995],[-122.982055,46.128999],[-122.982013,46.129028],[-122.982007,46.129085],[-122.981748,46.129085],[-122.981748,46.128995],[-122.981843,46.128986],[-122.981878,46.128905],[-122.981959,46.128901],[-122.982001,46.128871],[-122.981991,46.128642],[-122.982136,46.128635],[-122.982159,46.128709],[-122.982266,46.128725],[-122.982267,46.128861],[-122.982321,46.128902],[-122.982484,46.128898],[-122.982521,46.128866],[-122.982525,46.128815],[-122.982613,46.128808],[-122.982653,46.128771],[-122.982641,46.128659],[-122.982525,46.128635],[-122.982525,46.128365],[-122.982606,46.128361],[-122.982649,46.128331],[-122.982655,46.128095],[-122.982729,46.128092],[-122.982775,46.128066],[-122.982784,46.127915],[-122.982818,46.127862],[-122.98275,46.127744],[-122.982525,46.127735],[-122.982491,46.127654],[-122.982329,46.127646],[-122.982275,46.127673],[-122.982266,46.127735],[-122.982154,46.127754],[-122.982137,46.127825],[-122.982025,46.127844],[-122.982007,46.127915],[-122.981771,46.12793],[-122.981748,46.128005],[-122.981667,46.128009],[-122.981625,46.128038],[-122.981619,46.128184],[-122.981537,46.128189],[-122.981493,46.128223],[-122.981482,46.12834],[-122.981524,46.128362],[-122.981619,46.128365],[-122.981642,46.128439],[-122.981748,46.128455],[-122.981783,46.128535],[-122.981878,46.128545],[-122.981893,46.128627],[-122.981748,46.128635],[-122.981725,46.12856],[-122.981573,46.128522],[-122.981408,46.128549],[-122.981366,46.128578],[-122.98136,46.128634],[-122.981244,46.128659],[-122.98123,46.128724],[-122.981119,46.128744],[-122.981101,46.128814],[-122.980989,46.128834],[-122.98097,46.128904],[-122.980842,46.128904],[-122.980826,46.128822],[-122.980958,46.12879],[-122.980979,46.128659],[-122.980922,46.128635],[-122.980747,46.128644],[-122.980713,46.128683],[-122.980728,46.128807],[-122.980596,46.128838],[-122.980586,46.128956],[-122.980631,46.12899],[-122.980712,46.128994],[-122.980716,46.129046],[-122.980754,46.129078],[-122.980971,46.129085],[-122.980971,46.129174],[-122.980754,46.129181],[-122.980716,46.129213],[-122.980712,46.129264],[-122.980583,46.129264],[-122.980507,46.129241],[-122.980372,46.129268],[-122.98033,46.129298],[-122.980324,46.129396],[-122.980352,46.129432],[-122.980712,46.129444],[-122.980735,46.129519],[-122.980842,46.129535],[-122.980864,46.129699],[-122.981101,46.129715],[-122.9811,46.129894],[-122.981026,46.129897],[-122.98098,46.129923],[-122.980971,46.130074],[-122.980712,46.130074],[-122.980695,46.130004],[-122.980583,46.129984],[-122.980548,46.129904],[-122.980453,46.129894],[-122.980425,46.129817],[-122.980324,46.129804],[-122.980296,46.129727],[-122.98012,46.129717],[-122.980071,46.129748],[-122.980065,46.129804],[-122.979991,46.129807],[-122.979945,46.129833],[-122.979935,46.129984],[-122.979861,46.129987],[-122.979815,46.130013],[-122.979806,46.130164],[-122.97969,46.130188],[-122.979678,46.130301],[-122.979718,46.130338],[-122.979806,46.130344],[-122.979834,46.130422],[-122.979935,46.130434],[-122.979964,46.130512],[-122.980065,46.130524],[-122.980093,46.130602],[-122.980194,46.130614],[-122.9802,46.130671],[-122.980242,46.1307],[-122.980412,46.130698],[-122.98045,46.130666],[-122.980453,46.130614],[-122.980712,46.130615],[-122.980712,46.130704],[-122.980624,46.130711],[-122.980583,46.130753],[-122.980582,46.130974],[-122.980548,46.131017],[-122.980582,46.131066],[-122.980568,46.1313],[-122.980617,46.131332],[-122.980712,46.131335],[-122.980718,46.131391],[-122.980767,46.131422],[-122.981152,46.131425],[-122.981216,46.131401],[-122.98123,46.131335],[-122.981466,46.131319],[-122.981489,46.131155],[-122.98159,46.131142],[-122.981618,46.131065],[-122.981719,46.131052],[-122.981748,46.130975],[-122.981836,46.130968],[-122.981875,46.130931],[-122.981859,46.130724],[-122.981748,46.130705],[-122.981734,46.130639],[-122.981618,46.130615],[-122.981615,46.130563],[-122.981577,46.130531],[-122.981359,46.130524],[-122.981359,46.130435],[-122.981466,46.130419],[-122.981489,46.130345],[-122.981748,46.130345],[-122.981751,46.130396],[-122.981789,46.130428],[-122.982006,46.130435],[-122.982022,46.130607],[-122.981972,46.130662],[-122.982025,46.130713],[-122.982119,46.130698],[-122.982138,46.130615],[-122.982265,46.130615],[-122.982271,46.130671],[-122.982313,46.130701],[-122.982454,46.130704],[-122.982515,46.130676],[-122.982524,46.130615],[-122.982636,46.130595],[-122.982654,46.130525],[-122.982863,46.130525],[-122.98292,46.1305]],[[-122.980843,46.127554],[-122.980837,46.127408],[-122.980795,46.127379],[-122.980713,46.127374],[-122.980679,46.127293],[-122.980523,46.12726],[-122.980454,46.127284],[-122.980195,46.127284],[-122.980195,46.127194],[-122.980277,46.12719],[-122.980321,46.127156],[-122.980316,46.127043],[-122.98027,46.127017],[-122.980196,46.127014],[-122.98019,46.126958],[-122.980148,46.126928],[-122.979959,46.12694],[-122.979936,46.127104],[-122.979862,46.127107],[-122.979816,46.127133],[-122.979813,46.127251],[-122.979855,46.12728],[-122.979936,46.127284],[-122.979971,46.127365],[-122.980066,46.127374],[-122.980094,46.127452],[-122.980195,46.127464],[-122.980224,46.127542],[-122.980325,46.127554],[-122.980347,46.127629],[-122.980515,46.127668],[-122.980584,46.127644],[-122.980713,46.127644],[-122.980716,46.12771],[-122.980752,46.127741],[-122.980917,46.127732],[-122.980969,46.127696],[-122.980969,46.127593],[-122.980924,46.127559],[-122.980843,46.127554]],[[-122.980118,46.126024],[-122.980192,46.125986],[-122.980187,46.125873],[-122.980133,46.125845],[-122.979977,46.125837],[-122.979937,46.125879],[-122.979946,46.125996],[-122.979999,46.126023],[-122.980118,46.126024]],[[-122.980376,46.128634],[-122.980452,46.128591],[-122.980452,46.128498],[-122.980425,46.128467],[-122.980143,46.128454],[-122.980083,46.128474],[-122.980066,46.128586],[-122.980094,46.128622],[-122.980376,46.128634]],[[-122.980327,46.128906],[-122.98027,46.128891],[-122.980212,46.128911],[-122.980195,46.128959],[-122.980222,46.128995],[-122.980285,46.129007],[-122.980344,46.128982],[-122.980358,46.128941],[-122.980327,46.128906]],[[-122.980616,46.131657],[-122.980576,46.131548],[-122.980541,46.131521],[-122.980399,46.131491],[-122.980336,46.131504],[-122.980289,46.131562],[-122.980323,46.131604],[-122.980346,46.131769],[-122.980401,46.131784],[-122.980559,46.131769],[-122.980616,46.131657]],[[-122.980456,46.130976],[-122.980399,46.130961],[-122.98034,46.130981],[-122.980324,46.131029],[-122.980351,46.131065],[-122.980413,46.131078],[-122.980472,46.131052],[-122.980487,46.131011],[-122.980456,46.130976]],[[-122.980713,46.126785],[-122.980653,46.126732],[-122.980489,46.126753],[-122.980455,46.126793],[-122.980467,46.1269],[-122.980524,46.126924],[-122.980679,46.126915],[-122.980712,46.126881],[-122.980713,46.126785]],[[-122.980843,46.126204],[-122.981032,46.126204],[-122.981089,46.12618],[-122.981089,46.125958],[-122.981024,46.125934],[-122.980598,46.125944],[-122.980564,46.12599],[-122.980597,46.12618],[-122.980767,46.126228],[-122.980843,46.126204]],[[-122.982917,46.126836],[-122.982853,46.126811],[-122.982784,46.126835],[-122.982655,46.126835],[-122.982652,46.126783],[-122.982614,46.126751],[-122.982396,46.126745],[-122.982378,46.126584],[-122.982326,46.126565],[-122.982179,46.126566],[-122.982118,46.12661],[-122.982137,46.126745],[-122.982056,46.126749],[-122.982011,46.126783],[-122.982008,46.126925],[-122.981878,46.126925],[-122.981865,46.126859],[-122.981749,46.126834],[-122.981745,46.126783],[-122.981708,46.126751],[-122.981428,46.126731],[-122.981362,46.126774],[-122.98136,46.126924],[-122.981027,46.126927],[-122.980978,46.126958],[-122.980972,46.127014],[-122.980748,46.127017],[-122.980694,46.127076],[-122.980731,46.127175],[-122.980842,46.127194],[-122.980852,46.127346],[-122.980898,46.127372],[-122.980972,46.127374],[-122.980978,46.127431],[-122.98102,46.12746],[-122.981161,46.127464],[-122.981213,46.127445],[-122.981231,46.127285],[-122.98149,46.127285],[-122.98149,46.127464],[-122.981456,46.127518],[-122.981508,46.127568],[-122.981566,46.127578],[-122.981726,46.127539],[-122.981749,46.127465],[-122.981865,46.127441],[-122.981878,46.127375],[-122.982266,46.127375],[-122.982327,46.127399],[-122.982383,46.127385],[-122.982428,46.127316],[-122.982373,46.12721],[-122.982267,46.127195],[-122.982267,46.127105],[-122.982396,46.127105],[-122.982409,46.127171],[-122.982525,46.127195],[-122.982529,46.127246],[-122.982566,46.127278],[-122.982756,46.127272],[-122.982784,46.127195],[-122.982866,46.127191],[-122.98291,46.127156],[-122.982914,46.126925],[-122.982948,46.126882],[-122.982917,46.126836]],[[-122.981206,46.132849],[-122.981246,46.132634],[-122.981202,46.132599],[-122.980993,46.13261],[-122.98095,46.132809],[-122.980972,46.132848],[-122.981028,46.132865],[-122.981206,46.132849]],[[-122.981231,46.128545],[-122.981347,46.128521],[-122.981357,46.128403],[-122.981305,46.128367],[-122.981156,46.128367],[-122.981107,46.128398],[-122.981101,46.128454],[-122.981027,46.128457],[-122.980981,46.128483],[-122.980977,46.128615],[-122.981039,46.128648],[-122.981182,46.12863],[-122.981225,46.128601],[-122.981231,46.128545]],[[-122.983567,46.13266],[-122.983559,46.132505],[-122.983641,46.132501],[-122.983685,46.132467],[-122.983671,46.132345],[-122.983619,46.132325],[-122.98343,46.132325],[-122.983369,46.132301],[-122.9833,46.132325],[-122.982912,46.132325],[-122.982912,46.132235],[-122.982947,46.132187],[-122.982912,46.132145],[-122.982903,46.131903],[-122.982857,46.131877],[-122.982783,46.131875],[-122.982748,46.131794],[-122.982653,46.131785],[-122.982619,46.131704],[-122.982437,46.131696],[-122.982375,46.131745],[-122.982394,46.131965],[-122.982158,46.131981],[-122.982135,46.132145],[-122.982029,46.13216],[-122.982006,46.132235],[-122.981876,46.132233],[-122.981877,46.132145],[-122.981958,46.132141],[-122.982003,46.132106],[-122.981997,46.131993],[-122.981943,46.131966],[-122.981817,46.131965],[-122.981756,46.131993],[-122.981747,46.132055],[-122.981673,46.132057],[-122.981627,46.132083],[-122.981617,46.132235],[-122.981429,46.132235],[-122.981372,46.132259],[-122.981372,46.132391],[-122.981488,46.132415],[-122.981523,46.132496],[-122.981617,46.132505],[-122.981617,46.132685],[-122.981429,46.132685],[-122.981376,46.132704],[-122.981358,46.132865],[-122.981242,46.132889],[-122.981232,46.133006],[-122.981277,46.13304],[-122.981358,46.133045],[-122.981368,46.133106],[-122.981421,46.133134],[-122.981699,46.133131],[-122.981741,46.133101],[-122.981749,46.133045],[-122.982006,46.133045],[-122.98204,46.133126],[-122.982209,46.133132],[-122.982259,46.133101],[-122.982265,46.133045],[-122.982381,46.133021],[-122.982394,46.132955],[-122.982506,46.132935],[-122.982524,46.132865],[-122.982635,46.132845],[-122.982653,46.132775],[-122.982857,46.132772],[-122.982906,46.132741],[-122.982912,46.132685],[-122.98304,46.132685],[-122.983047,46.132742],[-122.983089,46.132771],[-122.983377,46.132786],[-122.983424,46.132755],[-122.98343,46.132685],[-122.983524,46.132682],[-122.983567,46.13266]],[[-122.981671,46.126385],[-122.981746,46.126346],[-122.981736,46.126229],[-122.98162,46.126204],[-122.981616,46.126153],[-122.981579,46.126121],[-122.981437,46.126091],[-122.981379,46.126101],[-122.981326,46.126157],[-122.981374,46.12627],[-122.98149,46.126295],[-122.981493,46.126346],[-122.981531,46.126378],[-122.981671,46.126385]],[[-122.982059,46.131076],[-122.982252,46.131041],[-122.982262,46.130923],[-122.98221,46.130887],[-122.982061,46.130887],[-122.982008,46.130928],[-122.98201,46.13104],[-122.982059,46.131076]],[[-122.982389,46.129681],[-122.982414,46.12958],[-122.982375,46.129541],[-122.982184,46.129539],[-122.982138,46.129578],[-122.982142,46.129695],[-122.982204,46.129728],[-122.982347,46.129711],[-122.982389,46.129681]],[[-122.982912,46.133585],[-122.982889,46.133511],[-122.982736,46.133472],[-122.982653,46.133495],[-122.98232,46.133497],[-122.98227,46.133528],[-122.982264,46.133585],[-122.98219,46.133587],[-122.982144,46.133613],[-122.982138,46.133726],[-122.982205,46.133764],[-122.982523,46.133765],[-122.982546,46.133839],[-122.982653,46.133855],[-122.982686,46.133949],[-122.982856,46.133943],[-122.982906,46.133912],[-122.982912,46.133855],[-122.983,46.133848],[-122.983041,46.133806],[-122.983035,46.133618],[-122.982993,46.133589],[-122.982912,46.133585]],[[-122.982835,46.131425],[-122.982909,46.131386],[-122.982903,46.131273],[-122.98285,46.131246],[-122.982695,46.131251],[-122.982655,46.131288],[-122.982663,46.131396],[-122.982716,46.131424],[-122.982835,46.131425]],[[-122.983428,46.12852],[-122.983466,46.128407],[-122.983431,46.128365],[-122.983431,46.128275],[-122.983547,46.128251],[-122.98356,46.128144],[-122.983513,46.128099],[-122.983372,46.128095],[-122.983311,46.128123],[-122.983302,46.128185],[-122.983118,46.128171],[-122.98306,46.128191],[-122.983043,46.128455],[-122.982811,46.128454],[-122.982784,46.12849],[-122.982787,46.128596],[-122.982832,46.128631],[-122.982913,46.128635],[-122.982917,46.128686],[-122.982954,46.128718],[-122.983137,46.128722],[-122.983191,46.12868],[-122.983172,46.128545],[-122.983391,46.128552],[-122.983428,46.12852]],[[-122.984466,46.129765],[-122.984486,46.129405],[-122.984464,46.129371],[-122.984337,46.129355],[-122.984321,46.129183],[-122.984364,46.129153],[-122.984367,46.129112],[-122.984319,46.129076],[-122.984261,46.129074],[-122.984211,46.12911],[-122.984223,46.129167],[-122.984106,46.129187],[-122.984078,46.129265],[-122.983983,46.129274],[-122.983948,46.129355],[-122.983832,46.129379],[-122.983819,46.129535],[-122.983712,46.129551],[-122.98369,46.129625],[-122.98356,46.129625],[-122.98356,46.129535],[-122.983595,46.129492],[-122.98356,46.129445],[-122.98356,46.129355],[-122.983796,46.129339],[-122.983838,46.129236],[-122.983817,46.129191],[-122.98369,46.129175],[-122.983672,46.129105],[-122.98356,46.129085],[-122.983551,46.129023],[-122.98349,46.128995],[-122.983344,46.128996],[-122.983298,46.129015],[-122.983301,46.129175],[-122.983172,46.129175],[-122.983163,46.129113],[-122.983109,46.129086],[-122.982955,46.129086],[-122.982905,46.12911],[-122.982914,46.129401],[-122.982954,46.129438],[-122.983042,46.129445],[-122.983042,46.129535],[-122.982948,46.129537],[-122.982898,46.129569],[-122.982913,46.129805],[-122.982796,46.129829],[-122.982787,46.129946],[-122.982853,46.129985],[-122.983172,46.129985],[-122.983172,46.130075],[-122.983137,46.130117],[-122.983172,46.130165],[-122.983157,46.13031],[-122.983199,46.130341],[-122.983317,46.130352],[-122.983307,46.130492],[-122.983349,46.130521],[-122.98343,46.130525],[-122.983434,46.130577],[-122.983471,46.130609],[-122.983661,46.130603],[-122.983724,46.130477],[-122.983655,46.130354],[-122.983415,46.130337],[-122.983431,46.130255],[-122.983786,46.130259],[-122.983819,46.130165],[-122.9839,46.130161],[-122.983942,46.130132],[-122.983948,46.129985],[-122.984137,46.129985],[-122.984194,46.129961],[-122.984207,46.129805],[-122.984391,46.129819],[-122.984444,46.129802],[-122.984466,46.129765]],[[-122.983232,46.131527],[-122.983375,46.131513],[-122.983421,46.131486],[-122.983424,46.131368],[-122.983368,46.131336],[-122.983199,46.131339],[-122.983152,46.131385],[-122.983177,46.131495],[-122.983232,46.131527]],[[-122.983688,46.134395],[-122.98377,46.134391],[-122.983814,46.134357],[-122.983816,46.134258],[-122.983777,46.134221],[-122.98335,46.134215],[-122.983288,46.134245],[-122.983309,46.134366],[-122.983355,46.134393],[-122.983429,46.134395],[-122.983433,46.134447],[-122.98347,46.134479],[-122.983647,46.134479],[-122.983685,46.134447],[-122.983688,46.134395]],[[-122.986925,46.131695],[-122.986925,46.13155],[-122.986898,46.131514],[-122.986408,46.131515],[-122.986385,46.131441],[-122.986278,46.131425],[-122.986281,46.131266],[-122.986228,46.131246],[-122.986019,46.131245],[-122.986016,46.13118],[-122.985973,46.131146],[-122.98576,46.131155],[-122.985732,46.131077],[-122.985577,46.131042],[-122.985501,46.131065],[-122.985372,46.131065],[-122.985311,46.131041],[-122.985243,46.131065],[-122.985113,46.131065],[-122.985113,46.130975],[-122.98522,46.130959],[-122.985243,46.130885],[-122.985372,46.130885],[-122.985433,46.130909],[-122.985502,46.130885],[-122.985631,46.130885],[-122.985665,46.130966],[-122.98582,46.130975],[-122.985881,46.130947],[-122.98589,46.130885],[-122.986019,46.130885],[-122.986088,46.130909],[-122.986149,46.130885],[-122.986353,46.130883],[-122.986402,46.130852],[-122.986408,46.130795],[-122.986524,46.130771],[-122.986534,46.130654],[-122.986489,46.130619],[-122.986408,46.130615],[-122.986399,46.130464],[-122.986353,46.130438],[-122.986278,46.130435],[-122.986278,46.130255],[-122.986313,46.130213],[-122.986279,46.130165],[-122.986279,46.130075],[-122.986312,46.130022],[-122.986266,46.129906],[-122.986188,46.129882],[-122.986048,46.129907],[-122.986019,46.129985],[-122.985925,46.129994],[-122.98589,46.130075],[-122.985774,46.130099],[-122.985726,46.130208],[-122.985761,46.130255],[-122.98576,46.130345],[-122.985631,46.130345],[-122.98557,46.130321],[-122.985502,46.130345],[-122.985372,46.130345],[-122.985363,46.13027],[-122.98529,46.130241],[-122.985148,46.130264],[-122.985113,46.130345],[-122.985001,46.130365],[-122.984949,46.130478],[-122.984984,46.130525],[-122.984984,46.130615],[-122.984787,46.130616],[-122.984726,46.130659],[-122.984738,46.130771],[-122.984854,46.130795],[-122.984854,46.130885],[-122.98482,46.130928],[-122.984854,46.130975],[-122.984854,46.131064],[-122.98478,46.131067],[-122.984734,46.131094],[-122.984725,46.131245],[-122.984466,46.131245],[-122.984466,46.131155],[-122.984501,46.131107],[-122.98446,46.131008],[-122.984425,46.130981],[-122.98429,46.130952],[-122.984106,46.130987],[-122.984077,46.131065],[-122.983635,46.131051],[-122.983582,46.131068],[-122.98356,46.131105],[-122.983559,46.131515],[-122.983465,46.131524],[-122.98343,46.131569],[-122.983433,46.131747],[-122.983478,46.131781],[-122.983559,46.131785],[-122.983575,46.131957],[-122.983329,46.131977],[-122.983302,46.132008],[-122.983302,46.132101],[-122.983371,46.132145],[-122.983654,46.132136],[-122.983688,46.132096],[-122.983673,46.131973],[-122.983796,46.131949],[-122.983818,46.131875],[-122.983948,46.131875],[-122.984009,46.131899],[-122.984077,46.131875],[-122.984525,46.131875],[-122.984586,46.131847],[-122.984595,46.131785],[-122.985113,46.131785],[-122.985122,46.131937],[-122.985168,46.131963],[-122.985242,46.131965],[-122.985228,46.132201],[-122.985277,46.132233],[-122.985372,46.132235],[-122.985381,46.132567],[-122.985434,46.132594],[-122.98563,46.132595],[-122.985665,46.132676],[-122.985827,46.132684],[-122.98588,46.132657],[-122.98589,46.132595],[-122.986001,46.132576],[-122.986019,46.132505],[-122.986337,46.132505],[-122.98639,46.132486],[-122.986407,46.132235],[-122.986482,46.132233],[-122.986528,46.132207],[-122.986537,46.132055],[-122.986644,46.132039],[-122.986666,46.131965],[-122.986783,46.131941],[-122.986796,46.131875],[-122.986992,46.131874],[-122.987049,46.131842],[-122.987046,46.131724],[-122.987,46.131698],[-122.986925,46.131695]],[[-122.984075,46.12906],[-122.984098,46.128955],[-122.984076,46.128921],[-122.983949,46.128905],[-122.983936,46.128749],[-122.983819,46.128725],[-122.983785,46.128644],[-122.98369,46.128635],[-122.983667,46.128561],[-122.983489,46.128545],[-122.983433,46.128561],[-122.983411,46.128601],[-122.983431,46.128725],[-122.983343,46.128731],[-122.983303,46.128768],[-122.983324,46.128889],[-122.98356,46.128905],[-122.983578,46.128975],[-122.98369,46.128995],[-122.983699,46.129056],[-122.983752,46.129084],[-122.984032,46.129094],[-122.984075,46.12906]],[[-122.983636,46.130784],[-122.983443,46.130819],[-122.983432,46.130931],[-122.983478,46.130971],[-122.983629,46.130987],[-122.983688,46.130945],[-122.983686,46.13082],[-122.983636,46.130784]],[[-122.983613,46.127375],[-122.983687,46.127337],[-122.983681,46.127223],[-122.983628,46.127196],[-122.983472,46.127201],[-122.983433,46.127238],[-122.983441,46.127346],[-122.983494,46.127374],[-122.983613,46.127375]],[[-122.983742,46.128005],[-122.983816,46.127967],[-122.983806,46.127849],[-122.98375,46.127825],[-122.983574,46.127834],[-122.983541,46.127881],[-122.983574,46.127981],[-122.983623,46.128004],[-122.983742,46.128005]],[[-122.984207,46.132685],[-122.984197,46.132624],[-122.984144,46.132596],[-122.983829,46.132606],[-122.983749,46.132571],[-122.98367,46.132624],[-122.983709,46.132678],[-122.983807,46.132674],[-122.983836,46.132755],[-122.983947,46.132775],[-122.983965,46.132845],[-122.984077,46.132865],[-122.984086,46.132926],[-122.984139,46.132954],[-122.984281,46.132953],[-122.984334,46.132912],[-122.98433,46.132718],[-122.984288,46.132689],[-122.984207,46.132685]],[[-122.983817,46.130703],[-122.983765,46.130681],[-122.983708,46.130691],[-122.98367,46.130734],[-122.983686,46.130774],[-122.983739,46.130795],[-122.983811,46.130782],[-122.983838,46.130745],[-122.983817,46.130703]],[[-122.983999,46.134665],[-122.984073,46.134627],[-122.984067,46.134514],[-122.984014,46.134486],[-122.983859,46.134491],[-122.983819,46.134528],[-122.983827,46.134636],[-122.98388,46.134664],[-122.983999,46.134665]],[[-122.984356,46.12769],[-122.98432,46.127575],[-122.984208,46.127555],[-122.984195,46.127489],[-122.984079,46.127465],[-122.984044,46.127384],[-122.98389,46.127375],[-122.983833,46.127399],[-122.983829,46.127526],[-122.983875,46.127553],[-122.983949,46.127555],[-122.983984,46.127636],[-122.984078,46.127645],[-122.984113,46.127726],[-122.984317,46.127728],[-122.984356,46.12769]],[[-122.987089,46.134803],[-122.987031,46.134681],[-122.986925,46.134665],[-122.986912,46.134509],[-122.986795,46.134485],[-122.986778,46.134325],[-122.986666,46.134305],[-122.98666,46.134249],[-122.986611,46.134218],[-122.986277,46.134215],[-122.986268,46.134064],[-122.986222,46.134038],[-122.986148,46.134035],[-122.986113,46.133954],[-122.986019,46.133945],[-122.986015,46.133894],[-122.985978,46.133862],[-122.985828,46.133831],[-122.98576,46.133855],[-122.985392,46.133862],[-122.985352,46.133906],[-122.985372,46.134076],[-122.985412,46.134119],[-122.985501,46.134125],[-122.985529,46.134203],[-122.98563,46.134215],[-122.985665,46.134296],[-122.985889,46.134305],[-122.985912,46.134379],[-122.986018,46.134395],[-122.986022,46.134537],[-122.986066,46.134571],[-122.986148,46.134575],[-122.986148,46.134665],[-122.986018,46.134665],[-122.986012,46.134609],[-122.985963,46.134578],[-122.98577,46.134586],[-122.985754,46.134519],[-122.985704,46.134488],[-122.985371,46.134485],[-122.985354,46.134415],[-122.985242,46.134395],[-122.985207,46.134314],[-122.985112,46.134305],[-122.985084,46.134227],[-122.984983,46.134215],[-122.984954,46.134137],[-122.984853,46.134125],[-122.984831,46.134051],[-122.984595,46.134035],[-122.984577,46.133965],[-122.984465,46.133945],[-122.984431,46.133864],[-122.984336,46.133855],[-122.984307,46.133777],[-122.984206,46.133765],[-122.984178,46.133687],[-122.983997,46.133675],[-122.983936,46.133705],[-122.983947,46.133855],[-122.983913,46.133903],[-122.983965,46.134015],[-122.984077,46.134035],[-122.98409,46.134101],[-122.984206,46.134125],[-122.984209,46.134177],[-122.984247,46.134209],[-122.984465,46.134215],[-122.984488,46.134289],[-122.984594,46.134305],[-122.984607,46.134371],[-122.984724,46.134395],[-122.984752,46.134473],[-122.984853,46.134485],[-122.984853,46.134575],[-122.984724,46.134575],[-122.984718,46.134518],[-122.984669,46.134487],[-122.984533,46.134472],[-122.984471,46.134505],[-122.984468,46.134717],[-122.984513,46.134751],[-122.984594,46.134755],[-122.984623,46.134833],[-122.984853,46.134845],[-122.984922,46.134869],[-122.98511,46.134829],[-122.985132,46.134789],[-122.985109,46.134703],[-122.985064,46.134669],[-122.984983,46.134665],[-122.984983,46.134575],[-122.985112,46.134575],[-122.985125,46.134641],[-122.985242,46.134665],[-122.985264,46.134739],[-122.985425,46.134779],[-122.985602,46.134743],[-122.98563,46.134665],[-122.985759,46.134665],[-122.985759,46.134845],[-122.985653,46.134861],[-122.98563,46.134935],[-122.985297,46.134938],[-122.985247,46.134969],[-122.985241,46.135025],[-122.985025,46.135026],[-122.984968,46.13506],[-122.984982,46.135205],[-122.984948,46.135253],[-122.984988,46.135352],[-122.98503,46.135381],[-122.985112,46.135385],[-122.985146,46.135466],[-122.985241,46.135475],[-122.985245,46.135527],[-122.985282,46.135559],[-122.98544,46.135589],[-122.985595,46.135556],[-122.98563,46.135475],[-122.985746,46.135451],[-122.985759,46.135385],[-122.985871,46.135366],[-122.985889,46.135295],[-122.986001,46.135276],[-122.986018,46.135205],[-122.986125,46.135189],[-122.986182,46.135073],[-122.986148,46.135025],[-122.986148,46.134935],[-122.986254,46.134919],[-122.986277,46.134845],[-122.986407,46.134845],[-122.986429,46.13492],[-122.986536,46.134935],[-122.986536,46.135157],[-122.986564,46.135193],[-122.986795,46.135205],[-122.986801,46.135275],[-122.986848,46.135306],[-122.987019,46.135286],[-122.987052,46.135252],[-122.987052,46.135159],[-122.987013,46.135122],[-122.986925,46.135115],[-122.986925,46.134937],[-122.986999,46.134933],[-122.987045,46.134907],[-122.987089,46.134803]],[[-122.984518,46.130795],[-122.984592,46.130757],[-122.984582,46.130639],[-122.984533,46.130616],[-122.984321,46.130607],[-122.984337,46.130525],[-122.984418,46.130521],[-122.98446,46.130492],[-122.984457,46.130374],[-122.984411,46.130347],[-122.984337,46.130345],[-122.984333,46.13028],[-122.98429,46.130246],[-122.984119,46.130261],[-122.984079,46.130298],[-122.984078,46.130435],[-122.983996,46.130439],[-122.983952,46.130473],[-122.983957,46.130586],[-122.984011,46.130614],[-122.984223,46.130623],[-122.984207,46.130746],[-122.984248,46.130789],[-122.984518,46.130795]],[[-122.984208,46.128905],[-122.984174,46.128942],[-122.984188,46.128982],[-122.984247,46.129008],[-122.984304,46.128999],[-122.984336,46.128965],[-122.984324,46.128916],[-122.984269,46.128892],[-122.984208,46.128905]],[[-122.984378,46.127909],[-122.984529,46.127928],[-122.984584,46.127904],[-122.984595,46.127778],[-122.984548,46.127739],[-122.984398,46.127722],[-122.984341,46.12776],[-122.984339,46.127871],[-122.984378,46.127909]],[[-122.984647,46.132775],[-122.984721,46.132737],[-122.984715,46.132624],[-122.984662,46.132596],[-122.984507,46.132601],[-122.984467,46.132639],[-122.984475,46.132747],[-122.984528,46.132774],[-122.984647,46.132775]],[[-122.984987,46.128906],[-122.984923,46.128881],[-122.984855,46.128905],[-122.984635,46.128898],[-122.984597,46.128935],[-122.984584,46.129055],[-122.984623,46.129081],[-122.984786,46.129109],[-122.984943,46.129079],[-122.985018,46.128958],[-122.984987,46.128906]],[[-122.984984,46.129305],[-122.984962,46.129268],[-122.984909,46.129251],[-122.98478,46.129267],[-122.984734,46.129294],[-122.984741,46.129437],[-122.984637,46.129451],[-122.984597,46.129488],[-122.984596,46.12968],[-122.984635,46.129722],[-122.984792,46.129714],[-122.984845,46.129687],[-122.984839,46.129453],[-122.984971,46.129421],[-122.984984,46.129305]],[[-122.984906,46.132595],[-122.98498,46.132557],[-122.984974,46.132444],[-122.984921,46.132416],[-122.984764,46.132408],[-122.984725,46.13245],[-122.984734,46.132567],[-122.984787,46.132594],[-122.984906,46.132595]],[[-122.984906,46.132055],[-122.98498,46.132017],[-122.984974,46.131904],[-122.984921,46.131876],[-122.984766,46.131881],[-122.984726,46.131919],[-122.984734,46.132027],[-122.984787,46.132054],[-122.984906,46.132055]],[[-122.985164,46.132865],[-122.985239,46.132827],[-122.985233,46.132714],[-122.98518,46.132686],[-122.985023,46.132678],[-122.984985,46.132715],[-122.984972,46.132835],[-122.985025,46.132864],[-122.985164,46.132865]],[[-122.985571,46.129883],[-122.985413,46.129902],[-122.985374,46.129939],[-122.985374,46.130135],[-122.98544,46.130179],[-122.985583,46.130161],[-122.98563,46.130122],[-122.985626,46.129915],[-122.985571,46.129883]],[[-122.987058,46.128457],[-122.987055,46.128234],[-122.987021,46.128194],[-122.986797,46.128185],[-122.986736,46.128161],[-122.986667,46.128185],[-122.986538,46.128185],[-122.986462,46.128162],[-122.986313,46.128194],[-122.986279,46.128275],[-122.986163,46.128299],[-122.986149,46.128455],[-122.986033,46.128479],[-122.986021,46.128592],[-122.986061,46.128629],[-122.986149,46.128635],[-122.986178,46.128713],[-122.986279,46.128725],[-122.986285,46.128782],[-122.986327,46.128811],[-122.986863,46.128814],[-122.986924,46.128772],[-122.986926,46.128635],[-122.987008,46.128631],[-122.98705,46.128602],[-122.98709,46.128503],[-122.987058,46.128457]],[[-122.986796,46.130925],[-122.986736,46.130873],[-122.986551,46.130895],[-122.986517,46.130941],[-122.98655,46.131041],[-122.986607,46.131065],[-122.986761,46.131056],[-122.986795,46.131022],[-122.986796,46.130925]],[[-122.987314,46.132595],[-122.9873,46.132529],[-122.987184,46.132505],[-122.987178,46.132449],[-122.987136,46.132419],[-122.98668,46.132425],[-122.986646,46.132466],[-122.986666,46.132595],[-122.986578,46.132602],[-122.986538,46.132639],[-122.98655,46.132931],[-122.986666,46.132955],[-122.986679,46.133021],[-122.986744,46.133045],[-122.986999,46.133043],[-122.987049,46.133012],[-122.987055,46.132955],[-122.987279,46.132946],[-122.987313,46.132907],[-122.987313,46.132775],[-122.987402,46.132769],[-122.987442,46.132727],[-122.98743,46.132619],[-122.987314,46.132595]],[[-122.987347,46.133728],[-122.987285,46.133598],[-122.987065,46.133596],[-122.987048,46.133529],[-122.986999,46.133498],[-122.986728,46.133496],[-122.986669,46.133534],[-122.986666,46.133627],[-122.986694,46.133663],[-122.987043,46.133664],[-122.98706,46.133732],[-122.987109,46.133763],[-122.987289,46.133782],[-122.987347,46.133728]],[[-122.986928,46.130707],[-122.986871,46.130692],[-122.986813,46.130712],[-122.986796,46.13076],[-122.986823,46.130796],[-122.986886,46.130808],[-122.986945,46.130782],[-122.986959,46.130742],[-122.986928,46.130707]],[[-122.987555,46.131406],[-122.987576,46.131176],[-122.987443,46.131155],[-122.98743,46.131089],[-122.987314,46.131065],[-122.98731,46.131014],[-122.987273,46.130982],[-122.987116,46.130951],[-122.986935,46.131004],[-122.986931,46.131122],[-122.986973,46.131151],[-122.987055,46.131155],[-122.987078,46.13123],[-122.987314,46.131245],[-122.987315,46.131382],[-122.987355,46.131419],[-122.987503,46.131425],[-122.987555,46.131406]],[[-122.989404,46.131561],[-122.989379,46.131369],[-122.989337,46.13134],[-122.989256,46.131336],[-122.989252,46.13127],[-122.989209,46.131236],[-122.988867,46.131245],[-122.988833,46.131165],[-122.988686,46.131156],[-122.988621,46.13118],[-122.988608,46.131245],[-122.988479,46.131245],[-122.988479,46.131066],[-122.988514,46.131023],[-122.988479,46.130975],[-122.988479,46.130886],[-122.98856,46.130881],[-122.988602,46.130852],[-122.988608,46.130664],[-122.988553,46.130618],[-122.98835,46.130615],[-122.98835,46.130527],[-122.988431,46.130521],[-122.988476,46.130487],[-122.988514,46.130393],[-122.988479,46.130345],[-122.988494,46.1302],[-122.988429,46.130166],[-122.987832,46.130165],[-122.987803,46.130088],[-122.987649,46.130052],[-122.987573,46.130075],[-122.987444,46.130075],[-122.987421,46.130001],[-122.987314,46.129985],[-122.987314,46.129895],[-122.987409,46.129886],[-122.987444,46.129805],[-122.987555,46.129786],[-122.987607,46.129662],[-122.987573,46.129625],[-122.987555,46.129465],[-122.987503,46.129446],[-122.987349,46.129454],[-122.987314,46.129535],[-122.987212,46.12954],[-122.987168,46.129575],[-122.987185,46.129805],[-122.987103,46.129809],[-122.987059,46.129844],[-122.987055,46.130117],[-122.98711,46.130163],[-122.987314,46.130165],[-122.987323,46.130497],[-122.987369,46.130523],[-122.987443,46.130525],[-122.987478,46.130606],[-122.987573,46.130615],[-122.987601,46.130693],[-122.987702,46.130705],[-122.987694,46.13113],[-122.987737,46.131153],[-122.987831,46.131155],[-122.987845,46.131221],[-122.987961,46.131246],[-122.987964,46.131297],[-122.988002,46.131329],[-122.98822,46.131336],[-122.988243,46.1315],[-122.988349,46.131516],[-122.988355,46.131572],[-122.988397,46.131601],[-122.988608,46.131606],[-122.988626,46.131676],[-122.988738,46.131696],[-122.988751,46.131762],[-122.988867,46.131786],[-122.988873,46.131842],[-122.988922,46.131873],[-122.989056,46.131875],[-122.989108,46.131856],[-122.989126,46.131606],[-122.989364,46.131599],[-122.989404,46.131561]],[[-122.987437,46.131675],[-122.987462,46.13156],[-122.987429,46.131525],[-122.987239,46.131518],[-122.987188,46.131554],[-122.987188,46.131657],[-122.987239,46.131693],[-122.98739,46.131706],[-122.987437,46.131675]],[[-122.98809,46.133135],[-122.988077,46.133069],[-122.987961,46.133045],[-122.987955,46.132975],[-122.987893,46.132942],[-122.98762,46.13296],[-122.987578,46.132989],[-122.987572,46.133045],[-122.987456,46.133069],[-122.987443,46.133225],[-122.987326,46.133249],[-122.987315,46.133362],[-122.987354,46.133399],[-122.987443,46.133405],[-122.987449,46.133552],[-122.987491,46.133581],[-122.987572,46.133586],[-122.987607,46.133666],[-122.987919,46.133669],[-122.987994,46.133548],[-122.987961,46.133495],[-122.987961,46.133406],[-122.988279,46.133405],[-122.988336,46.133382],[-122.988336,46.13316],[-122.988279,46.133136],[-122.98809,46.133135]],[[-122.98822,46.132145],[-122.988202,46.132075],[-122.98809,46.132055],[-122.988081,46.131994],[-122.988028,46.131967],[-122.987757,46.131968],[-122.987708,46.131999],[-122.987702,46.132055],[-122.98759,46.132075],[-122.987574,46.132372],[-122.987613,46.132409],[-122.987702,46.132417],[-122.987702,46.132505],[-122.9876,46.13251],[-122.987555,46.132545],[-122.987601,46.132673],[-122.98792,46.132679],[-122.987957,46.132647],[-122.987961,46.132596],[-122.988077,46.132571],[-122.98809,46.132506],[-122.988202,46.132486],[-122.98822,46.132416],[-122.988331,46.132396],[-122.988346,46.132184],[-122.988301,46.13215],[-122.98822,46.132145]],[[-122.987958,46.131657],[-122.987978,46.131555],[-122.987934,46.13152],[-122.98777,46.131502],[-122.987708,46.131535],[-122.987704,46.131652],[-122.98775,46.131691],[-122.98792,46.131689],[-122.987958,46.131657]],[[-122.988738,46.129806],[-122.98882,46.129801],[-122.988862,46.129772],[-122.988862,46.129569],[-122.988797,46.129536],[-122.98835,46.129535],[-122.98835,46.129446],[-122.988438,46.129439],[-122.988478,46.129402],[-122.988476,46.129304],[-122.988417,46.129267],[-122.988248,46.129265],[-122.98822,46.129355],[-122.988119,46.129368],[-122.988091,46.129445],[-122.987974,46.129469],[-122.987961,46.129535],[-122.987855,46.129551],[-122.987799,46.129657],[-122.98785,46.129786],[-122.987961,46.129805],[-122.98797,46.129957],[-122.988016,46.129983],[-122.988091,46.129986],[-122.9881,46.130047],[-122.988153,46.130074],[-122.988445,46.130066],[-122.988479,46.129986],[-122.988595,46.129961],[-122.988609,46.129896],[-122.98872,46.129876],[-122.988738,46.129806]],[[-122.98809,46.134125],[-122.988084,46.134069],[-122.988042,46.13404],[-122.987854,46.134051],[-122.987811,46.13425],[-122.987833,46.134289],[-122.988021,46.13433],[-122.988197,46.13429],[-122.988213,46.134159],[-122.988171,46.13413],[-122.98809,46.134125]],[[-122.988868,46.129265],[-122.988886,46.129131],[-122.988854,46.129095],[-122.988671,46.129087],[-122.988618,46.129114],[-122.988575,46.129213],[-122.988622,46.129331],[-122.988738,46.129356],[-122.988747,46.129417],[-122.988801,46.129444],[-122.988942,46.129443],[-122.988996,46.129402],[-122.988991,46.129299],[-122.988949,46.12927],[-122.988868,46.129265]],[[-122.989129,46.129717],[-122.98903,46.129711],[-122.988997,46.129751],[-122.989013,46.129798],[-122.988902,46.129815],[-122.988867,46.129895],[-122.988756,46.129915],[-122.988718,46.13002],[-122.988752,46.130066],[-122.988949,46.130071],[-122.988991,46.130042],[-122.988997,46.129986],[-122.989109,46.129966],[-122.989111,46.129813],[-122.989161,46.129763],[-122.989129,46.129717]],[[-122.989696,46.131426],[-122.98977,46.131387],[-122.989764,46.131274],[-122.989711,46.131247],[-122.989554,46.131239],[-122.989515,46.131281],[-122.989524,46.131397],[-122.989577,46.131425],[-122.989696,46.131426]],[[-122.991304,46.13096],[-122.991344,46.130836],[-122.991299,46.1308],[-122.990994,46.130798],[-122.990944,46.130829],[-122.990938,46.130886],[-122.990822,46.13091],[-122.990809,46.130976],[-122.990578,46.130988],[-122.99055,46.131066],[-122.990434,46.13109],[-122.990421,46.131156],[-122.990196,46.131165],[-122.990162,46.131246],[-122.990061,46.131258],[-122.990032,46.131336],[-122.989937,46.131345],[-122.989903,46.131426],[-122.989828,46.131428],[-122.989782,46.131454],[-122.989739,46.131563],[-122.989786,46.131672],[-122.989843,46.131695],[-122.989998,46.131687],[-122.990032,46.131606],[-122.990149,46.131582],[-122.990162,46.131516],[-122.990273,46.131496],[-122.990291,46.131426],[-122.990515,46.131417],[-122.99055,46.131336],[-122.990666,46.131312],[-122.99068,46.131246],[-122.991033,46.131237],[-122.991067,46.131197],[-122.991068,46.131066],[-122.991163,46.131057],[-122.991197,46.130976],[-122.991304,46.13096]],[[-122.99003,46.130974],[-122.989979,46.130952],[-122.989921,46.130962],[-122.989884,46.131004],[-122.9899,46.131045],[-122.989953,46.131065],[-122.990025,46.131053],[-122.990052,46.131015],[-122.99003,46.130974]],[[-122.990812,46.130775],[-122.990775,46.130625],[-122.990628,46.130616],[-122.990563,46.13064],[-122.99055,46.130706],[-122.990421,46.130706],[-122.990352,46.130682],[-122.990203,46.130712],[-122.990162,46.130754],[-122.990171,46.130947],[-122.990232,46.130975],[-122.990509,46.130969],[-122.990547,46.130937],[-122.99055,46.130886],[-122.990666,46.130862],[-122.99068,46.130796],[-122.990812,46.130775]],[[-122.990481,46.13172],[-122.990631,46.131692],[-122.990674,46.131662],[-122.990657,46.131532],[-122.990602,46.131516],[-122.990314,46.131531],[-122.990291,46.13157],[-122.990314,46.13168],[-122.990481,46.13172]],[[-122.990468,46.132412],[-122.990612,46.132429],[-122.990667,46.132405],[-122.990676,46.132274],[-122.990624,46.132238],[-122.990476,46.132238],[-122.990424,46.132274],[-122.990424,46.132377],[-122.990468,46.132412]],[[-122.992111,46.132301],[-122.992086,46.132076],[-122.992033,46.132056],[-122.991845,46.132056],[-122.991839,46.131999],[-122.991789,46.131968],[-122.991504,46.13197],[-122.991462,46.131999],[-122.991456,46.132056],[-122.991375,46.13206],[-122.99133,46.132094],[-122.99134,46.132302],[-122.991397,46.132326],[-122.991585,46.132326],[-122.991591,46.132382],[-122.991641,46.132413],[-122.991933,46.132409],[-122.991971,46.132377],[-122.991974,46.132326],[-122.992069,46.132323],[-122.992111,46.132301]],[[-122.992233,46.131286],[-122.992173,46.131233],[-122.992009,46.131255],[-122.991974,46.131295],[-122.991987,46.131402],[-122.992143,46.131439],[-122.9922,46.13143],[-122.992231,46.131396],[-122.992233,46.131286]],[[-122.992621,46.131786],[-122.992696,46.131784],[-122.992741,46.131757],[-122.992741,46.131634],[-122.992688,46.131607],[-122.992492,46.131606],[-122.992486,46.131549],[-122.992437,46.131518],[-122.992281,46.13152],[-122.992239,46.131549],[-122.992233,46.131606],[-122.992036,46.131607],[-122.991977,46.131644],[-122.991974,46.131737],[-122.992002,46.131774],[-122.992362,46.131786],[-122.992368,46.131843],[-122.992417,46.131874],[-122.992582,46.131883],[-122.992618,46.131851],[-122.992621,46.131786]]]}},{"type":"Feature","properties":{"id":50,"area_m2":16400,"px":164,"rank":2,"persistent":false},"geometry":{"type":"Polygon","coordinates":[[[-122.961304,46.117559],[-122.961303,46.117829],[-122.96097,46.117832],[-122.960921,46.117863],[-122.960915,46.117919],[-122.960201,46.11792],[-122.960148,46.117947],[-122.960138,46.118009],[-122.959233,46.118009],[-122.959223,46.117947],[-122.95917,46.11792],[-122.958715,46.117918],[-122.958716,46.117198],[-122.959049,46.117196],[-122.959098,46.117165],[-122.959104,46.117109],[-122.959492,46.117109],[-122.959501,46.117183],[-122.959567,46.117213],[-122.960084,46.117197],[-122.960133,46.117166],[-122.960139,46.117109],[-122.960269,46.117109],[-122.96033,46.117133],[-122.960398,46.117109],[-122.960527,46.117109],[-122.960596,46.117133],[-122.960657,46.117109],[-122.960786,46.117109],[-122.960821,46.11719],[-122.961045,46.117199],[-122.961068,46.117273],[-122.961174,46.117289],[-122.961178,46.117521],[-122.961222,46.117555],[-122.961304,46.117559]]]}},{"type":"Feature","properties":{"id":56,"area_m2":10900,"px":109,"rank":3,"persistent":false},"geometry":{"type":"Polygon","coordinates":[[[-122.960919,46.112249],[-122.960919,46.112699],[-122.960812,46.112715],[-122.960789,46.112789],[-122.960694,46.112798],[-122.96066,46.112879],[-122.960548,46.112899],[-122.96053,46.112969],[-122.960272,46.112969],[-122.960249,46.112895],[-122.960142,46.112879],[-122.960141,46.112742],[-122.960087,46.112701],[-122.959931,46.112703],[-122.959889,46.112732],[-122.959883,46.112789],[-122.959754,46.112789],[-122.959731,46.112714],[-122.959625,46.112699],[-122.95964,46.112373],[-122.95959,46.112341],[-122.959496,46.112339],[-122.959496,46.112249],[-122.95953,46.112206],[-122.959496,46.112159],[-122.959511,46.112013],[-122.959461,46.111981],[-122.959366,46.111978],[-122.959367,46.111709],[-122.959462,46.111699],[-122.959496,46.111619],[-122.959612,46.111595],[-122.959626,46.111439],[-122.960014,46.111439],[-122.960031,46.111509],[-122.960143,46.111529],[-122.960178,46.11161],[-122.960272,46.111619],[-122.960301,46.111697],[-122.960531,46.111709],[-122.96054,46.112144],[-122.960599,46.112172],[-122.96079,46.112159],[-122.960812,46.112233],[-122.960919,46.112249]],[[-122.960013,46.112339],[-122.96001,46.112274],[-122.959967,46.11224],[-122.959777,46.112265],[-122.95972,46.112381],[-122.959777,46.112503],[-122.959832,46.112519],[-122.96012,46.112503],[-122.960137,46.112372],[-122.960095,46.112343],[-122.960013,46.112339]]]}},{"type":"Feature","properties":{"id":55,"area_m2":6600,"px":66,"rank":4,"persistent":false},"geometry":{"type":"Polygon","coordinates":[[[-122.958072,46.112788],[-122.958071,46.113058],[-122.95796,46.113078],[-122.957942,46.113238],[-122.957835,46.113254],[-122.957812,46.113328],[-122.957696,46.113352],[-122.957683,46.113418],[-122.957424,46.113418],[-122.957411,46.113352],[-122.957295,46.113328],[-122.95726,46.113247],[-122.957036,46.113238],[-122.957044,46.113083],[-122.957002,46.11306],[-122.956907,46.113058],[-122.956884,46.112983],[-122.956778,46.112968],[-122.956778,46.112878],[-122.956974,46.112877],[-122.957035,46.112834],[-122.957023,46.112722],[-122.956907,46.112698],[-122.956907,46.112428],[-122.957096,46.112427],[-122.957149,46.112408],[-122.957166,46.112158],[-122.957273,46.112142],[-122.957296,46.112068],[-122.957412,46.112044],[-122.957425,46.111978],[-122.957684,46.111978],[-122.957693,46.112129],[-122.957739,46.112156],[-122.957813,46.112158],[-122.957813,46.112338],[-122.957617,46.112339],[-122.95756,46.112371],[-122.957563,46.112579],[-122.957617,46.112607],[-122.957813,46.112608],[-122.957836,46.112682],[-122.957942,46.112698],[-122.957977,46.112779],[-122.958072,46.112788]],[[-122.957809,46.113123],[-122.95783,46.113008],[-122.957778,46.11297],[-122.957425,46.112968],[-122.957396,46.11289],[-122.957242,46.112854],[-122.957184,46.112864],[-122.957136,46.112905],[-122.957179,46.113034],[-122.957295,46.113058],[-122.957296,46.113194],[-122.95735,46.113235],[-122.957519,46.113229],[-122.957554,46.113148],[-122.957773,46.113155],[-122.957809,46.113123]]]}},{"type":"Feature","properties":{"id":9,"area_m2":6400,"px":64,"rank":5,"persistent":false},"geometry":{"type":"Polygon","coordinates":[[[-122.990549,46.133946],[-122.990549,46.134036],[-122.990443,46.134052],[-122.99042,46.134126],[-122.990161,46.134126],[-122.990144,46.134055],[-122.990032,46.134036],[-122.990023,46.133974],[-122.989962,46.133946],[-122.989576,46.133947],[-122.989523,46.133974],[-122.989514,46.134036],[-122.989385,46.134036],[-122.989362,46.133961],[-122.989255,46.133946],[-122.989255,46.133814],[-122.989227,46.133778],[-122.988867,46.133766],[-122.988867,46.133676],[-122.988948,46.133671],[-122.988993,46.133637],[-122.988996,46.133496],[-122.989078,46.133491],[-122.98912,46.133462],[-122.989137,46.133255],[-122.989091,46.133228],[-122.988996,46.133226],[-122.98899,46.133169],[-122.988941,46.133138],[-122.988608,46.133135],[-122.988608,46.133046],[-122.988941,46.133043],[-122.98899,46.133012],[-122.988996,46.132956],[-122.989126,46.132956],[-122.989187,46.13298],[-122.989255,46.132956],[-122.989385,46.132956],[-122.989385,46.133087],[-122.989419,46.133127],[-122.989773,46.133136],[-122.989796,46.13321],[-122.989902,46.133226],[-122.989902,46.133316],[-122.989868,46.133358],[-122.989902,46.133406],[-122.989902,46.133494],[-122.989808,46.133498],[-122.989758,46.13353],[-122.989765,46.133741],[-122.989808,46.133763],[-122.989902,46.133766],[-122.989915,46.133832],[-122.990032,46.133856],[-122.990038,46.133912],[-122.99008,46.133942],[-122.990549,46.133946]]]}},{"type":"Feature","properties":{"id":54,"area_m2":4100,"px":41,"rank":6,"persistent":false},"geometry":{"type":"Polygon","coordinates":[[[-122.959754,46.112879],[-122.959754,46.113149],[-122.959679,46.113151],[-122.959634,46.113177],[-122.959624,46.113329],[-122.959413,46.113333],[-122.959371,46.113362],[-122.959365,46.113418],[-122.959254,46.113438],[-122.959236,46.113598],[-122.959154,46.113603],[-122.95911,46.113637],[-122.959106,46.113778],[-122.959,46.113794],[-122.958975,46.113868],[-122.958847,46.113868],[-122.958842,46.113812],[-122.958792,46.113781],[-122.958589,46.113778],[-122.958589,46.113508],[-122.95869,46.113496],[-122.958718,46.113418],[-122.958819,46.113406],[-122.958848,46.113328],[-122.958949,46.113316],[-122.958977,46.113238],[-122.959072,46.113229],[-122.959107,46.113149],[-122.959219,46.113129],[-122.959236,46.112969],[-122.959454,46.112962],[-122.959492,46.11293],[-122.959495,46.112879],[-122.959754,46.112879]]]}},{"type":"Feature","properties":{"id":33,"area_m2":3900,"px":39,"rank":7,"persistent":false},"geometry":{"type":"Polygon","coordinates":[[[-122.970875,46.127372],[-122.970875,46.127552],[-122.970748,46.127552],[-122.970733,46.127486],[-122.970617,46.127462],[-122.970582,46.127381],[-122.970358,46.127372],[-122.97034,46.127302],[-122.970228,46.127282],[-122.970194,46.127201],[-122.970099,46.127192],[-122.970071,46.127114],[-122.96997,46.127102],[-122.969941,46.127024],[-122.96984,46.127012],[-122.969812,46.126934],[-122.969711,46.126922],[-122.969682,46.126844],[-122.969581,46.126832],[-122.969553,46.126754],[-122.969323,46.126742],[-122.9693,46.126668],[-122.969193,46.126652],[-122.969176,46.126582],[-122.969064,46.126562],[-122.969046,46.126492],[-122.968934,46.126472],[-122.968917,46.126402],[-122.968805,46.126382],[-122.968787,46.126311],[-122.968676,46.126292],[-122.968663,46.126226],[-122.968546,46.126202],[-122.968512,46.126121],[-122.968287,46.126112],[-122.968265,46.126037],[-122.968158,46.126022],[-122.968145,46.125956],[-122.968029,46.125931],[-122.968,46.125854],[-122.967899,46.125841],[-122.967899,46.125662],[-122.968029,46.125662],[-122.968046,46.125732],[-122.968158,46.125752],[-122.968171,46.125818],[-122.968287,46.125842],[-122.968322,46.125923],[-122.968546,46.125932],[-122.968569,46.126006],[-122.968676,46.126022],[-122.968698,46.126186],[-122.968805,46.126202],[-122.968808,46.126253],[-122.968846,46.126285],[-122.969064,46.126292],[-122.969087,46.126366],[-122.969193,46.126382],[-122.969194,46.126513],[-122.969222,46.12655],[-122.969452,46.126562],[-122.969458,46.126619],[-122.969507,46.12665],[-122.969711,46.126652],[-122.969734,46.126726],[-122.96984,46.126742],[-122.969841,46.126873],[-122.969869,46.12691],[-122.970099,46.126922],[-122.970117,46.126992],[-122.970228,46.127012],[-122.970246,46.127082],[-122.970358,46.127102],[-122.970375,46.127172],[-122.970487,46.127192],[-122.9705,46.127258],[-122.970617,46.127282],[-122.970651,46.127363],[-122.970875,46.127372]]]}},{"type":"Feature","properties":{"id":25,"area_m2":3500,"px":35,"rank":8,"persistent":false},"geometry":{"type":"Polygon","coordinates":[[[-122.97644,46.129984],[-122.97644,46.130074],[-122.976334,46.130089],[-122.976311,46.130164],[-122.976181,46.130164],[-122.976164,46.130093],[-122.976052,46.130073],[-122.976018,46.129993],[-122.975923,46.129983],[-122.975894,46.129906],[-122.975793,46.129893],[-122.975765,46.129816],[-122.975664,46.129803],[-122.975635,46.129726],[-122.975534,46.129713],[-122.975506,46.129636],[-122.975405,46.129623],[-122.975382,46.129549],[-122.975146,46.129533],[-122.975123,46.129459],[-122.975017,46.129443],[-122.975004,46.129377],[-122.974887,46.129353],[-122.974859,46.129276],[-122.974758,46.129263],[-122.974752,46.129117],[-122.97471,46.129087],[-122.974629,46.129083],[-122.9746,46.129005],[-122.97424,46.128993],[-122.974217,46.128919],[-122.974111,46.128903],[-122.974111,46.128813],[-122.974146,46.128771],[-122.974111,46.128723],[-122.974111,46.128633],[-122.97424,46.128633],[-122.974263,46.128707],[-122.97437,46.128723],[-122.974392,46.128797],[-122.974499,46.128813],[-122.974517,46.128883],[-122.974628,46.128903],[-122.974663,46.128984],[-122.974758,46.128993],[-122.974786,46.129071],[-122.974887,46.129083],[-122.974916,46.129161],[-122.975017,46.129173],[-122.975045,46.129251],[-122.975146,46.129263],[-122.975175,46.129341],[-122.975276,46.129353],[-122.975304,46.129431],[-122.975534,46.129443],[-122.975552,46.129514],[-122.975664,46.129534],[-122.975698,46.129614],[-122.975793,46.129624],[-122.975822,46.129701],[-122.975923,46.129714],[-122.975951,46.129791],[-122.976181,46.129804],[-122.976204,46.129878],[-122.976311,46.129894],[-122.976345,46.129975],[-122.97644,46.129984]]]}},{"type":"Feature","properties":{"id":7,"area_m2":3100,"px":31,"rank":9,"persistent":false},"geometry":{"type":"Polygon","coordinates":[[[-122.990808,46.134126],[-122.990808,46.134396],[-122.99062,46.134396],[-122.990567,46.134415],[-122.990549,46.134576],[-122.990468,46.13458],[-122.990423,46.134614],[-122.99042,46.134756],[-122.990184,46.134772],[-122.990161,46.134846],[-122.99008,46.13485],[-122.990037,46.134879],[-122.990031,46.135026],[-122.989773,46.135026],[-122.989764,46.134784],[-122.98971,46.134757],[-122.989514,46.134756],[-122.989514,46.134666],[-122.98984,46.134665],[-122.989893,46.134637],[-122.989902,46.134576],[-122.990122,46.134583],[-122.990158,46.134551],[-122.990161,46.134486],[-122.990243,46.134482],[-122.990287,46.134447],[-122.990291,46.134216],[-122.990616,46.134215],[-122.99067,46.134187],[-122.990679,46.134126],[-122.990808,46.134126]]]}},{"type":"Feature","properties":{"id":40,"area_m2":1900,"px":19,"rank":10,"persistent":false},"geometry":{"type":"Polygon","coordinates":[[[-122.979161,46.123144],[-122.979161,46.123234],[-122.978904,46.123234],[-122.978897,46.123177],[-122.978847,46.123146],[-122.978712,46.12312],[-122.978644,46.123144],[-122.978514,46.123144],[-122.978514,46.123013],[-122.97848,46.122973],[-122.978126,46.122964],[-122.978113,46.122898],[-122.977997,46.122874],[-122.977962,46.122793],[-122.977608,46.122784],[-122.977595,46.122718],[-122.977479,46.122694],[-122.977476,46.122642],[-122.977438,46.12261],[-122.977091,46.122604],[-122.977091,46.122514],[-122.977479,46.122514],[-122.977482,46.122565],[-122.97752,46.122597],[-122.977738,46.122604],[-122.977772,46.122685],[-122.977997,46.122694],[-122.978003,46.12275],[-122.978052,46.122782],[-122.978255,46.122784],[-122.978261,46.122841],[-122.978303,46.12287],[-122.978514,46.122874],[-122.97852,46.122931],[-122.978562,46.12296],[-122.978773,46.122964],[-122.978786,46.12303],[-122.978902,46.123054],[-122.978906,46.123106],[-122.978944,46.123138],[-122.979161,46.123144]]]}},{"type":"Feature","properties":{"id":15,"area_m2":1800,"px":18,"rank":11,"persistent":false},"geometry":{"type":"Polygon","coordinates":[[[-122.982524,46.132415],[-122.982524,46.132505],[-122.982429,46.132514],[-122.982394,46.132595],[-122.98232,46.132597],[-122.982274,46.132623],[-122.982265,46.132775],[-122.982158,46.132791],[-122.982135,46.132865],[-122.982019,46.132889],[-122.982006,46.132955],[-122.981617,46.132955],[-122.981617,46.132775],[-122.981835,46.132768],[-122.981873,46.132736],[-122.981876,46.132685],[-122.981971,46.132676],[-122.982006,46.132595],[-122.98208,46.132592],[-122.982126,46.132566],[-122.982135,46.132325],[-122.982265,46.132325],[-122.982271,46.132381],[-122.98232,46.132412],[-122.982524,46.132415]]]}},{"type":"Feature","properties":{"id":27,"area_m2":1500,"px":15,"rank":12,"persistent":false},"geometry":{"type":"Polygon","coordinates":[[[-122.976829,46.129714],[-122.976829,46.129804],[-122.97657,46.129804],[-122.976547,46.129729],[-122.976441,46.129714],[-122.976418,46.129639],[-122.976311,46.129624],[-122.976288,46.129549],[-122.976182,46.129534],[-122.976164,46.129463],[-122.976052,46.129443],[-122.976018,46.129363],[-122.975923,46.129353],[-122.975894,46.129276],[-122.975794,46.129263],[-122.975765,46.129186],[-122.975664,46.129173],[-122.975636,46.129096],[-122.975535,46.129083],[-122.975506,46.129006],[-122.975405,46.128993],[-122.975405,46.128903],[-122.975535,46.128903],[-122.975552,46.128974],[-122.975664,46.128994],[-122.975699,46.129074],[-122.975793,46.129084],[-122.975822,46.129161],[-122.975923,46.129174],[-122.975951,46.129251],[-122.976052,46.129264],[-122.976081,46.129341],[-122.976311,46.129354],[-122.976334,46.129428],[-122.976441,46.129444],[-122.976458,46.129514],[-122.97657,46.129534],[-122.976604,46.129615],[-122.976699,46.129624],[-122.976728,46.129701],[-122.976829,46.129714]]]}},{"type":"Feature","properties":{"id":35,"area_m2":1500,"px":15,"rank":13,"persistent":false},"geometry":{"type":"Polygon","coordinates":[[[-122.983173,46.126205],[-122.983173,46.126385],[-122.983043,46.126385],[-122.983037,46.126328],[-122.982988,46.126297],[-122.982785,46.126295],[-122.982762,46.126221],[-122.982655,46.126205],[-122.982637,46.126134],[-122.982526,46.126115],[-122.982491,46.126034],[-122.982396,46.126025],[-122.982368,46.125947],[-122.982267,46.125935],[-122.982267,46.125845],[-122.982526,46.125845],[-122.982529,46.125896],[-122.982567,46.125928],[-122.982785,46.125935],[-122.982807,46.126009],[-122.982914,46.126025],[-122.982927,46.126091],[-122.983043,46.126115],[-122.983072,46.126192],[-122.983173,46.126205]]]}},{"type":"Feature","properties":{"id":3,"area_m2":1100,"px":11,"rank":14,"persistent":false},"geometry":{"type":"Polygon","coordinates":[[[-122.987831,46.135206],[-122.987831,46.135655],[-122.987613,46.135662],[-122.987575,46.135694],[-122.987572,46.135745],[-122.987455,46.135769],[-122.987442,46.135835],[-122.987313,46.135835],[-122.987313,46.135656],[-122.987414,46.135643],[-122.987442,46.135566],[-122.987537,46.135556],[-122.987572,46.135476],[-122.987684,46.135456],[-122.987701,46.135206],[-122.987831,46.135206]]]}},{"type":"Feature","properties":{"id":28,"area_m2":1100,"px":11,"rank":15,"persistent":false},"geometry":{"type":"Polygon","coordinates":[[[-122.981619,46.129085],[-122.981618,46.129175],[-122.981524,46.129184],[-122.981489,46.129229],[-122.981492,46.129406],[-122.981537,46.12944],[-122.981618,46.129445],[-122.981618,46.129535],[-122.981512,46.12955],[-122.981489,46.129624],[-122.98136,46.129624],[-122.981337,46.12955],[-122.98123,46.129534],[-122.981229,46.129308],[-122.981189,46.129271],[-122.981101,46.129264],[-122.981101,46.129175],[-122.981314,46.129197],[-122.981466,46.129159],[-122.981489,46.129085],[-122.981619,46.129085]]]}},{"type":"Feature","properties":{"id":37,"area_m2":1100,"px":11,"rank":16,"persistent":false},"geometry":{"type":"Polygon","coordinates":[[[-122.966864,46.124941],[-122.966864,46.125121],[-122.966735,46.125121],[-122.966717,46.125051],[-122.966605,46.125031],[-122.966571,46.12495],[-122.966476,46.124941],[-122.966448,46.124863],[-122.966347,46.124851],[-122.966318,46.124773],[-122.966088,46.124761],[-122.966065,46.124687],[-122.965958,46.124671],[-122.965958,46.124581],[-122.966347,46.124581],[-122.966369,46.124745],[-122.966476,46.124761],[-122.966479,46.124813],[-122.966517,46.124845],[-122.966735,46.124851],[-122.966758,46.124925],[-122.966864,46.124941]]]}},{"type":"Feature","properties":{"id":31,"area_m2":1000,"px":10,"rank":17,"persistent":false},"geometry":{"type":"Polygon","coordinates":[[[-122.972169,46.128183],[-122.972169,46.128273],[-122.971911,46.128273],[-122.971893,46.128202],[-122.971781,46.128182],[-122.971747,46.128102],[-122.971652,46.128092],[-122.971623,46.128015],[-122.971522,46.128002],[-122.971494,46.127925],[-122.971264,46.127912],[-122.971264,46.127822],[-122.97137,46.127807],[-122.971393,46.127733],[-122.971522,46.127733],[-122.971545,46.127897],[-122.971652,46.127913],[-122.971658,46.127969],[-122.9717,46.127998],[-122.971911,46.128003],[-122.971933,46.128077],[-122.97204,46.128093],[-122.972075,46.128174],[-122.972169,46.128183]]]}},{"type":"Feature","properties":{"id":58,"area_m2":1000,"px":10,"rank":18,"persistent":false},"geometry":{"type":"Polygon","coordinates":[[[-122.958719,46.111708],[-122.958719,46.111888],[-122.957943,46.111888],[-122.957943,46.111798],[-122.95805,46.111782],[-122.958073,46.111708],[-122.958202,46.111708],[-122.958263,46.111732],[-122.958331,46.111708],[-122.958719,46.111708]]]}},{"type":"Feature","properties":{"id":23,"area_m2":900,"px":9,"rank":19,"persistent":false},"geometry":{"type":"Polygon","coordinates":[[[-122.975663,46.130344],[-122.975663,46.130523],[-122.975534,46.130523],[-122.975511,46.130449],[-122.975405,46.130433],[-122.975387,46.130363],[-122.975275,46.130343],[-122.975241,46.130262],[-122.975146,46.130253],[-122.975117,46.130176],[-122.975016,46.130163],[-122.975016,46.130073],[-122.975275,46.130073],[-122.975298,46.130148],[-122.975405,46.130163],[-122.975418,46.130229],[-122.975534,46.130254],[-122.975562,46.130331],[-122.975663,46.130344]]]}},{"type":"Feature","properties":{"id":44,"area_m2":900,"px":9,"rank":20,"persistent":false},"geometry":{"type":"Polygon","coordinates":[[[-122.963112,46.12215],[-122.963112,46.12224],[-122.962983,46.12224],[-122.96297,46.122174],[-122.962854,46.12215],[-122.962819,46.122069],[-122.962595,46.12206],[-122.962572,46.121986],[-122.962465,46.12197],[-122.962431,46.121889],[-122.962336,46.12188],[-122.962336,46.12179],[-122.962595,46.12179],[-122.962598,46.121841],[-122.962636,46.121873],[-122.962854,46.12188],[-122.962867,46.122036],[-122.962983,46.12206],[-122.963017,46.122141],[-122.963112,46.12215]]]}},{"type":"Feature","properties":{"id":48,"area_m2":800,"px":8,"rank":21,"persistent":false},"geometry":{"type":"Polygon","coordinates":[[[-122.960656,46.118459],[-122.960656,46.118549],[-122.960549,46.118565],[-122.960526,46.118639],[-122.960309,46.118645],[-122.960271,46.118677],[-122.960267,46.118729],[-122.960138,46.118729],[-122.960115,46.118655],[-122.960009,46.118639],[-122.960009,46.118549],[-122.960226,46.118543],[-122.960264,46.118511],[-122.960268,46.118459],[-122.960656,46.118459]]]}},{"type":"Feature","properties":{"id":26,"area_m2":700,"px":7,"rank":22,"persistent":false},"geometry":{"type":"Polygon","coordinates":[[[-122.990291,46.129716],[-122.990291,46.129896],[-122.990086,46.129885],[-122.990038,46.129916],[-122.990032,46.129986],[-122.989903,46.129986],[-122.989903,46.129626],[-122.990162,46.129626],[-122.990185,46.1297],[-122.990291,46.129716]]]}},{"type":"Feature","properties":{"id":43,"area_m2":700,"px":7,"rank":23,"persistent":false},"geometry":{"type":"Polygon","coordinates":[[[-122.96363,46.12224],[-122.96363,46.12242],[-122.963371,46.12242],[-122.963371,46.12233],[-122.963406,46.122282],[-122.963362,46.122179],[-122.963316,46.122152],[-122.963242,46.12215],[-122.963207,46.122069],[-122.963113,46.12206],[-122.963084,46.121982],[-122.962983,46.12197],[-122.962983,46.12188],[-122.963112,46.12188],[-122.963135,46.121954],[-122.963242,46.12197],[-122.96326,46.12204],[-122.963371,46.12206],[-122.963406,46.122141],[-122.963501,46.12215],[-122.963529,46.122228],[-122.96363,46.12224]]]}},{"type":"Feature","properties":{"id":6,"area_m2":600,"px":6,"rank":24,"persistent":false},"geometry":{"type":"Polygon","coordinates":[[[-122.983817,46.135385],[-122.983817,46.135475],[-122.983688,46.135475],[-122.983665,46.135401],[-122.983559,46.135385],[-122.983541,46.135315],[-122.983429,46.135295],[-122.983395,46.135214],[-122.9833,46.135205],[-122.983271,46.135127],[-122.98317,46.135115],[-122.983142,46.135037],[-122.983041,46.135025],[-122.983041,46.134935],[-122.98317,46.134935],[-122.983193,46.135009],[-122.9833,46.135025],[-122.983317,46.135095],[-122.983429,46.135115],[-122.983464,46.135196],[-122.983558,46.135205],[-122.983587,46.135283],[-122.983688,46.135295],[-122.983716,46.135373],[-122.983817,46.135385]]]}},{"type":"Feature","properties":{"id":14,"area_m2":600,"px":6,"rank":25,"persistent":false},"geometry":{"type":"Polygon","coordinates":[[[-122.990938,46.132866],[-122.990938,46.133046],[-122.99055,46.133046],[-122.99055,46.132866],[-122.990938,46.132866]]]}},{"type":"Feature","properties":{"id":20,"area_m2":600,"px":6,"rank":26,"persistent":false},"geometry":{"type":"Polygon","coordinates":[[[-122.981359,46.131065],[-122.981359,46.131154],[-122.9811,46.131154],[-122.981077,46.13108],[-122.980971,46.131064],[-122.980936,46.130984],[-122.980841,46.130974],[-122.980841,46.130885],[-122.9811,46.130885],[-122.981123,46.130959],[-122.98123,46.130975],[-122.981264,46.131055],[-122.981359,46.131065]]]}},{"type":"Feature","properties":{"id":45,"area_m2":600,"px":6,"rank":27,"persistent":false},"geometry":{"type":"Polygon","coordinates":[[[-122.962207,46.12161],[-122.962207,46.1217],[-122.961948,46.1217],[-122.961925,46.121625],[-122.961819,46.121609],[-122.961801,46.121449],[-122.961749,46.12143],[-122.96156,46.121429],[-122.96156,46.12134],[-122.961819,46.12134],[-122.961841,46.121414],[-122.961948,46.12143],[-122.961971,46.121594],[-122.962207,46.12161]]]}},{"type":"Feature","properties":{"id":49,"area_m2":600,"px":6,"rank":28,"persistent":false},"geometry":{"type":"Polygon","coordinates":[[[-122.961044,46.118279],[-122.961044,46.118459],[-122.960915,46.118459],[-122.960911,46.118408],[-122.960874,46.118376],[-122.960656,46.118369],[-122.960656,46.118189],[-122.960915,46.118189],[-122.960938,46.118263],[-122.961044,46.118279]]]}},{"type":"Feature","properties":{"id":51,"area_m2":600,"px":6,"rank":29,"persistent":false},"geometry":{"type":"Polygon","coordinates":[[[-122.958586,46.117018],[-122.958586,46.117198],[-122.958327,46.117198],[-122.958305,46.117124],[-122.958198,46.117108],[-122.958198,46.116928],[-122.958327,46.116928],[-122.958333,46.116985],[-122.958382,46.117016],[-122.958586,46.117018]]]}},{"type":"Feature","properties":{"id":5,"area_m2":500,"px":5,"rank":30,"persistent":false},"geometry":{"type":"Polygon","coordinates":[[[-122.989643,46.135026],[-122.989643,46.135296],[-122.989536,46.135311],[-122.989514,46.135386],[-122.989397,46.13541],[-122.989384,46.135476],[-122.989255,46.135476],[-122.989255,46.135386],[-122.98935,46.135377],[-122.989384,46.135296],[-122.989466,46.135292],[-122.989508,46.135262],[-122.989514,46.135026],[-122.989643,46.135026]]]}},{"type":"Feature","properties":{"id":12,"area_m2":500,"px":5,"rank":31,"persistent":false},"geometry":{"type":"Polygon","coordinates":[[[-122.987831,46.133136],[-122.987831,46.133495],[-122.987702,46.133495],[-122.987679,46.133421],[-122.987572,46.133405],[-122.987572,46.133315],[-122.987647,46.133313],[-122.987692,46.133287],[-122.987702,46.133136],[-122.987831,46.133136]]]}},{"type":"Feature","properties":{"id":29,"area_m2":500,"px":5,"rank":32,"persistent":false},"geometry":{"type":"Polygon","coordinates":[[[-122.989774,46.129266],[-122.989774,46.129356],[-122.989515,46.129356],[-122.989492,46.129281],[-122.989385,46.129265],[-122.989385,46.129086],[-122.989515,46.129086],[-122.989538,46.12916],[-122.989644,46.129176],[-122.989679,46.129256],[-122.989774,46.129266]]]}},{"type":"Feature","properties":{"id":39,"area_m2":500,"px":5,"rank":33,"persistent":false},"geometry":{"type":"Polygon","coordinates":[[[-122.965829,46.124311],[-122.965829,46.124491],[-122.9657,46.124491],[-122.965677,46.124417],[-122.96557,46.124401],[-122.965536,46.12432],[-122.965441,46.124311],[-122.965441,46.124221],[-122.9657,46.124221],[-122.965722,46.124295],[-122.965829,46.124311]]]}},{"type":"Feature","properties":{"id":57,"area_m2":500,"px":5,"rank":34,"persistent":false},"geometry":{"type":"Polygon","coordinates":[[[-122.95846,46.112518],[-122.95846,46.112608],[-122.958242,46.112615],[-122.958205,46.112646],[-122.958201,46.112698],[-122.958072,46.112698],[-122.958049,46.112624],[-122.957943,46.112608],[-122.957943,46.112518],[-122.95846,46.112518]]]}},{"type":"Feature","properties":{"id":4,"area_m2":400,"px":4,"rank":35,"persistent":false},"geometry":{"type":"Polygon","coordinates":[[[-122.984335,46.135655],[-122.984335,46.135745],[-122.984076,46.135745],[-122.984053,46.135671],[-122.983947,46.135655],[-122.983947,46.135565],[-122.984206,46.135565],[-122.984228,46.135639],[-122.984335,46.135655]]]}},{"type":"Feature","properties":{"id":8,"area_m2":400,"px":4,"rank":36,"persistent":false},"geometry":{"type":"Polygon","coordinates":[[[-122.981746,46.134125],[-122.981746,46.134215],[-122.981617,46.134215],[-122.981594,46.13414],[-122.981488,46.134125],[-122.981474,46.134059],[-122.981358,46.134035],[-122.98133,46.133957],[-122.981229,46.133945],[-122.981229,46.133855],[-122.981358,46.133855],[-122.981381,46.133929],[-122.981487,46.133945],[-122.981501,46.134011],[-122.981617,46.134035],[-122.981645,46.134112],[-122.981746,46.134125]]]}},{"type":"Feature","properties":{"id":16,"area_m2":400,"px":4,"rank":37,"persistent":false},"geometry":{"type":"Polygon","coordinates":[[[-122.979805,46.132774],[-122.979805,46.132864],[-122.979698,46.13288],[-122.979675,46.132954],[-122.979546,46.132954],[-122.979546,46.132684],[-122.979676,46.132684],[-122.979698,46.132758],[-122.979805,46.132774]]]}},{"type":"Feature","properties":{"id":21,"area_m2":400,"px":4,"rank":38,"persistent":false},"geometry":{"type":"Polygon","coordinates":[[[-122.976699,46.131064],[-122.976699,46.131154],[-122.976569,46.131154],[-122.976547,46.131079],[-122.97644,46.131064],[-122.976427,46.130998],[-122.976311,46.130974],[-122.976282,46.130896],[-122.976181,46.130884],[-122.976181,46.130794],[-122.97631,46.130794],[-122.976333,46.130868],[-122.97644,46.130884],[-122.976453,46.13095],[-122.976569,46.130974],[-122.976598,46.131051],[-122.976699,46.131064]]]}},{"type":"Feature","properties":{"id":30,"area_m2":400,"px":4,"rank":39,"persistent":false},"geometry":{"type":"Polygon","coordinates":[[[-122.973981,46.128543],[-122.973981,46.128633],[-122.973852,46.128633],[-122.973846,46.128576],[-122.973797,46.128545],[-122.973662,46.128519],[-122.973593,46.128543],[-122.973464,46.128543],[-122.973464,46.128453],[-122.97357,46.128437],[-122.973593,46.128363],[-122.973723,46.128363],[-122.973745,46.128437],[-122.973852,46.128453],[-122.973887,46.128534],[-122.973981,46.128543]]]}},{"type":"Feature","properties":{"id":42,"area_m2":400,"px":4,"rank":40,"persistent":false},"geometry":{"type":"Polygon","coordinates":[[[-122.976702,46.122244],[-122.976702,46.122424],[-122.976573,46.122423],[-122.97655,46.122349],[-122.976444,46.122333],[-122.976409,46.122253],[-122.976314,46.122243],[-122.976314,46.122154],[-122.976444,46.122154],[-122.97645,46.12221],[-122.976499,46.122241],[-122.976702,46.122244]]]}},{"type":"Feature","properties":{"id":46,"area_m2":400,"px":4,"rank":41,"persistent":false},"geometry":{"type":"Polygon","coordinates":[[[-122.969973,46.120892],[-122.969973,46.121072],[-122.969866,46.121088],[-122.969843,46.121162],[-122.969727,46.121186],[-122.969714,46.121252],[-122.969584,46.121252],[-122.969585,46.121162],[-122.969679,46.121153],[-122.969714,46.121072],[-122.969788,46.12107],[-122.969834,46.121043],[-122.969844,46.120892],[-122.969973,46.120892]]]}},{"type":"Feature","properties":{"id":47,"area_m2":400,"px":4,"rank":42,"persistent":false},"geometry":{"type":"Polygon","coordinates":[[[-122.96182,46.11891],[-122.96182,46.119089],[-122.961561,46.119089],[-122.961562,46.118909],[-122.96182,46.11891]]]}},{"type":"Feature","properties":{"id":2,"area_m2":300,"px":3,"rank":43,"persistent":false},"geometry":{"type":"Polygon","coordinates":[[[-122.985241,46.136105],[-122.985241,46.136195],[-122.985134,46.136211],[-122.985112,46.136285],[-122.984982,46.136285],[-122.984982,46.136105],[-122.985241,46.136105]]]}},{"type":"Feature","properties":{"id":10,"area_m2":300,"px":3,"rank":44,"persistent":false},"geometry":{"type":"Polygon","coordinates":[[[-122.981099,46.133675],[-122.981099,46.133764],[-122.98084,46.133764],[-122.98084,46.133585],[-122.98097,46.133585],[-122.980993,46.133659],[-122.981099,46.133675]]]}},{"type":"Feature","properties":{"id":11,"area_m2":300,"px":3,"rank":45,"persistent":false},"geometry":{"type":"Polygon","coordinates":[[[-122.992491,46.133316],[-122.992491,46.133406],[-122.992385,46.133422],[-122.992362,46.133496],[-122.992246,46.13352],[-122.992232,46.133586],[-122.992103,46.133586],[-122.992103,46.133496],[-122.99221,46.13348],[-122.992233,46.133406],[-122.992349,46.133382],[-122.992362,46.133316],[-122.992491,46.133316]]]}},{"type":"Feature","properties":{"id":13,"area_m2":300,"px":3,"rank":46,"persistent":false},"geometry":{"type":"Polygon","coordinates":[[[-122.990938,46.133226],[-122.990938,46.133316],[-122.990809,46.133316],[-122.990805,46.133264],[-122.990768,46.133232],[-122.99055,46.133226],[-122.99055,46.133136],[-122.990809,46.133136],[-122.990831,46.13321],[-122.990938,46.133226]]]}},{"type":"Feature","properties":{"id":17,"area_m2":300,"px":3,"rank":47,"persistent":false},"geometry":{"type":"Polygon","coordinates":[[[-122.98343,46.132505],[-122.98343,46.132595],[-122.983323,46.132611],[-122.9833,46.132685],[-122.983171,46.132685],[-122.983171,46.132505],[-122.98343,46.132505]]]}},{"type":"Feature","properties":{"id":18,"area_m2":300,"px":3,"rank":48,"persistent":false},"geometry":{"type":"Polygon","coordinates":[[[-122.979029,46.131604],[-122.979029,46.131874],[-122.978899,46.131874],[-122.978899,46.131604],[-122.979029,46.131604]]]}},{"type":"Feature","properties":{"id":19,"area_m2":300,"px":3,"rank":49,"persistent":false},"geometry":{"type":"Polygon","coordinates":[[[-122.984077,46.131335],[-122.984077,46.131425],[-122.983874,46.131427],[-122.983824,46.131458],[-122.983818,46.131515],[-122.983689,46.131515],[-122.983689,46.131425],[-122.983796,46.131409],[-122.983819,46.131335],[-122.984077,46.131335]]]}},{"type":"Feature","properties":{"id":22,"area_m2":300,"px":3,"rank":50,"persistent":false},"geometry":{"type":"Polygon","coordinates":[[[-122.9811,46.130345],[-122.9811,46.130434],[-122.980897,46.130437],[-122.980847,46.130468],[-122.980841,46.130524],[-122.980712,46.130524],[-122.980712,46.130435],[-122.980819,46.130419],[-122.980842,46.130345],[-122.9811,46.130345]]]}},{"type":"Feature","properties":{"id":24,"area_m2":300,"px":3,"rank":51,"persistent":false},"geometry":{"type":"Polygon","coordinates":[[[-122.982136,46.130075],[-122.982136,46.130255],[-122.982007,46.130255],[-122.981984,46.13018],[-122.981877,46.130165],[-122.981877,46.130075],[-122.982136,46.130075]]]}},{"type":"Feature","properties":{"id":32,"area_m2":300,"px":3,"rank":52,"persistent":false},"geometry":{"type":"Polygon","coordinates":[[[-122.988221,46.127915],[-122.98822,46.128095],[-122.987962,46.128095],[-122.987962,46.128005],[-122.988068,46.12799],[-122.988091,46.127915],[-122.988221,46.127915]]]}},{"type":"Feature","properties":{"id":34,"area_m2":300,"px":3,"rank":53,"persistent":false},"geometry":{"type":"Polygon","coordinates":[[[-122.976312,46.127014],[-122.976312,46.127104],[-122.976183,46.127103],[-122.97616,46.127029],[-122.976053,46.127013],[-122.976019,46.126933],[-122.975924,46.126923],[-122.975924,46.126834],[-122.976053,46.126834],[-122.976076,46.126908],[-122.976183,46.126924],[-122.976217,46.127004],[-122.976312,46.127014]]]}},{"type":"Feature","properties":{"id":36,"area_m2":300,"px":3,"rank":54,"persistent":false},"geometry":{"type":"Polygon","coordinates":[[[-122.967511,46.125391],[-122.967511,46.125481],[-122.967252,46.125481],[-122.967229,46.125407],[-122.967123,46.125391],[-122.967123,46.125301],[-122.967252,46.125301],[-122.967258,46.125358],[-122.967307,46.125389],[-122.967511,46.125391]]]}},{"type":"Feature","properties":{"id":38,"area_m2":300,"px":3,"rank":55,"persistent":false},"geometry":{"type":"Polygon","coordinates":[[[-122.970359,46.124852],[-122.970359,46.124942],[-122.9701,46.124942],[-122.9701,46.124762],[-122.97023,46.124762],[-122.970252,46.124836],[-122.970359,46.124852]]]}},{"type":"Feature","properties":{"id":41,"area_m2":300,"px":3,"rank":56,"persistent":false},"geometry":{"type":"Polygon","coordinates":[[[-122.977091,46.122694],[-122.977091,46.122784],[-122.976702,46.122784],[-122.976702,46.122694],[-122.977091,46.122694]]]}},{"type":"Feature","properties":{"id":52,"area_m2":300,"px":3,"rank":57,"persistent":false},"geometry":{"type":"Polygon","coordinates":[[[-122.967775,46.116931],[-122.967775,46.117021],[-122.967571,46.117024],[-122.967522,46.117055],[-122.967516,46.117111],[-122.967387,46.117111],[-122.967387,46.117021],[-122.967493,46.117005],[-122.967516,46.116931],[-122.967775,46.116931]]]}},{"type":"Feature","properties":{"id":53,"area_m2":300,"px":3,"rank":58,"persistent":false},"geometry":{"type":"Polygon","coordinates":[[[-122.963635,46.11396],[-122.963635,46.11405],[-122.963529,46.114066],[-122.963506,46.11414],[-122.96339,46.114164],[-122.963376,46.11423],[-122.963247,46.11423],[-122.963247,46.11414],[-122.963354,46.114124],[-122.963377,46.11405],[-122.963493,46.114026],[-122.963506,46.11396],[-122.963635,46.11396]]]}}]}