{"type":"FeatureCollection","features":[{"type":"Feature","properties":{"id":147,"area_m2":61700,"px":617,"rank":1,"persistent":false},"geometry":{"type":"Polygon","coordinates":[[[-122.97295,46.120893],[-122.97295,46.120983],[-122.972822,46.120983],[-122.972814,46.120926],[-122.972765,46.120895],[-122.97263,46.120869],[-122.972561,46.120893],[-122.972432,46.120893],[-122.972426,46.120656],[-122.97237,46.120624],[-122.972173,46.120622],[-122.972173,46.120491],[-122.972145,46.120455],[-122.971915,46.120442],[-122.971853,46.120418],[-122.971785,46.120442],[-122.971656,46.120442],[-122.971633,46.120368],[-122.971526,46.120352],[-122.971492,46.120271],[-122.971397,46.120262],[-122.971397,46.120172],[-122.971432,46.120125],[-122.971374,46.120008],[-122.971207,46.119968],[-122.971138,46.119992],[-122.971009,46.119992],[-122.971009,46.119902],[-122.971044,46.119854],[-122.970996,46.119746],[-122.97088,46.119722],[-122.970874,46.119666],[-122.970832,46.119636],[-122.970621,46.119632],[-122.970608,46.119566],[-122.970491,46.119542],[-122.970457,46.119461],[-122.970301,46.119428],[-122.970232,46.119452],[-122.970103,46.119452],[-122.970103,46.119362],[-122.970138,46.119314],[-122.970086,46.119202],[-122.969974,46.119182],[-122.969961,46.119116],[-122.969845,46.119092],[-122.969841,46.11904],[-122.969803,46.119008],[-122.969456,46.119002],[-122.969434,46.118928],[-122.969327,46.118912],[-122.969321,46.118765],[-122.969279,46.118736],[-122.969198,46.118732],[-122.969163,46.118651],[-122.969068,46.118642],[-122.969055,46.118486],[-122.968939,46.118462],[-122.968904,46.118381],[-122.96881,46.118372],[-122.968781,46.118294],[-122.96868,46.118282],[-122.968652,46.118204],[-122.968551,46.118191],[-122.968522,46.118114],[-122.968347,46.118104],[-122.968298,46.118135],[-122.968292,46.118191],[-122.968163,46.118191],[-122.968163,46.118101],[-122.968196,46.118048],[-122.968131,46.117992],[-122.967906,46.118011],[-122.967835,46.117987],[-122.967774,46.118011],[-122.967645,46.118011],[-122.967645,46.117921],[-122.967733,46.117915],[-122.967773,46.117878],[-122.967762,46.117495],[-122.967645,46.117471],[-122.967611,46.11739],[-122.967516,46.117381],[-122.967487,46.117303],[-122.967387,46.117291],[-122.967358,46.117213],[-122.967257,46.117201],[-122.967229,46.117123],[-122.967128,46.117111],[-122.967099,46.117033],[-122.966998,46.117021],[-122.966976,46.116947],[-122.966869,46.116931],[-122.966846,46.116857],[-122.96674,46.116841],[-122.966711,46.116763],[-122.966481,46.116751],[-122.966458,46.116677],[-122.966352,46.116661],[-122.966317,46.11658],[-122.966222,46.116571],[-122.966221,46.116434],[-122.966174,46.116395],[-122.965875,46.116397],[-122.965837,46.116429],[-122.965834,46.116481],[-122.965718,46.116505],[-122.965704,46.116571],[-122.965593,46.11659],[-122.965575,46.116751],[-122.96548,46.11676],[-122.965445,46.116841],[-122.965364,46.116845],[-122.965322,46.116874],[-122.965316,46.117111],[-122.964928,46.11711],[-122.964927,46.116979],[-122.964893,46.11694],[-122.964737,46.116906],[-122.964669,46.11693],[-122.96454,46.11693],[-122.96453,46.116689],[-122.964485,46.116663],[-122.96441,46.11666],[-122.964376,46.116579],[-122.96422,46.116546],[-122.964014,46.116595],[-122.964022,46.11675],[-122.963833,46.11675],[-122.963781,46.11677],[-122.963763,46.11702],[-122.963654,46.117027],[-122.963614,46.117081],[-122.963643,46.117172],[-122.963696,46.117199],[-122.963858,46.117191],[-122.963892,46.11711],[-122.964149,46.11711],[-122.964157,46.117167],[-122.964206,46.117198],[-122.964341,46.117224],[-122.96441,46.1172],[-122.964539,46.1172],[-122.964539,46.11747],[-122.964427,46.11749],[-122.964376,46.117597],[-122.964432,46.117725],[-122.964798,46.117741],[-122.964799,46.117877],[-122.964846,46.117916],[-122.965186,46.117921],[-122.965203,46.118081],[-122.965315,46.118101],[-122.965333,46.118171],[-122.965445,46.118191],[-122.965462,46.118261],[-122.965574,46.118281],[-122.965592,46.118351],[-122.965703,46.118371],[-122.965716,46.118437],[-122.965833,46.118461],[-122.965836,46.118512],[-122.965874,46.118544],[-122.966158,46.11855],[-122.966212,46.118522],[-122.966221,46.118461],[-122.96648,46.118461],[-122.966483,46.118513],[-122.966521,46.118545],[-122.966739,46.118551],[-122.966738,46.118641],[-122.966528,46.118645],[-122.966486,46.118674],[-122.96648,46.118731],[-122.966363,46.118755],[-122.96635,46.118821],[-122.966161,46.118821],[-122.966109,46.118841],[-122.966059,46.118969],[-122.966114,46.119075],[-122.966221,46.119091],[-122.966221,46.11918],[-122.966091,46.119181],[-122.966068,46.119107],[-122.965962,46.119091],[-122.965927,46.11901],[-122.965832,46.119001],[-122.96581,46.118837],[-122.965703,46.118821],[-122.965697,46.118764],[-122.965655,46.118735],[-122.965444,46.118731],[-122.965427,46.11866],[-122.965315,46.118641],[-122.965302,46.118575],[-122.965186,46.118551],[-122.965182,46.118499],[-122.965145,46.118467],[-122.964961,46.11847],[-122.964927,46.11855],[-122.96481,46.118574],[-122.964797,46.11864],[-122.964538,46.11864],[-122.964535,46.118589],[-122.964497,46.118557],[-122.96428,46.11855],[-122.964282,46.11846],[-122.964538,46.11846],[-122.964548,46.118522],[-122.964601,46.118549],[-122.964775,46.118535],[-122.964797,46.118496],[-122.964784,46.118214],[-122.964668,46.11819],[-122.964662,46.118134],[-122.96462,46.118105],[-122.964409,46.1181],[-122.964392,46.11803],[-122.96428,46.11801],[-122.964262,46.11794],[-122.964151,46.11792],[-122.964133,46.11785],[-122.964021,46.11783],[-122.964004,46.11776],[-122.963892,46.11774],[-122.963879,46.117674],[-122.963763,46.11765],[-122.963728,46.117569],[-122.963504,46.11756],[-122.963481,46.117486],[-122.963374,46.11747],[-122.963357,46.1174],[-122.963245,46.11738],[-122.963211,46.117299],[-122.963116,46.11729],[-122.963087,46.117212],[-122.962986,46.1172],[-122.962958,46.117122],[-122.962857,46.11711],[-122.962829,46.117032],[-122.962728,46.11702],[-122.962722,46.116873],[-122.96268,46.116844],[-122.962598,46.11684],[-122.962576,46.116752],[-122.962523,46.116736],[-122.96234,46.11675],[-122.962317,46.116585],[-122.96221,46.11657],[-122.962197,46.116504],[-122.962081,46.116479],[-122.962078,46.116428],[-122.96204,46.116396],[-122.961822,46.116389],[-122.961822,46.1163],[-122.961904,46.116295],[-122.961948,46.116261],[-122.961946,46.116063],[-122.961904,46.116034],[-122.961769,46.116006],[-122.961693,46.116029],[-122.961564,46.116029],[-122.961541,46.115955],[-122.961434,46.115939],[-122.961434,46.115669],[-122.961564,46.115669],[-122.961565,46.11582],[-122.961631,46.115863],[-122.961904,46.115845],[-122.961946,46.115816],[-122.961952,46.11576],[-122.96234,46.11576],[-122.96234,46.11585],[-122.962144,46.115851],[-122.96209,46.115878],[-122.962082,46.116071],[-122.962122,46.116113],[-122.96221,46.11612],[-122.962239,46.116197],[-122.96234,46.11621],[-122.962346,46.116266],[-122.962388,46.116296],[-122.96268,46.116296],[-122.962722,46.116266],[-122.962728,46.11621],[-122.962844,46.116186],[-122.962858,46.11612],[-122.962985,46.11612],[-122.962988,46.11627],[-122.963033,46.116309],[-122.963564,46.1163],[-122.963631,46.116262],[-122.963634,46.11612],[-122.963716,46.116116],[-122.963758,46.116087],[-122.963746,46.11596],[-122.963634,46.11594],[-122.963628,46.115883],[-122.963579,46.115852],[-122.963246,46.11585],[-122.963228,46.11578],[-122.963117,46.11576],[-122.963082,46.115679],[-122.962987,46.11567],[-122.962959,46.115592],[-122.962858,46.11558],[-122.96283,46.115502],[-122.962729,46.11549],[-122.9627,46.115412],[-122.96247,46.1154],[-122.96247,46.11531],[-122.962729,46.11531],[-122.962735,46.115366],[-122.962777,46.115396],[-122.962987,46.1154],[-122.963071,46.115422],[-122.963212,46.115391],[-122.963246,46.11531],[-122.963363,46.115286],[-122.963376,46.11513],[-122.963505,46.11513],[-122.963518,46.115196],[-122.963635,46.11522],[-122.963641,46.115277],[-122.963683,46.115306],[-122.964023,46.11531],[-122.964026,46.115362],[-122.964064,46.115394],[-122.964411,46.1154],[-122.96442,46.115462],[-122.964473,46.115489],[-122.964799,46.11549],[-122.964803,46.115542],[-122.96484,46.115574],[-122.965058,46.115581],[-122.965061,46.115632],[-122.965099,46.115664],[-122.965317,46.115671],[-122.965351,46.115751],[-122.965498,46.115761],[-122.965562,46.115737],[-122.965576,46.115671],[-122.965657,46.115667],[-122.965699,46.115637],[-122.965705,46.115449],[-122.965664,46.115407],[-122.965576,46.115401],[-122.965547,46.115323],[-122.965447,46.115311],[-122.965447,46.115131],[-122.965576,46.115131],[-122.965582,46.115187],[-122.965631,46.115218],[-122.965835,46.115221],[-122.965857,46.115295],[-122.965964,46.115311],[-122.965999,46.115392],[-122.966093,46.115401],[-122.966093,46.115671],[-122.965874,46.115664],[-122.965838,46.115696],[-122.965815,46.115789],[-122.965855,46.115844],[-122.965964,46.115851],[-122.965964,46.116031],[-122.965929,46.116073],[-122.965949,46.116112],[-122.966025,46.116145],[-122.966093,46.116121],[-122.966222,46.116121],[-122.966226,46.116173],[-122.966263,46.116204],[-122.966481,46.116211],[-122.966499,46.116461],[-122.966551,46.116481],[-122.96674,46.116481],[-122.966763,46.116555],[-122.966869,46.116571],[-122.966882,46.116637],[-122.966998,46.116661],[-122.967027,46.116739],[-122.967128,46.116751],[-122.967134,46.116898],[-122.967176,46.116927],[-122.967257,46.116931],[-122.967286,46.117009],[-122.967516,46.117021],[-122.967519,46.117163],[-122.967564,46.117197],[-122.967645,46.117201],[-122.967668,46.117365],[-122.967904,46.117381],[-122.967926,46.117649],[-122.967979,46.117665],[-122.968163,46.117651],[-122.968166,46.117703],[-122.968204,46.117735],[-122.968421,46.117742],[-122.968444,46.117906],[-122.96868,46.117922],[-122.968684,46.118063],[-122.968728,46.118097],[-122.96881,46.118102],[-122.96881,46.118233],[-122.968844,46.118273],[-122.969198,46.118282],[-122.969198,46.118588],[-122.96922,46.118626],[-122.969456,46.118642],[-122.969474,46.118712],[-122.969586,46.118732],[-122.969599,46.118798],[-122.969715,46.118822],[-122.969718,46.118874],[-122.969756,46.118906],[-122.969974,46.118912],[-122.969997,46.118986],[-122.970103,46.119002],[-122.970126,46.119076],[-122.970233,46.119092],[-122.970255,46.119166],[-122.970362,46.119182],[-122.970385,46.119256],[-122.970491,46.119272],[-122.970514,46.119346],[-122.970621,46.119362],[-122.970638,46.119432],[-122.97075,46.119452],[-122.970785,46.119533],[-122.970879,46.119542],[-122.970908,46.11962],[-122.971009,46.119632],[-122.971037,46.11971],[-122.971138,46.119722],[-122.971167,46.1198],[-122.971268,46.119812],[-122.971296,46.11989],[-122.971397,46.119902],[-122.971425,46.11998],[-122.971785,46.119992],[-122.971803,46.120153],[-122.971915,46.120173],[-122.971949,46.120253],[-122.972044,46.120263],[-122.972072,46.12034],[-122.972173,46.120353],[-122.972202,46.12043],[-122.972303,46.120443],[-122.972331,46.12052],[-122.972432,46.120533],[-122.972461,46.12061],[-122.972561,46.120623],[-122.97259,46.1207],[-122.972691,46.120713],[-122.972714,46.120787],[-122.97282,46.120803],[-122.972843,46.120877],[-122.97295,46.120893]],[[-122.963945,46.11594],[-122.964019,46.115902],[-122.964009,46.115784],[-122.963953,46.11576],[-122.963778,46.11577],[-122.963744,46.115816],[-122.963777,46.115916],[-122.963826,46.115939],[-122.963945,46.11594]],[[-122.963804,46.116564],[-122.963954,46.116584],[-122.964009,46.116559],[-122.964021,46.116434],[-122.963974,46.116394],[-122.963824,46.116378],[-122.963767,46.116415],[-122.963765,46.116527],[-122.963804,46.116564]],[[-122.964146,46.115637],[-122.964171,46.115535],[-122.964138,46.1155],[-122.963948,46.115492],[-122.963897,46.115528],[-122.963897,46.115632],[-122.963948,46.115668],[-122.964097,46.115668],[-122.964146,46.115637]],[[-122.965109,46.116841],[-122.965185,46.116797],[-122.965183,46.116609],[-122.965132,46.116573],[-122.964983,46.116573],[-122.964934,46.116604],[-122.964928,46.11666],[-122.964833,46.116663],[-122.964787,46.11669],[-122.964802,46.116802],[-122.964861,46.116839],[-122.965109,46.116841]]]}},{"type":"Feature","properties":{"id":97,"area_m2":33600,"px":336,"rank":2,"persistent":false},"geometry":{"type":"Polygon","coordinates":[[[-122.972689,46.125303],[-122.972689,46.125393],[-122.972559,46.125393],[-122.972531,46.125315],[-122.9723,46.125303],[-122.972297,46.125251],[-122.972259,46.125219],[-122.97207,46.125225],[-122.972042,46.125261],[-122.972041,46.125393],[-122.971935,46.125408],[-122.971912,46.125482],[-122.971811,46.125495],[-122.971782,46.125572],[-122.971681,46.125585],[-122.971653,46.125662],[-122.971552,46.125675],[-122.971523,46.125752],[-122.971422,46.125765],[-122.971394,46.125842],[-122.971299,46.125851],[-122.971264,46.125932],[-122.971148,46.125956],[-122.971135,46.126112],[-122.97104,46.126121],[-122.971005,46.126202],[-122.970924,46.126206],[-122.970882,46.126236],[-122.970876,46.126382],[-122.970769,46.126398],[-122.970746,46.126472],[-122.970652,46.126481],[-122.970617,46.126562],[-122.970505,46.126582],[-122.970487,46.126652],[-122.970358,46.126652],[-122.970358,46.126562],[-122.970474,46.126538],[-122.970505,46.126422],[-122.970445,46.126383],[-122.970229,46.126382],[-122.970229,46.126292],[-122.970597,46.126286],[-122.970637,46.126242],[-122.970617,46.126022],[-122.970747,46.126022],[-122.970823,46.126046],[-122.970965,46.126016],[-122.971004,46.125979],[-122.970997,46.125781],[-122.970951,46.125755],[-122.970876,46.125752],[-122.970842,46.125671],[-122.970747,46.125661],[-122.970747,46.125572],[-122.970782,46.12553],[-122.970747,46.125481],[-122.970747,46.125212],[-122.970782,46.12517],[-122.970747,46.125122],[-122.970747,46.125032],[-122.970842,46.125023],[-122.970877,46.124942],[-122.970951,46.12494],[-122.970997,46.124914],[-122.971041,46.124805],[-122.970989,46.124692],[-122.970877,46.124672],[-122.970871,46.124616],[-122.970829,46.124586],[-122.970653,46.124591],[-122.970618,46.124631],[-122.970618,46.124762],[-122.970382,46.124778],[-122.970359,46.124942],[-122.970252,46.124958],[-122.970229,46.125032],[-122.969645,46.125033],[-122.969591,46.12506],[-122.969582,46.125122],[-122.969464,46.125133],[-122.969418,46.125041],[-122.969277,46.125018],[-122.969221,46.125031],[-122.969194,46.125072],[-122.969217,46.125196],[-122.969272,46.125212],[-122.969442,46.125201],[-122.969475,46.125286],[-122.969582,46.125302],[-122.969582,46.125392],[-122.969501,46.125396],[-122.969456,46.12543],[-122.969451,46.125572],[-122.969323,46.125572],[-122.969306,46.125412],[-122.969194,46.125392],[-122.969159,46.125311],[-122.969065,46.125302],[-122.969036,46.125224],[-122.968935,46.125212],[-122.968907,46.125134],[-122.968806,46.125122],[-122.968777,46.125044],[-122.968676,46.125032],[-122.968648,46.124954],[-122.968418,46.124942],[-122.968395,46.124867],[-122.968288,46.124852],[-122.968254,46.124771],[-122.968159,46.124761],[-122.968159,46.124672],[-122.968371,46.124681],[-122.968414,46.124647],[-122.96842,46.124582],[-122.968806,46.124582],[-122.968809,46.124633],[-122.968847,46.124665],[-122.969065,46.124672],[-122.969068,46.124723],[-122.969106,46.124755],[-122.969276,46.124758],[-122.969318,46.124729],[-122.969358,46.124629],[-122.969324,46.124582],[-122.969324,46.124402],[-122.969453,46.124402],[-122.969529,46.124425],[-122.969664,46.124398],[-122.969706,46.124369],[-122.969709,46.12408],[-122.969664,46.124046],[-122.969583,46.124041],[-122.969583,46.123952],[-122.969685,46.123948],[-122.96973,46.123912],[-122.969678,46.123781],[-122.969507,46.123761],[-122.969459,46.123792],[-122.969453,46.123862],[-122.969223,46.123874],[-122.969195,46.123911],[-122.969194,46.124042],[-122.968936,46.124042],[-122.968936,46.123952],[-122.969017,46.123948],[-122.969062,46.123913],[-122.969064,46.123725],[-122.969003,46.123683],[-122.968807,46.123682],[-122.968807,46.123592],[-122.968923,46.123568],[-122.968936,46.123412],[-122.969018,46.123408],[-122.969062,46.123373],[-122.969066,46.123232],[-122.969147,46.123228],[-122.969189,46.123198],[-122.969195,46.122962],[-122.969325,46.122962],[-122.969386,46.122986],[-122.969454,46.122962],[-122.969583,46.122962],[-122.969587,46.123014],[-122.969624,46.123046],[-122.969774,46.123076],[-122.969842,46.123052],[-122.969972,46.123052],[-122.97,46.12313],[-122.97023,46.123142],[-122.970236,46.123199],[-122.970278,46.123228],[-122.970619,46.123232],[-122.970641,46.123306],[-122.970748,46.123322],[-122.970748,46.123454],[-122.970783,46.123493],[-122.971007,46.123502],[-122.971013,46.123559],[-122.971062,46.12359],[-122.971266,46.123592],[-122.971272,46.123649],[-122.971314,46.123678],[-122.971524,46.123682],[-122.971528,46.123748],[-122.971571,46.123782],[-122.971783,46.123773],[-122.971772,46.123923],[-122.971818,46.12395],[-122.971913,46.123953],[-122.971926,46.124199],[-122.971983,46.124222],[-122.972171,46.124223],[-122.972175,46.124454],[-122.972219,46.124488],[-122.972301,46.124493],[-122.972328,46.124584],[-122.97256,46.124583],[-122.972559,46.124673],[-122.972443,46.124697],[-122.97243,46.124804],[-122.972471,46.124846],[-122.972559,46.124853],[-122.972559,46.124943],[-122.972525,46.124985],[-122.972559,46.125033],[-122.972559,46.125123],[-122.972525,46.12517],[-122.972565,46.125269],[-122.972607,46.125299],[-122.972689,46.125303]],[[-122.968595,46.124848],[-122.968738,46.124865],[-122.968793,46.124841],[-122.968803,46.12471],[-122.968751,46.124674],[-122.968602,46.124674],[-122.96855,46.12471],[-122.96855,46.124813],[-122.968595,46.124848]],[[-122.969472,46.123727],[-122.969448,46.123625],[-122.969399,46.123594],[-122.96925,46.123594],[-122.969198,46.12363],[-122.969198,46.123733],[-122.96925,46.12377],[-122.96944,46.123762],[-122.969472,46.123727]],[[-122.969962,46.124913],[-122.96999,46.124807],[-122.96995,46.124769],[-122.969723,46.124773],[-122.969677,46.124681],[-122.969523,46.124672],[-122.969462,46.1247],[-122.969453,46.124762],[-122.969337,46.124786],[-122.969324,46.124893],[-122.969379,46.12494],[-122.96952,46.124941],[-122.969573,46.124913],[-122.969583,46.124852],[-122.969701,46.124841],[-122.969746,46.124933],[-122.969901,46.124942],[-122.969962,46.124913]],[[-122.970686,46.123593],[-122.9705,46.123603],[-122.970455,46.123511],[-122.97036,46.123502],[-122.970356,46.12345],[-122.970319,46.123418],[-122.970101,46.123412],[-122.97012,46.123277],[-122.970059,46.123233],[-122.969842,46.123232],[-122.969774,46.123208],[-122.969624,46.123238],[-122.969585,46.123275],[-122.969583,46.123412],[-122.969481,46.123416],[-122.969435,46.123457],[-122.969471,46.123572],[-122.969583,46.123592],[-122.969601,46.123662],[-122.969712,46.123682],[-122.969722,46.123743],[-122.969775,46.123771],[-122.969943,46.12376],[-122.969971,46.123682],[-122.970088,46.123658],[-122.970103,46.123592],[-122.97023,46.123592],[-122.970236,46.123662],[-122.970283,46.123693],[-122.970478,46.123671],[-122.970495,46.123739],[-122.970537,46.123768],[-122.970713,46.123763],[-122.970748,46.123724],[-122.970735,46.123616],[-122.970686,46.123593]],[[-122.970362,46.124404],[-122.970379,46.124273],[-122.970352,46.124235],[-122.970169,46.124198],[-122.970026,46.124224],[-122.969977,46.124255],[-122.969971,46.124312],[-122.969855,46.124336],[-122.969841,46.124402],[-122.969725,46.124426],[-122.969695,46.124542],[-122.969739,46.124578],[-122.969841,46.124582],[-122.969847,46.124639],[-122.969897,46.12467],[-122.970032,46.124696],[-122.9701,46.124672],[-122.970304,46.12467],[-122.970358,46.124629],[-122.970359,46.124492],[-122.970394,46.12445],[-122.970362,46.124404]],[[-122.970023,46.124132],[-122.970097,46.124094],[-122.970091,46.123981],[-122.970038,46.123953],[-122.969883,46.123958],[-122.969843,46.123995],[-122.969851,46.124103],[-122.969904,46.124131],[-122.970023,46.124132]],[[-122.970637,46.123997],[-122.970613,46.123896],[-122.970563,46.123864],[-122.970415,46.123864],[-122.970363,46.1239],[-122.970363,46.124004],[-122.970415,46.12404],[-122.970605,46.124033],[-122.970637,46.123997]],[[-122.971524,46.125032],[-122.971515,46.124971],[-122.971461,46.124943],[-122.971076,46.124943],[-122.971015,46.124971],[-122.970972,46.125069],[-122.971006,46.125122],[-122.971006,46.125211],[-122.970971,46.12526],[-122.971022,46.125385],[-122.970971,46.12544],[-122.971022,46.12549],[-122.971006,46.125614],[-122.971047,46.125656],[-122.971204,46.125686],[-122.971385,46.125634],[-122.971414,46.125538],[-122.971397,46.125503],[-122.971344,46.125483],[-122.971135,46.125482],[-122.97112,46.1254],[-122.971353,46.125386],[-122.971391,46.125354],[-122.971394,46.125302],[-122.971511,46.125278],[-122.971524,46.125213],[-122.971636,46.125193],[-122.971644,46.125061],[-122.971598,46.125035],[-122.971524,46.125032]],[[-122.971055,46.124038],[-122.971205,46.124055],[-122.971257,46.124027],[-122.97126,46.123896],[-122.971203,46.123863],[-122.971034,46.123867],[-122.970987,46.123913],[-122.971013,46.124009],[-122.971055,46.124038]],[[-122.971638,46.1245],[-122.971852,46.124505],[-122.971904,46.124477],[-122.971895,46.124332],[-122.971783,46.124312],[-122.971777,46.124256],[-122.971728,46.124225],[-122.971445,46.124223],[-122.971378,46.124262],[-122.971398,46.124364],[-122.971443,46.124398],[-122.971524,46.124402],[-122.97154,46.124485],[-122.971406,46.124503],[-122.971311,46.12447],[-122.971254,46.124503],[-122.97115,46.124502],[-122.971117,46.124554],[-122.971197,46.124606],[-122.971276,46.124571],[-122.971384,46.124571],[-122.971407,46.124662],[-122.971485,46.124686],[-122.971644,46.124644],[-122.971638,46.1245]],[[-122.972168,46.124738],[-122.972188,46.124622],[-122.972137,46.124585],[-122.971955,46.124584],[-122.971895,46.124622],[-122.971918,46.124729],[-122.971967,46.12476],[-122.972132,46.124769],[-122.972168,46.124738]],[[-122.972449,46.124988],[-122.972424,46.124886],[-122.972375,46.124855],[-122.972226,46.124855],[-122.972174,46.124891],[-122.972174,46.124994],[-122.972226,46.12503],[-122.972416,46.125023],[-122.972449,46.124988]]]}},{"type":"Feature","properties":{"id":73,"area_m2":11500,"px":115,"rank":3,"persistent":false},"geometry":{"type":"Polygon","coordinates":[[[-122.983561,46.127915],[-122.983561,46.128005],[-122.983454,46.128021],[-122.983431,46.128095],[-122.983105,46.128096],[-122.983052,46.128123],[-122.983043,46.128185],[-122.982913,46.128185],[-122.982845,46.128161],[-122.982672,46.128204],[-122.982664,46.128336],[-122.98271,46.128362],[-122.982784,46.128365],[-122.982784,46.128635],[-122.982654,46.128635],[-122.982649,46.128565],[-122.982601,46.128534],[-122.982396,46.128545],[-122.982396,46.128275],[-122.982497,46.128262],[-122.982525,46.128185],[-122.982626,46.128172],[-122.982655,46.128095],[-122.982743,46.128088],[-122.982784,46.128046],[-122.982775,46.127763],[-122.982722,46.127736],[-122.982525,46.127735],[-122.982516,46.127673],[-122.982463,46.127646],[-122.982301,46.127654],[-122.982266,46.127735],[-122.98215,46.127759],[-122.982137,46.127825],[-122.982025,46.127844],[-122.982007,46.128005],[-122.981901,46.12802],[-122.981878,46.128095],[-122.981669,46.128095],[-122.981611,46.12812],[-122.981632,46.128251],[-122.981748,46.128275],[-122.981748,46.128455],[-122.981619,46.128454],[-122.98155,46.12843],[-122.981415,46.128457],[-122.981366,46.128488],[-122.981358,46.128545],[-122.981231,46.128544],[-122.981225,46.128474],[-122.981177,46.128443],[-122.981013,46.128461],[-122.980973,46.128498],[-122.980971,46.128634],[-122.980865,46.12865],[-122.980842,46.128724],[-122.980726,46.128748],[-122.980712,46.128814],[-122.980583,46.128814],[-122.98056,46.12874],[-122.980454,46.128723],[-122.980454,46.128454],[-122.980561,46.128439],[-122.980583,46.128364],[-122.980678,46.128362],[-122.98072,46.128339],[-122.980695,46.128204],[-122.980643,46.128185],[-122.980502,46.128188],[-122.98046,46.128218],[-122.980454,46.128274],[-122.980338,46.128298],[-122.980324,46.128364],[-122.980195,46.128364],[-122.980195,46.128184],[-122.980302,46.128169],[-122.980325,46.128094],[-122.980441,46.12807],[-122.980454,46.128004],[-122.980672,46.127998],[-122.98071,46.127966],[-122.980713,46.127914],[-122.981053,46.12791],[-122.981095,46.127881],[-122.981101,46.127825],[-122.981231,46.127825],[-122.981299,46.127849],[-122.981442,46.12782],[-122.981484,46.127791],[-122.98149,46.127735],[-122.981606,46.127711],[-122.981619,46.127645],[-122.981837,46.127638],[-122.981875,46.127606],[-122.981878,46.127555],[-122.982525,46.127555],[-122.982531,46.127611],[-122.982573,46.127641],[-122.98277,46.127635],[-122.982804,46.127594],[-122.982778,46.127498],[-122.982736,46.127469],[-122.982655,46.127465],[-122.982655,46.127285],[-122.982784,46.127285],[-122.982802,46.127445],[-122.982913,46.127465],[-122.982948,46.127546],[-122.983043,46.127555],[-122.983071,46.127633],[-122.983172,46.127645],[-122.983201,46.127723],[-122.983302,46.127735],[-122.98333,46.127813],[-122.983431,46.127825],[-122.98346,46.127903],[-122.983561,46.127915]],[[-122.983321,46.12796],[-122.983289,46.127849],[-122.983172,46.127825],[-122.983138,46.127744],[-122.982989,46.127721],[-122.982926,46.127745],[-122.982919,46.127881],[-122.982961,46.127911],[-122.983043,46.127915],[-122.983077,46.127996],[-122.983281,46.127998],[-122.983321,46.12796]]]}},{"type":"Feature","properties":{"id":133,"area_m2":10200,"px":102,"rank":4,"persistent":false},"geometry":{"type":"Polygon","coordinates":[[[-122.970101,46.122242],[-122.9701,46.122332],[-122.969843,46.122332],[-122.969839,46.12228],[-122.969802,46.122248],[-122.969625,46.122248],[-122.969585,46.122285],[-122.969584,46.122422],[-122.969196,46.122422],[-122.96919,46.122365],[-122.969148,46.122336],[-122.96895,46.122341],[-122.968917,46.122382],[-122.968936,46.122602],[-122.968745,46.122588],[-122.968683,46.122622],[-122.968677,46.122872],[-122.968548,46.122872],[-122.968547,46.122735],[-122.968507,46.122698],[-122.96835,46.122667],[-122.968188,46.122704],[-122.96816,46.12274],[-122.96816,46.122871],[-122.968125,46.122914],[-122.96816,46.122962],[-122.968163,46.123103],[-122.968222,46.12314],[-122.968418,46.123142],[-122.968418,46.123232],[-122.96816,46.123231],[-122.968099,46.123207],[-122.96803,46.123231],[-122.967901,46.123231],[-122.967899,46.123095],[-122.967838,46.123052],[-122.96769,46.123055],[-122.967648,46.123085],[-122.967642,46.123141],[-122.967514,46.123141],[-122.967509,46.123076],[-122.967466,46.123042],[-122.967254,46.123051],[-122.967254,46.122961],[-122.96736,46.122945],[-122.967383,46.122871],[-122.967572,46.122871],[-122.967629,46.122847],[-122.967677,46.122739],[-122.967642,46.122691],[-122.967642,46.122601],[-122.967831,46.122601],[-122.967888,46.122577],[-122.967901,46.122421],[-122.967996,46.122412],[-122.968031,46.122367],[-122.968018,46.122265],[-122.967901,46.122241],[-122.967901,46.122151],[-122.968018,46.122127],[-122.968031,46.121972],[-122.968138,46.121956],[-122.96816,46.121882],[-122.968371,46.121877],[-122.968413,46.121848],[-122.968419,46.121792],[-122.968531,46.121772],[-122.968549,46.121612],[-122.968678,46.121612],[-122.968678,46.121792],[-122.96859,46.121798],[-122.96855,46.121835],[-122.96855,46.121928],[-122.96859,46.121965],[-122.968754,46.121983],[-122.968802,46.121952],[-122.968808,46.121882],[-122.968935,46.121882],[-122.96896,46.121956],[-122.969112,46.121994],[-122.969196,46.121972],[-122.969454,46.121972],[-122.969468,46.122038],[-122.969584,46.122062],[-122.969618,46.122143],[-122.969972,46.122152],[-122.969995,46.122226],[-122.970101,46.122242]],[[-122.969196,46.122102],[-122.969128,46.122048],[-122.968855,46.122066],[-122.968809,46.122105],[-122.968813,46.122208],[-122.968877,46.122241],[-122.969148,46.122238],[-122.969194,46.122198],[-122.969196,46.122102]]]}},{"type":"Feature","properties":{"id":150,"area_m2":9800,"px":98,"rank":5,"persistent":false},"geometry":{"type":"Polygon","coordinates":[[[-122.969197,46.119272],[-122.969197,46.119362],[-122.968708,46.119374],[-122.968679,46.119452],[-122.968578,46.119464],[-122.96855,46.119542],[-122.968449,46.119554],[-122.96842,46.119631],[-122.968326,46.119641],[-122.968291,46.119721],[-122.968179,46.119741],[-122.968161,46.119901],[-122.968055,46.119917],[-122.968032,46.119991],[-122.967916,46.120015],[-122.967902,46.120081],[-122.967644,46.120081],[-122.967642,46.119945],[-122.967596,46.119905],[-122.96729,46.11991],[-122.967256,46.11995],[-122.967255,46.120171],[-122.967149,46.120187],[-122.967126,46.120261],[-122.966997,46.120261],[-122.966997,46.120081],[-122.967085,46.120075],[-122.967125,46.120038],[-122.967125,46.119945],[-122.967098,46.119913],[-122.966608,46.119901],[-122.966605,46.119849],[-122.966567,46.119817],[-122.96635,46.119811],[-122.96635,46.119631],[-122.966553,46.119629],[-122.966608,46.119582],[-122.966603,46.119394],[-122.966561,46.119365],[-122.966479,46.119361],[-122.966479,46.119181],[-122.966609,46.119181],[-122.966637,46.119259],[-122.966792,46.119285],[-122.966859,46.119256],[-122.966868,46.119181],[-122.967126,46.119181],[-122.967188,46.119205],[-122.967256,46.119181],[-122.967515,46.119181],[-122.967515,46.119271],[-122.967406,46.119278],[-122.967366,46.119322],[-122.967385,46.11945],[-122.967353,46.119509],[-122.967394,46.119616],[-122.96746,46.119645],[-122.96784,46.11963],[-122.967894,46.119603],[-122.967903,46.119541],[-122.968133,46.119529],[-122.968162,46.119452],[-122.968243,46.119447],[-122.968288,46.119413],[-122.968326,46.119319],[-122.968291,46.119271],[-122.968291,46.119182],[-122.968398,46.119166],[-122.968421,46.119092],[-122.968537,46.119068],[-122.96855,46.119002],[-122.968809,46.119002],[-122.968832,46.119076],[-122.968938,46.119092],[-122.968952,46.119158],[-122.969068,46.119182],[-122.969096,46.119259],[-122.969197,46.119272]]]}},{"type":"Feature","properties":{"id":173,"area_m2":8500,"px":85,"rank":6,"persistent":false},"geometry":{"type":"Polygon","coordinates":[[[-122.958717,46.114768],[-122.958717,46.114858],[-122.958636,46.114862],[-122.958591,46.114897],[-122.958588,46.115038],[-122.958458,46.115038],[-122.958457,46.114902],[-122.95841,46.114862],[-122.95814,46.114858],[-122.958088,46.114878],[-122.95807,46.115038],[-122.957982,46.115044],[-122.957942,46.115082],[-122.95794,46.115398],[-122.957834,46.115414],[-122.957811,46.115488],[-122.957682,46.115488],[-122.957682,46.115398],[-122.957798,46.115374],[-122.957811,46.115267],[-122.95777,46.115224],[-122.957682,46.115218],[-122.957673,46.115157],[-122.957619,46.115129],[-122.957423,46.115128],[-122.957354,46.115104],[-122.957293,46.115128],[-122.95709,46.11513],[-122.957041,46.115161],[-122.957034,46.115218],[-122.956918,46.115242],[-122.956905,46.115308],[-122.956776,46.115308],[-122.956776,46.115218],[-122.95681,46.115175],[-122.956776,46.115128],[-122.956776,46.115038],[-122.957123,46.115031],[-122.957161,46.114999],[-122.957164,46.114948],[-122.957281,46.114924],[-122.957313,46.114829],[-122.957297,46.114788],[-122.957251,46.114769],[-122.956776,46.114768],[-122.956776,46.114678],[-122.956865,46.114671],[-122.956904,46.114634],[-122.956906,46.114408],[-122.957012,46.114392],[-122.957035,46.114318],[-122.957294,46.114318],[-122.957355,46.114342],[-122.957424,46.114318],[-122.957553,46.114318],[-122.957566,46.114474],[-122.957722,46.114511],[-122.957799,46.114487],[-122.957812,46.114408],[-122.95807,46.114408],[-122.958084,46.114474],[-122.9582,46.114498],[-122.958228,46.114576],[-122.958459,46.114588],[-122.958481,46.114662],[-122.958588,46.114678],[-122.958622,46.114759],[-122.958717,46.114768]]]}},{"type":"Feature","properties":{"id":169,"area_m2":7600,"px":76,"rank":7,"persistent":false},"geometry":{"type":"Polygon","coordinates":[[[-122.961176,46.115129],[-122.961176,46.115219],[-122.961081,46.115228],[-122.961046,46.115273],[-122.961059,46.115375],[-122.961176,46.115399],[-122.961175,46.115579],[-122.960919,46.115596],[-122.960897,46.115635],[-122.960917,46.115759],[-122.960658,46.115759],[-122.960635,46.115685],[-122.960529,46.115669],[-122.960515,46.115513],[-122.960399,46.115489],[-122.960365,46.115408],[-122.96027,46.115399],[-122.960241,46.115321],[-122.960141,46.115309],[-122.960112,46.115231],[-122.959882,46.115219],[-122.959869,46.115153],[-122.959752,46.115129],[-122.959746,46.115072],[-122.959704,46.115043],[-122.959494,46.115039],[-122.959492,46.114902],[-122.959453,46.114865],[-122.959235,46.114858],[-122.959229,46.114802],[-122.95918,46.114771],[-122.958976,46.114768],[-122.958963,46.114612],[-122.958847,46.114588],[-122.958812,46.114507],[-122.958718,46.114498],[-122.958689,46.114421],[-122.958588,46.114408],[-122.958588,46.114318],[-122.958695,46.114303],[-122.958718,46.114228],[-122.958847,46.114228],[-122.95886,46.114294],[-122.958976,46.114318],[-122.959005,46.114396],[-122.959235,46.114409],[-122.959258,46.114483],[-122.959364,46.114499],[-122.959374,46.11465],[-122.95942,46.114676],[-122.959494,46.114679],[-122.959503,46.11474],[-122.959556,46.114768],[-122.960208,46.114768],[-122.960261,46.11474],[-122.96027,46.114679],[-122.960474,46.114677],[-122.960523,46.114646],[-122.960529,46.114589],[-122.960659,46.114589],[-122.960658,46.114679],[-122.960547,46.114699],[-122.960494,46.114817],[-122.960547,46.114929],[-122.960658,46.114949],[-122.960671,46.115105],[-122.960788,46.115129],[-122.960803,46.115211],[-122.960686,46.115223],[-122.960639,46.115264],[-122.960659,46.115459],[-122.960704,46.115498],[-122.960915,46.115473],[-122.960937,46.115433],[-122.960901,46.115227],[-122.961024,46.115203],[-122.961047,46.115129],[-122.961176,46.115129]]]}},{"type":"Feature","properties":{"id":185,"area_m2":7400,"px":74,"rank":8,"persistent":false},"geometry":{"type":"Polygon","coordinates":[[[-122.962989,46.11315],[-122.962989,46.11324],[-122.962907,46.113244],[-122.962863,46.113278],[-122.962859,46.11342],[-122.962753,46.113436],[-122.96273,46.11351],[-122.962342,46.11351],[-122.962319,46.113435],[-122.962212,46.113419],[-122.962195,46.112989],[-122.962083,46.112969],[-122.962077,46.112913],[-122.962035,46.112884],[-122.961893,46.112855],[-122.961824,46.112879],[-122.961566,46.112879],[-122.961543,46.112805],[-122.961436,46.112789],[-122.961437,46.112609],[-122.961471,46.112567],[-122.961437,46.112518],[-122.961437,46.112159],[-122.961471,46.112117],[-122.961437,46.112069],[-122.961437,46.111889],[-122.961544,46.111873],[-122.961567,46.111799],[-122.961696,46.111799],[-122.961709,46.111955],[-122.961825,46.111979],[-122.96186,46.11206],[-122.961954,46.112069],[-122.961958,46.112301],[-122.962002,46.112335],[-122.962084,46.11234],[-122.962085,46.112566],[-122.962125,46.112603],[-122.962213,46.11261],[-122.96221,46.112769],[-122.962342,46.11279],[-122.962348,46.112846],[-122.962397,46.112877],[-122.96273,46.11288],[-122.962743,46.113036],[-122.96286,46.11306],[-122.962894,46.113141],[-122.962989,46.11315]]]}},{"type":"Feature","properties":{"id":25,"area_m2":7000,"px":70,"rank":9,"persistent":false},"geometry":{"type":"Polygon","coordinates":[[[-122.981229,46.131605],[-122.981229,46.131784],[-122.981123,46.1318],[-122.9811,46.131874],[-122.980999,46.131887],[-122.98097,46.131964],[-122.980875,46.131974],[-122.980841,46.132054],[-122.980729,46.132074],[-122.980711,46.132144],[-122.980194,46.132144],[-122.980194,46.132054],[-122.980559,46.132039],[-122.980582,46.131965],[-122.980677,46.131955],[-122.980712,46.131875],[-122.980786,46.131872],[-122.980832,46.131846],[-122.980828,46.131705],[-122.980773,46.131681],[-122.980582,46.131694],[-122.980521,46.13167],[-122.980453,46.131694],[-122.980256,46.131695],[-122.980203,46.131723],[-122.980194,46.131784],[-122.980064,46.131784],[-122.980042,46.13171],[-122.979935,46.131694],[-122.979955,46.131565],[-122.979921,46.131524],[-122.979676,46.131514],[-122.979653,46.13144],[-122.979501,46.131402],[-122.979417,46.131424],[-122.979288,46.131424],[-122.979282,46.131098],[-122.979225,46.131065],[-122.979029,46.131064],[-122.979029,46.130974],[-122.979253,46.130965],[-122.979288,46.130925],[-122.979288,46.130794],[-122.979417,46.130794],[-122.97944,46.130868],[-122.979547,46.130884],[-122.979547,46.130974],[-122.979512,46.131022],[-122.979581,46.131145],[-122.979873,46.131153],[-122.979926,46.131126],[-122.979935,46.131064],[-122.980064,46.131064],[-122.980087,46.131139],[-122.980194,46.131154],[-122.980228,46.131235],[-122.980323,46.131244],[-122.980357,46.131339],[-122.980582,46.131334],[-122.980591,46.131396],[-122.980645,46.131423],[-122.98097,46.131425],[-122.980993,46.131499],[-122.9811,46.131515],[-122.981134,46.131595],[-122.981229,46.131605]]]}},{"type":"Feature","properties":{"id":84,"area_m2":6600,"px":66,"rank":10,"persistent":false},"geometry":{"type":"Polygon","coordinates":[[[-122.975794,46.127464],[-122.975794,46.127553],[-122.975406,46.127553],[-122.975406,46.127422],[-122.975378,46.127386],[-122.975147,46.127373],[-122.975134,46.127307],[-122.975018,46.127283],[-122.974989,46.127206],[-122.974801,46.127194],[-122.97474,46.127238],[-122.97476,46.12733],[-122.9748,46.127367],[-122.974888,46.127373],[-122.974901,46.127529],[-122.975071,46.127577],[-122.975147,46.127553],[-122.975292,46.127561],[-122.975259,46.127694],[-122.975304,46.127729],[-122.975406,46.127733],[-122.975406,46.127823],[-122.975147,46.127823],[-122.975129,46.127753],[-122.975018,46.127733],[-122.974983,46.127652],[-122.974888,46.127643],[-122.97486,46.127566],[-122.974759,46.127553],[-122.974736,46.127479],[-122.974576,46.12744],[-122.974518,46.12745],[-122.974467,46.127495],[-122.9745,46.127553],[-122.9745,46.127643],[-122.974393,46.127659],[-122.97437,46.127733],[-122.974241,46.127733],[-122.974241,46.127643],[-122.974276,46.127601],[-122.974241,46.127553],[-122.974241,46.127463],[-122.974276,46.127421],[-122.974241,46.127373],[-122.974241,46.127283],[-122.974336,46.127281],[-122.974378,46.127258],[-122.974365,46.127136],[-122.974308,46.127104],[-122.974112,46.127103],[-122.974106,46.127046],[-122.974057,46.127015],[-122.973853,46.127013],[-122.973847,46.126956],[-122.973805,46.126927],[-122.973594,46.126923],[-122.973594,46.126833],[-122.973629,46.126791],[-122.973594,46.126743],[-122.973594,46.126653],[-122.973723,46.126653],[-122.973792,46.126677],[-122.973971,46.126642],[-122.973984,46.126817],[-122.974112,46.126833],[-122.974129,46.126903],[-122.974241,46.126923],[-122.974254,46.126989],[-122.97437,46.127013],[-122.974405,46.127094],[-122.974581,46.127099],[-122.974624,46.12707],[-122.974664,46.126971],[-122.974612,46.126853],[-122.9745,46.126833],[-122.974494,46.126777],[-122.974452,46.126747],[-122.974241,46.126743],[-122.974241,46.126598],[-122.974208,46.126559],[-122.973983,46.126563],[-122.973983,46.126473],[-122.974089,46.126457],[-122.974112,46.126383],[-122.9745,46.126383],[-122.974518,46.126633],[-122.97457,46.126653],[-122.974759,46.126653],[-122.97476,46.12679],[-122.9748,46.126827],[-122.975018,46.126833],[-122.975015,46.127083],[-122.975068,46.127103],[-122.975277,46.127103],[-122.975299,46.127178],[-122.975406,46.127193],[-122.975429,46.127358],[-122.975665,46.127373],[-122.975688,46.127448],[-122.975794,46.127464]]]}},{"type":"Feature","properties":{"id":142,"area_m2":6500,"px":65,"rank":11,"persistent":false},"geometry":{"type":"Polygon","coordinates":[[[-122.967513,46.121431],[-122.967513,46.121521],[-122.967325,46.121522],[-122.967272,46.121541],[-122.967254,46.121701],[-122.967148,46.121717],[-122.967125,46.121791],[-122.966996,46.121791],[-122.966934,46.121767],[-122.966866,46.121791],[-122.966737,46.121791],[-122.966719,46.121721],[-122.966607,46.121701],[-122.966594,46.121635],[-122.96653,46.121611],[-122.96626,46.121617],[-122.966221,46.121654],[-122.966219,46.121791],[-122.96609,46.121791],[-122.966084,46.121644],[-122.966042,46.121615],[-122.96596,46.121611],[-122.965957,46.121469],[-122.965912,46.121435],[-122.965831,46.121431],[-122.965831,46.121341],[-122.965964,46.12132],[-122.965961,46.121161],[-122.966042,46.121157],[-122.966084,46.121128],[-122.96609,46.120891],[-122.966197,46.120875],[-122.96622,46.120801],[-122.966349,46.120801],[-122.966372,46.120875],[-122.966478,46.120891],[-122.966479,46.121022],[-122.966507,46.121059],[-122.966866,46.121071],[-122.96687,46.121123],[-122.966908,46.121155],[-122.967125,46.121161],[-122.967148,46.121325],[-122.967384,46.121341],[-122.967407,46.121415],[-122.967513,46.121431]]]}},{"type":"Feature","properties":{"id":186,"area_m2":6500,"px":65,"rank":12,"persistent":false},"geometry":{"type":"Polygon","coordinates":[[[-122.958719,46.112788],[-122.958719,46.112968],[-122.958612,46.112984],[-122.958589,46.113058],[-122.958488,46.11307],[-122.95846,46.113148],[-122.958359,46.11316],[-122.95833,46.113238],[-122.958229,46.11325],[-122.958201,46.113328],[-122.958106,46.113337],[-122.958071,46.113418],[-122.957959,46.113438],[-122.957942,46.113508],[-122.957683,46.113508],[-122.95768,46.113456],[-122.957642,46.113424],[-122.957424,46.113418],[-122.957402,46.113344],[-122.957295,46.113328],[-122.957295,46.113238],[-122.957424,46.113238],[-122.95743,46.113295],[-122.957479,46.113326],[-122.957649,46.113319],[-122.957683,46.113238],[-122.957765,46.113234],[-122.957809,46.1132],[-122.957804,46.112997],[-122.957758,46.11297],[-122.957683,46.112968],[-122.957649,46.112887],[-122.957554,46.112878],[-122.957574,46.112748],[-122.957547,46.112711],[-122.957364,46.112674],[-122.957295,46.112698],[-122.957166,46.112698],[-122.957163,46.112633],[-122.95712,46.112599],[-122.956907,46.112608],[-122.956907,46.112518],[-122.957002,46.112509],[-122.957037,46.112428],[-122.957153,46.112404],[-122.957166,46.112248],[-122.957248,46.112244],[-122.957292,46.112209],[-122.957296,46.112068],[-122.9575,46.112066],[-122.957549,46.112035],[-122.957555,46.111978],[-122.957684,46.111978],[-122.957687,46.11212],[-122.957732,46.112154],[-122.957813,46.112158],[-122.957813,46.112248],[-122.957684,46.112248],[-122.957615,46.112224],[-122.957448,46.112264],[-122.957425,46.112302],[-122.957443,46.112498],[-122.957495,46.112518],[-122.957684,46.112518],[-122.957706,46.112592],[-122.957813,46.112608],[-122.957826,46.112674],[-122.957942,46.112698],[-122.957971,46.112776],[-122.958072,46.112788],[-122.958073,46.112925],[-122.958127,46.112966],[-122.95826,46.112968],[-122.958313,46.112948],[-122.958331,46.112788],[-122.958719,46.112788]]]}},{"type":"Feature","properties":{"id":94,"area_m2":6300,"px":63,"rank":13,"persistent":false},"geometry":{"type":"Polygon","coordinates":[[[-122.981361,46.126475],[-122.98136,46.126654],[-122.981286,46.126657],[-122.98124,46.126683],[-122.981231,46.126834],[-122.981013,46.126841],[-122.980975,46.126873],[-122.980972,46.126924],[-122.980843,46.126924],[-122.980841,46.126788],[-122.98078,46.126745],[-122.980618,46.126753],[-122.980584,46.126834],[-122.980325,46.126834],[-122.980312,46.126768],[-122.980196,46.126744],[-122.980161,46.126663],[-122.979937,46.126654],[-122.979937,46.126384],[-122.980025,46.126378],[-122.980066,46.126336],[-122.980066,46.126204],[-122.980101,46.126162],[-122.980066,46.126114],[-122.980066,46.126024],[-122.980455,46.126024],[-122.980468,46.12609],[-122.980584,46.126114],[-122.980587,46.126166],[-122.980625,46.126198],[-122.980972,46.126204],[-122.980995,46.126369],[-122.981231,46.126385],[-122.981254,46.126459],[-122.981361,46.126475]]]}},{"type":"Feature","properties":{"id":132,"area_m2":6100,"px":61,"rank":14,"persistent":false},"geometry":{"type":"Polygon","coordinates":[[[-122.974243,46.122423],[-122.974243,46.122513],[-122.974148,46.122522],[-122.974114,46.122567],[-122.974127,46.122669],[-122.974243,46.122693],[-122.974243,46.122783],[-122.974045,46.122771],[-122.973985,46.122818],[-122.97399,46.12293],[-122.974032,46.122959],[-122.974113,46.122963],[-122.974113,46.123053],[-122.973466,46.123053],[-122.973449,46.122803],[-122.973396,46.122783],[-122.973141,46.122784],[-122.97308,46.122826],[-122.973078,46.122963],[-122.972977,46.122975],[-122.972949,46.123053],[-122.972854,46.123062],[-122.972819,46.123143],[-122.972707,46.123162],[-122.97269,46.123323],[-122.97256,46.123323],[-122.972557,46.123181],[-122.972512,46.123147],[-122.972431,46.123143],[-122.972431,46.123053],[-122.972538,46.123037],[-122.97256,46.122963],[-122.972879,46.122962],[-122.972931,46.122943],[-122.972947,46.122646],[-122.972886,46.122604],[-122.97269,46.122603],[-122.972681,46.122541],[-122.97262,46.122513],[-122.972466,46.122522],[-122.972431,46.122603],[-122.972302,46.122603],[-122.972302,46.122333],[-122.972649,46.122326],[-122.972689,46.122289],[-122.97269,46.122153],[-122.97282,46.122153],[-122.972823,46.122204],[-122.972861,46.122236],[-122.973078,46.122243],[-122.973078,46.122333],[-122.972997,46.122337],[-122.972952,46.122371],[-122.972972,46.122497],[-122.973208,46.122513],[-122.973217,46.122574],[-122.97327,46.122602],[-122.973596,46.122603],[-122.973605,46.122664],[-122.973666,46.122693],[-122.973814,46.122687],[-122.973852,46.122655],[-122.973855,46.122603],[-122.973967,46.122583],[-122.973984,46.122423],[-122.974243,46.122423]]]}},{"type":"Feature","properties":{"id":89,"area_m2":6000,"px":60,"rank":15,"persistent":false},"geometry":{"type":"Polygon","coordinates":[[[-122.979419,46.126474],[-122.979419,46.126744],[-122.979312,46.12676],[-122.979289,46.126834],[-122.979188,46.126846],[-122.97916,46.126924],[-122.979059,46.126936],[-122.97903,46.127014],[-122.978936,46.127023],[-122.978901,46.127104],[-122.978789,46.127124],[-122.978771,46.127194],[-122.978642,46.127194],[-122.978642,46.127104],[-122.978743,46.127092],[-122.978772,46.127014],[-122.978873,46.127002],[-122.978901,46.126924],[-122.979002,46.126912],[-122.979031,46.126834],[-122.979125,46.126825],[-122.97916,46.126744],[-122.979272,46.126724],[-122.979284,46.126597],[-122.979242,46.126568],[-122.97916,46.126564],[-122.979126,46.126483],[-122.979031,46.126474],[-122.979002,46.126396],[-122.978901,46.126384],[-122.978873,46.126306],[-122.978772,46.126294],[-122.978743,46.126216],[-122.978643,46.126204],[-122.978614,46.126126],[-122.978513,46.126114],[-122.978479,46.126033],[-122.978323,46.126],[-122.978254,46.126024],[-122.977995,46.126024],[-122.977992,46.125882],[-122.977947,46.125848],[-122.977866,46.125844],[-122.977848,46.125684],[-122.977796,46.125664],[-122.977607,46.125664],[-122.977607,46.125574],[-122.977642,46.125531],[-122.977607,46.125484],[-122.977607,46.125394],[-122.977866,46.125394],[-122.977901,46.125475],[-122.978075,46.125484],[-122.978144,46.125439],[-122.978125,46.125304],[-122.978513,46.125304],[-122.978517,46.125626],[-122.978561,46.12566],[-122.97869,46.125678],[-122.978769,46.125639],[-122.978772,46.125484],[-122.978902,46.125484],[-122.978901,46.125754],[-122.978827,46.125756],[-122.978781,46.125783],[-122.978772,46.125934],[-122.978677,46.125936],[-122.978631,46.125964],[-122.978648,46.126081],[-122.978705,46.126113],[-122.978901,46.126114],[-122.978924,46.126188],[-122.979031,46.126204],[-122.979048,46.126274],[-122.97916,46.126294],[-122.979195,46.126375],[-122.979289,46.126384],[-122.979318,46.126462],[-122.979419,46.126474]]]}},{"type":"Feature","properties":{"id":17,"area_m2":5700,"px":57,"rank":16,"persistent":false},"geometry":{"type":"Polygon","coordinates":[[[-122.993398,46.132596],[-122.993398,46.132686],[-122.993303,46.132695],[-122.993268,46.132776],[-122.993194,46.132778],[-122.993148,46.132804],[-122.993139,46.132956],[-122.993009,46.132956],[-122.993003,46.132899],[-122.992954,46.132868],[-122.992751,46.132866],[-122.992733,46.132796],[-122.992621,46.132776],[-122.992608,46.13271],[-122.992492,46.132686],[-122.992457,46.132605],[-122.992103,46.132596],[-122.992102,46.132446],[-122.992064,46.132409],[-122.991715,46.132416],[-122.991715,46.132326],[-122.991926,46.132322],[-122.991968,46.132292],[-122.991974,46.132236],[-122.992055,46.132232],[-122.992097,46.132202],[-122.992097,46.132089],[-122.992055,46.13206],[-122.991974,46.132056],[-122.991946,46.131978],[-122.991715,46.131966],[-122.991706,46.131904],[-122.991652,46.131877],[-122.991327,46.131876],[-122.991323,46.131734],[-122.991257,46.131696],[-122.990986,46.1317],[-122.990944,46.131729],[-122.990938,46.131786],[-122.990822,46.13181],[-122.990809,46.131876],[-122.990679,46.131876],[-122.99068,46.131606],[-122.990897,46.131599],[-122.990935,46.131567],[-122.99094,46.131516],[-122.991197,46.131516],[-122.991215,46.131586],[-122.991327,46.131606],[-122.991336,46.131667],[-122.991397,46.131696],[-122.991551,46.131687],[-122.991586,46.131606],[-122.991844,46.131606],[-122.991867,46.13168],[-122.991974,46.131696],[-122.991992,46.131766],[-122.992103,46.131786],[-122.992138,46.131867],[-122.992233,46.131876],[-122.992261,46.131954],[-122.992362,46.131966],[-122.992371,46.132117],[-122.992417,46.132144],[-122.992492,46.132147],[-122.992492,46.132236],[-122.99241,46.13224],[-122.992368,46.132269],[-122.992366,46.132378],[-122.99241,46.132412],[-122.992492,46.132416],[-122.992498,46.132563],[-122.99254,46.132592],[-122.992621,46.132596],[-122.992644,46.13267],[-122.992827,46.132709],[-122.992981,46.132674],[-122.99301,46.132596],[-122.993139,46.132596],[-122.9932,46.13262],[-122.993268,46.132596],[-122.993398,46.132596]]]}},{"type":"Feature","properties":{"id":143,"area_m2":5700,"px":57,"rank":17,"persistent":false},"geometry":{"type":"Polygon","coordinates":[[[-122.968161,46.121162],[-122.96816,46.121521],[-122.967772,46.121521],[-122.96775,46.121357],[-122.967643,46.121341],[-122.967625,46.121271],[-122.967514,46.121251],[-122.967479,46.12117],[-122.967384,46.121161],[-122.967356,46.121084],[-122.967255,46.121071],[-122.967226,46.120993],[-122.967126,46.120981],[-122.967097,46.120903],[-122.966867,46.120891],[-122.966844,46.120817],[-122.966737,46.120801],[-122.96672,46.120731],[-122.966608,46.120711],[-122.966573,46.12063],[-122.966479,46.120621],[-122.96645,46.120543],[-122.966349,46.120531],[-122.966321,46.120453],[-122.96622,46.120441],[-122.966191,46.120363],[-122.96609,46.120351],[-122.966062,46.120273],[-122.965961,46.120261],[-122.965944,46.120101],[-122.965832,46.120081],[-122.965797,46.12],[-122.965702,46.119991],[-122.965674,46.119913],[-122.965573,46.119901],[-122.965573,46.119721],[-122.965832,46.119721],[-122.965838,46.119867],[-122.96588,46.119897],[-122.965961,46.119901],[-122.965996,46.119982],[-122.966091,46.119991],[-122.966094,46.120133],[-122.966138,46.120167],[-122.96622,46.120171],[-122.966233,46.120327],[-122.96629,46.120351],[-122.966479,46.120351],[-122.966492,46.120417],[-122.966608,46.120441],[-122.966611,46.120493],[-122.966649,46.120525],[-122.966955,46.120525],[-122.966995,46.120488],[-122.966996,46.120351],[-122.967126,46.120351],[-122.967135,46.120593],[-122.967188,46.12062],[-122.967314,46.120621],[-122.967375,46.120593],[-122.967385,46.120531],[-122.967496,46.120512],[-122.967514,46.120441],[-122.967643,46.120441],[-122.967629,46.120587],[-122.967678,46.120619],[-122.967773,46.120621],[-122.967773,46.120711],[-122.967666,46.120727],[-122.967641,46.120801],[-122.967514,46.120801],[-122.967508,46.120745],[-122.967459,46.120714],[-122.967282,46.120716],[-122.967235,46.120762],[-122.967264,46.120863],[-122.96731,46.120889],[-122.967384,46.120891],[-122.967407,46.121055],[-122.967643,46.121071],[-122.967656,46.121137],[-122.967772,46.121161],[-122.967776,46.121213],[-122.967813,46.121245],[-122.967978,46.121263],[-122.968026,46.121232],[-122.968031,46.121162],[-122.968161,46.121162]]]}},{"type":"Feature","properties":{"id":151,"area_m2":5700,"px":57,"rank":18,"persistent":true},"geometry":{"type":"Polygon","coordinates":[[[-122.964926,46.119631],[-122.964926,46.12017],[-122.964667,46.12017],[-122.964606,46.120146],[-122.964537,46.12017],[-122.964408,46.12017],[-122.964385,46.120096],[-122.964279,46.12008],[-122.964261,46.11992],[-122.964149,46.1199],[-122.964115,46.119819],[-122.96402,46.11981],[-122.963992,46.119732],[-122.963891,46.119719],[-122.963893,46.11963],[-122.96402,46.11963],[-122.964026,46.119687],[-122.964075,46.119718],[-122.96436,46.119716],[-122.964407,46.119677],[-122.964399,46.119569],[-122.964353,46.119543],[-122.964279,46.11954],[-122.964266,46.119474],[-122.96415,46.11945],[-122.964144,46.119394],[-122.964102,46.119364],[-122.963939,46.119364],[-122.963897,46.119394],[-122.963891,46.11945],[-122.963763,46.11945],[-122.963739,46.119376],[-122.963632,46.11936],[-122.963623,46.119209],[-122.963577,46.119182],[-122.963503,46.11918],[-122.963503,46.11891],[-122.963632,46.11891],[-122.963645,46.118976],[-122.963762,46.119],[-122.963767,46.119057],[-122.96381,46.119086],[-122.96415,46.11909],[-122.964173,46.119164],[-122.964279,46.11918],[-122.964292,46.119246],[-122.964408,46.11927],[-122.964437,46.119348],[-122.964538,46.11936],[-122.964538,46.119582],[-122.964572,46.119621],[-122.964926,46.119631]]]}},{"type":"Feature","properties":{"id":68,"area_m2":4700,"px":47,"rank":19,"persistent":false},"geometry":{"type":"Polygon","coordinates":[[[-122.977606,46.128814],[-122.977606,46.128904],[-122.977517,46.12891],[-122.977478,46.128947],[-122.977476,46.129174],[-122.977347,46.129174],[-122.977341,46.129104],[-122.977294,46.129073],[-122.977088,46.129084],[-122.9771,46.128933],[-122.977053,46.128906],[-122.976959,46.128904],[-122.976924,46.128823],[-122.976829,46.128814],[-122.976826,46.128748],[-122.97679,46.128717],[-122.976182,46.128723],[-122.976214,46.128575],[-122.976159,46.128469],[-122.976053,46.128453],[-122.976056,46.128294],[-122.975923,46.128273],[-122.975917,46.128217],[-122.975875,46.128188],[-122.975665,46.128183],[-122.975651,46.128117],[-122.975535,46.128093],[-122.975532,46.128042],[-122.975494,46.12801],[-122.975276,46.128003],[-122.975276,46.127913],[-122.975665,46.127914],[-122.975665,46.128045],[-122.975693,46.128081],[-122.975923,46.128094],[-122.975952,46.128171],[-122.976182,46.128184],[-122.976191,46.128245],[-122.976245,46.128273],[-122.976413,46.128261],[-122.976441,46.128225],[-122.976441,46.128094],[-122.976571,46.128094],[-122.976574,46.128325],[-122.976618,46.12836],[-122.9767,46.128364],[-122.976706,46.128434],[-122.97676,46.128466],[-122.977049,46.128461],[-122.977087,46.128424],[-122.977088,46.128274],[-122.977218,46.128274],[-122.977218,46.128544],[-122.977101,46.128568],[-122.977077,46.128694],[-122.977138,46.128723],[-122.977476,46.128724],[-122.977499,46.128798],[-122.977606,46.128814]],[[-122.976515,46.128456],[-122.976372,46.128441],[-122.976317,46.128473],[-122.976292,46.128583],[-122.976339,46.128629],[-122.976508,46.128633],[-122.976564,46.1286],[-122.976561,46.128482],[-122.976515,46.128456]]]}},{"type":"Feature","properties":{"id":125,"area_m2":4700,"px":47,"rank":20,"persistent":false},"geometry":{"type":"Polygon","coordinates":[[[-122.97476,46.123323],[-122.97476,46.123413],[-122.974502,46.123413],[-122.974433,46.123389],[-122.974372,46.123413],[-122.974136,46.123429],[-122.974113,46.123467],[-122.974113,46.123863],[-122.974006,46.123879],[-122.973984,46.123953],[-122.973867,46.123977],[-122.973854,46.124043],[-122.973725,46.124043],[-122.973702,46.123969],[-122.973595,46.123952],[-122.973596,46.123863],[-122.973697,46.123859],[-122.973742,46.123823],[-122.973716,46.123621],[-122.97367,46.123595],[-122.973596,46.123593],[-122.973583,46.123527],[-122.973466,46.123503],[-122.97346,46.123446],[-122.973418,46.123417],[-122.973078,46.123413],[-122.973078,46.123233],[-122.973185,46.123217],[-122.973208,46.123143],[-122.973337,46.123143],[-122.973398,46.123167],[-122.973466,46.123143],[-122.973725,46.123143],[-122.973786,46.123167],[-122.973855,46.123143],[-122.973984,46.123143],[-122.97399,46.1232],[-122.974039,46.123231],[-122.974243,46.123233],[-122.974304,46.123257],[-122.974372,46.123233],[-122.974631,46.123233],[-122.974654,46.123307],[-122.97476,46.123323]]]}},{"type":"Feature","properties":{"id":180,"area_m2":4500,"px":45,"rank":21,"persistent":false},"geometry":{"type":"Polygon","coordinates":[[[-122.958588,46.114048],[-122.958588,46.114138],[-122.958253,46.114127],[-122.958206,46.114158],[-122.958198,46.114228],[-122.957812,46.114228],[-122.957794,46.114158],[-122.957683,46.114138],[-122.957673,46.114077],[-122.95762,46.114049],[-122.956588,46.114048],[-122.956527,46.114076],[-122.956518,46.114137],[-122.956307,46.114142],[-122.956265,46.114171],[-122.956259,46.114227],[-122.956055,46.11423],[-122.956006,46.114261],[-122.956,46.114317],[-122.955871,46.114317],[-122.955871,46.114227],[-122.955977,46.114212],[-122.956,46.114137],[-122.956116,46.114113],[-122.95613,46.114047],[-122.956477,46.114041],[-122.956515,46.114009],[-122.956518,46.113958],[-122.956722,46.113955],[-122.956771,46.113924],[-122.956777,46.113868],[-122.957001,46.113859],[-122.957036,46.113778],[-122.957152,46.113754],[-122.957165,46.113688],[-122.957294,46.113688],[-122.9573,46.113744],[-122.95735,46.113776],[-122.957553,46.113778],[-122.957571,46.113848],[-122.957683,46.113868],[-122.957692,46.113929],[-122.957745,46.113957],[-122.957907,46.113949],[-122.957942,46.113868],[-122.958459,46.113868],[-122.958447,46.114019],[-122.958494,46.114046],[-122.958588,46.114048]]]}},{"type":"Feature","properties":{"id":60,"area_m2":4200,"px":42,"rank":22,"persistent":false},"geometry":{"type":"Polygon","coordinates":[[[-122.988479,46.128906],[-122.988479,46.129085],[-122.988288,46.129072],[-122.988226,46.129105],[-122.98822,46.129355],[-122.987996,46.129365],[-122.987961,46.129445],[-122.987845,46.129469],[-122.987832,46.129535],[-122.987573,46.129535],[-122.98757,46.129394],[-122.987503,46.129356],[-122.987096,46.129362],[-122.987057,46.129399],[-122.987055,46.129535],[-122.986926,46.129535],[-122.986903,46.129461],[-122.986796,46.129445],[-122.986797,46.129265],[-122.986903,46.129249],[-122.986926,46.129175],[-122.987042,46.129151],[-122.987055,46.129085],[-122.987185,46.129085],[-122.987253,46.129109],[-122.987314,46.129085],[-122.987647,46.129083],[-122.987697,46.129052],[-122.987703,46.128995],[-122.987819,46.128971],[-122.987832,46.128905],[-122.988091,46.128905],[-122.988152,46.12893],[-122.98822,46.128906],[-122.988479,46.128906]],[[-122.987959,46.129083],[-122.987908,46.129062],[-122.98785,46.129072],[-122.987813,46.129114],[-122.987829,46.129155],[-122.987882,46.129175],[-122.987954,46.129163],[-122.987981,46.129125],[-122.987959,46.129083]]]}},{"type":"Feature","properties":{"id":139,"area_m2":4100,"px":41,"rank":23,"persistent":false},"geometry":{"type":"Polygon","coordinates":[[[-122.97269,46.121973],[-122.97269,46.122063],[-122.972432,46.122063],[-122.972409,46.121988],[-122.972302,46.121973],[-122.972302,46.121841],[-122.972274,46.121805],[-122.971914,46.121792],[-122.971896,46.121542],[-122.971785,46.121522],[-122.971779,46.121466],[-122.971737,46.121437],[-122.971526,46.121432],[-122.971503,46.121358],[-122.971396,46.121342],[-122.971383,46.121276],[-122.971267,46.121252],[-122.971239,46.121175],[-122.971138,46.121162],[-122.971138,46.121072],[-122.971785,46.121072],[-122.971788,46.121124],[-122.971826,46.121156],[-122.972043,46.121163],[-122.972061,46.121323],[-122.972173,46.121343],[-122.972207,46.121423],[-122.972302,46.121433],[-122.972331,46.12151],[-122.972432,46.121523],[-122.972441,46.121944],[-122.972494,46.121972],[-122.97269,46.121973]]]}},{"type":"Feature","properties":{"id":112,"area_m2":4000,"px":40,"rank":24,"persistent":false},"geometry":{"type":"Polygon","coordinates":[[[-122.976831,46.124764],[-122.976831,46.125034],[-122.976642,46.125034],[-122.97659,46.125053],[-122.976572,46.125304],[-122.976465,46.125319],[-122.976442,46.125393],[-122.976313,46.125393],[-122.976252,46.125369],[-122.976183,46.125393],[-122.976054,46.125393],[-122.976051,46.125342],[-122.976013,46.12531],[-122.975795,46.125303],[-122.975795,46.125033],[-122.975925,46.125034],[-122.975986,46.125058],[-122.976054,46.125034],[-122.976313,46.125034],[-122.976382,46.125058],[-122.976517,46.125031],[-122.976566,46.125],[-122.976572,46.124944],[-122.976646,46.124941],[-122.976692,46.124915],[-122.976701,46.124812],[-122.976646,46.124766],[-122.976443,46.124763],[-122.976382,46.124739],[-122.976313,46.124763],[-122.975796,46.124763],[-122.975773,46.124689],[-122.975666,46.124673],[-122.975666,46.124583],[-122.975925,46.124584],[-122.975928,46.124635],[-122.975966,46.124667],[-122.976143,46.124667],[-122.976182,46.12463],[-122.976182,46.124537],[-122.976143,46.1245],[-122.976054,46.124493],[-122.976055,46.124404],[-122.976258,46.124401],[-122.976307,46.12437],[-122.976313,46.124314],[-122.976443,46.124314],[-122.976435,46.124469],[-122.976493,46.124493],[-122.976701,46.124494],[-122.976701,46.124584],[-122.976667,46.124631],[-122.976705,46.124725],[-122.976749,46.12476],[-122.976831,46.124764]]]}},{"type":"Feature","properties":{"id":191,"area_m2":3500,"px":35,"rank":25,"persistent":false},"geometry":{"type":"Polygon","coordinates":[[[-122.957167,46.111708],[-122.957166,46.111888],[-122.95695,46.111889],[-122.956893,46.111922],[-122.956907,46.112158],[-122.956199,46.112144],[-122.956137,46.112177],[-122.956131,46.112247],[-122.956002,46.112247],[-122.956002,46.112067],[-122.956097,46.112058],[-122.956131,46.111977],[-122.956248,46.111953],[-122.956261,46.111797],[-122.956355,46.111795],[-122.956405,46.111763],[-122.956391,46.111527],[-122.956649,46.111528],[-122.956653,46.111579],[-122.95669,46.111611],[-122.956908,46.111618],[-122.956914,46.111674],[-122.956963,46.111705],[-122.957167,46.111708]]]}},{"type":"Feature","properties":{"id":188,"area_m2":3400,"px":34,"rank":26,"persistent":false},"geometry":{"type":"Polygon","coordinates":[[[-122.961048,46.112339],[-122.961048,46.112609],[-122.96083,46.112615],[-122.960793,46.112647],[-122.960789,46.112699],[-122.960456,46.112701],[-122.960407,46.112732],[-122.960399,46.112789],[-122.960142,46.112789],[-122.960108,46.112708],[-122.959954,46.112699],[-122.959893,46.112727],[-122.959883,46.112789],[-122.959754,46.112789],[-122.959754,46.112609],[-122.959871,46.112585],[-122.959884,46.112429],[-122.95999,46.112413],[-122.960013,46.112339],[-122.960272,46.112339],[-122.960275,46.112391],[-122.960313,46.112422],[-122.960547,46.112437],[-122.960536,46.112499],[-122.960606,46.112533],[-122.960669,46.112514],[-122.960694,46.112482],[-122.960644,46.112421],[-122.96066,46.112249],[-122.960767,46.112233],[-122.96079,46.112159],[-122.960919,46.112159],[-122.960928,46.112311],[-122.960974,46.112337],[-122.961048,46.112339]]]}},{"type":"Feature","properties":{"id":67,"area_m2":3300,"px":33,"rank":27,"persistent":false},"geometry":{"type":"Polygon","coordinates":[[[-122.9789,46.128904],[-122.9789,46.129174],[-122.978771,46.129174],[-122.978748,46.12892],[-122.978383,46.128904],[-122.978377,46.128834],[-122.978322,46.128802],[-122.978137,46.128838],[-122.978124,46.128994],[-122.977865,46.128994],[-122.977852,46.128838],[-122.977735,46.128814],[-122.977701,46.128733],[-122.977606,46.128724],[-122.977578,46.128646],[-122.977477,46.128634],[-122.977477,46.128544],[-122.977606,46.128544],[-122.977675,46.128568],[-122.97781,46.128542],[-122.977859,46.128511],[-122.977867,46.128454],[-122.977994,46.128454],[-122.978004,46.128515],[-122.978057,46.128543],[-122.978512,46.128544],[-122.978535,46.128618],[-122.978641,46.128634],[-122.978676,46.128715],[-122.978771,46.128724],[-122.978788,46.128884],[-122.9789,46.128904]]]}},{"type":"Feature","properties":{"id":159,"area_m2":3300,"px":33,"rank":28,"persistent":false},"geometry":{"type":"Polygon","coordinates":[[[-122.963762,46.11792],[-122.963762,46.1181],[-122.963503,46.1181],[-122.963486,46.11803],[-122.963374,46.11801],[-122.963361,46.117944],[-122.963245,46.11792],[-122.96321,46.117839],[-122.962986,46.11783],[-122.962973,46.117764],[-122.962857,46.11774],[-122.962851,46.117683],[-122.962809,46.117654],[-122.962598,46.11765],[-122.96258,46.117399],[-122.962528,46.11738],[-122.962339,46.11738],[-122.962316,46.117305],[-122.96221,46.11729],[-122.962192,46.117219],[-122.96208,46.117199],[-122.962046,46.117119],[-122.961951,46.117109],[-122.961923,46.117032],[-122.961822,46.117019],[-122.961793,46.116942],[-122.961692,46.116929],[-122.961692,46.116839],[-122.961951,46.11684],[-122.961957,46.116986],[-122.961999,46.117015],[-122.96208,46.11702],[-122.962109,46.117097],[-122.962339,46.11711],[-122.962357,46.11718],[-122.962469,46.1172],[-122.962503,46.117281],[-122.962598,46.11729],[-122.962621,46.117364],[-122.962857,46.11738],[-122.96287,46.117446],[-122.962986,46.11747],[-122.962989,46.117522],[-122.963027,46.117554],[-122.963245,46.11756],[-122.963267,46.117737],[-122.96332,46.117754],[-122.963504,46.11774],[-122.963526,46.117904],[-122.963762,46.11792]]]}},{"type":"Feature","properties":{"id":78,"area_m2":3200,"px":32,"rank":29,"persistent":false},"geometry":{"type":"Polygon","coordinates":[[[-122.984593,46.128006],[-122.984562,46.128053],[-122.984596,46.128095],[-122.984596,46.128185],[-122.984467,46.128185],[-122.984454,46.128119],[-122.984337,46.128095],[-122.984315,46.128021],[-122.984154,46.127981],[-122.983977,46.128017],[-122.983949,46.128095],[-122.98369,46.128095],[-122.98369,46.128005],[-122.983778,46.127999],[-122.983818,46.127961],[-122.98382,46.127825],[-122.983854,46.127777],[-122.983816,46.127683],[-122.983765,46.127647],[-122.983623,46.127646],[-122.98357,46.127673],[-122.983561,46.127735],[-122.983431,46.127735],[-122.983409,46.127661],[-122.983302,46.127645],[-122.983302,46.127555],[-122.983397,46.127546],[-122.983431,46.127501],[-122.983418,46.127399],[-122.983302,46.127375],[-122.983302,46.127195],[-122.983431,46.127195],[-122.983454,46.127269],[-122.983607,46.127307],[-122.98369,46.127285],[-122.983949,46.127285],[-122.983949,46.127375],[-122.983868,46.127379],[-122.983826,46.127408],[-122.983812,46.12753],[-122.983854,46.127552],[-122.983949,46.127555],[-122.983967,46.127625],[-122.984078,46.127645],[-122.984096,46.127715],[-122.984208,46.127735],[-122.984221,46.127801],[-122.984337,46.127825],[-122.984372,46.127906],[-122.984596,46.127915],[-122.984593,46.128006]]]}},{"type":"Feature","properties":{"id":77,"area_m2":2900,"px":29,"rank":30,"persistent":false},"geometry":{"type":"Polygon","coordinates":[[[-122.973461,46.128004],[-122.973429,46.128051],[-122.973464,46.128093],[-122.973464,46.128273],[-122.973335,46.128273],[-122.973321,46.128207],[-122.973257,46.128183],[-122.97311,46.128192],[-122.973075,46.128273],[-122.972558,46.128273],[-122.972558,46.128183],[-122.972747,46.128183],[-122.972799,46.128163],[-122.972816,46.128052],[-122.972776,46.128009],[-122.972687,46.128003],[-122.972684,46.127951],[-122.972646,46.127919],[-122.972429,46.127913],[-122.972429,46.127643],[-122.972558,46.127643],[-122.972564,46.127699],[-122.972613,46.12773],[-122.972817,46.127733],[-122.972818,46.127869],[-122.972879,46.127912],[-122.973143,46.127912],[-122.973196,46.127884],[-122.973205,46.127823],[-122.973464,46.127823],[-122.973461,46.128004]]]}},{"type":"Feature","properties":{"id":71,"area_m2":2800,"px":28,"rank":31,"persistent":false},"geometry":{"type":"Polygon","coordinates":[[[-122.989256,46.128276],[-122.989256,46.128365],[-122.989149,46.128381],[-122.989127,46.128455],[-122.988909,46.128462],[-122.988871,46.128494],[-122.988868,46.128545],[-122.988738,46.128545],[-122.988732,46.128489],[-122.988683,46.128458],[-122.988514,46.128465],[-122.988479,46.128545],[-122.988363,46.128569],[-122.98835,46.128635],[-122.988238,46.128655],[-122.98822,46.128725],[-122.988109,46.128745],[-122.988091,46.128815],[-122.987962,46.128815],[-122.987901,46.128791],[-122.987832,46.128815],[-122.987703,46.128815],[-122.987703,46.128635],[-122.987933,46.128623],[-122.987962,46.128545],[-122.988057,46.128536],[-122.988091,46.128455],[-122.988203,46.128436],[-122.988221,46.128365],[-122.988539,46.128365],[-122.988603,46.128332],[-122.988591,46.128205],[-122.988539,46.128186],[-122.98835,46.128185],[-122.988327,46.128111],[-122.988221,46.128095],[-122.988221,46.128005],[-122.98835,46.128005],[-122.988356,46.128062],[-122.988405,46.128093],[-122.988609,46.128096],[-122.988622,46.128161],[-122.988738,46.128186],[-122.988744,46.128242],[-122.988786,46.128271],[-122.988997,46.128276],[-122.989058,46.1283],[-122.989127,46.128276],[-122.989256,46.128276]]]}},{"type":"Feature","properties":{"id":118,"area_m2":2600,"px":26,"rank":32,"persistent":false},"geometry":{"type":"Polygon","coordinates":[[[-122.97942,46.124224],[-122.97942,46.124314],[-122.979236,46.1243],[-122.979173,46.124325],[-122.979161,46.124584],[-122.979054,46.1246],[-122.979031,46.124674],[-122.978773,46.124674],[-122.978763,46.124433],[-122.978703,46.124404],[-122.978384,46.124404],[-122.978375,46.124252],[-122.978329,46.124226],[-122.978255,46.124224],[-122.978255,46.124044],[-122.978384,46.124044],[-122.97839,46.124191],[-122.978432,46.12422],[-122.978514,46.124224],[-122.978542,46.124302],[-122.978703,46.124314],[-122.978763,46.124285],[-122.978773,46.124224],[-122.978884,46.124204],[-122.978902,46.124134],[-122.979018,46.12411],[-122.979032,46.123954],[-122.979161,46.123954],[-122.979174,46.12411],[-122.97929,46.124134],[-122.979325,46.124215],[-122.97942,46.124224]]]}},{"type":"Feature","properties":{"id":135,"area_m2":2600,"px":26,"rank":33,"persistent":false},"geometry":{"type":"Polygon","coordinates":[[[-122.975667,46.122603],[-122.975667,46.122873],[-122.975408,46.122873],[-122.975347,46.122849],[-122.975278,46.122873],[-122.975149,46.122873],[-122.975169,46.122654],[-122.975114,46.122606],[-122.974945,46.122606],[-122.974896,46.122637],[-122.97489,46.122693],[-122.974761,46.122693],[-122.974761,46.122603],[-122.974796,46.122555],[-122.974748,46.122447],[-122.974691,46.122423],[-122.974502,46.122423],[-122.974502,46.122333],[-122.974584,46.122329],[-122.974626,46.1223],[-122.974626,46.122186],[-122.974569,46.122154],[-122.974373,46.122153],[-122.97435,46.122079],[-122.974244,46.122063],[-122.974244,46.121973],[-122.974278,46.121931],[-122.974244,46.121883],[-122.974244,46.121793],[-122.974373,46.121793],[-122.974396,46.121867],[-122.974502,46.121883],[-122.974537,46.121964],[-122.974632,46.121973],[-122.974641,46.122125],[-122.974687,46.122151],[-122.974761,46.122153],[-122.974767,46.12239],[-122.974809,46.122419],[-122.97489,46.122423],[-122.974919,46.122501],[-122.975216,46.122512],[-122.97527,46.122485],[-122.975279,46.122423],[-122.975408,46.122423],[-122.975408,46.122513],[-122.975373,46.122556],[-122.975394,46.122595],[-122.975469,46.122627],[-122.975538,46.122603],[-122.975667,46.122603]]]}},{"type":"Feature","properties":{"id":179,"area_m2":2500,"px":25,"rank":34,"persistent":false},"geometry":{"type":"Polygon","coordinates":[[[-122.962471,46.11423],[-122.962469,46.11432],[-122.962341,46.11432],[-122.962335,46.114263],[-122.962286,46.114232],[-122.962123,46.114236],[-122.962084,46.114273],[-122.962082,46.114409],[-122.961953,46.114409],[-122.96193,46.114335],[-122.961824,46.114319],[-122.961822,46.114183],[-122.961783,46.114146],[-122.961483,46.114143],[-122.961441,46.114173],[-122.961435,46.114229],[-122.961319,46.114253],[-122.961306,46.114319],[-122.961178,46.114319],[-122.961177,46.114139],[-122.961283,46.114123],[-122.961306,46.114049],[-122.96166,46.11404],[-122.961694,46.113959],[-122.961776,46.113955],[-122.961818,46.113926],[-122.961824,46.113779],[-122.961953,46.11378],[-122.961971,46.11394],[-122.962023,46.113959],[-122.962212,46.11396],[-122.962235,46.114034],[-122.962341,46.11405],[-122.962354,46.114206],[-122.962471,46.11423]]]}},{"type":"Feature","properties":{"id":166,"area_m2":2400,"px":24,"rank":35,"persistent":false},"geometry":{"type":"Polygon","coordinates":[[[-122.955222,46.115937],[-122.955222,46.116117],[-122.954996,46.116113],[-122.954963,46.116207],[-122.954856,46.116223],[-122.954834,46.116297],[-122.954575,46.116297],[-122.954506,46.116273],[-122.954339,46.116313],[-122.954316,46.116477],[-122.954221,46.116486],[-122.954186,46.116567],[-122.954105,46.116571],[-122.954063,46.1166],[-122.954057,46.116747],[-122.953927,46.116746],[-122.953905,46.116672],[-122.953798,46.116656],[-122.953798,46.116567],[-122.95388,46.116562],[-122.953924,46.116528],[-122.953928,46.116387],[-122.954147,46.116394],[-122.954183,46.116362],[-122.954187,46.116297],[-122.954281,46.116288],[-122.954316,46.116207],[-122.954432,46.116183],[-122.954446,46.115937],[-122.954575,46.115937],[-122.954581,46.116007],[-122.954628,46.116038],[-122.954793,46.116021],[-122.954831,46.115989],[-122.954834,46.115937],[-122.954915,46.115933],[-122.954957,46.115904],[-122.954965,46.115757],[-122.955093,46.115757],[-122.955102,46.115908],[-122.955148,46.115935],[-122.955222,46.115937]]]}},{"type":"Feature","properties":{"id":52,"area_m2":2200,"px":22,"rank":36,"persistent":false},"geometry":{"type":"Polygon","coordinates":[[[-122.97657,46.129804],[-122.97657,46.129984],[-122.976244,46.129985],[-122.976191,46.130012],[-122.976181,46.130074],[-122.976052,46.130073],[-122.976029,46.129999],[-122.975923,46.129983],[-122.975888,46.129903],[-122.975793,46.129893],[-122.97577,46.129729],[-122.975664,46.129713],[-122.975646,46.129643],[-122.975534,46.129623],[-122.975521,46.129557],[-122.975405,46.129533],[-122.975371,46.129453],[-122.975146,46.129443],[-122.975143,46.129302],[-122.975098,46.129267],[-122.975017,46.129263],[-122.975017,46.129173],[-122.975146,46.129173],[-122.975164,46.129244],[-122.975276,46.129263],[-122.975293,46.129334],[-122.975405,46.129353],[-122.975423,46.129424],[-122.975534,46.129443],[-122.975552,46.129514],[-122.975664,46.129534],[-122.975677,46.129599],[-122.975793,46.129624],[-122.975797,46.129675],[-122.975834,46.129707],[-122.976052,46.129714],[-122.976065,46.12978],[-122.97613,46.129804],[-122.976276,46.129794],[-122.976311,46.129714],[-122.97644,46.129714],[-122.976463,46.129788],[-122.97657,46.129804]]]}},{"type":"Feature","properties":{"id":66,"area_m2":2200,"px":22,"rank":37,"persistent":false},"geometry":{"type":"Polygon","coordinates":[[[-122.982913,46.129085],[-122.982913,46.129355],[-122.982654,46.129355],[-122.982651,46.129303],[-122.982613,46.129271],[-122.982395,46.129265],[-122.982395,46.129175],[-122.98243,46.129127],[-122.982373,46.129011],[-122.982007,46.128995],[-122.982007,46.128905],[-122.982089,46.128901],[-122.982133,46.128866],[-122.982135,46.128678],[-122.982074,46.128636],[-122.981878,46.128635],[-122.981878,46.128545],[-122.982081,46.128542],[-122.982131,46.128511],[-122.982137,46.128455],[-122.982266,46.128455],[-122.982266,46.128761],[-122.982289,46.128799],[-122.98247,46.128812],[-122.982519,46.128781],[-122.982525,46.128725],[-122.982654,46.128725],[-122.982654,46.128815],[-122.982548,46.128831],[-122.982492,46.128937],[-122.982538,46.129061],[-122.982715,46.129109],[-122.982784,46.129085],[-122.982913,46.129085]]]}},{"type":"Feature","properties":{"id":164,"area_m2":2200,"px":22,"rank":38,"persistent":false},"geometry":{"type":"Polygon","coordinates":[[[-122.959492,46.116659],[-122.959492,46.116749],[-122.958845,46.116748],[-122.958836,46.116417],[-122.95879,46.116391],[-122.958716,46.116388],[-122.95871,46.116332],[-122.958668,46.116302],[-122.958457,46.116298],[-122.958457,46.116208],[-122.959363,46.116209],[-122.959363,46.116299],[-122.959268,46.116308],[-122.959234,46.116389],[-122.959152,46.116393],[-122.95911,46.116422],[-122.959106,46.116615],[-122.959167,46.116658],[-122.959492,46.116659]]]}},{"type":"Feature","properties":{"id":43,"area_m2":2100,"px":21,"rank":39,"persistent":false},"geometry":{"type":"Polygon","coordinates":[[[-122.985243,46.129895],[-122.985243,46.130255],[-122.985018,46.130264],[-122.984984,46.130345],[-122.984868,46.130369],[-122.984854,46.130435],[-122.984529,46.130436],[-122.984475,46.130464],[-122.984466,46.130525],[-122.984337,46.130525],[-122.984337,46.130435],[-122.984371,46.130393],[-122.984337,46.130345],[-122.984337,46.130165],[-122.984562,46.130169],[-122.984596,46.130075],[-122.984702,46.130059],[-122.984725,46.129985],[-122.984854,46.129985],[-122.98486,46.130042],[-122.984902,46.130071],[-122.985065,46.130071],[-122.985112,46.130032],[-122.985114,46.129895],[-122.985243,46.129895]]]}},{"type":"Feature","properties":{"id":154,"area_m2":2100,"px":21,"rank":40,"persistent":false},"geometry":{"type":"Polygon","coordinates":[[[-122.968162,46.118732],[-122.968162,46.118821],[-122.967966,46.118822],[-122.967909,46.118855],[-122.967869,46.118954],[-122.967903,46.119001],[-122.967903,46.119361],[-122.967774,46.119361],[-122.967756,46.119021],[-122.967644,46.119001],[-122.967638,46.118945],[-122.967589,46.118914],[-122.967256,46.118911],[-122.967256,46.118821],[-122.967358,46.118817],[-122.967403,46.118781],[-122.967386,46.118551],[-122.967597,46.118547],[-122.967639,46.118518],[-122.967645,46.118461],[-122.967848,46.118459],[-122.967898,46.118428],[-122.967904,46.118371],[-122.968033,46.118371],[-122.968033,46.118461],[-122.967938,46.11847],[-122.967903,46.118551],[-122.967829,46.118554],[-122.967783,46.11858],[-122.967777,46.118707],[-122.967842,46.118745],[-122.968162,46.118732]]]}},{"type":"Feature","properties":{"id":158,"area_m2":2100,"px":21,"rank":41,"persistent":false},"geometry":{"type":"Polygon","coordinates":[[[-122.966739,46.117921],[-122.966739,46.118011],[-122.966533,46.118],[-122.966486,46.118031],[-122.96648,46.118101],[-122.966351,46.118101],[-122.966333,46.118031],[-122.966221,46.118011],[-122.966187,46.11793],[-122.966092,46.117921],[-122.966064,46.117843],[-122.965963,46.117831],[-122.965934,46.117753],[-122.965704,46.117741],[-122.965704,46.117651],[-122.965798,46.117648],[-122.965848,46.117616],[-122.965827,46.117504],[-122.965771,46.117472],[-122.965575,46.117471],[-122.965552,46.117396],[-122.965445,46.117381],[-122.965445,46.117291],[-122.965575,46.117291],[-122.96558,46.117347],[-122.96563,46.117378],[-122.965833,46.117381],[-122.965846,46.117447],[-122.965963,46.117471],[-122.965969,46.117527],[-122.966018,46.117558],[-122.966174,46.117557],[-122.966216,46.117528],[-122.966222,46.117471],[-122.966351,46.117471],[-122.966351,46.117561],[-122.966269,46.117565],[-122.966225,46.117599],[-122.966235,46.117717],[-122.966351,46.117741],[-122.966354,46.117793],[-122.966392,46.117825],[-122.96661,46.117831],[-122.966632,46.117905],[-122.966739,46.117921]]]}},{"type":"Feature","properties":{"id":10,"area_m2":2000,"px":20,"rank":42,"persistent":false},"geometry":{"type":"Polygon","coordinates":[[[-122.986536,46.133855],[-122.986536,46.133945],[-122.986019,46.133945],[-122.986005,46.133879],[-122.985889,46.133855],[-122.985886,46.133804],[-122.985848,46.133772],[-122.985699,46.133741],[-122.98563,46.133765],[-122.985501,46.133765],[-122.985478,46.133691],[-122.985371,46.133675],[-122.985358,46.133609],[-122.985242,46.133585],[-122.985214,46.133507],[-122.985113,46.133495],[-122.985113,46.133405],[-122.985242,46.133405],[-122.985255,46.133471],[-122.985371,46.133495],[-122.985377,46.133552],[-122.985426,46.133583],[-122.986019,46.133585],[-122.986047,46.133663],[-122.986277,46.133675],[-122.9863,46.133749],[-122.986407,46.133765],[-122.986441,46.133846],[-122.986536,46.133855]]]}},{"type":"Feature","properties":{"id":51,"area_m2":2000,"px":20,"rank":43,"persistent":false},"geometry":{"type":"Polygon","coordinates":[[[-122.981098,46.129716],[-122.981066,46.129762],[-122.9811,46.129805],[-122.9811,46.129894],[-122.981026,46.129897],[-122.98098,46.129923],[-122.980971,46.130074],[-122.980712,46.130074],[-122.980709,46.130023],[-122.980671,46.129991],[-122.980453,46.129984],[-122.980444,46.129833],[-122.980398,46.129807],[-122.980324,46.129804],[-122.980289,46.129723],[-122.980195,46.129714],[-122.980209,46.129569],[-122.98016,46.129537],[-122.980065,46.129534],[-122.980065,46.129444],[-122.980391,46.129443],[-122.980444,46.129416],[-122.980454,46.129354],[-122.980712,46.129354],[-122.98073,46.129515],[-122.980842,46.129535],[-122.980848,46.129591],[-122.98089,46.12962],[-122.981101,46.129625],[-122.981098,46.129716]],[[-122.980965,46.129861],[-122.980974,46.129735],[-122.980842,46.129714],[-122.980829,46.129648],[-122.980712,46.129624],[-122.980678,46.129544],[-122.980523,46.129535],[-122.980467,46.129558],[-122.980419,46.129667],[-122.980457,46.129766],[-122.980501,46.1298],[-122.980583,46.129804],[-122.980617,46.129885],[-122.980773,46.129919],[-122.980916,46.129892],[-122.980965,46.129861]]]}},{"type":"Feature","properties":{"id":101,"area_m2":2000,"px":20,"rank":44,"persistent":false},"geometry":{"type":"Polygon","coordinates":[[[-122.977607,46.126024],[-122.977607,46.126294],[-122.977348,46.126294],[-122.97738,46.126146],[-122.977325,46.12604],[-122.977219,46.126024],[-122.977201,46.125863],[-122.977149,46.125844],[-122.97696,46.125844],[-122.976954,46.125787],[-122.976905,46.125756],[-122.976572,46.125754],[-122.976572,46.125664],[-122.976687,46.125654],[-122.976717,46.125592],[-122.97664,46.125549],[-122.976561,46.125585],[-122.976442,46.125574],[-122.976442,46.125484],[-122.976549,46.125468],[-122.976572,46.125394],[-122.976701,46.125394],[-122.976724,46.125468],[-122.976831,46.125484],[-122.976865,46.125565],[-122.97696,46.125574],[-122.97696,46.125705],[-122.976994,46.125745],[-122.977478,46.125754],[-122.977481,46.125985],[-122.977526,46.12602],[-122.977607,46.126024]]]}},{"type":"Feature","properties":{"id":116,"area_m2":2000,"px":20,"rank":45,"persistent":false},"geometry":{"type":"Polygon","coordinates":[[[-122.973724,46.124673],[-122.973724,46.124763],[-122.97363,46.124772],[-122.973595,46.124853],[-122.9735,46.124855],[-122.973454,46.124883],[-122.973465,46.125033],[-122.973336,46.125033],[-122.973313,46.124959],[-122.973207,46.124943],[-122.973207,46.124853],[-122.973295,46.124846],[-122.973335,46.124809],[-122.973336,46.124632],[-122.973302,46.124592],[-122.972989,46.124589],[-122.972949,46.124626],[-122.972948,46.124763],[-122.972818,46.124763],[-122.972819,46.124583],[-122.972913,46.124574],[-122.972948,46.124493],[-122.973029,46.124489],[-122.973074,46.124454],[-122.973078,46.124223],[-122.973207,46.124223],[-122.973208,46.124449],[-122.973269,46.124492],[-122.973438,46.124494],[-122.973465,46.124458],[-122.973466,46.124313],[-122.973595,46.124313],[-122.973597,46.124629],[-122.973636,46.124667],[-122.973724,46.124673]]]}},{"type":"Feature","properties":{"id":192,"area_m2":2000,"px":20,"rank":46,"persistent":false},"geometry":{"type":"Polygon","coordinates":[[[-122.958978,46.111618],[-122.958978,46.111708],[-122.958754,46.111717],[-122.958719,46.111798],[-122.958603,46.111822],[-122.95859,46.111888],[-122.958331,46.111888],[-122.958309,46.111814],[-122.958202,46.111798],[-122.958167,46.111717],[-122.958073,46.111708],[-122.958073,46.111618],[-122.958161,46.111612],[-122.958201,46.111575],[-122.958202,46.111348],[-122.958332,46.111348],[-122.958345,46.111414],[-122.958461,46.111438],[-122.958464,46.11149],[-122.958502,46.111522],[-122.95872,46.111528],[-122.958726,46.111585],[-122.958775,46.111616],[-122.958978,46.111618]]]}},{"type":"Feature","properties":{"id":37,"area_m2":1900,"px":19,"rank":47,"persistent":false},"geometry":{"type":"Polygon","coordinates":[[[-122.984722,46.130796],[-122.98469,46.130843],[-122.984725,46.130885],[-122.984725,46.130975],[-122.984337,46.130975],[-122.984333,46.130923],[-122.984295,46.130891],[-122.984078,46.130885],[-122.984055,46.130811],[-122.983948,46.130795],[-122.983956,46.13055],[-122.983898,46.130525],[-122.983689,46.130525],[-122.983689,46.130435],[-122.984207,46.130435],[-122.984207,46.130746],[-122.98427,46.130794],[-122.984391,46.130809],[-122.984449,46.130789],[-122.984466,46.130615],[-122.984725,46.130615],[-122.984722,46.130796]]]}},{"type":"Feature","properties":{"id":63,"area_m2":1900,"px":19,"rank":48,"persistent":false},"geometry":{"type":"Polygon","coordinates":[[[-122.99068,46.129266],[-122.99068,46.129356],[-122.990423,46.129356],[-122.990398,46.129281],[-122.990292,46.129266],[-122.990278,46.12902],[-122.990162,46.128996],[-122.990128,46.128915],[-122.990033,46.128906],[-122.990004,46.128828],[-122.989903,46.128816],[-122.989875,46.128738],[-122.989774,46.128726],[-122.989745,46.128648],[-122.989644,46.128636],[-122.989644,46.128546],[-122.989903,46.128546],[-122.989907,46.128597],[-122.989944,46.128629],[-122.990162,46.128636],[-122.990185,46.1288],[-122.990421,46.128816],[-122.990409,46.128966],[-122.990456,46.128993],[-122.99055,46.128996],[-122.990556,46.129232],[-122.990598,46.129262],[-122.99068,46.129266]]]}},{"type":"Feature","properties":{"id":107,"area_m2":1900,"px":19,"rank":49,"persistent":false},"geometry":{"type":"Polygon","coordinates":[[[-122.970618,46.125392],[-122.970617,46.125662],[-122.970529,46.125669],[-122.970488,46.125711],[-122.970488,46.126022],[-122.970359,46.126022],[-122.970357,46.125796],[-122.970318,46.125759],[-122.970229,46.125752],[-122.970229,46.125662],[-122.970264,46.125614],[-122.97022,46.125511],[-122.970174,46.125484],[-122.9701,46.125482],[-122.970065,46.125401],[-122.969971,46.125392],[-122.969967,46.12534],[-122.969929,46.125308],[-122.969712,46.125302],[-122.969712,46.125122],[-122.969841,46.125122],[-122.969854,46.125188],[-122.969919,46.125212],[-122.970065,46.125203],[-122.9701,46.125122],[-122.970229,46.125122],[-122.970252,46.125196],[-122.970359,46.125212],[-122.970359,46.125302],[-122.970257,46.125306],[-122.970211,46.125347],[-122.970233,46.125444],[-122.970277,46.125478],[-122.97044,46.125478],[-122.970482,46.125449],[-122.970488,46.125392],[-122.970618,46.125392]]]}},{"type":"Feature","properties":{"id":123,"area_m2":1900,"px":19,"rank":50,"persistent":false},"geometry":{"type":"Polygon","coordinates":[[[-122.967123,46.124131],[-122.967123,46.124311],[-122.966994,46.124311],[-122.966988,46.124241],[-122.966934,46.124209],[-122.966606,46.124221],[-122.966583,46.124147],[-122.966476,46.124131],[-122.966463,46.124065],[-122.966347,46.124041],[-122.966319,46.123963],[-122.966218,46.123951],[-122.966218,46.123681],[-122.966477,46.123681],[-122.966499,46.123755],[-122.966606,46.123771],[-122.966641,46.123852],[-122.966735,46.123861],[-122.966757,46.124039],[-122.96681,46.124055],[-122.966994,46.124041],[-122.967017,46.124115],[-122.967123,46.124131]]]}},{"type":"Feature","properties":{"id":72,"area_m2":1800,"px":18,"rank":51,"persistent":false},"geometry":{"type":"Polygon","coordinates":[[[-122.985243,46.128635],[-122.985243,46.128725],[-122.985137,46.128741],[-122.985114,46.128815],[-122.984855,46.128815],[-122.984853,46.128679],[-122.984792,46.128636],[-122.984644,46.128639],[-122.984602,46.128668],[-122.984596,46.128725],[-122.984467,46.128725],[-122.984474,46.12857],[-122.984432,46.128547],[-122.984337,46.128545],[-122.984314,46.128471],[-122.984208,46.128455],[-122.984195,46.128389],[-122.984078,46.128365],[-122.98405,46.128287],[-122.983949,46.128275],[-122.983949,46.128185],[-122.984078,46.128185],[-122.984091,46.128251],[-122.984208,46.128275],[-122.984214,46.128332],[-122.984263,46.128363],[-122.984398,46.128389],[-122.984467,46.128365],[-122.984725,46.128365],[-122.984743,46.128435],[-122.984855,46.128455],[-122.984889,46.128536],[-122.984984,46.128545],[-122.985013,46.128623],[-122.985243,46.128635]]]}},{"type":"Feature","properties":{"id":140,"area_m2":1800,"px":18,"rank":52,"persistent":false},"geometry":{"type":"Polygon","coordinates":[[[-122.96376,46.12188],[-122.96376,46.12206],[-122.963632,46.12206],[-122.96363,46.121929],[-122.963596,46.121889],[-122.96344,46.121856],[-122.963371,46.12188],[-122.963242,46.12188],[-122.963242,46.12179],[-122.963277,46.121742],[-122.963236,46.121643],[-122.963194,46.121614],[-122.963113,46.12161],[-122.963095,46.12145],[-122.962984,46.12143],[-122.962949,46.121349],[-122.962854,46.12134],[-122.962851,46.121198],[-122.962806,46.121164],[-122.962725,46.12116],[-122.962725,46.12107],[-122.963113,46.12107],[-122.963136,46.121144],[-122.963242,46.12116],[-122.963242,46.12125],[-122.963161,46.121254],[-122.963116,46.121288],[-122.963122,46.121401],[-122.963168,46.121428],[-122.963242,46.12143],[-122.963277,46.121511],[-122.963372,46.12152],[-122.963394,46.121684],[-122.963501,46.1217],[-122.963514,46.121766],[-122.96363,46.12179],[-122.963659,46.121868],[-122.96376,46.12188]]]}},{"type":"Feature","properties":{"id":175,"area_m2":1800,"px":18,"rank":53,"persistent":false},"geometry":{"type":"Polygon","coordinates":[[[-122.963114,46.114861],[-122.963083,46.114907],[-122.963117,46.11495],[-122.963117,46.11504],[-122.963029,46.115046],[-122.962989,46.115083],[-122.962987,46.11531],[-122.962858,46.11531],[-122.962849,46.115248],[-122.962796,46.115221],[-122.96247,46.11522],[-122.96247,46.11513],[-122.962577,46.115114],[-122.96261,46.115029],[-122.962791,46.115053],[-122.962858,46.115005],[-122.962855,46.114885],[-122.962798,46.114847],[-122.962628,46.114872],[-122.962589,46.114961],[-122.96247,46.11495],[-122.96247,46.11486],[-122.962505,46.114817],[-122.96247,46.11477],[-122.96247,46.11468],[-122.962577,46.114664],[-122.9626,46.11459],[-122.962729,46.11459],[-122.962742,46.114656],[-122.962858,46.11468],[-122.962862,46.114731],[-122.9629,46.114763],[-122.963117,46.11477],[-122.963114,46.114861]]]}},{"type":"Feature","properties":{"id":13,"area_m2":1700,"px":17,"rank":54,"persistent":false},"geometry":{"type":"Polygon","coordinates":[[[-122.983947,46.132865],[-122.983947,46.132955],[-122.983853,46.132964],[-122.983818,46.133045],[-122.983737,46.133049],[-122.983694,46.133078],[-122.983654,46.133177],[-122.983688,46.133225],[-122.983688,46.133315],[-122.983559,46.133315],[-122.98349,46.133291],[-122.983406,46.133332],[-122.983429,46.133495],[-122.9833,46.133495],[-122.983277,46.133421],[-122.983171,46.133405],[-122.983136,46.133324],[-122.983041,46.133315],[-122.983041,46.133225],[-122.983148,46.133209],[-122.983171,46.133135],[-122.983287,46.133111],[-122.9833,46.133045],[-122.98343,46.133045],[-122.983506,46.133068],[-122.983679,46.133016],[-122.983679,46.132893],[-122.983634,46.132867],[-122.983559,46.132865],[-122.983559,46.132685],[-122.983818,46.132685],[-122.983807,46.132835],[-122.983853,46.132863],[-122.983947,46.132865]]]}},{"type":"Feature","properties":{"id":86,"area_m2":1700,"px":17,"rank":55,"persistent":false},"geometry":{"type":"Polygon","coordinates":[[[-122.973853,46.127193],[-122.973853,46.127283],[-122.973628,46.127292],[-122.973574,46.127407],[-122.973628,46.127461],[-122.973853,46.127463],[-122.973852,46.127553],[-122.973635,46.127559],[-122.973597,46.127591],[-122.973594,46.127643],[-122.973335,46.127643],[-122.973335,46.127373],[-122.973447,46.127353],[-122.973497,46.127225],[-122.973451,46.127127],[-122.973335,46.127103],[-122.973301,46.127022],[-122.973076,46.127013],[-122.973076,46.126833],[-122.973206,46.126833],[-122.973219,46.126899],[-122.973335,46.126923],[-122.973338,46.126975],[-122.973376,46.127007],[-122.973594,46.127013],[-122.973617,46.127087],[-122.973723,46.127103],[-122.973758,46.127184],[-122.973853,46.127193]]]}},{"type":"Feature","properties":{"id":178,"area_m2":1700,"px":17,"rank":56,"persistent":true},"geometry":{"type":"Polygon","coordinates":[[[-122.954835,46.114317],[-122.954835,46.114767],[-122.954576,46.114767],[-122.95457,46.11453],[-122.954528,46.114501],[-122.954447,46.114497],[-122.954429,46.114336],[-122.954318,46.114317],[-122.954318,46.114047],[-122.954447,46.114047],[-122.95447,46.114121],[-122.954577,46.114137],[-122.954577,46.114268],[-122.954605,46.114305],[-122.954835,46.114317]]]}},{"type":"Feature","properties":{"id":193,"area_m2":1700,"px":17,"rank":57,"persistent":false},"geometry":{"type":"Polygon","coordinates":[[[-122.960143,46.111529],[-122.960143,46.111709],[-122.960014,46.111709],[-122.96001,46.111657],[-122.959973,46.111625],[-122.959755,46.111619],[-122.95972,46.111538],[-122.959566,46.111529],[-122.959505,46.111557],[-122.959496,46.111619],[-122.959422,46.111621],[-122.959376,46.111647],[-122.959366,46.111798],[-122.959237,46.111798],[-122.959237,46.111529],[-122.959344,46.111513],[-122.959367,46.111439],[-122.959462,46.111429],[-122.959496,46.111349],[-122.959608,46.111329],[-122.959626,46.111259],[-122.959755,46.111259],[-122.959778,46.111333],[-122.959884,46.111349],[-122.959898,46.111415],[-122.960014,46.111439],[-122.960042,46.111517],[-122.960143,46.111529]]]}},{"type":"Feature","properties":{"id":50,"area_m2":1600,"px":16,"rank":58,"persistent":false},"geometry":{"type":"Polygon","coordinates":[[[-122.982913,46.129445],[-122.982913,46.129715],[-122.982714,46.129702],[-122.98266,46.129735],[-122.982654,46.129805],[-122.982336,46.129805],[-122.982275,46.129833],[-122.982269,46.129946],[-122.982314,46.129981],[-122.982395,46.129985],[-122.982395,46.130075],[-122.982266,46.130075],[-122.982204,46.130051],[-122.982136,46.130075],[-122.981877,46.130075],[-122.981877,46.129985],[-122.982074,46.129984],[-122.982127,46.129956],[-122.982136,46.129715],[-122.982354,46.129708],[-122.982392,46.129676],[-122.982395,46.129625],[-122.982511,46.129601],[-122.982525,46.129535],[-122.982728,46.129532],[-122.982778,46.129501],[-122.982784,46.129445],[-122.982913,46.129445]]]}},{"type":"Feature","properties":{"id":62,"area_m2":1600,"px":16,"rank":59,"persistent":false},"geometry":{"type":"Polygon","coordinates":[[[-122.978512,46.129444],[-122.978512,46.129534],[-122.978125,46.129534],[-122.97812,46.129469],[-122.978077,46.129435],[-122.977865,46.129444],[-122.977842,46.12937],[-122.977735,46.129354],[-122.977701,46.129273],[-122.977606,46.129264],[-122.977606,46.129084],[-122.977735,46.129084],[-122.977748,46.12915],[-122.977813,46.129174],[-122.978068,46.129172],[-122.978118,46.129141],[-122.978124,46.129084],[-122.978253,46.129084],[-122.978262,46.129415],[-122.978315,46.129443],[-122.978512,46.129444]]]}},{"type":"Feature","properties":{"id":177,"area_m2":1600,"px":16,"rank":60,"persistent":false},"geometry":{"type":"Polygon","coordinates":[[[-122.955741,46.114407],[-122.955741,46.114497],[-122.955646,46.114506],[-122.955611,46.114587],[-122.955537,46.114589],[-122.955491,46.114616],[-122.955482,46.114767],[-122.9554,46.114771],[-122.955356,46.114805],[-122.955352,46.114947],[-122.955223,46.114947],[-122.955222,46.11454],[-122.955182,46.114503],[-122.955094,46.114497],[-122.955094,46.114407],[-122.955312,46.114401],[-122.95535,46.114369],[-122.955355,46.114317],[-122.955612,46.114317],[-122.955634,46.114391],[-122.955741,46.114407]]]}},{"type":"Feature","properties":{"id":36,"area_m2":1500,"px":15,"rank":61,"persistent":false},"geometry":{"type":"Polygon","coordinates":[[[-122.981618,46.130255],[-122.981618,46.130525],[-122.981511,46.13054],[-122.981489,46.130615],[-122.981264,46.130624],[-122.98123,46.130704],[-122.981148,46.130709],[-122.981104,46.130743],[-122.981104,46.130936],[-122.981148,46.13097],[-122.98123,46.130975],[-122.98123,46.131064],[-122.980971,46.131064],[-122.980965,46.130994],[-122.98091,46.130962],[-122.980582,46.130974],[-122.980582,46.130884],[-122.980807,46.130875],[-122.980841,46.130795],[-122.980958,46.13077],[-122.980971,46.130705],[-122.981083,46.130685],[-122.9811,46.130615],[-122.981212,46.130595],[-122.98123,46.130525],[-122.981357,46.130508],[-122.981379,46.130469],[-122.981359,46.130345],[-122.981466,46.130329],[-122.981489,46.130255],[-122.981618,46.130255]]]}},{"type":"Feature","properties":{"id":1,"area_m2":1400,"px":14,"rank":62,"persistent":false},"geometry":{"type":"Polygon","coordinates":[[[-122.985886,46.134847],[-122.985854,46.134893],[-122.985889,46.134935],[-122.985889,46.135025],[-122.985777,46.135045],[-122.985759,46.135205],[-122.985678,46.135209],[-122.985633,46.135244],[-122.98563,46.135475],[-122.9855,46.135475],[-122.985501,46.135115],[-122.985535,46.135073],[-122.985501,46.135025],[-122.985501,46.134935],[-122.985607,46.134919],[-122.985662,46.134813],[-122.98563,46.134755],[-122.98563,46.134575],[-122.985759,46.134575],[-122.985782,46.134649],[-122.985889,46.134665],[-122.985886,46.134847]]]}},{"type":"Feature","properties":{"id":8,"area_m2":1400,"px":14,"rank":63,"persistent":false},"geometry":{"type":"Polygon","coordinates":[[[-122.984853,46.133855],[-122.984853,46.134125],[-122.984747,46.134141],[-122.984724,46.134215],[-122.984595,46.134215],[-122.984572,46.134141],[-122.984465,46.134125],[-122.984465,46.134035],[-122.9845,46.133987],[-122.984465,46.133945],[-122.984456,46.133794],[-122.98441,46.133767],[-122.984336,46.133765],[-122.984301,46.133684],[-122.984206,46.133675],[-122.984178,46.133597],[-122.984077,46.133585],[-122.984077,46.133495],[-122.984336,46.133495],[-122.984358,46.133659],[-122.984465,46.133675],[-122.984478,46.133741],[-122.984594,46.133765],[-122.984598,46.133817],[-122.984636,46.133849],[-122.984853,46.133855]]]}},{"type":"Feature","properties":{"id":39,"area_m2":1400,"px":14,"rank":64,"persistent":false},"geometry":{"type":"Polygon","coordinates":[[[-122.980582,46.130614],[-122.980582,46.130704],[-122.980476,46.13072],[-122.980453,46.130794],[-122.980324,46.130794],[-122.980306,46.130724],[-122.980194,46.130704],[-122.980177,46.130634],[-122.980065,46.130614],[-122.980047,46.130544],[-122.979935,46.130524],[-122.979922,46.130458],[-122.979806,46.130434],[-122.979803,46.130383],[-122.979765,46.130351],[-122.97961,46.130345],[-122.979556,46.130373],[-122.979547,46.130614],[-122.979418,46.130614],[-122.979395,46.13054],[-122.979288,46.130524],[-122.979288,46.130434],[-122.979362,46.130432],[-122.979408,46.130406],[-122.979418,46.130254],[-122.979806,46.130254],[-122.979824,46.130325],[-122.979935,46.130344],[-122.979953,46.130415],[-122.980065,46.130434],[-122.980078,46.1305],[-122.980194,46.130524],[-122.980229,46.130605],[-122.980582,46.130614]]]}},{"type":"Feature","properties":{"id":85,"area_m2":1400,"px":14,"rank":65,"persistent":false},"geometry":{"type":"Polygon","coordinates":[[[-122.973205,46.127553],[-122.973205,46.127733],[-122.973076,46.127733],[-122.973063,46.127667],[-122.972946,46.127643],[-122.972912,46.127562],[-122.972688,46.127553],[-122.97267,46.127482],[-122.972558,46.127463],[-122.972545,46.127397],[-122.972429,46.127373],[-122.972394,46.127292],[-122.97217,46.127283],[-122.97217,46.127193],[-122.972558,46.127193],[-122.972562,46.127244],[-122.972599,46.127276],[-122.972817,46.127283],[-122.97284,46.127447],[-122.973076,46.127463],[-122.973099,46.127537],[-122.973205,46.127553]]]}},{"type":"Feature","properties":{"id":105,"area_m2":1400,"px":14,"rank":66,"persistent":false},"geometry":{"type":"Polygon","coordinates":[[[-122.981878,46.126025],[-122.981878,46.126115],[-122.98162,46.126114],[-122.981614,46.126058],[-122.981572,46.126029],[-122.981231,46.126024],[-122.981228,46.125973],[-122.98119,46.125941],[-122.980973,46.125934],[-122.980971,46.125708],[-122.980932,46.125671],[-122.980843,46.125664],[-122.980843,46.125574],[-122.980972,46.125574],[-122.98099,46.125645],[-122.981102,46.125664],[-122.981115,46.12573],[-122.981231,46.125755],[-122.981266,46.125835],[-122.981422,46.125869],[-122.98149,46.125845],[-122.98162,46.125845],[-122.981642,46.125919],[-122.981749,46.125935],[-122.981784,46.126015],[-122.981878,46.126025]]]}},{"type":"Feature","properties":{"id":109,"area_m2":1400,"px":14,"rank":67,"persistent":false},"geometry":{"type":"Polygon","coordinates":[[[-122.97476,46.125213],[-122.97476,46.125303],[-122.974653,46.125319],[-122.97463,46.125393],[-122.974535,46.125402],[-122.974501,46.125483],[-122.974389,46.125503],[-122.974371,46.125573],[-122.97416,46.125577],[-122.974118,46.125606],[-122.974112,46.125663],[-122.973909,46.125665],[-122.973859,46.125696],[-122.973853,46.125753],[-122.973724,46.125753],[-122.973724,46.125663],[-122.973831,46.125647],[-122.973854,46.125573],[-122.974042,46.125573],[-122.974099,46.125549],[-122.974113,46.125393],[-122.974229,46.125369],[-122.974242,46.125213],[-122.974349,46.125197],[-122.974372,46.125123],[-122.974501,46.125123],[-122.974507,46.125193],[-122.974554,46.125224],[-122.97476,46.125213]]]}},{"type":"Feature","properties":{"id":187,"area_m2":1400,"px":14,"rank":68,"persistent":false},"geometry":{"type":"Polygon","coordinates":[[[-122.956001,46.112967],[-122.956001,46.113327],[-122.955871,46.113327],[-122.955858,46.113261],[-122.955742,46.113237],[-122.955736,46.113181],[-122.955694,46.113151],[-122.955354,46.113147],[-122.955354,46.113057],[-122.955461,46.113041],[-122.955484,46.112967],[-122.9556,46.112943],[-122.955613,46.112877],[-122.955872,46.112877],[-122.955894,46.112951],[-122.956001,46.112967]]]}},{"type":"Feature","properties":{"id":49,"area_m2":1300,"px":13,"rank":69,"persistent":false},"geometry":{"type":"Polygon","coordinates":[[[-122.988997,46.129716],[-122.988997,46.129805],[-122.988808,46.129806],[-122.988756,46.129825],[-122.988738,46.129985],[-122.988631,46.130001],[-122.988608,46.130075],[-122.988479,46.130075],[-122.988418,46.130051],[-122.98835,46.130075],[-122.988091,46.130075],[-122.98803,46.130051],[-122.987961,46.130075],[-122.987832,46.130075],[-122.987832,46.129985],[-122.987867,46.129943],[-122.987832,46.129895],[-122.987832,46.129715],[-122.987961,46.129715],[-122.98797,46.129867],[-122.988016,46.129893],[-122.988091,46.129896],[-122.988104,46.129961],[-122.988168,46.129985],[-122.988315,46.129976],[-122.98835,46.129896],[-122.988574,46.129886],[-122.988609,46.129806],[-122.988725,46.129782],[-122.988738,46.129716],[-122.988997,46.129716]]]}},{"type":"Feature","properties":{"id":172,"area_m2":1300,"px":13,"rank":70,"persistent":false},"geometry":{"type":"Polygon","coordinates":[[[-122.961952,46.11495],[-122.961952,46.115219],[-122.961846,46.115235],[-122.961823,46.115309],[-122.961728,46.115312],[-122.961686,46.115334],[-122.961693,46.115489],[-122.961587,46.115505],[-122.961564,46.115579],[-122.961434,46.115579],[-122.961435,46.115489],[-122.961469,46.115447],[-122.961435,46.115399],[-122.961435,46.115129],[-122.961541,46.115114],[-122.961564,46.115039],[-122.961768,46.115037],[-122.961817,46.115006],[-122.961823,46.114949],[-122.961952,46.11495]]]}},{"type":"Feature","properties":{"id":48,"area_m2":1200,"px":12,"rank":71,"persistent":false},"geometry":{"type":"Polygon","coordinates":[[[-122.980065,46.129624],[-122.980065,46.129714],[-122.979977,46.129721],[-122.979937,46.129758],[-122.979935,46.129984],[-122.979829,46.13],[-122.979806,46.130074],[-122.97969,46.130098],[-122.979676,46.130164],[-122.979547,46.130164],[-122.979547,46.129894],[-122.979621,46.129892],[-122.979667,46.129866],[-122.979677,46.129714],[-122.979783,46.129698],[-122.979806,46.129624],[-122.980065,46.129624]]]}},{"type":"Feature","properties":{"id":55,"area_m2":1200,"px":12,"rank":72,"persistent":false},"geometry":{"type":"Polygon","coordinates":[[[-122.989126,46.129356],[-122.989126,46.129535],[-122.988655,46.129526],[-122.988612,46.12956],[-122.988609,46.129625],[-122.988502,46.129641],[-122.988479,46.129715],[-122.988363,46.129739],[-122.98835,46.129805],[-122.98822,46.129805],[-122.98822,46.129716],[-122.988302,46.129711],[-122.988346,46.129677],[-122.98835,46.129446],[-122.988424,46.129443],[-122.98847,46.129417],[-122.988479,46.129266],[-122.988609,46.129266],[-122.988626,46.129336],[-122.988738,46.129356],[-122.988747,46.129417],[-122.988801,46.129444],[-122.988949,46.129441],[-122.988991,46.129412],[-122.988997,46.129356],[-122.989126,46.129356]]]}},{"type":"Feature","properties":{"id":96,"area_m2":1200,"px":12,"rank":73,"persistent":false},"geometry":{"type":"Polygon","coordinates":[[[-122.97683,46.126564],[-122.97683,46.126654],[-122.976723,46.126669],[-122.976701,46.126744],[-122.976571,46.126744],[-122.976548,46.126669],[-122.976442,46.126654],[-122.976424,46.126583],[-122.976312,46.126563],[-122.976278,46.126483],[-122.976183,46.126473],[-122.976155,46.126396],[-122.976054,46.126383],[-122.976054,46.126204],[-122.97616,46.126188],[-122.976183,46.126114],[-122.976312,46.126114],[-122.976312,46.126204],[-122.976278,46.126251],[-122.97633,46.126364],[-122.976383,46.126383],[-122.976571,46.126384],[-122.976573,46.126534],[-122.976611,46.12657],[-122.97683,46.126564]]]}},{"type":"Feature","properties":{"id":126,"area_m2":1200,"px":12,"rank":74,"persistent":false},"geometry":{"type":"Polygon","coordinates":[[[-122.96803,46.123412],[-122.96803,46.123591],[-122.967923,46.123607],[-122.9679,46.123681],[-122.967642,46.123681],[-122.967573,46.123657],[-122.967431,46.123685],[-122.967389,46.123715],[-122.967383,46.123771],[-122.967266,46.123795],[-122.967253,46.123861],[-122.967141,46.123881],[-122.967124,46.123951],[-122.966994,46.123951],[-122.966994,46.123861],[-122.967095,46.123849],[-122.967124,46.123771],[-122.967225,46.123759],[-122.967253,46.123681],[-122.967348,46.123672],[-122.967383,46.123591],[-122.967464,46.123587],[-122.967506,46.123558],[-122.967545,46.123443],[-122.96749,46.123337],[-122.967383,46.123321],[-122.967383,46.123231],[-122.967512,46.123231],[-122.967525,46.123297],[-122.967642,46.123321],[-122.967648,46.123378],[-122.96769,46.123407],[-122.967832,46.123436],[-122.967901,46.123412],[-122.96803,46.123412]]]}},{"type":"Feature","properties":{"id":16,"area_m2":1100,"px":11,"rank":75,"persistent":false},"geometry":{"type":"Polygon","coordinates":[[[-122.985501,46.132775],[-122.985501,46.132865],[-122.985406,46.132874],[-122.985372,46.132919],[-122.985375,46.133097],[-122.985419,46.133131],[-122.985501,46.133135],[-122.985501,46.133225],[-122.985394,46.133241],[-122.985371,46.133315],[-122.985242,46.133315],[-122.985219,46.133241],[-122.985113,46.133225],[-122.985113,46.132865],[-122.985316,46.132863],[-122.985366,46.132832],[-122.985372,46.132775],[-122.985501,46.132775]]]}},{"type":"Feature","properties":{"id":131,"area_m2":1100,"px":11,"rank":76,"persistent":false},"geometry":{"type":"Polygon","coordinates":[[[-122.976573,46.122874],[-122.976573,46.122963],[-122.976478,46.122973],[-122.976443,46.123053],[-122.976362,46.123058],[-122.97632,46.123087],[-122.976314,46.123323],[-122.976184,46.123323],[-122.976179,46.122997],[-122.976137,46.122968],[-122.976055,46.122963],[-122.976021,46.122883],[-122.975926,46.122873],[-122.975897,46.122796],[-122.975796,46.122783],[-122.975796,46.122693],[-122.975926,46.122693],[-122.975939,46.122759],[-122.976055,46.122784],[-122.976061,46.12284],[-122.97611,46.122871],[-122.976573,46.122874]]]}},{"type":"Feature","properties":{"id":18,"area_m2":1000,"px":10,"rank":77,"persistent":false},"geometry":{"type":"Polygon","coordinates":[[[-122.982265,46.132325],[-122.982265,46.132505],[-122.982158,46.132521],[-122.982135,46.132595],[-122.982034,46.132607],[-122.982006,46.132685],[-122.981905,46.132697],[-122.981876,46.132775],[-122.981781,46.132784],[-122.981747,46.132865],[-122.981635,46.132884],[-122.981617,46.132955],[-122.981488,46.132955],[-122.981488,46.132775],[-122.981595,46.132759],[-122.981618,46.132685],[-122.981835,46.132678],[-122.981873,46.132646],[-122.981876,46.132595],[-122.981951,46.132592],[-122.981997,46.132566],[-122.982041,46.132462],[-122.982006,46.132415],[-122.982006,46.132325],[-122.982265,46.132325]]]}},{"type":"Feature","properties":{"id":31,"area_m2":1000,"px":10,"rank":78,"persistent":false},"geometry":{"type":"Polygon","coordinates":[[[-122.991715,46.131336],[-122.991715,46.131426],[-122.991199,46.131426],[-122.991175,46.131352],[-122.991068,46.131336],[-122.991068,46.131156],[-122.991142,46.131153],[-122.991188,46.131127],[-122.991197,46.130976],[-122.991327,46.130976],[-122.99135,46.13105],[-122.991456,46.131066],[-122.991456,46.131156],[-122.991422,46.131204],[-122.991479,46.13132],[-122.991715,46.131336]]]}},{"type":"Feature","properties":{"id":6,"area_m2":900,"px":9,"rank":79,"persistent":false},"geometry":{"type":"Polygon","coordinates":[[[-122.983818,46.133855],[-122.983818,46.134305],[-122.983688,46.134305],[-122.983685,46.13424],[-122.983642,46.134206],[-122.983429,46.134215],[-122.983407,46.134141],[-122.9833,46.134125],[-122.9833,46.134035],[-122.983647,46.134029],[-122.983687,46.133991],[-122.983688,46.133855],[-122.983818,46.133855]]]}},{"type":"Feature","properties":{"id":33,"area_m2":900,"px":9,"rank":80,"persistent":false},"geometry":{"type":"Polygon","coordinates":[[[-122.979029,46.131154],[-122.979029,46.131334],[-122.97877,46.131334],[-122.978709,46.13131],[-122.97864,46.131334],[-122.978511,46.131334],[-122.978511,46.131154],[-122.978618,46.131138],[-122.978641,46.131064],[-122.978899,46.131064],[-122.978922,46.131138],[-122.979029,46.131154]]]}},{"type":"Feature","properties":{"id":32,"area_m2":900,"px":9,"rank":81,"persistent":false},"geometry":{"type":"Polygon","coordinates":[[[-122.984077,46.131335],[-122.984077,46.131425],[-122.98382,46.131425],[-122.983796,46.131351],[-122.983689,46.131335],[-122.98368,46.131183],[-122.983634,46.131157],[-122.98356,46.131154],[-122.98356,46.131065],[-122.983654,46.131062],[-122.983704,46.13103],[-122.983689,46.130885],[-122.983819,46.130885],[-122.983841,46.130959],[-122.983948,46.130975],[-122.983948,46.131065],[-122.983867,46.131069],[-122.983825,46.131098],[-122.98382,46.131201],[-122.98386,46.131239],[-122.983948,46.131245],[-122.983976,46.131323],[-122.984077,46.131335]]]}},{"type":"Feature","properties":{"id":59,"area_m2":900,"px":9,"rank":82,"persistent":false},"geometry":{"type":"Polygon","coordinates":[[[-122.981748,46.129265],[-122.981748,46.129355],[-122.981666,46.129359],[-122.981622,46.129393],[-122.981618,46.129535],[-122.981512,46.12955],[-122.981489,46.129624],[-122.98123,46.129624],[-122.98123,46.129445],[-122.981337,46.129429],[-122.98136,46.129355],[-122.981454,46.129352],[-122.981497,46.12933],[-122.981489,46.129175],[-122.981618,46.129175],[-122.981641,46.129249],[-122.981748,46.129265]]]}},{"type":"Feature","properties":{"id":83,"area_m2":900,"px":9,"rank":83,"persistent":false},"geometry":{"type":"Polygon","coordinates":[[[-122.980842,46.127734],[-122.980842,46.127824],[-122.980584,46.127824],[-122.98058,46.127503],[-122.980521,46.127465],[-122.980325,46.127464],[-122.980325,46.127284],[-122.980454,46.127284],[-122.98046,46.127341],[-122.980509,46.127372],[-122.980713,46.127374],[-122.980714,46.127691],[-122.980754,46.127728],[-122.980842,46.127734]]]}},{"type":"Feature","properties":{"id":161,"area_m2":900,"px":9,"rank":84,"persistent":false},"geometry":{"type":"Polygon","coordinates":[[[-122.960786,46.117199],[-122.960786,46.117289],[-122.960597,46.117289],[-122.96054,46.117313],[-122.960527,46.117469],[-122.960398,46.117469],[-122.960396,46.117332],[-122.960335,46.11729],[-122.960065,46.117291],[-122.960015,46.117322],[-122.960009,46.117379],[-122.95988,46.117379],[-122.95988,46.117289],[-122.959987,46.117273],[-122.96001,46.117199],[-122.960786,46.117199]]]}},{"type":"Feature","properties":{"id":65,"area_m2":800,"px":8,"rank":85,"persistent":false},"geometry":{"type":"Polygon","coordinates":[[[-122.98589,46.129085],[-122.98589,46.129355],[-122.985761,46.129355],[-122.985743,46.129105],[-122.985632,46.129085],[-122.985626,46.129028],[-122.985584,46.128999],[-122.985373,46.128995],[-122.985373,46.128725],[-122.985502,46.128725],[-122.98552,46.128885],[-122.985631,46.128905],[-122.985666,46.128986],[-122.985761,46.128995],[-122.985789,46.129073],[-122.98589,46.129085]]]}},{"type":"Feature","properties":{"id":165,"area_m2":800,"px":8,"rank":86,"persistent":false},"geometry":{"type":"Polygon","coordinates":[[[-122.957939,46.116568],[-122.957939,46.116658],[-122.957606,46.11666],[-122.957557,46.116691],[-122.957551,46.116748],[-122.957163,46.116748],[-122.957163,46.116658],[-122.95727,46.116642],[-122.957292,46.116568],[-122.957939,46.116568]]]}},{"type":"Feature","properties":{"id":171,"area_m2":800,"px":8,"rank":87,"persistent":false},"geometry":{"type":"Polygon","coordinates":[[[-122.956129,46.115307],[-122.956128,46.115757],[-122.955999,46.115757],[-122.955976,46.115683],[-122.95587,46.115667],[-122.95587,46.115397],[-122.955976,46.115382],[-122.955999,46.115307],[-122.956129,46.115307]]]}},{"type":"Feature","properties":{"id":189,"area_m2":800,"px":8,"rank":88,"persistent":false},"geometry":{"type":"Polygon","coordinates":[[[-122.956131,46.112427],[-122.956131,46.112607],[-122.955913,46.112614],[-122.955875,46.112646],[-122.955872,46.112697],[-122.955613,46.112697],[-122.955613,46.112607],[-122.955715,46.112603],[-122.95576,46.112567],[-122.955743,46.112337],[-122.955872,46.112337],[-122.955878,46.112394],[-122.955927,46.112425],[-122.956131,46.112427]]]}},{"type":"Feature","properties":{"id":45,"area_m2":700,"px":7,"rank":89,"persistent":false},"geometry":{"type":"Polygon","coordinates":[[[-122.991197,46.129986],[-122.991197,46.130076],[-122.991091,46.130092],[-122.991036,46.130198],[-122.991068,46.130346],[-122.990809,46.130346],[-122.990806,46.130204],[-122.990761,46.13017],[-122.99068,46.130166],[-122.99068,46.130076],[-122.990878,46.130088],[-122.990933,46.130056],[-122.990939,46.129986],[-122.991197,46.129986]]]}},{"type":"Feature","properties":{"id":54,"area_m2":700,"px":7,"rank":90,"persistent":false},"geometry":{"type":"Polygon","coordinates":[[[-122.979288,46.129534],[-122.979288,46.129624],[-122.9791,46.129624],[-122.979043,46.129648],[-122.979029,46.129984],[-122.9789,46.129984],[-122.978899,46.129668],[-122.978859,46.12963],[-122.978771,46.129624],[-122.978771,46.129534],[-122.9789,46.129534],[-122.978961,46.129558],[-122.97903,46.129534],[-122.979288,46.129534]]]}},{"type":"Feature","properties":{"id":56,"area_m2":700,"px":7,"rank":91,"persistent":false},"geometry":{"type":"Polygon","coordinates":[[[-122.986279,46.129445],[-122.986278,46.129805],[-122.986149,46.129805],[-122.986143,46.129749],[-122.986094,46.129718],[-122.98589,46.129715],[-122.98589,46.129625],[-122.985985,46.129623],[-122.986034,46.129591],[-122.98602,46.129445],[-122.986279,46.129445]]]}},{"type":"Feature","properties":{"id":76,"area_m2":700,"px":7,"rank":92,"persistent":false},"geometry":{"type":"Polygon","coordinates":[[[-122.985373,46.128005],[-122.985373,46.128365],[-122.985114,46.128365],[-122.985091,46.128291],[-122.984985,46.128275],[-122.984985,46.128185],[-122.985079,46.128183],[-122.985125,46.128155],[-122.985114,46.128005],[-122.985373,46.128005]]]}},{"type":"Feature","properties":{"id":93,"area_m2":700,"px":7,"rank":93,"persistent":false},"geometry":{"type":"Polygon","coordinates":[[[-122.972817,46.126833],[-122.972817,46.126923],[-122.972492,46.126924],[-122.972438,46.126951],[-122.972429,46.127013],[-122.9723,46.127013],[-122.9723,46.126923],[-122.972388,46.126916],[-122.972428,46.126879],[-122.972429,46.126653],[-122.972688,46.126653],[-122.972676,46.126803],[-122.972723,46.12683],[-122.972817,46.126833]]]}},{"type":"Feature","properties":{"id":98,"area_m2":700,"px":7,"rank":94,"persistent":false},"geometry":{"type":"Polygon","coordinates":[[[-122.978254,46.126114],[-122.978254,46.126384],[-122.978147,46.1264],[-122.978125,46.126474],[-122.978008,46.126498],[-122.977995,46.126564],[-122.977866,46.126564],[-122.977866,46.126474],[-122.977978,46.126454],[-122.978015,46.12635],[-122.977975,46.126301],[-122.977866,46.126294],[-122.977866,46.126204],[-122.977973,46.126188],[-122.977995,46.126114],[-122.978254,46.126114]]]}},{"type":"Feature","properties":{"id":128,"area_m2":700,"px":7,"rank":95,"persistent":false},"geometry":{"type":"Polygon","coordinates":[[[-122.978773,46.123594],[-122.978773,46.123684],[-122.978569,46.123686],[-122.97852,46.123717],[-122.978514,46.123774],[-122.978385,46.123774],[-122.978385,46.123504],[-122.978491,46.123488],[-122.978514,46.123414],[-122.978643,46.123414],[-122.978653,46.123565],[-122.978699,46.123592],[-122.978773,46.123594]]]}},{"type":"Feature","properties":{"id":190,"area_m2":700,"px":7,"rank":96,"persistent":false},"geometry":{"type":"Polygon","coordinates":[[[-122.959237,46.112339],[-122.959237,46.112428],[-122.95913,46.112444],[-122.959107,46.112518],[-122.958848,46.112518],[-122.958849,46.112248],[-122.959107,46.112249],[-122.95913,46.112323],[-122.959237,46.112339]]]}},{"type":"Feature","properties":{"id":198,"area_m2":700,"px":7,"rank":97,"persistent":false},"geometry":{"type":"Polygon","coordinates":[[[-122.957685,46.110898],[-122.957685,46.110988],[-122.957428,46.110988],[-122.957423,46.110936],[-122.957385,46.110904],[-122.957167,46.110898],[-122.957168,46.110718],[-122.957373,46.110729],[-122.957421,46.110698],[-122.957426,46.110628],[-122.957556,46.110628],[-122.957541,46.110863],[-122.95759,46.110895],[-122.957685,46.110898]]]}},{"type":"Feature","properties":{"id":202,"area_m2":700,"px":7,"rank":98,"persistent":false},"geometry":{"type":"Polygon","coordinates":[[[-122.959497,46.109639],[-122.959497,46.109728],[-122.959403,46.109738],[-122.959368,46.109818],[-122.959294,46.109821],[-122.959248,46.109847],[-122.959238,46.109998],[-122.95898,46.109998],[-122.95898,46.109818],[-122.959216,46.109803],[-122.959239,46.109639],[-122.959497,46.109639]]]}},{"type":"Feature","properties":{"id":4,"area_m2":600,"px":6,"rank":99,"persistent":false},"geometry":{"type":"Polygon","coordinates":[[[-122.983429,46.134395],[-122.983429,46.134575],[-122.98317,46.134575],[-122.983148,46.134501],[-122.983041,46.134485],[-122.983041,46.134395],[-122.983148,46.134379],[-122.98317,46.134305],[-122.9833,46.134305],[-122.983323,46.134379],[-122.983429,46.134395]]]}},{"type":"Feature","properties":{"id":11,"area_m2":600,"px":6,"rank":100,"persistent":false},"geometry":{"type":"Polygon","coordinates":[[[-122.982653,46.133405],[-122.982653,46.133495],[-122.982325,46.133482],[-122.98227,46.133515],[-122.982264,46.133585],[-122.982135,46.133585],[-122.982135,46.133405],[-122.982242,46.133389],[-122.982265,46.133315],[-122.982523,46.133315],[-122.982546,46.133389],[-122.982653,46.133405]]]}},{"type":"Feature","properties":{"id":38,"area_m2":600,"px":6,"rank":101,"persistent":false},"geometry":{"type":"Polygon","coordinates":[[[-122.983427,46.130706],[-122.983396,46.130753],[-122.98343,46.130795],[-122.98343,46.130885],[-122.983324,46.130901],[-122.983301,46.130975],[-122.982913,46.130975],[-122.982913,46.130885],[-122.983121,46.130885],[-122.983175,46.130864],[-122.983172,46.130705],[-122.983278,46.130689],[-122.983301,46.130615],[-122.98343,46.130615],[-122.983427,46.130706]]]}},{"type":"Feature","properties":{"id":58,"area_m2":600,"px":6,"rank":102,"persistent":false},"geometry":{"type":"Polygon","coordinates":[[[-122.984855,46.129265],[-122.984855,46.129355],[-122.98476,46.129364],[-122.984725,46.129445],[-122.984651,46.129447],[-122.984605,46.129474],[-122.984596,46.129625],[-122.984466,46.129625],[-122.984466,46.129355],[-122.984573,46.129339],[-122.984596,46.129265],[-122.984855,46.129265]]]}},{"type":"Feature","properties":{"id":61,"area_m2":600,"px":6,"rank":103,"persistent":false},"geometry":{"type":"Polygon","coordinates":[[[-122.986667,46.129265],[-122.986667,46.129445],[-122.98656,46.129461],[-122.986537,46.129535],[-122.986408,46.129535],[-122.986408,46.129355],[-122.986443,46.129313],[-122.986408,46.129265],[-122.986408,46.129085],[-122.986537,46.129085],[-122.986547,46.129237],[-122.986593,46.129263],[-122.986667,46.129265]]]}},{"type":"Feature","properties":{"id":80,"area_m2":600,"px":6,"rank":104,"persistent":false},"geometry":{"type":"Polygon","coordinates":[[[-122.987185,46.127915],[-122.987185,46.128005],[-122.987078,46.128021],[-122.987056,46.128095],[-122.986797,46.128095],[-122.986774,46.128021],[-122.986667,46.128005],[-122.986667,46.127915],[-122.987185,46.127915]]]}},{"type":"Feature","properties":{"id":82,"area_m2":600,"px":6,"rank":105,"persistent":false},"geometry":{"type":"Polygon","coordinates":[[[-122.980325,46.127824],[-122.980324,46.127914],[-122.980195,46.127914],[-122.980161,46.127833],[-122.979936,46.127824],[-122.979914,46.12775],[-122.979807,46.127734],[-122.979807,46.127464],[-122.979936,46.127464],[-122.979959,46.127718],[-122.980195,46.127734],[-122.980218,46.127809],[-122.980325,46.127824]]]}},{"type":"Feature","properties":{"id":100,"area_m2":600,"px":6,"rank":106,"persistent":false},"geometry":{"type":"Polygon","coordinates":[[[-122.979937,46.126024],[-122.979937,46.126294],[-122.979678,46.126294],[-122.979678,46.126024],[-122.979937,46.126024]]]}},{"type":"Feature","properties":{"id":114,"area_m2":600,"px":6,"rank":107,"persistent":false},"geometry":{"type":"Polygon","coordinates":[[[-122.979161,46.125124],[-122.979161,46.125214],[-122.978902,46.125214],[-122.978889,46.125058],[-122.978772,46.125034],[-122.978738,46.124953],[-122.978643,46.124944],[-122.978643,46.124764],[-122.978772,46.124764],[-122.97879,46.124924],[-122.978902,46.124944],[-122.978936,46.125025],[-122.979031,46.125034],[-122.97906,46.125112],[-122.979161,46.125124]]]}},{"type":"Feature","properties":{"id":152,"area_m2":600,"px":6,"rank":108,"persistent":false},"geometry":{"type":"Polygon","coordinates":[[[-122.963632,46.11972],[-122.963631,46.11999],[-122.963502,46.11999],[-122.963479,46.119916],[-122.963373,46.1199],[-122.963338,46.119819],[-122.963243,46.11981],[-122.963244,46.11972],[-122.963632,46.11972]]]}},{"type":"Feature","properties":{"id":203,"area_m2":600,"px":6,"rank":109,"persistent":false},"geometry":{"type":"Polygon","coordinates":[[[-122.960662,46.109639],[-122.960662,46.109819],[-122.960555,46.109835],[-122.960532,46.109909],[-122.960274,46.109909],[-122.960274,46.109819],[-122.960355,46.109815],[-122.9604,46.109781],[-122.960403,46.109639],[-122.960662,46.109639]]]}},{"type":"Feature","properties":{"id":2,"area_m2":500,"px":5,"rank":110,"persistent":false},"geometry":{"type":"Polygon","coordinates":[[[-122.985371,46.135295],[-122.985371,46.135385],[-122.985264,46.135401],[-122.985241,46.135475],[-122.985112,46.135475],[-122.985111,46.135249],[-122.985071,46.135212],[-122.984983,46.135205],[-122.984983,46.135115],[-122.985112,46.135115],[-122.985135,46.135189],[-122.985241,46.135205],[-122.985276,46.135286],[-122.985371,46.135295]]]}},{"type":"Feature","properties":{"id":9,"area_m2":500,"px":5,"rank":111,"persistent":false},"geometry":{"type":"Polygon","coordinates":[[[-122.982653,46.133765],[-122.982653,46.134035],[-122.982523,46.134035],[-122.982523,46.133903],[-122.982489,46.133864],[-122.982264,46.133855],[-122.982264,46.133765],[-122.982653,46.133765]]]}},{"type":"Feature","properties":{"id":19,"area_m2":500,"px":5,"rank":112,"persistent":false},"geometry":{"type":"Polygon","coordinates":[[[-122.980582,46.132415],[-122.980582,46.132774],[-122.980323,46.132774],[-122.980323,46.132684],[-122.980411,46.132678],[-122.980451,46.132641],[-122.980453,46.132414],[-122.980582,46.132415]]]}},{"type":"Feature","properties":{"id":21,"area_m2":500,"px":5,"rank":113,"persistent":false},"geometry":{"type":"Polygon","coordinates":[[[-122.98097,46.132145],[-122.98097,46.132324],[-122.980896,46.132327],[-122.98085,46.132353],[-122.980841,46.132504],[-122.980711,46.132504],[-122.980711,46.132235],[-122.980818,46.132219],[-122.980841,46.132145],[-122.98097,46.132145]]]}},{"type":"Feature","properties":{"id":27,"area_m2":500,"px":5,"rank":114,"persistent":false},"geometry":{"type":"Polygon","coordinates":[[[-122.99055,46.131876],[-122.99055,46.131966],[-122.990421,46.131966],[-122.990359,46.131942],[-122.990291,46.131966],[-122.990032,46.131966],[-122.990032,46.131876],[-122.990139,46.13186],[-122.990162,46.131786],[-122.99042,46.131786],[-122.990443,46.13186],[-122.99055,46.131876]]]}},{"type":"Feature","properties":{"id":28,"area_m2":500,"px":5,"rank":115,"persistent":false},"geometry":{"type":"Polygon","coordinates":[[[-122.985113,46.131515],[-122.985113,46.131785],[-122.985006,46.131801],[-122.984983,46.131875],[-122.984854,46.131875],[-122.984854,46.131695],[-122.984928,46.131693],[-122.984974,46.131667],[-122.984984,46.131515],[-122.985113,46.131515]]]}},{"type":"Feature","properties":{"id":34,"area_m2":500,"px":5,"rank":116,"persistent":false},"geometry":{"type":"Polygon","coordinates":[[[-122.989773,46.131066],[-122.989773,46.131156],[-122.989644,46.131156],[-122.989616,46.131078],[-122.98946,46.131052],[-122.989394,46.131081],[-122.989385,46.131156],[-122.989256,46.131156],[-122.989256,46.130976],[-122.989362,46.13096],[-122.989385,46.130886],[-122.989514,46.130886],[-122.989537,46.13096],[-122.989644,46.130976],[-122.989678,46.131057],[-122.989773,46.131066]]]}},{"type":"Feature","properties":{"id":35,"area_m2":500,"px":5,"rank":117,"persistent":false},"geometry":{"type":"Polygon","coordinates":[[[-122.982136,46.130795],[-122.982136,46.130885],[-122.982041,46.130887],[-122.981992,46.130919],[-122.982006,46.131065],[-122.981877,46.131065],[-122.981854,46.13099],[-122.981748,46.130975],[-122.981748,46.130795],[-122.982136,46.130795]]]}},{"type":"Feature","properties":{"id":57,"area_m2":500,"px":5,"rank":118,"persistent":false},"geometry":{"type":"Polygon","coordinates":[[[-122.985372,46.129535],[-122.985372,46.129625],[-122.985169,46.129627],[-122.985119,46.129658],[-122.985113,46.129715],[-122.984984,46.129715],[-122.984984,46.129535],[-122.985091,46.129519],[-122.985114,46.129445],[-122.985243,46.129445],[-122.985266,46.129519],[-122.985372,46.129535]]]}},{"type":"Feature","properties":{"id":69,"area_m2":500,"px":5,"rank":119,"persistent":false},"geometry":{"type":"Polygon","coordinates":[[[-122.974758,46.128993],[-122.974758,46.129083],[-122.974629,46.129083],[-122.974606,46.129009],[-122.974499,46.128993],[-122.974482,46.128923],[-122.97437,46.128903],[-122.974335,46.128822],[-122.97424,46.128813],[-122.974212,46.128735],[-122.974111,46.128723],[-122.974111,46.128633],[-122.97424,46.128633],[-122.974263,46.128707],[-122.97437,46.128723],[-122.974387,46.128793],[-122.974499,46.128813],[-122.974534,46.128894],[-122.974628,46.128903],[-122.974657,46.128981],[-122.974758,46.128993]]]}},{"type":"Feature","properties":{"id":75,"area_m2":500,"px":5,"rank":120,"persistent":false},"geometry":{"type":"Polygon","coordinates":[[[-122.983949,46.128545],[-122.983949,46.128725],[-122.983819,46.128725],[-122.983797,46.128561],[-122.983431,46.128545],[-122.983431,46.128455],[-122.983819,46.128455],[-122.983842,46.128529],[-122.983949,46.128545]]]}},{"type":"Feature","properties":{"id":74,"area_m2":500,"px":5,"rank":121,"persistent":false},"geometry":{"type":"Polygon","coordinates":[[[-122.987441,46.128547],[-122.987409,46.128593],[-122.987444,46.128635],[-122.987444,46.128725],[-122.987314,46.128725],[-122.987292,46.128651],[-122.987185,46.128635],[-122.987185,46.128365],[-122.987314,46.128365],[-122.987337,46.12844],[-122.987444,46.128455],[-122.987441,46.128547]]]}},{"type":"Feature","properties":{"id":79,"area_m2":500,"px":5,"rank":122,"persistent":false},"geometry":{"type":"Polygon","coordinates":[[[-122.979677,46.128004],[-122.979677,46.128184],[-122.979548,46.128184],[-122.979525,46.12811],[-122.979418,46.128094],[-122.979384,46.128013],[-122.979289,46.128004],[-122.979289,46.127914],[-122.979548,46.127914],[-122.979571,46.127988],[-122.979677,46.128004]]]}},{"type":"Feature","properties":{"id":90,"area_m2":500,"px":5,"rank":123,"persistent":false},"geometry":{"type":"Polygon","coordinates":[[[-122.978513,46.127014],[-122.978513,46.127104],[-122.978406,46.12712],[-122.978383,46.127194],[-122.978254,46.127194],[-122.978254,46.127104],[-122.978288,46.127056],[-122.978248,46.126957],[-122.978206,46.126928],[-122.978125,46.126924],[-122.97809,46.126843],[-122.977995,46.126834],[-122.977995,46.126744],[-122.978124,46.126744],[-122.978147,46.126818],[-122.978254,46.126834],[-122.978267,46.1269],[-122.978383,46.126924],[-122.978412,46.127002],[-122.978513,46.127014]]]}},{"type":"Feature","properties":{"id":104,"area_m2":500,"px":5,"rank":124,"persistent":false},"geometry":{"type":"Polygon","coordinates":[[[-122.974889,46.126113],[-122.974889,46.126203],[-122.974759,46.126203],[-122.974737,46.126129],[-122.97463,46.126113],[-122.974612,46.126043],[-122.974501,46.126023],[-122.974466,46.125942],[-122.974371,46.125933],[-122.974343,46.125855],[-122.974242,46.125843],[-122.974242,46.125753],[-122.974371,46.125753],[-122.974394,46.125827],[-122.9745,46.125843],[-122.974518,46.125913],[-122.97463,46.125933],[-122.974664,46.126014],[-122.974759,46.126023],[-122.974788,46.126101],[-122.974889,46.126113]]]}},{"type":"Feature","properties":{"id":108,"area_m2":500,"px":5,"rank":125,"persistent":false},"geometry":{"type":"Polygon","coordinates":[[[-122.973465,46.125753],[-122.973465,46.125933],[-122.973077,46.125933],[-122.973077,46.125843],[-122.973183,46.125827],[-122.973206,46.125753],[-122.973465,46.125753]]]}},{"type":"Feature","properties":{"id":111,"area_m2":500,"px":5,"rank":126,"persistent":false},"geometry":{"type":"Polygon","coordinates":[[[-122.968935,46.125572],[-122.968935,46.125662],[-122.968805,46.125662],[-122.968783,46.125588],[-122.968676,46.125572],[-122.968658,46.125501],[-122.968547,46.125482],[-122.968512,46.125401],[-122.968417,46.125392],[-122.968389,46.125314],[-122.968288,46.125302],[-122.968288,46.125212],[-122.968417,46.125212],[-122.96844,46.125286],[-122.968547,46.125302],[-122.968564,46.125372],[-122.968676,46.125392],[-122.968711,46.125473],[-122.968805,46.125482],[-122.968834,46.125559],[-122.968935,46.125572]]]}},{"type":"Feature","properties":{"id":113,"area_m2":500,"px":5,"rank":127,"persistent":false},"geometry":{"type":"Polygon","coordinates":[[[-122.975275,46.125125],[-122.975243,46.125171],[-122.975277,46.125213],[-122.975277,46.125303],[-122.975148,46.125303],[-122.975125,46.125229],[-122.975019,46.125213],[-122.974984,46.125132],[-122.974889,46.125123],[-122.974889,46.125033],[-122.975277,46.125033],[-122.975275,46.125125]]]}},{"type":"Feature","properties":{"id":115,"area_m2":500,"px":5,"rank":128,"persistent":false},"geometry":{"type":"Polygon","coordinates":[[[-122.975666,46.124943],[-122.975666,46.125033],[-122.975538,46.125033],[-122.975514,46.124959],[-122.975407,46.124943],[-122.975398,46.124792],[-122.975352,46.124766],[-122.975278,46.124763],[-122.975278,46.124583],[-122.975407,46.124583],[-122.975416,46.124735],[-122.975462,46.124761],[-122.975536,46.124763],[-122.975554,46.124924],[-122.975666,46.124943]]]}},{"type":"Feature","properties":{"id":119,"area_m2":500,"px":5,"rank":129,"persistent":false},"geometry":{"type":"Polygon","coordinates":[[[-122.968285,46.124403],[-122.968254,46.124449],[-122.968288,46.124492],[-122.968288,46.124582],[-122.9679,46.124581],[-122.9679,46.124492],[-122.968007,46.124476],[-122.96803,46.124402],[-122.968146,46.124378],[-122.968159,46.124312],[-122.968288,46.124312],[-122.968285,46.124403]]]}},{"type":"Feature","properties":{"id":129,"area_m2":500,"px":5,"rank":130,"persistent":false},"geometry":{"type":"Polygon","coordinates":[[[-122.968807,46.123232],[-122.968807,46.123322],[-122.968725,46.123326],[-122.968681,46.12336],[-122.968677,46.123502],[-122.968289,46.123501],[-122.968289,46.123412],[-122.968507,46.123405],[-122.968544,46.123373],[-122.968548,46.123322],[-122.968664,46.123298],[-122.968677,46.123232],[-122.968807,46.123232]]]}},{"type":"Feature","properties":{"id":137,"area_m2":500,"px":5,"rank":131,"persistent":false},"geometry":{"type":"Polygon","coordinates":[[[-122.96363,46.12242],[-122.96363,46.12251],[-122.963501,46.12251],[-122.963487,46.122444],[-122.963371,46.12242],[-122.963337,46.122339],[-122.963112,46.12233],[-122.96309,46.122256],[-122.962983,46.12224],[-122.962983,46.12215],[-122.963112,46.12215],[-122.963118,46.122207],[-122.963167,46.122238],[-122.963371,46.12224],[-122.963394,46.122314],[-122.9635,46.12233],[-122.963535,46.122411],[-122.96363,46.12242]]]}},{"type":"Feature","properties":{"id":141,"area_m2":500,"px":5,"rank":132,"persistent":false},"geometry":{"type":"Polygon","coordinates":[[[-122.962854,46.12179],[-122.962854,46.12188],[-122.962724,46.12188],[-122.962663,46.121856],[-122.962595,46.12188],[-122.962466,46.12188],[-122.962466,46.12179],[-122.9625,46.121747],[-122.962466,46.1217],[-122.962466,46.12161],[-122.962724,46.12161],[-122.962734,46.121761],[-122.962779,46.121788],[-122.962854,46.12179]]]}},{"type":"Feature","properties":{"id":144,"area_m2":500,"px":5,"rank":133,"persistent":false},"geometry":{"type":"Polygon","coordinates":[[[-122.973338,46.121343],[-122.973338,46.121433],[-122.973208,46.121433],[-122.973186,46.121359],[-122.973079,46.121343],[-122.973044,46.121262],[-122.97295,46.121253],[-122.97295,46.121163],[-122.973056,46.121147],[-122.973079,46.121073],[-122.973208,46.121073],[-122.973212,46.121304],[-122.973256,46.121339],[-122.973338,46.121343]]]}},{"type":"Feature","properties":{"id":156,"area_m2":500,"px":5,"rank":134,"persistent":false},"geometry":{"type":"Polygon","coordinates":[[[-122.967124,46.118193],[-122.967092,46.118239],[-122.967127,46.118281],[-122.967127,46.118461],[-122.966998,46.118461],[-122.966988,46.11831],[-122.966943,46.118283],[-122.966868,46.118281],[-122.966868,46.118101],[-122.967127,46.118101],[-122.967124,46.118193]]]}},{"type":"Feature","properties":{"id":176,"area_m2":500,"px":5,"rank":135,"persistent":false},"geometry":{"type":"Polygon","coordinates":[[[-122.963894,46.11486],[-122.963894,46.11495],[-122.963787,46.114966],[-122.963764,46.11504],[-122.963505,46.11504],[-122.963483,46.114966],[-122.963376,46.11495],[-122.963376,46.11486],[-122.963589,46.114869],[-122.963632,46.114835],[-122.963635,46.11477],[-122.963764,46.11477],[-122.963787,46.114844],[-122.963894,46.11486]]]}},{"type":"Feature","properties":{"id":181,"area_m2":500,"px":5,"rank":136,"persistent":false},"geometry":{"type":"Polygon","coordinates":[[[-122.961694,46.113689],[-122.961694,46.113869],[-122.961588,46.113885],[-122.961565,46.113959],[-122.961306,46.113959],[-122.961306,46.113869],[-122.961413,46.113853],[-122.961436,46.113779],[-122.961552,46.113755],[-122.961565,46.113689],[-122.961694,46.113689]]]}},{"type":"Feature","properties":{"id":182,"area_m2":500,"px":5,"rank":137,"persistent":false},"geometry":{"type":"Polygon","coordinates":[[[-122.961306,46.113599],[-122.961306,46.113779],[-122.961048,46.113779],[-122.961025,46.113705],[-122.960918,46.113689],[-122.960918,46.113599],[-122.961306,46.113599]]]}},{"type":"Feature","properties":{"id":197,"area_m2":500,"px":5,"rank":138,"persistent":false},"geometry":{"type":"Polygon","coordinates":[[[-122.962343,46.11081],[-122.962343,46.110989],[-122.962018,46.11099],[-122.961964,46.111018],[-122.961955,46.111079],[-122.961826,46.111079],[-122.961826,46.110989],[-122.961932,46.110974],[-122.961955,46.110899],[-122.962159,46.110897],[-122.962208,46.110866],[-122.962214,46.11081],[-122.962343,46.11081]]]}},{"type":"Feature","properties":{"id":12,"area_m2":400,"px":4,"rank":139,"persistent":false},"geometry":{"type":"Polygon","coordinates":[[[-122.983947,46.133315],[-122.983947,46.133495],[-122.983559,46.133495],[-122.983559,46.133405],[-122.983763,46.133403],[-122.983812,46.133372],[-122.983818,46.133315],[-122.983947,46.133315]]]}},{"type":"Feature","properties":{"id":14,"area_m2":400,"px":4,"rank":140,"persistent":false},"geometry":{"type":"Polygon","coordinates":[[[-122.986925,46.133315],[-122.986925,46.133405],[-122.986666,46.133405],[-122.986663,46.133264],[-122.986618,46.133229],[-122.986537,46.133225],[-122.986537,46.133135],[-122.986666,46.133135],[-122.986689,46.13321],[-122.986795,46.133225],[-122.98683,46.133306],[-122.986925,46.133315]]]}},{"type":"Feature","properties":{"id":20,"area_m2":400,"px":4,"rank":141,"persistent":false},"geometry":{"type":"Polygon","coordinates":[[[-122.983818,46.132325],[-122.983818,46.132505],[-122.98343,46.132505],[-122.98343,46.132415],[-122.983634,46.132413],[-122.983683,46.132382],[-122.983689,46.132325],[-122.983818,46.132325]]]}},{"type":"Feature","properties":{"id":22,"area_m2":400,"px":4,"rank":142,"persistent":false},"geometry":{"type":"Polygon","coordinates":[[[-122.985372,46.132055],[-122.985372,46.132145],[-122.98529,46.132149],[-122.985246,46.132183],[-122.985242,46.132325],[-122.984983,46.132325],[-122.984983,46.132235],[-122.98509,46.132219],[-122.985113,46.132145],[-122.985229,46.132121],[-122.985242,46.132055],[-122.985372,46.132055]]]}},{"type":"Feature","properties":{"id":23,"area_m2":400,"px":4,"rank":143,"persistent":false},"geometry":{"type":"Polygon","coordinates":[[[-122.983042,46.131965],[-122.983041,46.132325],[-122.982912,46.132325],[-122.982912,46.131965],[-122.983042,46.131965]]]}},{"type":"Feature","properties":{"id":40,"area_m2":400,"px":4,"rank":144,"persistent":false},"geometry":{"type":"Polygon","coordinates":[[[-122.979029,46.130614],[-122.979029,46.130704],[-122.978922,46.13072],[-122.978899,46.130794],[-122.978641,46.130794],[-122.978641,46.130704],[-122.978747,46.130688],[-122.97877,46.130614],[-122.979029,46.130614]]]}},{"type":"Feature","properties":{"id":70,"area_m2":400,"px":4,"rank":145,"persistent":false},"geometry":{"type":"Polygon","coordinates":[[[-122.989126,46.128816],[-122.989126,46.128905],[-122.988923,46.128908],[-122.988874,46.128939],[-122.988868,46.128995],[-122.988738,46.128995],[-122.988738,46.128816],[-122.989126,46.128816]]]}},{"type":"Feature","properties":{"id":91,"area_m2":400,"px":4,"rank":146,"persistent":false},"geometry":{"type":"Polygon","coordinates":[[[-122.973076,46.127103],[-122.973076,46.127193],[-122.972817,46.127193],[-122.972794,46.127119],[-122.972688,46.127103],[-122.972688,46.127013],[-122.972947,46.127013],[-122.972969,46.127087],[-122.973076,46.127103]]]}},{"type":"Feature","properties":{"id":92,"area_m2":400,"px":4,"rank":147,"persistent":false},"geometry":{"type":"Polygon","coordinates":[[[-122.97217,46.126923],[-122.97217,46.127103],[-122.972041,46.127103],[-122.972018,46.127028],[-122.971911,46.127013],[-122.971911,46.126833],[-122.972041,46.126833],[-122.972063,46.126907],[-122.97217,46.126923]]]}},{"type":"Feature","properties":{"id":103,"area_m2":400,"px":4,"rank":148,"persistent":false},"geometry":{"type":"Polygon","coordinates":[[[-122.983043,46.126115],[-122.983043,46.126205],[-122.982916,46.126205],[-122.982911,46.126153],[-122.982873,46.126121],[-122.982655,46.126115],[-122.982632,46.12604],[-122.982526,46.126025],[-122.982526,46.125935],[-122.982655,46.125935],[-122.982661,46.125991],[-122.98271,46.126022],[-122.982914,46.126025],[-122.982937,46.126099],[-122.983043,46.126115]]]}},{"type":"Feature","properties":{"id":117,"area_m2":400,"px":4,"rank":149,"persistent":false},"geometry":{"type":"Polygon","coordinates":[[[-122.9679,46.124942],[-122.9679,46.125031],[-122.96777,46.125031],[-122.967748,46.124957],[-122.967641,46.124941],[-122.967628,46.124875],[-122.967512,46.124851],[-122.967483,46.124774],[-122.967382,46.124761],[-122.967382,46.124671],[-122.967511,46.124671],[-122.967534,46.124746],[-122.967641,46.124761],[-122.967654,46.124827],[-122.96777,46.124851],[-122.967799,46.124929],[-122.9679,46.124942]]]}},{"type":"Feature","properties":{"id":127,"area_m2":400,"px":4,"rank":150,"persistent":false},"geometry":{"type":"Polygon","coordinates":[[[-122.979161,46.123504],[-122.979161,46.123684],[-122.979054,46.1237],[-122.979032,46.123774],[-122.978902,46.123774],[-122.978902,46.123594],[-122.979009,46.123578],[-122.979032,46.123504],[-122.979161,46.123504]]]}},{"type":"Feature","properties":{"id":130,"area_m2":400,"px":4,"rank":151,"persistent":false},"geometry":{"type":"Polygon","coordinates":[[[-122.965959,46.123231],[-122.965959,46.123411],[-122.9657,46.123411],[-122.9657,46.123231],[-122.965959,46.123231]]]}},{"type":"Feature","properties":{"id":134,"area_m2":400,"px":4,"rank":152,"persistent":false},"geometry":{"type":"Polygon","coordinates":[[[-122.970878,46.122782],[-122.970878,46.122962],[-122.97049,46.122962],[-122.97049,46.122872],[-122.970693,46.12287],[-122.970743,46.122839],[-122.970749,46.122782],[-122.970878,46.122782]]]}},{"type":"Feature","properties":{"id":145,"area_m2":400,"px":4,"rank":153,"persistent":false},"geometry":{"type":"Polygon","coordinates":[[[-122.964278,46.12125],[-122.964278,46.12143],[-122.964019,46.12143],[-122.964019,46.12125],[-122.964278,46.12125]]]}},{"type":"Feature","properties":{"id":146,"area_m2":400,"px":4,"rank":154,"persistent":false},"geometry":{"type":"Polygon","coordinates":[[[-122.962077,46.12125],[-122.962077,46.12134],[-122.961819,46.121339],[-122.961815,46.121288],[-122.961778,46.121256],[-122.96156,46.121249],[-122.96156,46.12116],[-122.961819,46.12116],[-122.961822,46.121211],[-122.96186,46.121243],[-122.962077,46.12125]]]}},{"type":"Feature","properties":{"id":148,"area_m2":400,"px":4,"rank":155,"persistent":false},"geometry":{"type":"Polygon","coordinates":[[[-122.961301,46.120889],[-122.961301,46.120979],[-122.960913,46.120979],[-122.960913,46.120799],[-122.961042,46.120799],[-122.961048,46.120856],[-122.961098,46.120887],[-122.961301,46.120889]]]}},{"type":"Feature","properties":{"id":155,"area_m2":400,"px":4,"rank":156,"persistent":false},"geometry":{"type":"Polygon","coordinates":[[[-122.966868,46.118731],[-122.966868,46.118821],[-122.966761,46.118837],[-122.966738,46.118911],[-122.966643,46.11892],[-122.966609,46.119001],[-122.966497,46.119021],[-122.966479,46.119091],[-122.96635,46.119091],[-122.96635,46.119001],[-122.966457,46.118985],[-122.96648,46.118911],[-122.966574,46.118902],[-122.966609,46.118821],[-122.966721,46.118801],[-122.966739,46.118731],[-122.966868,46.118731]]]}},{"type":"Feature","properties":{"id":157,"area_m2":400,"px":4,"rank":157,"persistent":false},"geometry":{"type":"Polygon","coordinates":[[[-122.967515,46.118101],[-122.967515,46.118281],[-122.967409,46.118297],[-122.967386,46.118371],[-122.967256,46.118371],[-122.967257,46.118191],[-122.967363,46.118175],[-122.967386,46.118101],[-122.967515,46.118101]]]}},{"type":"Feature","properties":{"id":167,"area_m2":400,"px":4,"rank":158,"persistent":false},"geometry":{"type":"Polygon","coordinates":[[[-122.956257,46.115938],[-122.956257,46.116207],[-122.956128,46.116207],[-122.956125,46.116066],[-122.95608,46.116032],[-122.955999,46.116027],[-122.955999,46.115937],[-122.956257,46.115938]]]}},{"type":"Feature","properties":{"id":168,"area_m2":400,"px":4,"rank":159,"persistent":false},"geometry":{"type":"Polygon","coordinates":[[[-122.958199,46.115848],[-122.958199,46.116028],[-122.958069,46.116028],[-122.95806,46.115877],[-122.958014,46.11585],[-122.95794,46.115848],[-122.95794,46.115668],[-122.958069,46.115668],[-122.958079,46.11582],[-122.958125,46.115846],[-122.958199,46.115848]]]}},{"type":"Feature","properties":{"id":174,"area_m2":400,"px":4,"rank":160,"persistent":false},"geometry":{"type":"Polygon","coordinates":[[[-122.954705,46.115307],[-122.954705,46.115397],[-122.954317,46.115397],[-122.954317,46.115307],[-122.954423,46.115291],[-122.954446,46.115217],[-122.954576,46.115217],[-122.954598,46.115291],[-122.954705,46.115307]]]}},{"type":"Feature","properties":{"id":196,"area_m2":400,"px":4,"rank":161,"persistent":false},"geometry":{"type":"Polygon","coordinates":[[[-122.959238,46.110899],[-122.959238,46.110988],[-122.959143,46.110998],[-122.959108,46.111078],[-122.959034,46.111081],[-122.958988,46.111107],[-122.958979,46.111258],[-122.958849,46.111258],[-122.95885,46.111078],[-122.958956,46.111063],[-122.958979,46.110988],[-122.959095,46.110964],[-122.959108,46.110898],[-122.959238,46.110899]]]}},{"type":"Feature","properties":{"id":199,"area_m2":400,"px":4,"rank":162,"persistent":false},"geometry":{"type":"Polygon","coordinates":[[[-122.959108,46.110718],[-122.959108,46.110808],[-122.958979,46.110808],[-122.958966,46.110742],[-122.95885,46.110718],[-122.958815,46.110637],[-122.958591,46.110628],[-122.958591,46.110538],[-122.95885,46.110538],[-122.958873,46.110613],[-122.958979,46.110628],[-122.959014,46.110709],[-122.959108,46.110718]]]}},{"type":"Feature","properties":{"id":200,"area_m2":400,"px":4,"rank":163,"persistent":false},"geometry":{"type":"Polygon","coordinates":[[[-122.960144,46.109999],[-122.960144,46.110179],[-122.960037,46.110195],[-122.960015,46.110269],[-122.959885,46.110269],[-122.959885,46.110089],[-122.959992,46.110073],[-122.960015,46.109999],[-122.960144,46.109999]]]}},{"type":"Feature","properties":{"id":201,"area_m2":400,"px":4,"rank":164,"persistent":false},"geometry":{"type":"Polygon","coordinates":[[[-122.958074,46.110088],[-122.958074,46.110178],[-122.957967,46.110194],[-122.957944,46.110268],[-122.957815,46.110268],[-122.957815,46.109998],[-122.957944,46.109998],[-122.957967,46.110072],[-122.958074,46.110088]]]}},{"type":"Feature","properties":{"id":3,"area_m2":300,"px":3,"rank":165,"persistent":false},"geometry":{"type":"Polygon","coordinates":[[[-122.986148,46.134575],[-122.986148,46.134665],[-122.986018,46.134665],[-122.985996,46.134591],[-122.985889,46.134575],[-122.985854,46.134494],[-122.98576,46.134485],[-122.98576,46.134395],[-122.985889,46.134395],[-122.985912,46.134469],[-122.986018,46.134485],[-122.986053,46.134566],[-122.986148,46.134575]]]}},{"type":"Feature","properties":{"id":5,"area_m2":300,"px":3,"rank":166,"persistent":false},"geometry":{"type":"Polygon","coordinates":[[[-122.987828,46.134127],[-122.987796,46.134173],[-122.987831,46.134216],[-122.987831,46.134305],[-122.987702,46.134305],[-122.987679,46.134231],[-122.987572,46.134215],[-122.987572,46.134126],[-122.987679,46.13411],[-122.987702,46.134036],[-122.987829,46.134035],[-122.987828,46.134127]]]}},{"type":"Feature","properties":{"id":7,"area_m2":300,"px":3,"rank":167,"persistent":false},"geometry":{"type":"Polygon","coordinates":[[[-122.988349,46.134126],[-122.988349,46.134215],[-122.98809,46.134215],[-122.98809,46.134036],[-122.988219,46.134036],[-122.988242,46.13411],[-122.988349,46.134126]]]}},{"type":"Feature","properties":{"id":15,"area_m2":300,"px":3,"rank":168,"persistent":false},"geometry":{"type":"Polygon","coordinates":[[[-122.982912,46.133135],[-122.982912,46.133405],[-122.982782,46.133405],[-122.982782,46.133135],[-122.982912,46.133135]]]}},{"type":"Feature","properties":{"id":24,"area_m2":300,"px":3,"rank":169,"persistent":false},"geometry":{"type":"Polygon","coordinates":[[[-122.983948,46.131965],[-122.983948,46.132055],[-122.983841,46.132071],[-122.983818,46.132145],[-122.983689,46.132145],[-122.983689,46.131965],[-122.983948,46.131965]]]}},{"type":"Feature","properties":{"id":26,"area_m2":300,"px":3,"rank":170,"persistent":false},"geometry":{"type":"Polygon","coordinates":[[[-122.981488,46.131965],[-122.981488,46.132055],[-122.981229,46.132054],[-122.981229,46.131875],[-122.981359,46.131875],[-122.981382,46.131949],[-122.981488,46.131965]]]}},{"type":"Feature","properties":{"id":29,"area_m2":300,"px":3,"rank":171,"persistent":false},"geometry":{"type":"Polygon","coordinates":[[[-122.983042,46.131785],[-122.983042,46.131875],[-122.982783,46.131875],[-122.98276,46.131801],[-122.982653,46.131785],[-122.982653,46.131695],[-122.982783,46.131695],[-122.982789,46.131751],[-122.982838,46.131782],[-122.983042,46.131785]]]}},{"type":"Feature","properties":{"id":30,"area_m2":300,"px":3,"rank":172,"persistent":false},"geometry":{"type":"Polygon","coordinates":[[[-122.977993,46.131334],[-122.977993,46.131604],[-122.977864,46.131604],[-122.977864,46.131334],[-122.977993,46.131334]]]}},{"type":"Feature","properties":{"id":41,"area_m2":300,"px":3,"rank":173,"persistent":false},"geometry":{"type":"Polygon","coordinates":[[[-122.991197,46.130526],[-122.991197,46.130616],[-122.991091,46.130632],[-122.991068,46.130706],[-122.990939,46.130706],[-122.990939,46.130526],[-122.991197,46.130526]]]}},{"type":"Feature","properties":{"id":42,"area_m2":300,"px":3,"rank":174,"persistent":false},"geometry":{"type":"Polygon","coordinates":[[[-122.978641,46.130434],[-122.978641,46.130524],[-122.978437,46.130526],[-122.978388,46.130557],[-122.978382,46.130614],[-122.978252,46.130614],[-122.978253,46.130524],[-122.978359,46.130508],[-122.978382,46.130434],[-122.978641,46.130434]]]}},{"type":"Feature","properties":{"id":44,"area_m2":300,"px":3,"rank":175,"persistent":false},"geometry":{"type":"Polygon","coordinates":[[[-122.980971,46.130255],[-122.980971,46.130434],[-122.980712,46.130434],[-122.980712,46.130345],[-122.980819,46.130329],[-122.980842,46.130255],[-122.980971,46.130255]]]}},{"type":"Feature","properties":{"id":46,"area_m2":300,"px":3,"rank":176,"persistent":false},"geometry":{"type":"Polygon","coordinates":[[[-122.984078,46.130165],[-122.984078,46.130345],[-122.983819,46.130345],[-122.983819,46.130255],[-122.983926,46.130239],[-122.983948,46.130165],[-122.984078,46.130165]]]}},{"type":"Feature","properties":{"id":47,"area_m2":300,"px":3,"rank":177,"persistent":false},"geometry":{"type":"Polygon","coordinates":[[[-122.977476,46.130164],[-122.977476,46.130254],[-122.977217,46.130254],[-122.977217,46.130074],[-122.977346,46.130074],[-122.977369,46.130148],[-122.977476,46.130164]]]}},{"type":"Feature","properties":{"id":53,"area_m2":300,"px":3,"rank":178,"persistent":false},"geometry":{"type":"Polygon","coordinates":[[[-122.984596,46.129895],[-122.984596,46.129985],[-122.984207,46.129985],[-122.984207,46.129895],[-122.984596,46.129895]]]}},{"type":"Feature","properties":{"id":64,"area_m2":300,"px":3,"rank":179,"persistent":false},"geometry":{"type":"Polygon","coordinates":[[[-122.989774,46.129176],[-122.989774,46.129266],[-122.989667,46.129281],[-122.989644,46.129356],[-122.989515,46.129356],[-122.989515,46.129176],[-122.989774,46.129176]]]}},{"type":"Feature","properties":{"id":81,"area_m2":300,"px":3,"rank":180,"persistent":false},"geometry":{"type":"Polygon","coordinates":[[[-122.984984,46.127825],[-122.984984,46.127915],[-122.984726,46.127915],[-122.984726,46.127735],[-122.984855,46.127735],[-122.984878,46.127809],[-122.984984,46.127825]]]}},{"type":"Feature","properties":{"id":87,"area_m2":300,"px":3,"rank":181,"persistent":false},"geometry":{"type":"Polygon","coordinates":[[[-122.984467,46.127375],[-122.984467,46.127555],[-122.984338,46.127555],[-122.984334,46.127413],[-122.98429,46.127379],[-122.984208,46.127375],[-122.984208,46.127285],[-122.984337,46.127285],[-122.98436,46.127359],[-122.984467,46.127375]]]}},{"type":"Feature","properties":{"id":88,"area_m2":300,"px":3,"rank":182,"persistent":false},"geometry":{"type":"Polygon","coordinates":[[[-122.977218,46.127194],[-122.977218,46.127284],[-122.977111,46.1273],[-122.977089,46.127374],[-122.976959,46.127374],[-122.976959,46.127194],[-122.977218,46.127194]]]}},{"type":"Feature","properties":{"id":95,"area_m2":300,"px":3,"rank":183,"persistent":false},"geometry":{"type":"Polygon","coordinates":[[[-122.976183,46.126834],[-122.976183,46.126923],[-122.976053,46.126923],[-122.976031,46.126849],[-122.975924,46.126833],[-122.975889,46.126753],[-122.975795,46.126743],[-122.975795,46.126654],[-122.975924,46.126654],[-122.975947,46.126728],[-122.976053,46.126744],[-122.976088,46.126824],[-122.976183,46.126834]]]}},{"type":"Feature","properties":{"id":99,"area_m2":300,"px":3,"rank":184,"persistent":false},"geometry":{"type":"Polygon","coordinates":[[[-122.975277,46.126293],[-122.975277,46.126383],[-122.974889,46.126383],[-122.974889,46.126293],[-122.975277,46.126293]]]}},{"type":"Feature","properties":{"id":102,"area_m2":300,"px":3,"rank":185,"persistent":false},"geometry":{"type":"Polygon","coordinates":[[[-122.974112,46.126023],[-122.974112,46.126113],[-122.974031,46.126117],[-122.973986,46.126151],[-122.973982,46.126293],[-122.973853,46.126293],[-122.973853,46.126113],[-122.97396,46.126097],[-122.973983,46.126023],[-122.974112,46.126023]]]}},{"type":"Feature","properties":{"id":106,"area_m2":300,"px":3,"rank":186,"persistent":false},"geometry":{"type":"Polygon","coordinates":[[[-122.975536,46.125843],[-122.975536,46.126023],[-122.975407,46.126023],[-122.975384,46.125949],[-122.975277,46.125933],[-122.975277,46.125843],[-122.975536,46.125843]]]}},{"type":"Feature","properties":{"id":110,"area_m2":300,"px":3,"rank":187,"persistent":false},"geometry":{"type":"Polygon","coordinates":[[[-122.975145,46.125485],[-122.975113,46.125531],[-122.975148,46.125573],[-122.975148,46.125663],[-122.975018,46.125663],[-122.974996,46.125589],[-122.974889,46.125573],[-122.974889,46.125483],[-122.974996,46.125467],[-122.975019,46.125393],[-122.975146,46.125393],[-122.975145,46.125485]]]}},{"type":"Feature","properties":{"id":120,"area_m2":300,"px":3,"rank":188,"persistent":false},"geometry":{"type":"Polygon","coordinates":[[[-122.975148,46.124313],[-122.975148,46.124403],[-122.975042,46.124419],[-122.975019,46.124493],[-122.97489,46.124493],[-122.97489,46.124403],[-122.974924,46.124361],[-122.97489,46.124313],[-122.97489,46.124223],[-122.975019,46.124223],[-122.975042,46.124297],[-122.975148,46.124313]]]}},{"type":"Feature","properties":{"id":121,"area_m2":300,"px":3,"rank":189,"persistent":false},"geometry":{"type":"Polygon","coordinates":[[[-122.97696,46.124224],[-122.97696,46.124404],[-122.976702,46.124404],[-122.976702,46.124314],[-122.976808,46.124298],[-122.976831,46.124224],[-122.97696,46.124224]]]}},{"type":"Feature","properties":{"id":122,"area_m2":300,"px":3,"rank":190,"persistent":false},"geometry":{"type":"Polygon","coordinates":[[[-122.976054,46.124224],[-122.976054,46.124313],[-122.975796,46.124313],[-122.975796,46.124133],[-122.975925,46.124133],[-122.975948,46.124208],[-122.976054,46.124224]]]}},{"type":"Feature","properties":{"id":124,"area_m2":300,"px":3,"rank":191,"persistent":false},"geometry":{"type":"Polygon","coordinates":[[[-122.975537,46.124043],[-122.975537,46.124133],[-122.975278,46.124133],[-122.975255,46.124059],[-122.975149,46.124043],[-122.975149,46.123953],[-122.975278,46.123953],[-122.975284,46.12401],[-122.975333,46.124041],[-122.975537,46.124043]]]}},{"type":"Feature","properties":{"id":136,"area_m2":300,"px":3,"rank":192,"persistent":false},"geometry":{"type":"Polygon","coordinates":[[[-122.972172,46.122513],[-122.972172,46.122692],[-122.971913,46.122692],[-122.971914,46.122603],[-122.97202,46.122587],[-122.972043,46.122513],[-122.972172,46.122513]]]}},{"type":"Feature","properties":{"id":138,"area_m2":300,"px":3,"rank":193,"persistent":false},"geometry":{"type":"Polygon","coordinates":[[[-122.972172,46.122063],[-122.972172,46.122242],[-122.971914,46.122242],[-122.971914,46.122153],[-122.97202,46.122137],[-122.972043,46.122063],[-122.972172,46.122063]]]}},{"type":"Feature","properties":{"id":149,"area_m2":300,"px":3,"rank":194,"persistent":false},"geometry":{"type":"Polygon","coordinates":[[[-122.965314,46.120261],[-122.965314,46.120351],[-122.965207,46.120366],[-122.965184,46.120441],[-122.965055,46.120441],[-122.965055,46.120261],[-122.965314,46.120261]]]}},{"type":"Feature","properties":{"id":153,"area_m2":300,"px":3,"rank":195,"persistent":false},"geometry":{"type":"Polygon","coordinates":[[[-122.965703,46.119451],[-122.965702,46.119631],[-122.965444,46.119631],[-122.965444,46.119541],[-122.96555,46.119525],[-122.965573,46.119451],[-122.965703,46.119451]]]}},{"type":"Feature","properties":{"id":160,"area_m2":300,"px":3,"rank":196,"persistent":false},"geometry":{"type":"Polygon","coordinates":[[[-122.959362,46.117469],[-122.959362,46.117739],[-122.959233,46.117739],[-122.959233,46.117469],[-122.959362,46.117469]]]}},{"type":"Feature","properties":{"id":162,"area_m2":300,"px":3,"rank":197,"persistent":false},"geometry":{"type":"Polygon","coordinates":[[[-122.958974,46.117199],[-122.958974,46.117378],[-122.958845,46.117378],[-122.958822,46.117304],[-122.958715,46.117288],[-122.958716,46.117198],[-122.958974,46.117199]]]}},{"type":"Feature","properties":{"id":163,"area_m2":300,"px":3,"rank":198,"persistent":false},"geometry":{"type":"Polygon","coordinates":[[[-122.958586,46.117018],[-122.958586,46.117108],[-122.958327,46.117108],[-122.958328,46.116928],[-122.958457,46.116928],[-122.95848,46.117002],[-122.958586,46.117018]]]}},{"type":"Feature","properties":{"id":170,"area_m2":300,"px":3,"rank":199,"persistent":false},"geometry":{"type":"Polygon","coordinates":[[[-122.957164,46.115488],[-122.957164,46.115668],[-122.957057,46.115684],[-122.957034,46.115758],[-122.956905,46.115758],[-122.956905,46.115668],[-122.956986,46.115664],[-122.957031,46.115629],[-122.957034,46.115488],[-122.957164,46.115488]]]}},{"type":"Feature","properties":{"id":183,"area_m2":300,"px":3,"rank":200,"persistent":false},"geometry":{"type":"Polygon","coordinates":[[[-122.956001,46.113507],[-122.956,46.113687],[-122.955742,46.113687],[-122.955742,46.113597],[-122.955848,46.113581],[-122.955871,46.113507],[-122.956001,46.113507]]]}},{"type":"Feature","properties":{"id":184,"area_m2":300,"px":3,"rank":201,"persistent":false},"geometry":{"type":"Polygon","coordinates":[[[-122.958589,46.113418],[-122.958589,46.113598],[-122.95833,46.113598],[-122.95833,46.113508],[-122.958437,46.113492],[-122.95846,46.113418],[-122.958589,46.113418]]]}},{"type":"Feature","properties":{"id":194,"area_m2":300,"px":3,"rank":202,"persistent":false},"geometry":{"type":"Polygon","coordinates":[[[-122.957814,46.111528],[-122.957814,46.111618],[-122.957707,46.111634],[-122.957684,46.111708],[-122.957555,46.111708],[-122.957555,46.111528],[-122.957814,46.111528]]]}},{"type":"Feature","properties":{"id":195,"area_m2":300,"px":3,"rank":203,"persistent":false},"geometry":{"type":"Polygon","coordinates":[[[-122.961955,46.111169],[-122.961955,46.111259],[-122.961848,46.111275],[-122.961825,46.111349],[-122.961709,46.111373],[-122.961696,46.111439],[-122.961567,46.111439],[-122.961567,46.111349],[-122.961673,46.111334],[-122.961696,46.111259],[-122.961813,46.111235],[-122.961826,46.111169],[-122.961955,46.111169]]]}},{"type":"Feature","properties":{"id":204,"area_m2":300,"px":3,"rank":204,"persistent":false},"geometry":{"type":"Polygon","coordinates":[[[-122.960015,46.109279],[-122.960015,46.109369],[-122.959934,46.109373],[-122.959889,46.109407],[-122.959886,46.109549],[-122.959756,46.109549],[-122.959757,46.109369],[-122.959863,46.109353],[-122.959886,46.109279],[-122.960015,46.109279]]]}},{"type":"Feature","properties":{"id":205,"area_m2":300,"px":3,"rank":205,"persistent":false},"geometry":{"type":"Polygon","coordinates":[[[-122.959369,46.108919],[-122.959368,46.109098],[-122.959239,46.109098],[-122.959216,46.109024],[-122.95911,46.109008],[-122.95911,46.108918],[-122.959369,46.108919]]]}}]}