{"type":"FeatureCollection","features":[{"type":"Feature","properties":{"id":7,"area_m2":1209100,"px":12091,"rank":1,"persistent":false},"geometry":{"type":"Polygon","coordinates":[[[-122.989644,46.129806],[-122.989644,46.129896],[-122.989537,46.129911],[-122.989515,46.129986],[-122.989398,46.13001],[-122.989385,46.130076],[-122.989167,46.130082],[-122.98913,46.130114],[-122.989126,46.130165],[-122.988867,46.130165],[-122.988867,46.130076],[-122.988962,46.130066],[-122.988997,46.129986],[-122.989071,46.129983],[-122.989117,46.129957],[-122.98912,46.129839],[-122.989064,46.129807],[-122.988868,46.129805],[-122.988864,46.129664],[-122.98882,46.12963],[-122.988738,46.129625],[-122.988725,46.129469],[-122.988668,46.129446],[-122.988479,46.129445],[-122.988466,46.129289],[-122.988288,46.129252],[-122.988226,46.129285],[-122.98822,46.129355],[-122.988104,46.129379],[-122.988091,46.129445],[-122.987979,46.129465],[-122.987961,46.129535],[-122.98785,46.129555],[-122.987832,46.129625],[-122.98772,46.129645],[-122.987706,46.129767],[-122.98775,46.129801],[-122.987832,46.129805],[-122.987866,46.129886],[-122.987961,46.129895],[-122.98799,46.129973],[-122.988091,46.129986],[-122.988094,46.130037],[-122.988132,46.130069],[-122.988608,46.130076],[-122.988631,46.13015],[-122.988754,46.130173],[-122.988738,46.130255],[-122.988412,46.130257],[-122.988359,46.130284],[-122.988349,46.130345],[-122.988091,46.130345],[-122.988087,46.130294],[-122.98805,46.130262],[-122.987832,46.130255],[-122.987809,46.130181],[-122.987702,46.130165],[-122.987699,46.1301],[-122.987663,46.130069],[-122.987444,46.130075],[-122.987426,46.130005],[-122.987314,46.129985],[-122.987305,46.129924],[-122.987244,46.129896],[-122.986851,46.129898],[-122.986802,46.129929],[-122.986796,46.129985],[-122.98668,46.130009],[-122.986667,46.130075],[-122.986408,46.130075],[-122.986428,46.129946],[-122.986394,46.129905],[-122.98602,46.129895],[-122.98602,46.129805],[-122.986054,46.129757],[-122.98602,46.129715],[-122.986002,46.129555],[-122.98589,46.129535],[-122.985887,46.129484],[-122.985849,46.129452],[-122.985631,46.129445],[-122.985609,46.129371],[-122.985502,46.129355],[-122.985534,46.129207],[-122.985479,46.129101],[-122.985373,46.129085],[-122.985355,46.128925],[-122.985303,46.128905],[-122.985142,46.128917],[-122.985114,46.128954],[-122.985114,46.129085],[-122.984897,46.129086],[-122.984843,46.129115],[-122.984855,46.129445],[-122.98476,46.129454],[-122.984725,46.129535],[-122.984651,46.129537],[-122.984605,46.129564],[-122.984599,46.129767],[-122.984644,46.129801],[-122.984725,46.129805],[-122.984728,46.12996],[-122.984815,46.129998],[-122.984936,46.129981],[-122.984978,46.129952],[-122.984984,46.129715],[-122.985113,46.129715],[-122.985127,46.129871],[-122.985243,46.129895],[-122.985277,46.129976],[-122.985372,46.129985],[-122.985369,46.130145],[-122.985422,46.130165],[-122.985576,46.130163],[-122.985625,46.130132],[-122.985631,46.130075],[-122.985761,46.130075],[-122.985761,46.130255],[-122.985654,46.130271],[-122.985631,46.130345],[-122.98553,46.130357],[-122.985502,46.130435],[-122.985407,46.130444],[-122.985372,46.130525],[-122.98526,46.130545],[-122.985243,46.130615],[-122.985032,46.130619],[-122.98499,46.130648],[-122.984984,46.130705],[-122.984856,46.130722],[-122.984834,46.130761],[-122.984854,46.130975],[-122.984748,46.130991],[-122.984725,46.131065],[-122.984466,46.131065],[-122.984438,46.130987],[-122.984253,46.130952],[-122.984112,46.130984],[-122.984077,46.131065],[-122.983966,46.131085],[-122.983951,46.131207],[-122.984018,46.131245],[-122.984466,46.131245],[-122.984466,46.131335],[-122.984262,46.131337],[-122.984207,46.131384],[-122.98419,46.131655],[-122.984234,46.131691],[-122.984336,46.131695],[-122.984371,46.131776],[-122.984921,46.131784],[-122.984974,46.131757],[-122.984984,46.131695],[-122.985113,46.131695],[-122.985113,46.131875],[-122.985078,46.131918],[-122.985113,46.131965],[-122.985113,46.132055],[-122.985011,46.132059],[-122.984965,46.1321],[-122.985012,46.132223],[-122.985201,46.132229],[-122.985239,46.132197],[-122.985242,46.132145],[-122.985359,46.132121],[-122.985372,46.132055],[-122.985501,46.132055],[-122.985501,46.132145],[-122.985413,46.132152],[-122.985373,46.132189],[-122.985372,46.132451],[-122.985406,46.132496],[-122.985501,46.132505],[-122.985481,46.132635],[-122.985509,46.132672],[-122.98576,46.132685],[-122.985821,46.132709],[-122.985889,46.132685],[-122.986078,46.132685],[-122.986139,46.132657],[-122.986148,46.132595],[-122.986278,46.132595],[-122.986278,46.132685],[-122.986189,46.132692],[-122.98615,46.132729],[-122.986161,46.132931],[-122.986218,46.132955],[-122.986537,46.132955],[-122.986559,46.13312],[-122.986795,46.133135],[-122.986818,46.13321],[-122.986925,46.133225],[-122.986925,46.133495],[-122.986694,46.133508],[-122.986666,46.133544],[-122.986675,46.133647],[-122.986728,46.133674],[-122.986925,46.133675],[-122.986931,46.133732],[-122.98698,46.133763],[-122.987184,46.133765],[-122.98719,46.133822],[-122.987232,46.133851],[-122.987443,46.133855],[-122.987442,46.134035],[-122.987336,46.134051],[-122.987313,46.134125],[-122.987054,46.134125],[-122.987054,46.133994],[-122.98702,46.133954],[-122.986724,46.133945],[-122.986668,46.133962],[-122.986646,46.134001],[-122.986679,46.134101],[-122.986795,46.134125],[-122.98683,46.134206],[-122.986925,46.134215],[-122.986925,46.134485],[-122.986795,46.134485],[-122.986772,46.134321],[-122.986666,46.134305],[-122.98666,46.134249],[-122.986611,46.134218],[-122.986277,46.134215],[-122.986268,46.134064],[-122.986222,46.134038],[-122.986148,46.134035],[-122.986113,46.133954],[-122.986019,46.133945],[-122.985984,46.133864],[-122.985828,46.133831],[-122.98576,46.133855],[-122.985501,46.133855],[-122.985485,46.133773],[-122.985582,46.133761],[-122.985627,46.133727],[-122.985624,46.133529],[-122.985582,46.133499],[-122.985501,46.133495],[-122.985495,46.133439],[-122.985453,46.133409],[-122.985256,46.133415],[-122.985222,46.133456],[-122.985245,46.133547],[-122.98529,46.133581],[-122.985371,46.133585],[-122.985387,46.133758],[-122.98529,46.133769],[-122.985248,46.133799],[-122.985227,46.134001],[-122.985284,46.134034],[-122.985501,46.134035],[-122.985507,46.134182],[-122.985549,46.134211],[-122.98563,46.134215],[-122.985665,46.134296],[-122.985889,46.134305],[-122.985902,46.134461],[-122.986018,46.134485],[-122.986053,46.134566],[-122.986148,46.134575],[-122.986148,46.134665],[-122.986018,46.134665],[-122.98599,46.134588],[-122.98576,46.134575],[-122.985754,46.134519],[-122.985712,46.134489],[-122.985371,46.134485],[-122.985354,46.134415],[-122.985242,46.134395],[-122.985207,46.134314],[-122.985112,46.134305],[-122.985084,46.134227],[-122.984983,46.134215],[-122.984954,46.134137],[-122.984853,46.134125],[-122.984825,46.134047],[-122.984724,46.134035],[-122.984701,46.133961],[-122.984465,46.133945],[-122.984447,46.133875],[-122.984336,46.133855],[-122.984323,46.133789],[-122.984206,46.133765],[-122.9842,46.133708],[-122.984158,46.133679],[-122.983866,46.133679],[-122.983824,46.133708],[-122.983818,46.133765],[-122.983587,46.133777],[-122.983559,46.133855],[-122.9833,46.133855],[-122.983239,46.133831],[-122.98317,46.133855],[-122.983041,46.133855],[-122.983056,46.133529],[-122.982999,46.133496],[-122.982766,46.133487],[-122.982779,46.133353],[-122.982734,46.133319],[-122.982653,46.133315],[-122.982685,46.133167],[-122.982592,46.133111],[-122.982403,46.133163],[-122.982394,46.133356],[-122.982435,46.133398],[-122.982523,46.133405],[-122.982552,46.133483],[-122.982669,46.133502],[-122.982653,46.133585],[-122.982523,46.133585],[-122.982517,46.133528],[-122.982468,46.133497],[-122.982299,46.133504],[-122.982266,46.133538],[-122.982264,46.133675],[-122.98223,46.133717],[-122.982264,46.133765],[-122.982264,46.133855],[-122.982005,46.133855],[-122.981992,46.133789],[-122.981876,46.133765],[-122.981841,46.133684],[-122.981617,46.133675],[-122.981617,46.133495],[-122.981983,46.133479],[-122.98204,46.133362],[-122.982006,46.133315],[-122.982006,46.133225],[-122.982242,46.133209],[-122.982265,46.133135],[-122.982359,46.133126],[-122.982394,46.133045],[-122.982468,46.133042],[-122.982514,46.133016],[-122.982524,46.132865],[-122.982912,46.132865],[-122.982918,46.132935],[-122.98298,46.132968],[-122.9833,46.132955],[-122.983309,46.133106],[-122.983355,46.133133],[-122.98343,46.133135],[-122.983445,46.133307],[-122.983397,46.133373],[-122.983435,46.133408],[-122.983491,46.133418],[-122.983553,46.133385],[-122.983559,46.133315],[-122.983913,46.133306],[-122.983967,46.133185],[-122.983927,46.133142],[-122.983818,46.133135],[-122.983784,46.133054],[-122.983689,46.133045],[-122.983688,46.132914],[-122.98366,46.132877],[-122.98343,46.132865],[-122.98343,46.132685],[-122.983559,46.132685],[-122.983563,46.132737],[-122.9836,46.132769],[-122.983818,46.132775],[-122.983853,46.132856],[-122.984077,46.132865],[-122.984105,46.132943],[-122.984253,46.132969],[-122.984327,46.13294],[-122.984336,46.132865],[-122.98441,46.132863],[-122.984456,46.132837],[-122.984452,46.132709],[-122.984395,46.132685],[-122.984207,46.132685],[-122.984201,46.132628],[-122.984151,46.132597],[-122.983948,46.132595],[-122.983942,46.132538],[-122.9839,46.132509],[-122.983689,46.132505],[-122.983671,46.132345],[-122.983619,46.132325],[-122.98343,46.132325],[-122.983427,46.132273],[-122.983389,46.132241],[-122.983042,46.132235],[-122.983038,46.132093],[-122.982994,46.132059],[-122.982912,46.132055],[-122.982903,46.131903],[-122.982857,46.131877],[-122.982783,46.131875],[-122.982748,46.131794],[-122.982653,46.131785],[-122.982625,46.131707],[-122.982524,46.131695],[-122.982522,46.131558],[-122.982461,46.131516],[-122.982035,46.131527],[-122.981971,46.131647],[-122.982006,46.131695],[-122.982006,46.131785],[-122.98181,46.131786],[-122.981749,46.131828],[-122.981753,46.131931],[-122.981795,46.131961],[-122.981876,46.131965],[-122.981876,46.132055],[-122.981536,46.132059],[-122.981494,46.132088],[-122.981488,46.132145],[-122.981372,46.132169],[-122.981359,46.132235],[-122.98117,46.132235],[-122.981113,46.132259],[-122.9811,46.132594],[-122.980993,46.13261],[-122.98097,46.132684],[-122.980779,46.132671],[-122.980713,46.132714],[-122.980714,46.132916],[-122.980759,46.13295],[-122.980841,46.132955],[-122.98084,46.133044],[-122.980582,46.133044],[-122.980559,46.13297],[-122.980452,46.132954],[-122.980418,46.132874],[-122.980323,46.132864],[-122.9803,46.1327],[-122.980064,46.132684],[-122.980064,46.132504],[-122.980159,46.132495],[-122.980194,46.132414],[-122.980305,46.132395],[-122.98032,46.132273],[-122.980275,46.132239],[-122.980194,46.132234],[-122.980192,46.132008],[-122.980153,46.131971],[-122.980064,46.131964],[-122.980042,46.13171],[-122.979935,46.131694],[-122.979929,46.131638],[-122.979887,46.131608],[-122.979676,46.131604],[-122.97967,46.131548],[-122.979628,46.131518],[-122.979288,46.131514],[-122.979288,46.131334],[-122.979376,46.131328],[-122.979416,46.131291],[-122.979416,46.131198],[-122.979383,46.131163],[-122.979049,46.131161],[-122.979009,46.131205],[-122.979029,46.131334],[-122.978899,46.131334],[-122.978893,46.131277],[-122.978844,46.131246],[-122.978709,46.13122],[-122.97864,46.131244],[-122.978511,46.131244],[-122.97851,46.131094],[-122.978472,46.131057],[-122.978287,46.131073],[-122.978253,46.131113],[-122.978252,46.131244],[-122.978157,46.131253],[-122.978123,46.131334],[-122.978041,46.131338],[-122.977997,46.131372],[-122.977995,46.131651],[-122.978034,46.131688],[-122.978122,46.131694],[-122.978122,46.131783],[-122.977993,46.131784],[-122.97797,46.13171],[-122.977864,46.131694],[-122.977829,46.131613],[-122.977734,46.131604],[-122.977734,46.131514],[-122.977851,46.13149],[-122.977864,46.131334],[-122.977945,46.13133],[-122.97799,46.131296],[-122.977993,46.131154],[-122.978068,46.131152],[-122.978114,46.131125],[-122.978105,46.130994],[-122.978053,46.130974],[-122.977605,46.130974],[-122.977599,46.130917],[-122.97755,46.130886],[-122.977087,46.130884],[-122.977084,46.130832],[-122.977046,46.1308],[-122.976828,46.130794],[-122.976829,46.130704],[-122.977217,46.130704],[-122.977285,46.130728],[-122.977374,46.130682],[-122.977346,46.130614],[-122.977343,46.130382],[-122.977298,46.130348],[-122.977217,46.130344],[-122.977182,46.130263],[-122.977088,46.130254],[-122.977088,46.130074],[-122.977284,46.130073],[-122.977343,46.130035],[-122.977341,46.129927],[-122.977299,46.129898],[-122.977217,46.129894],[-122.977217,46.129804],[-122.977535,46.129804],[-122.977592,46.12978],[-122.977606,46.129534],[-122.97768,46.129532],[-122.977726,46.129505],[-122.977729,46.129387],[-122.977687,46.129358],[-122.977606,46.129354],[-122.977571,46.129273],[-122.977476,46.129264],[-122.977473,46.129212],[-122.977435,46.12918],[-122.977088,46.129174],[-122.977065,46.1291],[-122.976959,46.129084],[-122.976957,46.128947],[-122.976903,46.128906],[-122.976767,46.12889],[-122.976709,46.128919],[-122.9767,46.129174],[-122.97657,46.129174],[-122.976557,46.129108],[-122.976441,46.129084],[-122.976435,46.129014],[-122.976388,46.128983],[-122.975923,46.128993],[-122.9759,46.128919],[-122.975794,46.128902],[-122.975794,46.128724],[-122.975882,46.128717],[-122.975923,46.128675],[-122.97591,46.128568],[-122.975794,46.128542],[-122.975794,46.128454],[-122.975896,46.128449],[-122.975942,46.128408],[-122.975922,46.128227],[-122.975895,46.128196],[-122.975665,46.128183],[-122.975651,46.128117],[-122.975535,46.128093],[-122.975507,46.128016],[-122.975276,46.128003],[-122.975263,46.127937],[-122.975147,46.127913],[-122.975124,46.127839],[-122.974888,46.127823],[-122.974882,46.127753],[-122.974835,46.127722],[-122.974548,46.127737],[-122.974506,46.127767],[-122.9745,46.127823],[-122.974111,46.127823],[-122.974111,46.127733],[-122.974193,46.127729],[-122.974237,46.127695],[-122.974235,46.127496],[-122.974171,46.127463],[-122.973903,46.127463],[-122.973833,46.127513],[-122.973852,46.127823],[-122.973641,46.127827],[-122.973599,46.127856],[-122.973593,46.127913],[-122.973512,46.127917],[-122.97347,46.127946],[-122.97347,46.12806],[-122.973512,46.128089],[-122.973593,46.128093],[-122.973593,46.128182],[-122.973487,46.128199],[-122.973464,46.128273],[-122.973334,46.128273],[-122.973266,46.128249],[-122.97311,46.128282],[-122.973076,46.128322],[-122.973075,46.128453],[-122.972946,46.128453],[-122.97294,46.128396],[-122.972891,46.128365],[-122.972613,46.128365],[-122.972564,46.128396],[-122.972558,46.128453],[-122.972441,46.128477],[-122.972428,46.128543],[-122.972299,46.128543],[-122.972299,46.128363],[-122.972394,46.128354],[-122.972428,46.128273],[-122.97251,46.128269],[-122.972554,46.128234],[-122.972545,46.127937],[-122.972488,46.127913],[-122.972299,46.127913],[-122.972293,46.127856],[-122.972244,46.127825],[-122.97204,46.127823],[-122.972039,46.127686],[-122.971985,46.127645],[-122.971707,46.127645],[-122.971658,46.127676],[-122.971652,46.127732],[-122.971523,46.127732],[-122.971505,46.127482],[-122.971393,46.127462],[-122.971387,46.127406],[-122.971345,46.127377],[-122.971134,46.127372],[-122.971135,46.127192],[-122.971235,46.12718],[-122.971264,46.127102],[-122.971359,46.127093],[-122.971394,46.127012],[-122.971475,46.127008],[-122.97152,46.126974],[-122.97151,46.126856],[-122.971394,46.126832],[-122.971394,46.126562],[-122.971489,46.126553],[-122.971523,46.126473],[-122.97164,46.126448],[-122.971653,46.126293],[-122.971747,46.12629],[-122.971794,46.126263],[-122.97176,46.126115],[-122.971707,46.126099],[-122.971523,46.126112],[-122.971518,46.126042],[-122.971463,46.12601],[-122.971306,46.126029],[-122.971268,46.126061],[-122.971247,46.126163],[-122.971292,46.126198],[-122.971394,46.126202],[-122.971394,46.126292],[-122.971047,46.126299],[-122.971009,46.126331],[-122.971005,46.126382],[-122.970889,46.126406],[-122.970876,46.126472],[-122.970764,46.126492],[-122.970746,46.126562],[-122.970635,46.126582],[-122.970617,46.126652],[-122.970289,46.12664],[-122.970234,46.126672],[-122.970229,46.126742],[-122.970099,46.126742],[-122.970082,46.126672],[-122.96997,46.126652],[-122.969935,46.126571],[-122.96984,46.126562],[-122.969812,46.126484],[-122.969711,46.126472],[-122.969683,46.126394],[-122.969582,46.126382],[-122.969553,46.126304],[-122.969323,46.126292],[-122.9693,46.126128],[-122.969064,46.126112],[-122.969041,46.126038],[-122.968935,46.126022],[-122.968912,46.125948],[-122.968805,46.125932],[-122.968782,46.125858],[-122.968676,46.125842],[-122.968658,46.125771],[-122.968547,46.125752],[-122.968512,46.125671],[-122.968417,46.125662],[-122.968389,46.125584],[-122.968288,46.125572],[-122.968259,46.125494],[-122.968158,46.125481],[-122.96813,46.125404],[-122.968029,46.125391],[-122.968001,46.125314],[-122.9679,46.125301],[-122.967871,46.125224],[-122.967641,46.125211],[-122.967623,46.125141],[-122.967511,46.125121],[-122.967494,46.125051],[-122.967382,46.125031],[-122.967364,46.124961],[-122.967253,46.124941],[-122.967235,46.124871],[-122.967123,46.124851],[-122.96711,46.124785],[-122.966994,46.124761],[-122.966959,46.12468],[-122.966735,46.124671],[-122.966712,46.124597],[-122.966606,46.124581],[-122.966571,46.1245],[-122.966476,46.124491],[-122.966476,46.124401],[-122.966511,46.124353],[-122.966459,46.124241],[-122.966406,46.124221],[-122.966218,46.124221],[-122.966217,46.12409],[-122.966189,46.124053],[-122.966027,46.124017],[-122.965959,46.124041],[-122.9657,46.124041],[-122.965697,46.123899],[-122.965652,46.123865],[-122.965571,46.123861],[-122.965571,46.123771],[-122.9657,46.123771],[-122.965709,46.123832],[-122.965762,46.12386],[-122.965904,46.123859],[-122.965958,46.123812],[-122.965946,46.123705],[-122.96583,46.123681],[-122.965829,46.12355],[-122.965801,46.123513],[-122.965571,46.123501],[-122.965536,46.12342],[-122.965374,46.123412],[-122.965313,46.123454],[-122.965312,46.123591],[-122.965182,46.123591],[-122.965169,46.123525],[-122.965053,46.123501],[-122.965019,46.12342],[-122.964794,46.12341],[-122.964771,46.123336],[-122.964665,46.123319],[-122.964665,46.123231],[-122.964753,46.123224],[-122.964793,46.123187],[-122.964793,46.122914],[-122.964753,46.122877],[-122.964665,46.12287],[-122.964659,46.122814],[-122.964617,46.122785],[-122.964474,46.122767],[-122.964408,46.12281],[-122.964415,46.122932],[-122.964461,46.122958],[-122.964536,46.122961],[-122.964535,46.12314],[-122.964406,46.12314],[-122.9644,46.123084],[-122.964351,46.123053],[-122.964147,46.12305],[-122.964125,46.122886],[-122.964018,46.12287],[-122.964,46.1228],[-122.963889,46.12278],[-122.963854,46.122699],[-122.963759,46.12269],[-122.963731,46.122612],[-122.96363,46.1226],[-122.963601,46.122522],[-122.963501,46.12251],[-122.963472,46.122432],[-122.963242,46.12242],[-122.963219,46.122346],[-122.963112,46.12233],[-122.963112,46.12224],[-122.963214,46.122236],[-122.963259,46.1222],[-122.963239,46.122008],[-122.963194,46.121974],[-122.963113,46.12197],[-122.963109,46.121918],[-122.963072,46.121886],[-122.962838,46.121872],[-122.962854,46.121754],[-122.962831,46.121716],[-122.962665,46.1217],[-122.962608,46.121724],[-122.962604,46.121851],[-122.96274,46.121887],[-122.962724,46.12197],[-122.962597,46.12197],[-122.962572,46.121896],[-122.962466,46.12188],[-122.962464,46.121743],[-122.962425,46.121706],[-122.962207,46.1217],[-122.962146,46.121676],[-122.962077,46.1217],[-122.961948,46.1217],[-122.961925,46.121625],[-122.961819,46.121609],[-122.961784,46.121529],[-122.961689,46.121519],[-122.961704,46.121374],[-122.961654,46.121342],[-122.96156,46.121339],[-122.961538,46.121252],[-122.961485,46.121236],[-122.961301,46.121249],[-122.961321,46.121125],[-122.961299,46.121086],[-122.961042,46.121069],[-122.961029,46.121003],[-122.960913,46.120979],[-122.96091,46.120914],[-122.960867,46.12088],[-122.960654,46.120889],[-122.960637,46.120819],[-122.960525,46.120799],[-122.96049,46.120718],[-122.960395,46.120709],[-122.960367,46.120631],[-122.960137,46.120619],[-122.960136,46.120474],[-122.960109,46.120438],[-122.959878,46.120439],[-122.95986,46.120369],[-122.959749,46.120349],[-122.959714,46.120268],[-122.959619,46.120259],[-122.959591,46.120181],[-122.95936,46.120169],[-122.959347,46.120013],[-122.959231,46.119989],[-122.959197,46.119908],[-122.959102,46.119899],[-122.959073,46.119821],[-122.958972,46.119808],[-122.958944,46.119731],[-122.958843,46.119718],[-122.958815,46.119641],[-122.958714,46.119628],[-122.958685,46.119551],[-122.958584,46.119538],[-122.958562,46.119464],[-122.958455,46.119448],[-122.958432,46.119284],[-122.958326,46.119268],[-122.958308,46.119198],[-122.958196,46.119178],[-122.958183,46.119112],[-122.958067,46.119088],[-122.958033,46.119007],[-122.957808,46.118998],[-122.957808,46.118818],[-122.958134,46.118817],[-122.958187,46.11879],[-122.958197,46.118728],[-122.958326,46.118728],[-122.958326,46.118818],[-122.958291,46.118866],[-122.958326,46.118908],[-122.958343,46.119069],[-122.958455,46.119088],[-122.958468,46.119154],[-122.958584,46.119178],[-122.958588,46.11923],[-122.958626,46.119262],[-122.958843,46.119269],[-122.958878,46.119349],[-122.959052,46.119358],[-122.959121,46.119314],[-122.959102,46.119179],[-122.959557,46.119178],[-122.959611,46.11915],[-122.95962,46.119089],[-122.960008,46.119089],[-122.960012,46.119141],[-122.960049,46.119173],[-122.960234,46.119183],[-122.960267,46.119144],[-122.960264,46.119037],[-122.960219,46.119003],[-122.960138,46.118999],[-122.960122,46.118917],[-122.960267,46.118909],[-122.960328,46.118933],[-122.960384,46.118919],[-122.960431,46.118861],[-122.960374,46.118745],[-122.960319,46.118729],[-122.960043,46.118738],[-122.960009,46.118778],[-122.960008,46.118909],[-122.95962,46.118909],[-122.959617,46.118857],[-122.959579,46.118825],[-122.959361,46.118819],[-122.959362,46.118729],[-122.95945,46.118722],[-122.959491,46.11868],[-122.959485,46.118569],[-122.959416,46.118535],[-122.959131,46.118561],[-122.959103,46.118597],[-122.959103,46.118728],[-122.958714,46.118728],[-122.958711,46.118677],[-122.958673,46.118645],[-122.958456,46.118638],[-122.95845,46.118492],[-122.958408,46.118462],[-122.958326,46.118458],[-122.958298,46.118381],[-122.958068,46.118368],[-122.958039,46.11829],[-122.957809,46.118278],[-122.9578,46.118217],[-122.957739,46.118188],[-122.957578,46.1182],[-122.957515,46.11832],[-122.957567,46.118438],[-122.957679,46.118458],[-122.957679,46.118638],[-122.957572,46.118654],[-122.957549,46.118728],[-122.957433,46.118752],[-122.95742,46.118818],[-122.957291,46.118818],[-122.957278,46.118752],[-122.957161,46.118728],[-122.957155,46.118671],[-122.957106,46.11864],[-122.956644,46.118638],[-122.956621,46.118563],[-122.956514,46.118548],[-122.95648,46.118467],[-122.956385,46.118457],[-122.956385,46.118368],[-122.956467,46.118363],[-122.956511,46.118329],[-122.956501,46.118212],[-122.956385,46.118187],[-122.956379,46.118131],[-122.956337,46.118102],[-122.956126,46.118097],[-122.956109,46.117937],[-122.955997,46.117917],[-122.955963,46.117836],[-122.955868,46.117827],[-122.955839,46.11775],[-122.955739,46.117737],[-122.95571,46.11766],[-122.955609,46.117647],[-122.955581,46.117569],[-122.95548,46.117557],[-122.95548,46.117467],[-122.955561,46.117463],[-122.955606,46.117429],[-122.955609,46.117287],[-122.955698,46.117281],[-122.955738,46.117239],[-122.955739,46.116526],[-122.955698,46.116484],[-122.95561,46.116477],[-122.95561,46.116207],[-122.95574,46.116207],[-122.955741,46.116434],[-122.95578,46.116471],[-122.955869,46.116477],[-122.95587,46.116704],[-122.95591,46.116741],[-122.955998,46.116747],[-122.955998,46.116969],[-122.956026,46.117005],[-122.956174,46.117031],[-122.956229,46.117018],[-122.956257,46.116928],[-122.956338,46.116923],[-122.95638,46.116894],[-122.956386,46.116748],[-122.956493,46.116732],[-122.956516,46.116658],[-122.956645,46.116658],[-122.956668,46.116732],[-122.956774,46.116748],[-122.956797,46.116912],[-122.957033,46.116928],[-122.957056,46.117002],[-122.957163,46.117018],[-122.95718,46.117178],[-122.957292,46.117198],[-122.957305,46.117264],[-122.957421,46.117288],[-122.957456,46.117369],[-122.95761,46.117378],[-122.957679,46.117335],[-122.957688,46.117043],[-122.957646,46.11702],[-122.957551,46.117018],[-122.957545,46.116961],[-122.957503,46.116932],[-122.957292,46.116928],[-122.957269,46.116854],[-122.957163,46.116838],[-122.957128,46.116757],[-122.957033,46.116748],[-122.957034,46.116478],[-122.957068,46.116435],[-122.957034,46.116388],[-122.957034,46.116208],[-122.957626,46.116206],[-122.957675,46.116175],[-122.957681,46.116118],[-122.957797,46.116094],[-122.957811,46.116028],[-122.95794,46.116028],[-122.95794,46.116208],[-122.957715,46.116217],[-122.957662,46.116343],[-122.957723,46.116387],[-122.957939,46.116388],[-122.957962,46.116462],[-122.958069,46.116478],[-122.958085,46.116561],[-122.958036,46.116626],[-122.958074,46.116661],[-122.958131,46.116672],[-122.958193,46.116638],[-122.958183,46.116576],[-122.958287,46.116562],[-122.958327,46.11652],[-122.958345,46.116338],[-122.9583,46.116303],[-122.958199,46.116298],[-122.958199,46.116118],[-122.958317,46.116107],[-122.958362,46.116199],[-122.958517,46.116208],[-122.958578,46.11618],[-122.958607,46.116084],[-122.958545,46.116029],[-122.958339,46.116039],[-122.958305,46.115954],[-122.958199,46.115938],[-122.958164,46.115857],[-122.958069,46.115848],[-122.958068,46.115712],[-122.958028,46.115674],[-122.957423,46.115668],[-122.957361,46.115644],[-122.957261,46.1157],[-122.957293,46.115758],[-122.957293,46.115848],[-122.957082,46.115852],[-122.95704,46.115881],[-122.957034,46.115938],[-122.95683,46.11594],[-122.956781,46.115971],[-122.956775,46.116028],[-122.956646,46.116028],[-122.956646,46.115938],[-122.95668,46.115895],[-122.956646,46.115848],[-122.956646,46.115668],[-122.956758,46.115648],[-122.956794,46.115533],[-122.956733,46.115489],[-122.956517,46.115487],[-122.956515,46.115171],[-122.956476,46.115134],[-122.956388,46.115127],[-122.956379,46.114886],[-122.956333,46.11486],[-122.956258,46.114857],[-122.956259,46.114589],[-122.956442,46.114601],[-122.956496,46.114585],[-122.956518,46.114408],[-122.956754,46.114392],[-122.956796,46.114283],[-122.956769,46.11424],[-122.956451,46.114229],[-122.956397,46.114256],[-122.956388,46.114317],[-122.95617,46.114324],[-122.956133,46.114356],[-122.956129,46.114407],[-122.956013,46.114431],[-122.956,46.114497],[-122.955782,46.114504],[-122.955744,46.114536],[-122.955741,46.114587],[-122.955625,46.114611],[-122.955611,46.114677],[-122.955495,46.114701],[-122.955482,46.114947],[-122.955408,46.114949],[-122.955362,46.114976],[-122.955352,46.115127],[-122.955264,46.115133],[-122.955224,46.115171],[-122.955223,46.115397],[-122.955134,46.115403],[-122.955095,46.11544],[-122.955096,46.115629],[-122.955141,46.115663],[-122.955222,46.115667],[-122.955222,46.115757],[-122.955093,46.115757],[-122.95507,46.115683],[-122.954964,46.115667],[-122.954962,46.115427],[-122.954881,46.115383],[-122.954723,46.115417],[-122.954705,46.115577],[-122.954598,46.115593],[-122.954575,46.115667],[-122.954317,46.115667],[-122.954311,46.11561],[-122.954269,46.115581],[-122.953989,46.115564],[-122.95393,46.115606],[-122.953928,46.115756],[-122.953717,46.115761],[-122.953675,46.11579],[-122.953669,46.115846],[-122.953563,46.115862],[-122.953543,46.116078],[-122.953588,46.116112],[-122.953669,46.116117],[-122.953669,46.116386],[-122.953634,46.116429],[-122.953669,46.116476],[-122.953669,46.116566],[-122.953336,46.116569],[-122.953286,46.1166],[-122.953278,46.116656],[-122.952763,46.116656],[-122.952702,46.116632],[-122.952633,46.116656],[-122.952504,46.116656],[-122.952501,46.116604],[-122.952463,46.116572],[-122.952245,46.116566],[-122.952222,46.116492],[-122.952116,46.116476],[-122.952116,46.116386],[-122.952223,46.11637],[-122.952245,46.116296],[-122.952362,46.116272],[-122.952375,46.116206],[-122.952586,46.116202],[-122.952628,46.116173],[-122.952634,46.116116],[-122.952746,46.116096],[-122.952763,46.115846],[-122.952838,46.115844],[-122.952884,46.115818],[-122.952893,46.115666],[-122.952974,46.115662],[-122.953019,46.115628],[-122.953023,46.115486],[-122.953259,46.11547],[-122.953282,46.115396],[-122.953356,46.115394],[-122.953402,46.115368],[-122.953411,46.115216],[-122.953518,46.115201],[-122.953541,46.115126],[-122.953758,46.11512],[-122.953796,46.115088],[-122.953799,46.115037],[-122.954317,46.115037],[-122.95433,46.115103],[-122.954446,46.115127],[-122.95445,46.115178],[-122.954487,46.11521],[-122.954643,46.115216],[-122.954696,46.115188],[-122.954705,46.115037],[-122.954738,46.114979],[-122.954683,46.114873],[-122.954576,46.114857],[-122.954563,46.114701],[-122.954447,46.114677],[-122.954446,46.11436],[-122.954406,46.114323],[-122.954318,46.114317],[-122.954316,46.11409],[-122.954277,46.114053],[-122.954189,46.114047],[-122.954189,46.113957],[-122.95429,46.113944],[-122.954318,46.113867],[-122.954413,46.113858],[-122.954448,46.113777],[-122.954564,46.113753],[-122.954577,46.113507],[-122.954795,46.1135],[-122.954833,46.113469],[-122.954836,46.113417],[-122.954954,46.113406],[-122.955034,46.113441],[-122.955104,46.113409],[-122.955087,46.11334],[-122.954966,46.113327],[-122.954966,46.113057],[-122.955061,46.113048],[-122.955095,46.112967],[-122.955169,46.112965],[-122.955215,46.112938],[-122.955225,46.112787],[-122.955341,46.112763],[-122.955354,46.112607],[-122.955436,46.112603],[-122.95548,46.112569],[-122.955484,46.112427],[-122.955565,46.112423],[-122.955607,46.112394],[-122.955613,46.112247],[-122.955708,46.112238],[-122.955743,46.112157],[-122.95585,46.112141],[-122.955873,46.111977],[-122.955967,46.111968],[-122.956002,46.111887],[-122.956118,46.111863],[-122.956132,46.111707],[-122.956213,46.111703],[-122.956258,46.111669],[-122.956261,46.111527],[-122.956356,46.111518],[-122.956391,46.111437],[-122.956497,46.111422],[-122.95652,46.111258],[-122.956615,46.111248],[-122.95665,46.111168],[-122.956724,46.111165],[-122.95677,46.111139],[-122.956776,46.111026],[-122.956731,46.110992],[-122.95665,46.110987],[-122.95665,46.110898],[-122.956724,46.110895],[-122.95677,46.110869],[-122.956779,46.110718],[-122.956861,46.110713],[-122.956905,46.110679],[-122.956909,46.110538],[-122.957004,46.110529],[-122.957038,46.110448],[-122.957113,46.110445],[-122.957159,46.110419],[-122.957168,46.110268],[-122.957274,46.110252],[-122.957297,46.110178],[-122.957427,46.110178],[-122.957426,46.110358],[-122.957338,46.110364],[-122.957299,46.110401],[-122.957298,46.110508],[-122.957337,46.110545],[-122.957508,46.110534],[-122.95755,46.110505],[-122.957556,46.110448],[-122.957685,46.110448],[-122.957686,46.110593],[-122.957712,46.110629],[-122.957775,46.110641],[-122.957935,46.110599],[-122.957979,46.110496],[-122.957944,46.110448],[-122.957941,46.110216],[-122.957882,46.110179],[-122.957686,46.110178],[-122.957682,46.109946],[-122.957638,46.109912],[-122.957556,46.109908],[-122.957556,46.109819],[-122.957657,46.109806],[-122.957686,46.109728],[-122.957781,46.109719],[-122.957815,46.109638],[-122.957927,46.109618],[-122.957945,46.109458],[-122.958052,46.109442],[-122.958074,46.109368],[-122.95844,46.109352],[-122.958463,46.109188],[-122.958674,46.109184],[-122.958716,46.109155],[-122.958722,46.109098],[-122.958828,46.109082],[-122.958851,46.108918],[-122.958952,46.108906],[-122.958981,46.108828],[-122.959082,46.108816],[-122.95911,46.108738],[-122.959211,46.108726],[-122.95924,46.108648],[-122.95934,46.108636],[-122.959369,46.108559],[-122.959464,46.108549],[-122.959498,46.108469],[-122.95961,46.108449],[-122.959628,46.108289],[-122.959757,46.108289],[-122.959761,46.10834],[-122.959798,46.108372],[-122.960016,46.108379],[-122.960029,46.108445],[-122.960145,46.108469],[-122.96018,46.10855],[-122.960404,46.108559],[-122.960422,46.108629],[-122.960533,46.108649],[-122.960568,46.10873],[-122.960663,46.108739],[-122.960691,46.108817],[-122.960792,46.108829],[-122.96082,46.108907],[-122.960921,46.108919],[-122.960944,46.108993],[-122.96118,46.109009],[-122.961198,46.109079],[-122.961309,46.109099],[-122.961323,46.109165],[-122.961439,46.109189],[-122.961473,46.10927],[-122.961698,46.109279],[-122.961715,46.10935],[-122.961827,46.109369],[-122.961845,46.10944],[-122.961956,46.109459],[-122.961969,46.109525],[-122.962086,46.109549],[-122.96212,46.10963],[-122.962474,46.10964],[-122.962487,46.109706],[-122.962603,46.10973],[-122.962638,46.109811],[-122.962862,46.10982],[-122.962885,46.109894],[-122.962991,46.10991],[-122.963026,46.109991],[-122.96312,46.11],[-122.963138,46.11016],[-122.96325,46.11018],[-122.96325,46.11045],[-122.963149,46.110462],[-122.96312,46.11054],[-122.963025,46.110549],[-122.962991,46.11063],[-122.962879,46.110649],[-122.962861,46.11081],[-122.96276,46.110822],[-122.962732,46.1109],[-122.962631,46.110912],[-122.962602,46.11099],[-122.962507,46.110999],[-122.962473,46.11108],[-122.962361,46.111099],[-122.962343,46.111259],[-122.962237,46.111275],[-122.962214,46.111349],[-122.961955,46.111349],[-122.961955,46.111259],[-122.962037,46.111255],[-122.962081,46.111221],[-122.962085,46.11108],[-122.962187,46.111075],[-122.962231,46.11104],[-122.962211,46.110834],[-122.962132,46.110796],[-122.96199,46.110819],[-122.961955,46.110899],[-122.961839,46.110923],[-122.961826,46.110989],[-122.961714,46.111009],[-122.961696,46.111169],[-122.961595,46.111182],[-122.961567,46.111259],[-122.961472,46.111268],[-122.961437,46.111349],[-122.961326,46.111369],[-122.961293,46.111495],[-122.96135,46.111528],[-122.961567,46.111529],[-122.961643,46.111553],[-122.961797,46.111517],[-122.961826,46.111439],[-122.961944,46.111428],[-122.961955,46.111709],[-122.96188,46.111712],[-122.961834,46.111738],[-122.961825,46.111889],[-122.961791,46.111927],[-122.961825,46.111979],[-122.961828,46.112121],[-122.961873,46.112155],[-122.961954,46.112159],[-122.961989,46.11224],[-122.962084,46.11225],[-122.962112,46.112327],[-122.962213,46.11234],[-122.962241,46.112417],[-122.962342,46.11243],[-122.962371,46.112507],[-122.962472,46.11252],[-122.962478,46.112666],[-122.96252,46.112696],[-122.962601,46.1127],[-122.962629,46.112777],[-122.962927,46.112789],[-122.96298,46.112761],[-122.962989,46.1127],[-122.963248,46.1127],[-122.963271,46.112774],[-122.963377,46.11279],[-122.96339,46.112946],[-122.963507,46.11297],[-122.963541,46.113051],[-122.963636,46.11306],[-122.963664,46.113138],[-122.963765,46.11315],[-122.963794,46.113228],[-122.964283,46.11324],[-122.964283,46.11342],[-122.964188,46.113429],[-122.964153,46.11351],[-122.964072,46.113514],[-122.964027,46.113548],[-122.963989,46.113643],[-122.964024,46.11369],[-122.964024,46.11378],[-122.963895,46.11378],[-122.963872,46.113706],[-122.963765,46.11369],[-122.963759,46.113543],[-122.963717,46.113514],[-122.963636,46.11351],[-122.963633,46.113368],[-122.963558,46.11333],[-122.963153,46.113339],[-122.963118,46.11342],[-122.963017,46.113432],[-122.962989,46.11351],[-122.962894,46.113519],[-122.962859,46.1136],[-122.962743,46.113624],[-122.962739,46.113751],[-122.962792,46.113779],[-122.962926,46.113779],[-122.962979,46.113751],[-122.962989,46.11369],[-122.963118,46.11369],[-122.963145,46.113781],[-122.963377,46.11378],[-122.96339,46.113846],[-122.963506,46.11387],[-122.963541,46.113951],[-122.963765,46.11396],[-122.963765,46.11405],[-122.963683,46.114054],[-122.963639,46.114088],[-122.963648,46.114206],[-122.963765,46.11423],[-122.963799,46.114311],[-122.963894,46.11432],[-122.963922,46.114398],[-122.964023,46.11441],[-122.964052,46.114488],[-122.964153,46.1145],[-122.964187,46.114581],[-122.964411,46.11459],[-122.964421,46.114742],[-122.964467,46.114768],[-122.964541,46.11477],[-122.964575,46.114851],[-122.96467,46.11486],[-122.964674,46.114912],[-122.964711,46.114944],[-122.964901,46.114938],[-122.964928,46.114907],[-122.964928,46.114814],[-122.964888,46.114777],[-122.9648,46.11477],[-122.964782,46.11461],[-122.96467,46.11459],[-122.964636,46.114509],[-122.964541,46.1145],[-122.964541,46.11441],[-122.96467,46.11441],[-122.964684,46.114476],[-122.9648,46.1145],[-122.964803,46.114552],[-122.964841,46.114584],[-122.965059,46.114591],[-122.965081,46.114845],[-122.965188,46.114861],[-122.965201,46.114927],[-122.965317,46.114951],[-122.965323,46.115007],[-122.965365,46.115036],[-122.965705,46.115041],[-122.965685,46.115165],[-122.965707,46.115204],[-122.965964,46.115221],[-122.965987,46.115295],[-122.966093,46.115311],[-122.966103,46.115462],[-122.966148,46.115488],[-122.966223,46.115491],[-122.966223,46.115671],[-122.966128,46.11568],[-122.966093,46.115761],[-122.965981,46.115781],[-122.965967,46.115902],[-122.966012,46.115937],[-122.966093,46.115941],[-122.966128,46.116022],[-122.966222,46.116031],[-122.96624,46.116191],[-122.966352,46.116211],[-122.966386,46.116292],[-122.966481,46.116302],[-122.96647,46.116402],[-122.966222,46.116391],[-122.9662,46.116317],[-122.966093,46.116301],[-122.966075,46.116141],[-122.965964,46.116121],[-122.965951,46.116055],[-122.965834,46.116031],[-122.9658,46.11595],[-122.965629,46.115917],[-122.965469,46.115956],[-122.965426,46.11607],[-122.965466,46.116114],[-122.965575,46.116121],[-122.965579,46.116262],[-122.965623,46.116297],[-122.965705,46.116301],[-122.965704,46.116391],[-122.965446,46.116391],[-122.965428,46.11623],[-122.965376,46.116211],[-122.965187,46.11621],[-122.965184,46.116145],[-122.965141,46.116111],[-122.96467,46.11612],[-122.96467,46.11594],[-122.964764,46.115938],[-122.964807,46.115915],[-122.964793,46.115794],[-122.964751,46.115765],[-122.964616,46.115737],[-122.964466,46.115763],[-122.96442,46.115789],[-122.964376,46.115893],[-122.964411,46.115942],[-122.96441,46.11612],[-122.964376,46.116163],[-122.96441,46.11621],[-122.964396,46.116356],[-122.964453,46.116389],[-122.964669,46.11639],[-122.964692,46.116465],[-122.964799,46.11648],[-122.964833,46.116561],[-122.964928,46.116571],[-122.964934,46.116807],[-122.964976,46.116836],[-122.965057,46.116841],[-122.965092,46.116921],[-122.965186,46.116931],[-122.965186,46.11702],[-122.964969,46.117027],[-122.964931,46.117059],[-122.964928,46.11711],[-122.964669,46.11711],[-122.964646,46.117036],[-122.96454,46.11702],[-122.964522,46.11686],[-122.96441,46.11684],[-122.964393,46.11677],[-122.964281,46.11675],[-122.964263,46.11668],[-122.964151,46.11666],[-122.964138,46.116594],[-122.964022,46.11657],[-122.963988,46.116489],[-122.963445,46.11648],[-122.963384,46.116509],[-122.963375,46.11657],[-122.963179,46.116571],[-122.963118,46.116613],[-122.963122,46.116807],[-122.963164,46.116836],[-122.963245,46.11684],[-122.963263,46.11709],[-122.963375,46.11711],[-122.963388,46.117176],[-122.963504,46.1172],[-122.963507,46.117252],[-122.963545,46.117284],[-122.963763,46.11729],[-122.963776,46.117356],[-122.963892,46.11738],[-122.963927,46.117461],[-122.964151,46.11747],[-122.964174,46.117544],[-122.96428,46.11756],[-122.964315,46.117641],[-122.96441,46.11765],[-122.964423,46.117806],[-122.964539,46.11783],[-122.964573,46.117911],[-122.964668,46.11792],[-122.964697,46.117998],[-122.964927,46.118011],[-122.964933,46.118067],[-122.964982,46.118098],[-122.965186,46.118101],[-122.965195,46.118342],[-122.965241,46.118368],[-122.965315,46.118371],[-122.96535,46.118452],[-122.965444,46.118461],[-122.965473,46.118538],[-122.965574,46.118551],[-122.965608,46.118632],[-122.966295,46.118639],[-122.966344,46.118608],[-122.96635,46.118551],[-122.966669,46.118551],[-122.966726,46.118527],[-122.96673,46.11822],[-122.966676,46.118192],[-122.96648,46.118191],[-122.966471,46.117949],[-122.966425,46.117923],[-122.966351,46.117921],[-122.966316,46.11784],[-122.966221,46.117831],[-122.966193,46.117753],[-122.966092,46.117741],[-122.966089,46.117689],[-122.966051,46.117657],[-122.965766,46.117652],[-122.965713,46.117679],[-122.965704,46.117741],[-122.965445,46.117741],[-122.965444,46.117514],[-122.965404,46.117477],[-122.965316,46.117471],[-122.965316,46.117291],[-122.965445,46.117291],[-122.965458,46.117357],[-122.965574,46.117381],[-122.965578,46.117446],[-122.965621,46.11748],[-122.965833,46.117471],[-122.965837,46.117522],[-122.965874,46.117554],[-122.966092,46.117561],[-122.966098,46.117617],[-122.96614,46.117647],[-122.96648,46.117651],[-122.966493,46.117897],[-122.966609,46.117921],[-122.966627,46.117991],[-122.966739,46.118011],[-122.966757,46.118081],[-122.966868,46.118101],[-122.966886,46.118171],[-122.966998,46.118191],[-122.967011,46.118257],[-122.967127,46.118281],[-122.967133,46.118338],[-122.967182,46.118369],[-122.967481,46.118362],[-122.967515,46.118281],[-122.96761,46.118272],[-122.967645,46.118191],[-122.967719,46.118189],[-122.967765,46.118163],[-122.967774,46.118011],[-122.967904,46.118011],[-122.96798,46.118035],[-122.968067,46.117974],[-122.968033,46.117921],[-122.968024,46.11777],[-122.967978,46.117744],[-122.967904,46.117741],[-122.967886,46.117581],[-122.967775,46.117561],[-122.967757,46.117491],[-122.967645,46.117471],[-122.967632,46.117405],[-122.967516,46.117381],[-122.967513,46.11733],[-122.967475,46.117298],[-122.967128,46.117291],[-122.96716,46.117143],[-122.967105,46.117037],[-122.966998,46.117021],[-122.966985,46.116865],[-122.966869,46.116841],[-122.966856,46.116775],[-122.96674,46.116751],[-122.966736,46.116699],[-122.966699,46.116667],[-122.966481,46.116661],[-122.966481,46.116481],[-122.96661,46.116481],[-122.966645,46.116562],[-122.966869,46.116571],[-122.966892,46.116645],[-122.966998,46.116661],[-122.967016,46.116821],[-122.967128,46.116841],[-122.967162,46.116922],[-122.967257,46.116931],[-122.967286,46.117009],[-122.967387,46.117021],[-122.967415,46.117099],[-122.967516,46.117111],[-122.967544,46.117189],[-122.967645,46.117201],[-122.967674,46.117279],[-122.967775,46.117291],[-122.967792,46.117452],[-122.967904,46.117471],[-122.967939,46.117552],[-122.968033,46.117561],[-122.968062,46.117639],[-122.968163,46.117651],[-122.968191,46.117729],[-122.968292,46.117742],[-122.968305,46.117897],[-122.968421,46.117922],[-122.968456,46.118002],[-122.968551,46.118012],[-122.968579,46.118089],[-122.96868,46.118102],[-122.968709,46.118179],[-122.968809,46.118192],[-122.968832,46.118266],[-122.968887,46.118282],[-122.969327,46.118282],[-122.969327,46.118372],[-122.969239,46.118378],[-122.969199,46.118415],[-122.969197,46.118642],[-122.969068,46.118642],[-122.969059,46.11849],[-122.969013,46.118464],[-122.968939,46.118462],[-122.968904,46.118381],[-122.96881,46.118372],[-122.968781,46.118294],[-122.968551,46.118281],[-122.968538,46.118216],[-122.968421,46.118191],[-122.968415,46.118135],[-122.968373,46.118106],[-122.968238,46.118088],[-122.968175,46.118112],[-122.968175,46.118437],[-122.968232,46.118461],[-122.96855,46.118462],[-122.968564,46.118708],[-122.96862,46.118731],[-122.968809,46.118732],[-122.968809,46.118912],[-122.968558,46.118924],[-122.96853,46.118967],[-122.968556,46.119058],[-122.968613,46.119091],[-122.968809,46.119092],[-122.968809,46.119223],[-122.968843,46.119263],[-122.969068,46.119272],[-122.969068,46.119452],[-122.968714,46.119461],[-122.968679,46.119542],[-122.968563,46.119566],[-122.96855,46.119632],[-122.968438,46.119651],[-122.96842,46.119721],[-122.968309,46.119741],[-122.968291,46.119901],[-122.96819,46.119914],[-122.968161,46.119991],[-122.968045,46.120015],[-122.968032,46.120081],[-122.967925,46.120097],[-122.967892,46.120182],[-122.967644,46.120171],[-122.967638,46.120115],[-122.967589,46.120084],[-122.967255,46.120081],[-122.967254,46.119945],[-122.967208,46.119905],[-122.966738,46.119901],[-122.966729,46.11975],[-122.966683,46.119723],[-122.966609,46.119721],[-122.966603,46.119484],[-122.966561,46.119455],[-122.966479,46.119451],[-122.966479,46.119361],[-122.966561,46.119357],[-122.966603,46.119328],[-122.966603,46.119214],[-122.966546,46.119182],[-122.96635,46.119181],[-122.966365,46.119036],[-122.966315,46.119003],[-122.966221,46.119001],[-122.966192,46.118923],[-122.966017,46.118913],[-122.965968,46.118944],[-122.965962,46.119001],[-122.965832,46.119001],[-122.965815,46.118841],[-122.965762,46.118821],[-122.965574,46.118821],[-122.965556,46.11875],[-122.965444,46.118731],[-122.96541,46.11865],[-122.965315,46.118641],[-122.965287,46.118563],[-122.965186,46.118551],[-122.965157,46.118473],[-122.964808,46.118471],[-122.964775,46.118296],[-122.964539,46.11828],[-122.964521,46.11821],[-122.964409,46.11819],[-122.964375,46.118109],[-122.96428,46.1181],[-122.964252,46.118023],[-122.964151,46.11801],[-122.964122,46.117932],[-122.964021,46.11792],[-122.963993,46.117842],[-122.963892,46.11783],[-122.963863,46.117752],[-122.963633,46.11774],[-122.96361,46.117576],[-122.963374,46.11756],[-122.963352,46.117486],[-122.963245,46.11747],[-122.96321,46.117389],[-122.963116,46.11738],[-122.963112,46.117238],[-122.963068,46.117204],[-122.962986,46.1172],[-122.962986,46.117069],[-122.962952,46.117029],[-122.962783,46.117022],[-122.962733,46.117053],[-122.962727,46.11711],[-122.962491,46.117126],[-122.962472,46.117251],[-122.962516,46.117286],[-122.962598,46.11729],[-122.962615,46.11745],[-122.962727,46.11747],[-122.962733,46.117526],[-122.962775,46.117556],[-122.962986,46.11756],[-122.963004,46.11763],[-122.963115,46.11765],[-122.963133,46.11772],[-122.963245,46.11774],[-122.963258,46.117806],[-122.963374,46.11783],[-122.963409,46.117911],[-122.963633,46.11792],[-122.963656,46.117994],[-122.963762,46.11801],[-122.96378,46.11817],[-122.963891,46.11819],[-122.963926,46.118271],[-122.964021,46.11828],[-122.964049,46.118358],[-122.96415,46.11837],[-122.964179,46.118448],[-122.96428,46.11846],[-122.964308,46.118538],[-122.964538,46.11855],[-122.964599,46.118574],[-122.964786,46.118539],[-122.96481,46.118796],[-122.964926,46.118821],[-122.964961,46.118901],[-122.965056,46.118911],[-122.965084,46.118988],[-122.965185,46.119001],[-122.965185,46.119181],[-122.964949,46.119196],[-122.964926,46.119235],[-122.964949,46.119345],[-122.965139,46.119383],[-122.965292,46.119345],[-122.965315,46.119271],[-122.965442,46.119271],[-122.965467,46.119345],[-122.965573,46.119361],[-122.965582,46.119692],[-122.965628,46.119718],[-122.965702,46.119721],[-122.965725,46.119885],[-122.965832,46.119901],[-122.965845,46.119967],[-122.965961,46.119991],[-122.96599,46.120069],[-122.96609,46.120081],[-122.966108,46.120241],[-122.96622,46.120261],[-122.96622,46.120351],[-122.966029,46.120337],[-122.96597,46.120366],[-122.965961,46.120621],[-122.965744,46.120622],[-122.96569,46.12065],[-122.965725,46.120875],[-122.965913,46.120887],[-122.965955,46.120858],[-122.965961,46.120801],[-122.966077,46.120777],[-122.96609,46.120711],[-122.966321,46.120699],[-122.966349,46.120662],[-122.966349,46.120531],[-122.966478,46.120531],[-122.966492,46.120597],[-122.966608,46.120621],[-122.966611,46.120673],[-122.966649,46.120705],[-122.966804,46.12071],[-122.966858,46.120683],[-122.966867,46.120621],[-122.966941,46.120619],[-122.966987,46.120593],[-122.966996,46.120441],[-122.967255,46.120441],[-122.967288,46.120535],[-122.967451,46.12053],[-122.967505,46.120503],[-122.967514,46.120441],[-122.967626,46.120422],[-122.967644,46.120351],[-122.967861,46.120345],[-122.967913,46.12025],[-122.968161,46.120262],[-122.968161,46.120441],[-122.967965,46.120442],[-122.967908,46.120475],[-122.967902,46.120711],[-122.967828,46.120714],[-122.967782,46.12074],[-122.967773,46.120891],[-122.967514,46.120891],[-122.967511,46.120826],[-122.967474,46.120794],[-122.967303,46.120805],[-122.967255,46.12085],[-122.967268,46.121047],[-122.967325,46.121071],[-122.967514,46.121071],[-122.967531,46.121142],[-122.967643,46.121161],[-122.967656,46.121227],[-122.967772,46.121251],[-122.967778,46.121308],[-122.967827,46.121339],[-122.967997,46.121332],[-122.968031,46.121252],[-122.968419,46.121252],[-122.968419,46.121341],[-122.968223,46.121343],[-122.96817,46.12137],[-122.968178,46.121592],[-122.96829,46.121612],[-122.968303,46.121678],[-122.968368,46.121702],[-122.968623,46.121699],[-122.968672,46.121668],[-122.968678,46.121612],[-122.968808,46.121612],[-122.968811,46.121663],[-122.968849,46.121695],[-122.969066,46.121702],[-122.969068,46.121838],[-122.969121,46.121879],[-122.969407,46.121878],[-122.969449,46.121849],[-122.969455,46.121792],[-122.969571,46.121768],[-122.969584,46.121702],[-122.969696,46.121682],[-122.969714,46.121612],[-122.969972,46.121612],[-122.969972,46.121702],[-122.969776,46.121703],[-122.969717,46.12174],[-122.969713,46.121882],[-122.96968,46.121935],[-122.969713,46.121972],[-122.969719,46.122042],[-122.969767,46.122073],[-122.969955,46.122042],[-122.969972,46.121882],[-122.970079,46.121866],[-122.970102,46.121792],[-122.970313,46.121788],[-122.970355,46.121759],[-122.970361,46.121702],[-122.970435,46.1217],[-122.970481,46.121674],[-122.970489,46.121566],[-122.970449,46.121528],[-122.9703,46.121498],[-122.970231,46.121522],[-122.970102,46.121522],[-122.970102,46.121342],[-122.970176,46.12134],[-122.970222,46.121313],[-122.970232,46.121162],[-122.970361,46.121162],[-122.97043,46.121186],[-122.970565,46.12116],[-122.970614,46.121129],[-122.97062,46.121072],[-122.970732,46.121052],[-122.97075,46.120802],[-122.970879,46.120802],[-122.970896,46.120962],[-122.971008,46.120982],[-122.971043,46.121063],[-122.971199,46.121096],[-122.971267,46.121072],[-122.971503,46.121057],[-122.971526,46.120802],[-122.971654,46.120802],[-122.971678,46.120877],[-122.971785,46.120894],[-122.971785,46.120982],[-122.971703,46.120987],[-122.971659,46.121021],[-122.971668,46.121138],[-122.971785,46.121162],[-122.971819,46.121243],[-122.971914,46.121253],[-122.971942,46.12133],[-122.972043,46.121343],[-122.972072,46.12142],[-122.972173,46.121433],[-122.972201,46.12151],[-122.972302,46.121523],[-122.972331,46.1216],[-122.972432,46.121613],[-122.972432,46.121703],[-122.972397,46.12175],[-122.972454,46.121867],[-122.97269,46.121883],[-122.972696,46.121939],[-122.972745,46.12197],[-122.972949,46.121973],[-122.972932,46.122113],[-122.972977,46.122148],[-122.973078,46.122153],[-122.973078,46.122243],[-122.973045,46.122296],[-122.97311,46.122352],[-122.973208,46.122333],[-122.973467,46.122333],[-122.973479,46.122412],[-122.973557,46.122436],[-122.973703,46.122407],[-122.973726,46.122333],[-122.973842,46.122309],[-122.973855,46.122243],[-122.974223,46.122236],[-122.974263,46.122193],[-122.97424,46.122101],[-122.974195,46.122067],[-122.974114,46.122063],[-122.974114,46.121974],[-122.974221,46.121957],[-122.974244,46.121883],[-122.974373,46.121883],[-122.974379,46.12194],[-122.974428,46.121971],[-122.974632,46.121973],[-122.974638,46.12221],[-122.97468,46.122239],[-122.974761,46.122243],[-122.974767,46.1223],[-122.974816,46.122331],[-122.974959,46.122357],[-122.975121,46.122321],[-122.975149,46.122285],[-122.975149,46.122153],[-122.975538,46.122153],[-122.97556,46.122228],[-122.975667,46.122243],[-122.975702,46.122324],[-122.975796,46.122333],[-122.975814,46.122494],[-122.975926,46.122513],[-122.97596,46.122594],[-122.976055,46.122603],[-122.976084,46.122681],[-122.976185,46.122694],[-122.976202,46.122854],[-122.976314,46.122874],[-122.97632,46.12293],[-122.976362,46.122959],[-122.976573,46.122964],[-122.976573,46.123143],[-122.976348,46.123153],[-122.976315,46.123187],[-122.976314,46.12327],[-122.976348,46.123314],[-122.976443,46.123324],[-122.976472,46.123401],[-122.976573,46.123414],[-122.976586,46.12357],[-122.976643,46.123593],[-122.976831,46.123594],[-122.976844,46.12366],[-122.976961,46.123684],[-122.976989,46.123761],[-122.97722,46.123774],[-122.977242,46.123848],[-122.977349,46.123864],[-122.977349,46.124044],[-122.977118,46.124056],[-122.97709,46.124092],[-122.97709,46.124224],[-122.977009,46.124228],[-122.976964,46.124262],[-122.97696,46.124764],[-122.976879,46.124768],[-122.976834,46.124802],[-122.976831,46.125034],[-122.976572,46.125034],[-122.976563,46.124882],[-122.976517,46.124856],[-122.976443,46.124853],[-122.976437,46.124797],[-122.976387,46.124766],[-122.976237,46.124752],[-122.976189,46.124783],[-122.976184,46.124853],[-122.976054,46.124853],[-122.976037,46.124693],[-122.975984,46.124674],[-122.975796,46.124673],[-122.97579,46.124603],[-122.975742,46.124572],[-122.975571,46.124592],[-122.975536,46.124673],[-122.975418,46.124684],[-122.975338,46.124649],[-122.975262,46.124692],[-122.975291,46.124754],[-122.975407,46.124763],[-122.975407,46.124943],[-122.975319,46.12495],[-122.975279,46.124987],[-122.975279,46.12508],[-122.975319,46.125117],[-122.975495,46.125117],[-122.975533,46.125085],[-122.975537,46.125033],[-122.975793,46.125033],[-122.975804,46.125095],[-122.975858,46.125122],[-122.976442,46.125124],[-122.976442,46.125303],[-122.976354,46.12531],[-122.976314,46.125347],[-122.976313,46.125573],[-122.976224,46.12558],[-122.976184,46.125622],[-122.976166,46.125804],[-122.976211,46.125839],[-122.976313,46.125844],[-122.976293,46.125973],[-122.97632,46.126011],[-122.976653,46.12602],[-122.976695,46.12599],[-122.976701,46.125934],[-122.976817,46.12591],[-122.976831,46.125844],[-122.977219,46.125844],[-122.977222,46.125895],[-122.97726,46.125927],[-122.977478,46.125934],[-122.977487,46.126085],[-122.977533,46.126111],[-122.977607,46.126115],[-122.977607,46.126294],[-122.977491,46.126318],[-122.977479,46.12643],[-122.97754,46.126473],[-122.977736,46.126474],[-122.977749,46.12672],[-122.977806,46.126744],[-122.977995,46.126744],[-122.978018,46.126818],[-122.978124,46.126834],[-122.978142,46.126904],[-122.978254,46.126924],[-122.978288,46.127005],[-122.978383,46.127014],[-122.978412,46.127092],[-122.978513,46.127104],[-122.97854,46.127195],[-122.978595,46.127208],[-122.978724,46.12719],[-122.978766,46.127161],[-122.978772,46.127104],[-122.978888,46.12708],[-122.978901,46.127014],[-122.979013,46.126994],[-122.979031,46.126924],[-122.979142,46.126904],[-122.97916,46.126834],[-122.979276,46.12681],[-122.979284,46.126597],[-122.979242,46.126568],[-122.97916,46.126564],[-122.979126,46.126483],[-122.979031,46.126474],[-122.979002,46.126396],[-122.978901,46.126384],[-122.978873,46.126306],[-122.978772,46.126294],[-122.978743,46.126216],[-122.978643,46.126204],[-122.978614,46.126126],[-122.978513,46.126114],[-122.978479,46.126033],[-122.978323,46.126],[-122.978254,46.126024],[-122.978125,46.126024],[-122.978102,46.12595],[-122.977995,46.125934],[-122.977994,46.125707],[-122.977954,46.12567],[-122.977866,46.125664],[-122.977866,46.125574],[-122.978097,46.125562],[-122.978125,46.125525],[-122.978116,46.125422],[-122.97807,46.125396],[-122.977996,46.125394],[-122.977986,46.125332],[-122.977926,46.125304],[-122.977662,46.125306],[-122.977613,46.125337],[-122.977607,46.125394],[-122.977478,46.125394],[-122.977455,46.12532],[-122.977349,46.125304],[-122.977314,46.125223],[-122.977219,46.125214],[-122.977219,46.124854],[-122.977349,46.124854],[-122.97741,46.124878],[-122.977478,46.124854],[-122.977607,46.124854],[-122.97763,46.124928],[-122.977737,46.124944],[-122.977737,46.125075],[-122.977765,46.125112],[-122.977996,46.125124],[-122.978009,46.12519],[-122.978125,46.125214],[-122.97816,46.125295],[-122.978384,46.125304],[-122.978445,46.125328],[-122.978625,46.125284],[-122.978643,46.125124],[-122.978731,46.125118],[-122.978772,46.125075],[-122.978763,46.124973],[-122.978717,46.124946],[-122.978643,46.124944],[-122.978608,46.124863],[-122.978514,46.124854],[-122.978514,46.124764],[-122.978772,46.124764],[-122.97879,46.124924],[-122.978842,46.124944],[-122.979031,46.124944],[-122.979044,46.1251],[-122.979161,46.125124],[-122.979195,46.125205],[-122.979343,46.125238],[-122.97942,46.125214],[-122.979637,46.125208],[-122.979677,46.125171],[-122.979678,46.125034],[-122.979882,46.125032],[-122.979931,46.125001],[-122.979937,46.124944],[-122.980067,46.124944],[-122.980068,46.125171],[-122.980108,46.125208],[-122.980196,46.125214],[-122.980196,46.125304],[-122.979937,46.125304],[-122.979934,46.125253],[-122.979896,46.125221],[-122.979726,46.125218],[-122.979684,46.125248],[-122.979678,46.125304],[-122.979584,46.125307],[-122.979534,46.125339],[-122.979552,46.125446],[-122.979583,46.125475],[-122.979739,46.125508],[-122.979808,46.125484],[-122.98042,46.125482],[-122.980474,46.125439],[-122.980455,46.125304],[-122.980659,46.125302],[-122.980708,46.125271],[-122.980714,46.125214],[-122.980843,46.125214],[-122.980843,46.125394],[-122.980755,46.125401],[-122.980715,46.125438],[-122.980736,46.125559],[-122.980843,46.125574],[-122.980856,46.12564],[-122.980972,46.125664],[-122.980976,46.125716],[-122.981014,46.125748],[-122.981231,46.125755],[-122.981237,46.125811],[-122.981279,46.12584],[-122.98162,46.125845],[-122.981629,46.125906],[-122.981682,46.125933],[-122.982008,46.125935],[-122.982021,46.126091],[-122.982137,46.126115],[-122.982155,46.126185],[-122.982267,46.126205],[-122.98228,46.126271],[-122.982396,46.126295],[-122.9824,46.126346],[-122.982437,46.126378],[-122.982572,46.126398],[-122.982628,46.126386],[-122.982655,46.12635],[-122.982652,46.126243],[-122.982607,46.126209],[-122.982526,46.126205],[-122.982491,46.126124],[-122.982396,46.126115],[-122.982368,46.126037],[-122.982267,46.126025],[-122.982267,46.125935],[-122.982396,46.125935],[-122.982402,46.125991],[-122.982451,46.126022],[-122.982784,46.126025],[-122.982788,46.126076],[-122.982826,46.126108],[-122.983043,46.126115],[-122.983066,46.126189],[-122.983173,46.126205],[-122.983207,46.126286],[-122.983302,46.126295],[-122.983302,46.126385],[-122.982838,46.126374],[-122.982786,46.126415],[-122.982786,46.126521],[-122.982825,46.126558],[-122.982914,46.126565],[-122.982917,46.126616],[-122.982955,46.126648],[-122.983173,46.126655],[-122.983173,46.126786],[-122.983207,46.126826],[-122.983431,46.126835],[-122.983445,46.126901],[-122.983561,46.126925],[-122.983589,46.127003],[-122.98382,46.127015],[-122.983829,46.127076],[-122.983882,46.127104],[-122.984038,46.127099],[-122.984075,46.127067],[-122.984079,46.127015],[-122.984191,46.126995],[-122.984208,46.126835],[-122.984338,46.126835],[-122.98436,46.126909],[-122.984467,46.126925],[-122.984502,46.127006],[-122.984596,46.127015],[-122.984596,46.127105],[-122.984338,46.127105],[-122.984269,46.127081],[-122.984113,46.127114],[-122.984079,46.127154],[-122.984085,46.127252],[-122.984127,46.127281],[-122.984269,46.127309],[-122.984338,46.127285],[-122.984855,46.127285],[-122.984878,46.127359],[-122.984985,46.127376],[-122.984985,46.127645],[-122.98491,46.127647],[-122.984864,46.127674],[-122.984868,46.127801],[-122.984984,46.127825],[-122.98499,46.127882],[-122.98504,46.127913],[-122.985502,46.127915],[-122.985502,46.128005],[-122.985421,46.128009],[-122.985376,46.128043],[-122.985373,46.128221],[-122.985407,46.128266],[-122.985502,46.128275],[-122.985502,46.128365],[-122.985468,46.128408],[-122.985502,46.128456],[-122.985504,46.129042],[-122.985565,46.129084],[-122.985761,46.129085],[-122.985767,46.129142],[-122.985809,46.129171],[-122.98602,46.129175],[-122.98602,46.129486],[-122.986054,46.129526],[-122.986279,46.129535],[-122.986347,46.129559],[-122.986428,46.129522],[-122.986442,46.129482],[-122.986395,46.129379],[-122.986279,46.129354],[-122.986279,46.129265],[-122.986385,46.129249],[-122.986408,46.129175],[-122.986537,46.129175],[-122.986566,46.129253],[-122.98672,46.129289],[-122.986796,46.129265],[-122.987027,46.129253],[-122.98709,46.129133],[-122.987055,46.129085],[-122.987055,46.128905],[-122.98728,46.128896],[-122.987347,46.128783],[-122.987314,46.128725],[-122.987308,46.128579],[-122.987266,46.128549],[-122.987185,46.128545],[-122.987182,46.128404],[-122.987137,46.128369],[-122.987056,46.128365],[-122.987042,46.128209],[-122.986926,46.128185],[-122.98692,46.128129],[-122.986871,46.128098],[-122.986538,46.128095],[-122.986538,46.128005],[-122.986926,46.128005],[-122.986987,46.128029],[-122.987056,46.128005],[-122.987247,46.128019],[-122.987309,46.127985],[-122.987315,46.127915],[-122.987444,46.127915],[-122.987505,46.127939],[-122.987573,46.127915],[-122.987703,46.127915],[-122.987726,46.12799],[-122.987878,46.128028],[-122.987962,46.128005],[-122.988091,46.128005],[-122.988152,46.12803],[-122.988221,46.128005],[-122.98835,46.128005],[-122.988356,46.128062],[-122.988405,46.128093],[-122.988541,46.12812],[-122.988609,46.128096],[-122.988738,46.128096],[-122.988742,46.128147],[-122.988779,46.128179],[-122.988997,46.128186],[-122.98901,46.128252],[-122.989127,46.128276],[-122.989161,46.128356],[-122.989385,46.128366],[-122.989385,46.128635],[-122.988997,46.128635],[-122.988988,46.128574],[-122.988927,46.128546],[-122.988535,46.128548],[-122.988485,46.128579],[-122.988479,46.128635],[-122.988262,46.128642],[-122.988224,46.128674],[-122.98822,46.128725],[-122.988104,46.128749],[-122.988091,46.128815],[-122.987984,46.128831],[-122.987962,46.128947],[-122.988017,46.128993],[-122.98822,46.128996],[-122.98823,46.129057],[-122.98829,46.129085],[-122.988554,46.129083],[-122.988603,46.129052],[-122.988609,46.128996],[-122.988738,46.128996],[-122.988738,46.129085],[-122.98865,46.129092],[-122.98861,46.129129],[-122.988626,46.129336],[-122.988738,46.129356],[-122.988751,46.129422],[-122.988867,46.129446],[-122.988871,46.129497],[-122.988909,46.129529],[-122.989126,46.129536],[-122.989132,46.129592],[-122.989182,46.129623],[-122.989385,46.129626],[-122.989386,46.129757],[-122.98942,46.129796],[-122.989644,46.129806]],[[-122.955347,46.114014],[-122.955372,46.113912],[-122.955333,46.113874],[-122.955142,46.113871],[-122.955096,46.11391],[-122.9551,46.114027],[-122.955162,46.11406],[-122.955305,46.114043],[-122.955347,46.114014]],[[-122.955872,46.112967],[-122.955953,46.112963],[-122.955998,46.112929],[-122.956001,46.112656],[-122.955953,46.112611],[-122.955813,46.112607],[-122.955752,46.112636],[-122.955708,46.112734],[-122.955742,46.112787],[-122.955742,46.112877],[-122.955512,46.112889],[-122.955485,46.112921],[-122.955485,46.113014],[-122.955546,46.113056],[-122.955809,46.113056],[-122.955862,46.113029],[-122.955872,46.112967]],[[-122.96286,46.11324],[-122.962847,46.113084],[-122.96273,46.11306],[-122.962696,46.112979],[-122.962601,46.11297],[-122.962573,46.112892],[-122.962472,46.11288],[-122.962459,46.112724],[-122.962342,46.1127],[-122.962308,46.112619],[-122.962213,46.112609],[-122.9622,46.112454],[-122.962084,46.112429],[-122.962071,46.112363],[-122.961954,46.112339],[-122.961948,46.112283],[-122.961906,46.112254],[-122.961758,46.11225],[-122.961701,46.112283],[-122.961661,46.112382],[-122.961695,46.112429],[-122.961695,46.112609],[-122.961499,46.11261],[-122.961442,46.112643],[-122.961442,46.112756],[-122.961484,46.112785],[-122.961566,46.112789],[-122.961566,46.112879],[-122.961436,46.112879],[-122.961414,46.112805],[-122.961307,46.112789],[-122.961307,46.112609],[-122.961389,46.112605],[-122.961433,46.112571],[-122.961471,46.112477],[-122.961437,46.112429],[-122.961437,46.112249],[-122.961511,46.112247],[-122.961557,46.112221],[-122.961553,46.112093],[-122.961437,46.112069],[-122.961434,46.112004],[-122.961391,46.11197],[-122.961178,46.111979],[-122.961155,46.111905],[-122.961049,46.111889],[-122.961014,46.111808],[-122.960919,46.111799],[-122.960897,46.111635],[-122.96079,46.111619],[-122.960784,46.111562],[-122.960742,46.111533],[-122.960531,46.111529],[-122.960509,46.111455],[-122.960402,46.111439],[-122.960384,46.111369],[-122.960273,46.111349],[-122.960238,46.111268],[-122.960143,46.111259],[-122.960115,46.111181],[-122.960014,46.111169],[-122.959991,46.111005],[-122.959885,46.110989],[-122.959867,46.110918],[-122.959756,46.110899],[-122.959742,46.110833],[-122.959626,46.110809],[-122.959592,46.110728],[-122.959367,46.110718],[-122.959345,46.110644],[-122.959238,46.110628],[-122.959215,46.110464],[-122.959109,46.110448],[-122.959091,46.110378],[-122.958979,46.110358],[-122.958962,46.110288],[-122.95885,46.110268],[-122.958837,46.110202],[-122.958721,46.110178],[-122.958686,46.110097],[-122.958462,46.110088],[-122.958449,46.109932],[-122.958272,46.109884],[-122.958122,46.109912],[-122.958077,46.109946],[-122.958039,46.110046],[-122.958074,46.110088],[-122.958091,46.110248],[-122.958144,46.110268],[-122.958332,46.110268],[-122.95835,46.110338],[-122.958462,46.110358],[-122.958496,46.110439],[-122.958591,46.110448],[-122.958619,46.110526],[-122.95872,46.110538],[-122.958749,46.110616],[-122.95885,46.110628],[-122.958878,46.110706],[-122.959108,46.110718],[-122.959131,46.110793],[-122.959238,46.110809],[-122.959261,46.110883],[-122.959367,46.110899],[-122.959402,46.110979],[-122.959497,46.11099],[-122.959496,46.111079],[-122.959378,46.11109],[-122.959354,46.111013],[-122.959238,46.110988],[-122.959203,46.110908],[-122.958903,46.110887],[-122.958855,46.110918],[-122.958839,46.110999],[-122.958651,46.110964],[-122.95849,46.111],[-122.958461,46.111078],[-122.95838,46.111082],[-122.958338,46.111111],[-122.958341,46.11123],[-122.958394,46.111257],[-122.95859,46.111258],[-122.958652,46.111282],[-122.958801,46.111254],[-122.958848,46.111215],[-122.95886,46.111067],[-122.959108,46.111078],[-122.959114,46.111135],[-122.959163,46.111166],[-122.959356,46.111158],[-122.959367,46.111258],[-122.95926,46.111274],[-122.959237,46.111348],[-122.959013,46.111357],[-122.958978,46.111438],[-122.958754,46.111447],[-122.95872,46.111528],[-122.95859,46.111528],[-122.958584,46.111472],[-122.958535,46.111441],[-122.95828,46.111438],[-122.958215,46.111462],[-122.958202,46.111528],[-122.957972,46.11154],[-122.957943,46.111618],[-122.957837,46.111634],[-122.957814,46.111708],[-122.957707,46.111724],[-122.957684,46.111798],[-122.957578,46.111814],[-122.957555,46.111888],[-122.957454,46.1119],[-122.957425,46.111978],[-122.957324,46.11199],[-122.957296,46.112068],[-122.957195,46.11208],[-122.957166,46.112158],[-122.957065,46.11217],[-122.957037,46.112248],[-122.956936,46.11226],[-122.956907,46.112338],[-122.956812,46.112347],[-122.956778,46.112428],[-122.956666,46.112447],[-122.956648,46.112607],[-122.956437,46.112612],[-122.956395,46.112641],[-122.956389,46.112697],[-122.956283,46.112713],[-122.95626,46.112877],[-122.956159,46.11289],[-122.95613,46.112967],[-122.956036,46.112976],[-122.956001,46.113021],[-122.956007,46.113204],[-122.956049,46.113233],[-122.95613,46.113237],[-122.956136,46.113294],[-122.956178,46.113323],[-122.956348,46.113321],[-122.956386,46.113289],[-122.956389,46.113238],[-122.956518,46.113238],[-122.956579,46.113262],[-122.956648,46.113238],[-122.956777,46.113238],[-122.9568,46.113312],[-122.956907,46.113328],[-122.956924,46.113398],[-122.957036,46.113418],[-122.95707,46.113499],[-122.957165,46.113508],[-122.957194,46.113586],[-122.957295,46.113598],[-122.957317,46.113762],[-122.957553,46.113778],[-122.957576,46.113852],[-122.957683,46.113868],[-122.957683,46.114089],[-122.957724,46.114132],[-122.957907,46.114129],[-122.957941,46.114048],[-122.958058,46.114024],[-122.958071,46.113958],[-122.958459,46.113958],[-122.958462,46.11401],[-122.9585,46.114042],[-122.958718,46.114048],[-122.958718,46.11445],[-122.958759,46.114492],[-122.959058,46.114494],[-122.9591,46.114465],[-122.959106,46.114409],[-122.959324,46.114402],[-122.959361,46.11437],[-122.959365,46.114319],[-122.959481,46.114295],[-122.959494,46.114229],[-122.959623,46.114229],[-122.959627,46.11428],[-122.959665,46.114312],[-122.959882,46.114319],[-122.959891,46.11447],[-122.959937,46.114496],[-122.960012,46.114499],[-122.960046,46.11458],[-122.960141,46.114589],[-122.960144,46.114641],[-122.960182,46.114672],[-122.961176,46.114679],[-122.961189,46.114745],[-122.961254,46.114769],[-122.961631,46.114768],[-122.961693,46.114721],[-122.961685,46.114618],[-122.961639,46.114592],[-122.961565,46.114589],[-122.961536,46.114512],[-122.961306,46.114499],[-122.961306,46.114319],[-122.961565,46.114319],[-122.961633,46.114343],[-122.961782,46.114313],[-122.961822,46.114276],[-122.961824,46.114139],[-122.961905,46.114135],[-122.96195,46.114101],[-122.961953,46.11396],[-122.962271,46.113959],[-122.962336,46.113926],[-122.962324,46.113799],[-122.962212,46.113779],[-122.962178,46.113699],[-122.962083,46.113689],[-122.962083,46.11351],[-122.962212,46.11351],[-122.962225,46.113576],[-122.962342,46.1136],[-122.962345,46.113651],[-122.962383,46.113683],[-122.962559,46.113683],[-122.962597,46.113651],[-122.962601,46.1136],[-122.962682,46.113596],[-122.962724,46.113566],[-122.96273,46.11342],[-122.962926,46.113419],[-122.962983,46.113386],[-122.96298,46.113268],[-122.962934,46.113242],[-122.96286,46.11324]],[[-122.957944,46.111258],[-122.95793,46.111192],[-122.957814,46.111168],[-122.957791,46.111094],[-122.957555,46.111078],[-122.957542,46.111012],[-122.957426,46.110988],[-122.957423,46.110936],[-122.957385,46.110904],[-122.957228,46.110874],[-122.957061,46.110913],[-122.957038,46.111078],[-122.956949,46.111084],[-122.95691,46.111121],[-122.956908,46.111348],[-122.956827,46.111352],[-122.956782,46.111386],[-122.956778,46.111618],[-122.956548,46.11163],[-122.95652,46.111666],[-122.95652,46.111797],[-122.956425,46.111807],[-122.95639,46.111887],[-122.956309,46.111892],[-122.956267,46.111921],[-122.95626,46.112157],[-122.956149,46.112177],[-122.956097,46.112284],[-122.956131,46.112337],[-122.956111,46.112461],[-122.956133,46.112501],[-122.956342,46.112513],[-122.956384,46.112484],[-122.95639,46.112428],[-122.956484,46.112425],[-122.956527,46.112403],[-122.956519,46.112068],[-122.956649,46.112068],[-122.956671,46.112142],[-122.956824,46.11218],[-122.956982,46.112155],[-122.957031,46.112124],[-122.957037,46.112068],[-122.957153,46.112044],[-122.957167,46.111978],[-122.957278,46.111958],[-122.957296,46.111888],[-122.95737,46.111885],[-122.957416,46.111859],[-122.957422,46.111476],[-122.957363,46.111439],[-122.957167,46.111438],[-122.957167,46.111258],[-122.957426,46.111258],[-122.957443,46.111328],[-122.957555,46.111348],[-122.95759,46.111429],[-122.957684,46.111438],[-122.957713,46.111516],[-122.957866,46.111528],[-122.95793,46.111504],[-122.957943,46.111438],[-122.958032,46.111432],[-122.958071,46.111395],[-122.95806,46.111282],[-122.957944,46.111258]],[[-122.956455,46.117095],[-122.956202,46.117094],[-122.956149,46.11711],[-122.956127,46.117233],[-122.95615,46.117272],[-122.956317,46.117312],[-122.956493,46.117272],[-122.95651,46.117127],[-122.956455,46.117095]],[[-122.956909,46.113596],[-122.956941,46.11355],[-122.956889,46.113437],[-122.956777,46.113418],[-122.956774,46.113366],[-122.956736,46.113334],[-122.956558,46.113321],[-122.956522,46.113352],[-122.956518,46.113417],[-122.956437,46.113422],[-122.956395,46.113451],[-122.956389,46.113687],[-122.956294,46.11369],[-122.956248,46.113717],[-122.956268,46.113839],[-122.956329,46.113867],[-122.956736,46.113861],[-122.956773,46.113829],[-122.956777,46.113778],[-122.956858,46.113774],[-122.9569,46.113744],[-122.956909,46.113596]],[[-122.957019,46.11539],[-122.957068,46.115271],[-122.957054,46.11523],[-122.956995,46.115205],[-122.956932,46.115217],[-122.956905,46.115253],[-122.956921,46.1153],[-122.95687,46.115355],[-122.956921,46.115405],[-122.956911,46.115468],[-122.956965,46.1155],[-122.957023,46.115494],[-122.957067,46.115456],[-122.957019,46.11539]],[[-122.957159,46.114284],[-122.957184,46.114183],[-122.957151,46.114147],[-122.956961,46.11414],[-122.956912,46.114171],[-122.956889,46.114278],[-122.956948,46.114317],[-122.95711,46.114315],[-122.957159,46.114284]],[[-122.957439,46.118323],[-122.957407,46.118212],[-122.957291,46.118188],[-122.957288,46.118136],[-122.95725,46.118104],[-122.957082,46.118098],[-122.957021,46.118127],[-122.957041,46.118249],[-122.957087,46.118275],[-122.957162,46.118278],[-122.957165,46.11833],[-122.957203,46.118361],[-122.9574,46.118361],[-122.957439,46.118323]],[[-122.957288,46.115004],[-122.957312,46.114903],[-122.95728,46.114867],[-122.95709,46.11486],[-122.957041,46.114891],[-122.957018,46.114998],[-122.957077,46.115037],[-122.957238,46.115035],[-122.957288,46.115004]],[[-122.957943,46.115039],[-122.957932,46.114887],[-122.957886,46.11486],[-122.957811,46.114858],[-122.957809,46.114343],[-122.957744,46.114305],[-122.957608,46.11432],[-122.957553,46.114367],[-122.957553,46.114899],[-122.957593,46.114942],[-122.957682,46.114948],[-122.957682,46.115217],[-122.9576,46.115222],[-122.957558,46.115251],[-122.957532,46.115347],[-122.957566,46.115388],[-122.957863,46.115398],[-122.957923,46.115378],[-122.957941,46.115128],[-122.957975,46.115086],[-122.957943,46.115039]],[[-122.957806,46.11806],[-122.957826,46.117958],[-122.957782,46.117922],[-122.957618,46.117905],[-122.957556,46.117938],[-122.957552,46.118055],[-122.957598,46.118094],[-122.957768,46.118092],[-122.957806,46.11806]],[[-122.958076,46.110809],[-122.958019,46.110794],[-122.957961,46.110815],[-122.957944,46.110863],[-122.957971,46.110899],[-122.958034,46.110911],[-122.958093,46.110885],[-122.958107,46.110845],[-122.958076,46.110809]],[[-122.958323,46.114825],[-122.958348,46.114723],[-122.958315,46.114688],[-122.958125,46.11468],[-122.958076,46.114711],[-122.958053,46.114818],[-122.958112,46.114857],[-122.958274,46.114856],[-122.958323,46.114825]],[[-122.958328,46.116838],[-122.958322,46.116782],[-122.95828,46.116752],[-122.958144,46.116734],[-122.958078,46.116763],[-122.958069,46.117059],[-122.95811,46.117102],[-122.958281,46.117117],[-122.958324,46.117083],[-122.958327,46.117018],[-122.958402,46.117016],[-122.958448,46.11699],[-122.958448,46.116867],[-122.958402,46.116841],[-122.958328,46.116838]],[[-122.958447,46.11762],[-122.958474,46.117328],[-122.958429,46.117293],[-122.958259,46.117264],[-122.958174,46.117305],[-122.958198,46.1176],[-122.958239,46.117642],[-122.958394,46.117647],[-122.958447,46.11762]],[[-122.960806,46.116164],[-122.960764,46.115955],[-122.960528,46.115939],[-122.960506,46.115865],[-122.960399,46.115849],[-122.960386,46.115783],[-122.96027,46.115759],[-122.960241,46.115681],[-122.96014,46.115669],[-122.960118,46.115505],[-122.959882,46.115489],[-122.959864,46.115419],[-122.959752,46.115399],[-122.959735,46.115328],[-122.959623,46.115309],[-122.95961,46.115243],[-122.959494,46.115219],[-122.959488,46.115162],[-122.959446,46.115133],[-122.959295,46.115104],[-122.959235,46.115128],[-122.958978,46.115145],[-122.958956,46.115184],[-122.958979,46.11527],[-122.959024,46.115304],[-122.959105,46.115309],[-122.959105,46.115398],[-122.958976,46.115398],[-122.958967,46.115337],[-122.958913,46.115309],[-122.958399,46.115309],[-122.958338,46.115337],[-122.958328,46.115398],[-122.958234,46.115401],[-122.958184,46.115433],[-122.9582,46.115638],[-122.958259,46.115681],[-122.958539,46.115664],[-122.958581,46.115635],[-122.958587,46.115578],[-122.958975,46.115579],[-122.958979,46.11572],[-122.959023,46.115754],[-122.959105,46.115759],[-122.959106,46.115909],[-122.959158,46.11595],[-122.959581,46.115932],[-122.959621,46.115895],[-122.959623,46.115759],[-122.960011,46.115759],[-122.960028,46.115829],[-122.96014,46.115849],[-122.960158,46.115919],[-122.960269,46.115939],[-122.960287,46.116009],[-122.960399,46.116029],[-122.960412,46.116095],[-122.960528,46.116119],[-122.960563,46.1162],[-122.960766,46.116202],[-122.960806,46.116164]],[[-122.959624,46.117737],[-122.959656,46.117691],[-122.959599,46.117561],[-122.959539,46.117545],[-122.959403,46.117565],[-122.959366,46.117597],[-122.959362,46.117649],[-122.959281,46.117653],[-122.959236,46.117687],[-122.959233,46.117919],[-122.959103,46.117918],[-122.959042,46.117894],[-122.958974,46.117918],[-122.958632,46.117909],[-122.958589,46.117943],[-122.958585,46.118008],[-122.958491,46.118011],[-122.958444,46.118038],[-122.958465,46.11816],[-122.958534,46.118188],[-122.9596,46.118182],[-122.95964,46.118138],[-122.959624,46.117737]],[[-122.958613,46.117374],[-122.958777,46.117392],[-122.958832,46.117368],[-122.958842,46.117237],[-122.95879,46.117201],[-122.958641,46.117201],[-122.958592,46.117232],[-122.958569,46.117339],[-122.958613,46.117374]],[[-122.958962,46.116322],[-122.958769,46.116287],[-122.958719,46.116323],[-122.958717,46.116449],[-122.958776,46.116491],[-122.958927,46.116474],[-122.958973,46.116435],[-122.958962,46.116322]],[[-122.958764,46.116834],[-122.95931,46.11685],[-122.95936,46.116814],[-122.959361,46.116702],[-122.959315,46.116663],[-122.959165,46.116634],[-122.959102,46.116659],[-122.958784,46.116645],[-122.958722,46.116678],[-122.958717,46.116795],[-122.958764,46.116834]],[[-122.959272,46.117475],[-122.959437,46.117466],[-122.959483,46.11744],[-122.959474,46.117308],[-122.959422,46.117289],[-122.959244,46.1173],[-122.95918,46.117265],[-122.959116,46.117278],[-122.959084,46.117317],[-122.959106,46.117362],[-122.959154,46.117378],[-122.959222,46.117368],[-122.959236,46.117444],[-122.959272,46.117475]],[[-122.959863,46.109623],[-122.959903,46.109498],[-122.959858,46.109463],[-122.95965,46.109474],[-122.959627,46.109549],[-122.959546,46.109553],[-122.959503,46.109582],[-122.959497,46.109728],[-122.959416,46.109733],[-122.959374,46.109762],[-122.959391,46.109893],[-122.959446,46.109909],[-122.959604,46.109893],[-122.959627,46.109819],[-122.959701,46.109816],[-122.959747,46.10979],[-122.959756,46.109639],[-122.959863,46.109623]],[[-122.959544,46.116209],[-122.959619,46.11617],[-122.959613,46.116057],[-122.95956,46.11603],[-122.959404,46.116035],[-122.959365,46.116072],[-122.959372,46.11618],[-122.959426,46.116208],[-122.959544,46.116209]],[[-122.959749,46.119899],[-122.959715,46.119936],[-122.959729,46.119976],[-122.959788,46.120002],[-122.959845,46.119993],[-122.959877,46.119959],[-122.959866,46.11991],[-122.959811,46.119885],[-122.959749,46.119899]],[[-122.959789,46.11776],[-122.959961,46.117735],[-122.960003,46.117706],[-122.960008,46.117512],[-122.959962,46.117473],[-122.959818,46.117455],[-122.959754,46.117494],[-122.95975,46.117649],[-122.959717,46.117702],[-122.959789,46.11776]],[[-122.960144,46.110039],[-122.960077,46.109985],[-122.959914,46.110011],[-122.959885,46.110089],[-122.959804,46.110093],[-122.959762,46.110122],[-122.959773,46.110262],[-122.959838,46.110282],[-122.959986,46.110256],[-122.960015,46.110179],[-122.960089,46.110176],[-122.960135,46.11015],[-122.960144,46.110039]],[[-122.961045,46.117379],[-122.961017,46.117301],[-122.960786,46.117289],[-122.96078,46.117232],[-122.960731,46.117201],[-122.960346,46.117199],[-122.960291,46.117215],[-122.960234,46.117331],[-122.960268,46.11738],[-122.960251,46.117609],[-122.960296,46.117645],[-122.960398,46.117649],[-122.960432,46.11773],[-122.960527,46.117739],[-122.960527,46.117829],[-122.960398,46.117829],[-122.960336,46.117805],[-122.960268,46.117829],[-122.960042,46.117825],[-122.960009,46.117919],[-122.959928,46.117923],[-122.959883,46.117957],[-122.95986,46.118133],[-122.959881,46.118172],[-122.959937,46.118189],[-122.960397,46.118189],[-122.960458,46.118213],[-122.960633,46.118173],[-122.960656,46.118099],[-122.960744,46.118093],[-122.960784,46.118056],[-122.960786,46.117649],[-122.961104,46.117649],[-122.961168,46.117616],[-122.961168,46.117413],[-122.961126,46.117383],[-122.961045,46.117379]],[[-122.960286,46.116709],[-122.960267,46.116522],[-122.960228,46.116485],[-122.959951,46.116479],[-122.95989,46.116507],[-122.959881,46.1167],[-122.959922,46.116742],[-122.960234,46.116746],[-122.960286,46.116709]],[[-122.960525,46.120079],[-122.960519,46.120022],[-122.960477,46.119993],[-122.960183,46.11998],[-122.96014,46.120014],[-122.960137,46.120079],[-122.960042,46.120081],[-122.959996,46.120109],[-122.960013,46.120226],[-122.96007,46.120258],[-122.960266,46.120259],[-122.960301,46.12034],[-122.960479,46.120358],[-122.960522,46.120324],[-122.960525,46.120259],[-122.960614,46.120253],[-122.960654,46.12021],[-122.960642,46.120103],[-122.960525,46.120079]],[[-122.961567,46.110449],[-122.96155,46.110379],[-122.961438,46.110359],[-122.96142,46.110289],[-122.961309,46.110269],[-122.961296,46.110203],[-122.961179,46.110179],[-122.961173,46.110122],[-122.961124,46.110091],[-122.960955,46.110098],[-122.96092,46.110179],[-122.960804,46.110203],[-122.960791,46.110269],[-122.960679,46.110289],[-122.960661,46.110449],[-122.960561,46.110461],[-122.960532,46.110539],[-122.960444,46.110545],[-122.960404,46.110582],[-122.960408,46.110686],[-122.96045,46.110715],[-122.960532,46.110719],[-122.960532,46.110809],[-122.960437,46.110818],[-122.960402,46.110899],[-122.960296,46.110915],[-122.960239,46.111026],[-122.960273,46.111079],[-122.960279,46.111226],[-122.960321,46.111255],[-122.960402,46.111259],[-122.960431,46.111337],[-122.960735,46.111347],[-122.960784,46.111316],[-122.96079,46.111259],[-122.960902,46.111239],[-122.96092,46.111079],[-122.961021,46.111067],[-122.961049,46.110989],[-122.96115,46.110977],[-122.961179,46.110899],[-122.96128,46.110887],[-122.961308,46.110809],[-122.961409,46.110797],[-122.961438,46.110719],[-122.961533,46.11071],[-122.961567,46.110629],[-122.961642,46.110627],[-122.961688,46.110601],[-122.961688,46.110478],[-122.961642,46.110452],[-122.961567,46.110449]],[[-122.960656,46.118909],[-122.960674,46.118864],[-122.960642,46.118829],[-122.960568,46.11882],[-122.960518,46.118844],[-122.960508,46.118886],[-122.960545,46.118923],[-122.960602,46.118933],[-122.960656,46.118909]],[[-122.960951,46.115272],[-122.960911,46.115162],[-122.960876,46.115135],[-122.960699,46.115135],[-122.960662,46.115167],[-122.960658,46.115219],[-122.960584,46.115221],[-122.960538,46.115248],[-122.960538,46.11537],[-122.960599,46.115399],[-122.960876,46.115393],[-122.960951,46.115272]],[[-122.960915,46.118459],[-122.960911,46.118408],[-122.960874,46.118376],[-122.960739,46.118355],[-122.960683,46.118368],[-122.960636,46.118583],[-122.960658,46.118623],[-122.960713,46.118639],[-122.961103,46.118639],[-122.961151,46.118623],[-122.961173,46.118585],[-122.961151,46.118475],[-122.960915,46.118459]],[[-122.96119,46.12013],[-122.961159,46.120013],[-122.961043,46.119989],[-122.961009,46.119908],[-122.960859,46.119885],[-122.960797,46.11991],[-122.960784,46.120134],[-122.960817,46.120173],[-122.961145,46.120165],[-122.96119,46.12013]],[[-122.960966,46.119089],[-122.96104,46.119051],[-122.961035,46.118938],[-122.960981,46.11891],[-122.960826,46.118916],[-122.960786,46.118953],[-122.960794,46.119061],[-122.960847,46.119088],[-122.960966,46.119089]],[[-122.96132,46.120844],[-122.961296,46.120729],[-122.961241,46.120697],[-122.961077,46.120712],[-122.961025,46.120749],[-122.961048,46.120856],[-122.961098,46.120887],[-122.961287,46.12088],[-122.96132,46.120844]],[[-122.961437,46.111839],[-122.96141,46.111798],[-122.961354,46.111785],[-122.961293,46.111808],[-122.961273,46.111847],[-122.961299,46.111884],[-122.961362,46.111903],[-122.96142,46.111883],[-122.961437,46.111839]],[[-122.962507,46.110503],[-122.962451,46.110375],[-122.962344,46.110359],[-122.962321,46.110195],[-122.962085,46.110179],[-122.962085,46.110048],[-122.962057,46.110012],[-122.961827,46.109999],[-122.961821,46.109943],[-122.961771,46.109912],[-122.961568,46.109909],[-122.961562,46.109853],[-122.961513,46.109822],[-122.961359,46.109819],[-122.961306,46.10984],[-122.961289,46.109875],[-122.961322,46.109975],[-122.961438,46.109999],[-122.961473,46.11008],[-122.961568,46.110089],[-122.961596,46.110167],[-122.961697,46.110179],[-122.961725,46.110257],[-122.961956,46.110269],[-122.961973,46.11034],[-122.962085,46.110359],[-122.962098,46.110425],[-122.962214,46.11045],[-122.96222,46.110506],[-122.962262,46.110535],[-122.962449,46.110556],[-122.962507,46.110503]],[[-122.962114,46.118777],[-122.962066,46.118664],[-122.96195,46.118639],[-122.961947,46.118588],[-122.961909,46.118556],[-122.961639,46.118549],[-122.961584,46.118565],[-122.961562,46.118729],[-122.961473,46.118736],[-122.961434,46.118773],[-122.961432,46.119125],[-122.961455,46.119164],[-122.96151,46.119179],[-122.961797,46.119164],[-122.96182,46.11909],[-122.961915,46.11908],[-122.96195,46.119],[-122.962031,46.118995],[-122.962073,46.118966],[-122.962079,46.11882],[-122.962114,46.118777]],[[-122.961836,46.12121],[-122.96179,46.121082],[-122.96162,46.121057],[-122.961566,46.121089],[-122.961543,46.12121],[-122.961602,46.121248],[-122.961784,46.121247],[-122.961836,46.12121]],[[-122.962002,46.11756],[-122.962074,46.117526],[-122.96208,46.117428],[-122.962039,46.117386],[-122.961935,46.117372],[-122.961942,46.117228],[-122.961888,46.117201],[-122.961733,46.117206],[-122.961694,46.117243],[-122.961694,46.117336],[-122.961733,46.117373],[-122.961837,46.117387],[-122.96183,46.117531],[-122.961884,46.117558],[-122.962002,46.11756]],[[-122.962608,46.114385],[-122.962582,46.114249],[-122.962471,46.11423],[-122.962458,46.114164],[-122.962341,46.11414],[-122.962335,46.114083],[-122.962286,46.114052],[-122.962124,46.114056],[-122.962086,46.114088],[-122.962082,46.114139],[-122.962001,46.114144],[-122.961956,46.114178],[-122.961966,46.114295],[-122.962082,46.11432],[-122.962095,46.114386],[-122.962212,46.11441],[-122.962218,46.114466],[-122.962267,46.114497],[-122.962437,46.114504],[-122.962471,46.11441],[-122.962565,46.114407],[-122.962608,46.114385]],[[-122.963116,46.11639],[-122.963198,46.116386],[-122.963242,46.116352],[-122.963244,46.116253],[-122.963205,46.116216],[-122.962599,46.11621],[-122.962599,46.11603],[-122.962687,46.116023],[-122.962728,46.115981],[-122.962725,46.115888],[-122.962673,46.115852],[-122.962368,46.115862],[-122.96234,46.115898],[-122.96234,46.11603],[-122.962245,46.116039],[-122.96221,46.11612],[-122.962129,46.116124],[-122.962084,46.116158],[-122.96209,46.116271],[-122.962136,46.116297],[-122.96221,46.1163],[-122.962216,46.116356],[-122.962265,46.116387],[-122.962728,46.11639],[-122.962731,46.116441],[-122.962769,46.116473],[-122.963041,46.116494],[-122.963107,46.116465],[-122.963116,46.11639]],[[-122.962521,46.121517],[-122.962671,46.121531],[-122.962721,46.121495],[-122.962707,46.12127],[-122.962595,46.12125],[-122.962561,46.121169],[-122.96242,46.121137],[-122.962221,46.121169],[-122.962187,46.121216],[-122.962223,46.121332],[-122.962087,46.121368],[-122.962095,46.1215],[-122.962297,46.121527],[-122.962336,46.121485],[-122.962321,46.121347],[-122.962466,46.12134],[-122.962475,46.121491],[-122.962521,46.121517]],[[-122.962908,46.11828],[-122.962984,46.118236],[-122.962982,46.118048],[-122.962938,46.118014],[-122.962856,46.11801],[-122.962822,46.117929],[-122.962727,46.11792],[-122.962718,46.117768],[-122.962672,46.117742],[-122.962598,46.11774],[-122.962589,46.117498],[-122.962535,46.117471],[-122.962249,46.117463],[-122.96221,46.117505],[-122.962211,46.117786],[-122.96225,46.117823],[-122.962339,46.11783],[-122.962367,46.117907],[-122.962468,46.11792],[-122.962477,46.118161],[-122.96253,46.118189],[-122.962727,46.11819],[-122.962761,46.118271],[-122.962908,46.11828]],[[-122.962723,46.120528],[-122.962664,46.120506],[-122.962585,46.120541],[-122.962376,46.120523],[-122.962337,46.120565],[-122.962346,46.120681],[-122.962399,46.120709],[-122.962555,46.120703],[-122.962607,46.120609],[-122.962683,46.120619],[-122.962733,46.120595],[-122.962723,46.120528]],[[-122.962976,46.119151],[-122.963005,46.11896],[-122.962983,46.118926],[-122.962856,46.11891],[-122.962838,46.11875],[-122.962786,46.11873],[-122.962652,46.118732],[-122.962597,46.118778],[-122.962597,46.119],[-122.962366,46.119012],[-122.962338,46.119048],[-122.962341,46.119141],[-122.962386,46.119176],[-122.962467,46.11918],[-122.962473,46.119236],[-122.962515,46.119266],[-122.962658,46.119294],[-122.9628,46.119268],[-122.96285,46.119237],[-122.962856,46.11918],[-122.96293,46.119178],[-122.962976,46.119151]],[[-122.962853,46.114106],[-122.962878,46.114005],[-122.962845,46.113969],[-122.962655,46.113962],[-122.962606,46.113993],[-122.962583,46.1141],[-122.962642,46.114139],[-122.962804,46.114137],[-122.962853,46.114106]],[[-122.963189,46.120094],[-122.963442,46.120093],[-122.963496,46.12006],[-122.963479,46.119916],[-122.963373,46.1199],[-122.963367,46.119843],[-122.963318,46.119812],[-122.963007,46.119826],[-122.962988,46.119952],[-122.963032,46.119986],[-122.963114,46.11999],[-122.963136,46.120077],[-122.963189,46.120094]],[[-122.963298,46.11513],[-122.963374,46.115086],[-122.963373,46.114898],[-122.963321,46.114862],[-122.963172,46.114862],[-122.963119,46.114903],[-122.96312,46.115092],[-122.963172,46.115128],[-122.963298,46.11513]],[[-122.964172,46.1158],[-122.964124,46.115682],[-122.963893,46.11567],[-122.963887,46.115613],[-122.963838,46.115582],[-122.963426,46.11558],[-122.963358,46.11562],[-122.963389,46.115826],[-122.963445,46.11585],[-122.963764,46.11585],[-122.963779,46.115932],[-122.96373,46.115993],[-122.963796,46.116042],[-122.96388,46.116019],[-122.963877,46.115948],[-122.964005,46.11592],[-122.964023,46.11585],[-122.96415,46.115834],[-122.964172,46.1158]],[[-122.963684,46.11855],[-122.96376,46.118507],[-122.963761,46.118234],[-122.963707,46.118192],[-122.963566,46.118191],[-122.963505,46.118234],[-122.963503,46.11837],[-122.963422,46.118374],[-122.96338,46.118403],[-122.963375,46.118507],[-122.963436,46.118549],[-122.963684,46.11855]],[[-122.964023,46.12024],[-122.964011,46.120109],[-122.96395,46.12008],[-122.963544,46.120081],[-122.963482,46.12013],[-122.963525,46.120244],[-122.963631,46.12026],[-122.963666,46.120341],[-122.963808,46.120364],[-122.963881,46.120335],[-122.96389,46.12026],[-122.964023,46.12024]],[[-122.964187,46.114818],[-122.964147,46.114714],[-122.964098,46.114682],[-122.963894,46.11468],[-122.963825,46.114656],[-122.963683,46.114684],[-122.963635,46.114729],[-122.963641,46.114917],[-122.963683,46.114946],[-122.963764,46.11495],[-122.963768,46.115002],[-122.963805,46.115034],[-122.963975,46.115036],[-122.964017,46.115007],[-122.964023,46.11495],[-122.964097,46.114948],[-122.964143,46.114922],[-122.964187,46.114818]],[[-122.964312,46.121748],[-122.964272,46.121644],[-122.964223,46.121613],[-122.963912,46.121626],[-122.963855,46.121743],[-122.963889,46.12179],[-122.963912,46.121954],[-122.963967,46.12197],[-122.964255,46.121955],[-122.964278,46.12179],[-122.964312,46.121748]],[[-122.964331,46.119],[-122.964407,46.118957],[-122.964391,46.11875],[-122.964331,46.11873],[-122.964028,46.118743],[-122.964001,46.118786],[-122.964038,46.11889],[-122.96415,46.11891],[-122.964153,46.118962],[-122.964191,46.118994],[-122.964331,46.119]],[[-122.965704,46.121612],[-122.9657,46.121474],[-122.965654,46.121435],[-122.965471,46.121443],[-122.965443,46.121479],[-122.965442,46.121611],[-122.965313,46.121611],[-122.965307,46.121464],[-122.965265,46.121435],[-122.965184,46.121431],[-122.965149,46.12135],[-122.964873,46.121341],[-122.964818,46.121356],[-122.964795,46.12152],[-122.964689,46.121536],[-122.964633,46.121642],[-122.964666,46.121701],[-122.964666,46.12188],[-122.964565,46.121893],[-122.964536,46.12197],[-122.964448,46.121977],[-122.964408,46.122014],[-122.964413,46.122117],[-122.964455,46.122146],[-122.964536,46.12215],[-122.964536,46.12224],[-122.96432,46.122241],[-122.964258,46.122285],[-122.964295,46.122401],[-122.964406,46.12242],[-122.964429,46.122585],[-122.964624,46.122594],[-122.964664,46.122557],[-122.964665,46.122421],[-122.964902,46.122405],[-122.964924,46.122241],[-122.965025,46.122228],[-122.965054,46.122151],[-122.965155,46.122138],[-122.965183,46.122061],[-122.965284,46.122048],[-122.965313,46.121971],[-122.965414,46.121958],[-122.965442,46.121881],[-122.965537,46.121872],[-122.965572,46.121791],[-122.965684,46.121771],[-122.965736,46.121658],[-122.965704,46.121612]],[[-122.965103,46.119716],[-122.965254,46.119733],[-122.965305,46.119705],[-122.965308,46.119574],[-122.965252,46.119542],[-122.965083,46.119545],[-122.965036,46.119591],[-122.965061,46.119687],[-122.965103,46.119716]],[[-122.96546,46.120581],[-122.965434,46.120469],[-122.965381,46.120442],[-122.965117,46.120442],[-122.965056,46.120484],[-122.965058,46.120582],[-122.965117,46.12062],[-122.965416,46.120616],[-122.96546,46.120581]],[[-122.965627,46.115761],[-122.965682,46.115745],[-122.965705,46.115712],[-122.965696,46.115429],[-122.96565,46.115403],[-122.965576,46.115401],[-122.965541,46.11532],[-122.965447,46.115311],[-122.965418,46.115233],[-122.965317,46.11522],[-122.965283,46.11514],[-122.965098,46.115124],[-122.965059,46.115165],[-122.965067,46.115552],[-122.965113,46.115578],[-122.965187,46.115581],[-122.965222,46.115661],[-122.965317,46.115671],[-122.96532,46.115722],[-122.965358,46.115754],[-122.965627,46.115761]],[[-122.965566,46.121127],[-122.96558,46.121006],[-122.965538,46.120983],[-122.965443,46.120981],[-122.96544,46.120929],[-122.965402,46.120897],[-122.965234,46.120891],[-122.965172,46.12092],[-122.965185,46.121117],[-122.965225,46.121154],[-122.965517,46.121158],[-122.965566,46.121127]],[[-122.965737,46.120252],[-122.965901,46.120273],[-122.965952,46.120246],[-122.965952,46.120109],[-122.965906,46.120083],[-122.965832,46.120081],[-122.965828,46.120029],[-122.965791,46.119997],[-122.965614,46.119997],[-122.965574,46.120034],[-122.965582,46.120142],[-122.965628,46.120168],[-122.965702,46.120171],[-122.965737,46.120252]],[[-122.966658,46.123591],[-122.966734,46.123548],[-122.966727,46.12335],[-122.966673,46.123322],[-122.966477,46.123321],[-122.96646,46.123238],[-122.966359,46.123225],[-122.966313,46.123273],[-122.966363,46.123329],[-122.966356,46.123562],[-122.966417,46.123591],[-122.966658,46.123591]],[[-122.969194,46.125392],[-122.969181,46.125326],[-122.969065,46.125302],[-122.969036,46.125224],[-122.968806,46.125212],[-122.968783,46.125138],[-122.968676,46.125122],[-122.968676,46.125032],[-122.968873,46.125031],[-122.968934,46.124988],[-122.968922,46.124876],[-122.968806,46.124852],[-122.968806,46.12472],[-122.968778,46.124684],[-122.968625,46.124672],[-122.96857,46.124687],[-122.968547,46.124852],[-122.968288,46.124852],[-122.968299,46.124661],[-122.968477,46.124671],[-122.968541,46.124638],[-122.968547,46.12445],[-122.968524,46.124417],[-122.96847,46.124402],[-122.968311,46.124417],[-122.968277,46.124593],[-122.968029,46.124581],[-122.968029,46.124492],[-122.96813,46.124479],[-122.968159,46.124402],[-122.96826,46.124389],[-122.968288,46.124312],[-122.968383,46.124302],[-122.968418,46.124222],[-122.968492,46.124219],[-122.968538,46.124193],[-122.968548,46.123862],[-122.968622,46.123859],[-122.968668,46.123833],[-122.968664,46.123706],[-122.968548,46.123682],[-122.96853,46.123611],[-122.968418,46.123592],[-122.968405,46.123526],[-122.968341,46.123502],[-122.968071,46.123508],[-122.968033,46.12354],[-122.96803,46.123591],[-122.967914,46.123615],[-122.9679,46.123681],[-122.967417,46.12369],[-122.967383,46.123771],[-122.967301,46.123775],[-122.967259,46.123805],[-122.967253,46.123951],[-122.967057,46.123952],[-122.966998,46.12399],[-122.967,46.124188],[-122.967042,46.124217],[-122.967124,46.124223],[-122.967123,46.124311],[-122.967035,46.124318],[-122.966995,46.124355],[-122.967007,46.124557],[-122.967123,46.124581],[-122.967158,46.124662],[-122.967253,46.124671],[-122.967281,46.124749],[-122.967382,46.124761],[-122.967417,46.124842],[-122.967641,46.124851],[-122.967658,46.124922],[-122.96777,46.124942],[-122.967805,46.125022],[-122.9679,46.125032],[-122.967928,46.125109],[-122.968029,46.125122],[-122.968057,46.125199],[-122.968158,46.125212],[-122.968187,46.125289],[-122.968288,46.125302],[-122.968316,46.125379],[-122.968547,46.125392],[-122.968564,46.125462],[-122.968676,46.125482],[-122.968694,46.125552],[-122.968805,46.125572],[-122.968818,46.125638],[-122.968935,46.125662],[-122.968941,46.125718],[-122.968983,46.125748],[-122.969153,46.125745],[-122.96919,46.125714],[-122.969194,46.125662],[-122.969275,46.125658],[-122.969317,46.125629],[-122.969317,46.125425],[-122.969275,46.125396],[-122.969194,46.125392]],[[-122.967273,46.122376],[-122.967248,46.122275],[-122.967206,46.122245],[-122.967063,46.122228],[-122.967001,46.122261],[-122.966997,46.122378],[-122.967043,46.122417],[-122.967234,46.122415],[-122.967273,46.122376]],[[-122.967775,46.121883],[-122.967771,46.121655],[-122.967702,46.121612],[-122.967548,46.12162],[-122.967513,46.121701],[-122.967412,46.121714],[-122.967384,46.121791],[-122.967295,46.121798],[-122.967255,46.12184],[-122.967267,46.121947],[-122.967384,46.121971],[-122.967401,46.122042],[-122.967513,46.122061],[-122.967522,46.122123],[-122.967583,46.122151],[-122.967709,46.12215],[-122.967763,46.122123],[-122.967772,46.121971],[-122.967807,46.121929],[-122.967775,46.121883]],[[-122.967537,46.119975],[-122.967842,46.120004],[-122.967897,46.119971],[-122.96788,46.119827],[-122.967825,46.119811],[-122.967537,46.119827],[-122.967514,46.119865],[-122.967537,46.119975]],[[-122.968596,46.122058],[-122.96874,46.122075],[-122.968795,46.122051],[-122.968804,46.12192],[-122.968752,46.121884],[-122.968604,46.121884],[-122.968552,46.12192],[-122.968552,46.122023],[-122.968596,46.122058]],[[-122.968847,46.124665],[-122.969042,46.124656],[-122.969064,46.124623],[-122.969052,46.124336],[-122.968936,46.124312],[-122.96893,46.124255],[-122.96888,46.124224],[-122.968582,46.124231],[-122.968549,46.124265],[-122.968549,46.124358],[-122.968588,46.124395],[-122.968677,46.124402],[-122.96869,46.124558],[-122.968806,46.124582],[-122.968809,46.124633],[-122.968847,46.124665]],[[-122.969196,46.122102],[-122.969135,46.122049],[-122.968971,46.122071],[-122.968937,46.12211],[-122.96895,46.122218],[-122.969007,46.122241],[-122.969161,46.122233],[-122.969194,46.122198],[-122.969196,46.122102]],[[-122.969825,46.122762],[-122.969861,46.122647],[-122.969829,46.122611],[-122.969639,46.122604],[-122.96959,46.122635],[-122.969584,46.122692],[-122.969209,46.122701],[-122.969176,46.122742],[-122.969199,46.122833],[-122.969243,46.122868],[-122.969325,46.122872],[-122.969328,46.122924],[-122.969366,46.122955],[-122.969528,46.12296],[-122.969578,46.122929],[-122.969584,46.122872],[-122.9697,46.122848],[-122.969713,46.122782],[-122.969825,46.122762]],[[-122.969447,46.124369],[-122.969472,46.124267],[-122.96944,46.124231],[-122.96925,46.124224],[-122.969198,46.12426],[-122.969198,46.124363],[-122.969249,46.1244],[-122.969398,46.1244],[-122.969447,46.124369]],[[-122.969586,46.124133],[-122.969529,46.124118],[-122.96947,46.124138],[-122.969454,46.124187],[-122.969481,46.124223],[-122.969543,46.124235],[-122.969602,46.124209],[-122.969617,46.124169],[-122.969586,46.124133]],[[-122.970216,46.125818],[-122.970237,46.125687],[-122.970194,46.125665],[-122.9701,46.125662],[-122.970097,46.125597],[-122.97006,46.125565],[-122.969841,46.125572],[-122.969835,46.125502],[-122.969773,46.125469],[-122.969637,46.125484],[-122.969591,46.12551],[-122.969591,46.125633],[-122.969637,46.12566],[-122.969711,46.125662],[-122.969712,46.125883],[-122.969752,46.125926],[-122.970059,46.125926],[-122.970096,46.125894],[-122.9701,46.125842],[-122.970216,46.125818]],[[-122.971006,46.124762],[-122.971003,46.124711],[-122.970965,46.124679],[-122.970748,46.124672],[-122.970742,46.124616],[-122.970692,46.124585],[-122.970489,46.124582],[-122.970488,46.124451],[-122.970454,46.124411],[-122.97023,46.124402],[-122.970195,46.124321],[-122.970034,46.124313],[-122.96998,46.124341],[-122.969971,46.124402],[-122.969859,46.124422],[-122.969841,46.124492],[-122.96976,46.124496],[-122.969718,46.124525],[-122.969715,46.124724],[-122.96976,46.124758],[-122.969841,46.124762],[-122.969841,46.124852],[-122.969616,46.124848],[-122.969584,46.124882],[-122.969584,46.124988],[-122.969623,46.125026],[-122.969765,46.125056],[-122.969841,46.125032],[-122.969971,46.125032],[-122.969988,46.125102],[-122.9701,46.125122],[-122.970134,46.125203],[-122.970229,46.125212],[-122.970258,46.12529],[-122.970359,46.125302],[-122.970387,46.12538],[-122.970555,46.125391],[-122.970608,46.125364],[-122.970618,46.125302],[-122.970729,46.125282],[-122.970747,46.125212],[-122.970864,46.125188],[-122.970877,46.125032],[-122.971073,46.125031],[-122.971126,46.125004],[-122.971132,46.124801],[-122.971088,46.124766],[-122.971006,46.124762]],[[-122.969969,46.122474],[-122.969989,46.122372],[-122.969945,46.122336],[-122.969781,46.122319],[-122.969719,46.122352],[-122.969715,46.122468],[-122.969761,46.122508],[-122.969931,46.122506],[-122.969969,46.122474]],[[-122.970152,46.124042],[-122.970227,46.124004],[-122.970221,46.123891],[-122.970168,46.123863],[-122.970012,46.123868],[-122.969973,46.123905],[-122.96998,46.124013],[-122.970034,46.124041],[-122.970152,46.124042]],[[-122.970358,46.126562],[-122.970377,46.126517],[-122.970344,46.126482],[-122.970279,46.126472],[-122.970226,46.126493],[-122.97021,46.126533],[-122.970247,46.126576],[-122.970305,46.126586],[-122.970358,46.126562]],[[-122.970637,46.122112],[-122.970616,46.12201],[-122.970578,46.121979],[-122.970409,46.121976],[-122.970362,46.122016],[-122.970366,46.122132],[-122.970428,46.122166],[-122.970592,46.122148],[-122.970637,46.122112]],[[-122.971006,46.125842],[-122.970983,46.125768],[-122.970876,46.125752],[-122.970854,46.125498],[-122.970799,46.125482],[-122.970511,46.125498],[-122.970488,46.125536],[-122.970488,46.125932],[-122.970454,46.125985],[-122.970505,46.126092],[-122.970617,46.126112],[-122.97065,46.126206],[-122.970842,46.126193],[-122.970876,46.126112],[-122.970971,46.126103],[-122.971006,46.126022],[-122.971122,46.125998],[-122.971126,46.125871],[-122.97108,46.125845],[-122.971006,46.125842]],[[-122.970897,46.121567],[-122.970873,46.121466],[-122.970823,46.121435],[-122.970662,46.121433],[-122.970603,46.121472],[-122.970626,46.121579],[-122.970675,46.12161],[-122.970865,46.121603],[-122.970897,46.121567]],[[-122.97094,46.121959],[-122.970772,46.121988],[-122.970716,46.122094],[-122.970729,46.122139],[-122.970795,46.122175],[-122.97096,46.122148],[-122.971004,46.122114],[-122.970995,46.121983],[-122.97094,46.121959]],[[-122.972336,46.122476],[-122.972273,46.122345],[-122.972043,46.122332],[-122.972034,46.122271],[-122.971973,46.122243],[-122.9712,46.122243],[-122.971146,46.122271],[-122.971137,46.122332],[-122.971019,46.122343],[-122.971002,46.122276],[-122.970952,46.122245],[-122.970809,46.12223],[-122.970749,46.122277],[-122.97075,46.122379],[-122.970783,46.122413],[-122.970997,46.122411],[-122.971013,46.122492],[-122.971061,46.122523],[-122.971266,46.122512],[-122.971266,46.122602],[-122.971171,46.122611],[-122.971137,46.122692],[-122.971062,46.122695],[-122.971017,46.122721],[-122.971025,46.122853],[-122.971137,46.122872],[-122.97115,46.122938],[-122.971266,46.122962],[-122.971272,46.123019],[-122.971314,46.123048],[-122.971456,46.123076],[-122.971525,46.123052],[-122.971654,46.123052],[-122.971672,46.123123],[-122.971784,46.123143],[-122.971793,46.123204],[-122.971854,46.123232],[-122.972,46.123231],[-122.97205,46.123208],[-122.972042,46.123011],[-122.971988,46.122965],[-122.971784,46.122962],[-122.971784,46.122873],[-122.972097,46.122886],[-122.972155,46.122866],[-122.972169,46.122731],[-122.972124,46.122697],[-122.972043,46.122692],[-122.972043,46.122603],[-122.972279,46.122587],[-122.972336,46.122476]],[[-122.971154,46.121753],[-122.971109,46.121625],[-122.970939,46.1216],[-122.970884,46.121632],[-122.970861,46.121752],[-122.970921,46.121791],[-122.971103,46.12179],[-122.971154,46.121753]],[[-122.971524,46.125032],[-122.971521,46.124981],[-122.971483,46.124949],[-122.971313,46.124946],[-122.971271,46.124976],[-122.971265,46.125032],[-122.971149,46.125056],[-122.971135,46.125122],[-122.971024,46.125142],[-122.971006,46.125212],[-122.970894,46.125232],[-122.970882,46.125359],[-122.970924,46.125388],[-122.971006,46.125392],[-122.971034,46.12547],[-122.971346,46.125478],[-122.971388,46.125449],[-122.971394,46.125392],[-122.971511,46.125368],[-122.971524,46.125303],[-122.971636,46.125283],[-122.97165,46.125071],[-122.971605,46.125037],[-122.971524,46.125032]],[[-122.971284,46.124087],[-122.97126,46.123986],[-122.97121,46.123955],[-122.971062,46.123955],[-122.97101,46.123991],[-122.97101,46.124094],[-122.971062,46.12413],[-122.971252,46.124123],[-122.971284,46.124087]],[[-122.971788,46.121952],[-122.971756,46.121805],[-122.971601,46.121779],[-122.971534,46.121808],[-122.971525,46.121882],[-122.9713,46.121878],[-122.971232,46.122015],[-122.97128,46.122128],[-122.971337,46.122152],[-122.971491,46.122143],[-122.971525,46.122062],[-122.971642,46.122038],[-122.971655,46.121972],[-122.971788,46.121952]],[[-122.971576,46.123682],[-122.971651,46.123644],[-122.971645,46.123531],[-122.971592,46.123503],[-122.971435,46.123496],[-122.971396,46.123537],[-122.971404,46.123654],[-122.971458,46.123681],[-122.971576,46.123682]],[[-122.971802,46.124447],[-122.97177,46.124336],[-122.971654,46.124312],[-122.97165,46.124261],[-122.971613,46.124229],[-122.971457,46.124223],[-122.971404,46.124251],[-122.971404,46.124374],[-122.97145,46.1244],[-122.971524,46.124402],[-122.971528,46.124454],[-122.971565,46.124486],[-122.971763,46.124486],[-122.971802,46.124447]],[[-122.972222,46.127463],[-122.972296,46.127424],[-122.972286,46.127307],[-122.972237,46.127284],[-122.972025,46.127275],[-122.972037,46.127141],[-122.971993,46.127107],[-122.971911,46.127103],[-122.971911,46.126958],[-122.971884,46.126922],[-122.971829,46.126909],[-122.971687,46.126932],[-122.971652,46.127012],[-122.971571,46.127017],[-122.971529,46.127046],[-122.971536,46.127168],[-122.971652,46.127193],[-122.971658,46.127249],[-122.9717,46.127278],[-122.971927,46.12729],[-122.971911,46.127414],[-122.971945,46.127453],[-122.972222,46.127463]],[[-122.97298,46.125631],[-122.972939,46.125498],[-122.97288,46.125469],[-122.972689,46.125483],[-122.97262,46.125459],[-122.972559,46.125483],[-122.972355,46.125485],[-122.972306,46.125516],[-122.972298,46.125573],[-122.972171,46.125573],[-122.972165,46.125503],[-122.972118,46.125472],[-122.971967,46.125485],[-122.971918,46.125516],[-122.971912,46.125572],[-122.971796,46.125597],[-122.971782,46.125662],[-122.971671,46.125682],[-122.971653,46.125752],[-122.971541,46.125772],[-122.971527,46.125894],[-122.971586,46.125931],[-122.971782,46.125933],[-122.971788,46.125989],[-122.971837,46.12602],[-122.972128,46.126022],[-122.972189,46.125978],[-122.972171,46.125843],[-122.972277,46.125827],[-122.9723,46.125753],[-122.972428,46.125753],[-122.972426,46.125912],[-122.972479,46.125932],[-122.972633,46.12593],[-122.972682,46.125899],[-122.972707,46.125798],[-122.972661,46.125757],[-122.972543,46.125745],[-122.972559,46.125663],[-122.972818,46.125663],[-122.972909,46.125684],[-122.97298,46.125631]],[[-122.972462,46.122126],[-122.972414,46.121992],[-122.972302,46.121973],[-122.972293,46.121911],[-122.972232,46.121883],[-122.972078,46.121892],[-122.972043,46.121972],[-122.971955,46.121979],[-122.971914,46.122021],[-122.97192,46.122119],[-122.971984,46.122152],[-122.972302,46.122153],[-122.972386,46.122175],[-122.972462,46.122126]],[[-122.972594,46.124186],[-122.972554,46.124076],[-122.972519,46.124049],[-122.972301,46.124043],[-122.972288,46.123977],[-122.972172,46.123953],[-122.972168,46.123901],[-122.972131,46.123869],[-122.971988,46.123849],[-122.971922,46.123878],[-122.971922,46.124014],[-122.971968,46.12404],[-122.972042,46.124043],[-122.972042,46.124133],[-122.972008,46.124186],[-122.972083,46.124306],[-122.972232,46.124337],[-122.972301,46.124313],[-122.97252,46.12432],[-122.972594,46.124186]],[[-122.972169,46.125211],[-122.972118,46.125189],[-122.97206,46.125199],[-122.972022,46.125241],[-122.972038,46.125282],[-122.972091,46.125302],[-122.972163,46.12529],[-122.972191,46.125252],[-122.972169,46.125211]],[[-122.972352,46.125033],[-122.972427,46.124994],[-122.972421,46.124881],[-122.972368,46.124854],[-122.972212,46.124859],[-122.972173,46.124896],[-122.97218,46.125004],[-122.972234,46.125032],[-122.972352,46.125033]],[[-122.97247,46.127276],[-122.972757,46.127295],[-122.972808,46.127268],[-122.9728,46.127123],[-122.972688,46.127103],[-122.972682,46.127046],[-122.97264,46.127017],[-122.972429,46.127013],[-122.972429,46.126881],[-122.972395,46.126842],[-122.972199,46.126845],[-122.97217,46.126887],[-122.972188,46.127083],[-122.972299,46.127103],[-122.972313,46.127169],[-122.972429,46.127193],[-122.972432,46.127244],[-122.97247,46.127276]],[[-122.972869,46.127823],[-122.972945,46.127779],[-122.972945,46.127686],[-122.972912,46.127652],[-122.972569,46.127654],[-122.972549,46.127581],[-122.972496,46.127554],[-122.972362,46.127554],[-122.972312,46.127577],[-122.9723,46.127684],[-122.972334,46.127724],[-122.972547,46.127722],[-122.972564,46.127789],[-122.972613,46.12782],[-122.972869,46.127823]],[[-122.972765,46.122887],[-122.972901,46.122869],[-122.972943,46.122839],[-122.972926,46.122709],[-122.972871,46.122693],[-122.972701,46.122704],[-122.972684,46.122636],[-122.972635,46.122605],[-122.972454,46.122618],[-122.972431,46.122657],[-122.972454,46.122767],[-122.972509,46.122783],[-122.972679,46.122772],[-122.972712,46.12287],[-122.972765,46.122887]],[[-122.973596,46.123683],[-122.973573,46.123609],[-122.973466,46.123593],[-122.973453,46.123527],[-122.973337,46.123503],[-122.973308,46.123425],[-122.973207,46.123413],[-122.973208,46.123233],[-122.973308,46.123221],[-122.973337,46.123143],[-122.973438,46.123131],[-122.973466,46.123053],[-122.973555,46.123047],[-122.973595,46.123004],[-122.973587,46.122901],[-122.973541,46.122875],[-122.973467,46.122873],[-122.973444,46.122799],[-122.973263,46.122785],[-122.973214,46.122816],[-122.973208,46.122873],[-122.973091,46.122897],[-122.973078,46.122963],[-122.972962,46.122987],[-122.972949,46.123143],[-122.972842,46.123159],[-122.972819,46.123233],[-122.972703,46.123257],[-122.97269,46.123323],[-122.972501,46.123323],[-122.972448,46.123342],[-122.972434,46.123464],[-122.972479,46.123499],[-122.97256,46.123503],[-122.972563,46.123554],[-122.972601,46.123586],[-122.972819,46.123593],[-122.972832,46.123749],[-122.972948,46.123773],[-122.972961,46.123839],[-122.973078,46.123863],[-122.973084,46.123919],[-122.973133,46.12395],[-122.973411,46.123951],[-122.97346,46.12392],[-122.973466,46.123863],[-122.973696,46.123851],[-122.973725,46.123814],[-122.973719,46.123716],[-122.973677,46.123687],[-122.973596,46.123683]],[[-122.97274,46.126293],[-122.972814,46.126254],[-122.972809,46.126141],[-122.972755,46.126114],[-122.9726,46.126119],[-122.97256,46.126156],[-122.972568,46.126264],[-122.972621,46.126292],[-122.97274,46.126293]],[[-122.973354,46.126878],[-122.973318,46.126763],[-122.973206,46.126743],[-122.973193,46.126677],[-122.973076,46.126653],[-122.973073,46.126601],[-122.973035,46.126569],[-122.972818,46.126563],[-122.972749,46.126539],[-122.972664,46.12658],[-122.972656,46.126621],[-122.972711,46.126727],[-122.972947,46.126743],[-122.97296,46.126809],[-122.973076,46.126833],[-122.97308,46.126885],[-122.973117,46.126916],[-122.973315,46.126916],[-122.973354,46.126878]],[[-122.973585,46.126458],[-122.973613,46.126338],[-122.97358,46.126302],[-122.973335,46.126293],[-122.973313,46.126219],[-122.97319,46.126195],[-122.973203,46.126061],[-122.973158,46.126027],[-122.973061,46.126015],[-122.973061,46.12594],[-122.973193,46.125909],[-122.973203,46.125791],[-122.973144,46.125754],[-122.972982,46.125762],[-122.972948,46.125802],[-122.972963,46.125925],[-122.972913,46.125986],[-122.972963,46.12603],[-122.972956,46.126174],[-122.973092,46.12621],[-122.973069,46.126358],[-122.973111,46.12638],[-122.973206,46.126383],[-122.973212,46.12644],[-122.973254,46.126469],[-122.973512,46.126487],[-122.973585,46.126458]],[[-122.973074,46.127461],[-122.973023,46.127439],[-122.972965,46.127449],[-122.972927,46.127492],[-122.972943,46.127532],[-122.972996,46.127553],[-122.973068,46.12754],[-122.973096,46.127502],[-122.973074,46.127461]],[[-122.973725,46.124403],[-122.973719,46.124346],[-122.973677,46.124317],[-122.973389,46.124302],[-122.973342,46.124333],[-122.973336,46.124403],[-122.973235,46.124415],[-122.973207,46.124493],[-122.973118,46.124499],[-122.973079,46.124536],[-122.973086,46.124824],[-122.973132,46.12485],[-122.973207,46.124853],[-122.973224,46.124923],[-122.973336,46.124943],[-122.973354,46.125013],[-122.973465,46.125033],[-122.973475,46.125094],[-122.973528,46.125122],[-122.973683,46.125117],[-122.973721,46.125085],[-122.973724,46.125033],[-122.973813,46.125027],[-122.973852,46.12499],[-122.973853,46.124446],[-122.973813,46.124409],[-122.973725,46.124403]],[[-122.973354,46.127328],[-122.973329,46.127226],[-122.97328,46.127195],[-122.973131,46.127195],[-122.973079,46.127231],[-122.973079,46.127335],[-122.973131,46.127371],[-122.973321,46.127363],[-122.973354,46.127328]],[[-122.97337,46.125834],[-122.973534,46.125855],[-122.973586,46.125828],[-122.973589,46.125696],[-122.973547,46.125667],[-122.973465,46.125663],[-122.973465,46.125532],[-122.973437,46.125495],[-122.973254,46.125487],[-122.973207,46.125532],[-122.973212,46.12572],[-122.973254,46.125749],[-122.973336,46.125753],[-122.97337,46.125834]],[[-122.973466,46.124223],[-122.973485,46.124178],[-122.973452,46.124142],[-122.973386,46.124133],[-122.973333,46.124153],[-122.973317,46.124194],[-122.973355,46.124236],[-122.973412,46.124246],[-122.973466,46.124223]],[[-122.973516,46.127823],[-122.97359,46.127785],[-122.973584,46.127672],[-122.973531,46.127644],[-122.973376,46.127649],[-122.973336,46.127686],[-122.973344,46.127794],[-122.973397,46.127822],[-122.973516,46.127823]],[[-122.974001,46.127238],[-122.973965,46.127123],[-122.973853,46.127103],[-122.97384,46.127037],[-122.973723,46.127013],[-122.973689,46.126932],[-122.973515,46.126923],[-122.973457,46.126948],[-122.973478,46.127079],[-122.973594,46.127103],[-122.973628,46.127184],[-122.973723,46.127193],[-122.973758,46.127274],[-122.973962,46.127276],[-122.974001,46.127238]],[[-122.974276,46.127004],[-122.97444,46.127026],[-122.974494,46.126993],[-122.974477,46.126849],[-122.974371,46.126833],[-122.974365,46.126776],[-122.974323,46.126747],[-122.974123,46.126754],[-122.97411,46.126607],[-122.974071,46.126569],[-122.973806,46.126549],[-122.973745,46.126566],[-122.973724,46.126689],[-122.973746,46.126727],[-122.973853,46.126743],[-122.973859,46.1268],[-122.973901,46.126829],[-122.974101,46.126822],[-122.974134,46.126907],[-122.974241,46.126923],[-122.974276,46.127004]],[[-122.974131,46.125438],[-122.974107,46.125336],[-122.974057,46.125305],[-122.973909,46.125305],[-122.973857,46.125341],[-122.973857,46.125445],[-122.973909,46.125481],[-122.974099,46.125474],[-122.974131,46.125438]],[[-122.974372,46.123903],[-122.974312,46.123851],[-122.974168,46.123865],[-122.974119,46.123896],[-122.974113,46.123953],[-122.974032,46.123957],[-122.97399,46.123986],[-122.973999,46.124305],[-122.973949,46.124361],[-122.973999,46.124411],[-122.973989,46.124473],[-122.97403,46.124502],[-122.974095,46.124502],[-122.974143,46.124466],[-122.97414,46.124425],[-122.974097,46.124395],[-122.974097,46.124321],[-122.974194,46.124309],[-122.974236,46.12428],[-122.974277,46.124181],[-122.974243,46.124133],[-122.974243,46.124043],[-122.974359,46.124019],[-122.974372,46.123903]],[[-122.974796,46.122561],[-122.974755,46.122456],[-122.974713,46.122427],[-122.97445,46.122423],[-122.974386,46.122447],[-122.974373,46.122513],[-122.974032,46.122517],[-122.973985,46.122562],[-122.97399,46.12275],[-122.974047,46.122782],[-122.974181,46.122782],[-122.974234,46.122754],[-122.974243,46.122693],[-122.974372,46.122693],[-122.974376,46.122745],[-122.974414,46.122777],[-122.974583,46.122779],[-122.974626,46.12275],[-122.974632,46.122693],[-122.974706,46.122691],[-122.974752,46.122665],[-122.974796,46.122561]],[[-122.974372,46.123503],[-122.974367,46.123433],[-122.974319,46.123402],[-122.974168,46.123415],[-122.974117,46.123451],[-122.974119,46.12356],[-122.974161,46.123589],[-122.974243,46.123593],[-122.974244,46.123743],[-122.97431,46.123786],[-122.974454,46.123769],[-122.9745,46.12373],[-122.974496,46.123536],[-122.974454,46.123507],[-122.974372,46.123503]],[[-122.974647,46.126523],[-122.974612,46.126403],[-122.9745,46.126383],[-122.974466,46.126302],[-122.974371,46.126293],[-122.974343,46.126215],[-122.974195,46.126189],[-122.974129,46.12621],[-122.974121,46.126355],[-122.974167,46.126381],[-122.974241,46.126383],[-122.974276,46.126464],[-122.974371,46.126473],[-122.974399,46.126551],[-122.974602,46.126559],[-122.974647,46.126523]],[[-122.97659,46.127059],[-122.976571,46.126924],[-122.97666,46.126917],[-122.976699,46.12688],[-122.976688,46.126678],[-122.976571,46.126654],[-122.976537,46.126573],[-122.976442,46.126564],[-122.976413,46.126486],[-122.976313,46.126473],[-122.976278,46.126393],[-122.976054,46.126383],[-122.976036,46.126313],[-122.975924,46.126293],[-122.97589,46.126213],[-122.975795,46.126203],[-122.975766,46.126126],[-122.975665,46.126113],[-122.975637,46.126036],[-122.975407,46.126023],[-122.975384,46.125949],[-122.975277,46.125933],[-122.975243,46.125852],[-122.975148,46.125843],[-122.975144,46.125702],[-122.9751,46.125667],[-122.975018,46.125663],[-122.975019,46.125573],[-122.975125,46.125557],[-122.975148,46.125483],[-122.975379,46.125484],[-122.975406,46.125448],[-122.975401,46.125337],[-122.975359,46.125307],[-122.975278,46.125303],[-122.975243,46.125222],[-122.975148,46.125213],[-122.97512,46.125136],[-122.975019,46.125123],[-122.975018,46.124978],[-122.974986,46.124939],[-122.974665,46.124952],[-122.974632,46.124987],[-122.97463,46.125123],[-122.974596,46.125166],[-122.97463,46.125213],[-122.97463,46.125393],[-122.974556,46.125395],[-122.97451,46.125422],[-122.974501,46.125573],[-122.9744,46.125585],[-122.974371,46.125663],[-122.974283,46.125669],[-122.974243,46.125707],[-122.974255,46.125819],[-122.974371,46.125843],[-122.974384,46.125999],[-122.974441,46.126023],[-122.97463,46.126023],[-122.974648,46.126093],[-122.974759,46.126113],[-122.974777,46.126183],[-122.974889,46.126203],[-122.974902,46.126269],[-122.975018,46.126293],[-122.975053,46.126374],[-122.975277,46.126383],[-122.975295,46.126544],[-122.975347,46.126563],[-122.975536,46.126563],[-122.975558,46.126638],[-122.975665,46.126653],[-122.975678,46.126719],[-122.975794,46.126744],[-122.975823,46.126821],[-122.975924,46.126834],[-122.975924,46.126965],[-122.975958,46.127004],[-122.976312,46.127014],[-122.976325,46.12708],[-122.97639,46.127104],[-122.976557,46.127094],[-122.97659,46.127059]],[[-122.974882,46.127623],[-122.974896,46.127488],[-122.974853,46.127466],[-122.974759,46.127463],[-122.974755,46.127412],[-122.974718,46.12738],[-122.974562,46.127374],[-122.974509,46.127402],[-122.97448,46.127593],[-122.97452,46.127637],[-122.974835,46.127654],[-122.974882,46.127623]],[[-122.975006,46.124649],[-122.975038,46.124538],[-122.974998,46.1245],[-122.974795,46.124502],[-122.97476,46.124583],[-122.974679,46.124587],[-122.974636,46.124616],[-122.974643,46.124752],[-122.974706,46.124777],[-122.974855,46.124754],[-122.974889,46.124673],[-122.975006,46.124649]],[[-122.975018,46.126743],[-122.975037,46.126698],[-122.975004,46.126663],[-122.974931,46.126654],[-122.974881,46.126678],[-122.974871,46.12672],[-122.974907,46.126757],[-122.974965,46.126767],[-122.975018,46.126743]],[[-122.97502,46.123683],[-122.975038,46.123638],[-122.975006,46.123603],[-122.974932,46.123594],[-122.974882,46.123618],[-122.974872,46.12366],[-122.974908,46.123697],[-122.974966,46.123707],[-122.97502,46.123683]],[[-122.975295,46.127598],[-122.975254,46.127479],[-122.975101,46.127441],[-122.975036,46.12745],[-122.974985,46.127495],[-122.975023,46.12761],[-122.975073,46.127641],[-122.975263,46.127634],[-122.975295,46.127598]],[[-122.975407,46.124313],[-122.975643,46.124298],[-122.975666,46.124259],[-122.975644,46.124149],[-122.975589,46.124133],[-122.975306,46.124146],[-122.975278,46.124223],[-122.975183,46.124232],[-122.975148,46.124313],[-122.975074,46.124316],[-122.975028,46.124342],[-122.975031,46.124483],[-122.975094,46.124507],[-122.975243,46.124484],[-122.975278,46.124403],[-122.975394,46.124379],[-122.975407,46.124313]],[[-122.975408,46.122603],[-122.975402,46.122547],[-122.97536,46.122517],[-122.975217,46.1225],[-122.975155,46.122533],[-122.975158,46.122665],[-122.975204,46.122691],[-122.975279,46.122693],[-122.975284,46.122763],[-122.975339,46.122796],[-122.975489,46.122779],[-122.975536,46.12274],[-122.975524,46.122627],[-122.975408,46.122603]],[[-122.976201,46.128049],[-122.976182,46.127872],[-122.976148,46.127833],[-122.975794,46.127823],[-122.975781,46.127757],[-122.975665,46.127733],[-122.975659,46.127677],[-122.97561,46.127646],[-122.975448,46.127644],[-122.975398,46.127668],[-122.975406,46.127865],[-122.97544,46.127904],[-122.975665,46.127914],[-122.975693,46.127991],[-122.975923,46.128004],[-122.975933,46.128065],[-122.975986,46.128092],[-122.976169,46.128084],[-122.976201,46.128049]],[[-122.975664,46.125571],[-122.975612,46.12555],[-122.975554,46.12556],[-122.975517,46.125602],[-122.975533,46.125643],[-122.975586,46.125663],[-122.975658,46.125651],[-122.975685,46.125613],[-122.975664,46.125571]],[[-122.976055,46.122873],[-122.976049,46.122817],[-122.976007,46.122788],[-122.975729,46.122784],[-122.97567,46.122822],[-122.975668,46.12292],[-122.975708,46.122957],[-122.975796,46.122963],[-122.975831,46.123044],[-122.976002,46.123077],[-122.976143,46.123047],[-122.976183,46.12301],[-122.976171,46.122897],[-122.976055,46.122873]],[[-122.976054,46.125933],[-122.976073,46.125889],[-122.97604,46.125853],[-122.975967,46.125845],[-122.975917,46.125868],[-122.975907,46.12591],[-122.975943,46.125947],[-122.976001,46.125957],[-122.976054,46.125933]],[[-122.975972,46.127459],[-122.976115,46.127477],[-122.97617,46.127453],[-122.976179,46.127322],[-122.976128,46.127286],[-122.975979,46.127286],[-122.975927,46.127322],[-122.975927,46.127425],[-122.975972,46.127459]],[[-122.976493,46.128724],[-122.976569,46.12868],[-122.976567,46.128492],[-122.976515,46.128456],[-122.976365,46.128443],[-122.976317,46.128473],[-122.976311,46.128544],[-122.976237,46.128546],[-122.976191,46.128572],[-122.976185,46.128685],[-122.976245,46.128723],[-122.976493,46.128724]],[[-122.976372,46.128196],[-122.976515,46.128181],[-122.976561,46.128155],[-122.976565,46.128037],[-122.976508,46.128005],[-122.976339,46.128008],[-122.976292,46.128054],[-122.976317,46.128164],[-122.976372,46.128196]],[[-122.976493,46.127734],[-122.976567,46.127695],[-122.976558,46.127578],[-122.976501,46.127554],[-122.976326,46.127563],[-122.976292,46.127609],[-122.976325,46.12771],[-122.976374,46.127733],[-122.976493,46.127734]],[[-122.976513,46.124223],[-122.976771,46.124236],[-122.976822,46.124208],[-122.976814,46.124063],[-122.976761,46.124044],[-122.976572,46.124044],[-122.976519,46.12402],[-122.976455,46.124033],[-122.976408,46.124091],[-122.97646,46.124204],[-122.976513,46.124223]],[[-122.976881,46.128004],[-122.976956,46.127965],[-122.97695,46.127852],[-122.976897,46.127825],[-122.976741,46.12783],[-122.976702,46.127867],[-122.976709,46.127975],[-122.976763,46.128003],[-122.976881,46.128004]],[[-122.977865,46.128044],[-122.977805,46.127991],[-122.977606,46.128004],[-122.977583,46.12793],[-122.977477,46.127914],[-122.977442,46.127833],[-122.977347,46.127824],[-122.977348,46.127734],[-122.977544,46.127733],[-122.977597,46.127705],[-122.977605,46.127597],[-122.977565,46.12756],[-122.977273,46.127556],[-122.977224,46.127587],[-122.977218,46.127644],[-122.977009,46.127644],[-122.976951,46.127669],[-122.976977,46.127804],[-122.977088,46.127824],[-122.977106,46.127894],[-122.977218,46.127914],[-122.977236,46.127984],[-122.977347,46.128004],[-122.97736,46.12807],[-122.977477,46.128094],[-122.97748,46.128145],[-122.977518,46.128177],[-122.977824,46.128178],[-122.977864,46.12814],[-122.977865,46.128044]],[[-122.977269,46.128634],[-122.977346,46.12859],[-122.977346,46.128497],[-122.977319,46.128466],[-122.977036,46.128454],[-122.976976,46.128473],[-122.976959,46.128585],[-122.976987,46.128621],[-122.977269,46.128634]],[[-122.97714,46.128184],[-122.977214,46.128145],[-122.977209,46.128032],[-122.977155,46.128005],[-122.977,46.12801],[-122.97696,46.128047],[-122.976968,46.128155],[-122.977021,46.128183],[-122.97714,46.128184]],[[-122.977529,46.126924],[-122.977605,46.12688],[-122.977603,46.126692],[-122.977552,46.126656],[-122.977403,46.126656],[-122.977354,46.126687],[-122.977348,46.126744],[-122.977253,46.126746],[-122.977207,46.126773],[-122.977222,46.126885],[-122.977281,46.126923],[-122.977529,46.126924]],[[-122.977604,46.128812],[-122.977537,46.12879],[-122.977465,46.128825],[-122.977231,46.128823],[-122.977198,46.12887],[-122.97723,46.128983],[-122.977293,46.129008],[-122.977442,46.128985],[-122.977487,46.128893],[-122.977564,46.128903],[-122.977614,46.128879],[-122.977604,46.128812]],[[-122.97764,46.127247],[-122.977601,46.127137],[-122.977559,46.127108],[-122.97737,46.12712],[-122.977313,46.127236],[-122.97737,46.127358],[-122.977425,46.127374],[-122.977584,46.127358],[-122.97764,46.127247]],[[-122.977754,46.130029],[-122.977729,46.129914],[-122.977682,46.129883],[-122.977531,46.129896],[-122.977479,46.129932],[-122.977479,46.130036],[-122.977531,46.130072],[-122.977721,46.130064],[-122.977754,46.130029]],[[-122.977787,46.129084],[-122.977861,46.129046],[-122.977856,46.128932],[-122.977802,46.128905],[-122.977645,46.128897],[-122.977606,46.128939],[-122.977615,46.129055],[-122.977668,46.129083],[-122.977787,46.129084]],[[-122.978047,46.127464],[-122.978121,46.127426],[-122.978111,46.127308],[-122.978054,46.127284],[-122.977879,46.127293],[-122.977846,46.12734],[-122.977878,46.12744],[-122.977928,46.127463],[-122.978047,46.127464]],[[-122.978891,46.130136],[-122.978908,46.130009],[-122.978865,46.129987],[-122.978771,46.129984],[-122.978767,46.129919],[-122.978724,46.129885],[-122.978253,46.129894],[-122.978272,46.129759],[-122.978218,46.129716],[-122.978035,46.12972],[-122.977997,46.129752],[-122.977994,46.129804],[-122.977912,46.129808],[-122.977868,46.129842],[-122.977887,46.129968],[-122.978123,46.129984],[-122.978136,46.13005],[-122.978253,46.130074],[-122.978259,46.130131],[-122.978308,46.130162],[-122.978837,46.130163],[-122.978891,46.130136]],[[-122.978401,46.129039],[-122.978377,46.128937],[-122.978327,46.128906],[-122.978179,46.128906],[-122.978127,46.128942],[-122.978127,46.129046],[-122.978179,46.129082],[-122.978369,46.129075],[-122.978401,46.129039]],[[-122.978306,46.129725],[-122.978499,46.12969],[-122.978508,46.129572],[-122.978457,46.129536],[-122.978308,46.129536],[-122.978254,46.129577],[-122.978256,46.129689],[-122.978306,46.129725]],[[-122.978563,46.130884],[-122.978637,46.130846],[-122.978628,46.130728],[-122.978571,46.130704],[-122.978396,46.130714],[-122.978362,46.13076],[-122.978395,46.13086],[-122.978444,46.130883],[-122.978563,46.130884]],[[-122.978558,46.127667],[-122.978758,46.12762],[-122.978768,46.127502],[-122.978716,46.127466],[-122.978568,46.127466],[-122.978518,46.127497],[-122.97848,46.127612],[-122.978558,46.127667]],[[-122.9789,46.125572],[-122.978848,46.12555],[-122.97879,46.125561],[-122.978753,46.125603],[-122.978769,46.125643],[-122.978822,46.125664],[-122.978894,46.125651],[-122.978921,46.125614],[-122.9789,46.125572]],[[-122.97903,46.128904],[-122.979049,46.128859],[-122.979016,46.128824],[-122.978943,46.128815],[-122.978893,46.128839],[-122.978883,46.128881],[-122.978919,46.128918],[-122.978977,46.128928],[-122.97903,46.128904]],[[-122.979159,46.128584],[-122.979099,46.128532],[-122.978935,46.128553],[-122.978901,46.128593],[-122.978913,46.1287],[-122.979069,46.128737],[-122.979126,46.128728],[-122.979158,46.128694],[-122.979159,46.128584]],[[-122.979208,46.12584],[-122.979352,46.125858],[-122.979407,46.125833],[-122.979416,46.125702],[-122.979364,46.125666],[-122.979216,46.125666],[-122.979164,46.125702],[-122.979164,46.125806],[-122.979208,46.12584]],[[-122.979418,46.130204],[-122.979357,46.130152],[-122.979193,46.130173],[-122.979159,46.130213],[-122.979172,46.13032],[-122.979229,46.130344],[-122.979383,46.130335],[-122.979416,46.130301],[-122.979418,46.130204]],[[-122.979519,46.129162],[-122.979565,46.129034],[-122.97952,46.128999],[-122.979222,46.128995],[-122.979162,46.129032],[-122.979161,46.129131],[-122.979207,46.12917],[-122.979365,46.129198],[-122.979519,46.129162]],[[-122.9796,46.127374],[-122.979655,46.127358],[-122.979677,46.127326],[-122.979665,46.126948],[-122.9796,46.126924],[-122.979194,46.126933],[-122.97916,46.126978],[-122.979173,46.12726],[-122.97923,46.127284],[-122.979419,46.127284],[-122.979453,46.127365],[-122.9796,46.127374]],[[-122.97947,46.128454],[-122.979544,46.128416],[-122.979535,46.128298],[-122.979478,46.128274],[-122.979303,46.128284],[-122.979269,46.12833],[-122.979302,46.12843],[-122.979351,46.128453],[-122.97947,46.128454]],[[-122.982655,46.127285],[-122.982736,46.127281],[-122.982778,46.127251],[-122.982783,46.127058],[-122.982722,46.127016],[-122.982525,46.127015],[-122.982526,46.126835],[-122.98256,46.126787],[-122.982508,46.126674],[-122.982455,46.126655],[-122.982322,46.126657],[-122.982273,46.126688],[-122.982267,46.126745],[-122.982137,46.126745],[-122.982137,46.126655],[-122.982219,46.126651],[-122.982263,46.126616],[-122.982249,46.126494],[-122.982197,46.126475],[-122.982008,46.126475],[-122.98199,46.126314],[-122.981938,46.126295],[-122.981749,46.126294],[-122.981736,46.126229],[-122.98162,46.126204],[-122.981614,46.126148],[-122.981572,46.126119],[-122.981409,46.126119],[-122.981367,46.126148],[-122.981361,46.126204],[-122.981231,46.126204],[-122.981209,46.12613],[-122.981102,46.126114],[-122.981102,46.126024],[-122.981137,46.125977],[-122.981093,46.125873],[-122.981047,46.125847],[-122.980973,46.125844],[-122.980938,46.125764],[-122.980843,46.125754],[-122.980815,46.125677],[-122.980196,46.125664],[-122.98019,46.125608],[-122.980148,46.125578],[-122.979885,46.125574],[-122.979821,46.125598],[-122.979808,46.125664],[-122.979696,46.125684],[-122.979687,46.125816],[-122.979733,46.125842],[-122.979807,46.125844],[-122.979811,46.125986],[-122.979855,46.12602],[-122.979937,46.126024],[-122.97995,46.12618],[-122.980066,46.126204],[-122.980066,46.126564],[-122.980032,46.126617],[-122.980079,46.12672],[-122.980195,46.126744],[-122.980224,46.126822],[-122.980454,46.126834],[-122.980515,46.126858],[-122.980584,46.126834],[-122.980713,46.126834],[-122.980731,46.126995],[-122.980783,46.127014],[-122.980972,46.127014],[-122.980981,46.127076],[-122.981042,46.127104],[-122.981203,46.127092],[-122.981231,46.127015],[-122.981347,46.12699],[-122.981361,46.126925],[-122.981619,46.126925],[-122.981619,46.127014],[-122.981538,46.127019],[-122.981496,46.127048],[-122.981482,46.12717],[-122.981525,46.127192],[-122.981619,46.127195],[-122.98162,46.127326],[-122.981654,46.127365],[-122.982007,46.127375],[-122.982013,46.127431],[-122.982063,46.127462],[-122.982477,46.127461],[-122.982519,46.127431],[-122.982525,46.127375],[-122.982642,46.127351],[-122.982655,46.127285]],[[-122.982395,46.129085],[-122.982382,46.129019],[-122.982318,46.128995],[-122.982062,46.128997],[-122.982013,46.129028],[-122.982007,46.129085],[-122.981878,46.129085],[-122.981878,46.128995],[-122.981989,46.128975],[-122.982039,46.128847],[-122.981954,46.128791],[-122.981878,46.128815],[-122.981748,46.128815],[-122.981748,46.128725],[-122.981782,46.128672],[-122.981742,46.128578],[-122.9817,46.128549],[-122.981535,46.128522],[-122.981383,46.12856],[-122.98136,46.128634],[-122.981232,46.128635],[-122.981218,46.128555],[-122.98114,46.128531],[-122.981,46.128557],[-122.980971,46.128634],[-122.980747,46.128644],[-122.980713,46.128683],[-122.980712,46.128814],[-122.980601,46.128834],[-122.980564,46.128949],[-122.980625,46.128993],[-122.980842,46.128995],[-122.980842,46.129174],[-122.980735,46.12919],[-122.980712,46.129264],[-122.980359,46.129273],[-122.980326,46.129308],[-122.980326,46.129401],[-122.980387,46.129443],[-122.980712,46.129444],[-122.980735,46.129519],[-122.980842,46.129535],[-122.980864,46.129699],[-122.981101,46.129715],[-122.9811,46.129894],[-122.980994,46.12991],[-122.980971,46.129984],[-122.980855,46.130008],[-122.980842,46.130074],[-122.980712,46.130074],[-122.980695,46.130004],[-122.980583,46.129984],[-122.98057,46.129918],[-122.980453,46.129894],[-122.98045,46.129843],[-122.980412,46.129811],[-122.979977,46.129811],[-122.979937,46.129848],[-122.979935,46.129984],[-122.979854,46.129988],[-122.979809,46.130023],[-122.979806,46.130164],[-122.979724,46.130168],[-122.97968,46.130203],[-122.97969,46.13041],[-122.979806,46.130434],[-122.979823,46.130505],[-122.979935,46.130524],[-122.979948,46.13059],[-122.980065,46.130614],[-122.980068,46.130666],[-122.980106,46.130698],[-122.980453,46.130704],[-122.980459,46.130851],[-122.980501,46.13088],[-122.980582,46.130884],[-122.980586,46.130936],[-122.980623,46.130968],[-122.980786,46.130972],[-122.980835,46.130941],[-122.980841,46.130885],[-122.980971,46.130885],[-122.980974,46.130936],[-122.981012,46.130968],[-122.98123,46.130975],[-122.981243,46.131041],[-122.981359,46.131065],[-122.981394,46.131145],[-122.981583,46.131145],[-122.981618,46.131065],[-122.981734,46.131041],[-122.981748,46.130975],[-122.981859,46.130955],[-122.981877,46.130885],[-122.981989,46.130865],[-122.982006,46.130753],[-122.981965,46.130711],[-122.981877,46.130705],[-122.981849,46.130627],[-122.981748,46.130615],[-122.981747,46.130483],[-122.981719,46.130447],[-122.981489,46.130435],[-122.981489,46.130345],[-122.981595,46.130329],[-122.981618,46.130255],[-122.981725,46.130239],[-122.981748,46.130165],[-122.981849,46.130152],[-122.981877,46.130075],[-122.981978,46.130062],[-122.982007,46.129985],[-122.982108,46.129972],[-122.982136,46.129895],[-122.982237,46.129882],[-122.982266,46.129805],[-122.982361,46.129796],[-122.982395,46.129715],[-122.982469,46.129712],[-122.982515,46.129686],[-122.982524,46.129133],[-122.982484,46.129091],[-122.982395,46.129085]],[[-122.980584,46.127644],[-122.980672,46.127638],[-122.980712,46.127601],[-122.9807,46.127218],[-122.980643,46.127195],[-122.980325,46.127194],[-122.980323,46.127058],[-122.980277,46.127018],[-122.980127,46.12699],[-122.979971,46.127023],[-122.979937,46.127063],[-122.979937,46.127416],[-122.979977,46.127458],[-122.980066,46.127464],[-122.980079,46.12762],[-122.980195,46.127644],[-122.980204,46.127706],[-122.980265,46.127734],[-122.980536,46.12773],[-122.980578,46.127701],[-122.980584,46.127644]],[[-122.980406,46.128458],[-122.980248,46.128431],[-122.980088,46.12847],[-122.980065,46.128508],[-122.980088,46.128618],[-122.980256,46.128658],[-122.980431,46.128619],[-122.980448,46.128488],[-122.980406,46.128458]],[[-122.981091,46.131396],[-122.981117,46.131284],[-122.981065,46.131247],[-122.980652,46.131245],[-122.980588,46.131278],[-122.980583,46.131376],[-122.980645,46.131423],[-122.98103,46.131424],[-122.981091,46.131396]],[[-122.981412,46.127465],[-122.981486,46.127426],[-122.981481,46.127313],[-122.981427,46.127286],[-122.981272,46.127291],[-122.981232,46.127328],[-122.98124,46.127436],[-122.981293,46.127463],[-122.981412,46.127465]],[[-122.981896,46.131644],[-122.98186,46.131431],[-122.981802,46.131411],[-122.981666,46.131429],[-122.981619,46.131468],[-122.981607,46.131616],[-122.981434,46.131591],[-122.981371,46.131615],[-122.981364,46.131765],[-122.981426,46.131798],[-122.98157,46.13178],[-122.981612,46.131751],[-122.981629,46.131684],[-122.981869,46.131682],[-122.981896,46.131644]],[[-122.982784,46.127825],[-122.982775,46.127763],[-122.982722,46.127736],[-122.982185,46.127739],[-122.982143,46.127768],[-122.982137,46.127825],[-122.982036,46.127837],[-122.982007,46.127915],[-122.981906,46.127927],[-122.981878,46.128005],[-122.981777,46.128017],[-122.981748,46.128095],[-122.981653,46.128104],[-122.981619,46.128184],[-122.981537,46.128189],[-122.981493,46.128223],[-122.981486,46.128344],[-122.981619,46.128365],[-122.981636,46.128435],[-122.981748,46.128455],[-122.981761,46.128521],[-122.981878,46.128545],[-122.981912,46.128626],[-122.982136,46.128635],[-122.982146,46.128786],[-122.982192,46.128812],[-122.982266,46.128815],[-122.982272,46.128871],[-122.982321,46.128902],[-122.982592,46.128904],[-122.982651,46.128866],[-122.982653,46.128678],[-122.982613,46.128641],[-122.982525,46.128635],[-122.982525,46.128455],[-122.982606,46.128451],[-122.982651,46.128416],[-122.982655,46.128185],[-122.982749,46.128176],[-122.982784,46.128095],[-122.982865,46.128091],[-122.98291,46.128056],[-122.982908,46.127858],[-122.982866,46.127829],[-122.982784,46.127825]],[[-122.982525,46.130434],[-122.982544,46.130395],[-122.982522,46.130361],[-122.982395,46.130345],[-122.982415,46.130215],[-122.982368,46.130169],[-122.982182,46.130155],[-122.982139,46.130189],[-122.982136,46.130255],[-122.982055,46.130259],[-122.982012,46.130288],[-122.981987,46.130384],[-122.982034,46.13043],[-122.982384,46.130424],[-122.982456,46.130459],[-122.982525,46.130434]],[[-122.982259,46.131031],[-122.982284,46.13093],[-122.982251,46.130894],[-122.982061,46.130887],[-122.98201,46.130923],[-122.98201,46.131026],[-122.982061,46.131062],[-122.98221,46.131062],[-122.982259,46.131031]],[[-122.982527,46.129896],[-122.982456,46.129871],[-122.982294,46.129907],[-122.982246,46.130013],[-122.982267,46.130058],[-122.982323,46.130075],[-122.982496,46.130062],[-122.982558,46.129948],[-122.982527,46.129896]],[[-122.982524,46.130565],[-122.982464,46.130512],[-122.9823,46.130534],[-122.982266,46.130573],[-122.982278,46.130681],[-122.982335,46.130704],[-122.98249,46.130696],[-122.982523,46.130661],[-122.982524,46.130565]],[[-122.982835,46.131425],[-122.982909,46.131386],[-122.982903,46.131273],[-122.98285,46.131246],[-122.982693,46.131238],[-122.982654,46.13128],[-122.982663,46.131396],[-122.982716,46.131424],[-122.982835,46.131425]],[[-122.982965,46.127015],[-122.98304,46.126976],[-122.98303,46.126859],[-122.982973,46.126835],[-122.982798,46.126844],[-122.982764,46.126891],[-122.982797,46.126991],[-122.982847,46.127014],[-122.982965,46.127015]],[[-122.982806,46.129249],[-122.983112,46.129277],[-122.983166,46.129245],[-122.983149,46.129101],[-122.983094,46.129085],[-122.982806,46.129101],[-122.982784,46.129139],[-122.982806,46.129249]],[[-122.983742,46.128005],[-122.983816,46.127967],[-122.983806,46.127849],[-122.98369,46.127825],[-122.983656,46.127744],[-122.983561,46.127735],[-122.983532,46.127657],[-122.983431,46.127645],[-122.983403,46.127567],[-122.983302,46.127555],[-122.983274,46.127477],[-122.983173,46.127465],[-122.983183,46.127364],[-122.983431,46.127375],[-122.983492,46.127399],[-122.983656,46.127366],[-122.98369,46.127326],[-122.983668,46.127211],[-122.983561,46.127195],[-122.983558,46.127143],[-122.98352,46.127111],[-122.983365,46.127106],[-122.983311,46.127133],[-122.983302,46.127195],[-122.98319,46.127215],[-122.983162,46.127296],[-122.982862,46.127285],[-122.982807,46.127301],[-122.982784,46.127339],[-122.982807,46.127449],[-122.982913,46.127465],[-122.982931,46.127535],[-122.983043,46.127555],[-122.983077,46.127636],[-122.983172,46.127645],[-122.983201,46.127723],[-122.983302,46.127735],[-122.98333,46.127813],[-122.983431,46.127825],[-122.98346,46.127903],[-122.983561,46.127915],[-122.983589,46.127993],[-122.983742,46.128005]],[[-122.984113,46.128953],[-122.984065,46.128839],[-122.983949,46.128815],[-122.983926,46.128741],[-122.983819,46.128725],[-122.983819,46.128504],[-122.983778,46.128461],[-122.983233,46.128442],[-122.983178,46.128475],[-122.98317,46.128545],[-122.983043,46.128545],[-122.983037,46.128488],[-122.982988,46.128457],[-122.982852,46.128441],[-122.982793,46.12847],[-122.98279,46.128601],[-122.982832,46.128631],[-122.982913,46.128635],[-122.982948,46.128716],[-122.983301,46.128725],[-122.983307,46.128871],[-122.983349,46.128901],[-122.983431,46.128905],[-122.983434,46.12897],[-122.983477,46.129004],[-122.98369,46.128995],[-122.983718,46.129073],[-122.983903,46.129107],[-122.984065,46.129061],[-122.984113,46.128953]],[[-122.983094,46.130615],[-122.983168,46.130577],[-122.983158,46.130459],[-122.983101,46.130435],[-122.982926,46.130444],[-122.982893,46.130491],[-122.982926,46.130591],[-122.982975,46.130614],[-122.983094,46.130615]],[[-122.98356,46.129665],[-122.983492,46.129611],[-122.983172,46.129625],[-122.983137,46.129544],[-122.982975,46.129536],[-122.982914,46.129578],[-122.982914,46.129761],[-122.982975,46.129804],[-122.983172,46.129805],[-122.983178,46.129861],[-122.98322,46.129891],[-122.983368,46.129894],[-122.983421,46.129866],[-122.983431,46.129805],[-122.983505,46.129803],[-122.983551,46.129776],[-122.98356,46.129665]],[[-122.983483,46.128365],[-122.983557,46.128327],[-122.983547,46.128209],[-122.983491,46.128185],[-122.983315,46.128194],[-122.983282,46.128241],[-122.983315,46.128341],[-122.983364,46.128364],[-122.983483,46.128365]],[[-122.983611,46.132145],[-122.983687,46.132101],[-122.983687,46.132008],[-122.983661,46.131977],[-122.983378,46.131965],[-122.983318,46.131985],[-122.983301,46.132096],[-122.983329,46.132133],[-122.983611,46.132145]],[[-122.983563,46.129446],[-122.983506,46.129431],[-122.983448,46.129451],[-122.983431,46.1295],[-122.983458,46.129536],[-122.983521,46.129548],[-122.98358,46.129522],[-122.983594,46.129482],[-122.983563,46.129446]],[[-122.983612,46.130615],[-122.983686,46.130577],[-122.98368,46.130463],[-122.983627,46.130436],[-122.983472,46.130441],[-122.983432,46.130478],[-122.98344,46.130586],[-122.983493,46.130614],[-122.983612,46.130615]],[[-122.984467,46.127825],[-122.984548,46.127821],[-122.98459,46.127792],[-122.984596,46.127694],[-122.984568,46.127657],[-122.984337,46.127645],[-122.98432,46.127575],[-122.984208,46.127555],[-122.984195,46.127489],[-122.984079,46.127465],[-122.984073,46.127408],[-122.984031,46.127379],[-122.98376,46.127375],[-122.983708,46.127395],[-122.983699,46.127616],[-122.983745,46.127643],[-122.98382,46.127645],[-122.983854,46.127726],[-122.983949,46.127735],[-122.983977,46.127813],[-122.984078,46.127825],[-122.984107,46.127903],[-122.984412,46.127913],[-122.984461,46.127882],[-122.984467,46.127825]],[[-122.984466,46.129445],[-122.984541,46.129443],[-122.984587,46.129416],[-122.984578,46.129285],[-122.984526,46.129265],[-122.984337,46.129265],[-122.984302,46.129184],[-122.984148,46.129175],[-122.984087,46.129203],[-122.984078,46.129265],[-122.984004,46.129267],[-122.983958,46.129293],[-122.983948,46.129445],[-122.983915,46.129498],[-122.983977,46.129613],[-122.984154,46.129649],[-122.984314,46.129609],[-122.984337,46.129535],[-122.984453,46.129511],[-122.984466,46.129445]],[[-122.984651,46.130703],[-122.984801,46.130716],[-122.984853,46.130675],[-122.984841,46.130549],[-122.984709,46.130517],[-122.984725,46.130435],[-122.984806,46.130431],[-122.984848,46.130402],[-122.984845,46.130284],[-122.984792,46.130256],[-122.984658,46.130256],[-122.984605,46.130284],[-122.984595,46.130345],[-122.984337,46.130345],[-122.984337,46.130255],[-122.984418,46.130251],[-122.98446,46.130222],[-122.984465,46.130118],[-122.984404,46.130076],[-122.984248,46.130081],[-122.984211,46.130113],[-122.984207,46.130165],[-122.984112,46.130174],[-122.984078,46.130255],[-122.983996,46.130259],[-122.983952,46.130293],[-122.983948,46.130525],[-122.983914,46.130573],[-122.983957,46.130676],[-122.984011,46.130704],[-122.984207,46.130705],[-122.984242,46.130786],[-122.984428,46.130816],[-122.984501,46.130753],[-122.984466,46.130705],[-122.984466,46.130525],[-122.984595,46.130525],[-122.984605,46.130676],[-122.984651,46.130703]],[[-122.984485,46.12823],[-122.984461,46.128128],[-122.984412,46.128097],[-122.98425,46.128096],[-122.984191,46.128135],[-122.984214,46.128242],[-122.984263,46.128273],[-122.984453,46.128265],[-122.984485,46.12823]],[[-122.984465,46.133405],[-122.984431,46.133442],[-122.984446,46.133482],[-122.984505,46.133508],[-122.984561,46.133499],[-122.984593,46.133465],[-122.984582,46.133416],[-122.984527,46.133392],[-122.984465,46.133405]],[[-122.984777,46.127645],[-122.984854,46.127602],[-122.984852,46.127413],[-122.9848,46.127377],[-122.984651,46.127377],[-122.984598,46.127418],[-122.9846,46.127607],[-122.984651,46.127643],[-122.984777,46.127645]],[[-122.98498,46.132557],[-122.985,46.132455],[-122.984956,46.132419],[-122.984792,46.132402],[-122.98473,46.132435],[-122.984726,46.132552],[-122.984772,46.132591],[-122.984942,46.132589],[-122.98498,46.132557]],[[-122.984984,46.128135],[-122.984957,46.128094],[-122.984902,46.128081],[-122.98484,46.128104],[-122.98482,46.128143],[-122.984846,46.12818],[-122.984909,46.128199],[-122.984968,46.128179],[-122.984984,46.128135]],[[-122.985372,46.130295],[-122.985305,46.130242],[-122.985142,46.130267],[-122.985114,46.130304],[-122.98513,46.130429],[-122.985196,46.130449],[-122.985344,46.130423],[-122.985371,46.130392],[-122.985372,46.130295]],[[-122.986829,46.129773],[-122.986793,46.12965],[-122.98675,46.129616],[-122.986471,46.129626],[-122.986414,46.129659],[-122.986389,46.12976],[-122.986435,46.129801],[-122.986537,46.129805],[-122.986541,46.129857],[-122.986578,46.129889],[-122.986734,46.129894],[-122.986787,46.129867],[-122.986829,46.129773]],[[-122.987476,46.129593],[-122.987434,46.129474],[-122.987381,46.129446],[-122.987118,46.129446],[-122.987057,46.129489],[-122.987059,46.129587],[-122.987118,46.129624],[-122.987314,46.129625],[-122.987405,46.129646],[-122.987476,46.129593]],[[-122.988322,46.128443],[-122.98837,46.128326],[-122.988342,46.128288],[-122.988091,46.128275],[-122.988085,46.128219],[-122.988036,46.128188],[-122.987519,46.128172],[-122.987447,46.12821],[-122.987444,46.128365],[-122.987409,46.128413],[-122.987461,46.128526],[-122.987573,46.128545],[-122.987576,46.128701],[-122.987656,46.128739],[-122.987809,46.12871],[-122.987832,46.128635],[-122.987927,46.128626],[-122.987962,46.128545],[-122.988073,46.128526],[-122.988091,46.128455],[-122.988322,46.128443]]]}},{"type":"Feature","properties":{"id":64,"area_m2":17500,"px":175,"rank":2,"persistent":false},"geometry":{"type":"Polygon","coordinates":[[[-122.959237,46.112069],[-122.959237,46.112338],[-122.959162,46.112341],[-122.959116,46.112367],[-122.959107,46.112518],[-122.959006,46.112531],[-122.958978,46.112608],[-122.958883,46.112617],[-122.958848,46.112698],[-122.958736,46.112718],[-122.958719,46.112878],[-122.958612,46.112894],[-122.958589,46.112968],[-122.958359,46.11298],[-122.95833,46.113058],[-122.958235,46.113067],[-122.958201,46.113148],[-122.958089,46.113168],[-122.958071,46.113238],[-122.957854,46.113244],[-122.957816,46.113276],[-122.957812,46.113328],[-122.957166,46.113328],[-122.957143,46.113254],[-122.957036,46.113238],[-122.957023,46.113172],[-122.956907,46.113148],[-122.956878,46.11307],[-122.956778,46.113058],[-122.956778,46.112698],[-122.956852,46.112695],[-122.956898,46.112669],[-122.956907,46.112518],[-122.957002,46.112509],[-122.957037,46.112428],[-122.957153,46.112404],[-122.957166,46.112248],[-122.957273,46.112232],[-122.957296,46.112158],[-122.957391,46.112149],[-122.957425,46.112068],[-122.957537,46.112048],[-122.957555,46.111978],[-122.957785,46.111966],[-122.957814,46.111888],[-122.95793,46.111864],[-122.957943,46.111798],[-122.958161,46.111792],[-122.958199,46.11176],[-122.958202,46.111708],[-122.958849,46.111708],[-122.958866,46.111869],[-122.958919,46.111888],[-122.959108,46.111889],[-122.959117,46.11204],[-122.959163,46.112066],[-122.959237,46.112069]],[[-122.957573,46.112833],[-122.957541,46.112722],[-122.957425,46.112698],[-122.957421,46.112646],[-122.957384,46.112614],[-122.957229,46.112609],[-122.957175,46.112636],[-122.957175,46.112759],[-122.957221,46.112785],[-122.957295,46.112788],[-122.957299,46.112839],[-122.957336,46.112871],[-122.957534,46.112871],[-122.957573,46.112833]],[[-122.958413,46.112072],[-122.958263,46.112044],[-122.958202,46.112068],[-122.958005,46.112069],[-122.957946,46.112106],[-122.957925,46.112388],[-122.95797,46.112424],[-122.958072,46.112428],[-122.958072,46.112518],[-122.958038,46.112571],[-122.958118,46.112631],[-122.958308,46.112592],[-122.958331,46.112428],[-122.958412,46.112424],[-122.958457,46.11239],[-122.958457,46.112107],[-122.958413,46.112072]],[[-122.95903,46.112338],[-122.959085,46.112323],[-122.959107,46.11229],[-122.959107,46.112117],[-122.959066,46.112075],[-122.958917,46.112044],[-122.958774,46.112071],[-122.958725,46.112102],[-122.958719,46.112158],[-122.958645,46.112161],[-122.958599,46.112187],[-122.958591,46.112295],[-122.958631,46.112332],[-122.95903,46.112338]]]}},{"type":"Feature","properties":{"id":52,"area_m2":13700,"px":137,"rank":3,"persistent":false},"geometry":{"type":"Polygon","coordinates":[[[-122.974111,46.121524],[-122.97408,46.121571],[-122.974114,46.121613],[-122.974114,46.121703],[-122.97408,46.121751],[-122.974114,46.121793],[-122.974114,46.121883],[-122.973338,46.121883],[-122.973332,46.121736],[-122.97329,46.121707],[-122.973208,46.121703],[-122.973191,46.121543],[-122.973079,46.121523],[-122.973044,46.121442],[-122.97295,46.121433],[-122.972932,46.121272],[-122.97282,46.121253],[-122.972803,46.121182],[-122.972691,46.121163],[-122.972678,46.121097],[-122.972561,46.121073],[-122.972558,46.121021],[-122.97252,46.120989],[-122.972173,46.120982],[-122.97215,46.120908],[-122.972044,46.120892],[-122.972042,46.120756],[-122.972003,46.120719],[-122.971785,46.120712],[-122.971724,46.120688],[-122.971655,46.120712],[-122.971526,46.120712],[-122.971513,46.120376],[-122.971397,46.120352],[-122.971362,46.120271],[-122.971268,46.120262],[-122.971239,46.120185],[-122.971138,46.120172],[-122.97111,46.120095],[-122.971009,46.120082],[-122.97098,46.120004],[-122.970879,46.119992],[-122.970851,46.119914],[-122.97075,46.119902],[-122.970727,46.119828],[-122.970621,46.119812],[-122.970598,46.119738],[-122.970491,46.119722],[-122.970469,46.119648],[-122.970362,46.119632],[-122.970333,46.119554],[-122.970173,46.119542],[-122.970121,46.119562],[-122.970068,46.119674],[-122.970103,46.119722],[-122.970103,46.119812],[-122.969996,46.119828],[-122.969973,46.119902],[-122.969857,46.119926],[-122.969844,46.119992],[-122.969715,46.119992],[-122.969646,46.119968],[-122.969497,46.119998],[-122.969459,46.12003],[-122.969456,46.120082],[-122.969339,46.120106],[-122.969326,46.120172],[-122.969197,46.120172],[-122.969197,46.120082],[-122.969309,46.120062],[-122.969361,46.119949],[-122.969309,46.119832],[-122.969197,46.119812],[-122.969197,46.119632],[-122.969539,46.119641],[-122.969582,46.119607],[-122.969585,46.119542],[-122.96981,46.119533],[-122.969844,46.119452],[-122.969961,46.119428],[-122.969974,46.119362],[-122.970192,46.119356],[-122.970229,46.119324],[-122.970233,46.119272],[-122.970362,46.119272],[-122.970368,46.119329],[-122.970417,46.11936],[-122.970621,46.119362],[-122.97063,46.119514],[-122.970676,46.11954],[-122.97075,46.119542],[-122.97075,46.119632],[-122.970715,46.11968],[-122.970768,46.119792],[-122.97082,46.119812],[-122.971138,46.119812],[-122.971147,46.119874],[-122.971201,46.119901],[-122.971656,46.119902],[-122.971679,46.119977],[-122.971785,46.119992],[-122.97182,46.120073],[-122.971915,46.120083],[-122.971932,46.120243],[-122.972044,46.120263],[-122.972044,46.120442],[-122.972009,46.12049],[-122.972057,46.120598],[-122.972234,46.120647],[-122.972303,46.120623],[-122.972432,46.120623],[-122.972415,46.120763],[-122.972459,46.120798],[-122.972561,46.120803],[-122.972574,46.120959],[-122.972691,46.120983],[-122.972725,46.121064],[-122.97282,46.121073],[-122.972849,46.12115],[-122.972949,46.121163],[-122.972978,46.12124],[-122.973208,46.121253],[-122.973221,46.121319],[-122.973338,46.121343],[-122.97336,46.121417],[-122.973521,46.121456],[-122.973698,46.121421],[-122.973726,46.121343],[-122.973855,46.121343],[-122.973859,46.121395],[-122.973897,46.121427],[-122.974114,46.121433],[-122.974111,46.121524]]]}},{"type":"Feature","properties":{"id":26,"area_m2":13600,"px":136,"rank":4,"persistent":false},"geometry":{"type":"Polygon","coordinates":[[[-122.991197,46.129986],[-122.991197,46.130166],[-122.990994,46.130168],[-122.990939,46.13022],[-122.990956,46.130326],[-122.991068,46.130346],[-122.991103,46.130427],[-122.991197,46.130436],[-122.991197,46.130706],[-122.99098,46.130712],[-122.990942,46.130744],[-122.990938,46.130796],[-122.990822,46.13082],[-122.990809,46.130886],[-122.990697,46.130905],[-122.990679,46.130976],[-122.990449,46.130988],[-122.990421,46.131066],[-122.99032,46.131078],[-122.990291,46.131156],[-122.99019,46.131168],[-122.990162,46.131246],[-122.990067,46.131255],[-122.990032,46.131336],[-122.98992,46.131355],[-122.989903,46.131426],[-122.989758,46.131418],[-122.989773,46.131294],[-122.989745,46.131258],[-122.989604,46.131232],[-122.989548,46.131241],[-122.989516,46.131275],[-122.989516,46.131382],[-122.989555,46.131419],[-122.98966,46.131433],[-122.989644,46.131516],[-122.989514,46.131516],[-122.989492,46.131441],[-122.989385,46.131426],[-122.989372,46.13136],[-122.989256,46.131336],[-122.989227,46.131258],[-122.989126,46.131246],[-122.989126,46.131114],[-122.989098,46.131078],[-122.988867,46.131065],[-122.988844,46.130991],[-122.988738,46.130975],[-122.98872,46.130905],[-122.988608,46.130885],[-122.988574,46.130805],[-122.988479,46.130795],[-122.988451,46.130718],[-122.98835,46.130705],[-122.98835,46.130526],[-122.988424,46.130523],[-122.98847,46.130497],[-122.988479,46.130346],[-122.988738,46.130346],[-122.988761,46.13042],[-122.988867,46.130436],[-122.988867,46.130525],[-122.988654,46.130503],[-122.988574,46.130573],[-122.988626,46.130686],[-122.988738,46.130706],[-122.988751,46.130862],[-122.988808,46.130885],[-122.988997,46.130886],[-122.98901,46.130952],[-122.989126,46.130976],[-122.989132,46.131032],[-122.989174,46.131061],[-122.989362,46.13105],[-122.989384,46.130839],[-122.989344,46.130802],[-122.989256,46.130796],[-122.989256,46.130706],[-122.989492,46.13069],[-122.989515,46.130436],[-122.989621,46.13042],[-122.989644,46.130346],[-122.98976,46.130322],[-122.989774,46.130256],[-122.98997,46.130255],[-122.990029,46.130217],[-122.990032,46.130111],[-122.990005,46.130075],[-122.989774,46.130076],[-122.989774,46.129896],[-122.989862,46.129889],[-122.989902,46.129852],[-122.989903,46.129626],[-122.990162,46.129626],[-122.99015,46.129776],[-122.990197,46.129803],[-122.990291,46.129806],[-122.990301,46.129867],[-122.990361,46.129895],[-122.990632,46.129892],[-122.990674,46.129862],[-122.99068,46.129806],[-122.990796,46.129782],[-122.990809,46.129716],[-122.990939,46.129716],[-122.990961,46.12979],[-122.991068,46.129806],[-122.991081,46.129962],[-122.991197,46.129986]],[[-122.990687,46.130771],[-122.990676,46.130654],[-122.990639,46.130622],[-122.990469,46.13062],[-122.990427,46.130649],[-122.990421,46.130706],[-122.990304,46.13073],[-122.99028,46.130807],[-122.990073,46.130802],[-122.990021,46.130897],[-122.989903,46.130886],[-122.989897,46.130829],[-122.989848,46.130798],[-122.98957,46.130798],[-122.989518,46.130834],[-122.989518,46.130937],[-122.989577,46.130975],[-122.989773,46.130976],[-122.989791,46.131136],[-122.989843,46.131155],[-122.989977,46.131153],[-122.990031,46.131112],[-122.990043,46.130965],[-122.990236,46.130973],[-122.990285,46.130942],[-122.990302,46.130875],[-122.990509,46.130879],[-122.990547,46.130847],[-122.99055,46.130796],[-122.990645,46.130793],[-122.990687,46.130771]],[[-122.990573,46.13051],[-122.990756,46.130537],[-122.990806,46.130501],[-122.990809,46.130304],[-122.990786,46.130272],[-122.99055,46.130256],[-122.990489,46.130232],[-122.990314,46.130271],[-122.990291,46.13031],[-122.990314,46.13042],[-122.99055,46.130436],[-122.990573,46.13051]],[[-122.990941,46.129987],[-122.99087,46.129962],[-122.990702,46.130002],[-122.99068,46.13004],[-122.990702,46.13015],[-122.990757,46.130166],[-122.990916,46.13015],[-122.990973,46.130039],[-122.990941,46.129987]]]}},{"type":"Feature","properties":{"id":18,"area_m2":12000,"px":120,"rank":5,"persistent":false},"geometry":{"type":"Polygon","coordinates":[[[-122.99275,46.132686],[-122.99275,46.132866],[-122.992621,46.132866],[-122.992608,46.1328],[-122.992492,46.132776],[-122.992463,46.132698],[-122.992233,46.132686],[-122.992227,46.132629],[-122.992178,46.132598],[-122.992022,46.1326],[-122.99198,46.132629],[-122.991974,46.132686],[-122.991844,46.132686],[-122.991841,46.132634],[-122.991803,46.132602],[-122.991586,46.132596],[-122.991568,46.132526],[-122.991456,46.132506],[-122.991447,46.132444],[-122.991386,46.132416],[-122.991232,46.132425],[-122.991197,46.132506],[-122.991068,46.132506],[-122.991045,46.132432],[-122.990938,46.132416],[-122.990958,46.131932],[-122.990936,46.131892],[-122.990757,46.131876],[-122.990692,46.1319],[-122.990679,46.132146],[-122.990291,46.132146],[-122.990288,46.132094],[-122.99025,46.132062],[-122.990032,46.132056],[-122.990032,46.131696],[-122.990139,46.13168],[-122.990162,46.131606],[-122.990278,46.131582],[-122.990291,46.131516],[-122.990421,46.131516],[-122.990426,46.131856],[-122.990496,46.13189],[-122.990645,46.131867],[-122.990679,46.131827],[-122.99068,46.131696],[-122.990904,46.131687],[-122.990957,46.131561],[-122.990896,46.131517],[-122.99055,46.131516],[-122.99055,46.131426],[-122.990657,46.13141],[-122.99068,46.131336],[-122.99091,46.131323],[-122.990938,46.131246],[-122.991033,46.131237],[-122.991068,46.131156],[-122.99118,46.131136],[-122.991197,46.131066],[-122.991456,46.131066],[-122.991458,46.131382],[-122.991497,46.131419],[-122.991586,46.131426],[-122.991594,46.131591],[-122.991653,46.131619],[-122.991844,46.131606],[-122.99185,46.131752],[-122.991892,46.131782],[-122.991974,46.131786],[-122.992008,46.131867],[-122.992103,46.131876],[-122.992121,46.132036],[-122.992173,46.132056],[-122.992362,46.132056],[-122.992364,46.132282],[-122.992403,46.132319],[-122.992492,46.132326],[-122.992498,46.132563],[-122.99254,46.132592],[-122.992621,46.132596],[-122.992656,46.132677],[-122.99275,46.132686]],[[-122.992026,46.132416],[-122.992081,46.1324],[-122.992103,46.132367],[-122.992103,46.132105],[-122.992075,46.132068],[-122.991845,46.132056],[-122.991835,46.131994],[-122.991774,46.131966],[-122.991267,46.131966],[-122.991215,46.131985],[-122.991203,46.132202],[-122.991245,46.132232],[-122.991327,46.132236],[-122.991361,46.132317],[-122.991456,46.132326],[-122.991484,46.132404],[-122.992026,46.132416]],[[-122.99158,46.131752],[-122.991604,46.131651],[-122.991572,46.131615],[-122.991382,46.131608],[-122.99133,46.131644],[-122.99133,46.131747],[-122.991382,46.131783],[-122.99153,46.131783],[-122.99158,46.131752]]]}},{"type":"Feature","properties":{"id":48,"area_m2":9300,"px":93,"rank":6,"persistent":false},"geometry":{"type":"Polygon","coordinates":[[[-122.979546,46.123956],[-122.979515,46.124002],[-122.979549,46.124044],[-122.979549,46.124314],[-122.979448,46.124326],[-122.97942,46.124404],[-122.979325,46.124413],[-122.97929,46.124494],[-122.979174,46.124518],[-122.979161,46.124764],[-122.979031,46.124764],[-122.979018,46.124698],[-122.978902,46.124674],[-122.978896,46.124617],[-122.978847,46.124586],[-122.978419,46.124586],[-122.978365,46.124629],[-122.978384,46.124764],[-122.978303,46.124768],[-122.978258,46.124802],[-122.978255,46.124944],[-122.978148,46.12496],[-122.978125,46.125034],[-122.977996,46.125034],[-122.977996,46.124944],[-122.978077,46.12494],[-122.978122,46.124906],[-122.978124,46.124717],[-122.978063,46.124675],[-122.977867,46.124674],[-122.977844,46.1246],[-122.977737,46.124584],[-122.977737,46.124224],[-122.977867,46.124224],[-122.977873,46.12428],[-122.977922,46.124312],[-122.978091,46.124305],[-122.978125,46.124265],[-122.978126,46.124044],[-122.978514,46.124044],[-122.978531,46.124114],[-122.978643,46.124134],[-122.978652,46.124195],[-122.978713,46.124224],[-122.978868,46.124215],[-122.978902,46.124134],[-122.978991,46.124128],[-122.97903,46.124091],[-122.97903,46.123998],[-122.978991,46.12396],[-122.978643,46.123954],[-122.97864,46.123902],[-122.978602,46.12387],[-122.978385,46.123864],[-122.978385,46.123684],[-122.978473,46.123678],[-122.978513,46.12364],[-122.978514,46.123414],[-122.978902,46.123414],[-122.978925,46.123488],[-122.979032,46.123504],[-122.979049,46.123664],[-122.979161,46.123684],[-122.979164,46.123749],[-122.979207,46.123783],[-122.97942,46.123774],[-122.979443,46.123848],[-122.979549,46.123864],[-122.979546,46.123956]],[[-122.979162,46.123864],[-122.979169,46.123799],[-122.979119,46.123775],[-122.979043,46.123785],[-122.978997,46.123693],[-122.978848,46.12367],[-122.978785,46.123695],[-122.978753,46.123808],[-122.978787,46.123855],[-122.979021,46.123853],[-122.979093,46.123888],[-122.979162,46.123864]],[[-122.979026,46.124461],[-122.97905,46.124359],[-122.979018,46.124324],[-122.978828,46.124316],[-122.978776,46.124352],[-122.978776,46.124456],[-122.978828,46.124492],[-122.978976,46.124492],[-122.979026,46.124461]]]}},{"type":"Feature","properties":{"id":2,"area_m2":7300,"px":73,"rank":7,"persistent":false},"geometry":{"type":"Polygon","coordinates":[[[-122.985759,46.135925],[-122.985759,46.136015],[-122.9855,46.136015],[-122.985487,46.135949],[-122.985371,46.135925],[-122.985342,46.135847],[-122.985112,46.135835],[-122.985089,46.135761],[-122.984982,46.135745],[-122.984965,46.135675],[-122.984853,46.135655],[-122.984818,46.135574],[-122.984724,46.135565],[-122.984695,46.135487],[-122.984594,46.135475],[-122.984566,46.135397],[-122.984465,46.135385],[-122.984465,46.135295],[-122.984546,46.135291],[-122.984591,46.135257],[-122.984594,46.135074],[-122.984553,46.135031],[-122.984465,46.135025],[-122.984447,46.134865],[-122.984335,46.134845],[-122.984343,46.1346],[-122.984285,46.134575],[-122.984077,46.134575],[-122.984075,46.134438],[-122.984021,46.134397],[-122.983866,46.134399],[-122.983824,46.134428],[-122.983818,46.134485],[-122.983688,46.134485],[-122.983688,46.134395],[-122.98377,46.134391],[-122.983814,46.134357],[-122.983818,46.134215],[-122.983899,46.134211],[-122.983941,46.134182],[-122.98393,46.134055],[-122.983877,46.134035],[-122.983723,46.134044],[-122.983688,46.134125],[-122.983572,46.134149],[-122.983559,46.134215],[-122.983302,46.134215],[-122.9833,46.134035],[-122.983518,46.134029],[-122.983556,46.133997],[-122.983559,46.133945],[-122.983675,46.133921],[-122.983688,46.133855],[-122.983818,46.133855],[-122.983835,46.133925],[-122.983947,46.133945],[-122.983982,46.134026],[-122.984077,46.134035],[-122.984105,46.134113],[-122.984206,46.134125],[-122.984229,46.134199],[-122.984465,46.134215],[-122.984488,46.134289],[-122.984594,46.134305],[-122.984612,46.134375],[-122.984724,46.134395],[-122.984758,46.134476],[-122.984853,46.134485],[-122.984882,46.134563],[-122.984983,46.134575],[-122.985011,46.134653],[-122.985112,46.134665],[-122.985141,46.134743],[-122.985242,46.134755],[-122.98527,46.134833],[-122.985371,46.134845],[-122.985371,46.134935],[-122.985112,46.134935],[-122.985103,46.134784],[-122.985057,46.134757],[-122.984983,46.134755],[-122.984948,46.134674],[-122.984853,46.134665],[-122.984831,46.134591],[-122.984669,46.134561],[-122.984603,46.13459],[-122.98456,46.134708],[-122.984603,46.134817],[-122.984649,46.134843],[-122.984724,46.134845],[-122.984758,46.134926],[-122.984853,46.134935],[-122.984853,46.135025],[-122.984765,46.135031],[-122.984725,46.135069],[-122.984737,46.135271],[-122.984853,46.135295],[-122.984866,46.135361],[-122.984982,46.135385],[-122.984986,46.135437],[-122.985024,46.135469],[-122.985241,46.135475],[-122.985259,46.135635],[-122.985371,46.135655],[-122.985405,46.135736],[-122.9855,46.135745],[-122.985529,46.135823],[-122.98563,46.135835],[-122.985658,46.135913],[-122.985759,46.135925]]]}},{"type":"Feature","properties":{"id":66,"area_m2":7300,"px":73,"rank":8,"persistent":false},"geometry":{"type":"Polygon","coordinates":[[[-122.961048,46.112339],[-122.961048,46.112699],[-122.960942,46.112715],[-122.960919,46.112789],[-122.960824,46.112798],[-122.960789,46.112879],[-122.960677,46.112899],[-122.96066,46.112969],[-122.96053,46.112969],[-122.960531,46.112879],[-122.960625,46.11287],[-122.96066,46.112789],[-122.960734,46.112787],[-122.96078,46.11276],[-122.960788,46.112653],[-122.960727,46.11261],[-122.960471,46.112609],[-122.96041,46.112637],[-122.960401,46.112699],[-122.960272,46.112699],[-122.960272,46.112609],[-122.960353,46.112605],[-122.960398,46.112571],[-122.960401,46.112393],[-122.960367,46.112348],[-122.960272,46.112339],[-122.960254,46.112179],[-122.960143,46.112159],[-122.960134,46.112097],[-122.96008,46.11207],[-122.959625,46.112069],[-122.959564,46.112044],[-122.959496,46.112069],[-122.959366,46.112068],[-122.959367,46.111889],[-122.959455,46.111882],[-122.959494,46.111845],[-122.959496,46.111529],[-122.959603,46.111513],[-122.959626,46.111439],[-122.959884,46.111439],[-122.959897,46.111505],[-122.960014,46.111529],[-122.960048,46.11161],[-122.960272,46.111619],[-122.960295,46.111693],[-122.960402,46.111709],[-122.960415,46.111775],[-122.960531,46.111799],[-122.96056,46.111877],[-122.96066,46.111889],[-122.960674,46.112045],[-122.96079,46.112069],[-122.960824,46.11215],[-122.960919,46.112159],[-122.960928,46.112311],[-122.960974,46.112337],[-122.961048,46.112339]],[[-122.960453,46.112069],[-122.960528,46.112031],[-122.960513,46.111909],[-122.960402,46.111889],[-122.960396,46.111832],[-122.960354,46.111803],[-122.960151,46.111812],[-122.960123,46.111855],[-122.96016,46.112049],[-122.960213,46.112069],[-122.960453,46.112069]]]}},{"type":"Feature","properties":{"id":56,"area_m2":4800,"px":48,"rank":9,"persistent":false},"geometry":{"type":"Polygon","coordinates":[[[-122.955351,46.116027],[-122.955351,46.116207],[-122.955093,46.116207],[-122.955087,46.116137],[-122.955032,46.116105],[-122.954868,46.116126],[-122.954834,46.116166],[-122.954834,46.116297],[-122.954603,46.116309],[-122.954575,46.116387],[-122.954474,46.116399],[-122.954445,46.116477],[-122.954344,46.116489],[-122.954316,46.116567],[-122.954221,46.116576],[-122.954186,46.116657],[-122.954074,46.116676],[-122.954057,46.116747],[-122.953927,46.116746],[-122.953905,46.116672],[-122.953798,46.116656],[-122.953798,46.116477],[-122.954116,46.116476],[-122.954183,46.116438],[-122.954173,46.116321],[-122.954057,46.116297],[-122.954057,46.116027],[-122.954288,46.116014],[-122.954316,46.115937],[-122.954411,46.115928],[-122.954446,46.115847],[-122.954558,46.115827],[-122.954575,46.115757],[-122.954834,46.115757],[-122.954847,46.115823],[-122.954963,46.115847],[-122.954992,46.115925],[-122.955222,46.115937],[-122.955245,46.116011],[-122.955351,46.116027]]]}},{"type":"Feature","properties":{"id":60,"area_m2":4100,"px":41,"rank":10,"persistent":false},"geometry":{"type":"Polygon","coordinates":[[[-122.961047,46.113869],[-122.961047,46.114049],[-122.960973,46.114051],[-122.960927,46.114078],[-122.960918,46.114229],[-122.960687,46.114241],[-122.960659,46.114278],[-122.960659,46.114409],[-122.960446,46.1144],[-122.960403,46.114434],[-122.9604,46.114499],[-122.960141,46.114499],[-122.960144,46.114339],[-122.960012,46.114319],[-122.959989,46.114245],[-122.959882,46.114229],[-122.959848,46.114148],[-122.959753,46.114139],[-122.959753,46.114049],[-122.959957,46.114046],[-122.960006,46.114015],[-122.960012,46.113959],[-122.960221,46.113959],[-122.960274,46.113938],[-122.960271,46.113779],[-122.960373,46.113775],[-122.960418,46.113739],[-122.960401,46.113599],[-122.960659,46.113599],[-122.960682,46.113673],[-122.960789,46.113689],[-122.960802,46.113755],[-122.960918,46.113779],[-122.960946,46.113857],[-122.961047,46.113869]]]}},{"type":"Feature","properties":{"id":63,"area_m2":4000,"px":40,"rank":11,"persistent":false},"geometry":{"type":"Polygon","coordinates":[[[-122.959883,46.112879],[-122.959883,46.113149],[-122.959782,46.113161],[-122.959754,46.113239],[-122.959653,46.113251],[-122.959624,46.113329],[-122.959529,46.113338],[-122.959495,46.113419],[-122.959383,46.113438],[-122.959365,46.113599],[-122.959259,46.113614],[-122.959236,46.113688],[-122.959119,46.113712],[-122.959106,46.113778],[-122.958977,46.113778],[-122.958954,46.113704],[-122.958802,46.113666],[-122.958718,46.113688],[-122.958589,46.113688],[-122.958589,46.113598],[-122.95867,46.113594],[-122.958715,46.11356],[-122.958718,46.113418],[-122.958825,46.113403],[-122.958848,46.113328],[-122.958964,46.113304],[-122.958977,46.113238],[-122.959213,46.113223],[-122.959236,46.113059],[-122.959343,46.113043],[-122.959366,46.112969],[-122.959482,46.112945],[-122.959495,46.112879],[-122.959625,46.112879],[-122.959685,46.112903],[-122.959754,46.112879],[-122.959883,46.112879]]]}},{"type":"Feature","properties":{"id":61,"area_m2":3200,"px":32,"rank":12,"persistent":false},"geometry":{"type":"Polygon","coordinates":[[[-122.961824,46.113689],[-122.961824,46.113959],[-122.961717,46.113975],[-122.961694,46.114049],[-122.961306,46.114049],[-122.961293,46.113893],[-122.961177,46.113869],[-122.961142,46.113788],[-122.961048,46.113779],[-122.961019,46.113701],[-122.960918,46.113689],[-122.96089,46.113611],[-122.960789,46.113599],[-122.96076,46.113521],[-122.960659,46.113509],[-122.96066,46.113419],[-122.960865,46.11343],[-122.960913,46.113399],[-122.960918,46.113329],[-122.961048,46.113329],[-122.961051,46.113381],[-122.961089,46.113413],[-122.961306,46.113419],[-122.961324,46.113489],[-122.961436,46.113509],[-122.961449,46.113575],[-122.961565,46.113599],[-122.9616,46.11368],[-122.961824,46.113689]]]}},{"type":"Feature","properties":{"id":1,"area_m2":2800,"px":28,"rank":13,"persistent":false},"geometry":{"type":"Polygon","coordinates":[[[-122.987054,46.135385],[-122.987054,46.135565],[-122.986942,46.135585],[-122.986924,46.135745],[-122.986836,46.135752],[-122.986796,46.135789],[-122.986795,46.135925],[-122.98676,46.135968],[-122.986795,46.136015],[-122.986795,46.136195],[-122.986577,46.136202],[-122.986539,46.136234],[-122.986536,46.136285],[-122.986419,46.136309],[-122.986406,46.136375],[-122.986277,46.136375],[-122.986275,46.136149],[-122.986236,46.136112],[-122.986148,46.136105],[-122.986148,46.135925],[-122.986358,46.135921],[-122.986401,46.135892],[-122.986407,46.135835],[-122.986518,46.135816],[-122.986571,46.135703],[-122.986536,46.135655],[-122.986536,46.135565],[-122.986883,46.135559],[-122.986923,46.135522],[-122.986925,46.135385],[-122.987054,46.135385]]]}},{"type":"Feature","properties":{"id":47,"area_m2":2200,"px":22,"rank":14,"persistent":false},"geometry":{"type":"Polygon","coordinates":[[[-122.98149,46.126565],[-122.98149,46.126834],[-122.981361,46.126834],[-122.981357,46.126693],[-122.981313,46.126659],[-122.981231,46.126654],[-122.981231,46.126523],[-122.981203,46.126487],[-122.980972,46.126474],[-122.980966,46.126418],[-122.980917,46.126387],[-122.980714,46.126384],[-122.980696,46.126314],[-122.980584,46.126294],[-122.980571,46.126228],[-122.980455,46.126204],[-122.980449,46.126148],[-122.980407,46.126118],[-122.980066,46.126114],[-122.980066,46.126024],[-122.980161,46.126015],[-122.980196,46.12597],[-122.980183,46.125868],[-122.980067,46.125844],[-122.980067,46.125754],[-122.980196,46.125754],[-122.980219,46.125828],[-122.980325,46.125844],[-122.980326,46.125976],[-122.980354,46.126012],[-122.980584,46.126024],[-122.980597,46.12609],[-122.980713,46.126114],[-122.980719,46.126171],[-122.980761,46.1262],[-122.980972,46.126204],[-122.980995,46.126279],[-122.981102,46.126295],[-122.981119,46.126365],[-122.981231,46.126385],[-122.981266,46.126465],[-122.981361,46.126475],[-122.981389,46.126552],[-122.98149,46.126565]]]}},{"type":"Feature","properties":{"id":13,"area_m2":1800,"px":18,"rank":15,"persistent":false},"geometry":{"type":"Polygon","coordinates":[[[-122.989899,46.133587],[-122.989868,46.133633],[-122.989902,46.133676],[-122.989902,46.133856],[-122.98969,46.133846],[-122.989647,46.13388],[-122.989643,46.133946],[-122.989255,46.133946],[-122.989242,46.13379],[-122.989126,46.133766],[-122.989091,46.133685],[-122.988996,46.133676],[-122.988996,46.133496],[-122.989126,46.133496],[-122.989143,46.133566],[-122.989255,46.133586],[-122.989264,46.133647],[-122.989325,46.133675],[-122.989602,46.133669],[-122.98964,46.133637],[-122.989644,46.133586],[-122.98976,46.133562],[-122.989773,46.133496],[-122.989902,46.133496],[-122.989899,46.133587]]]}},{"type":"Feature","properties":{"id":14,"area_m2":1800,"px":18,"rank":16,"persistent":false},"geometry":{"type":"Polygon","coordinates":[[[-122.989385,46.133046],[-122.989385,46.133136],[-122.989296,46.133142],[-122.989257,46.133179],[-122.989255,46.133406],[-122.989126,46.133406],[-122.98912,46.133349],[-122.989078,46.13332],[-122.988915,46.13332],[-122.988867,46.133364],[-122.988867,46.133586],[-122.988608,46.133585],[-122.988608,46.133496],[-122.988703,46.133486],[-122.988737,46.133442],[-122.988724,46.13334],[-122.988608,46.133315],[-122.988608,46.133136],[-122.988715,46.13312],[-122.988737,46.133046],[-122.988867,46.133046],[-122.98888,46.133112],[-122.988944,46.133136],[-122.989091,46.133126],[-122.989126,46.133046],[-122.989385,46.133046]]]}},{"type":"Feature","properties":{"id":4,"area_m2":1500,"px":15,"rank":17,"persistent":false},"geometry":{"type":"Polygon","coordinates":[[[-122.987313,46.134395],[-122.987313,46.134575],[-122.987225,46.134582],[-122.987185,46.134619],[-122.987183,46.134935],[-122.987095,46.134942],[-122.987054,46.134984],[-122.987072,46.135096],[-122.987183,46.135115],[-122.987218,46.135196],[-122.987313,46.135205],[-122.987313,46.135295],[-122.987183,46.135295],[-122.98718,46.135244],[-122.987142,46.135212],[-122.986925,46.135205],[-122.986923,46.134979],[-122.986883,46.134942],[-122.986795,46.134935],[-122.986795,46.134845],[-122.986869,46.134843],[-122.986915,46.134817],[-122.986925,46.134665],[-122.98702,46.134656],[-122.987054,46.134575],[-122.98717,46.134551],[-122.987184,46.134395],[-122.987313,46.134395]]]}},{"type":"Feature","properties":{"id":54,"area_m2":1500,"px":15,"rank":18,"persistent":false},"geometry":{"type":"Polygon","coordinates":[[[-122.970233,46.118642],[-122.970233,46.118912],[-122.969974,46.118912],[-122.969951,46.118838],[-122.969845,46.118822],[-122.969827,46.118662],[-122.969715,46.118642],[-122.969681,46.118561],[-122.969586,46.118552],[-122.969586,46.118462],[-122.969693,46.118446],[-122.969716,46.118372],[-122.969845,46.118372],[-122.969868,46.118446],[-122.969974,46.118462],[-122.969987,46.118528],[-122.970103,46.118552],[-122.970132,46.11863],[-122.970233,46.118642]]]}},{"type":"Feature","properties":{"id":46,"area_m2":1300,"px":13,"rank":19,"persistent":false},"geometry":{"type":"Polygon","coordinates":[[[-122.982525,46.127195],[-122.982525,46.127285],[-122.982419,46.1273],[-122.982396,46.127375],[-122.982266,46.127375],[-122.982244,46.1273],[-122.982137,46.127285],[-122.982124,46.127219],[-122.982008,46.127195],[-122.981979,46.127117],[-122.981878,46.127105],[-122.981865,46.126949],[-122.981749,46.126924],[-122.981714,46.126844],[-122.981619,46.126834],[-122.98162,46.126655],[-122.981726,46.126639],[-122.981749,46.126565],[-122.981878,46.126566],[-122.981878,46.126655],[-122.981797,46.126659],[-122.981752,46.126693],[-122.981766,46.126815],[-122.981878,46.126835],[-122.981896,46.126905],[-122.982008,46.126925],[-122.982025,46.126995],[-122.982137,46.127015],[-122.98215,46.127081],[-122.982266,46.127105],[-122.982301,46.127186],[-122.982525,46.127195]]]}},{"type":"Feature","properties":{"id":58,"area_m2":1100,"px":11,"rank":20,"persistent":false},"geometry":{"type":"Polygon","coordinates":[[[-122.956387,46.115578],[-122.956387,46.115667],[-122.956292,46.115677],[-122.956258,46.115757],[-122.956183,46.11576],[-122.956137,46.115786],[-122.956128,46.115937],[-122.955999,46.115937],[-122.955976,46.115863],[-122.955869,46.115847],[-122.95587,46.115757],[-122.955904,46.115715],[-122.95587,46.115667],[-122.95587,46.115487],[-122.956128,46.115487],[-122.956132,46.115539],[-122.956169,46.115571],[-122.956387,46.115578]]]}},{"type":"Feature","properties":{"id":12,"area_m2":1000,"px":10,"rank":21,"persistent":false},"geometry":{"type":"Polygon","coordinates":[[[-122.98317,46.133945],[-122.98317,46.134125],[-122.983064,46.134141],[-122.983041,46.134215],[-122.982925,46.134239],[-122.982911,46.134305],[-122.982782,46.134305],[-122.982782,46.13416],[-122.982749,46.134121],[-122.982523,46.134125],[-122.982523,46.133945],[-122.982912,46.133945],[-122.982972,46.133969],[-122.983041,46.133945],[-122.98317,46.133945]]]}},{"type":"Feature","properties":{"id":17,"area_m2":1000,"px":10,"rank":22,"persistent":false},"geometry":{"type":"Polygon","coordinates":[[[-122.982394,46.132505],[-122.982394,46.132595],[-122.982313,46.132599],[-122.982268,46.132633],[-122.982265,46.132775],[-122.982158,46.132791],[-122.982135,46.132865],[-122.982019,46.132889],[-122.982006,46.132955],[-122.981747,46.132955],[-122.981747,46.132775],[-122.981983,46.132759],[-122.982006,46.132595],[-122.98221,46.132592],[-122.982259,46.132561],[-122.982265,46.132505],[-122.982394,46.132505]]]}},{"type":"Feature","properties":{"id":30,"area_m2":1000,"px":10,"rank":23,"persistent":false},"geometry":{"type":"Polygon","coordinates":[[[-122.992103,46.130976],[-122.992103,46.131156],[-122.991974,46.131156],[-122.991913,46.131132],[-122.991845,46.131156],[-122.991715,46.131156],[-122.991706,46.131004],[-122.99166,46.130978],[-122.991586,46.130976],[-122.991586,46.130796],[-122.991845,46.130796],[-122.991867,46.13087],[-122.991974,46.130886],[-122.992009,46.130967],[-122.992103,46.130976]]]}},{"type":"Feature","properties":{"id":16,"area_m2":900,"px":9,"rank":24,"persistent":false},"geometry":{"type":"Polygon","coordinates":[[[-122.993268,46.132596],[-122.993268,46.132776],[-122.99318,46.132782],[-122.99314,46.132819],[-122.993139,46.133046],[-122.993009,46.133046],[-122.992987,46.132972],[-122.99288,46.132956],[-122.99288,46.132866],[-122.992975,46.132857],[-122.993009,46.132812],[-122.993006,46.132634],[-122.992962,46.1326],[-122.99288,46.132596],[-122.99288,46.132506],[-122.993009,46.132506],[-122.993015,46.132563],[-122.993065,46.132594],[-122.993268,46.132596]]]}},{"type":"Feature","properties":{"id":38,"area_m2":900,"px":9,"rank":25,"persistent":false},"geometry":{"type":"Polygon","coordinates":[[[-122.981489,46.129265],[-122.981489,46.129624],[-122.98136,46.129624],[-122.981337,46.12955],[-122.98123,46.129534],[-122.981221,46.129293],[-122.981175,46.129267],[-122.981101,46.129264],[-122.981066,46.129184],[-122.980971,46.129174],[-122.980971,46.129085],[-122.981101,46.129085],[-122.981114,46.12915],[-122.98123,46.129175],[-122.981234,46.129226],[-122.981271,46.129258],[-122.981489,46.129265]]]}},{"type":"Feature","properties":{"id":11,"area_m2":800,"px":8,"rank":26,"persistent":false},"geometry":{"type":"Polygon","coordinates":[[[-122.98796,46.133946],[-122.98796,46.134035],[-122.987872,46.134042],[-122.987832,46.134079],[-122.987831,46.134305],[-122.987572,46.134305],[-122.987572,46.134126],[-122.98766,46.134119],[-122.9877,46.134082],[-122.987702,46.133856],[-122.987831,46.133856],[-122.987854,46.13393],[-122.98796,46.133946]]]}},{"type":"Feature","properties":{"id":24,"area_m2":800,"px":8,"rank":27,"persistent":false},"geometry":{"type":"Polygon","coordinates":[[[-122.979158,46.131514],[-122.979158,46.131604],[-122.979051,46.13162],[-122.979029,46.131694],[-122.978912,46.131718],[-122.978899,46.131784],[-122.97864,46.131784],[-122.978618,46.13171],[-122.978511,46.131694],[-122.978511,46.131604],[-122.978837,46.131603],[-122.97889,46.131576],[-122.978899,46.131514],[-122.979158,46.131514]]]}},{"type":"Feature","properties":{"id":43,"area_m2":800,"px":8,"rank":28,"persistent":false},"geometry":{"type":"Polygon","coordinates":[[[-122.990421,46.128816],[-122.990421,46.128906],[-122.990314,46.128921],[-122.990291,46.128996],[-122.990162,46.128996],[-122.990139,46.128921],[-122.990033,46.128906],[-122.990015,46.128835],[-122.989903,46.128816],[-122.989869,46.128735],[-122.989774,46.128726],[-122.989745,46.128648],[-122.989644,46.128636],[-122.989644,46.128546],[-122.989774,46.128546],[-122.98978,46.128602],[-122.989829,46.128633],[-122.990033,46.128636],[-122.990046,46.128702],[-122.990162,46.128726],[-122.990165,46.128791],[-122.990208,46.128825],[-122.990421,46.128816]]]}},{"type":"Feature","properties":{"id":8,"area_m2":700,"px":7,"rank":29,"persistent":false},"geometry":{"type":"Polygon","coordinates":[[[-122.983559,46.134575],[-122.983559,46.134665],[-122.98317,46.134665],[-122.983148,46.134591],[-122.983041,46.134575],[-122.983041,46.134485],[-122.983148,46.134469],[-122.98317,46.134395],[-122.9833,46.134395],[-122.983323,46.134469],[-122.983429,46.134485],[-122.983464,46.134566],[-122.983559,46.134575]]]}},{"type":"Feature","properties":{"id":6,"area_m2":700,"px":7,"rank":30,"persistent":false},"geometry":{"type":"Polygon","coordinates":[[[-122.989255,46.134486],[-122.989255,46.134666],[-122.989125,46.134666],[-122.989103,46.134591],[-122.988996,46.134576],[-122.988983,46.13451],[-122.988867,46.134486],[-122.988838,46.134408],[-122.988737,46.134396],[-122.988737,46.134306],[-122.988996,46.134306],[-122.989019,46.13438],[-122.989125,46.134396],[-122.98916,46.134477],[-122.989255,46.134486]]]}},{"type":"Feature","properties":{"id":19,"area_m2":700,"px":7,"rank":31,"persistent":false},"geometry":{"type":"Polygon","coordinates":[[[-122.987702,46.132506],[-122.987702,46.132685],[-122.987443,46.132685],[-122.987434,46.132534],[-122.987388,46.132508],[-122.987314,46.132505],[-122.987314,46.132325],[-122.987443,46.132325],[-122.987466,46.1324],[-122.987572,46.132415],[-122.987607,46.132496],[-122.987702,46.132506]]]}},{"type":"Feature","properties":{"id":27,"area_m2":700,"px":7,"rank":32,"persistent":false},"geometry":{"type":"Polygon","coordinates":[[[-122.988997,46.131336],[-122.988996,46.131515],[-122.988867,46.131515],[-122.988867,46.131384],[-122.988833,46.131345],[-122.988479,46.131335],[-122.988479,46.131156],[-122.988738,46.131156],[-122.98876,46.13123],[-122.988867,46.131246],[-122.988902,46.131326],[-122.988997,46.131336]]]}},{"type":"Feature","properties":{"id":32,"area_m2":700,"px":7,"rank":33,"persistent":false},"geometry":{"type":"Polygon","coordinates":[[[-122.986408,46.130525],[-122.986408,46.130615],[-122.986301,46.130631],[-122.986278,46.130705],[-122.986177,46.130717],[-122.986149,46.130795],[-122.986048,46.130807],[-122.986019,46.130885],[-122.985924,46.130894],[-122.98589,46.130975],[-122.985778,46.130995],[-122.98576,46.131065],[-122.985631,46.131065],[-122.985631,46.130975],[-122.985666,46.130933],[-122.985631,46.130885],[-122.985631,46.130795],[-122.98576,46.130795],[-122.985829,46.130819],[-122.985978,46.130789],[-122.986016,46.130757],[-122.986019,46.130705],[-122.986136,46.130681],[-122.986149,46.130615],[-122.986261,46.130596],[-122.986278,46.130525],[-122.986408,46.130525]]]}},{"type":"Feature","properties":{"id":59,"area_m2":700,"px":7,"rank":34,"persistent":false},"geometry":{"type":"Polygon","coordinates":[[[-122.956129,46.114947],[-122.956128,46.115397],[-122.955999,46.115397],[-122.955996,46.115346],[-122.955958,46.115314],[-122.95574,46.115307],[-122.955741,46.115217],[-122.955977,46.115202],[-122.956,46.114947],[-122.956129,46.114947]]]}},{"type":"Feature","properties":{"id":41,"area_m2":600,"px":6,"rank":35,"persistent":false},"geometry":{"type":"Polygon","coordinates":[[[-122.99068,46.129176],[-122.99068,46.129356],[-122.990421,46.129356],[-122.990398,46.129281],[-122.990292,46.129266],[-122.990292,46.129086],[-122.990421,46.129086],[-122.990427,46.129142],[-122.990476,46.129173],[-122.99068,46.129176]]]}},{"type":"Feature","properties":{"id":25,"area_m2":500,"px":5,"rank":36,"persistent":false},"geometry":{"type":"Polygon","coordinates":[[[-122.987314,46.131515],[-122.987314,46.131695],[-122.987184,46.131695],[-122.987161,46.131531],[-122.986796,46.131515],[-122.986796,46.131425],[-122.987184,46.131425],[-122.987207,46.1315],[-122.987314,46.131515]]]}},{"type":"Feature","properties":{"id":40,"area_m2":500,"px":5,"rank":37,"persistent":false},"geometry":{"type":"Polygon","coordinates":[[[-122.975276,46.129353],[-122.975275,46.129443],[-122.975017,46.129443],[-122.974994,46.129369],[-122.974887,46.129353],[-122.974887,46.129173],[-122.975017,46.129173],[-122.97504,46.129248],[-122.975146,46.129263],[-122.975181,46.129344],[-122.975276,46.129353]]]}},{"type":"Feature","properties":{"id":45,"area_m2":500,"px":5,"rank":38,"persistent":false},"geometry":{"type":"Polygon","coordinates":[[[-122.971911,46.128003],[-122.971911,46.128183],[-122.971781,46.128182],[-122.971758,46.128108],[-122.971652,46.128092],[-122.971617,46.128012],[-122.971522,46.128002],[-122.971522,46.127913],[-122.971781,46.127913],[-122.971804,46.127987],[-122.971911,46.128003]]]}},{"type":"Feature","properties":{"id":50,"area_m2":500,"px":5,"rank":39,"persistent":false},"geometry":{"type":"Polygon","coordinates":[[[-122.971911,46.122604],[-122.971879,46.12265],[-122.971913,46.122693],[-122.971913,46.122782],[-122.971784,46.122782],[-122.971723,46.122758],[-122.971654,46.122782],[-122.971525,46.122782],[-122.971525,46.122602],[-122.971729,46.1226],[-122.971778,46.122569],[-122.971784,46.122513],[-122.971912,46.122512],[-122.971911,46.122604]]]}},{"type":"Feature","properties":{"id":15,"area_m2":400,"px":4,"rank":40,"persistent":false},"geometry":{"type":"Polygon","coordinates":[[[-122.981229,46.133135],[-122.981229,46.133225],[-122.980841,46.133224],[-122.980841,46.133135],[-122.980947,46.133119],[-122.98097,46.133045],[-122.981099,46.133045],[-122.981122,46.133119],[-122.981229,46.133135]]]}},{"type":"Feature","properties":{"id":21,"area_m2":400,"px":4,"rank":41,"persistent":false},"geometry":{"type":"Polygon","coordinates":[[[-122.981617,46.132325],[-122.981617,46.132415],[-122.981511,46.13243],[-122.981488,46.132505],[-122.981229,46.132504],[-122.981229,46.132415],[-122.981336,46.132399],[-122.981359,46.132325],[-122.981617,46.132325]]]}},{"type":"Feature","properties":{"id":23,"area_m2":400,"px":4,"rank":42,"persistent":false},"geometry":{"type":"Polygon","coordinates":[[[-122.993398,46.131876],[-122.993398,46.131966],[-122.993139,46.131966],[-122.993116,46.131892],[-122.99301,46.131876],[-122.992975,46.131795],[-122.99288,46.131786],[-122.99288,46.131696],[-122.993009,46.131696],[-122.993023,46.131762],[-122.993139,46.131786],[-122.993142,46.131838],[-122.99318,46.13187],[-122.993398,46.131876]]]}},{"type":"Feature","properties":{"id":31,"area_m2":400,"px":4,"rank":43,"persistent":false},"geometry":{"type":"Polygon","coordinates":[[[-122.986667,46.130795],[-122.986666,46.130975],[-122.98656,46.130991],[-122.986537,46.131065],[-122.986408,46.131065],[-122.986408,46.130885],[-122.986514,46.130869],[-122.986537,46.130795],[-122.986667,46.130795]]]}},{"type":"Feature","properties":{"id":35,"area_m2":400,"px":4,"rank":44,"persistent":false},"geometry":{"type":"Polygon","coordinates":[[[-122.977087,46.130344],[-122.977087,46.130434],[-122.976981,46.13045],[-122.976958,46.130524],[-122.976829,46.130524],[-122.976806,46.13045],[-122.976699,46.130434],[-122.976699,46.130344],[-122.977087,46.130344]]]}},{"type":"Feature","properties":{"id":39,"area_m2":400,"px":4,"rank":45,"persistent":false},"geometry":{"type":"Polygon","coordinates":[[[-122.977347,46.129354],[-122.977347,46.129444],[-122.977088,46.129444],[-122.977065,46.12937],[-122.976959,46.129354],[-122.976924,46.129273],[-122.976829,46.129264],[-122.976829,46.129174],[-122.976958,46.129174],[-122.976972,46.12924],[-122.977088,46.129264],[-122.977091,46.129315],[-122.977129,46.129347],[-122.977347,46.129354]]]}},{"type":"Feature","properties":{"id":62,"area_m2":400,"px":4,"rank":46,"persistent":false},"geometry":{"type":"Polygon","coordinates":[[[-122.964541,46.11378],[-122.964541,46.11387],[-122.964435,46.113886],[-122.964412,46.11396],[-122.964153,46.11396],[-122.964153,46.11387],[-122.96426,46.113854],[-122.964283,46.11378],[-122.964541,46.11378]]]}},{"type":"Feature","properties":{"id":3,"area_m2":300,"px":3,"rank":47,"persistent":false},"geometry":{"type":"Polygon","coordinates":[[[-122.990031,46.135206],[-122.990031,46.135296],[-122.989925,46.135312],[-122.989902,46.135386],[-122.989786,46.13541],[-122.989772,46.135476],[-122.989643,46.135476],[-122.989643,46.135386],[-122.98975,46.13537],[-122.989773,46.135296],[-122.989889,46.135272],[-122.989902,46.135206],[-122.990031,46.135206]]]}},{"type":"Feature","properties":{"id":5,"area_m2":300,"px":3,"rank":48,"persistent":false},"geometry":{"type":"Polygon","coordinates":[[[-122.989384,46.134846],[-122.989384,46.134936],[-122.989255,46.134936],[-122.989251,46.134884],[-122.989214,46.134852],[-122.988996,46.134846],[-122.988996,46.134756],[-122.989255,46.134756],[-122.989278,46.13483],[-122.989384,46.134846]]]}},{"type":"Feature","properties":{"id":9,"area_m2":300,"px":3,"rank":49,"persistent":false},"geometry":{"type":"Polygon","coordinates":[[[-122.990679,46.134216],[-122.990679,46.134306],[-122.990597,46.13431],[-122.990553,46.134344],[-122.990549,46.134486],[-122.99042,46.134486],[-122.99042,46.134306],[-122.990527,46.13429],[-122.99055,46.134216],[-122.990679,46.134216]]]}},{"type":"Feature","properties":{"id":10,"area_m2":300,"px":3,"rank":50,"persistent":false},"geometry":{"type":"Polygon","coordinates":[[[-122.988478,46.134216],[-122.988478,46.134305],[-122.988219,46.134305],[-122.988197,46.134231],[-122.98809,46.134215],[-122.98809,46.134126],[-122.988219,46.134126],[-122.988225,46.134182],[-122.988274,46.134213],[-122.988478,46.134216]]]}},{"type":"Feature","properties":{"id":20,"area_m2":300,"px":3,"rank":51,"persistent":false},"geometry":{"type":"Polygon","coordinates":[[[-122.989773,46.132416],[-122.989773,46.132506],[-122.989514,46.132506],[-122.989514,46.132326],[-122.989644,46.132326],[-122.989666,46.1324],[-122.989773,46.132416]]]}},{"type":"Feature","properties":{"id":22,"area_m2":300,"px":3,"rank":52,"persistent":false},"geometry":{"type":"Polygon","coordinates":[[[-122.989126,46.131966],[-122.989126,46.132056],[-122.988738,46.132055],[-122.988738,46.131966],[-122.989126,46.131966]]]}},{"type":"Feature","properties":{"id":28,"area_m2":300,"px":3,"rank":53,"persistent":false},"geometry":{"type":"Polygon","coordinates":[[[-122.984854,46.131155],[-122.984854,46.131245],[-122.984747,46.131261],[-122.984725,46.131335],[-122.984595,46.131335],[-122.984595,46.131155],[-122.984854,46.131155]]]}},{"type":"Feature","properties":{"id":29,"area_m2":300,"px":3,"rank":54,"persistent":false},"geometry":{"type":"Polygon","coordinates":[[[-122.988347,46.131067],[-122.988315,46.131113],[-122.988349,46.131156],[-122.988349,46.131245],[-122.98822,46.131245],[-122.988197,46.131171],[-122.988091,46.131155],[-122.988091,46.131066],[-122.988197,46.13105],[-122.98822,46.130976],[-122.988348,46.130975],[-122.988347,46.131067]]]}},{"type":"Feature","properties":{"id":33,"area_m2":300,"px":3,"rank":55,"persistent":false},"geometry":{"type":"Polygon","coordinates":[[[-122.985372,46.130885],[-122.985372,46.130975],[-122.985265,46.130991],[-122.985242,46.131065],[-122.985113,46.131065],[-122.985113,46.130885],[-122.985372,46.130885]]]}},{"type":"Feature","properties":{"id":34,"area_m2":300,"px":3,"rank":56,"persistent":false},"geometry":{"type":"Polygon","coordinates":[[[-122.989385,46.130346],[-122.989385,46.130526],[-122.989256,46.130526],[-122.989252,46.130384],[-122.989208,46.13035],[-122.989126,46.130345],[-122.989126,46.130256],[-122.989256,46.130256],[-122.989278,46.13033],[-122.989385,46.130346]]]}},{"type":"Feature","properties":{"id":36,"area_m2":300,"px":3,"rank":57,"persistent":false},"geometry":{"type":"Polygon","coordinates":[[[-122.976958,46.129894],[-122.976958,46.130074],[-122.976851,46.13009],[-122.976829,46.130164],[-122.976699,46.130164],[-122.976699,46.130074],[-122.976781,46.13007],[-122.976825,46.130035],[-122.976829,46.129894],[-122.976958,46.129894]]]}},{"type":"Feature","properties":{"id":37,"area_m2":300,"px":3,"rank":58,"persistent":false},"geometry":{"type":"Polygon","coordinates":[[[-122.98589,46.129625],[-122.98589,46.129805],[-122.985761,46.129805],[-122.985738,46.129731],[-122.985631,46.129715],[-122.985631,46.129625],[-122.98589,46.129625]]]}},{"type":"Feature","properties":{"id":42,"area_m2":300,"px":3,"rank":59,"persistent":false},"geometry":{"type":"Polygon","coordinates":[[[-122.989644,46.129176],[-122.989644,46.129356],[-122.989515,46.129356],[-122.989492,46.129281],[-122.989385,46.129265],[-122.989385,46.129176],[-122.989644,46.129176]]]}},{"type":"Feature","properties":{"id":44,"area_m2":300,"px":3,"rank":60,"persistent":false},"geometry":{"type":"Polygon","coordinates":[[[-122.986408,46.128095],[-122.986408,46.128185],[-122.986205,46.128188],[-122.986155,46.128219],[-122.986149,46.128275],[-122.98602,46.128275],[-122.98602,46.128185],[-122.986127,46.128169],[-122.98615,46.128095],[-122.986408,46.128095]]]}},{"type":"Feature","properties":{"id":49,"area_m2":300,"px":3,"rank":61,"persistent":false},"geometry":{"type":"Polygon","coordinates":[[[-122.966347,46.124581],[-122.966347,46.124671],[-122.96624,46.124687],[-122.966217,46.124761],[-122.966088,46.124761],[-122.966088,46.124581],[-122.966347,46.124581]]]}},{"type":"Feature","properties":{"id":51,"area_m2":300,"px":3,"rank":62,"persistent":false},"geometry":{"type":"Polygon","coordinates":[[[-122.975149,46.121793],[-122.975149,46.121973],[-122.97502,46.121973],[-122.974997,46.121899],[-122.974891,46.121883],[-122.974891,46.121793],[-122.975149,46.121793]]]}},{"type":"Feature","properties":{"id":53,"area_m2":300,"px":3,"rank":63,"persistent":false},"geometry":{"type":"Polygon","coordinates":[[[-122.970103,46.119092],[-122.970103,46.119182],[-122.969974,46.119182],[-122.969951,46.119108],[-122.969845,46.119092],[-122.96981,46.119011],[-122.969715,46.119002],[-122.969715,46.118912],[-122.969844,46.118912],[-122.969867,46.118986],[-122.969974,46.119002],[-122.970008,46.119083],[-122.970103,46.119092]]]}},{"type":"Feature","properties":{"id":55,"area_m2":300,"px":3,"rank":64,"persistent":false},"geometry":{"type":"Polygon","coordinates":[[[-122.960657,46.117289],[-122.960656,46.117559],[-122.960527,46.117559],[-122.960527,46.117289],[-122.960657,46.117289]]]}},{"type":"Feature","properties":{"id":57,"area_m2":300,"px":3,"rank":65,"persistent":false},"geometry":{"type":"Polygon","coordinates":[[[-122.95781,46.115848],[-122.95781,46.115938],[-122.957607,46.11594],[-122.957558,46.115971],[-122.957552,46.116028],[-122.957422,46.116028],[-122.957422,46.115938],[-122.957529,46.115922],[-122.957552,46.115848],[-122.95781,46.115848]]]}},{"type":"Feature","properties":{"id":65,"area_m2":300,"px":3,"rank":66,"persistent":false},"geometry":{"type":"Polygon","coordinates":[[[-122.961954,46.11315],[-122.961954,46.113239],[-122.961824,46.113239],[-122.961802,46.113165],[-122.961695,46.113149],[-122.96166,46.113068],[-122.961566,46.113059],[-122.961566,46.112969],[-122.961695,46.112969],[-122.961718,46.113044],[-122.961824,46.113059],[-122.961859,46.11314],[-122.961954,46.11315]]]}}]}