{"type":"FeatureCollection","features":[{"type":"Feature","properties":{"id":9,"area_m2":721500,"px":7215,"rank":1,"persistent":false},"geometry":{"type":"Polygon","coordinates":[[[-122.987443,46.133855],[-122.987442,46.134035],[-122.987336,46.134051],[-122.987313,46.134125],[-122.987184,46.134125],[-122.987171,46.134059],[-122.987054,46.134035],[-122.987048,46.133979],[-122.986999,46.133948],[-122.986716,46.133946],[-122.986663,46.133966],[-122.986646,46.134001],[-122.986679,46.134101],[-122.986795,46.134125],[-122.98683,46.134206],[-122.986925,46.134215],[-122.986925,46.134485],[-122.986795,46.134485],[-122.986772,46.134321],[-122.986666,46.134305],[-122.98666,46.134249],[-122.986611,46.134218],[-122.986277,46.134215],[-122.986268,46.134064],[-122.986222,46.134038],[-122.986148,46.134035],[-122.986113,46.133954],[-122.986019,46.133945],[-122.985984,46.133864],[-122.985828,46.133831],[-122.98576,46.133855],[-122.985501,46.133855],[-122.985485,46.133773],[-122.985582,46.133761],[-122.985627,46.133727],[-122.985624,46.133529],[-122.985582,46.133499],[-122.985501,46.133495],[-122.985498,46.133444],[-122.98546,46.133412],[-122.985269,46.133409],[-122.985223,46.13345],[-122.985243,46.133542],[-122.985283,46.133579],[-122.985371,46.133585],[-122.985387,46.133758],[-122.985251,46.133794],[-122.985242,46.133945],[-122.985147,46.133948],[-122.985101,46.133975],[-122.985121,46.13411],[-122.98518,46.134139],[-122.985316,46.134123],[-122.985365,46.134092],[-122.985371,46.134035],[-122.985501,46.134035],[-122.985523,46.134199],[-122.98563,46.134215],[-122.985636,46.134272],[-122.985678,46.134301],[-122.985889,46.134305],[-122.985889,46.134395],[-122.985671,46.134402],[-122.985633,46.134434],[-122.98563,46.134485],[-122.985373,46.134485],[-122.985358,46.134419],[-122.985242,46.134395],[-122.985219,46.134321],[-122.985112,46.134305],[-122.98509,46.134231],[-122.984983,46.134215],[-122.98496,46.134141],[-122.984853,46.134125],[-122.984831,46.134051],[-122.984724,46.134035],[-122.984701,46.133961],[-122.984465,46.133945],[-122.984447,46.133875],[-122.984336,46.133855],[-122.984323,46.133789],[-122.984206,46.133765],[-122.9842,46.133708],[-122.984158,46.133679],[-122.983866,46.133679],[-122.983824,46.133708],[-122.983818,46.133765],[-122.983485,46.133767],[-122.983435,46.133798],[-122.983429,46.133855],[-122.9833,46.133855],[-122.983294,46.133785],[-122.983247,46.133754],[-122.983041,46.133765],[-122.983041,46.133585],[-122.983158,46.133561],[-122.983167,46.133443],[-122.983116,46.133407],[-122.982974,46.133406],[-122.982921,46.133433],[-122.982912,46.133495],[-122.982782,46.133495],[-122.982782,46.133135],[-122.982889,46.133119],[-122.982912,46.133045],[-122.983028,46.133021],[-122.983041,46.132955],[-122.9833,46.132955],[-122.983323,46.133029],[-122.98343,46.133045],[-122.98343,46.133266],[-122.983464,46.133306],[-122.983688,46.133315],[-122.98375,46.133339],[-122.983818,46.133315],[-122.984029,46.133311],[-122.984077,46.133266],[-122.984059,46.133155],[-122.984007,46.133135],[-122.983818,46.133135],[-122.983795,46.133061],[-122.983689,46.133045],[-122.983689,46.132775],[-122.983818,46.132775],[-122.983853,46.132856],[-122.984077,46.132865],[-122.984105,46.132943],[-122.984283,46.132979],[-122.984456,46.132927],[-122.984464,46.132715],[-122.984398,46.132672],[-122.984207,46.132685],[-122.984201,46.132628],[-122.984151,46.132597],[-122.983948,46.132595],[-122.983925,46.132431],[-122.983689,46.132415],[-122.983683,46.132358],[-122.983634,46.132327],[-122.98343,46.132325],[-122.983427,46.132273],[-122.983389,46.132241],[-122.983042,46.132235],[-122.983038,46.132093],[-122.982994,46.132059],[-122.982912,46.132055],[-122.982899,46.131899],[-122.982783,46.131875],[-122.982748,46.131794],[-122.982653,46.131785],[-122.982625,46.131707],[-122.982524,46.131695],[-122.982518,46.131625],[-122.982471,46.131594],[-122.982017,46.131616],[-122.981965,46.131521],[-122.981693,46.131501],[-122.981627,46.13153],[-122.981607,46.131616],[-122.981434,46.131591],[-122.981371,46.131615],[-122.98136,46.131755],[-122.981412,46.131796],[-122.981589,46.131772],[-122.981629,46.131684],[-122.981995,46.131684],[-122.982006,46.131785],[-122.981782,46.131794],[-122.981748,46.131833],[-122.981747,46.131965],[-122.981536,46.131969],[-122.981494,46.131998],[-122.981488,46.132055],[-122.981393,46.132057],[-122.981347,46.132084],[-122.981376,46.132215],[-122.981488,46.132235],[-122.981523,46.132316],[-122.981617,46.132325],[-122.981617,46.132415],[-122.981511,46.13243],[-122.981488,46.132505],[-122.981359,46.132505],[-122.981336,46.13243],[-122.981213,46.132407],[-122.981249,46.13229],[-122.981222,46.132247],[-122.981033,46.132236],[-122.980974,46.132273],[-122.980971,46.132366],[-122.981011,46.132408],[-122.981115,46.132422],[-122.9811,46.132594],[-122.98097,46.132594],[-122.980894,46.132571],[-122.980759,46.132599],[-122.980717,46.132628],[-122.980717,46.132831],[-122.980759,46.13286],[-122.980841,46.132865],[-122.980841,46.132996],[-122.980869,46.133032],[-122.981099,46.133045],[-122.981099,46.133224],[-122.98097,46.133224],[-122.980957,46.133159],[-122.980841,46.133134],[-122.980837,46.133083],[-122.980799,46.133051],[-122.980582,46.133044],[-122.980559,46.13297],[-122.980452,46.132954],[-122.980435,46.132794],[-122.980323,46.132774],[-122.980288,46.132694],[-122.980193,46.132684],[-122.980194,46.132504],[-122.9803,46.132489],[-122.980323,46.132414],[-122.980553,46.132402],[-122.980597,46.132269],[-122.980532,46.132235],[-122.980194,46.132234],[-122.980211,46.132004],[-122.980166,46.131969],[-122.980064,46.131964],[-122.980061,46.131733],[-122.980016,46.131698],[-122.979935,46.131694],[-122.979906,46.131617],[-122.979676,46.131604],[-122.979653,46.13153],[-122.979501,46.131492],[-122.979417,46.131514],[-122.979288,46.131514],[-122.979288,46.131334],[-122.979376,46.131328],[-122.979416,46.131291],[-122.979416,46.131198],[-122.979383,46.131163],[-122.979227,46.13113],[-122.979049,46.131161],[-122.979009,46.131205],[-122.979029,46.131334],[-122.978899,46.131334],[-122.978893,46.131277],[-122.978844,46.131246],[-122.978709,46.13122],[-122.97864,46.131244],[-122.978511,46.131244],[-122.978511,46.131113],[-122.978477,46.131073],[-122.978287,46.131073],[-122.978252,46.131154],[-122.978171,46.131158],[-122.978129,46.131187],[-122.978123,46.131334],[-122.978041,46.131338],[-122.977997,46.131372],[-122.977995,46.131561],[-122.978034,46.131598],[-122.978122,46.131604],[-122.978122,46.131783],[-122.977993,46.131784],[-122.97797,46.13171],[-122.977864,46.131694],[-122.977864,46.131334],[-122.977938,46.131332],[-122.977984,46.131305],[-122.977993,46.131154],[-122.978075,46.13115],[-122.978119,46.131116],[-122.97811,46.130998],[-122.978053,46.130974],[-122.977864,46.130974],[-122.977855,46.130912],[-122.977801,46.130885],[-122.977087,46.130884],[-122.977084,46.130832],[-122.977046,46.1308],[-122.976828,46.130794],[-122.976829,46.130704],[-122.977217,46.130704],[-122.977226,46.130765],[-122.977287,46.130794],[-122.97757,46.130791],[-122.977624,46.130733],[-122.977571,46.130623],[-122.977346,46.130614],[-122.977318,46.130536],[-122.977087,46.130524],[-122.977082,46.130467],[-122.977032,46.130436],[-122.976876,46.130438],[-122.976834,46.130467],[-122.976828,46.130524],[-122.976699,46.130524],[-122.97669,46.130372],[-122.976644,46.130346],[-122.97657,46.130344],[-122.97657,46.130254],[-122.976699,46.130254],[-122.976768,46.130278],[-122.976829,46.130254],[-122.977077,46.130243],[-122.977105,46.130324],[-122.977217,46.130344],[-122.97723,46.13041],[-122.977346,46.130434],[-122.977381,46.130515],[-122.977547,46.130524],[-122.977603,46.130507],[-122.977625,46.130468],[-122.977596,46.130372],[-122.97755,46.130346],[-122.977476,46.130344],[-122.977441,46.130263],[-122.977346,46.130254],[-122.977324,46.13018],[-122.977269,46.130164],[-122.977098,46.130175],[-122.977084,46.130022],[-122.97704,46.129988],[-122.976958,46.129984],[-122.976958,46.129894],[-122.977171,46.129903],[-122.977214,46.129869],[-122.977217,46.129804],[-122.977571,46.129795],[-122.977606,46.129714],[-122.977687,46.12971],[-122.977729,46.129681],[-122.977735,46.129534],[-122.97777,46.129486],[-122.977717,46.129374],[-122.977606,46.129354],[-122.977588,46.129284],[-122.977476,46.129264],[-122.977463,46.129198],[-122.977347,46.129174],[-122.977312,46.129093],[-122.976829,46.129084],[-122.976829,46.128994],[-122.976864,46.128946],[-122.976804,46.128887],[-122.976441,46.128904],[-122.976438,46.128852],[-122.9764,46.12882],[-122.976182,46.128814],[-122.976182,46.128724],[-122.9765,46.128723],[-122.976557,46.1287],[-122.97657,46.128508],[-122.976548,46.128469],[-122.976379,46.12844],[-122.976317,46.128473],[-122.976311,46.128544],[-122.976182,46.128543],[-122.976121,46.128519],[-122.976053,46.128543],[-122.975923,46.128543],[-122.975938,46.128398],[-122.975889,46.128366],[-122.975794,46.128363],[-122.975772,46.128276],[-122.975719,46.12826],[-122.975535,46.128273],[-122.975512,46.128019],[-122.975276,46.128003],[-122.975263,46.127937],[-122.975147,46.127913],[-122.975141,46.127857],[-122.975099,46.127827],[-122.974888,46.127823],[-122.974882,46.127587],[-122.97484,46.127557],[-122.974759,46.127553],[-122.974753,46.127497],[-122.974704,46.127466],[-122.974562,46.127464],[-122.974513,46.127487],[-122.9745,46.127733],[-122.974425,46.127735],[-122.974379,46.127762],[-122.97437,46.127913],[-122.974241,46.127913],[-122.974235,46.127496],[-122.974193,46.127467],[-122.974112,46.127463],[-122.974108,46.127411],[-122.97407,46.127379],[-122.97393,46.127373],[-122.973866,46.127397],[-122.973819,46.1275],[-122.973852,46.127553],[-122.973852,46.127823],[-122.973635,46.127829],[-122.973597,46.127861],[-122.973593,46.127913],[-122.973512,46.127917],[-122.973467,46.127951],[-122.97347,46.12806],[-122.973512,46.128089],[-122.973593,46.128093],[-122.973593,46.128182],[-122.973519,46.128185],[-122.973473,46.128212],[-122.973464,46.128363],[-122.973334,46.128363],[-122.973325,46.128301],[-122.973272,46.128274],[-122.973131,46.128275],[-122.973079,46.128311],[-122.973085,46.128424],[-122.973131,46.128451],[-122.973205,46.128453],[-122.973239,46.128534],[-122.973334,46.128543],[-122.973334,46.128633],[-122.973075,46.128633],[-122.973066,46.128481],[-122.97302,46.128455],[-122.972946,46.128453],[-122.972937,46.128391],[-122.972876,46.128363],[-122.972606,46.128367],[-122.972564,46.128396],[-122.972558,46.128453],[-122.972441,46.128477],[-122.972428,46.128543],[-122.972299,46.128543],[-122.972299,46.128453],[-122.97238,46.128449],[-122.972425,46.128414],[-122.972428,46.128273],[-122.97251,46.128269],[-122.972554,46.128234],[-122.972545,46.128027],[-122.972488,46.128003],[-122.972299,46.128003],[-122.972276,46.127838],[-122.97204,46.127823],[-122.972018,46.127748],[-122.971911,46.127733],[-122.971898,46.127667],[-122.971782,46.127642],[-122.971753,46.127565],[-122.971652,46.127552],[-122.971652,46.127421],[-122.971624,46.127385],[-122.971393,46.127372],[-122.971387,46.127316],[-122.971338,46.127285],[-122.971134,46.127282],[-122.971135,46.127192],[-122.971235,46.12718],[-122.971264,46.127102],[-122.971365,46.12709],[-122.971394,46.127012],[-122.971488,46.127003],[-122.971523,46.126923],[-122.971597,46.12692],[-122.971643,46.126894],[-122.971653,46.126743],[-122.971759,46.126727],[-122.971814,46.126621],[-122.971782,46.126562],[-122.971782,46.126473],[-122.971911,46.126473],[-122.971988,46.126496],[-122.972068,46.126451],[-122.972035,46.126236],[-122.971993,46.126207],[-122.971912,46.126202],[-122.971912,46.126023],[-122.97217,46.126023],[-122.972193,46.126097],[-122.9723,46.126113],[-122.972301,46.126249],[-122.972348,46.126289],[-122.972498,46.126317],[-122.972696,46.126268],[-122.972688,46.126023],[-122.972763,46.12602],[-122.972809,46.125994],[-122.972838,46.125809],[-122.972797,46.125759],[-122.972689,46.125753],[-122.972689,46.125573],[-122.972925,46.125557],[-122.972967,46.125454],[-122.972946,46.125409],[-122.972737,46.125397],[-122.972695,46.125426],[-122.972678,46.125494],[-122.972559,46.125483],[-122.97255,46.125421],[-122.972497,46.125394],[-122.972171,46.125393],[-122.972102,46.125368],[-122.971947,46.125402],[-122.971912,46.125441],[-122.971912,46.125572],[-122.971811,46.125585],[-122.971782,46.125662],[-122.971681,46.125675],[-122.971653,46.125752],[-122.971552,46.125765],[-122.971523,46.125842],[-122.971429,46.125852],[-122.971394,46.125932],[-122.971282,46.125952],[-122.971264,46.126022],[-122.971158,46.126038],[-122.971135,46.126202],[-122.971028,46.126218],[-122.971005,46.126292],[-122.970904,46.126305],[-122.970876,46.126382],[-122.970775,46.126395],[-122.970746,46.126472],[-122.970652,46.126481],[-122.970617,46.126562],[-122.970505,46.126582],[-122.970487,46.126652],[-122.970358,46.126652],[-122.970375,46.126512],[-122.9703,46.126472],[-122.970128,46.126484],[-122.9701,46.126521],[-122.970099,46.126652],[-122.96997,46.126652],[-122.969952,46.126582],[-122.96984,46.126562],[-122.969806,46.126481],[-122.969711,46.126472],[-122.969683,46.126394],[-122.969582,46.126382],[-122.969553,46.126304],[-122.969323,46.126292],[-122.969317,46.126145],[-122.969275,46.126116],[-122.969194,46.126112],[-122.969159,46.126031],[-122.969064,46.126022],[-122.969041,46.125858],[-122.968676,46.125842],[-122.968663,46.125776],[-122.968547,46.125752],[-122.968512,46.125671],[-122.968288,46.125662],[-122.968265,46.125587],[-122.968158,46.125571],[-122.968141,46.125501],[-122.968029,46.125481],[-122.967994,46.125401],[-122.9679,46.125391],[-122.967871,46.125314],[-122.96777,46.125301],[-122.967742,46.125224],[-122.967641,46.125211],[-122.967618,46.125047],[-122.967511,46.125031],[-122.967494,46.124961],[-122.967382,46.124941],[-122.967369,46.124875],[-122.967253,46.124851],[-122.967218,46.12477],[-122.966994,46.124761],[-122.966994,46.124581],[-122.967123,46.124581],[-122.967136,46.124647],[-122.967253,46.124671],[-122.967287,46.124752],[-122.967511,46.124761],[-122.967529,46.124832],[-122.967641,46.124851],[-122.967675,46.124932],[-122.96777,46.124942],[-122.967799,46.125019],[-122.9679,46.125032],[-122.967928,46.125109],[-122.968029,46.125122],[-122.968057,46.125199],[-122.968158,46.125212],[-122.968187,46.125289],[-122.968288,46.125302],[-122.968316,46.125379],[-122.968547,46.125392],[-122.968564,46.125462],[-122.968676,46.125482],[-122.968694,46.125552],[-122.968805,46.125572],[-122.968818,46.125638],[-122.968935,46.125662],[-122.968969,46.125743],[-122.969146,46.125748],[-122.969188,46.125719],[-122.969194,46.125662],[-122.969305,46.125642],[-122.969306,46.125412],[-122.969194,46.125392],[-122.969191,46.12534],[-122.969153,46.125308],[-122.968935,46.125302],[-122.968912,46.125228],[-122.968806,46.125212],[-122.968806,46.125032],[-122.96903,46.125029],[-122.969084,46.124981],[-122.96903,46.124861],[-122.968806,46.124852],[-122.968817,46.124751],[-122.969065,46.124762],[-122.969074,46.124823],[-122.969127,46.124851],[-122.969268,46.12485],[-122.96932,46.124814],[-122.96932,46.12462],[-122.969276,46.124586],[-122.969194,46.124582],[-122.969177,46.124422],[-122.969065,46.124402],[-122.969047,46.124332],[-122.968936,46.124312],[-122.968922,46.124246],[-122.968858,46.124222],[-122.968588,46.124228],[-122.968549,46.124265],[-122.968536,46.124413],[-122.968358,46.124402],[-122.968306,46.124421],[-122.96829,46.124538],[-122.968351,46.124581],[-122.968513,46.124573],[-122.968558,46.124481],[-122.968806,46.124492],[-122.968795,46.124683],[-122.968617,46.124672],[-122.968553,46.124705],[-122.968512,46.124804],[-122.968547,46.124852],[-122.968547,46.124942],[-122.968418,46.124942],[-122.968395,46.124867],[-122.968288,46.124852],[-122.968265,46.124597],[-122.968029,46.124581],[-122.968029,46.124492],[-122.96813,46.124479],[-122.968159,46.124402],[-122.96826,46.124389],[-122.968288,46.124312],[-122.968383,46.124302],[-122.968418,46.124222],[-122.968492,46.124219],[-122.968538,46.124193],[-122.968548,46.123862],[-122.968636,46.123855],[-122.968675,46.123818],[-122.968664,46.123706],[-122.968548,46.123682],[-122.968513,46.123601],[-122.968418,46.123592],[-122.96839,46.123514],[-122.968228,46.123477],[-122.968071,46.123508],[-122.968033,46.12354],[-122.96803,46.123591],[-122.967914,46.123615],[-122.9679,46.123681],[-122.967282,46.123694],[-122.967254,46.12373],[-122.967253,46.123861],[-122.967172,46.123865],[-122.967127,46.1239],[-122.967124,46.124041],[-122.967035,46.124048],[-122.966996,46.124085],[-122.967,46.124188],[-122.967042,46.124217],[-122.967123,46.124221],[-122.967123,46.124311],[-122.967049,46.124314],[-122.967003,46.12434],[-122.966983,46.124502],[-122.966735,46.124491],[-122.966712,46.124417],[-122.966606,46.124401],[-122.966593,46.124335],[-122.966476,46.124311],[-122.966448,46.124233],[-122.966347,46.124221],[-122.966329,46.124061],[-122.966218,46.124041],[-122.966183,46.12396],[-122.966088,46.123951],[-122.966085,46.123809],[-122.96604,46.123775],[-122.965959,46.123771],[-122.965941,46.123611],[-122.96583,46.123591],[-122.965795,46.12351],[-122.9657,46.123501],[-122.965672,46.123423],[-122.965571,46.123411],[-122.965571,46.123279],[-122.965543,46.123243],[-122.96519,46.123243],[-122.965163,46.123281],[-122.965184,46.123457],[-122.965223,46.123494],[-122.965312,46.123501],[-122.96534,46.123578],[-122.965441,46.123591],[-122.96547,46.123668],[-122.965571,46.123681],[-122.965599,46.123759],[-122.9657,46.123771],[-122.9657,46.123951],[-122.965571,46.123951],[-122.965548,46.123877],[-122.965441,46.123861],[-122.965428,46.123705],[-122.965312,46.123681],[-122.965277,46.1236],[-122.965182,46.123591],[-122.965154,46.123513],[-122.965053,46.123501],[-122.965025,46.123423],[-122.964794,46.12341],[-122.964771,46.123336],[-122.964665,46.12332],[-122.964665,46.123141],[-122.964861,46.12314],[-122.964918,46.123107],[-122.964924,46.122871],[-122.965031,46.122855],[-122.965054,46.122781],[-122.965183,46.122781],[-122.965252,46.122805],[-122.965429,46.122757],[-122.965442,46.122511],[-122.965516,46.122508],[-122.965562,46.122482],[-122.96557,46.122361],[-122.965504,46.122317],[-122.965354,46.122337],[-122.965316,46.122369],[-122.965312,46.122421],[-122.965196,46.122445],[-122.965183,46.122511],[-122.965071,46.12253],[-122.965053,46.122601],[-122.964942,46.12262],[-122.964924,46.122691],[-122.964667,46.12269],[-122.964677,46.12245],[-122.964623,46.122422],[-122.964407,46.12242],[-122.964407,46.12233],[-122.964513,46.122315],[-122.964536,46.12224],[-122.964631,46.122231],[-122.964666,46.122151],[-122.964777,46.122131],[-122.964795,46.122061],[-122.965031,46.122045],[-122.965054,46.121881],[-122.965161,46.121865],[-122.965184,46.121791],[-122.9653,46.121767],[-122.965313,46.121701],[-122.965442,46.121701],[-122.965448,46.121771],[-122.965496,46.121802],[-122.965673,46.121779],[-122.965701,46.121701],[-122.965783,46.121697],[-122.965825,46.121667],[-122.965808,46.121537],[-122.965701,46.121521],[-122.965696,46.121464],[-122.965646,46.121433],[-122.965313,46.121431],[-122.9653,46.121365],[-122.965184,46.121341],[-122.965178,46.121284],[-122.965136,46.121255],[-122.964925,46.12125],[-122.964902,46.121176],[-122.96478,46.121153],[-122.964783,46.120914],[-122.964726,46.120891],[-122.96456,46.120906],[-122.964537,46.12098],[-122.964421,46.121004],[-122.964388,46.121105],[-122.964442,46.121158],[-122.964682,46.121168],[-122.964666,46.12125],[-122.96447,46.121251],[-122.964409,46.121294],[-122.964409,46.121477],[-122.964448,46.121514],[-122.964536,46.12152],[-122.964536,46.1217],[-122.964407,46.1217],[-122.964389,46.12163],[-122.964278,46.12161],[-122.96426,46.12154],[-122.964148,46.12152],[-122.964139,46.121459],[-122.964078,46.121431],[-122.963924,46.121439],[-122.963889,46.12152],[-122.963665,46.121529],[-122.963611,46.121639],[-122.963651,46.121693],[-122.96376,46.1217],[-122.963763,46.121932],[-122.963808,46.121966],[-122.963889,46.12197],[-122.96389,46.122197],[-122.96393,46.122234],[-122.964018,46.12224],[-122.964031,46.122396],[-122.964081,46.122419],[-122.964293,46.122428],[-122.964277,46.1226],[-122.964149,46.1226],[-122.964135,46.122534],[-122.964018,46.12251],[-122.963995,46.122436],[-122.963889,46.12242],[-122.963883,46.122274],[-122.963841,46.122244],[-122.96376,46.12224],[-122.963754,46.122184],[-122.963712,46.122154],[-122.963576,46.122136],[-122.963518,46.122157],[-122.9635,46.12233],[-122.963371,46.12233],[-122.96331,46.122306],[-122.963242,46.12233],[-122.963112,46.12233],[-122.96309,46.122256],[-122.962983,46.12224],[-122.962982,46.121923],[-122.962942,46.121886],[-122.962854,46.12188],[-122.962853,46.121749],[-122.962819,46.121709],[-122.962673,46.1217],[-122.962618,46.121716],[-122.962595,46.12197],[-122.962465,46.12197],[-122.962452,46.121904],[-122.962336,46.12188],[-122.962302,46.121799],[-122.962077,46.12179],[-122.96206,46.121719],[-122.961948,46.1217],[-122.961935,46.121634],[-122.961819,46.121609],[-122.961784,46.121529],[-122.96156,46.121519],[-122.961547,46.121363],[-122.96143,46.121339],[-122.961396,46.121259],[-122.961301,46.121249],[-122.961273,46.121172],[-122.961172,46.121159],[-122.961149,46.121085],[-122.960913,46.121069],[-122.960895,46.120999],[-122.960784,46.120979],[-122.960749,46.120898],[-122.960654,46.120889],[-122.960626,46.120811],[-122.960525,46.120799],[-122.960496,46.120721],[-122.960395,46.120709],[-122.960367,46.120631],[-122.960137,46.120619],[-122.960114,46.120455],[-122.959878,46.120439],[-122.959855,46.120365],[-122.959749,46.120349],[-122.959735,46.120283],[-122.959619,46.120259],[-122.959591,46.120181],[-122.95949,46.120169],[-122.959507,46.120028],[-122.959463,46.119993],[-122.959361,46.119989],[-122.959348,46.119833],[-122.959231,46.119809],[-122.959228,46.119743],[-122.959185,46.119709],[-122.958973,46.119718],[-122.958969,46.119487],[-122.958925,46.119453],[-122.958843,46.119448],[-122.958843,46.119359],[-122.958973,46.119359],[-122.958986,46.119425],[-122.959102,46.119449],[-122.959105,46.1195],[-122.959143,46.119532],[-122.959361,46.119539],[-122.959367,46.119595],[-122.959416,46.119626],[-122.959689,46.119641],[-122.959743,46.119609],[-122.959749,46.119539],[-122.959851,46.119535],[-122.959896,46.119499],[-122.959878,46.119228],[-122.959824,46.119181],[-122.95962,46.119179],[-122.95962,46.119089],[-122.960008,46.119089],[-122.960021,46.119155],[-122.960138,46.119179],[-122.960141,46.119231],[-122.960179,46.119263],[-122.960526,46.119269],[-122.960587,46.119293],[-122.960756,46.119257],[-122.960785,46.119179],[-122.961003,46.119173],[-122.96104,46.119141],[-122.961044,46.119089],[-122.961125,46.119085],[-122.96117,46.119051],[-122.961167,46.118943],[-122.961125,46.118913],[-122.961044,46.118909],[-122.961044,46.118819],[-122.961139,46.11881],[-122.961173,46.118729],[-122.961248,46.118727],[-122.961294,46.118701],[-122.96129,46.118483],[-122.961174,46.118459],[-122.961139,46.118378],[-122.961044,46.118369],[-122.96101,46.118288],[-122.960833,46.118283],[-122.960791,46.118312],[-122.960785,46.118369],[-122.960597,46.118369],[-122.96054,46.118393],[-122.960526,46.118639],[-122.960323,46.118641],[-122.960273,46.118672],[-122.960267,46.118729],[-122.960043,46.118738],[-122.960008,46.118819],[-122.959892,46.118843],[-122.959879,46.118909],[-122.95962,46.118909],[-122.959614,46.118852],[-122.959565,46.118821],[-122.958973,46.118818],[-122.95897,46.118767],[-122.958932,46.118735],[-122.958714,46.118728],[-122.958708,46.118672],[-122.958659,46.118641],[-122.958456,46.118638],[-122.958433,46.118564],[-122.958326,46.118548],[-122.958304,46.118384],[-122.958068,46.118368],[-122.958062,46.118312],[-122.958012,46.11828],[-122.957809,46.118278],[-122.957803,46.118221],[-122.957761,46.118192],[-122.957291,46.118188],[-122.957268,46.118114],[-122.957162,46.118098],[-122.957139,46.117934],[-122.956774,46.117918],[-122.956761,46.117762],[-122.956644,46.117738],[-122.95661,46.117657],[-122.956515,46.117648],[-122.956512,46.117056],[-122.956453,46.117019],[-122.956257,46.117017],[-122.956257,46.116928],[-122.956345,46.116921],[-122.956385,46.116884],[-122.956387,46.116568],[-122.956516,46.116568],[-122.956539,46.116642],[-122.956645,46.116658],[-122.956651,46.116804],[-122.956693,46.116834],[-122.956774,46.116838],[-122.956809,46.116919],[-122.956904,46.116928],[-122.956926,46.117092],[-122.957162,46.117108],[-122.95718,46.117178],[-122.957292,46.117198],[-122.957326,46.117279],[-122.957421,46.117288],[-122.957427,46.117358],[-122.957474,46.117389],[-122.957645,46.117376],[-122.957695,46.117343],[-122.95768,46.117198],[-122.957715,46.11715],[-122.957674,46.117051],[-122.957632,46.117022],[-122.957551,46.117018],[-122.957545,46.116961],[-122.957503,46.116932],[-122.957292,46.116928],[-122.957269,46.116854],[-122.957163,46.116838],[-122.95715,46.116682],[-122.957033,46.116656],[-122.957034,46.116568],[-122.95714,46.116552],[-122.957163,46.116478],[-122.957381,46.116472],[-122.957419,46.11644],[-122.957422,46.116388],[-122.957551,46.116388],[-122.957612,46.116412],[-122.957681,46.116388],[-122.957939,46.116388],[-122.957949,46.11654],[-122.957995,46.116566],[-122.958069,46.116568],[-122.958081,46.117007],[-122.958144,46.117032],[-122.958586,46.117018],[-122.958602,46.117191],[-122.958498,46.117205],[-122.958458,46.117242],[-122.958457,46.11742],[-122.958491,46.117459],[-122.958645,46.117468],[-122.958706,46.11744],[-122.958716,46.117198],[-122.958974,46.117199],[-122.958976,46.117349],[-122.959035,46.117391],[-122.959199,46.117369],[-122.959233,46.117289],[-122.959362,46.117289],[-122.959362,46.117379],[-122.959274,46.117385],[-122.959234,46.117422],[-122.959233,46.117829],[-122.959034,46.117816],[-122.95898,46.117848],[-122.958974,46.117918],[-122.958715,46.117918],[-122.958698,46.117745],[-122.95864,46.117725],[-122.958497,46.117745],[-122.958457,46.117787],[-122.958456,46.118044],[-122.958518,46.118097],[-122.959551,46.118098],[-122.959612,46.11807],[-122.959621,46.118009],[-122.95975,46.118009],[-122.959759,46.11807],[-122.959813,46.118098],[-122.960397,46.118099],[-122.960406,46.118174],[-122.960472,46.118203],[-122.960628,46.118177],[-122.960656,46.118099],[-122.96088,46.11809],[-122.960915,46.118009],[-122.96101,46.118],[-122.961045,46.117919],[-122.961126,46.117915],[-122.961168,46.117886],[-122.961209,46.117782],[-122.961174,46.117739],[-122.961165,46.117574],[-122.961099,46.117545],[-122.96095,46.117568],[-122.960915,46.117649],[-122.960821,46.117652],[-122.960771,46.117684],[-122.960786,46.117829],[-122.960658,46.117829],[-122.960634,46.117755],[-122.960527,46.117739],[-122.960527,46.117559],[-122.960609,46.117555],[-122.960653,46.117521],[-122.960691,46.117427],[-122.960657,46.117379],[-122.960657,46.117289],[-122.960758,46.117277],[-122.960786,46.117199],[-122.960881,46.11719],[-122.960916,46.117109],[-122.96099,46.117107],[-122.961036,46.117081],[-122.961045,46.116929],[-122.961304,46.116929],[-122.96131,46.117166],[-122.961352,46.117195],[-122.961433,46.117199],[-122.961468,46.11728],[-122.961563,46.117289],[-122.961566,46.117431],[-122.96161,46.117465],[-122.961692,46.117469],[-122.961692,46.117601],[-122.961726,46.11764],[-122.96191,46.117643],[-122.961947,46.117611],[-122.961951,46.11756],[-122.962067,46.117536],[-122.96208,46.11747],[-122.96221,46.11747],[-122.962219,46.117801],[-122.962264,46.117827],[-122.962339,46.11783],[-122.962342,46.117971],[-122.962387,46.118006],[-122.962468,46.11801],[-122.962486,46.11817],[-122.962538,46.118189],[-122.962727,46.11819],[-122.962733,46.118246],[-122.962775,46.118276],[-122.962903,46.118294],[-122.962958,46.118281],[-122.962986,46.11819],[-122.96306,46.118188],[-122.963106,46.118161],[-122.963115,46.118064],[-122.963081,46.118019],[-122.962986,46.11801],[-122.962957,46.117932],[-122.962856,46.11792],[-122.962828,46.117842],[-122.962727,46.11783],[-122.962727,46.11756],[-122.962857,46.11756],[-122.962863,46.117616],[-122.962912,46.117648],[-122.963115,46.11765],[-122.963138,46.117724],[-122.963245,46.11774],[-122.963262,46.11781],[-122.963374,46.11783],[-122.963409,46.117911],[-122.963503,46.11792],[-122.963532,46.117998],[-122.963633,46.11801],[-122.963661,46.118088],[-122.963762,46.1181],[-122.963762,46.11819],[-122.963532,46.118202],[-122.963504,46.118239],[-122.963503,46.11837],[-122.963429,46.118372],[-122.963383,46.118399],[-122.963339,46.118508],[-122.963396,46.118624],[-122.963632,46.11864],[-122.963667,46.118721],[-122.963836,46.118728],[-122.963885,46.118697],[-122.963891,46.11864],[-122.964008,46.118616],[-122.964021,46.11855],[-122.964133,46.118531],[-122.96415,46.11846],[-122.96428,46.11846],[-122.964293,46.118526],[-122.964409,46.11855],[-122.964412,46.118602],[-122.96445,46.118634],[-122.964797,46.118641],[-122.964815,46.118891],[-122.964926,46.118911],[-122.964932,46.118967],[-122.964974,46.118996],[-122.965185,46.119001],[-122.965185,46.119091],[-122.96509,46.1191],[-122.965056,46.11918],[-122.964974,46.119185],[-122.96493,46.119219],[-122.964927,46.119677],[-122.964988,46.119719],[-122.965185,46.119721],[-122.965194,46.119782],[-122.965247,46.11981],[-122.965396,46.119807],[-122.965438,46.119777],[-122.965444,46.119721],[-122.965571,46.119721],[-122.965596,46.119795],[-122.965702,46.119811],[-122.965702,46.119901],[-122.965614,46.119907],[-122.965574,46.119944],[-122.965576,46.120222],[-122.965635,46.12026],[-122.965832,46.120261],[-122.965854,46.120335],[-122.965961,46.120352],[-122.965961,46.120621],[-122.965686,46.120613],[-122.965686,46.120538],[-122.965784,46.120527],[-122.965828,46.120492],[-122.965831,46.1204],[-122.965803,46.120363],[-122.965635,46.120352],[-122.965576,46.120389],[-122.965588,46.120523],[-122.965538,46.120573],[-122.965588,46.120628],[-122.965574,46.120757],[-122.965613,46.120794],[-122.965702,46.120801],[-122.965724,46.120888],[-122.965784,46.120905],[-122.966056,46.120882],[-122.96609,46.120842],[-122.96609,46.120711],[-122.966308,46.120705],[-122.966346,46.120673],[-122.966349,46.120621],[-122.966608,46.120621],[-122.966611,46.120673],[-122.966649,46.120705],[-122.966826,46.120705],[-122.966863,46.120673],[-122.966867,46.120621],[-122.966948,46.120617],[-122.96699,46.120588],[-122.966996,46.120441],[-122.967126,46.120441],[-122.967126,46.120572],[-122.967154,46.120609],[-122.967337,46.120617],[-122.967379,46.120588],[-122.967385,46.120531],[-122.967501,46.120507],[-122.967514,46.120441],[-122.967626,46.120422],[-122.967644,46.120351],[-122.967861,46.120345],[-122.967899,46.120313],[-122.967903,46.120261],[-122.968161,46.120262],[-122.968161,46.120441],[-122.967925,46.120457],[-122.967902,46.120621],[-122.967691,46.120625],[-122.967649,46.120655],[-122.967643,46.120711],[-122.967432,46.120715],[-122.96739,46.120745],[-122.967384,46.120801],[-122.967273,46.120821],[-122.967261,46.121038],[-122.967303,46.121067],[-122.967384,46.121071],[-122.96739,46.121128],[-122.967432,46.121157],[-122.967643,46.121161],[-122.967656,46.121227],[-122.967772,46.121251],[-122.967778,46.121308],[-122.967827,46.121339],[-122.967983,46.121337],[-122.968025,46.121308],[-122.968031,46.121252],[-122.968161,46.121252],[-122.968161,46.121557],[-122.968183,46.121596],[-122.96829,46.121612],[-122.968299,46.121673],[-122.968352,46.121701],[-122.968807,46.121702],[-122.968825,46.121772],[-122.968937,46.121792],[-122.968971,46.121873],[-122.969066,46.121882],[-122.969095,46.121959],[-122.969325,46.121972],[-122.969331,46.122118],[-122.969373,46.122148],[-122.969454,46.122152],[-122.96946,46.122209],[-122.969502,46.122238],[-122.969814,46.12223],[-122.969843,46.122152],[-122.969938,46.122143],[-122.969972,46.122062],[-122.970047,46.12206],[-122.970093,46.122033],[-122.970102,46.121882],[-122.970208,46.121866],[-122.970231,46.121792],[-122.970348,46.121768],[-122.970361,46.121702],[-122.970591,46.12169],[-122.97062,46.121612],[-122.970878,46.121612],[-122.970878,46.121702],[-122.970763,46.121712],[-122.970733,46.121774],[-122.97081,46.121816],[-122.970889,46.121781],[-122.971008,46.121792],[-122.971008,46.121882],[-122.970891,46.121906],[-122.970848,46.122036],[-122.970932,46.122086],[-122.971008,46.122062],[-122.971137,46.122062],[-122.971143,46.122132],[-122.97119,46.122163],[-122.971607,46.122148],[-122.971649,46.122119],[-122.971655,46.122062],[-122.971771,46.122038],[-122.971784,46.121973],[-122.971901,46.121948],[-122.971905,46.121821],[-122.971859,46.121795],[-122.971784,46.121791],[-122.971785,46.121703],[-122.971886,46.121698],[-122.971931,46.121663],[-122.971879,46.121532],[-122.97171,46.121525],[-122.971661,46.121556],[-122.971655,46.121612],[-122.971528,46.121612],[-122.971491,46.121531],[-122.971329,46.121523],[-122.971276,46.121551],[-122.971267,46.121612],[-122.971137,46.121612],[-122.97112,46.121542],[-122.971008,46.121522],[-122.970995,46.121456],[-122.970879,46.121432],[-122.970844,46.121351],[-122.970688,46.121318],[-122.97062,46.121342],[-122.97049,46.121342],[-122.970491,46.121072],[-122.970727,46.121056],[-122.97075,46.120802],[-122.970877,46.120802],[-122.970879,46.121024],[-122.970913,46.121063],[-122.971138,46.121072],[-122.971151,46.121138],[-122.971215,46.121162],[-122.971362,46.121153],[-122.971397,46.121072],[-122.971526,46.121072],[-122.971544,46.121143],[-122.971655,46.121162],[-122.97169,46.121243],[-122.971785,46.121253],[-122.971813,46.12133],[-122.971914,46.121343],[-122.971942,46.12142],[-122.972173,46.121433],[-122.972196,46.121507],[-122.972302,46.121523],[-122.972302,46.121613],[-122.972268,46.12166],[-122.97232,46.121773],[-122.972431,46.121793],[-122.972435,46.121844],[-122.972473,46.121876],[-122.97269,46.121883],[-122.972713,46.121957],[-122.97282,46.121973],[-122.972821,46.122199],[-122.972861,46.122236],[-122.972949,46.122243],[-122.972949,46.122478],[-122.972995,46.122522],[-122.973208,46.122513],[-122.973242,46.122594],[-122.973406,46.122615],[-122.973461,46.122583],[-122.973467,46.122513],[-122.973568,46.122501],[-122.973596,46.122423],[-122.973691,46.122414],[-122.973726,46.122333],[-122.973837,46.122313],[-122.973855,46.122243],[-122.973984,46.122243],[-122.973994,46.122304],[-122.974047,46.122332],[-122.974338,46.122324],[-122.974372,46.122284],[-122.974371,46.122017],[-122.974332,46.121979],[-122.974244,46.121973],[-122.974244,46.121883],[-122.974373,46.121883],[-122.974379,46.12194],[-122.974428,46.121971],[-122.974632,46.121973],[-122.974635,46.122205],[-122.97468,46.122239],[-122.974761,46.122243],[-122.974767,46.1223],[-122.974809,46.122329],[-122.974951,46.122357],[-122.97502,46.122333],[-122.975231,46.122329],[-122.975277,46.12229],[-122.975279,46.122153],[-122.975406,46.122153],[-122.975421,46.122219],[-122.975538,46.122243],[-122.975572,46.122324],[-122.975796,46.122333],[-122.975806,46.122485],[-122.975852,46.122511],[-122.975926,46.122513],[-122.97596,46.122594],[-122.976055,46.122603],[-122.976084,46.122681],[-122.976185,46.122694],[-122.976202,46.122854],[-122.976314,46.122874],[-122.97632,46.12293],[-122.976362,46.122959],[-122.976573,46.122964],[-122.976573,46.123053],[-122.976461,46.123073],[-122.976409,46.123181],[-122.976443,46.123234],[-122.976456,46.12348],[-122.976572,46.123504],[-122.976607,46.123584],[-122.976702,46.123594],[-122.97673,46.123671],[-122.976831,46.123684],[-122.97686,46.123761],[-122.976961,46.123774],[-122.976995,46.123855],[-122.977219,46.123864],[-122.977242,46.123938],[-122.977349,46.123954],[-122.977349,46.124044],[-122.976961,46.124044],[-122.976959,46.123907],[-122.976898,46.123865],[-122.97675,46.123868],[-122.976708,46.123897],[-122.976702,46.123954],[-122.976572,46.123954],[-122.976569,46.123902],[-122.976531,46.12387],[-122.976314,46.123863],[-122.976308,46.123807],[-122.976258,46.123776],[-122.976055,46.123773],[-122.976032,46.123699],[-122.975925,46.123683],[-122.975922,46.123618],[-122.975886,46.123587],[-122.975701,46.123602],[-122.975647,46.123712],[-122.975663,46.123753],[-122.975796,46.123773],[-122.975809,46.123839],[-122.975925,46.123863],[-122.975929,46.123915],[-122.975966,46.123947],[-122.976184,46.123954],[-122.976207,46.124028],[-122.976313,46.124044],[-122.976314,46.124175],[-122.976348,46.124214],[-122.976572,46.124224],[-122.976585,46.12429],[-122.97665,46.124314],[-122.976797,46.124305],[-122.976831,46.124224],[-122.97696,46.124224],[-122.97696,46.124494],[-122.976926,46.124536],[-122.97696,46.124584],[-122.97696,46.124674],[-122.976879,46.124678],[-122.976834,46.124712],[-122.976831,46.124944],[-122.976724,46.124959],[-122.976701,46.125034],[-122.976583,46.125045],[-122.976566,46.124887],[-122.976524,46.124858],[-122.976443,46.124853],[-122.976439,46.124802],[-122.976402,46.12477],[-122.976237,46.124752],[-122.976189,46.124783],[-122.976184,46.124853],[-122.976054,46.124853],[-122.976054,46.124674],[-122.976089,46.124626],[-122.976032,46.124509],[-122.975719,46.124482],[-122.975672,46.124513],[-122.975666,46.124583],[-122.975585,46.124587],[-122.975543,46.124617],[-122.975536,46.124763],[-122.975455,46.124767],[-122.975413,46.124797],[-122.975407,46.124943],[-122.975333,46.124946],[-122.975287,46.124972],[-122.975283,46.12509],[-122.97534,46.125122],[-122.975474,46.125122],[-122.975527,46.125095],[-122.975537,46.125033],[-122.975793,46.125033],[-122.975804,46.125095],[-122.975865,46.125123],[-122.976313,46.125124],[-122.976382,46.125148],[-122.976561,46.125113],[-122.976572,46.125304],[-122.976497,46.125306],[-122.976452,46.125332],[-122.976442,46.125484],[-122.976336,46.125499],[-122.976313,46.125573],[-122.976218,46.125576],[-122.976176,46.125598],[-122.976196,46.12573],[-122.976313,46.125754],[-122.976322,46.125815],[-122.976383,46.125843],[-122.976537,46.125834],[-122.976572,46.125754],[-122.977087,46.125754],[-122.977093,46.125805],[-122.97713,46.125837],[-122.977348,46.125844],[-122.977371,46.125918],[-122.977478,46.125934],[-122.977512,46.126015],[-122.977607,46.126024],[-122.977607,46.126294],[-122.977533,46.126296],[-122.977487,46.126322],[-122.97749,46.126463],[-122.977553,46.126488],[-122.977695,46.126467],[-122.977733,46.126436],[-122.977736,46.126384],[-122.977853,46.12636],[-122.977866,46.126294],[-122.977995,46.126294],[-122.977995,46.126384],[-122.9779,46.126393],[-122.977866,46.126474],[-122.977784,46.126478],[-122.977742,46.126507],[-122.977742,46.126711],[-122.977799,46.126743],[-122.977995,46.126744],[-122.978013,46.126814],[-122.978124,46.126834],[-122.978142,46.126904],[-122.978254,46.126924],[-122.978271,46.126994],[-122.978383,46.127014],[-122.978396,46.12708],[-122.978513,46.127104],[-122.978516,46.127156],[-122.978554,46.127188],[-122.978743,46.127182],[-122.978772,46.127104],[-122.978873,46.127092],[-122.978901,46.127014],[-122.979002,46.127002],[-122.979031,46.126924],[-122.979125,46.126915],[-122.97916,46.126834],[-122.979272,46.126814],[-122.979284,46.126597],[-122.979242,46.126568],[-122.97916,46.126564],[-122.979126,46.126483],[-122.979031,46.126474],[-122.979002,46.126396],[-122.978901,46.126384],[-122.978873,46.126306],[-122.978772,46.126294],[-122.978743,46.126216],[-122.978643,46.126204],[-122.978614,46.126126],[-122.978513,46.126114],[-122.978479,46.126033],[-122.978323,46.126],[-122.978254,46.126024],[-122.977995,46.126024],[-122.977973,46.12595],[-122.977866,46.125934],[-122.977857,46.125782],[-122.977811,46.125756],[-122.977737,46.125754],[-122.977702,46.125673],[-122.977607,46.125664],[-122.977607,46.125574],[-122.977714,46.125558],[-122.977737,46.125484],[-122.977866,46.125484],[-122.977927,46.125508],[-122.977983,46.125494],[-122.97803,46.125441],[-122.97799,46.125337],[-122.977933,46.125305],[-122.977675,46.12529],[-122.977613,46.125324],[-122.977607,46.125394],[-122.977478,46.125394],[-122.977486,46.125149],[-122.977428,46.125124],[-122.977219,46.125124],[-122.977219,46.124854],[-122.977349,46.124854],[-122.977362,46.12492],[-122.977478,46.124944],[-122.977481,46.124995],[-122.977519,46.125027],[-122.977737,46.125034],[-122.977737,46.125165],[-122.977771,46.125205],[-122.978125,46.125214],[-122.978153,46.125292],[-122.978384,46.125304],[-122.978393,46.125365],[-122.978446,46.125393],[-122.97858,46.125393],[-122.978634,46.125365],[-122.978643,46.125124],[-122.979031,46.125124],[-122.979035,46.125176],[-122.979072,46.125208],[-122.97929,46.125214],[-122.979313,46.125288],[-122.979419,46.125304],[-122.979432,46.12537],[-122.979549,46.125394],[-122.979577,46.125472],[-122.979678,46.125484],[-122.979678,46.125934],[-122.979583,46.125937],[-122.979537,46.125964],[-122.979558,46.126086],[-122.979619,46.126114],[-122.979937,46.126114],[-122.97996,46.126188],[-122.980066,46.126204],[-122.980084,46.126725],[-122.980195,46.126744],[-122.980205,46.126806],[-122.980266,46.126834],[-122.98042,46.126825],[-122.980455,46.126744],[-122.980584,46.126744],[-122.980607,46.126819],[-122.980713,46.126834],[-122.980726,46.12699],[-122.980843,46.127014],[-122.980852,46.127076],[-122.980905,46.127103],[-122.981101,46.127105],[-122.98117,46.127129],[-122.981312,46.1271],[-122.981359,46.127061],[-122.981361,46.126925],[-122.981619,46.126925],[-122.981619,46.127014],[-122.981503,46.127039],[-122.981478,46.127165],[-122.981525,46.127192],[-122.981619,46.127195],[-122.981621,46.127331],[-122.98166,46.127368],[-122.982007,46.127375],[-122.981988,46.127504],[-122.982035,46.12755],[-122.982238,46.127542],[-122.9823,46.127412],[-122.982244,46.1273],[-122.982137,46.127285],[-122.982124,46.127219],[-122.982008,46.127195],[-122.981979,46.127117],[-122.981878,46.127105],[-122.981878,46.126925],[-122.982008,46.126925],[-122.982008,46.127056],[-122.982036,46.127092],[-122.982266,46.127105],[-122.982289,46.127179],[-122.982396,46.127195],[-122.982399,46.127336],[-122.982473,46.127375],[-122.982614,46.127368],[-122.982651,46.127336],[-122.982655,46.127285],[-122.982771,46.127261],[-122.982784,46.127105],[-122.982866,46.127101],[-122.98291,46.127066],[-122.982908,46.126945],[-122.982846,46.126911],[-122.982655,46.126925],[-122.982675,46.126801],[-122.982653,46.126761],[-122.982526,46.126745],[-122.982512,46.126679],[-122.982396,46.126655],[-122.982393,46.126603],[-122.982355,46.126571],[-122.982137,46.126565],[-122.98212,46.126404],[-122.982067,46.126385],[-122.981878,46.126385],[-122.981861,46.126314],[-122.981749,46.126294],[-122.981736,46.126229],[-122.98162,46.126204],[-122.981585,46.126124],[-122.981416,46.126117],[-122.981367,46.126148],[-122.981361,46.126204],[-122.981231,46.126204],[-122.981228,46.126063],[-122.981183,46.126029],[-122.981102,46.126024],[-122.981084,46.125864],[-122.981032,46.125845],[-122.980843,46.125844],[-122.980843,46.125664],[-122.980972,46.125664],[-122.980978,46.125721],[-122.981028,46.125752],[-122.981231,46.125755],[-122.981241,46.125816],[-122.981294,46.125843],[-122.98162,46.125845],[-122.981681,46.125869],[-122.981749,46.125845],[-122.981878,46.125845],[-122.981861,46.125985],[-122.981906,46.12602],[-122.982008,46.126025],[-122.981988,46.126149],[-122.98201,46.126188],[-122.982137,46.126205],[-122.98215,46.126271],[-122.982267,46.126295],[-122.982273,46.126351],[-122.982315,46.126381],[-122.982526,46.126385],[-122.982587,46.126409],[-122.982655,46.126385],[-122.982784,46.126385],[-122.982807,46.126639],[-122.983043,46.126655],[-122.983056,46.126721],[-122.983173,46.126745],[-122.983179,46.126801],[-122.983221,46.126831],[-122.983431,46.126835],[-122.983445,46.126901],[-122.983561,46.126925],[-122.983564,46.126977],[-122.983602,46.127008],[-122.98382,46.127015],[-122.983854,46.127096],[-122.984009,46.127105],[-122.98407,46.127076],[-122.984079,46.127015],[-122.984282,46.127013],[-122.984332,46.126982],[-122.984338,46.126925],[-122.984467,46.126925],[-122.98449,46.126999],[-122.984596,46.127015],[-122.984614,46.127265],[-122.984666,46.127285],[-122.984855,46.127285],[-122.984878,46.127359],[-122.984985,46.127375],[-122.984985,46.127555],[-122.984866,46.127566],[-122.984832,46.127391],[-122.984778,46.127375],[-122.984619,46.127391],[-122.984596,46.127429],[-122.984609,46.127621],[-122.984666,46.127645],[-122.984844,46.127634],[-122.984861,46.127792],[-122.984903,46.127821],[-122.984984,46.127825],[-122.984988,46.127877],[-122.985026,46.127909],[-122.985373,46.127915],[-122.985373,46.128005],[-122.985256,46.128029],[-122.985244,46.128136],[-122.985284,46.128179],[-122.985373,46.128185],[-122.985401,46.128263],[-122.985502,46.128275],[-122.985502,46.128365],[-122.98539,46.128385],[-122.985353,46.128489],[-122.985393,46.128538],[-122.985502,46.128545],[-122.985502,46.128635],[-122.985386,46.128659],[-122.985373,46.128761],[-122.985407,46.128806],[-122.985502,46.128815],[-122.985502,46.128994],[-122.985373,46.128995],[-122.985371,46.128859],[-122.985332,46.128821],[-122.985062,46.128815],[-122.985007,46.128831],[-122.984965,46.12895],[-122.985012,46.128991],[-122.985114,46.128995],[-122.985114,46.129175],[-122.985013,46.129187],[-122.984984,46.129265],[-122.984889,46.129274],[-122.984855,46.129355],[-122.984743,46.129375],[-122.984725,46.129535],[-122.984644,46.129539],[-122.984599,46.129573],[-122.984611,46.129707],[-122.984365,46.129727],[-122.984338,46.129758],[-122.984338,46.129852],[-122.984407,46.129895],[-122.984714,46.129884],[-122.984731,46.129965],[-122.984778,46.129996],[-122.984949,46.129976],[-122.984984,46.129936],[-122.984971,46.129816],[-122.984909,46.129791],[-122.984736,46.129816],[-122.984709,46.129723],[-122.98482,46.129706],[-122.984855,46.129625],[-122.984971,46.129601],[-122.984984,46.129445],[-122.985243,46.129445],[-122.985243,46.129625],[-122.985208,46.129668],[-122.985243,46.129715],[-122.985243,46.129805],[-122.985127,46.129829],[-122.985114,46.129936],[-122.985169,46.129983],[-122.985372,46.129985],[-122.985372,46.130075],[-122.98526,46.130095],[-122.985243,46.130255],[-122.985161,46.130259],[-122.985119,46.130288],[-122.985079,46.130388],[-122.985113,46.130435],[-122.985113,46.130525],[-122.985018,46.130534],[-122.984984,46.130615],[-122.984902,46.130619],[-122.98486,46.130648],[-122.984854,46.130975],[-122.984748,46.130991],[-122.984723,46.131065],[-122.984466,46.131065],[-122.984443,46.130991],[-122.98429,46.130952],[-122.984125,46.130979],[-122.984083,46.131008],[-122.984077,46.131065],[-122.984003,46.131067],[-122.983957,46.131093],[-122.983951,46.131207],[-122.984018,46.131245],[-122.984466,46.131245],[-122.984466,46.131335],[-122.984262,46.131337],[-122.984207,46.131384],[-122.984224,46.131598],[-122.984282,46.131619],[-122.984466,46.131605],[-122.984466,46.131695],[-122.984359,46.131711],[-122.984304,46.131817],[-122.984309,46.131853],[-122.984361,46.131892],[-122.984561,46.131866],[-122.984595,46.131785],[-122.984921,46.131784],[-122.984974,46.131757],[-122.984984,46.131695],[-122.985113,46.131695],[-122.985113,46.131785],[-122.985025,46.131791],[-122.984985,46.131829],[-122.984964,46.132132],[-122.985067,46.132168],[-122.98522,46.132129],[-122.985242,46.132055],[-122.985501,46.132055],[-122.985501,46.132145],[-122.985413,46.132152],[-122.985373,46.132189],[-122.985352,46.132582],[-122.985433,46.132619],[-122.985501,46.132595],[-122.98563,46.132595],[-122.985659,46.132673],[-122.985813,46.132709],[-122.985889,46.132685],[-122.986148,46.132685],[-122.986149,46.132907],[-122.986177,46.132943],[-122.986537,46.132955],[-122.98654,46.133021],[-122.986583,46.133055],[-122.986795,46.133045],[-122.986801,46.133282],[-122.986843,46.133311],[-122.986925,46.133315],[-122.986959,46.133396],[-122.987054,46.133405],[-122.987054,46.133495],[-122.986707,46.133502],[-122.986667,46.133539],[-122.986675,46.133647],[-122.986736,46.133675],[-122.987054,46.133675],[-122.987056,46.133812],[-122.987102,46.133851],[-122.987443,46.133855]],[[-122.959413,46.118729],[-122.959489,46.118685],[-122.959489,46.118592],[-122.959463,46.118561],[-122.959293,46.118525],[-122.95912,46.118568],[-122.959103,46.11868],[-122.959131,46.118716],[-122.959413,46.118729]],[[-122.961425,46.120419],[-122.961466,46.120302],[-122.961418,46.120193],[-122.961302,46.120169],[-122.961267,46.120088],[-122.961172,46.120079],[-122.961144,46.120002],[-122.961043,46.119989],[-122.961015,46.119912],[-122.960914,46.119899],[-122.960885,46.119821],[-122.960737,46.119795],[-122.960677,46.119812],[-122.960655,46.119989],[-122.960396,46.119989],[-122.960396,46.119809],[-122.96047,46.119807],[-122.960516,46.119781],[-122.960512,46.119653],[-122.960396,46.119629],[-122.96039,46.119572],[-122.960341,46.119541],[-122.960058,46.119539],[-122.960005,46.119559],[-122.960008,46.119719],[-122.959875,46.119739],[-122.959878,46.119899],[-122.959769,46.119905],[-122.95973,46.11996],[-122.959766,46.120059],[-122.959878,46.120079],[-122.959913,46.12016],[-122.960007,46.120169],[-122.960036,46.120247],[-122.960137,46.120259],[-122.960165,46.120337],[-122.960396,46.120349],[-122.960399,46.120401],[-122.960437,46.120433],[-122.960654,46.120439],[-122.960715,46.120463],[-122.960786,46.120439],[-122.960913,46.120439],[-122.960974,46.120463],[-122.961045,46.120439],[-122.961371,46.120452],[-122.961425,46.120419]],[[-122.961364,46.119898],[-122.961637,46.119911],[-122.961687,46.119875],[-122.961681,46.119658],[-122.9615,46.119605],[-122.961343,46.119636],[-122.961267,46.119762],[-122.961311,46.119871],[-122.961364,46.119898]],[[-122.962114,46.118777],[-122.962073,46.118673],[-122.962024,46.118642],[-122.961617,46.118642],[-122.961568,46.118673],[-122.961562,46.118729],[-122.961487,46.118732],[-122.961441,46.118758],[-122.961435,46.118885],[-122.9615,46.118923],[-122.96182,46.11891],[-122.961824,46.118975],[-122.96186,46.119006],[-122.962024,46.118997],[-122.962078,46.118956],[-122.962079,46.11882],[-122.962114,46.118777]],[[-122.96169,46.120619],[-122.961709,46.120575],[-122.961676,46.120539],[-122.961603,46.120531],[-122.961553,46.120554],[-122.961543,46.120596],[-122.961579,46.120633],[-122.961637,46.120643],[-122.96169,46.120619]],[[-122.962906,46.12161],[-122.962977,46.121577],[-122.96298,46.121468],[-122.962936,46.121434],[-122.962854,46.12143],[-122.96282,46.121349],[-122.962725,46.12134],[-122.962712,46.121184],[-122.962595,46.12116],[-122.962561,46.121079],[-122.962466,46.12107],[-122.962438,46.120992],[-122.962321,46.120972],[-122.962336,46.120848],[-122.962308,46.120812],[-122.962112,46.120809],[-122.962078,46.120848],[-122.962084,46.120946],[-122.962126,46.120976],[-122.962223,46.120987],[-122.962207,46.12107],[-122.962126,46.121074],[-122.962084,46.121103],[-122.962091,46.121226],[-122.962148,46.121249],[-122.962336,46.12125],[-122.962354,46.12132],[-122.962466,46.12134],[-122.9625,46.121421],[-122.962595,46.12143],[-122.962624,46.121508],[-122.962724,46.12152],[-122.962747,46.121594],[-122.962906,46.12161]],[[-122.962742,46.12058],[-122.962697,46.120452],[-122.962467,46.12044],[-122.962461,46.120383],[-122.962419,46.120354],[-122.96225,46.120351],[-122.962193,46.120384],[-122.962217,46.120501],[-122.962263,46.120527],[-122.962337,46.12053],[-122.96234,46.120595],[-122.962383,46.120629],[-122.962698,46.120616],[-122.962742,46.12058]],[[-122.962388,46.12161],[-122.962462,46.121571],[-122.962457,46.121458],[-122.962403,46.121431],[-122.962248,46.121436],[-122.962208,46.121473],[-122.962216,46.121581],[-122.962269,46.121609],[-122.962388,46.12161]],[[-122.963147,46.118968],[-122.963102,46.118844],[-122.962985,46.11882],[-122.962982,46.118768],[-122.962944,46.118736],[-122.962645,46.118734],[-122.962597,46.118778],[-122.962582,46.119055],[-122.962639,46.119089],[-122.962856,46.11909],[-122.962917,46.119114],[-122.963067,46.119086],[-122.963105,46.119061],[-122.963147,46.118968]],[[-122.963488,46.121046],[-122.963516,46.120925],[-122.963459,46.120891],[-122.963243,46.12089],[-122.963182,46.120866],[-122.963113,46.12089],[-122.962984,46.12089],[-122.962982,46.120663],[-122.962921,46.120621],[-122.9628,46.120606],[-122.962747,46.120622],[-122.962725,46.1208],[-122.962637,46.120806],[-122.962597,46.120843],[-122.962605,46.120951],[-122.962651,46.120977],[-122.962725,46.12098],[-122.962753,46.121058],[-122.963113,46.12107],[-122.963122,46.121131],[-122.963176,46.121159],[-122.963344,46.121148],[-122.963372,46.12107],[-122.963488,46.121046]],[[-122.963295,46.11999],[-122.963369,46.119952],[-122.963364,46.119839],[-122.96331,46.119811],[-122.963155,46.119816],[-122.963115,46.119853],[-122.963123,46.119961],[-122.963176,46.119989],[-122.963295,46.11999]],[[-122.964037,46.12022],[-122.964011,46.120109],[-122.963957,46.120081],[-122.963694,46.120081],[-122.963633,46.120124],[-122.963635,46.120222],[-122.963694,46.120259],[-122.963992,46.120256],[-122.964037,46.12022]],[[-122.96428,46.11873],[-122.964274,46.118674],[-122.964232,46.118644],[-122.964043,46.118656],[-122.963986,46.118773],[-122.964043,46.118894],[-122.964211,46.118934],[-122.964386,46.118895],[-122.964403,46.118764],[-122.964361,46.118734],[-122.96428,46.11873]],[[-122.965701,46.121161],[-122.965721,46.120941],[-122.965681,46.120897],[-122.96513,46.120877],[-122.965063,46.120906],[-122.96506,46.121037],[-122.965102,46.121066],[-122.965184,46.121071],[-122.965218,46.121152],[-122.965374,46.121185],[-122.965443,46.121161],[-122.965572,46.121161],[-122.965574,46.121297],[-122.965627,46.121338],[-122.965938,46.121325],[-122.96596,46.121287],[-122.965938,46.121177],[-122.965701,46.121161]],[[-122.965462,46.120576],[-122.965437,46.120474],[-122.965388,46.120443],[-122.965227,46.120442],[-122.965167,46.12048],[-122.96519,46.120601],[-122.965245,46.120633],[-122.965429,46.120611],[-122.965462,46.120576]],[[-122.966754,46.123636],[-122.966713,46.123517],[-122.966606,46.123501],[-122.966593,46.123345],[-122.966477,46.123321],[-122.966477,46.123231],[-122.966572,46.123222],[-122.966607,46.123141],[-122.966688,46.123137],[-122.966733,46.123103],[-122.96673,46.122981],[-122.966653,46.122947],[-122.966505,46.122973],[-122.966477,46.123051],[-122.966382,46.12306],[-122.966347,46.123141],[-122.966236,46.123161],[-122.966218,46.123231],[-122.966111,46.123247],[-122.966089,46.123362],[-122.96613,46.123405],[-122.966218,46.123411],[-122.966246,46.123489],[-122.966347,46.123501],[-122.966376,46.123579],[-122.966477,46.123591],[-122.96648,46.123643],[-122.966518,46.123675],[-122.966715,46.123674],[-122.966754,46.123636]],[[-122.966866,46.121791],[-122.966885,46.121746],[-122.966852,46.121711],[-122.966787,46.121701],[-122.966734,46.121722],[-122.966717,46.121762],[-122.966755,46.121805],[-122.966813,46.121815],[-122.966866,46.121791]],[[-122.967124,46.123411],[-122.967205,46.123407],[-122.967248,46.123378],[-122.967231,46.123247],[-122.967176,46.123231],[-122.966888,46.123247],[-122.96683,46.123364],[-122.966888,46.123485],[-122.967076,46.123497],[-122.967118,46.123468],[-122.967124,46.123411]],[[-122.967772,46.121701],[-122.967755,46.121541],[-122.967553,46.121514],[-122.967515,46.121551],[-122.967513,46.121701],[-122.967407,46.121717],[-122.967384,46.121791],[-122.967153,46.121803],[-122.967113,46.121942],[-122.96716,46.121969],[-122.967254,46.121971],[-122.967267,46.122037],[-122.967384,46.122061],[-122.967387,46.122113],[-122.967425,46.122145],[-122.967731,46.122145],[-122.967769,46.122113],[-122.967772,46.122061],[-122.96786,46.122055],[-122.967901,46.122013],[-122.967898,46.12174],[-122.967854,46.121706],[-122.967772,46.121701]],[[-122.967513,46.122601],[-122.967749,46.122586],[-122.967772,46.122547],[-122.967749,46.122437],[-122.967694,46.122421],[-122.967406,46.122437],[-122.967383,46.122475],[-122.967399,46.122594],[-122.967302,46.122605],[-122.967257,46.12264],[-122.967277,46.122765],[-122.967331,46.122781],[-122.96749,46.122766],[-122.967513,46.122601]],[[-122.968289,46.123411],[-122.968308,46.123367],[-122.968275,46.123331],[-122.968209,46.123322],[-122.968156,46.123342],[-122.96814,46.123383],[-122.968178,46.123425],[-122.968236,46.123435],[-122.968289,46.123411]],[[-122.96876,46.121886],[-122.968602,46.121871],[-122.96855,46.121911],[-122.96855,46.122122],[-122.968616,46.122165],[-122.968759,46.122148],[-122.968806,46.122108],[-122.968802,46.121915],[-122.96876,46.121886]],[[-122.968988,46.122512],[-122.969063,46.122473],[-122.969057,46.12236],[-122.969004,46.122333],[-122.968848,46.122338],[-122.968809,46.122375],[-122.968816,46.122483],[-122.96887,46.122511],[-122.968988,46.122512]],[[-122.969713,46.122782],[-122.969919,46.122793],[-122.969969,46.122757],[-122.96997,46.122645],[-122.969917,46.122604],[-122.969515,46.122589],[-122.96946,46.122622],[-122.969454,46.122692],[-122.969325,46.122692],[-122.969319,46.122622],[-122.969257,46.122588],[-122.968992,46.122604],[-122.968938,46.122645],[-122.968959,46.122766],[-122.969066,46.122782],[-122.969072,46.122838],[-122.969114,46.122868],[-122.969325,46.122872],[-122.969334,46.122933],[-122.969387,46.122961],[-122.969542,46.122956],[-122.96958,46.122924],[-122.969584,46.122872],[-122.9697,46.122848],[-122.969713,46.122782]],[[-122.969323,46.125122],[-122.969318,46.125065],[-122.969276,46.125036],[-122.969132,46.125018],[-122.96907,46.125052],[-122.969074,46.125183],[-122.96912,46.125209],[-122.969194,46.125212],[-122.9692,46.125269],[-122.969249,46.1253],[-122.969398,46.1253],[-122.969449,46.125264],[-122.96944,46.125146],[-122.969323,46.125122]],[[-122.970264,46.12571],[-122.970212,46.125592],[-122.9701,46.125572],[-122.970087,46.125506],[-122.96997,46.125482],[-122.969936,46.125401],[-122.969789,46.125392],[-122.969734,46.125408],[-122.969711,46.125482],[-122.96963,46.125486],[-122.969588,46.125515],[-122.969582,46.125662],[-122.969547,46.125704],[-122.9696,46.125822],[-122.969711,46.125842],[-122.969691,46.125966],[-122.969713,46.126006],[-122.969888,46.126036],[-122.969948,46.126019],[-122.96997,46.125932],[-122.970065,46.125923],[-122.9701,46.125842],[-122.970174,46.12584],[-122.97022,46.125814],[-122.970264,46.12571]],[[-122.971524,46.125032],[-122.971521,46.124981],[-122.971483,46.124949],[-122.971313,46.124946],[-122.971271,46.124976],[-122.971265,46.125032],[-122.971149,46.125056],[-122.971135,46.125122],[-122.971024,46.125142],[-122.971006,46.125212],[-122.970888,46.125223],[-122.970877,46.125122],[-122.970951,46.12512],[-122.970997,46.125094],[-122.971006,46.124942],[-122.97108,46.12494],[-122.971126,46.124914],[-122.97113,46.124796],[-122.971088,46.124766],[-122.971006,46.124762],[-122.971,46.124706],[-122.970958,46.124676],[-122.970748,46.124672],[-122.970744,46.124621],[-122.970706,46.124589],[-122.970489,46.124582],[-122.970487,46.124446],[-122.970426,46.124403],[-122.9701,46.124402],[-122.970002,46.124383],[-122.969937,46.124439],[-122.969971,46.124492],[-122.969971,46.124582],[-122.969631,46.124586],[-122.969592,46.12461],[-122.96955,46.124704],[-122.9696,46.124832],[-122.969712,46.124852],[-122.969729,46.125012],[-122.969782,46.125032],[-122.969971,46.125032],[-122.969988,46.125102],[-122.9701,46.125122],[-122.970118,46.125192],[-122.970229,46.125212],[-122.970247,46.125282],[-122.970359,46.125302],[-122.970368,46.125364],[-122.970421,46.125391],[-122.970692,46.12539],[-122.970741,46.125359],[-122.970747,46.125302],[-122.970866,46.125291],[-122.97089,46.125368],[-122.971006,46.125392],[-122.971009,46.125444],[-122.971047,46.125476],[-122.971346,46.125478],[-122.971388,46.125449],[-122.971394,46.125392],[-122.971489,46.125383],[-122.971524,46.125303],[-122.971605,46.125298],[-122.97165,46.125264],[-122.971647,46.125066],[-122.971605,46.125037],[-122.971524,46.125032]],[[-122.969966,46.122479],[-122.969991,46.122377],[-122.969958,46.122341],[-122.969768,46.122334],[-122.969717,46.12237],[-122.969717,46.122474],[-122.969768,46.12251],[-122.969917,46.12251],[-122.969966,46.122479]],[[-122.970102,46.122152],[-122.970068,46.122189],[-122.970082,46.122229],[-122.970141,46.122255],[-122.970198,46.122246],[-122.97023,46.122212],[-122.970218,46.122163],[-122.970163,46.122139],[-122.970102,46.122152]],[[-122.970154,46.123963],[-122.970346,46.123928],[-122.970356,46.12381],[-122.970305,46.123774],[-122.970156,46.123774],[-122.970102,46.123816],[-122.970104,46.123927],[-122.970154,46.123963]],[[-122.970508,46.122647],[-122.970484,46.122532],[-122.970429,46.1225],[-122.970266,46.122515],[-122.970214,46.122552],[-122.970237,46.122659],[-122.970286,46.12269],[-122.970476,46.122683],[-122.970508,46.122647]],[[-122.970637,46.122112],[-122.970616,46.12201],[-122.970578,46.121979],[-122.970409,46.121976],[-122.970362,46.122016],[-122.970366,46.122132],[-122.970428,46.122166],[-122.970592,46.122148],[-122.970637,46.122112]],[[-122.971006,46.125842],[-122.970993,46.125776],[-122.970876,46.125752],[-122.97087,46.125696],[-122.970828,46.125666],[-122.970558,46.125662],[-122.970497,46.125691],[-122.970488,46.125932],[-122.970454,46.125985],[-122.970505,46.126092],[-122.970617,46.126112],[-122.970619,46.126249],[-122.970658,46.126286],[-122.970848,46.12628],[-122.970876,46.126244],[-122.970876,46.126112],[-122.970971,46.126103],[-122.971006,46.126022],[-122.97108,46.12602],[-122.971126,46.125994],[-122.971126,46.125871],[-122.97108,46.125845],[-122.971006,46.125842]],[[-122.972561,46.122333],[-122.972642,46.122329],[-122.972687,46.122294],[-122.972677,46.122087],[-122.97262,46.122063],[-122.972432,46.122063],[-122.972418,46.121997],[-122.972302,46.121973],[-122.972274,46.121895],[-122.972121,46.121883],[-122.972056,46.121907],[-122.972043,46.121972],[-122.971927,46.121996],[-122.971897,46.122113],[-122.971964,46.122152],[-122.972302,46.122153],[-122.972302,46.122333],[-122.972043,46.122332],[-122.972034,46.122271],[-122.971973,46.122243],[-122.971212,46.122229],[-122.971146,46.122257],[-122.971137,46.122332],[-122.971021,46.122356],[-122.971007,46.122512],[-122.970926,46.122516],[-122.970881,46.122551],[-122.970863,46.122748],[-122.970913,46.12278],[-122.971007,46.122782],[-122.971042,46.122863],[-122.971137,46.122872],[-122.971146,46.123114],[-122.971192,46.12314],[-122.971266,46.123142],[-122.9713,46.123223],[-122.971395,46.123232],[-122.971424,46.12331],[-122.971525,46.123322],[-122.971559,46.123403],[-122.971867,46.123422],[-122.97191,46.123388],[-122.971913,46.123323],[-122.972029,46.123299],[-122.972043,46.123233],[-122.972255,46.123242],[-122.972298,46.123208],[-122.972302,46.123143],[-122.972418,46.123119],[-122.972422,46.122991],[-122.972376,46.122965],[-122.972302,46.122963],[-122.972267,46.122882],[-122.972172,46.122872],[-122.972169,46.122731],[-122.972124,46.122697],[-122.972043,46.122692],[-122.972043,46.122603],[-122.972273,46.12259],[-122.972302,46.122513],[-122.972397,46.122504],[-122.972431,46.122423],[-122.972543,46.122403],[-122.972561,46.122333]],[[-122.971317,46.124132],[-122.971392,46.124094],[-122.971382,46.123976],[-122.971325,46.123953],[-122.97115,46.123962],[-122.971116,46.124008],[-122.971149,46.124108],[-122.971199,46.124131],[-122.971317,46.124132]],[[-122.971576,46.123682],[-122.971651,46.123644],[-122.971645,46.123531],[-122.971592,46.123503],[-122.971436,46.123509],[-122.971399,46.123541],[-122.971384,46.123653],[-122.971437,46.123681],[-122.971576,46.123682]],[[-122.971964,46.124583],[-122.97204,46.124539],[-122.97204,46.124446],[-122.972014,46.124415],[-122.971794,46.124413],[-122.97177,46.124336],[-122.971654,46.124312],[-122.971648,46.124256],[-122.971606,46.124227],[-122.971465,46.124223],[-122.971412,46.124242],[-122.971401,46.124369],[-122.971443,46.124398],[-122.971524,46.124402],[-122.971553,46.12448],[-122.971772,46.124481],[-122.971811,46.12457],[-122.971964,46.124583]],[[-122.971816,46.127273],[-122.97198,46.127295],[-122.972032,46.127267],[-122.972031,46.127131],[-122.971985,46.127105],[-122.971911,46.127103],[-122.971908,46.127051],[-122.97187,46.127019],[-122.971692,46.127006],[-122.971653,46.127047],[-122.971661,46.127164],[-122.971707,46.12719],[-122.971782,46.127193],[-122.971816,46.127273]],[[-122.972172,46.123953],[-122.972149,46.123788],[-122.972094,46.123773],[-122.971936,46.123788],[-122.971914,46.123999],[-122.971954,46.124036],[-122.972042,46.124043],[-122.972058,46.124125],[-122.972008,46.124186],[-122.972074,46.124235],[-122.972159,46.124212],[-122.972156,46.12414],[-122.97226,46.124126],[-122.972299,46.124089],[-122.972288,46.123977],[-122.972172,46.123953]],[[-122.972449,46.123728],[-122.972418,46.123617],[-122.972301,46.123593],[-122.972295,46.123536],[-122.972253,46.123507],[-122.971988,46.123489],[-122.971919,46.123522],[-122.971931,46.123663],[-122.971983,46.123682],[-122.972172,46.123683],[-122.972178,46.123739],[-122.97222,46.123768],[-122.97241,46.123766],[-122.972449,46.123728]],[[-122.972351,46.127553],[-122.972425,46.127514],[-122.972411,46.127392],[-122.972299,46.127373],[-122.972293,46.127316],[-122.972251,46.127287],[-122.972048,46.127295],[-122.972021,46.127338],[-122.972058,46.127443],[-122.97217,46.127463],[-122.972173,46.127514],[-122.972211,46.127546],[-122.972351,46.127553]],[[-122.972481,46.127193],[-122.972557,46.127149],[-122.972541,46.126942],[-122.972429,46.126923],[-122.972395,46.126842],[-122.972254,46.12681],[-122.972069,46.126845],[-122.972041,46.126881],[-122.972058,46.126993],[-122.97217,46.127013],[-122.972183,46.127079],[-122.972299,46.127103],[-122.972334,46.127184],[-122.972481,46.127193]],[[-122.972765,46.122887],[-122.972901,46.122869],[-122.972943,46.122839],[-122.972926,46.122709],[-122.972871,46.122693],[-122.972701,46.122704],[-122.972684,46.122636],[-122.972635,46.122605],[-122.972454,46.122618],[-122.972431,46.122657],[-122.972453,46.12278],[-122.972514,46.122796],[-122.972679,46.122772],[-122.972712,46.12287],[-122.972765,46.122887]],[[-122.973578,46.124203],[-122.973615,46.124003],[-122.973593,46.123969],[-122.973466,46.123953],[-122.973466,46.123863],[-122.973696,46.123851],[-122.973725,46.123814],[-122.973716,46.123711],[-122.97367,46.123685],[-122.973596,46.123683],[-122.973561,46.123602],[-122.973466,46.123593],[-122.973438,46.123515],[-122.973337,46.123503],[-122.973302,46.123422],[-122.973078,46.123413],[-122.973078,46.123323],[-122.973179,46.123311],[-122.973208,46.123233],[-122.973308,46.123221],[-122.973337,46.123143],[-122.973438,46.123131],[-122.973466,46.123053],[-122.973555,46.123047],[-122.973594,46.123009],[-122.973573,46.122889],[-122.973467,46.122873],[-122.973463,46.122821],[-122.973425,46.122789],[-122.97327,46.122784],[-122.973217,46.122811],[-122.973208,46.122873],[-122.973096,46.122893],[-122.973078,46.122963],[-122.972966,46.122982],[-122.972949,46.123143],[-122.972848,46.123155],[-122.972819,46.123233],[-122.972703,46.123257],[-122.97269,46.123323],[-122.972583,46.123338],[-122.972526,46.123466],[-122.972595,46.123584],[-122.972819,46.123593],[-122.972842,46.123667],[-122.972948,46.123683],[-122.972966,46.123843],[-122.973078,46.123863],[-122.973112,46.123944],[-122.973207,46.123953],[-122.973235,46.124031],[-122.973336,46.124043],[-122.973336,46.124133],[-122.973302,46.124181],[-122.973355,46.124236],[-122.97342,46.124245],[-122.973578,46.124203]],[[-122.972739,46.127373],[-122.972814,46.127334],[-122.972808,46.127221],[-122.972755,46.127194],[-122.972599,46.127199],[-122.97256,46.127236],[-122.972567,46.127344],[-122.972621,46.127372],[-122.972739,46.127373]],[[-122.972869,46.127913],[-122.972943,46.127875],[-122.972933,46.127757],[-122.972876,46.127733],[-122.972701,46.127742],[-122.972668,46.127789],[-122.9727,46.127889],[-122.97275,46.127912],[-122.972869,46.127913]],[[-122.973387,46.126923],[-122.973463,46.126879],[-122.973463,46.126786],[-122.973436,46.126755],[-122.973217,46.126754],[-122.973193,46.126677],[-122.973076,46.126653],[-122.97307,46.126596],[-122.973028,46.126567],[-122.972763,46.126549],[-122.972705,46.126569],[-122.972688,46.126694],[-122.972716,46.12673],[-122.972947,46.126743],[-122.97295,46.126794],[-122.972988,46.126826],[-122.973195,46.126822],[-122.973234,46.126911],[-122.973387,46.126923]],[[-122.973257,46.127643],[-122.973331,46.127605],[-122.973317,46.127483],[-122.973205,46.127463],[-122.973199,46.127406],[-122.973157,46.127377],[-122.972954,46.127386],[-122.972927,46.127429],[-122.972964,46.127533],[-122.973076,46.127553],[-122.973079,46.127605],[-122.973117,46.127636],[-122.973257,46.127643]],[[-122.973111,46.126284],[-122.973282,46.126304],[-122.973332,46.126268],[-122.973326,46.126051],[-122.973273,46.126024],[-122.972987,46.126016],[-122.972948,46.126058],[-122.972956,46.126174],[-122.973002,46.1262],[-122.973076,46.126203],[-122.973111,46.126284]],[[-122.973889,46.124721],[-122.973848,46.124603],[-122.973801,46.124572],[-122.973466,46.124583],[-122.973466,46.124493],[-122.973554,46.124487],[-122.973594,46.124449],[-122.973592,46.124351],[-122.97354,46.124315],[-122.97337,46.124309],[-122.973336,46.124403],[-122.973241,46.124412],[-122.973207,46.124493],[-122.973125,46.124497],[-122.973081,46.124531],[-122.973086,46.124824],[-122.973132,46.12485],[-122.973207,46.124853],[-122.973224,46.124923],[-122.973336,46.124943],[-122.973349,46.125009],[-122.973465,46.125033],[-122.973471,46.12509],[-122.973521,46.125121],[-122.973683,46.125117],[-122.973721,46.125085],[-122.973724,46.125033],[-122.973799,46.125031],[-122.973845,46.125004],[-122.973854,46.124763],[-122.973889,46.124721]],[[-122.973383,46.126469],[-122.973534,46.126485],[-122.973585,46.126458],[-122.973588,46.126326],[-122.973532,46.126294],[-122.973363,46.126297],[-122.973316,46.126343],[-122.973341,46.12644],[-122.973383,46.126469]],[[-122.973506,46.125927],[-122.973656,46.125946],[-122.973711,46.125922],[-122.973722,46.125796],[-122.973676,46.125757],[-122.973525,46.12574],[-122.973468,46.125778],[-122.973467,46.125889],[-122.973506,46.125927]],[[-122.974134,46.126907],[-122.97431,46.126936],[-122.974365,46.126903],[-122.974348,46.126759],[-122.974241,46.126743],[-122.974228,46.126677],[-122.974112,46.126653],[-122.974106,46.126596],[-122.974064,46.126567],[-122.973794,46.126563],[-122.973746,46.126579],[-122.973724,46.126617],[-122.973746,46.126727],[-122.973853,46.126743],[-122.973856,46.126795],[-122.973894,46.126827],[-122.974112,46.126833],[-122.974134,46.126907]],[[-122.974504,46.123595],[-122.974433,46.123569],[-122.974271,46.123605],[-122.974243,46.123642],[-122.974258,46.123765],[-122.974148,46.123782],[-122.974113,46.123863],[-122.974032,46.123867],[-122.973987,46.123901],[-122.973983,46.124223],[-122.973867,46.124247],[-122.973854,46.124354],[-122.973895,46.124397],[-122.973999,46.124411],[-122.973987,46.124468],[-122.974037,46.124504],[-122.974101,46.124499],[-122.974145,46.124461],[-122.974097,46.124395],[-122.974113,46.124313],[-122.974214,46.124301],[-122.974243,46.124223],[-122.974337,46.124214],[-122.974372,46.124133],[-122.974453,46.124129],[-122.974498,46.124095],[-122.974498,46.123901],[-122.974454,46.123867],[-122.974372,46.123863],[-122.974356,46.123781],[-122.974492,46.123745],[-122.974536,46.123641],[-122.974504,46.123595]],[[-122.974115,46.125664],[-122.974058,46.125649],[-122.974,46.12567],[-122.973983,46.125718],[-122.97401,46.125754],[-122.974073,46.125766],[-122.974132,46.12574],[-122.974146,46.1257],[-122.974115,46.125664]],[[-122.974793,46.122571],[-122.974755,46.122456],[-122.974713,46.122427],[-122.974428,46.122425],[-122.974379,46.122456],[-122.974373,46.122513],[-122.974013,46.122525],[-122.973985,46.122562],[-122.973988,46.122655],[-122.974025,46.122687],[-122.974175,46.122717],[-122.974243,46.122693],[-122.974373,46.122693],[-122.974441,46.122717],[-122.974502,46.122693],[-122.974706,46.122691],[-122.974752,46.122665],[-122.974793,46.122571]],[[-122.97424,46.125031],[-122.974189,46.125009],[-122.974131,46.12502],[-122.974093,46.125062],[-122.974109,46.125103],[-122.974163,46.125123],[-122.974234,46.12511],[-122.974262,46.125073],[-122.97424,46.125031]],[[-122.97659,46.127059],[-122.976571,46.126924],[-122.97666,46.126917],[-122.976699,46.12688],[-122.976688,46.126678],[-122.976571,46.126654],[-122.976565,46.126597],[-122.976523,46.126568],[-122.976312,46.126563],[-122.976295,46.126493],[-122.976183,46.126473],[-122.976149,46.126393],[-122.976054,46.126383],[-122.976025,46.126306],[-122.975924,46.126293],[-122.975896,46.126216],[-122.975795,46.126203],[-122.975766,46.126126],[-122.975536,46.126113],[-122.975513,46.126039],[-122.975407,46.126023],[-122.975393,46.125957],[-122.975277,46.125933],[-122.975249,46.125856],[-122.975148,46.125843],[-122.975139,46.125692],[-122.975093,46.125666],[-122.975018,46.125663],[-122.975019,46.125483],[-122.975382,46.1255],[-122.975441,46.125441],[-122.975401,46.125337],[-122.975359,46.125307],[-122.975278,46.125303],[-122.975243,46.125222],[-122.975148,46.125213],[-122.97512,46.125136],[-122.975019,46.125123],[-122.975018,46.124978],[-122.974986,46.124939],[-122.974665,46.124952],[-122.974632,46.124987],[-122.97463,46.125123],[-122.974596,46.125166],[-122.97463,46.125213],[-122.97463,46.125393],[-122.974556,46.125395],[-122.97451,46.125422],[-122.974501,46.125573],[-122.974394,46.125589],[-122.974371,46.125663],[-122.974277,46.125666],[-122.974234,46.125688],[-122.974255,46.125819],[-122.974371,46.125843],[-122.974406,46.125924],[-122.9745,46.125933],[-122.974529,46.126011],[-122.97463,46.126023],[-122.974658,46.126101],[-122.974759,46.126113],[-122.974788,46.126191],[-122.974889,46.126203],[-122.974911,46.126367],[-122.975277,46.126383],[-122.9753,46.126548],[-122.975536,46.126563],[-122.975553,46.126634],[-122.975665,46.126653],[-122.975683,46.126724],[-122.975794,46.126744],[-122.975812,46.126814],[-122.975924,46.126834],[-122.975937,46.126899],[-122.976053,46.126924],[-122.976088,46.127004],[-122.976312,46.127014],[-122.976325,46.12708],[-122.97639,46.127104],[-122.976557,46.127094],[-122.97659,46.127059]],[[-122.974552,46.127103],[-122.974626,46.127065],[-122.974616,46.126947],[-122.974559,46.126923],[-122.974384,46.126933],[-122.974351,46.126979],[-122.974384,46.127079],[-122.974433,46.127102],[-122.974552,46.127103]],[[-122.974754,46.12482],[-122.974779,46.124718],[-122.974746,46.124683],[-122.974556,46.124675],[-122.974507,46.124706],[-122.974484,46.124813],[-122.974543,46.124852],[-122.974705,46.124851],[-122.974754,46.12482]],[[-122.975136,46.123527],[-122.974943,46.123492],[-122.974893,46.123528],[-122.974856,46.123646],[-122.974936,46.123706],[-122.975101,46.123679],[-122.975145,46.123645],[-122.975136,46.123527]],[[-122.975519,46.124294],[-122.975556,46.124178],[-122.975516,46.12414],[-122.975312,46.124142],[-122.975278,46.124223],[-122.975183,46.124232],[-122.975148,46.124313],[-122.975074,46.124316],[-122.975028,46.124342],[-122.975035,46.124486],[-122.974899,46.124522],[-122.974882,46.124648],[-122.975035,46.124681],[-122.974999,46.124893],[-122.975046,46.124939],[-122.975222,46.124941],[-122.975277,46.124895],[-122.975295,46.124713],[-122.97525,46.124678],[-122.975133,46.124666],[-122.975133,46.124501],[-122.975255,46.124477],[-122.975278,46.124403],[-122.975373,46.124394],[-122.975407,46.124313],[-122.975519,46.124294]],[[-122.97507,46.126833],[-122.975144,46.126795],[-122.975134,46.126677],[-122.975077,46.126654],[-122.974902,46.126663],[-122.974869,46.126709],[-122.974902,46.126809],[-122.974951,46.126832],[-122.97507,46.126833]],[[-122.975408,46.122603],[-122.975374,46.122522],[-122.975189,46.122506],[-122.975152,46.122538],[-122.975149,46.122603],[-122.975055,46.122606],[-122.975008,46.122633],[-122.975029,46.122755],[-122.975082,46.122782],[-122.975279,46.122783],[-122.975339,46.122807],[-122.975496,46.122777],[-122.975536,46.12274],[-122.975534,46.122642],[-122.97549,46.122607],[-122.975408,46.122603]],[[-122.975942,46.127958],[-122.975906,46.127843],[-122.975794,46.127823],[-122.975781,46.127757],[-122.975665,46.127733],[-122.97563,46.127653],[-122.975417,46.127654],[-122.975393,46.127577],[-122.975277,46.127553],[-122.975271,46.127497],[-122.975229,46.127467],[-122.975093,46.12745],[-122.97503,46.127474],[-122.975035,46.127624],[-122.975147,46.127643],[-122.975153,46.1277],[-122.975195,46.127729],[-122.975395,46.127722],[-122.975423,46.127804],[-122.975535,46.127823],[-122.975548,46.127889],[-122.975665,46.127914],[-122.975699,46.127994],[-122.975903,46.127997],[-122.975942,46.127958]],[[-122.975587,46.127463],[-122.975661,46.127425],[-122.975656,46.127312],[-122.975602,46.127284],[-122.975447,46.12729],[-122.975407,46.127327],[-122.975415,46.127435],[-122.975468,46.127462],[-122.975587,46.127463]],[[-122.975812,46.125714],[-122.975772,46.125499],[-122.975717,46.125483],[-122.975559,46.125499],[-122.975536,46.125663],[-122.975502,46.125701],[-122.975522,46.125745],[-122.975597,46.125777],[-122.975768,46.125749],[-122.975812,46.125714]],[[-122.976058,46.122965],[-122.976054,46.122827],[-122.976014,46.12279],[-122.975737,46.122784],[-122.975676,46.122812],[-122.975676,46.122935],[-122.975722,46.122961],[-122.975796,46.122963],[-122.9758,46.123015],[-122.975837,46.123047],[-122.976024,46.123072],[-122.976087,46.123022],[-122.976058,46.122965]],[[-122.976201,46.124274],[-122.976161,46.124059],[-122.976106,46.124043],[-122.975948,46.124059],[-122.975925,46.124097],[-122.975948,46.124298],[-122.976156,46.124309],[-122.976201,46.124274]],[[-122.976439,46.126089],[-122.976459,46.125973],[-122.976407,46.125936],[-122.976226,46.125935],[-122.976166,46.125973],[-122.976189,46.12608],[-122.976238,46.126111],[-122.976402,46.12612],[-122.976439,46.126089]],[[-122.976493,46.127734],[-122.976567,46.127695],[-122.976558,46.127578],[-122.976501,46.127554],[-122.976326,46.127563],[-122.976292,46.127609],[-122.976325,46.12771],[-122.976374,46.127733],[-122.976493,46.127734]],[[-122.976761,46.128028],[-122.976911,46.128],[-122.976953,46.12797],[-122.976936,46.12784],[-122.976881,46.127824],[-122.976593,46.127839],[-122.976571,46.127878],[-122.976593,46.127988],[-122.976761,46.128028]],[[-122.976962,46.128365],[-122.976905,46.12835],[-122.976846,46.12837],[-122.97683,46.128419],[-122.976857,46.128455],[-122.976919,46.128467],[-122.976978,46.128441],[-122.976993,46.128401],[-122.976962,46.128365]],[[-122.977989,46.128061],[-122.978013,46.127869],[-122.977981,46.127833],[-122.977813,46.127824],[-122.977749,46.127848],[-122.977736,46.127914],[-122.977606,46.127914],[-122.977606,46.127824],[-122.977723,46.1278],[-122.977736,46.127698],[-122.977701,46.127653],[-122.977606,46.127644],[-122.977584,46.12757],[-122.977348,46.127554],[-122.977286,46.12753],[-122.977218,46.127554],[-122.977089,46.127554],[-122.977108,46.127424],[-122.977081,46.127386],[-122.9769,46.127374],[-122.976843,46.127398],[-122.976839,46.127525],[-122.976975,46.127561],[-122.976924,46.127686],[-122.976968,46.127795],[-122.977014,46.127821],[-122.977088,46.127824],[-122.977123,46.127905],[-122.977218,46.127914],[-122.977246,46.127992],[-122.977347,46.128004],[-122.977382,46.128085],[-122.977606,46.128094],[-122.977612,46.128164],[-122.977659,46.128195],[-122.977817,46.12818],[-122.977859,46.128151],[-122.977865,46.128094],[-122.977947,46.12809],[-122.977989,46.128061]],[[-122.9774,46.126294],[-122.977476,46.12625],[-122.977476,46.126157],[-122.977443,46.126123],[-122.9771,46.126125],[-122.97708,46.126052],[-122.977027,46.126025],[-122.976893,46.126025],[-122.976843,46.126048],[-122.976831,46.126155],[-122.976865,46.126195],[-122.977078,46.126193],[-122.977095,46.12626],[-122.977144,46.126291],[-122.9774,46.126294]],[[-122.977123,46.128355],[-122.977287,46.128376],[-122.977338,46.128349],[-122.977334,46.128208],[-122.977218,46.128184],[-122.977212,46.128127],[-122.97717,46.128098],[-122.976973,46.128103],[-122.976939,46.12815],[-122.976972,46.12825],[-122.977088,46.128274],[-122.977123,46.128355]],[[-122.977607,46.126604],[-122.977539,46.12655],[-122.977137,46.126568],[-122.977095,46.126597],[-122.977089,46.126654],[-122.977015,46.126656],[-122.976969,46.126682],[-122.976945,46.126799],[-122.977002,46.126833],[-122.977218,46.126834],[-122.977241,46.126908],[-122.977394,46.126946],[-122.977559,46.12692],[-122.977606,46.126875],[-122.977607,46.126604]],[[-122.977399,46.128994],[-122.977473,46.128956],[-122.977463,46.128838],[-122.977406,46.128814],[-122.977231,46.128823],[-122.977198,46.12887],[-122.977231,46.12897],[-122.97728,46.128993],[-122.977399,46.128994]],[[-122.977573,46.128548],[-122.97764,46.128417],[-122.977625,46.128377],[-122.977567,46.128351],[-122.97751,46.12836],[-122.977477,46.128399],[-122.977492,46.128446],[-122.977444,46.128486],[-122.977457,46.128531],[-122.977516,46.128557],[-122.977573,46.128548]],[[-122.977787,46.130164],[-122.977861,46.130126],[-122.977855,46.130012],[-122.977802,46.129985],[-122.977646,46.12999],[-122.977607,46.130027],[-122.977615,46.130135],[-122.977668,46.130163],[-122.977787,46.130164]],[[-122.978118,46.127431],[-122.978159,46.127326],[-122.978124,46.127284],[-122.978102,46.12712],[-122.978047,46.127104],[-122.977759,46.12712],[-122.977704,46.127252],[-122.977759,46.127358],[-122.977865,46.127374],[-122.977888,46.127448],[-122.978076,46.12746],[-122.978118,46.127431]],[[-122.978142,46.130839],[-122.978117,46.130737],[-122.978068,46.130706],[-122.977906,46.130705],[-122.977847,46.130744],[-122.97787,46.130851],[-122.977919,46.130882],[-122.978109,46.130874],[-122.978142,46.130839]],[[-122.979418,46.129984],[-122.979416,46.129834],[-122.97935,46.129791],[-122.979064,46.129813],[-122.97903,46.129853],[-122.979029,46.129984],[-122.978911,46.129995],[-122.978894,46.129914],[-122.97884,46.129882],[-122.978253,46.129894],[-122.978224,46.129816],[-122.978062,46.12978],[-122.977905,46.12981],[-122.977865,46.129853],[-122.977887,46.129968],[-122.978123,46.129984],[-122.978136,46.13005],[-122.978253,46.130074],[-122.978256,46.130126],[-122.978294,46.130158],[-122.978511,46.130164],[-122.978595,46.130187],[-122.978748,46.130148],[-122.97877,46.130074],[-122.978889,46.130063],[-122.978903,46.130139],[-122.978939,46.130171],[-122.979159,46.130164],[-122.979172,46.13032],[-122.979328,46.130357],[-122.979414,46.130319],[-122.979418,46.130164],[-122.979506,46.130158],[-122.979546,46.130121],[-122.979534,46.130008],[-122.979418,46.129984]],[[-122.978048,46.127835],[-122.97824,46.1278],[-122.97825,46.127682],[-122.978198,46.127646],[-122.97805,46.127646],[-122.977996,46.127687],[-122.977998,46.127799],[-122.978048,46.127835]],[[-122.979029,46.130884],[-122.979145,46.13086],[-122.979155,46.130742],[-122.979103,46.130706],[-122.978955,46.130706],[-122.978906,46.130737],[-122.978899,46.130794],[-122.978783,46.130818],[-122.97877,46.130884],[-122.978654,46.130908],[-122.97865,46.131036],[-122.978711,46.131064],[-122.978988,46.131058],[-122.979027,46.131021],[-122.979029,46.130884]],[[-122.979548,46.127374],[-122.979636,46.127368],[-122.979676,46.127331],[-122.979669,46.126953],[-122.979615,46.126925],[-122.979419,46.126924],[-122.979358,46.1269],[-122.979208,46.126928],[-122.97916,46.126973],[-122.97916,46.127194],[-122.978976,46.12718],[-122.978918,46.127201],[-122.978901,46.127374],[-122.978806,46.127383],[-122.978771,46.127464],[-122.97866,46.127484],[-122.978648,46.127611],[-122.97869,46.12764],[-122.978771,46.127644],[-122.978777,46.127701],[-122.978819,46.12773],[-122.979106,46.127745],[-122.979154,46.127714],[-122.97916,46.127644],[-122.979349,46.127644],[-122.979401,46.127624],[-122.979419,46.127464],[-122.979525,46.127448],[-122.979548,46.127374]],[[-122.979807,46.128904],[-122.979888,46.1289],[-122.979933,46.128866],[-122.979933,46.128763],[-122.979881,46.128727],[-122.979596,46.128728],[-122.979549,46.128768],[-122.979547,46.128904],[-122.979289,46.128904],[-122.97928,46.128753],[-122.979143,46.128717],[-122.979147,46.128465],[-122.979077,46.12844],[-122.978914,46.128478],[-122.978868,46.128602],[-122.978923,46.128708],[-122.979046,46.128732],[-122.97903,46.128814],[-122.978911,46.128825],[-122.978817,46.128792],[-122.978766,46.128818],[-122.978752,46.128859],[-122.978791,46.128897],[-122.978889,46.128893],[-122.978954,46.128928],[-122.979041,46.128893],[-122.979175,46.128912],[-122.979159,46.129084],[-122.979124,46.129127],[-122.979159,46.129174],[-122.97914,46.129309],[-122.979173,46.129345],[-122.97934,46.129354],[-122.979395,46.129338],[-122.979418,46.129264],[-122.979499,46.12926],[-122.979542,46.129231],[-122.979548,46.129084],[-122.979654,46.129068],[-122.979677,46.128994],[-122.979793,46.12897],[-122.979807,46.128904]],[[-122.978902,46.125574],[-122.978868,46.125611],[-122.978882,46.125651],[-122.978941,46.125677],[-122.978998,46.125668],[-122.97903,46.125634],[-122.979018,46.125585],[-122.978963,46.125561],[-122.978902,46.125574]],[[-122.979159,46.130474],[-122.979131,46.130433],[-122.979076,46.13042],[-122.979015,46.130443],[-122.978994,46.130482],[-122.97902,46.130519],[-122.979083,46.130538],[-122.979142,46.130518],[-122.979159,46.130474]],[[-122.979416,46.125819],[-122.979436,46.125704],[-122.979385,46.125667],[-122.979214,46.125641],[-122.979128,46.125696],[-122.979166,46.125811],[-122.979215,46.125842],[-122.97938,46.125851],[-122.979416,46.125819]],[[-122.97947,46.128454],[-122.979544,46.128416],[-122.979539,46.128303],[-122.979485,46.128275],[-122.97933,46.128281],[-122.97929,46.128318],[-122.979298,46.128426],[-122.979351,46.128453],[-122.97947,46.128454]],[[-122.979677,46.129804],[-122.979694,46.129754],[-122.979649,46.129719],[-122.979558,46.129725],[-122.979479,46.12969],[-122.979402,46.129732],[-122.979403,46.12977],[-122.979445,46.1298],[-122.979536,46.129793],[-122.979608,46.129828],[-122.979677,46.129804]],[[-122.979678,46.127824],[-122.979696,46.127779],[-122.979664,46.127744],[-122.97959,46.127735],[-122.97954,46.127759],[-122.97953,46.127801],[-122.979566,46.127838],[-122.979624,46.127848],[-122.979678,46.127824]],[[-122.982879,46.128986],[-122.98293,46.128855],[-122.982886,46.128819],[-122.982665,46.128826],[-122.982651,46.128583],[-122.982606,46.128549],[-122.982525,46.128543],[-122.982525,46.128455],[-122.982606,46.128451],[-122.982651,46.128416],[-122.982655,46.128185],[-122.982749,46.128176],[-122.982784,46.128095],[-122.982865,46.128091],[-122.982907,46.128061],[-122.982908,46.127858],[-122.982866,46.127829],[-122.982784,46.127825],[-122.982775,46.127763],[-122.982722,46.127736],[-122.982525,46.127735],[-122.982456,46.127711],[-122.982396,46.127735],[-122.982185,46.127739],[-122.982143,46.127768],[-122.982137,46.127825],[-122.982036,46.127837],[-122.982007,46.127915],[-122.981906,46.127927],[-122.981878,46.128005],[-122.981777,46.128017],[-122.981748,46.128095],[-122.981647,46.128107],[-122.981619,46.128184],[-122.981531,46.128191],[-122.981491,46.128228],[-122.981482,46.12834],[-122.981524,46.128362],[-122.981619,46.128365],[-122.981642,46.128439],[-122.981748,46.128455],[-122.981783,46.128535],[-122.981878,46.128545],[-122.981878,46.128635],[-122.981748,46.128635],[-122.98172,46.128557],[-122.981558,46.12852],[-122.981388,46.128557],[-122.98136,46.128634],[-122.981231,46.128634],[-122.981218,46.128555],[-122.98114,46.128531],[-122.981,46.128557],[-122.980971,46.128634],[-122.980747,46.128644],[-122.980713,46.128724],[-122.980631,46.128729],[-122.980586,46.128763],[-122.980568,46.12896],[-122.980625,46.128993],[-122.980842,46.128995],[-122.980842,46.129174],[-122.980735,46.12919],[-122.980712,46.129264],[-122.980359,46.129273],[-122.980326,46.129308],[-122.980327,46.129406],[-122.980394,46.129444],[-122.980712,46.129444],[-122.980735,46.129519],[-122.980842,46.129535],[-122.980864,46.129699],[-122.981101,46.129715],[-122.9811,46.129894],[-122.980994,46.12991],[-122.980971,46.129984],[-122.980855,46.130008],[-122.980842,46.130074],[-122.980712,46.130074],[-122.980695,46.130004],[-122.980583,46.129984],[-122.98057,46.129918],[-122.980453,46.129894],[-122.98045,46.129843],[-122.980412,46.129811],[-122.980194,46.129804],[-122.980133,46.12978],[-122.979977,46.129811],[-122.979937,46.129848],[-122.979935,46.129984],[-122.979854,46.129988],[-122.979809,46.130023],[-122.979806,46.130164],[-122.979724,46.130168],[-122.97968,46.130203],[-122.97969,46.13041],[-122.979806,46.130434],[-122.979823,46.130505],[-122.979935,46.130524],[-122.979948,46.13059],[-122.980065,46.130614],[-122.980068,46.130666],[-122.980106,46.130698],[-122.980453,46.130704],[-122.980459,46.130851],[-122.980501,46.13088],[-122.980582,46.130884],[-122.980586,46.130936],[-122.980623,46.130968],[-122.980786,46.130972],[-122.980835,46.130941],[-122.980841,46.130885],[-122.980971,46.130885],[-122.980984,46.13095],[-122.9811,46.130975],[-122.981135,46.131055],[-122.981359,46.131065],[-122.981365,46.131135],[-122.981412,46.131166],[-122.981583,46.131145],[-122.981618,46.131065],[-122.981734,46.131041],[-122.981748,46.130975],[-122.981859,46.130955],[-122.981877,46.130885],[-122.981989,46.130865],[-122.982006,46.130753],[-122.981965,46.130711],[-122.981877,46.130705],[-122.981849,46.130627],[-122.981748,46.130615],[-122.981747,46.130483],[-122.981719,46.130447],[-122.981489,46.130435],[-122.981489,46.130345],[-122.981595,46.130329],[-122.981618,46.130255],[-122.981719,46.130242],[-122.981748,46.130165],[-122.981843,46.130156],[-122.981877,46.130075],[-122.981989,46.130055],[-122.982007,46.129985],[-122.982136,46.129985],[-122.982136,46.130255],[-122.981879,46.130271],[-122.981857,46.13031],[-122.981895,46.130415],[-122.981947,46.130434],[-122.982136,46.130435],[-122.982154,46.130505],[-122.982265,46.130525],[-122.982274,46.1306],[-122.982348,46.130628],[-122.982507,46.130595],[-122.982524,46.130435],[-122.982613,46.130428],[-122.982652,46.130391],[-122.982637,46.130171],[-122.982579,46.130151],[-122.982395,46.130165],[-122.982395,46.130075],[-122.982507,46.130055],[-122.982559,46.129942],[-122.982507,46.129824],[-122.982395,46.129803],[-122.982395,46.129715],[-122.982483,46.129708],[-122.982524,46.129666],[-122.982523,46.129128],[-122.982484,46.129091],[-122.982395,46.129085],[-122.982392,46.129033],[-122.982354,46.129001],[-122.982137,46.128995],[-122.982137,46.128815],[-122.982266,46.128815],[-122.982275,46.128876],[-122.982328,46.128904],[-122.982643,46.128894],[-122.982663,46.128966],[-122.982717,46.128994],[-122.982879,46.128986]],[[-122.980975,46.127646],[-122.980966,46.127498],[-122.980924,46.127469],[-122.980843,46.127464],[-122.980808,46.127384],[-122.980713,46.127374],[-122.98069,46.12721],[-122.980325,46.127194],[-122.980319,46.127048],[-122.980277,46.127018],[-122.980196,46.127014],[-122.980173,46.12694],[-122.980118,46.126924],[-122.979959,46.12694],[-122.979937,46.126978],[-122.979937,46.127416],[-122.979977,46.127458],[-122.980066,46.127464],[-122.980088,46.127642],[-122.980141,46.127658],[-122.980325,46.127644],[-122.980338,46.12771],[-122.980454,46.127734],[-122.980477,46.127809],[-122.980645,46.127848],[-122.980713,46.127824],[-122.980943,46.127812],[-122.981006,46.127697],[-122.980975,46.127646]],[[-122.980406,46.128458],[-122.980248,46.128431],[-122.980083,46.128474],[-122.980065,46.128594],[-122.980093,46.128635],[-122.980384,46.128634],[-122.980436,46.128615],[-122.980445,46.128483],[-122.980406,46.128458]],[[-122.980321,46.131062],[-122.98027,46.131041],[-122.980212,46.131051],[-122.980175,46.131093],[-122.980191,46.131134],[-122.980244,46.131154],[-122.980316,46.131142],[-122.980343,46.131104],[-122.980321,46.131062]],[[-122.980923,46.131789],[-122.980757,46.131762],[-122.980605,46.1318],[-122.980582,46.131874],[-122.980358,46.131884],[-122.980325,46.131918],[-122.980315,46.132029],[-122.980373,46.132054],[-122.980649,46.132053],[-122.980702,46.132026],[-122.980712,46.131965],[-122.980936,46.131955],[-122.98097,46.131916],[-122.980965,46.131818],[-122.980923,46.131789]],[[-122.981022,46.131425],[-122.981077,46.131409],[-122.9811,46.131376],[-122.981099,46.131288],[-122.981059,46.131251],[-122.980632,46.131245],[-122.980571,46.131274],[-122.980586,46.131386],[-122.980623,46.131418],[-122.981022,46.131425]],[[-122.981509,46.127419],[-122.981484,46.127318],[-122.981435,46.127287],[-122.981286,46.127287],[-122.981234,46.127323],[-122.981234,46.127426],[-122.981286,46.127462],[-122.981476,46.127455],[-122.981509,46.127419]],[[-122.982317,46.131065],[-122.982393,46.131021],[-122.982393,46.130928],[-122.982366,46.130897],[-122.982197,46.130861],[-122.982024,46.130904],[-122.982007,46.131016],[-122.982035,46.131052],[-122.982317,46.131065]],[[-122.984112,46.128958],[-122.984065,46.128839],[-122.983949,46.128815],[-122.983926,46.128741],[-122.983819,46.128725],[-122.983839,46.128505],[-122.983799,46.128462],[-122.983233,46.128442],[-122.983178,46.128475],[-122.98317,46.128545],[-122.983043,46.128545],[-122.983037,46.128488],[-122.982988,46.128457],[-122.982852,46.128441],[-122.982793,46.12847],[-122.98279,46.128601],[-122.982832,46.128631],[-122.982913,46.128635],[-122.982942,46.128713],[-122.983301,46.128725],[-122.983324,46.128889],[-122.98356,46.128905],[-122.983583,46.128979],[-122.98369,46.128995],[-122.98367,46.129124],[-122.98371,46.129168],[-122.983901,46.129171],[-122.983943,46.129142],[-122.983949,46.129085],[-122.984055,46.129069],[-122.984112,46.128958]],[[-122.983742,46.128005],[-122.983818,46.127961],[-122.983797,46.127751],[-122.983561,46.127735],[-122.983538,46.127661],[-122.983431,46.127645],[-122.983414,46.127575],[-122.983302,46.127555],[-122.983267,46.127474],[-122.983173,46.127465],[-122.983144,46.127387],[-122.983043,46.127375],[-122.98301,46.127281],[-122.982953,46.127272],[-122.982807,46.127301],[-122.982784,46.127339],[-122.982807,46.127449],[-122.982913,46.127465],[-122.982931,46.127535],[-122.983043,46.127555],[-122.983077,46.127636],[-122.983172,46.127645],[-122.983201,46.127723],[-122.983302,46.127735],[-122.98333,46.127813],[-122.983431,46.127825],[-122.98346,46.127903],[-122.983561,46.127915],[-122.983589,46.127993],[-122.983742,46.128005]],[[-122.983175,46.129266],[-122.98317,46.129128],[-122.983131,46.129091],[-122.982854,46.129085],[-122.982793,46.129113],[-122.982801,46.129245],[-122.982854,46.129265],[-122.983042,46.129265],[-122.983046,46.12933],[-122.983082,46.129362],[-122.98314,46.129367],[-122.983191,46.129342],[-122.983206,46.129302],[-122.983175,46.129266]],[[-122.98369,46.129665],[-122.983622,46.129611],[-122.982973,46.129612],[-122.982916,46.12965],[-122.982914,46.129761],[-122.982954,46.129798],[-122.983042,46.129805],[-122.983048,46.129861],[-122.98309,46.129891],[-122.983368,46.129894],[-122.983421,46.129866],[-122.983431,46.129805],[-122.983667,46.129789],[-122.98369,46.129665]],[[-122.983175,46.128186],[-122.983118,46.128171],[-122.98306,46.128191],[-122.983043,46.12824],[-122.98307,46.128276],[-122.983133,46.128288],[-122.983192,46.128262],[-122.983206,46.128222],[-122.983175,46.128186]],[[-122.983636,46.130424],[-122.983441,46.130446],[-122.983396,46.130354],[-122.983234,46.130346],[-122.983177,46.130378],[-122.983153,46.13048],[-122.983214,46.130524],[-122.983419,46.130514],[-122.983459,46.130603],[-122.983629,46.130627],[-122.983688,46.130585],[-122.983686,46.13046],[-122.983636,46.130424]],[[-122.983449,46.13021],[-122.983425,46.130108],[-122.983383,46.130079],[-122.983239,46.130061],[-122.983177,46.130095],[-122.983173,46.130211],[-122.98322,46.130251],[-122.98341,46.130248],[-122.983449,46.13021]],[[-122.984467,46.127735],[-122.984449,46.127665],[-122.984337,46.127645],[-122.984303,46.127564],[-122.984208,46.127555],[-122.98418,46.127477],[-122.984079,46.127465],[-122.98405,46.127387],[-122.983949,46.127375],[-122.983921,46.127297],[-122.98369,46.127285],[-122.98369,46.127154],[-122.983662,46.127117],[-122.983432,46.127105],[-122.983426,46.127048],[-122.983376,46.127017],[-122.983243,46.127015],[-122.98319,46.127035],[-122.983186,46.127261],[-122.983302,46.127285],[-122.983336,46.127366],[-122.983431,46.127375],[-122.98346,46.127453],[-122.983561,46.127465],[-122.983589,46.127543],[-122.98369,46.127555],[-122.983719,46.127633],[-122.98382,46.127645],[-122.983848,46.127723],[-122.984078,46.127735],[-122.984092,46.127801],[-122.984208,46.127825],[-122.984231,46.127899],[-122.984398,46.127939],[-122.984555,46.127909],[-122.984595,46.127872],[-122.984583,46.127759],[-122.984467,46.127735]],[[-122.983483,46.128365],[-122.983557,46.128327],[-122.983551,46.128213],[-122.983385,46.128162],[-122.983326,46.128168],[-122.983267,46.128227],[-122.983311,46.128336],[-122.983364,46.128364],[-122.983483,46.128365]],[[-122.983349,46.129441],[-122.9835,46.129457],[-122.983551,46.12943],[-122.983554,46.129298],[-122.983498,46.129266],[-122.983329,46.129269],[-122.983282,46.129315],[-122.983307,46.129411],[-122.983349,46.129441]],[[-122.983689,46.132005],[-122.983621,46.131952],[-122.983348,46.131969],[-122.983302,46.132008],[-122.983306,46.132112],[-122.983371,46.132145],[-122.983641,46.132141],[-122.983687,46.132101],[-122.983689,46.132005]],[[-122.983558,46.129083],[-122.983507,46.129061],[-122.983449,46.129071],[-122.983412,46.129114],[-122.983428,46.129154],[-122.983481,46.129175],[-122.983553,46.129162],[-122.98358,46.129124],[-122.983558,46.129083]],[[-122.98369,46.129535],[-122.983708,46.12949],[-122.983676,46.129454],[-122.983602,46.129446],[-122.983552,46.12947],[-122.983542,46.129511],[-122.983579,46.129548],[-122.983636,46.129558],[-122.98369,46.129535]],[[-122.983687,46.131693],[-122.983636,46.131671],[-122.983578,46.131681],[-122.98354,46.131724],[-122.983556,46.131764],[-122.983609,46.131785],[-122.983681,46.131772],[-122.983709,46.131734],[-122.983687,46.131693]],[[-122.984015,46.131426],[-122.983829,46.131436],[-122.983777,46.131341],[-122.983615,46.131337],[-122.983561,46.131378],[-122.983563,46.13149],[-122.983627,46.131528],[-122.983808,46.131504],[-122.983824,46.131572],[-122.983874,46.131603],[-122.984043,46.131596],[-122.984077,46.131556],[-122.984064,46.131449],[-122.984015,46.131426]],[[-122.983695,46.130018],[-122.983671,46.13012],[-122.983703,46.130155],[-122.983893,46.130163],[-122.983945,46.130127],[-122.983945,46.130023],[-122.983893,46.129987],[-122.983745,46.129987],[-122.983695,46.130018]],[[-122.984337,46.129265],[-122.984334,46.129213],[-122.984296,46.129181],[-122.984113,46.129184],[-122.984078,46.129265],[-122.983983,46.129274],[-122.983948,46.129355],[-122.983832,46.129379],[-122.983811,46.12951],[-122.983854,46.129532],[-122.983948,46.129535],[-122.983977,46.129613],[-122.984139,46.129649],[-122.984308,46.129613],[-122.984337,46.129535],[-122.984561,46.129526],[-122.984595,46.129486],[-122.984587,46.129294],[-122.984533,46.129266],[-122.984337,46.129265]],[[-122.984095,46.129855],[-122.984043,46.129724],[-122.983874,46.129717],[-122.983825,46.129748],[-122.983802,46.129855],[-122.983861,46.129894],[-122.984043,46.129893],[-122.984095,46.129855]],[[-122.984518,46.130795],[-122.984589,46.130762],[-122.984594,46.130658],[-122.984554,46.130621],[-122.984466,46.130615],[-122.984465,46.130388],[-122.984425,46.130351],[-122.984337,46.130345],[-122.984337,46.130255],[-122.984432,46.130246],[-122.984466,46.130165],[-122.984578,46.130145],[-122.984594,46.130028],[-122.984533,46.129986],[-122.98427,46.129986],[-122.984209,46.130028],[-122.984207,46.130165],[-122.984112,46.130174],[-122.984078,46.130255],[-122.983996,46.130259],[-122.983954,46.130288],[-122.983948,46.130525],[-122.983916,46.130583],[-122.983961,46.130681],[-122.984078,46.130705],[-122.984081,46.130757],[-122.984119,46.130789],[-122.984518,46.130795]],[[-122.984484,46.128235],[-122.984438,46.128107],[-122.984208,46.128095],[-122.984202,46.128038],[-122.98416,46.128009],[-122.984011,46.128006],[-122.983955,46.128038],[-122.983958,46.128156],[-122.984004,46.128183],[-122.984078,46.128185],[-122.984084,46.128242],[-122.984126,46.128271],[-122.984432,46.128273],[-122.984484,46.128235]],[[-122.984486,46.12733],[-122.984465,46.127148],[-122.984426,46.127111],[-122.984149,46.127105],[-122.984088,46.127133],[-122.984088,46.127256],[-122.984134,46.127283],[-122.984208,46.127285],[-122.984211,46.127337],[-122.984249,46.127369],[-122.984446,46.127368],[-122.984486,46.12733]],[[-122.984465,46.133405],[-122.984431,46.133442],[-122.984446,46.133482],[-122.984505,46.133508],[-122.984561,46.133499],[-122.984593,46.133465],[-122.984582,46.133416],[-122.984527,46.133392],[-122.984465,46.133405]],[[-122.984906,46.132595],[-122.98498,46.132557],[-122.98497,46.132439],[-122.984913,46.132415],[-122.984738,46.132425],[-122.984705,46.132471],[-122.984737,46.132571],[-122.984787,46.132594],[-122.984906,46.132595]]]}},{"type":"Feature","properties":{"id":64,"area_m2":144300,"px":1443,"rank":2,"persistent":false},"geometry":{"type":"Polygon","coordinates":[[[-122.963374,46.113061],[-122.963343,46.113108],[-122.963377,46.11315],[-122.963377,46.11324],[-122.963147,46.113252],[-122.963119,46.113289],[-122.963118,46.11342],[-122.963017,46.113432],[-122.962989,46.11351],[-122.962888,46.113522],[-122.962859,46.1136],[-122.962764,46.113609],[-122.96273,46.11369],[-122.962656,46.113692],[-122.96261,46.113718],[-122.962604,46.113831],[-122.962648,46.113866],[-122.96273,46.11387],[-122.96273,46.11396],[-122.962471,46.11396],[-122.962448,46.113885],[-122.962342,46.11387],[-122.962324,46.113709],[-122.962212,46.113689],[-122.962178,46.113609],[-122.962083,46.113599],[-122.962054,46.113522],[-122.961954,46.113509],[-122.961954,46.11333],[-122.962083,46.11333],[-122.962092,46.113481],[-122.962138,46.113507],[-122.962212,46.11351],[-122.962247,46.11359],[-122.962342,46.1136],[-122.96237,46.113677],[-122.962552,46.113686],[-122.962595,46.113656],[-122.962601,46.1136],[-122.962682,46.113596],[-122.962724,46.113566],[-122.96273,46.11342],[-122.962926,46.113419],[-122.962986,46.113381],[-122.962976,46.113264],[-122.96286,46.11324],[-122.962847,46.113084],[-122.96273,46.11306],[-122.962696,46.112979],[-122.962601,46.11297],[-122.962573,46.112892],[-122.962472,46.11288],[-122.962459,46.112724],[-122.962342,46.1127],[-122.962308,46.112619],[-122.962213,46.112609],[-122.962204,46.112458],[-122.962158,46.112432],[-122.962084,46.112429],[-122.962049,46.112349],[-122.961954,46.112339],[-122.961951,46.112288],[-122.961913,46.112256],[-122.961737,46.112256],[-122.961699,46.112288],[-122.961695,46.112339],[-122.961614,46.112343],[-122.961572,46.112373],[-122.961572,46.112486],[-122.961614,46.112515],[-122.961695,46.112519],[-122.961695,46.112609],[-122.961437,46.112609],[-122.961437,46.112249],[-122.961525,46.112243],[-122.961566,46.112201],[-122.961553,46.111823],[-122.961504,46.1118],[-122.961308,46.111799],[-122.961247,46.111775],[-122.961178,46.111799],[-122.960919,46.111799],[-122.960897,46.111635],[-122.96079,46.111619],[-122.960784,46.111562],[-122.960742,46.111533],[-122.960531,46.111529],[-122.960509,46.111455],[-122.960402,46.111439],[-122.960384,46.111369],[-122.960273,46.111349],[-122.960238,46.111268],[-122.960143,46.111259],[-122.960115,46.111181],[-122.960014,46.111169],[-122.960005,46.111017],[-122.959959,46.110991],[-122.959885,46.110989],[-122.95985,46.110908],[-122.959756,46.110899],[-122.959727,46.110821],[-122.959524,46.110813],[-122.959478,46.110854],[-122.959498,46.110945],[-122.959538,46.110982],[-122.959626,46.110989],[-122.959626,46.111169],[-122.959531,46.111178],[-122.959496,46.111259],[-122.95938,46.111283],[-122.959367,46.111438],[-122.959285,46.111443],[-122.959241,46.111477],[-122.959237,46.111618],[-122.958849,46.111618],[-122.958846,46.111567],[-122.958808,46.111535],[-122.95859,46.111528],[-122.958556,46.111447],[-122.958402,46.111438],[-122.958341,46.111467],[-122.958331,46.111528],[-122.957978,46.111537],[-122.957943,46.111618],[-122.957848,46.111627],[-122.957814,46.111708],[-122.957732,46.111712],[-122.95769,46.111741],[-122.957676,46.111863],[-122.957719,46.111886],[-122.957814,46.111889],[-122.957813,46.111978],[-122.957779,46.11202],[-122.957813,46.112068],[-122.957813,46.112338],[-122.957725,46.112344],[-122.957685,46.112381],[-122.957701,46.112678],[-122.957754,46.112698],[-122.958072,46.112698],[-122.958075,46.11275],[-122.958113,46.112782],[-122.95829,46.112782],[-122.95833,46.112739],[-122.958331,46.112428],[-122.958458,46.112428],[-122.958483,46.112502],[-122.958589,46.112518],[-122.958582,46.112673],[-122.958624,46.112696],[-122.958719,46.112698],[-122.958719,46.112878],[-122.958501,46.112885],[-122.958463,46.112917],[-122.95846,46.112968],[-122.958142,46.112968],[-122.958085,46.112992],[-122.958071,46.113328],[-122.957854,46.113334],[-122.957816,46.113366],[-122.957811,46.113418],[-122.957554,46.113418],[-122.957544,46.113356],[-122.957491,46.113329],[-122.957166,46.113328],[-122.957143,46.113254],[-122.957036,46.113238],[-122.957023,46.113172],[-122.956907,46.113148],[-122.956878,46.11307],[-122.956778,46.113058],[-122.956777,46.112643],[-122.956717,46.112595],[-122.956418,46.11262],[-122.956389,46.112697],[-122.956308,46.112702],[-122.956266,46.112731],[-122.95626,46.112877],[-122.956165,46.112886],[-122.95613,46.112967],[-122.956049,46.112971],[-122.956007,46.113001],[-122.956007,46.113204],[-122.956049,46.113233],[-122.95613,46.113237],[-122.95613,46.113417],[-122.956095,46.113465],[-122.95613,46.113507],[-122.956153,46.113762],[-122.956259,46.113777],[-122.956272,46.113843],[-122.956337,46.113867],[-122.957095,46.113867],[-122.957156,46.113839],[-122.957165,46.113778],[-122.957294,46.113778],[-122.957329,46.113859],[-122.957553,46.113868],[-122.957576,46.113942],[-122.957683,46.113958],[-122.957682,46.114228],[-122.957553,46.114228],[-122.957544,46.114166],[-122.957483,46.114138],[-122.956725,46.114138],[-122.95666,46.114162],[-122.956647,46.114228],[-122.956293,46.114237],[-122.956259,46.114317],[-122.956142,46.114341],[-122.956129,46.114407],[-122.956018,46.114427],[-122.956,46.114497],[-122.955782,46.114504],[-122.955744,46.114536],[-122.955741,46.114587],[-122.955625,46.114611],[-122.955611,46.114677],[-122.955495,46.114701],[-122.955482,46.114947],[-122.955393,46.114953],[-122.955354,46.114991],[-122.955352,46.115307],[-122.955163,46.115307],[-122.955106,46.115331],[-122.955093,46.115577],[-122.954964,46.115577],[-122.954962,46.11535],[-122.954886,46.115307],[-122.954723,46.115327],[-122.954705,46.115487],[-122.954598,46.115503],[-122.954575,46.115577],[-122.954459,46.115601],[-122.954446,46.115667],[-122.954317,46.115667],[-122.954311,46.11561],[-122.954261,46.115579],[-122.953968,46.11557],[-122.95393,46.115606],[-122.953928,46.115756],[-122.95371,46.115763],[-122.953673,46.115795],[-122.953669,46.115846],[-122.953588,46.115851],[-122.953543,46.115885],[-122.953543,46.116078],[-122.953588,46.116112],[-122.953669,46.116117],[-122.953669,46.116205],[-122.953581,46.116213],[-122.953541,46.11625],[-122.953539,46.116566],[-122.953214,46.116567],[-122.95316,46.116595],[-122.953151,46.116656],[-122.953022,46.116656],[-122.953033,46.116506],[-122.952987,46.116479],[-122.952892,46.116476],[-122.952889,46.116244],[-122.952845,46.11621],[-122.952763,46.116206],[-122.952763,46.115846],[-122.952838,46.115844],[-122.952884,46.115818],[-122.952893,46.115666],[-122.952974,46.115662],[-122.953019,46.115628],[-122.953023,46.115486],[-122.953259,46.11547],[-122.953282,46.115306],[-122.953388,46.11529],[-122.953411,46.115216],[-122.953527,46.115192],[-122.953541,46.115126],[-122.953874,46.115124],[-122.953923,46.115093],[-122.953929,46.115037],[-122.954058,46.115037],[-122.954067,46.115098],[-122.954121,46.115126],[-122.954446,46.115127],[-122.954452,46.115183],[-122.954501,46.115214],[-122.954643,46.115216],[-122.954696,46.115188],[-122.954705,46.115037],[-122.954738,46.114979],[-122.954683,46.114873],[-122.954576,46.114857],[-122.954563,46.114701],[-122.954447,46.114677],[-122.954444,46.114445],[-122.954399,46.114411],[-122.954318,46.114407],[-122.954316,46.11409],[-122.954277,46.114053],[-122.954189,46.114047],[-122.954189,46.113957],[-122.95429,46.113944],[-122.954318,46.113867],[-122.954434,46.113843],[-122.954448,46.113777],[-122.954554,46.113761],[-122.954577,46.113597],[-122.954678,46.113585],[-122.954707,46.113507],[-122.954801,46.113498],[-122.954836,46.113417],[-122.95491,46.113415],[-122.954956,46.113388],[-122.954966,46.113147],[-122.955061,46.113138],[-122.955095,46.113057],[-122.955169,46.113055],[-122.955215,46.113028],[-122.955225,46.112877],[-122.955336,46.112857],[-122.955354,46.112697],[-122.955436,46.112693],[-122.95548,46.112659],[-122.955484,46.112427],[-122.955558,46.112425],[-122.955604,46.112399],[-122.955613,46.112247],[-122.955714,46.112235],[-122.955743,46.112157],[-122.955838,46.112148],[-122.955872,46.112067],[-122.955989,46.112043],[-122.956002,46.111887],[-122.956083,46.111883],[-122.956128,46.111849],[-122.956132,46.111707],[-122.956213,46.111703],[-122.956255,46.111674],[-122.956261,46.111527],[-122.956356,46.111518],[-122.956391,46.111437],[-122.956497,46.111422],[-122.95652,46.111258],[-122.956615,46.111248],[-122.95665,46.111168],[-122.956724,46.111165],[-122.95677,46.111139],[-122.956779,46.110808],[-122.956909,46.110808],[-122.956977,46.110832],[-122.957126,46.110801],[-122.957166,46.110764],[-122.957168,46.110628],[-122.95738,46.110637],[-122.957423,46.110603],[-122.957427,46.110538],[-122.957538,46.110518],[-122.957556,46.110358],[-122.957657,46.110346],[-122.957686,46.110268],[-122.957774,46.110262],[-122.957814,46.110219],[-122.957802,46.110112],[-122.957686,46.110088],[-122.957686,46.109998],[-122.95772,46.109955],[-122.957686,46.109908],[-122.957686,46.109728],[-122.957787,46.109716],[-122.957815,46.109638],[-122.95791,46.109629],[-122.957945,46.109548],[-122.958057,46.109528],[-122.958074,46.109368],[-122.958415,46.109364],[-122.958457,46.109335],[-122.958463,46.109278],[-122.958579,46.109254],[-122.958592,46.109188],[-122.958828,46.109172],[-122.958851,46.109098],[-122.958932,46.109094],[-122.958974,46.109065],[-122.958981,46.108918],[-122.959062,46.108914],[-122.959104,46.108885],[-122.95911,46.108738],[-122.959217,46.108723],[-122.95924,46.108648],[-122.95934,46.108636],[-122.959369,46.108559],[-122.959464,46.108549],[-122.959498,46.108469],[-122.95961,46.108449],[-122.959628,46.108379],[-122.959757,46.108379],[-122.959763,46.108435],[-122.959812,46.108466],[-122.960016,46.108469],[-122.960022,46.108525],[-122.960064,46.108555],[-122.960275,46.108559],[-122.960281,46.108615],[-122.960323,46.108645],[-122.960533,46.108649],[-122.960551,46.108719],[-122.960663,46.108739],[-122.960697,46.10882],[-122.960792,46.108829],[-122.96082,46.108907],[-122.960921,46.108919],[-122.96095,46.108997],[-122.961051,46.109009],[-122.961073,46.109083],[-122.961309,46.109099],[-122.961332,46.109173],[-122.961439,46.109189],[-122.961456,46.109259],[-122.961568,46.109279],[-122.961603,46.10936],[-122.961697,46.109369],[-122.961726,46.109447],[-122.961827,46.109459],[-122.961855,46.109537],[-122.961956,46.109549],[-122.961956,46.109639],[-122.961849,46.109655],[-122.961827,46.109729],[-122.961568,46.109729],[-122.961533,46.109648],[-122.961379,46.109639],[-122.961318,46.109668],[-122.961277,46.109761],[-122.961309,46.109819],[-122.961322,46.109975],[-122.961379,46.109999],[-122.961568,46.109999],[-122.96159,46.110073],[-122.961697,46.110089],[-122.961697,46.110221],[-122.961731,46.11026],[-122.961895,46.110293],[-122.962072,46.110245],[-122.962082,46.110128],[-122.962037,46.110094],[-122.961956,46.110089],[-122.961956,46.109999],[-122.962063,46.109984],[-122.962085,46.109909],[-122.96218,46.109907],[-122.962222,46.109885],[-122.962215,46.10973],[-122.962344,46.10973],[-122.962405,46.109754],[-122.962474,46.10973],[-122.962603,46.10973],[-122.962631,46.109807],[-122.962862,46.10982],[-122.962885,46.109894],[-122.962991,46.10991],[-122.963026,46.109991],[-122.96312,46.11],[-122.96312,46.11054],[-122.963013,46.110556],[-122.962991,46.11063],[-122.962874,46.110654],[-122.962861,46.11072],[-122.962729,46.11074],[-122.962732,46.1109],[-122.962625,46.110915],[-122.962602,46.11099],[-122.962507,46.110999],[-122.962473,46.11108],[-122.962361,46.111099],[-122.962343,46.111169],[-122.962124,46.111163],[-122.962088,46.111194],[-122.962084,46.111259],[-122.96199,46.111269],[-122.961955,46.111349],[-122.961839,46.111373],[-122.961811,46.111495],[-122.96186,46.111527],[-122.961955,46.111529],[-122.961955,46.111619],[-122.96188,46.111622],[-122.961835,46.111648],[-122.961825,46.111799],[-122.961709,46.111823],[-122.961696,46.111931],[-122.961737,46.111973],[-122.961825,46.111979],[-122.961843,46.11214],[-122.961954,46.112159],[-122.961989,46.11224],[-122.962084,46.11225],[-122.962112,46.112327],[-122.962213,46.11234],[-122.962241,46.112417],[-122.962342,46.11243],[-122.962352,46.112581],[-122.962397,46.112607],[-122.962472,46.11261],[-122.962506,46.112691],[-122.962601,46.1127],[-122.962636,46.112781],[-122.962927,46.112789],[-122.96298,46.112761],[-122.962989,46.1127],[-122.963248,46.1127],[-122.963257,46.112851],[-122.963303,46.112878],[-122.963377,46.11288],[-122.963374,46.113061]],[[-122.95561,46.113775],[-122.955559,46.113754],[-122.955501,46.113764],[-122.955464,46.113806],[-122.95548,46.113847],[-122.955533,46.113867],[-122.955605,46.113854],[-122.955632,46.113817],[-122.95561,46.113775]],[[-122.956001,46.112697],[-122.955967,46.112616],[-122.955798,46.11261],[-122.955748,46.112641],[-122.955725,46.112747],[-122.95577,46.112783],[-122.955872,46.112787],[-122.955875,46.112852],[-122.955911,46.112884],[-122.956075,46.112875],[-122.956127,46.112839],[-122.956127,46.112736],[-122.956083,46.112701],[-122.956001,46.112697]],[[-122.955874,46.113329],[-122.955817,46.113313],[-122.955759,46.113334],[-122.955742,46.113382],[-122.955769,46.113418],[-122.955832,46.11343],[-122.955891,46.113404],[-122.955905,46.113364],[-122.955874,46.113329]],[[-122.95639,46.112428],[-122.956471,46.112423],[-122.956516,46.112389],[-122.95651,46.112186],[-122.956449,46.112158],[-122.956172,46.112164],[-122.956131,46.112206],[-122.95614,46.112489],[-122.956193,46.112516],[-122.956335,46.112515],[-122.956384,46.112484],[-122.95639,46.112428]],[[-122.95793,46.111504],[-122.957978,46.11139],[-122.957944,46.111348],[-122.95794,46.111206],[-122.957896,46.111172],[-122.957814,46.111168],[-122.957786,46.11109],[-122.957555,46.111078],[-122.957542,46.111012],[-122.957426,46.110988],[-122.95742,46.110931],[-122.957378,46.110902],[-122.957228,46.110874],[-122.957079,46.110904],[-122.957039,46.110941],[-122.957038,46.111078],[-122.956956,46.111082],[-122.956912,46.111116],[-122.956908,46.111348],[-122.956827,46.111352],[-122.956782,46.111386],[-122.956778,46.111708],[-122.956542,46.111723],[-122.95652,46.111797],[-122.956425,46.111807],[-122.95639,46.111887],[-122.956274,46.111911],[-122.95627,46.112039],[-122.956331,46.112067],[-122.956649,46.112068],[-122.956671,46.112142],[-122.956824,46.11218],[-122.956996,46.112151],[-122.957034,46.112119],[-122.957037,46.112068],[-122.957138,46.112055],[-122.957167,46.111978],[-122.957268,46.111966],[-122.957296,46.111888],[-122.957384,46.111881],[-122.957424,46.111844],[-122.95742,46.111651],[-122.957378,46.111622],[-122.957296,46.111618],[-122.957262,46.111537],[-122.957167,46.111528],[-122.957167,46.111438],[-122.957426,46.111438],[-122.957435,46.111499],[-122.957488,46.111527],[-122.957866,46.111528],[-122.95793,46.111504]],[[-122.957024,46.112272],[-122.956831,46.112237],[-122.956781,46.112272],[-122.956779,46.112398],[-122.956838,46.11244],[-122.956989,46.112424],[-122.957035,46.112384],[-122.957024,46.112272]],[[-122.957573,46.112833],[-122.957541,46.112722],[-122.957425,46.112698],[-122.957421,46.112646],[-122.957384,46.112614],[-122.957229,46.112609],[-122.957175,46.112636],[-122.957175,46.112759],[-122.957221,46.112785],[-122.957295,46.112788],[-122.957299,46.112839],[-122.957336,46.112871],[-122.957534,46.112871],[-122.957573,46.112833]],[[-122.957476,46.113148],[-122.957551,46.11311],[-122.957541,46.112992],[-122.957484,46.112968],[-122.957309,46.112977],[-122.957275,46.113024],[-122.957308,46.113124],[-122.957358,46.113147],[-122.957476,46.113148]],[[-122.958479,46.110228],[-122.958439,46.110104],[-122.958333,46.110088],[-122.958324,46.109937],[-122.958278,46.10991],[-122.958203,46.109908],[-122.958175,46.10983],[-122.958005,46.109794],[-122.957833,46.109838],[-122.957803,46.109968],[-122.95785,46.109996],[-122.957944,46.109998],[-122.957979,46.110079],[-122.958074,46.110088],[-122.958074,46.110219],[-122.958102,46.110256],[-122.958427,46.110266],[-122.958479,46.110228]],[[-122.95799,46.110921],[-122.958189,46.110874],[-122.958199,46.110756],[-122.958148,46.11072],[-122.957999,46.11072],[-122.95795,46.110751],[-122.957911,46.110866],[-122.95799,46.110921]],[[-122.959105,46.11104],[-122.959116,46.110923],[-122.959074,46.110901],[-122.958979,46.110898],[-122.958945,46.110817],[-122.958768,46.110812],[-122.958726,46.110842],[-122.95872,46.110898],[-122.958604,46.110922],[-122.958591,46.110988],[-122.958479,46.111008],[-122.958461,46.111078],[-122.958345,46.111102],[-122.958338,46.111225],[-122.958387,46.111256],[-122.95859,46.111258],[-122.958652,46.111282],[-122.958801,46.111254],[-122.958848,46.111215],[-122.95885,46.111078],[-122.959067,46.111072],[-122.959105,46.11104]],[[-122.958979,46.110448],[-122.95897,46.110387],[-122.958917,46.110359],[-122.958659,46.110345],[-122.958593,46.110388],[-122.958593,46.110495],[-122.958626,46.110529],[-122.95885,46.110538],[-122.958884,46.110619],[-122.959053,46.110626],[-122.959105,46.11059],[-122.959105,46.110487],[-122.959061,46.110453],[-122.958979,46.110448]],[[-122.960335,46.109393],[-122.960478,46.109367],[-122.960524,46.10934],[-122.960515,46.109209],[-122.960463,46.109189],[-122.960274,46.109189],[-122.960252,46.109115],[-122.960145,46.109099],[-122.96011,46.109018],[-122.960016,46.109009],[-122.960015,46.108877],[-122.959981,46.108838],[-122.959785,46.108841],[-122.959722,46.108961],[-122.959757,46.109009],[-122.959774,46.109169],[-122.959886,46.109189],[-122.959899,46.109255],[-122.960015,46.109279],[-122.960021,46.109335],[-122.960063,46.109365],[-122.960274,46.109369],[-122.960335,46.109393]],[[-122.960144,46.110039],[-122.960077,46.109985],[-122.959914,46.110011],[-122.959885,46.110089],[-122.959804,46.110093],[-122.959762,46.110122],[-122.959773,46.110262],[-122.959838,46.110282],[-122.959986,46.110256],[-122.960015,46.110179],[-122.960089,46.110176],[-122.960135,46.11015],[-122.960144,46.110039]],[[-122.961568,46.110359],[-122.961562,46.110303],[-122.961512,46.110272],[-122.961309,46.110269],[-122.96124,46.110245],[-122.961098,46.110273],[-122.961056,46.110302],[-122.96105,46.110359],[-122.960933,46.110383],[-122.96092,46.110449],[-122.960809,46.110469],[-122.960791,46.110539],[-122.960679,46.110559],[-122.960661,46.110629],[-122.960473,46.110629],[-122.96042,46.110649],[-122.960402,46.110899],[-122.960314,46.110905],[-122.960274,46.110942],[-122.960273,46.111205],[-122.960307,46.11125],[-122.960402,46.111259],[-122.960431,46.111337],[-122.960742,46.111345],[-122.960784,46.111316],[-122.96079,46.111259],[-122.961001,46.111255],[-122.961043,46.111226],[-122.961049,46.111169],[-122.961161,46.111149],[-122.961179,46.110989],[-122.961274,46.11098],[-122.961308,46.110899],[-122.96142,46.110879],[-122.961438,46.110719],[-122.961533,46.11071],[-122.961567,46.110629],[-122.961649,46.110625],[-122.961693,46.110591],[-122.961691,46.110393],[-122.961649,46.110363],[-122.961568,46.110359]],[[-122.96094,46.109594],[-122.960915,46.109492],[-122.960866,46.109461],[-122.960717,46.109461],[-122.960666,46.109497],[-122.960666,46.109601],[-122.960717,46.109637],[-122.960907,46.10963],[-122.96094,46.109594]],[[-122.962085,46.11085],[-122.962017,46.110796],[-122.961854,46.110822],[-122.961826,46.110858],[-122.961843,46.110983],[-122.961908,46.111003],[-122.962056,46.110977],[-122.962083,46.110946],[-122.962085,46.11085]],[[-122.962849,46.110024],[-122.962656,46.109989],[-122.962606,46.110024],[-122.962604,46.11015],[-122.962663,46.110192],[-122.962814,46.110176],[-122.96286,46.110136],[-122.962849,46.110024]]]}},{"type":"Feature","properties":{"id":52,"area_m2":135800,"px":1358,"rank":3,"persistent":false},"geometry":{"type":"Polygon","coordinates":[[[-122.969198,46.118282],[-122.969197,46.118642],[-122.969052,46.118634],[-122.969051,46.118481],[-122.968939,46.118462],[-122.968926,46.118396],[-122.96881,46.118372],[-122.968806,46.11832],[-122.968768,46.118288],[-122.968551,46.118281],[-122.968545,46.118225],[-122.968503,46.118196],[-122.968331,46.118185],[-122.968295,46.118216],[-122.968292,46.118281],[-122.968203,46.118288],[-122.968163,46.11833],[-122.968175,46.118437],[-122.968292,46.118462],[-122.968305,46.118527],[-122.968421,46.118552],[-122.968424,46.118603],[-122.968462,46.118635],[-122.968611,46.118666],[-122.96868,46.118642],[-122.968955,46.118649],[-122.968939,46.118732],[-122.968857,46.118736],[-122.968815,46.118765],[-122.968809,46.118912],[-122.968585,46.118921],[-122.968552,46.118955],[-122.968551,46.119043],[-122.968591,46.119085],[-122.96868,46.119092],[-122.968708,46.119169],[-122.968809,46.119182],[-122.968843,46.119263],[-122.969068,46.119272],[-122.969068,46.119452],[-122.968938,46.119452],[-122.968932,46.119395],[-122.968883,46.119364],[-122.96869,46.119373],[-122.968641,46.119341],[-122.968575,46.119345],[-122.968534,46.11938],[-122.968535,46.119417],[-122.968592,46.11945],[-122.968668,46.119441],[-122.968679,46.119542],[-122.968578,46.119554],[-122.96855,46.119632],[-122.968449,46.119644],[-122.96842,46.119721],[-122.968319,46.119734],[-122.968291,46.119811],[-122.96819,46.119824],[-122.968161,46.119901],[-122.968067,46.119911],[-122.968032,46.119991],[-122.96792,46.120011],[-122.967902,46.120171],[-122.967644,46.120171],[-122.967635,46.120097],[-122.967569,46.120067],[-122.967413,46.120094],[-122.967385,46.120171],[-122.967255,46.120171],[-122.967252,46.11994],[-122.967208,46.119905],[-122.967126,46.1199],[-122.967126,46.119811],[-122.967215,46.119805],[-122.967254,46.119768],[-122.967233,46.119557],[-122.966901,46.119537],[-122.966868,46.119576],[-122.966867,46.119811],[-122.966738,46.119811],[-122.966729,46.11966],[-122.966683,46.119633],[-122.966609,46.119631],[-122.966591,46.119471],[-122.966479,46.119451],[-122.966479,46.119361],[-122.966561,46.119357],[-122.966605,46.119323],[-122.966587,46.119184],[-122.966534,46.119167],[-122.96635,46.119181],[-122.966344,46.119034],[-122.966302,46.119005],[-122.966221,46.119001],[-122.966217,46.118949],[-122.96618,46.118917],[-122.965833,46.118911],[-122.965819,46.118845],[-122.965703,46.118821],[-122.965669,46.11874],[-122.965444,46.118731],[-122.965438,46.118584],[-122.965396,46.118555],[-122.965315,46.118551],[-122.965281,46.11847],[-122.964927,46.11846],[-122.964904,46.118386],[-122.964797,46.11837],[-122.964775,46.118296],[-122.964668,46.11828],[-122.96465,46.11821],[-122.964539,46.11819],[-122.964504,46.118109],[-122.964409,46.1181],[-122.964381,46.118023],[-122.96428,46.11801],[-122.964252,46.117933],[-122.964151,46.11792],[-122.964122,46.117842],[-122.964021,46.11783],[-122.963993,46.117752],[-122.963892,46.11774],[-122.963869,46.117666],[-122.963633,46.11765],[-122.96361,46.117576],[-122.963504,46.11756],[-122.963491,46.117494],[-122.963374,46.11747],[-122.963346,46.117392],[-122.963245,46.11738],[-122.963232,46.117224],[-122.963116,46.1172],[-122.963081,46.117119],[-122.962986,46.11711],[-122.962958,46.117032],[-122.962857,46.11702],[-122.962823,46.116939],[-122.962668,46.11693],[-122.962616,46.116949],[-122.962598,46.11711],[-122.96251,46.117116],[-122.96247,46.117153],[-122.962468,46.11738],[-122.962341,46.11738],[-122.962336,46.117148],[-122.962291,46.117114],[-122.96221,46.11711],[-122.962183,46.117019],[-122.961822,46.117019],[-122.961818,46.116968],[-122.961781,46.116936],[-122.961563,46.116929],[-122.961563,46.116839],[-122.961598,46.116792],[-122.961563,46.116749],[-122.961562,46.116613],[-122.961522,46.116576],[-122.961434,46.116569],[-122.961416,46.116409],[-122.961305,46.116389],[-122.961287,46.116319],[-122.961175,46.116299],[-122.961162,46.116233],[-122.961046,46.116209],[-122.961011,46.116128],[-122.960787,46.116119],[-122.960764,46.116045],[-122.960658,46.116029],[-122.960635,46.115865],[-122.960399,46.115849],[-122.960381,46.115689],[-122.96027,46.115669],[-122.960235,46.115588],[-122.96014,46.115579],[-122.960112,46.115501],[-122.960011,46.115489],[-122.959983,46.115411],[-122.959882,46.115399],[-122.959853,46.115321],[-122.959752,46.115309],[-122.959724,46.115231],[-122.959623,46.115219],[-122.959595,46.115141],[-122.959364,46.115129],[-122.959364,46.114997],[-122.95933,46.114958],[-122.959188,46.114935],[-122.959127,46.114951],[-122.959105,46.115128],[-122.958725,46.115141],[-122.958697,46.115179],[-122.958717,46.115308],[-122.958262,46.115309],[-122.958208,46.115337],[-122.958199,46.115398],[-122.95794,46.115398],[-122.957918,46.115324],[-122.957811,46.115308],[-122.957811,46.115218],[-122.957927,46.115194],[-122.957941,46.115092],[-122.957906,46.115047],[-122.957811,46.115038],[-122.957812,46.114589],[-122.957886,46.114586],[-122.957932,46.11456],[-122.957941,46.114408],[-122.957976,46.11436],[-122.957924,46.114248],[-122.957812,46.114228],[-122.957812,46.114048],[-122.95803,46.114042],[-122.958067,46.11401],[-122.958071,46.113958],[-122.958459,46.113958],[-122.958462,46.11401],[-122.9585,46.114042],[-122.958718,46.114048],[-122.958724,46.114195],[-122.958766,46.114224],[-122.958847,46.114228],[-122.95885,46.114294],[-122.958893,46.114328],[-122.959106,46.114319],[-122.959112,46.114375],[-122.959154,46.114404],[-122.959432,46.114408],[-122.959493,46.114365],[-122.959494,46.114229],[-122.959742,46.114218],[-122.959776,46.114303],[-122.959898,46.114326],[-122.9599,46.114479],[-122.960095,46.114508],[-122.96014,46.114469],[-122.960138,46.114357],[-122.960093,46.114323],[-122.959996,46.114311],[-122.960012,46.114229],[-122.960093,46.114225],[-122.960135,46.114196],[-122.960135,46.114082],[-122.960079,46.11405],[-122.959938,46.114051],[-122.959888,46.114082],[-122.959882,46.114139],[-122.959764,46.11415],[-122.959753,46.113959],[-122.95986,46.113943],[-122.959883,46.113869],[-122.960196,46.113883],[-122.960249,46.113866],[-122.960271,46.113779],[-122.960373,46.113775],[-122.960418,46.113739],[-122.960401,46.113509],[-122.96053,46.113509],[-122.960536,46.113566],[-122.960578,46.113595],[-122.960706,46.113613],[-122.960761,46.1136],[-122.960789,46.113509],[-122.960883,46.113507],[-122.96093,46.113479],[-122.960918,46.113329],[-122.961013,46.113327],[-122.961055,46.113304],[-122.961048,46.113149],[-122.961155,46.113133],[-122.961177,46.113059],[-122.961307,46.113059],[-122.961329,46.113133],[-122.961436,46.113149],[-122.961454,46.11331],[-122.961565,46.113329],[-122.9616,46.11341],[-122.961695,46.113419],[-122.961723,46.113497],[-122.961824,46.113509],[-122.961824,46.113599],[-122.961789,46.113647],[-122.961842,46.11376],[-122.961953,46.11378],[-122.961988,46.11386],[-122.962083,46.11387],[-122.962111,46.113947],[-122.962212,46.11396],[-122.96224,46.114037],[-122.962341,46.11405],[-122.96237,46.114127],[-122.962471,46.11414],[-122.962499,46.114217],[-122.962729,46.11423],[-122.962735,46.114286],[-122.962777,46.114316],[-122.962913,46.114334],[-122.962971,46.114313],[-122.962988,46.11414],[-122.96309,46.114136],[-122.963135,46.1141],[-122.963118,46.11387],[-122.963225,46.113854],[-122.963247,46.11378],[-122.963377,46.11378],[-122.963386,46.113931],[-122.963432,46.113958],[-122.963506,46.11396],[-122.963541,46.114041],[-122.963635,46.11405],[-122.963658,46.114214],[-122.963765,46.11423],[-122.963799,46.114311],[-122.963894,46.11432],[-122.963907,46.114476],[-122.964023,46.1145],[-122.964027,46.114552],[-122.964064,46.114584],[-122.964282,46.11459],[-122.964305,46.114664],[-122.964411,46.11468],[-122.964421,46.114832],[-122.964467,46.114858],[-122.964541,46.11486],[-122.964575,46.114941],[-122.96467,46.11495],[-122.964699,46.115028],[-122.964888,46.115034],[-122.964926,46.115002],[-122.964929,46.11495],[-122.965045,46.114926],[-122.965059,46.114861],[-122.965188,46.114861],[-122.965188,46.11504],[-122.964991,46.115041],[-122.96493,46.115084],[-122.964942,46.115196],[-122.965058,46.115221],[-122.965058,46.11549],[-122.965026,46.115549],[-122.965071,46.115646],[-122.965187,46.115671],[-122.965222,46.115751],[-122.965446,46.115761],[-122.965452,46.116087],[-122.965494,46.116117],[-122.965575,46.116121],[-122.96561,46.116202],[-122.965705,46.116211],[-122.965733,46.116288],[-122.965834,46.116301],[-122.965834,46.116479],[-122.965739,46.116483],[-122.965697,46.116506],[-122.965704,46.116661],[-122.96561,46.11667],[-122.965575,46.116751],[-122.965463,46.11677],[-122.965445,46.116931],[-122.965339,46.116946],[-122.965316,46.117021],[-122.964983,46.117023],[-122.964934,46.117054],[-122.964926,46.11711],[-122.964669,46.11711],[-122.964646,46.117036],[-122.96454,46.11702],[-122.964522,46.11686],[-122.96441,46.11684],[-122.964393,46.11677],[-122.964281,46.11675],[-122.964263,46.11668],[-122.964151,46.11666],[-122.964138,46.116594],[-122.964022,46.11657],[-122.963988,46.116489],[-122.96343,46.116482],[-122.963381,46.116513],[-122.963375,46.11657],[-122.963287,46.116576],[-122.963247,46.116613],[-122.963263,46.11709],[-122.963375,46.11711],[-122.963388,46.117176],[-122.963504,46.1172],[-122.963507,46.117252],[-122.963545,46.117284],[-122.963763,46.11729],[-122.96378,46.11736],[-122.963892,46.11738],[-122.963905,46.117446],[-122.964021,46.11747],[-122.964056,46.117551],[-122.96428,46.11756],[-122.964303,46.117634],[-122.96441,46.11765],[-122.964423,46.117806],[-122.964539,46.11783],[-122.964573,46.117911],[-122.964668,46.11792],[-122.964703,46.118001],[-122.964927,46.118011],[-122.964936,46.118072],[-122.96499,46.118099],[-122.965315,46.118101],[-122.965338,46.118175],[-122.965445,46.118191],[-122.965458,46.118347],[-122.965574,46.118371],[-122.965583,46.118522],[-122.965629,46.118548],[-122.965703,46.118551],[-122.965732,46.118628],[-122.966158,46.11864],[-122.966212,46.118612],[-122.966221,46.118551],[-122.966661,46.118551],[-122.966716,46.118535],[-122.966739,46.118497],[-122.96673,46.11822],[-122.966684,46.118193],[-122.96661,46.118191],[-122.966575,46.11811],[-122.96648,46.118101],[-122.966467,46.117945],[-122.966351,46.117921],[-122.966333,46.117851],[-122.966221,46.117831],[-122.966208,46.117765],[-122.966092,46.117741],[-122.966089,46.117689],[-122.966051,46.117657],[-122.965759,46.117653],[-122.96571,46.117684],[-122.965704,46.117741],[-122.965574,46.117741],[-122.965552,46.117666],[-122.965445,46.117651],[-122.965427,46.11749],[-122.965316,46.117471],[-122.965281,46.11739],[-122.965186,46.11738],[-122.965186,46.117291],[-122.965445,46.117291],[-122.965458,46.117357],[-122.965574,46.117381],[-122.965609,46.117462],[-122.965833,46.117471],[-122.965839,46.117527],[-122.965888,46.117558],[-122.966092,46.117561],[-122.966098,46.117617],[-122.96614,46.117647],[-122.96648,46.117651],[-122.966498,46.117901],[-122.966609,46.117921],[-122.966644,46.118002],[-122.966739,46.118011],[-122.966767,46.118089],[-122.966868,46.118101],[-122.966897,46.118179],[-122.966998,46.118191],[-122.967026,46.118269],[-122.967256,46.118281],[-122.967262,46.118338],[-122.967312,46.118369],[-122.967487,46.118359],[-122.967515,46.118281],[-122.96761,46.118272],[-122.967645,46.118191],[-122.967757,46.118172],[-122.967774,46.118101],[-122.968005,46.118089],[-122.968067,46.117974],[-122.968033,46.117921],[-122.968024,46.11777],[-122.967978,46.117744],[-122.967904,46.117741],[-122.967881,46.117577],[-122.967775,46.117561],[-122.967757,46.117491],[-122.967645,46.117471],[-122.967632,46.117405],[-122.967516,46.117381],[-122.967513,46.11733],[-122.967475,46.117298],[-122.967128,46.117291],[-122.96716,46.117143],[-122.967105,46.117037],[-122.966998,46.117021],[-122.966989,46.11687],[-122.966943,46.116843],[-122.966869,46.116841],[-122.966835,46.11676],[-122.96674,46.116751],[-122.966711,46.116673],[-122.96661,46.116661],[-122.96661,46.116571],[-122.96674,46.116571],[-122.966763,46.116645],[-122.966869,46.116661],[-122.966892,46.116735],[-122.966998,46.116751],[-122.967016,46.116821],[-122.967128,46.116841],[-122.967162,46.116922],[-122.967257,46.116931],[-122.967286,46.117009],[-122.967387,46.117021],[-122.967415,46.117099],[-122.967516,46.117111],[-122.967544,46.117189],[-122.967645,46.117201],[-122.967674,46.117279],[-122.967775,46.117291],[-122.967788,46.117447],[-122.967904,46.117471],[-122.967939,46.117552],[-122.968033,46.117561],[-122.968062,46.117639],[-122.968163,46.117651],[-122.968191,46.117729],[-122.968292,46.117742],[-122.968315,46.117906],[-122.968421,46.117922],[-122.968439,46.117992],[-122.968551,46.118012],[-122.968568,46.118082],[-122.96868,46.118102],[-122.968693,46.118168],[-122.968809,46.118192],[-122.968844,46.118273],[-122.969198,46.118282]],[[-122.958732,46.115004],[-122.958711,46.114802],[-122.958669,46.114772],[-122.958588,46.114768],[-122.958582,46.114712],[-122.95854,46.114682],[-122.958011,46.114678],[-122.957947,46.114711],[-122.957941,46.114989],[-122.957989,46.115034],[-122.958675,46.115037],[-122.958732,46.115004]],[[-122.961565,46.114139],[-122.961556,46.114078],[-122.961502,46.11405],[-122.961306,46.114049],[-122.961237,46.114025],[-122.961177,46.114049],[-122.960959,46.114056],[-122.960919,46.114093],[-122.960918,46.114229],[-122.960682,46.114245],[-122.960659,46.114409],[-122.960455,46.114411],[-122.960406,46.114442],[-122.9604,46.114499],[-122.960149,46.114512],[-122.960121,46.114555],[-122.96015,46.11465],[-122.960203,46.114678],[-122.9604,46.114679],[-122.960406,46.114736],[-122.960455,46.114767],[-122.960835,46.114783],[-122.960909,46.114754],[-122.960917,46.114679],[-122.961047,46.114679],[-122.961048,46.114829],[-122.961114,46.114873],[-122.961502,46.114858],[-122.961555,46.114831],[-122.961564,46.114769],[-122.961782,46.114763],[-122.961823,46.114715],[-122.961822,46.114183],[-122.961761,46.11414],[-122.961565,46.114139]],[[-122.961046,46.115259],[-122.960979,46.115206],[-122.960462,46.11522],[-122.960403,46.115257],[-122.960401,46.115355],[-122.960462,46.115398],[-122.960658,46.115399],[-122.960664,46.115456],[-122.960706,46.115485],[-122.960854,46.115488],[-122.960908,46.115461],[-122.960917,46.115399],[-122.960991,46.115397],[-122.961037,46.115371],[-122.961046,46.115259]],[[-122.961823,46.11562],[-122.961795,46.115578],[-122.96174,46.115566],[-122.961679,46.115588],[-122.961659,46.115627],[-122.961684,46.115665],[-122.961747,46.115683],[-122.961806,46.115663],[-122.961823,46.11562]],[[-122.962084,46.115401],[-122.962027,46.115386],[-122.961969,46.115406],[-122.961953,46.115455],[-122.961979,46.11549],[-122.962042,46.115503],[-122.962101,46.115477],[-122.962115,46.115437],[-122.962084,46.115401]],[[-122.963246,46.1163],[-122.963327,46.116296],[-122.963372,46.116262],[-122.963372,46.116158],[-122.96332,46.116122],[-122.963151,46.116129],[-122.963116,46.11621],[-122.962728,46.11621],[-122.962728,46.11612],[-122.962763,46.116072],[-122.962728,46.11603],[-122.962727,46.115803],[-122.962673,46.115762],[-122.962369,46.115772],[-122.96234,46.11585],[-122.962259,46.115854],[-122.962217,46.115883],[-122.96221,46.11603],[-122.962129,46.116034],[-122.962084,46.116068],[-122.96209,46.116361],[-122.962143,46.116389],[-122.96234,46.11639],[-122.962346,46.116446],[-122.962395,46.116477],[-122.962728,46.11648],[-122.962789,46.116504],[-122.962857,46.11648],[-122.963063,46.116491],[-122.963111,46.11646],[-122.963116,46.11639],[-122.963233,46.116366],[-122.963246,46.1163]],[[-122.963266,46.115529],[-122.963229,46.11542],[-122.963117,46.1154],[-122.963082,46.115319],[-122.962988,46.11531],[-122.962959,46.115232],[-122.962858,46.11522],[-122.96283,46.115142],[-122.962729,46.11513],[-122.962701,46.115052],[-122.96254,46.11504],[-122.962488,46.115059],[-122.962471,46.115356],[-122.962511,46.115393],[-122.962599,46.1154],[-122.962628,46.115477],[-122.962858,46.11549],[-122.962886,46.115568],[-122.963048,46.115604],[-122.963239,46.115567],[-122.963266,46.115529]],[[-122.962986,46.114408],[-122.962935,46.114386],[-122.962877,46.114396],[-122.96284,46.114439],[-122.962855,46.114479],[-122.962909,46.1145],[-122.962981,46.114487],[-122.963008,46.114449],[-122.962986,46.114408]],[[-122.963298,46.11513],[-122.963374,46.115086],[-122.963373,46.114898],[-122.963321,46.114862],[-122.963172,46.114862],[-122.963119,46.114903],[-122.96312,46.115092],[-122.963172,46.115128],[-122.963298,46.11513]],[[-122.965453,46.116456],[-122.965423,46.116316],[-122.965316,46.116301],[-122.965303,46.116145],[-122.965187,46.11612],[-122.965174,46.115875],[-122.965117,46.115851],[-122.964929,46.11585],[-122.964915,46.115784],[-122.964799,46.11576],[-122.964796,46.115709],[-122.964758,46.115677],[-122.96454,46.11567],[-122.964506,46.115589],[-122.964342,46.115568],[-122.964283,46.11561],[-122.964281,46.11576],[-122.964152,46.11576],[-122.964151,46.115624],[-122.964097,46.115583],[-122.963451,46.115566],[-122.963384,46.115595],[-122.963364,46.11582],[-122.963418,46.115849],[-122.963634,46.11585],[-122.963657,46.115924],[-122.963764,46.11594],[-122.963764,46.116175],[-122.963803,46.116217],[-122.964281,46.11621],[-122.964281,46.116355],[-122.964308,46.116391],[-122.964669,46.11639],[-122.964682,46.116456],[-122.964799,46.11648],[-122.964821,46.116555],[-122.964981,46.116594],[-122.965057,46.116571],[-122.965282,46.116561],[-122.965316,46.116481],[-122.965411,46.116478],[-122.965453,46.116456]],[[-122.964153,46.11477],[-122.964124,46.114692],[-122.963947,46.114657],[-122.963894,46.11468],[-122.96367,46.114689],[-122.963637,46.114723],[-122.963635,46.114811],[-122.963676,46.114854],[-122.963764,46.11486],[-122.963799,46.114941],[-122.96397,46.114974],[-122.964023,46.11495],[-122.964219,46.114949],[-122.964269,46.114926],[-122.964273,46.114799],[-122.964227,46.114773],[-122.964153,46.11477]],[[-122.964042,46.115355],[-122.964017,46.115253],[-122.963968,46.115222],[-122.963819,46.115222],[-122.963767,46.115258],[-122.963767,46.115362],[-122.963819,46.115398],[-122.964009,46.115391],[-122.964042,46.115355]],[[-122.965288,46.116828],[-122.965331,46.116695],[-122.965274,46.116662],[-122.964996,46.116647],[-122.964929,46.11669],[-122.964941,46.116816],[-122.965103,46.116863],[-122.965288,46.116828]],[[-122.967492,46.119255],[-122.967534,46.119136],[-122.967501,46.119101],[-122.967311,46.119094],[-122.967262,46.119125],[-122.967224,46.119239],[-122.967274,46.119285],[-122.96734,46.119294],[-122.967492,46.119255]],[[-122.967575,46.120004],[-122.96788,46.119976],[-122.967903,46.119937],[-122.96788,46.119827],[-122.967825,46.119811],[-122.967537,46.119827],[-122.96752,46.119971],[-122.967575,46.120004]],[[-122.967901,46.119269],[-122.96785,46.119248],[-122.967792,46.119258],[-122.967754,46.1193],[-122.96777,46.119341],[-122.967823,46.119361],[-122.967895,46.119349],[-122.967923,46.119311],[-122.967901,46.119269]]]}},{"type":"Feature","properties":{"id":26,"area_m2":32300,"px":323,"rank":4,"persistent":false},"geometry":{"type":"Polygon","coordinates":[[[-122.991197,46.129986],[-122.991197,46.130076],[-122.991096,46.130088],[-122.991068,46.130166],[-122.99098,46.130172],[-122.990939,46.130214],[-122.990956,46.130326],[-122.991068,46.130346],[-122.991103,46.130427],[-122.991197,46.130436],[-122.991197,46.130706],[-122.991091,46.130722],[-122.991068,46.130796],[-122.990857,46.1308],[-122.990815,46.130829],[-122.990809,46.130886],[-122.990693,46.13091],[-122.990679,46.130976],[-122.990449,46.130988],[-122.990421,46.131066],[-122.99032,46.131078],[-122.990291,46.131156],[-122.990196,46.131165],[-122.990162,46.131246],[-122.99005,46.131265],[-122.990032,46.131336],[-122.989903,46.131336],[-122.98989,46.13127],[-122.989825,46.131246],[-122.989562,46.13125],[-122.98952,46.131279],[-122.989514,46.131336],[-122.989256,46.131336],[-122.989233,46.131171],[-122.989126,46.131156],[-122.989123,46.131104],[-122.989085,46.131072],[-122.988867,46.131065],[-122.988844,46.130991],[-122.988738,46.130975],[-122.98872,46.130725],[-122.988668,46.130706],[-122.988479,46.130705],[-122.988456,46.130631],[-122.98835,46.130615],[-122.98835,46.130526],[-122.988444,46.130516],[-122.988479,46.130436],[-122.98856,46.130431],[-122.988603,46.130402],[-122.988608,46.130214],[-122.98858,46.130178],[-122.988391,46.130172],[-122.988353,46.130204],[-122.988349,46.130255],[-122.987961,46.130255],[-122.987958,46.130204],[-122.98792,46.130172],[-122.987702,46.130165],[-122.987696,46.130109],[-122.987647,46.130078],[-122.987444,46.130075],[-122.987426,46.130005],[-122.987314,46.129985],[-122.987305,46.129924],[-122.987244,46.129896],[-122.986974,46.129899],[-122.986932,46.129929],[-122.986926,46.129985],[-122.986722,46.129988],[-122.986673,46.130019],[-122.986667,46.130075],[-122.986537,46.130075],[-122.986537,46.129985],[-122.986632,46.129976],[-122.986667,46.129895],[-122.986748,46.129891],[-122.986793,46.129857],[-122.986831,46.129758],[-122.986796,46.129715],[-122.986779,46.129542],[-122.986721,46.129521],[-122.986585,46.129539],[-122.986543,46.129569],[-122.986537,46.129625],[-122.986421,46.129649],[-122.986373,46.129758],[-122.986408,46.129805],[-122.986408,46.129895],[-122.98602,46.129895],[-122.98602,46.129805],[-122.986054,46.129757],[-122.98602,46.129715],[-122.986014,46.129569],[-122.985972,46.129539],[-122.98589,46.129535],[-122.985884,46.129479],[-122.985842,46.129449],[-122.985631,46.129445],[-122.985631,46.129265],[-122.985738,46.129249],[-122.985761,46.129175],[-122.98589,46.129175],[-122.985894,46.129317],[-122.985938,46.129351],[-122.98602,46.129355],[-122.986037,46.129515],[-122.98609,46.129535],[-122.986279,46.129535],[-122.98634,46.129559],[-122.986423,46.129526],[-122.986442,46.129482],[-122.98639,46.129375],[-122.986279,46.129355],[-122.986279,46.129265],[-122.986385,46.129249],[-122.986408,46.129175],[-122.986537,46.129175],[-122.986551,46.129241],[-122.986667,46.129265],[-122.98667,46.129317],[-122.986708,46.129349],[-122.986903,46.129339],[-122.986926,46.129265],[-122.987021,46.129256],[-122.987055,46.129175],[-122.987137,46.129171],[-122.987179,46.129142],[-122.987179,46.129029],[-122.987137,46.128999],[-122.987055,46.128995],[-122.987055,46.128905],[-122.987252,46.128904],[-122.987305,46.128877],[-122.987349,46.128773],[-122.987314,46.128725],[-122.987313,46.128589],[-122.987273,46.128552],[-122.987185,46.128545],[-122.987182,46.128404],[-122.987137,46.128369],[-122.987056,46.128365],[-122.987033,46.128201],[-122.986926,46.128185],[-122.98692,46.128129],[-122.986871,46.128098],[-122.986538,46.128095],[-122.986538,46.128005],[-122.987313,46.128005],[-122.987391,46.128029],[-122.987545,46.127993],[-122.987573,46.127915],[-122.987703,46.127915],[-122.987716,46.127981],[-122.987832,46.128005],[-122.987861,46.128083],[-122.988091,46.128095],[-122.9881,46.128157],[-122.988154,46.128184],[-122.988315,46.128176],[-122.98835,46.128096],[-122.988479,46.128096],[-122.988541,46.12812],[-122.988609,46.128096],[-122.988738,46.128096],[-122.988751,46.128161],[-122.988868,46.128186],[-122.988896,46.128263],[-122.989127,46.128276],[-122.989149,46.12835],[-122.989256,46.128366],[-122.989291,46.128446],[-122.989385,46.128456],[-122.989385,46.128635],[-122.988868,46.128635],[-122.988862,46.128579],[-122.98882,46.12855],[-122.988542,46.128547],[-122.988489,46.128574],[-122.988479,46.128635],[-122.988262,46.128642],[-122.988224,46.128674],[-122.98822,46.128725],[-122.988104,46.128749],[-122.988091,46.128815],[-122.987984,46.128831],[-122.987967,46.128962],[-122.988009,46.128991],[-122.988091,46.128995],[-122.988094,46.129047],[-122.988132,46.129079],[-122.988546,46.129084],[-122.9886,46.129057],[-122.988609,46.128996],[-122.988736,46.128995],[-122.988738,46.129085],[-122.988631,46.129101],[-122.988576,46.129207],[-122.988609,46.129266],[-122.988609,46.129445],[-122.988479,46.129445],[-122.988479,46.129314],[-122.988451,46.129278],[-122.988273,46.129254],[-122.988226,46.129285],[-122.98822,46.129355],[-122.988119,46.129368],[-122.988091,46.129445],[-122.98799,46.129458],[-122.987961,46.129535],[-122.98786,46.129548],[-122.987832,46.129625],[-122.987744,46.129632],[-122.987703,46.129674],[-122.98772,46.129786],[-122.987832,46.129805],[-122.987849,46.129876],[-122.987961,46.129895],[-122.987974,46.129961],[-122.988091,46.129986],[-122.988125,46.130066],[-122.988608,46.130076],[-122.988631,46.13015],[-122.988738,46.130166],[-122.988739,46.130392],[-122.988779,46.130429],[-122.988867,46.130436],[-122.988867,46.130525],[-122.988749,46.130537],[-122.988654,46.130503],[-122.988604,46.130529],[-122.98859,46.13057],[-122.988643,46.130613],[-122.988727,46.130605],[-122.988772,46.130696],[-122.988867,46.130706],[-122.988868,46.130927],[-122.988896,46.130963],[-122.989126,46.130976],[-122.989132,46.131032],[-122.989181,46.131063],[-122.989315,46.131065],[-122.989367,46.131046],[-122.989402,46.130835],[-122.989358,46.1308],[-122.989256,46.130796],[-122.989256,46.130706],[-122.989513,46.130689],[-122.989534,46.13065],[-122.989515,46.130436],[-122.98961,46.130426],[-122.989644,46.130346],[-122.98976,46.130322],[-122.989774,46.130166],[-122.989999,46.13017],[-122.990033,46.130076],[-122.990139,46.13006],[-122.990162,46.129986],[-122.990366,46.129983],[-122.990415,46.129952],[-122.990421,46.129896],[-122.990639,46.129889],[-122.990676,46.129857],[-122.99068,46.129806],[-122.990796,46.129782],[-122.990811,46.129716],[-122.990939,46.129716],[-122.990961,46.12979],[-122.991068,46.129806],[-122.991068,46.129894],[-122.990832,46.129912],[-122.990775,46.130023],[-122.990795,46.130067],[-122.990893,46.130098],[-122.991045,46.13006],[-122.991079,46.129975],[-122.991197,46.129986]],[[-122.987444,46.129625],[-122.987525,46.129621],[-122.98757,46.129587],[-122.987572,46.129489],[-122.987532,46.129452],[-122.987314,46.129445],[-122.987245,46.129421],[-122.987064,46.129474],[-122.987064,46.129597],[-122.98711,46.129623],[-122.987185,46.129625],[-122.987188,46.129677],[-122.987226,46.129709],[-122.987404,46.129722],[-122.98744,46.129691],[-122.987444,46.129625]],[[-122.988612,46.128364],[-122.988644,46.128318],[-122.988606,46.12821],[-122.988541,46.128172],[-122.988378,46.128198],[-122.988339,46.128286],[-122.987962,46.128275],[-122.987901,46.128251],[-122.987832,46.128275],[-122.987703,46.128275],[-122.987694,46.128214],[-122.987633,46.128186],[-122.987357,46.128186],[-122.987296,46.12823],[-122.987349,46.128356],[-122.987573,46.128365],[-122.987574,46.128767],[-122.987643,46.128815],[-122.987809,46.1288],[-122.987832,46.128635],[-122.987939,46.12862],[-122.987962,46.128545],[-122.988192,46.128533],[-122.988221,46.128455],[-122.988337,46.128431],[-122.988361,46.128354],[-122.98854,46.12839],[-122.988612,46.128364]],[[-122.989906,46.131064],[-122.989937,46.131018],[-122.989903,46.130976],[-122.98988,46.130811],[-122.989572,46.130796],[-122.989516,46.130812],[-122.989495,46.130851],[-122.98952,46.130942],[-122.989562,46.130971],[-122.989644,46.130976],[-122.989667,46.13105],[-122.989834,46.13109],[-122.989906,46.131064]],[[-122.990674,46.130852],[-122.990712,46.130737],[-122.990648,46.130687],[-122.990421,46.130706],[-122.990417,46.130654],[-122.99038,46.130622],[-122.99021,46.13062],[-122.990163,46.130659],[-122.990162,46.130796],[-122.99008,46.1308],[-122.990036,46.130834],[-122.990038,46.130956],[-122.990122,46.130989],[-122.990263,46.130963],[-122.990291,46.130886],[-122.990632,46.130882],[-122.990674,46.130852]],[[-122.990573,46.13051],[-122.990756,46.130537],[-122.990806,46.130501],[-122.990809,46.130304],[-122.990786,46.130272],[-122.99055,46.130256],[-122.990489,46.130232],[-122.990314,46.130271],[-122.990291,46.13031],[-122.990314,46.13042],[-122.99055,46.130436],[-122.990573,46.13051]]]}},{"type":"Feature","properties":{"id":79,"area_m2":12200,"px":122,"rank":5,"persistent":false},"geometry":{"type":"Polygon","coordinates":[[[-122.961048,46.112519],[-122.961048,46.112609],[-122.960967,46.112613],[-122.960922,46.112647],[-122.960919,46.112789],[-122.960812,46.112805],[-122.960789,46.112879],[-122.960673,46.112903],[-122.96066,46.112969],[-122.960272,46.112969],[-122.960249,46.112895],[-122.960142,46.112879],[-122.960129,46.112723],[-122.960013,46.112699],[-122.959995,46.112539],[-122.959943,46.112519],[-122.959754,46.112519],[-122.959741,46.112183],[-122.959684,46.112159],[-122.959366,46.112158],[-122.959357,46.112007],[-122.959311,46.111981],[-122.959237,46.111978],[-122.959237,46.111799],[-122.959311,46.111796],[-122.959357,46.11177],[-122.959367,46.111619],[-122.959473,46.111603],[-122.959496,46.111529],[-122.959612,46.111505],[-122.959626,46.111439],[-122.959884,46.111439],[-122.959888,46.11149],[-122.959925,46.111522],[-122.960143,46.111529],[-122.960166,46.111603],[-122.960272,46.111619],[-122.96029,46.111689],[-122.960402,46.111709],[-122.960436,46.11179],[-122.960531,46.111799],[-122.96056,46.111877],[-122.96066,46.111889],[-122.960678,46.112049],[-122.96079,46.112069],[-122.960824,46.11215],[-122.960919,46.112159],[-122.96092,46.112476],[-122.96096,46.112513],[-122.961048,46.112519]],[[-122.960195,46.111889],[-122.960269,46.111851],[-122.960263,46.111737],[-122.96021,46.11171],[-122.960055,46.111715],[-122.960015,46.111752],[-122.960023,46.11186],[-122.960076,46.111888],[-122.960195,46.111889]]]}},{"type":"Feature","properties":{"id":61,"area_m2":8700,"px":87,"rank":6,"persistent":false},"geometry":{"type":"Polygon","coordinates":[[[-122.960916,46.116839],[-122.960916,46.116929],[-122.960698,46.116935],[-122.96066,46.116967],[-122.960657,46.117019],[-122.960528,46.117019],[-122.960546,46.116884],[-122.960478,46.116839],[-122.960303,46.116848],[-122.960267,46.116929],[-122.960139,46.116929],[-122.960133,46.116872],[-122.960084,46.116841],[-122.959806,46.116841],[-122.959757,46.116872],[-122.959751,46.116929],[-122.959521,46.116941],[-122.959492,46.117019],[-122.958975,46.117018],[-122.958965,46.116957],[-122.958912,46.116929],[-122.958457,46.116928],[-122.958444,46.116772],[-122.958328,46.116748],[-122.958293,46.116667],[-122.958198,46.116658],[-122.958199,46.116298],[-122.958416,46.116292],[-122.958454,46.11626],[-122.958457,46.116208],[-122.959493,46.116209],[-122.959499,46.116265],[-122.959548,46.116296],[-122.959881,46.116299],[-122.95989,46.11636],[-122.959943,46.116388],[-122.960269,46.116389],[-122.960292,46.116463],[-122.960398,46.116479],[-122.960416,46.116549],[-122.960528,46.116569],[-122.960562,46.11665],[-122.960657,46.116659],[-122.960685,46.116737],[-122.960786,46.116749],[-122.960815,46.116827],[-122.960916,46.116839]],[[-122.959493,46.116389],[-122.959458,46.116308],[-122.959304,46.116299],[-122.959243,46.116327],[-122.959234,46.116389],[-122.959152,46.116393],[-122.959108,46.116427],[-122.959104,46.116658],[-122.959072,46.116717],[-122.959117,46.116815],[-122.959233,46.116839],[-122.959239,46.116895],[-122.959288,46.116926],[-122.959451,46.116922],[-122.959489,46.11689],[-122.959492,46.116839],[-122.959574,46.116835],[-122.959618,46.1168],[-122.95962,46.116432],[-122.959581,46.116395],[-122.959493,46.116389]],[[-122.960286,46.116709],[-122.960267,46.116522],[-122.960228,46.116485],[-122.959951,46.116479],[-122.95989,46.116507],[-122.959881,46.1167],[-122.959922,46.116742],[-122.960234,46.116746],[-122.960286,46.116709]]]}},{"type":"Feature","properties":{"id":59,"area_m2":8600,"px":86,"rank":7,"persistent":false},"geometry":{"type":"Polygon","coordinates":[[[-122.957679,46.118548],[-122.957679,46.118638],[-122.957598,46.118642],[-122.957553,46.118676],[-122.957549,46.118818],[-122.957422,46.118818],[-122.957407,46.118752],[-122.957291,46.118728],[-122.957285,46.118671],[-122.957243,46.118642],[-122.956773,46.118638],[-122.95677,46.118586],[-122.956732,46.118554],[-122.956514,46.118548],[-122.956514,46.118458],[-122.956549,46.11841],[-122.956515,46.118368],[-122.956501,46.118212],[-122.956385,46.118187],[-122.956351,46.118107],[-122.956256,46.118097],[-122.956221,46.118017],[-122.955997,46.118007],[-122.955974,46.117933],[-122.955868,46.117917],[-122.955855,46.117761],[-122.955739,46.117737],[-122.955704,46.117656],[-122.955609,46.117647],[-122.955609,46.117377],[-122.95571,46.117365],[-122.955739,46.117287],[-122.955827,46.117281],[-122.955868,46.117239],[-122.955855,46.117131],[-122.955739,46.117107],[-122.955739,46.116567],[-122.955869,46.116567],[-122.955874,46.116804],[-122.955916,46.116833],[-122.955998,46.116837],[-122.956015,46.116998],[-122.956127,46.117017],[-122.956128,46.117334],[-122.956168,46.117371],[-122.956256,46.117378],[-122.956241,46.117613],[-122.956291,46.117645],[-122.956385,46.117648],[-122.956399,46.117804],[-122.956515,46.117828],[-122.956549,46.117909],[-122.956644,46.117918],[-122.956657,46.118074],[-122.956773,46.118098],[-122.956779,46.118154],[-122.956821,46.118184],[-122.957032,46.118188],[-122.957045,46.118254],[-122.957162,46.118278],[-122.957165,46.11833],[-122.957203,46.118361],[-122.95755,46.118368],[-122.957538,46.118518],[-122.957584,46.118546],[-122.957679,46.118548]]]}},{"type":"Feature","properties":{"id":73,"area_m2":8000,"px":80,"rank":8,"persistent":false},"geometry":{"type":"Polygon","coordinates":[[[-122.957682,46.114948],[-122.957682,46.115218],[-122.957575,46.115234],[-122.957552,46.115308],[-122.957293,46.115308],[-122.957278,46.115225],[-122.957326,46.11516],[-122.957282,46.115122],[-122.957217,46.115117],[-122.95717,46.115148],[-122.957164,46.115218],[-122.957035,46.115218],[-122.956966,46.115194],[-122.956798,46.115233],[-122.956775,46.115488],[-122.956646,46.115488],[-122.956637,46.115336],[-122.956591,46.11531],[-122.956517,46.115307],[-122.956511,46.115071],[-122.956469,46.115042],[-122.956388,46.115037],[-122.956382,46.114801],[-122.95634,46.114772],[-122.956259,46.114767],[-122.956259,46.114497],[-122.956476,46.114491],[-122.956514,46.114459],[-122.956518,46.114408],[-122.956748,46.114395],[-122.956777,46.114318],[-122.957553,46.114318],[-122.957553,46.114899],[-122.957593,46.114942],[-122.957682,46.114948]],[[-122.957225,46.115062],[-122.957375,46.115034],[-122.957417,46.115005],[-122.9574,46.114874],[-122.957345,46.114858],[-122.957058,46.114874],[-122.957016,46.114976],[-122.957037,46.115021],[-122.957225,46.115062]]]}},{"type":"Feature","properties":{"id":19,"area_m2":7100,"px":71,"rank":9,"persistent":false},"geometry":{"type":"Polygon","coordinates":[[[-122.99275,46.132686],[-122.99275,46.132776],[-122.992621,46.132776],[-122.992608,46.13271],[-122.992492,46.132686],[-122.992486,46.132629],[-122.992437,46.132598],[-122.991715,46.132596],[-122.991687,46.132518],[-122.991456,46.132506],[-122.99145,46.132449],[-122.991401,46.132418],[-122.990938,46.132416],[-122.990938,46.132326],[-122.99102,46.132322],[-122.991062,46.132292],[-122.991066,46.132189],[-122.991005,46.132147],[-122.990809,46.132146],[-122.990809,46.132056],[-122.99091,46.132043],[-122.990938,46.131966],[-122.991039,46.131953],[-122.991079,46.131865],[-122.991177,46.131869],[-122.991215,46.131809],[-122.991136,46.131762],[-122.991057,46.131797],[-122.990871,46.131787],[-122.990818,46.131814],[-122.990809,46.131876],[-122.990679,46.131876],[-122.990679,46.131786],[-122.990774,46.131777],[-122.990809,46.131696],[-122.990883,46.131693],[-122.990929,46.131667],[-122.990937,46.131559],[-122.990876,46.131517],[-122.99055,46.131516],[-122.99055,46.131426],[-122.990657,46.13141],[-122.99068,46.131336],[-122.991022,46.131345],[-122.991065,46.131311],[-122.991068,46.131246],[-122.991184,46.131222],[-122.991197,46.131156],[-122.991327,46.131156],[-122.99135,46.13123],[-122.991456,46.131246],[-122.991469,46.131402],[-122.991586,46.131427],[-122.991575,46.131617],[-122.991387,46.131582],[-122.991299,46.131628],[-122.99134,46.131762],[-122.991389,46.131785],[-122.991523,46.131785],[-122.991576,46.131757],[-122.991597,46.131685],[-122.991844,46.131696],[-122.991867,46.13177],[-122.991974,46.131786],[-122.992008,46.131867],[-122.992103,46.131876],[-122.992121,46.132036],[-122.992233,46.132056],[-122.992267,46.132137],[-122.992362,46.132146],[-122.992375,46.132482],[-122.992492,46.132506],[-122.992526,46.132587],[-122.992621,46.132596],[-122.992649,46.132674],[-122.99275,46.132686]],[[-122.992111,46.132301],[-122.992102,46.132099],[-122.992062,46.132062],[-122.991845,46.132056],[-122.991835,46.131994],[-122.991782,46.131967],[-122.991456,46.131966],[-122.99145,46.131909],[-122.991401,46.131878],[-122.991265,46.131862],[-122.991206,46.131891],[-122.991197,46.132056],[-122.991162,46.132098],[-122.991203,46.132202],[-122.991245,46.132232],[-122.991327,46.132236],[-122.991361,46.132317],[-122.991456,46.132326],[-122.991459,46.132377],[-122.991497,46.132409],[-122.991926,46.132412],[-122.991968,46.132382],[-122.991974,46.132326],[-122.992069,46.132323],[-122.992111,46.132301]]]}},{"type":"Feature","properties":{"id":45,"area_m2":4900,"px":49,"rank":10,"persistent":false},"geometry":{"type":"Polygon","coordinates":[[[-122.979546,46.123956],[-122.979515,46.124002],[-122.979549,46.124044],[-122.979549,46.124314],[-122.97936,46.124314],[-122.979308,46.124334],[-122.97929,46.124494],[-122.979209,46.124498],[-122.979164,46.124532],[-122.979161,46.124674],[-122.978902,46.124674],[-122.978889,46.124608],[-122.978773,46.124584],[-122.978744,46.124506],[-122.978514,46.124494],[-122.978491,46.12442],[-122.978384,46.124404],[-122.978371,46.124338],[-122.978255,46.124314],[-122.978227,46.124236],[-122.978126,46.124224],[-122.978126,46.124044],[-122.978514,46.124044],[-122.978514,46.124175],[-122.978542,46.124212],[-122.978832,46.124224],[-122.978899,46.124186],[-122.978902,46.124044],[-122.979009,46.124028],[-122.979032,46.123954],[-122.979148,46.12393],[-122.979161,46.123864],[-122.979549,46.123864],[-122.979546,46.123956]]]}},{"type":"Feature","properties":{"id":76,"area_m2":4500,"px":45,"rank":11,"persistent":false},"geometry":{"type":"Polygon","coordinates":[[[-122.959883,46.112879],[-122.959883,46.113149],[-122.959809,46.113151],[-122.959763,46.113177],[-122.959754,46.113329],[-122.959518,46.113344],[-122.959495,46.113419],[-122.959413,46.113423],[-122.959371,46.113452],[-122.959365,46.113599],[-122.959259,46.113614],[-122.959236,46.113688],[-122.959119,46.113712],[-122.959106,46.113778],[-122.958903,46.113781],[-122.958853,46.113812],[-122.958847,46.113868],[-122.958718,46.113868],[-122.958695,46.113794],[-122.958589,46.113777],[-122.958589,46.113598],[-122.958663,46.113596],[-122.958709,46.11357],[-122.958718,46.113418],[-122.958825,46.113403],[-122.958848,46.113328],[-122.958964,46.113304],[-122.958977,46.113238],[-122.959213,46.113223],[-122.959236,46.113059],[-122.959343,46.113043],[-122.959366,46.112969],[-122.959691,46.112968],[-122.959745,46.11294],[-122.959754,46.112879],[-122.959883,46.112879]]]}},{"type":"Feature","properties":{"id":63,"area_m2":4200,"px":42,"rank":12,"persistent":false},"geometry":{"type":"Polygon","coordinates":[[[-122.955481,46.116117],[-122.955481,46.116207],[-122.955263,46.116213],[-122.955225,46.116245],[-122.955222,46.116297],[-122.954963,46.116297],[-122.954957,46.116227],[-122.954903,46.116194],[-122.954745,46.116213],[-122.954708,46.116245],[-122.954704,46.116297],[-122.954493,46.116301],[-122.954451,46.11633],[-122.954445,46.116387],[-122.954334,46.116406],[-122.954316,46.116567],[-122.954209,46.116582],[-122.954186,46.116657],[-122.953928,46.116656],[-122.953928,46.116567],[-122.954016,46.11656],[-122.954055,46.116523],[-122.954057,46.116297],[-122.954159,46.116292],[-122.954204,46.116257],[-122.954187,46.116027],[-122.954293,46.116011],[-122.954316,46.115937],[-122.954433,46.115913],[-122.954446,46.115847],[-122.954676,46.115835],[-122.954705,46.115757],[-122.954834,46.115757],[-122.95484,46.115814],[-122.954889,46.115845],[-122.955093,46.115847],[-122.955116,46.115921],[-122.955222,46.115937],[-122.955222,46.116068],[-122.955257,46.116108],[-122.955481,46.116117]]]}},{"type":"Feature","properties":{"id":4,"area_m2":3800,"px":38,"rank":13,"persistent":false},"geometry":{"type":"Polygon","coordinates":[[[-122.985371,46.134845],[-122.985371,46.134935],[-122.985112,46.134935],[-122.985099,46.134779],[-122.984983,46.134755],[-122.984965,46.134685],[-122.984853,46.134665],[-122.98484,46.134599],[-122.984724,46.134575],[-122.984718,46.134518],[-122.984669,46.134487],[-122.984499,46.134494],[-122.984465,46.134575],[-122.984206,46.134575],[-122.984188,46.134505],[-122.984077,46.134485],[-122.984063,46.134419],[-122.983999,46.134395],[-122.983852,46.134404],[-122.983818,46.134485],[-122.983688,46.134485],[-122.983688,46.134395],[-122.98377,46.134391],[-122.983814,46.134357],[-122.9838,46.134235],[-122.983748,46.134215],[-122.9833,46.134215],[-122.9833,46.134125],[-122.983407,46.134109],[-122.983429,46.134035],[-122.983524,46.134026],[-122.983559,46.133945],[-122.983671,46.133925],[-122.983688,46.133855],[-122.983818,46.133855],[-122.983835,46.133925],[-122.983947,46.133945],[-122.983982,46.134026],[-122.984077,46.134035],[-122.984105,46.134113],[-122.984206,46.134125],[-122.984229,46.134199],[-122.984465,46.134215],[-122.984488,46.134289],[-122.984594,46.134305],[-122.984612,46.134375],[-122.984724,46.134395],[-122.984758,46.134476],[-122.984853,46.134485],[-122.984882,46.134563],[-122.984983,46.134575],[-122.985011,46.134653],[-122.985112,46.134665],[-122.985141,46.134743],[-122.985242,46.134755],[-122.98527,46.134833],[-122.985371,46.134845]]]}},{"type":"Feature","properties":{"id":50,"area_m2":3300,"px":33,"rank":14,"persistent":false},"geometry":{"type":"Polygon","coordinates":[[[-122.97282,46.121073],[-122.97282,46.121163],[-122.972691,46.121163],[-122.972673,46.121092],[-122.972561,46.121073],[-122.972527,46.120992],[-122.972432,46.120983],[-122.972404,46.120905],[-122.972303,46.120892],[-122.972274,46.120815],[-122.972173,46.120802],[-122.972145,46.120725],[-122.971914,46.120712],[-122.97188,46.120632],[-122.971656,46.120622],[-122.971633,46.120548],[-122.971526,46.120532],[-122.971517,46.120381],[-122.971471,46.120355],[-122.971397,46.120352],[-122.971397,46.120172],[-122.971432,46.12013],[-122.971397,46.120082],[-122.971397,46.119992],[-122.971785,46.119992],[-122.971808,46.120067],[-122.971915,46.120083],[-122.971924,46.120234],[-122.97197,46.12026],[-122.972044,46.120263],[-122.972044,46.120442],[-122.972009,46.12049],[-122.972057,46.120598],[-122.972173,46.120623],[-122.972186,46.120689],[-122.972303,46.120713],[-122.972306,46.120764],[-122.972344,46.120796],[-122.972561,46.120803],[-122.972574,46.120959],[-122.972691,46.120983],[-122.972725,46.121064],[-122.97282,46.121073]]]}},{"type":"Feature","properties":{"id":71,"area_m2":3000,"px":30,"rank":15,"persistent":false},"geometry":{"type":"Polygon","coordinates":[[[-122.957811,46.115398],[-122.957811,46.115668],[-122.957464,46.115674],[-122.957426,46.115706],[-122.957422,46.115758],[-122.957192,46.11577],[-122.957163,46.115848],[-122.957047,46.115872],[-122.957034,46.115938],[-122.956516,46.115937],[-122.956517,46.115848],[-122.956611,46.115838],[-122.956646,46.115758],[-122.95672,46.115755],[-122.956766,46.115729],[-122.956776,46.115578],[-122.956993,46.115571],[-122.957031,46.115539],[-122.957034,46.115488],[-122.957375,46.115484],[-122.957417,46.115455],[-122.957423,46.115398],[-122.957811,46.115398]]]}},{"type":"Feature","properties":{"id":65,"area_m2":2900,"px":29,"rank":16,"persistent":false},"geometry":{"type":"Polygon","coordinates":[[[-122.966352,46.116211],[-122.966352,46.116391],[-122.966222,46.116391],[-122.9662,46.116317],[-122.966093,46.116301],[-122.96608,46.116145],[-122.965964,46.116121],[-122.965946,46.11596],[-122.965834,46.115941],[-122.965828,46.115884],[-122.965786,46.115855],[-122.965576,46.115851],[-122.965576,46.115761],[-122.965682,46.115745],[-122.965737,46.115639],[-122.965705,46.115581],[-122.965704,46.115444],[-122.965664,46.115407],[-122.965576,46.115401],[-122.965547,46.115323],[-122.965447,46.115311],[-122.965418,46.115233],[-122.965317,46.11522],[-122.965317,46.115041],[-122.965576,46.115041],[-122.965576,46.115131],[-122.965542,46.115184],[-122.965617,46.115304],[-122.96578,46.115308],[-122.965829,46.115277],[-122.965835,46.115221],[-122.965962,46.115221],[-122.965987,46.115295],[-122.966093,46.115311],[-122.966103,46.115462],[-122.966148,46.115488],[-122.966223,46.115491],[-122.966223,46.115671],[-122.966093,46.115671],[-122.966025,46.115647],[-122.965944,46.115684],[-122.965965,46.115897],[-122.966005,46.115934],[-122.966093,46.115941],[-122.966121,46.116019],[-122.966222,46.116031],[-122.966232,46.116182],[-122.966277,46.116209],[-122.966352,46.116211]]]}},{"type":"Feature","properties":{"id":1,"area_m2":2800,"px":28,"rank":17,"persistent":false},"geometry":{"type":"Polygon","coordinates":[[[-122.987054,46.135385],[-122.987054,46.135565],[-122.986959,46.135575],[-122.986924,46.135655],[-122.986813,46.135675],[-122.986795,46.135835],[-122.986706,46.135842],[-122.986667,46.135879],[-122.986669,46.136067],[-122.986713,46.136101],[-122.986795,46.136105],[-122.986795,46.136195],[-122.986577,46.136202],[-122.986539,46.136234],[-122.986536,46.136285],[-122.986419,46.136309],[-122.986406,46.136375],[-122.986277,46.136375],[-122.986271,46.136049],[-122.986214,46.136016],[-122.986018,46.136015],[-122.986018,46.135925],[-122.986222,46.135923],[-122.986271,46.135892],[-122.986277,46.135835],[-122.986508,46.135823],[-122.986536,46.135787],[-122.986536,46.135565],[-122.986643,46.13555],[-122.986666,46.135475],[-122.986871,46.135486],[-122.986919,46.135455],[-122.986925,46.135385],[-122.987054,46.135385]]]}},{"type":"Feature","properties":{"id":13,"area_m2":2800,"px":28,"rank":18,"persistent":false},"geometry":{"type":"Polygon","coordinates":[[[-122.982653,46.133495],[-122.982651,46.133585],[-122.982523,46.133585],[-122.982517,46.133528],[-122.982468,46.133497],[-122.982293,46.133507],[-122.982265,46.133543],[-122.982264,46.133675],[-122.98223,46.133717],[-122.982264,46.133765],[-122.982264,46.133855],[-122.982005,46.133855],[-122.981988,46.133784],[-122.981876,46.133765],[-122.981841,46.133684],[-122.981747,46.133675],[-122.981718,46.133597],[-122.981488,46.133585],[-122.981488,46.133405],[-122.981617,46.133405],[-122.981626,46.133466],[-122.98168,46.133494],[-122.982094,46.133488],[-122.982133,46.133451],[-122.982129,46.133348],[-122.982087,46.133319],[-122.982006,46.133315],[-122.981971,46.133234],[-122.981876,46.133225],[-122.981876,46.133135],[-122.982135,46.133135],[-122.982211,46.133158],[-122.982366,46.133122],[-122.982394,46.133045],[-122.982523,46.133045],[-122.982523,46.133135],[-122.982442,46.133139],[-122.982397,46.133173],[-122.982395,46.133361],[-122.982435,46.133398],[-122.982523,46.133405],[-122.982552,46.133483],[-122.982653,46.133495]]]}},{"type":"Feature","properties":{"id":2,"area_m2":2500,"px":25,"rank":19,"persistent":false},"geometry":{"type":"Polygon","coordinates":[[[-122.985889,46.135925],[-122.985888,46.136015],[-122.9855,46.136015],[-122.985487,46.135949],[-122.985371,46.135925],[-122.985336,46.135844],[-122.985112,46.135835],[-122.985094,46.135765],[-122.984982,46.135745],[-122.984948,46.135664],[-122.984853,46.135655],[-122.984825,46.135577],[-122.984724,46.135565],[-122.984695,46.135487],[-122.984594,46.135475],[-122.984566,46.135397],[-122.984335,46.135385],[-122.984335,46.135295],[-122.984853,46.135295],[-122.984866,46.135361],[-122.984982,46.135385],[-122.985017,46.135466],[-122.985241,46.135475],[-122.985254,46.135631],[-122.985371,46.135655],[-122.985405,46.135736],[-122.9855,46.135745],[-122.985529,46.135823],[-122.98563,46.135835],[-122.985658,46.135913],[-122.985889,46.135925]]]}},{"type":"Feature","properties":{"id":14,"area_m2":2200,"px":22,"rank":20,"persistent":false},"geometry":{"type":"Polygon","coordinates":[[[-122.988478,46.133316],[-122.988478,46.133495],[-122.988372,46.133511],[-122.988349,46.133585],[-122.988233,46.13361],[-122.988219,46.133675],[-122.987572,46.133675],[-122.987549,46.133601],[-122.987443,46.133585],[-122.987408,46.133505],[-122.987313,46.133495],[-122.987313,46.133135],[-122.987572,46.133135],[-122.987573,46.133447],[-122.987635,46.133494],[-122.988294,46.133493],[-122.988347,46.133452],[-122.988349,46.133316],[-122.988478,46.133316]]]}},{"type":"Feature","properties":{"id":32,"area_m2":2200,"px":22,"rank":21,"persistent":false},"geometry":{"type":"Polygon","coordinates":[[[-122.989644,46.129806],[-122.989644,46.129896],[-122.989435,46.129896],[-122.989378,46.129921],[-122.989385,46.130076],[-122.989173,46.130066],[-122.98913,46.1301],[-122.989126,46.130165],[-122.98901,46.13019],[-122.988997,46.130255],[-122.988867,46.130255],[-122.988867,46.130076],[-122.988962,46.130066],[-122.988997,46.129986],[-122.989109,46.129966],[-122.989126,46.129854],[-122.989071,46.129808],[-122.988868,46.129805],[-122.988858,46.129654],[-122.988812,46.129628],[-122.988738,46.129625],[-122.988738,46.129446],[-122.988867,46.129446],[-122.988877,46.129507],[-122.98893,46.129534],[-122.989256,46.129536],[-122.989279,46.12961],[-122.989385,46.129626],[-122.989408,46.12979],[-122.989644,46.129806]]]}},{"type":"Feature","properties":{"id":70,"area_m2":2000,"px":20,"rank":22,"persistent":false},"geometry":{"type":"Polygon","coordinates":[[[-122.958975,46.115579],[-122.958975,46.115758],[-122.958657,46.115759],[-122.9586,46.115782],[-122.958587,46.116028],[-122.958199,46.116028],[-122.958176,46.115954],[-122.958069,46.115938],[-122.95807,46.115668],[-122.958199,46.115668],[-122.958268,46.115692],[-122.958403,46.115666],[-122.958452,46.115635],[-122.958458,46.115578],[-122.958587,46.115578],[-122.958648,46.115602],[-122.958717,46.115578],[-122.958975,46.115579]]]}},{"type":"Feature","properties":{"id":81,"area_m2":2000,"px":20,"rank":23,"persistent":false},"geometry":{"type":"Polygon","coordinates":[[[-122.958849,46.111708],[-122.958849,46.111888],[-122.958742,46.111904],[-122.958719,46.111978],[-122.958603,46.112002],[-122.95859,46.112068],[-122.958461,46.112068],[-122.958447,46.112002],[-122.958383,46.111978],[-122.958236,46.111987],[-122.958202,46.112068],[-122.958072,46.112068],[-122.958073,46.111798],[-122.958179,46.111782],[-122.958202,46.111708],[-122.958318,46.111684],[-122.958332,46.111618],[-122.95859,46.111618],[-122.958594,46.11167],[-122.958631,46.111702],[-122.958849,46.111708]]]}},{"type":"Feature","properties":{"id":39,"area_m2":1900,"px":19,"rank":24,"persistent":false},"geometry":{"type":"Polygon","coordinates":[[[-122.98149,46.126565],[-122.98149,46.126744],[-122.981361,46.126744],[-122.981343,46.126674],[-122.981231,46.126654],[-122.981197,46.126574],[-122.981102,46.126564],[-122.981073,46.126487],[-122.980972,46.126474],[-122.980944,46.126397],[-122.980714,46.126384],[-122.980696,46.126314],[-122.980584,46.126294],[-122.980571,46.126228],[-122.980455,46.126204],[-122.980451,46.126153],[-122.980414,46.126121],[-122.980196,46.126114],[-122.980194,46.125888],[-122.980155,46.125851],[-122.980067,46.125844],[-122.980067,46.125754],[-122.980196,46.125754],[-122.980219,46.125828],[-122.980325,46.125844],[-122.980326,46.125976],[-122.980354,46.126012],[-122.980584,46.126024],[-122.980584,46.126156],[-122.980612,46.126192],[-122.980843,46.126204],[-122.980849,46.126261],[-122.980898,46.126292],[-122.981102,46.126295],[-122.981125,46.126369],[-122.981231,46.126385],[-122.981244,46.12645],[-122.981361,46.126475],[-122.981389,46.126552],[-122.98149,46.126565]]]}},{"type":"Feature","properties":{"id":49,"area_m2":1800,"px":18,"rank":25,"persistent":false},"geometry":{"type":"Polygon","coordinates":[[[-122.974114,46.121433],[-122.974114,46.121523],[-122.974019,46.121532],[-122.973985,46.121613],[-122.973883,46.121617],[-122.973837,46.121658],[-122.973873,46.121773],[-122.973985,46.121793],[-122.973985,46.121883],[-122.973855,46.121883],[-122.973794,46.121859],[-122.973726,46.121883],[-122.973596,46.121883],[-122.973574,46.121809],[-122.973467,46.121793],[-122.973454,46.121727],[-122.973338,46.121703],[-122.973309,46.121625],[-122.973208,46.121613],[-122.973199,46.121461],[-122.973153,46.121435],[-122.973079,46.121433],[-122.973044,46.121352],[-122.97295,46.121343],[-122.97295,46.121253],[-122.973079,46.121253],[-122.973097,46.121323],[-122.973208,46.121343],[-122.973217,46.121404],[-122.973271,46.121432],[-122.973467,46.121433],[-122.973528,46.121457],[-122.973597,46.121433],[-122.973726,46.121433],[-122.973787,46.121457],[-122.973856,46.121433],[-122.974114,46.121433]],[[-122.973726,46.121703],[-122.973745,46.121658],[-122.973712,46.121622],[-122.973639,46.121614],[-122.973589,46.121638],[-122.973579,46.121679],[-122.973615,46.121716],[-122.973673,46.121726],[-122.973726,46.121703]]]}},{"type":"Feature","properties":{"id":54,"area_m2":1600,"px":16,"rank":26,"persistent":false},"geometry":{"type":"Polygon","coordinates":[[[-122.970621,46.119362],[-122.970621,46.119542],[-122.970514,46.119558],[-122.970491,46.119632],[-122.970362,46.119632],[-122.970356,46.119575],[-122.970307,46.119544],[-122.970036,46.119543],[-122.969983,46.11957],[-122.969973,46.119632],[-122.969862,46.119652],[-122.969844,46.119722],[-122.969732,46.119742],[-122.969715,46.119812],[-122.969456,46.119812],[-122.969456,46.119722],[-122.969537,46.119718],[-122.969582,46.119684],[-122.969585,46.119542],[-122.969933,46.119536],[-122.96997,46.119504],[-122.969974,46.119452],[-122.97009,46.119428],[-122.970103,46.119362],[-122.970233,46.119362],[-122.970293,46.119386],[-122.970362,46.119362],[-122.970621,46.119362]]]}},{"type":"Feature","properties":{"id":21,"area_m2":1200,"px":12,"rank":27,"persistent":false},"geometry":{"type":"Polygon","coordinates":[[[-122.986537,46.132325],[-122.986537,46.132415],[-122.986407,46.132415],[-122.986394,46.132349],[-122.986278,46.132325],[-122.986249,46.132248],[-122.986074,46.132238],[-122.986025,46.132269],[-122.986019,46.132325],[-122.98583,46.132325],[-122.985778,46.132345],[-122.98576,46.132505],[-122.985631,46.132505],[-122.985631,46.132235],[-122.985705,46.132233],[-122.985751,46.132207],[-122.98576,46.132055],[-122.985889,46.132055],[-122.985899,46.132117],[-122.985952,46.132144],[-122.986278,46.132145],[-122.986301,46.132219],[-122.986407,46.132235],[-122.986442,46.132316],[-122.986537,46.132325]]]}},{"type":"Feature","properties":{"id":35,"area_m2":1200,"px":12,"rank":28,"persistent":false},"geometry":{"type":"Polygon","coordinates":[[[-122.99068,46.129266],[-122.99068,46.129356],[-122.990423,46.129356],[-122.990398,46.129281],[-122.990292,46.129266],[-122.990278,46.12902],[-122.990162,46.128996],[-122.990128,46.128915],[-122.990033,46.128906],[-122.990004,46.128828],[-122.989903,46.128816],[-122.989875,46.128738],[-122.989774,46.128726],[-122.989745,46.128648],[-122.989644,46.128636],[-122.989644,46.128546],[-122.989774,46.128546],[-122.989791,46.128616],[-122.989903,46.128636],[-122.989916,46.128702],[-122.990033,46.128726],[-122.990036,46.128777],[-122.990074,46.128809],[-122.990223,46.12884],[-122.990292,46.128816],[-122.990421,46.128816],[-122.990421,46.128906],[-122.990386,46.128953],[-122.990421,46.128996],[-122.990427,46.129142],[-122.990469,46.129172],[-122.99055,46.129176],[-122.990585,46.129257],[-122.99068,46.129266]]]}},{"type":"Feature","properties":{"id":40,"area_m2":1200,"px":12,"rank":29,"persistent":false},"geometry":{"type":"Polygon","coordinates":[[[-122.983302,46.126295],[-122.983302,46.126385],[-122.982914,46.126385],[-122.982891,46.126311],[-122.982785,46.126295],[-122.982771,46.126229],[-122.982655,46.126205],[-122.982627,46.126127],[-122.982526,46.126115],[-122.982526,46.126025],[-122.982914,46.126025],[-122.982937,46.126099],[-122.983043,46.126115],[-122.983057,46.126181],[-122.983173,46.126205],[-122.983201,46.126283],[-122.983302,46.126295]]]}},{"type":"Feature","properties":{"id":57,"area_m2":1200,"px":12,"rank":30,"persistent":false},"geometry":{"type":"Polygon","coordinates":[[[-122.958714,46.119358],[-122.958714,46.119448],[-122.958586,46.119448],[-122.958581,46.119397],[-122.958543,46.119365],[-122.958326,46.119358],[-122.958303,46.119284],[-122.958196,46.119268],[-122.958183,46.119202],[-122.958067,46.119178],[-122.958039,46.1191],[-122.957938,46.119088],[-122.957938,46.118998],[-122.958326,46.118998],[-122.958349,46.119072],[-122.958455,46.119088],[-122.95849,46.119169],[-122.958584,46.119178],[-122.958602,46.119339],[-122.958714,46.119358]]]}},{"type":"Feature","properties":{"id":22,"area_m2":1100,"px":11,"rank":31,"persistent":false},"geometry":{"type":"Polygon","coordinates":[[[-122.990547,46.131877],[-122.990515,46.131923],[-122.99055,46.131966],[-122.99055,46.132056],[-122.990032,46.132056],[-122.990032,46.131696],[-122.990162,46.131696],[-122.99017,46.13177],[-122.990237,46.131799],[-122.990392,46.131773],[-122.990421,46.131696],[-122.99055,46.131696],[-122.990547,46.131877]]]}},{"type":"Feature","properties":{"id":58,"area_m2":1100,"px":11,"rank":32,"persistent":false},"geometry":{"type":"Polygon","coordinates":[[[-122.970233,46.118642],[-122.970233,46.118912],[-122.970103,46.118912],[-122.970081,46.118748],[-122.969845,46.118732],[-122.969822,46.118658],[-122.969715,46.118642],[-122.969716,46.118372],[-122.969845,46.118372],[-122.969868,46.118446],[-122.969974,46.118462],[-122.969987,46.118528],[-122.970103,46.118552],[-122.970132,46.11863],[-122.970233,46.118642]]]}},{"type":"Feature","properties":{"id":72,"area_m2":1100,"px":11,"rank":33,"persistent":false},"geometry":{"type":"Polygon","coordinates":[[[-122.956387,46.115488],[-122.956387,46.115667],[-122.956285,46.115672],[-122.956241,46.115707],[-122.956258,46.115847],[-122.956128,46.115847],[-122.956105,46.115773],[-122.955999,46.115757],[-122.955964,46.115676],[-122.95587,46.115667],[-122.95587,46.115577],[-122.955958,46.115571],[-122.955998,46.115534],[-122.955999,46.115217],[-122.956129,46.115217],[-122.95615,46.115485],[-122.956204,46.115501],[-122.956387,46.115488]]]}},{"type":"Feature","properties":{"id":77,"area_m2":1100,"px":11,"rank":34,"persistent":false},"geometry":{"type":"Polygon","coordinates":[[[-122.964283,46.11333],[-122.964283,46.11342],[-122.964176,46.113436],[-122.964153,46.11351],[-122.964037,46.113534],[-122.964024,46.1136],[-122.963765,46.1136],[-122.963764,46.113374],[-122.963724,46.113336],[-122.963636,46.11333],[-122.963636,46.11324],[-122.963765,46.11324],[-122.963778,46.113306],[-122.963843,46.11333],[-122.96399,46.113321],[-122.964024,46.11324],[-122.964154,46.11324],[-122.964176,46.113314],[-122.964283,46.11333]]]}},{"type":"Feature","properties":{"id":12,"area_m2":1000,"px":10,"rank":35,"persistent":false},"geometry":{"type":"Polygon","coordinates":[[[-122.989773,46.133676],[-122.989773,46.133856],[-122.989666,46.133871],[-122.989643,46.133946],[-122.989255,46.133946],[-122.989246,46.133794],[-122.9892,46.133768],[-122.989126,46.133766],[-122.989126,46.133676],[-122.989255,46.133676],[-122.989268,46.133742],[-122.989333,46.133766],[-122.989479,46.133757],[-122.989514,46.133676],[-122.989773,46.133676]]]}},{"type":"Feature","properties":{"id":46,"area_m2":1000,"px":10,"rank":36,"persistent":false},"geometry":{"type":"Polygon","coordinates":[[[-122.978902,46.123774],[-122.978902,46.123954],[-122.978773,46.123954],[-122.978771,46.123817],[-122.97871,46.123775],[-122.978562,46.123778],[-122.97852,46.123807],[-122.978514,46.123864],[-122.978385,46.123864],[-122.978385,46.123684],[-122.978473,46.123678],[-122.978513,46.12364],[-122.978514,46.123414],[-122.978773,46.123414],[-122.978773,46.123504],[-122.978691,46.123508],[-122.978649,46.123537],[-122.978645,46.123641],[-122.978684,46.123678],[-122.978773,46.123684],[-122.978801,46.123762],[-122.978902,46.123774]]]}},{"type":"Feature","properties":{"id":17,"area_m2":900,"px":9,"rank":37,"persistent":false},"geometry":{"type":"Polygon","coordinates":[[[-122.993268,46.132686],[-122.993268,46.132776],[-122.99318,46.132782],[-122.99314,46.132819],[-122.993139,46.133046],[-122.993009,46.133046],[-122.992987,46.132972],[-122.99288,46.132955],[-122.99288,46.132776],[-122.992968,46.13277],[-122.993008,46.132732],[-122.99301,46.132506],[-122.993139,46.132506],[-122.993148,46.132657],[-122.993194,46.132684],[-122.993268,46.132686]]]}},{"type":"Feature","properties":{"id":18,"area_m2":900,"px":9,"rank":38,"persistent":false},"geometry":{"type":"Polygon","coordinates":[[[-122.982394,46.132505],[-122.982394,46.132595],[-122.982313,46.132599],[-122.982268,46.132633],[-122.982265,46.132775],[-122.982158,46.132791],[-122.982135,46.132865],[-122.982019,46.132889],[-122.982006,46.132955],[-122.981747,46.132955],[-122.981747,46.132865],[-122.981842,46.132856],[-122.981876,46.132775],[-122.981951,46.132772],[-122.981997,46.132746],[-122.982006,46.132595],[-122.98221,46.132592],[-122.982259,46.132561],[-122.982265,46.132505],[-122.982394,46.132505]]]}},{"type":"Feature","properties":{"id":44,"area_m2":900,"px":9,"rank":39,"persistent":false},"geometry":{"type":"Polygon","coordinates":[[[-122.978384,46.124674],[-122.978384,46.124764],[-122.978125,46.124764],[-122.978103,46.12469],[-122.977996,46.124674],[-122.977961,46.124593],[-122.977867,46.124584],[-122.977867,46.124404],[-122.978125,46.124404],[-122.978148,46.124478],[-122.978255,46.124494],[-122.978268,46.12465],[-122.978384,46.124674]]]}},{"type":"Feature","properties":{"id":66,"area_m2":900,"px":9,"rank":40,"persistent":false},"geometry":{"type":"Polygon","coordinates":[[[-122.957293,46.116028],[-122.957292,46.116388],[-122.957034,46.116388],[-122.957011,46.116314],[-122.956904,46.116298],[-122.956904,46.116208],[-122.956979,46.116205],[-122.957025,46.116179],[-122.957034,46.116028],[-122.957293,46.116028]]]}},{"type":"Feature","properties":{"id":11,"area_m2":800,"px":8,"rank":41,"persistent":false},"geometry":{"type":"Polygon","coordinates":[[[-122.98317,46.133945],[-122.98317,46.134125],[-122.983064,46.134141],[-122.983041,46.134215],[-122.982925,46.134239],[-122.982911,46.134305],[-122.982782,46.134305],[-122.982782,46.134215],[-122.982864,46.134211],[-122.982908,46.134177],[-122.982889,46.134051],[-122.982523,46.134035],[-122.982523,46.133945],[-122.982912,46.133945],[-122.982972,46.133969],[-122.983041,46.133945],[-122.98317,46.133945]]]}},{"type":"Feature","properties":{"id":34,"area_m2":800,"px":8,"rank":42,"persistent":false},"geometry":{"type":"Polygon","coordinates":[[[-122.981489,46.129355],[-122.981489,46.129624],[-122.98136,46.129624],[-122.981337,46.12955],[-122.98123,46.129534],[-122.981221,46.129293],[-122.981175,46.129267],[-122.981101,46.129264],[-122.981066,46.129184],[-122.980971,46.129174],[-122.980971,46.129085],[-122.981101,46.129085],[-122.981124,46.129159],[-122.98123,46.129175],[-122.981243,46.129241],[-122.98136,46.129265],[-122.981388,46.129342],[-122.981489,46.129355]]]}},{"type":"Feature","properties":{"id":55,"area_m2":800,"px":8,"rank":43,"persistent":false},"geometry":{"type":"Polygon","coordinates":[[[-122.965573,46.119361],[-122.965573,46.119631],[-122.965314,46.119631],[-122.965292,46.119556],[-122.965185,46.119541],[-122.965185,46.119361],[-122.965573,46.119361]]]}},{"type":"Feature","properties":{"id":10,"area_m2":700,"px":7,"rank":44,"persistent":false},"geometry":{"type":"Polygon","coordinates":[[[-122.98796,46.133946],[-122.98796,46.134035],[-122.987872,46.134042],[-122.987832,46.134079],[-122.987831,46.134305],[-122.987572,46.134305],[-122.987572,46.134126],[-122.987646,46.134123],[-122.987692,46.134097],[-122.987702,46.133946],[-122.98796,46.133946]]]}},{"type":"Feature","properties":{"id":31,"area_m2":700,"px":7,"rank":45,"persistent":false},"geometry":{"type":"Polygon","coordinates":[[[-122.985761,46.130075],[-122.985761,46.130255],[-122.985654,46.130271],[-122.985631,46.130345],[-122.985515,46.130369],[-122.985502,46.130435],[-122.985372,46.130435],[-122.985372,46.130165],[-122.985576,46.130163],[-122.985625,46.130132],[-122.985631,46.130075],[-122.985761,46.130075]]]}},{"type":"Feature","properties":{"id":78,"area_m2":700,"px":7,"rank":46,"persistent":false},"geometry":{"type":"Polygon","coordinates":[[[-122.961954,46.11297],[-122.961954,46.113059],[-122.961872,46.113064],[-122.961828,46.113098],[-122.961824,46.113239],[-122.961695,46.113239],[-122.961694,46.112923],[-122.961654,46.112886],[-122.961566,46.112879],[-122.961566,46.112699],[-122.961695,46.112699],[-122.961708,46.112855],[-122.961824,46.112879],[-122.961859,46.11296],[-122.961954,46.11297]]]}},{"type":"Feature","properties":{"id":8,"area_m2":500,"px":5,"rank":47,"persistent":false},"geometry":{"type":"Polygon","coordinates":[[[-122.983559,46.134575],[-122.983559,46.134665],[-122.98317,46.134665],[-122.98317,46.134395],[-122.9833,46.134395],[-122.9833,46.134526],[-122.983334,46.134566],[-122.983559,46.134575]]]}},{"type":"Feature","properties":{"id":16,"area_m2":500,"px":5,"rank":48,"persistent":false},"geometry":{"type":"Polygon","coordinates":[[[-122.988867,46.133046],[-122.988867,46.133136],[-122.988772,46.133145],[-122.988737,46.13319],[-122.98875,46.133292],[-122.988867,46.133316],[-122.988867,46.133406],[-122.988737,46.133405],[-122.988715,46.133331],[-122.988608,46.133315],[-122.988608,46.133046],[-122.988867,46.133046]]]}},{"type":"Feature","properties":{"id":25,"area_m2":500,"px":5,"rank":49,"persistent":false},"geometry":{"type":"Polygon","coordinates":[[[-122.988997,46.131336],[-122.988997,46.131425],[-122.98889,46.131441],[-122.988867,46.131515],[-122.988738,46.131515],[-122.988729,46.131364],[-122.988683,46.131338],[-122.988608,46.131335],[-122.988608,46.131156],[-122.988738,46.131156],[-122.988738,46.131287],[-122.988772,46.131326],[-122.988997,46.131336]]]}},{"type":"Feature","properties":{"id":33,"area_m2":500,"px":5,"rank":50,"persistent":false},"geometry":{"type":"Polygon","coordinates":[[[-122.990291,46.129806],[-122.990291,46.129896],[-122.990033,46.129896],[-122.99001,46.129821],[-122.989903,46.129806],[-122.989903,46.129626],[-122.990162,46.129626],[-122.99015,46.129776],[-122.990197,46.129803],[-122.990291,46.129806]]]}},{"type":"Feature","properties":{"id":43,"area_m2":500,"px":5,"rank":51,"persistent":false},"geometry":{"type":"Polygon","coordinates":[[[-122.980067,46.124944],[-122.980067,46.125124],[-122.97996,46.12514],[-122.979937,46.125214],[-122.979678,46.125214],[-122.979678,46.125124],[-122.979785,46.125108],[-122.979808,46.125034],[-122.979924,46.12501],[-122.979937,46.124944],[-122.980067,46.124944]]]}},{"type":"Feature","properties":{"id":60,"area_m2":500,"px":5,"rank":52,"persistent":false},"geometry":{"type":"Polygon","coordinates":[[[-122.959492,46.117469],[-122.959491,46.117919],[-122.959362,46.117919],[-122.959362,46.117469],[-122.959492,46.117469]]]}},{"type":"Feature","properties":{"id":75,"area_m2":500,"px":5,"rank":53,"persistent":false},"geometry":{"type":"Polygon","coordinates":[[[-122.961694,46.114409],[-122.961694,46.114499],[-122.961476,46.114506],[-122.961438,46.114538],[-122.961435,46.114589],[-122.961176,46.114589],[-122.961176,46.114499],[-122.961283,46.114483],[-122.961306,46.114409],[-122.961694,46.114409]]]}},{"type":"Feature","properties":{"id":80,"area_m2":500,"px":5,"rank":54,"persistent":false},"geometry":{"type":"Polygon","coordinates":[[[-122.959107,46.112339],[-122.959107,46.112518],[-122.959001,46.112534],[-122.958978,46.112608],[-122.958848,46.112608],[-122.958849,46.112338],[-122.959107,46.112339]]]}},{"type":"Feature","properties":{"id":6,"area_m2":400,"px":4,"rank":55,"persistent":false},"geometry":{"type":"Polygon","coordinates":[[[-122.987183,46.134575],[-122.987183,46.134755],[-122.986925,46.134755],[-122.986925,46.134575],[-122.987183,46.134575]]]}},{"type":"Feature","properties":{"id":20,"area_m2":400,"px":4,"rank":56,"persistent":false},"geometry":{"type":"Polygon","coordinates":[[[-122.987702,46.132596],[-122.987702,46.132685],[-122.987574,46.132685],[-122.98755,46.132611],[-122.987443,46.132595],[-122.98744,46.132454],[-122.987395,46.13242],[-122.987314,46.132415],[-122.987314,46.132325],[-122.987443,46.132325],[-122.987466,46.1324],[-122.987572,46.132415],[-122.987582,46.132567],[-122.987627,46.132593],[-122.987702,46.132596]]]}},{"type":"Feature","properties":{"id":27,"area_m2":400,"px":4,"rank":57,"persistent":false},"geometry":{"type":"Polygon","coordinates":[[[-122.984854,46.131155],[-122.984854,46.131335],[-122.984595,46.131335],[-122.984595,46.131155],[-122.984854,46.131155]]]}},{"type":"Feature","properties":{"id":38,"area_m2":400,"px":4,"rank":58,"persistent":false},"geometry":{"type":"Polygon","coordinates":[[[-122.971911,46.128003],[-122.971911,46.128183],[-122.971781,46.128182],[-122.971758,46.128108],[-122.971652,46.128092],[-122.971617,46.128012],[-122.971522,46.128002],[-122.971522,46.127913],[-122.971652,46.127913],[-122.971658,46.127969],[-122.971707,46.128],[-122.971911,46.128003]]]}},{"type":"Feature","properties":{"id":67,"area_m2":400,"px":4,"rank":59,"persistent":false},"geometry":{"type":"Polygon","coordinates":[[[-122.965058,46.115941],[-122.965058,46.11612],[-122.964799,46.11612],[-122.964799,46.11594],[-122.965058,46.115941]]]}},{"type":"Feature","properties":{"id":68,"area_m2":400,"px":4,"rank":60,"persistent":false},"geometry":{"type":"Polygon","coordinates":[[[-122.964281,46.11594],[-122.964281,46.11603],[-122.964175,46.116046],[-122.964152,46.11612],[-122.964022,46.11612],[-122.964,46.116046],[-122.963893,46.11603],[-122.963893,46.11594],[-122.964281,46.11594]]]}},{"type":"Feature","properties":{"id":3,"area_m2":300,"px":3,"rank":61,"persistent":false},"geometry":{"type":"Polygon","coordinates":[[[-122.987054,46.135025],[-122.987054,46.135205],[-122.986925,46.135205],[-122.986902,46.135131],[-122.986795,46.135115],[-122.986795,46.135025],[-122.987054,46.135025]]]}},{"type":"Feature","properties":{"id":5,"area_m2":300,"px":3,"rank":62,"persistent":false},"geometry":{"type":"Polygon","coordinates":[[[-122.984724,46.134845],[-122.984724,46.134935],[-122.984465,46.134935],[-122.984465,46.134755],[-122.984594,46.134755],[-122.984617,46.134829],[-122.984724,46.134845]]]}},{"type":"Feature","properties":{"id":7,"area_m2":300,"px":3,"rank":63,"persistent":false},"geometry":{"type":"Polygon","coordinates":[[[-122.986148,46.134575],[-122.986148,46.134665],[-122.986018,46.134665],[-122.986015,46.134614],[-122.985977,46.134582],[-122.98576,46.134575],[-122.98576,46.134485],[-122.986018,46.134485],[-122.986041,46.134559],[-122.986148,46.134575]]]}},{"type":"Feature","properties":{"id":15,"area_m2":300,"px":3,"rank":64,"persistent":false},"geometry":{"type":"Polygon","coordinates":[[[-122.989255,46.133316],[-122.989255,46.133406],[-122.989128,46.133406],[-122.989103,46.133331],[-122.988996,46.133316],[-122.988996,46.133136],[-122.989126,46.133136],[-122.989135,46.133287],[-122.989181,46.133313],[-122.989255,46.133316]]]}},{"type":"Feature","properties":{"id":23,"area_m2":300,"px":3,"rank":65,"persistent":false},"geometry":{"type":"Polygon","coordinates":[[[-122.989126,46.131966],[-122.989126,46.132056],[-122.988867,46.132055],[-122.988844,46.131981],[-122.988738,46.131965],[-122.988738,46.131876],[-122.988867,46.131876],[-122.988873,46.131932],[-122.988922,46.131963],[-122.989126,46.131966]]]}},{"type":"Feature","properties":{"id":24,"area_m2":300,"px":3,"rank":66,"persistent":false},"geometry":{"type":"Polygon","coordinates":[[[-122.989773,46.131426],[-122.989773,46.131516],[-122.989667,46.131531],[-122.989644,46.131606],[-122.989514,46.131606],[-122.989514,46.131426],[-122.989773,46.131426]]]}},{"type":"Feature","properties":{"id":28,"area_m2":300,"px":3,"rank":67,"persistent":false},"geometry":{"type":"Polygon","coordinates":[[[-122.992103,46.130976],[-122.992103,46.131066],[-122.991997,46.131082],[-122.991974,46.131156],[-122.991845,46.131156],[-122.991845,46.130976],[-122.992103,46.130976]]]}},{"type":"Feature","properties":{"id":29,"area_m2":300,"px":3,"rank":68,"persistent":false},"geometry":{"type":"Polygon","coordinates":[[[-122.985372,46.130885],[-122.985372,46.130975],[-122.985265,46.130991],[-122.985242,46.131065],[-122.985113,46.131065],[-122.985113,46.130885],[-122.985372,46.130885]]]}},{"type":"Feature","properties":{"id":30,"area_m2":300,"px":3,"rank":69,"persistent":false},"geometry":{"type":"Polygon","coordinates":[[[-122.986667,46.130795],[-122.986666,46.130975],[-122.986408,46.130975],[-122.986408,46.130885],[-122.986514,46.130869],[-122.986537,46.130795],[-122.986667,46.130795]]]}},{"type":"Feature","properties":{"id":36,"area_m2":300,"px":3,"rank":70,"persistent":false},"geometry":{"type":"Polygon","coordinates":[[[-122.989644,46.129176],[-122.989644,46.129356],[-122.989515,46.129356],[-122.989492,46.129281],[-122.989385,46.129265],[-122.989385,46.129176],[-122.989644,46.129176]]]}},{"type":"Feature","properties":{"id":37,"area_m2":300,"px":3,"rank":71,"persistent":false},"geometry":{"type":"Polygon","coordinates":[[[-122.986408,46.128095],[-122.986408,46.128185],[-122.986205,46.128188],[-122.986155,46.128219],[-122.986149,46.128275],[-122.98602,46.128275],[-122.98602,46.128185],[-122.986127,46.128169],[-122.98615,46.128095],[-122.986408,46.128095]]]}},{"type":"Feature","properties":{"id":41,"area_m2":300,"px":3,"rank":72,"persistent":false},"geometry":{"type":"Polygon","coordinates":[[[-122.972688,46.125843],[-122.972688,46.125933],[-122.972582,46.125949],[-122.972559,46.126023],[-122.97243,46.126023],[-122.972407,46.125948],[-122.9723,46.125933],[-122.9723,46.125843],[-122.972429,46.125843],[-122.972491,46.125867],[-122.972559,46.125843],[-122.972688,46.125843]]]}},{"type":"Feature","properties":{"id":42,"area_m2":300,"px":3,"rank":73,"persistent":false},"geometry":{"type":"Polygon","coordinates":[[[-122.980714,46.125304],[-122.980714,46.125574],[-122.980584,46.125574],[-122.980584,46.125304],[-122.980714,46.125304]]]}},{"type":"Feature","properties":{"id":47,"area_m2":300,"px":3,"rank":74,"persistent":false},"geometry":{"type":"Polygon","coordinates":[[[-122.963889,46.12251],[-122.963889,46.1226],[-122.96363,46.1226],[-122.963607,46.122526],[-122.963501,46.12251],[-122.963501,46.12242],[-122.96363,46.12242],[-122.963636,46.122477],[-122.963685,46.122508],[-122.963889,46.12251]]]}},{"type":"Feature","properties":{"id":48,"area_m2":300,"px":3,"rank":75,"persistent":false},"geometry":{"type":"Polygon","coordinates":[[[-122.964407,46.12188],[-122.964407,46.12206],[-122.964148,46.12206],[-122.964148,46.12197],[-122.964255,46.121955],[-122.964278,46.12188],[-122.964407,46.12188]]]}},{"type":"Feature","properties":{"id":51,"area_m2":300,"px":3,"rank":76,"persistent":false},"geometry":{"type":"Polygon","coordinates":[[[-122.961043,46.120169],[-122.961043,46.120259],[-122.960784,46.120259],[-122.960761,46.120185],[-122.960655,46.120169],[-122.960655,46.120079],[-122.960784,46.120079],[-122.96079,46.120136],[-122.960839,46.120167],[-122.961043,46.120169]]]}},{"type":"Feature","properties":{"id":53,"area_m2":300,"px":3,"rank":77,"persistent":false},"geometry":{"type":"Polygon","coordinates":[[[-122.971268,46.119902],[-122.971267,46.120082],[-122.971009,46.120082],[-122.971009,46.119992],[-122.971115,46.119976],[-122.971138,46.119902],[-122.971268,46.119902]]]}},{"type":"Feature","properties":{"id":56,"area_m2":300,"px":3,"rank":78,"persistent":false},"geometry":{"type":"Polygon","coordinates":[[[-122.95949,46.119269],[-122.95949,46.119449],[-122.959361,46.119449],[-122.959338,46.119374],[-122.959232,46.119359],[-122.959232,46.119269],[-122.95949,46.119269]]]}},{"type":"Feature","properties":{"id":62,"area_m2":300,"px":3,"rank":79,"persistent":false},"geometry":{"type":"Polygon","coordinates":[[[-122.961304,46.116479],[-122.961304,46.116659],[-122.961175,46.116659],[-122.961152,46.116585],[-122.961046,46.116569],[-122.961046,46.116479],[-122.961304,46.116479]]]}},{"type":"Feature","properties":{"id":69,"area_m2":300,"px":3,"rank":80,"persistent":false},"geometry":{"type":"Polygon","coordinates":[[[-122.960269,46.115939],[-122.960269,46.116029],[-122.960011,46.116029],[-122.960011,46.115849],[-122.96014,46.115849],[-122.960163,46.115923],[-122.960269,46.115939]]]}},{"type":"Feature","properties":{"id":74,"area_m2":300,"px":3,"rank":81,"persistent":false},"geometry":{"type":"Polygon","coordinates":[[[-122.959234,46.115309],[-122.959234,46.115398],[-122.958976,46.115398],[-122.958953,46.115324],[-122.958846,46.115308],[-122.958846,46.115218],[-122.958976,46.115219],[-122.958982,46.115275],[-122.959031,46.115306],[-122.959234,46.115309]]]}}]}