{"type":"FeatureCollection","features":[{"type":"Feature","properties":{"id":15,"area_m2":1036500,"px":10365,"rank":1,"persistent":false},"geometry":{"type":"Polygon","coordinates":[[[-122.983949,46.128005],[-122.983949,46.128095],[-122.983364,46.128096],[-122.983311,46.128123],[-122.983302,46.128185],[-122.983172,46.128185],[-122.983104,46.128161],[-122.982926,46.128209],[-122.982913,46.128365],[-122.982825,46.128371],[-122.982785,46.128408],[-122.982785,46.128681],[-122.982825,46.128718],[-122.982913,46.128725],[-122.982942,46.128803],[-122.983043,46.128815],[-122.983071,46.128893],[-122.983172,46.128905],[-122.983172,46.128995],[-122.983065,46.129011],[-122.983042,46.129085],[-122.982913,46.129085],[-122.98291,46.12893],[-122.982823,46.128892],[-122.982672,46.128924],[-122.98262,46.129048],[-122.982667,46.129151],[-122.982784,46.129175],[-122.982812,46.129253],[-122.983172,46.129265],[-122.983172,46.129355],[-122.982915,46.129371],[-122.982893,46.129411],[-122.982913,46.129535],[-122.982729,46.129521],[-122.982671,46.129541],[-122.982619,46.129667],[-122.982654,46.129715],[-122.982654,46.129805],[-122.982525,46.129805],[-122.982456,46.129781],[-122.982321,46.129807],[-122.982272,46.129838],[-122.982265,46.129895],[-122.982154,46.129914],[-122.982101,46.130027],[-122.982136,46.130075],[-122.982136,46.130165],[-122.982029,46.13018],[-122.982006,46.130255],[-122.981888,46.130266],[-122.981801,46.130231],[-122.981728,46.130283],[-122.981768,46.130338],[-122.981877,46.130345],[-122.981877,46.130435],[-122.981843,46.130488],[-122.981877,46.130525],[-122.98188,46.130666],[-122.981939,46.130704],[-122.982101,46.130696],[-122.982138,46.130615],[-122.982265,46.130615],[-122.982271,46.130671],[-122.98232,46.130702],[-122.982591,46.130704],[-122.982645,46.130676],[-122.982654,46.130615],[-122.982913,46.130615],[-122.982989,46.130638],[-122.983143,46.130603],[-122.983172,46.130525],[-122.98343,46.130525],[-122.98343,46.130615],[-122.983321,46.130622],[-122.983281,46.130671],[-122.983319,46.130775],[-122.98343,46.130795],[-122.98343,46.130975],[-122.983324,46.130991],[-122.983301,46.131065],[-122.98307,46.131077],[-122.983042,46.131155],[-122.982926,46.131179],[-122.982912,46.131245],[-122.982721,46.131231],[-122.982655,46.131275],[-122.982655,46.131381],[-122.982688,46.131416],[-122.983171,46.131425],[-122.983171,46.131515],[-122.983076,46.131524],[-122.983042,46.131605],[-122.982967,46.131607],[-122.982921,46.131633],[-122.982912,46.131875],[-122.982785,46.131875],[-122.982782,46.131653],[-122.982742,46.131611],[-122.982577,46.131594],[-122.98253,46.131625],[-122.982524,46.131695],[-122.982395,46.131695],[-122.982393,46.131558],[-122.982347,46.131519],[-122.981888,46.131526],[-122.981816,46.131491],[-122.981754,46.131508],[-122.981736,46.131575],[-122.98179,46.131604],[-122.981866,46.131594],[-122.981877,46.131695],[-122.981652,46.131704],[-122.981585,46.131817],[-122.981618,46.131875],[-122.981618,46.131965],[-122.981583,46.132007],[-122.981618,46.132055],[-122.981618,46.132145],[-122.981509,46.132151],[-122.981468,46.132195],[-122.981488,46.132685],[-122.981387,46.132697],[-122.981358,46.132775],[-122.98127,46.132781],[-122.98123,46.132818],[-122.98123,46.133001],[-122.98127,46.133038],[-122.981358,46.133045],[-122.981358,46.133225],[-122.981099,46.133224],[-122.981096,46.133173],[-122.981058,46.133141],[-122.980841,46.133134],[-122.980841,46.132955],[-122.980915,46.132952],[-122.980961,46.132926],[-122.980981,46.132764],[-122.981159,46.132774],[-122.981216,46.132751],[-122.981229,46.13263],[-122.981196,46.13259],[-122.981005,46.132604],[-122.980959,46.132696],[-122.980794,46.132671],[-122.980739,46.132684],[-122.980712,46.132719],[-122.980711,46.132864],[-122.980604,46.13288],[-122.980582,46.132954],[-122.980323,46.132954],[-122.980343,46.132825],[-122.980315,46.132787],[-122.979935,46.132774],[-122.979912,46.13261],[-122.979676,46.132594],[-122.979653,46.13252],[-122.979546,46.132504],[-122.979566,46.132285],[-122.979539,46.132247],[-122.979158,46.132234],[-122.979158,46.132144],[-122.979265,46.132128],[-122.97932,46.132022],[-122.979288,46.131964],[-122.979288,46.131874],[-122.979805,46.131874],[-122.979874,46.131898],[-122.980044,46.131868],[-122.980084,46.131819],[-122.980036,46.131617],[-122.979676,46.131604],[-122.979695,46.131469],[-122.979626,46.131425],[-122.979452,46.131433],[-122.979417,46.131514],[-122.97879,46.131521],[-122.97875,46.13157],[-122.978803,46.131698],[-122.979158,46.131694],[-122.979158,46.131784],[-122.979077,46.131788],[-122.979032,46.131822],[-122.979029,46.131964],[-122.978922,46.13198],[-122.978899,46.132054],[-122.97864,46.132054],[-122.978623,46.131984],[-122.978511,46.131964],[-122.978476,46.131883],[-122.978381,46.131874],[-122.978353,46.131796],[-122.978123,46.131784],[-122.978117,46.131727],[-122.978067,46.131696],[-122.977898,46.131703],[-122.977863,46.131784],[-122.977605,46.131784],[-122.977605,46.131694],[-122.9777,46.131685],[-122.977734,46.131604],[-122.977816,46.1316],[-122.97786,46.131566],[-122.977864,46.131154],[-122.977945,46.13115],[-122.97799,46.131116],[-122.978028,46.131016],[-122.97798,46.130908],[-122.977916,46.130884],[-122.977087,46.130884],[-122.977081,46.130827],[-122.977032,46.130796],[-122.976699,46.130794],[-122.976676,46.13072],[-122.97657,46.130704],[-122.976556,46.130638],[-122.97644,46.130614],[-122.976412,46.130536],[-122.976311,46.130524],[-122.976311,46.130434],[-122.97644,46.130434],[-122.976453,46.1305],[-122.97657,46.130524],[-122.976575,46.13058],[-122.976618,46.13061],[-122.976958,46.130614],[-122.977019,46.130638],[-122.977087,46.130614],[-122.977217,46.130614],[-122.97723,46.13068],[-122.977346,46.130704],[-122.977352,46.13076],[-122.977394,46.13079],[-122.977727,46.130781],[-122.977754,46.130738],[-122.977713,46.130617],[-122.977659,46.1306],[-122.977476,46.130614],[-122.977463,46.130278],[-122.977346,46.130254],[-122.977341,46.130197],[-122.977298,46.130168],[-122.977088,46.130164],[-122.977088,46.130074],[-122.977194,46.130058],[-122.977217,46.129984],[-122.977346,46.129984],[-122.977408,46.130008],[-122.977476,46.129984],[-122.977605,46.129984],[-122.977609,46.130126],[-122.977675,46.130164],[-122.97783,46.130155],[-122.977864,46.130074],[-122.978251,46.130074],[-122.978259,46.130131],[-122.978308,46.130162],[-122.978511,46.130164],[-122.978573,46.130188],[-122.978641,46.130164],[-122.978832,46.130177],[-122.978894,46.130144],[-122.9789,46.130074],[-122.979159,46.130074],[-122.979168,46.130316],[-122.979221,46.130343],[-122.97937,46.13034],[-122.979417,46.130296],[-122.979418,46.130074],[-122.979492,46.130072],[-122.979538,46.130046],[-122.979547,46.129894],[-122.979659,46.129875],[-122.979677,46.129714],[-122.979758,46.12971],[-122.9798,46.129681],[-122.979826,46.12959],[-122.979799,46.129547],[-122.979616,46.12951],[-122.979452,46.129543],[-122.979418,46.129583],[-122.979418,46.129714],[-122.979311,46.12973],[-122.979288,46.129804],[-122.979159,46.129804],[-122.979098,46.12978],[-122.979029,46.129804],[-122.978641,46.129804],[-122.97864,46.129668],[-122.9786,46.12963],[-122.978123,46.129624],[-122.978122,46.129474],[-122.978077,46.129435],[-122.977899,46.129453],[-122.977864,46.129534],[-122.977735,46.129534],[-122.977722,46.129378],[-122.977606,46.129354],[-122.977571,46.129273],[-122.977476,46.129264],[-122.977487,46.129163],[-122.977571,46.129171],[-122.977623,46.129134],[-122.97761,46.129088],[-122.977545,46.12906],[-122.977465,46.129095],[-122.977267,46.129084],[-122.97721,46.129109],[-122.977221,46.129315],[-122.977265,46.12935],[-122.977347,46.129354],[-122.977347,46.129444],[-122.97724,46.12946],[-122.977217,46.129534],[-122.977088,46.129534],[-122.977065,46.12946],[-122.976958,46.129444],[-122.976924,46.129363],[-122.976829,46.129354],[-122.976811,46.129193],[-122.9767,46.129174],[-122.976665,46.129093],[-122.97657,46.129084],[-122.97657,46.128862],[-122.976536,46.128823],[-122.97612,46.1288],[-122.976058,46.128833],[-122.976052,46.128903],[-122.975794,46.128903],[-122.975794,46.128724],[-122.975875,46.128719],[-122.975917,46.12869],[-122.975923,46.128454],[-122.976005,46.128449],[-122.976047,46.12842],[-122.97603,46.128289],[-122.975849,46.128276],[-122.9758,46.128307],[-122.975794,46.128363],[-122.975664,46.128363],[-122.975642,46.128289],[-122.975535,46.128273],[-122.975501,46.128193],[-122.975406,46.128183],[-122.975388,46.128023],[-122.975276,46.128003],[-122.975242,46.127922],[-122.975147,46.127913],[-122.975145,46.127777],[-122.975099,46.127737],[-122.974888,46.127733],[-122.974827,46.127709],[-122.974759,46.127733],[-122.974629,46.127733],[-122.974553,46.12771],[-122.974399,46.127745],[-122.97437,46.127823],[-122.974241,46.127823],[-122.974235,46.127496],[-122.974186,46.127465],[-122.974052,46.127463],[-122.973985,46.127501],[-122.973982,46.127643],[-122.973875,46.127659],[-122.973852,46.127733],[-122.973736,46.127757],[-122.973723,46.127823],[-122.973578,46.127815],[-122.973593,46.127692],[-122.973559,46.127652],[-122.97341,46.127629],[-122.973347,46.127654],[-122.973344,46.127794],[-122.97348,46.127831],[-122.973464,46.128003],[-122.973383,46.128007],[-122.973338,46.128041],[-122.9733,46.128135],[-122.973334,46.128183],[-122.973334,46.128273],[-122.973109,46.128269],[-122.973077,46.128303],[-122.973076,46.128404],[-122.973117,46.128447],[-122.973205,46.128453],[-122.973205,46.128633],[-122.97317,46.128681],[-122.973205,46.128723],[-122.973218,46.128879],[-122.973275,46.128903],[-122.973463,46.128903],[-122.973481,46.128973],[-122.973593,46.128993],[-122.973627,46.129074],[-122.973722,46.129083],[-122.973751,46.129161],[-122.973981,46.129173],[-122.974004,46.129247],[-122.974111,46.129263],[-122.974114,46.129405],[-122.974158,46.129439],[-122.97424,46.129443],[-122.974253,46.129599],[-122.97431,46.129623],[-122.974499,46.129623],[-122.974508,46.129775],[-122.974554,46.129801],[-122.974628,46.129803],[-122.974628,46.129893],[-122.974499,46.129893],[-122.974481,46.129823],[-122.974369,46.129803],[-122.974335,46.129722],[-122.97424,46.129713],[-122.974212,46.129635],[-122.974111,46.129623],[-122.974082,46.129545],[-122.973981,46.129533],[-122.973953,46.129455],[-122.973852,46.129443],[-122.973823,46.129365],[-122.973722,46.129353],[-122.9737,46.129279],[-122.973463,46.129263],[-122.973441,46.129189],[-122.973334,46.129173],[-122.973321,46.129107],[-122.973205,46.129083],[-122.973176,46.129005],[-122.973075,46.128993],[-122.973075,46.128862],[-122.973047,46.128825],[-122.972816,46.128813],[-122.972794,46.128739],[-122.972687,46.128723],[-122.972653,46.128642],[-122.972558,46.128633],[-122.97253,46.128542],[-122.972299,46.128543],[-122.972276,46.128468],[-122.972169,46.128453],[-122.972169,46.128363],[-122.972276,46.128347],[-122.972299,46.128273],[-122.972488,46.128272],[-122.972545,46.128249],[-122.972593,46.12814],[-122.972545,46.128027],[-122.972429,46.128003],[-122.972394,46.127922],[-122.972299,46.127913],[-122.972271,46.127835],[-122.97217,46.127823],[-122.972141,46.127745],[-122.97204,46.127733],[-122.972007,46.127638],[-122.971782,46.127642],[-122.971776,46.127496],[-122.971734,46.127467],[-122.971652,46.127462],[-122.971624,46.127385],[-122.971393,46.127372],[-122.971387,46.127316],[-122.971338,46.127285],[-122.971134,46.127282],[-122.971135,46.127192],[-122.971241,46.127177],[-122.971264,46.127102],[-122.97138,46.127078],[-122.971394,46.127012],[-122.971523,46.127013],[-122.971536,46.127078],[-122.971652,46.127103],[-122.971656,46.127154],[-122.971693,46.127186],[-122.971836,46.127206],[-122.971894,46.127186],[-122.971902,46.127041],[-122.971856,46.127015],[-122.971782,46.127012],[-122.971747,46.126932],[-122.971652,46.126922],[-122.971652,46.126833],[-122.971727,46.12683],[-122.971773,46.126804],[-122.971782,46.126653],[-122.971971,46.126652],[-122.972023,46.126633],[-122.972041,46.126473],[-122.97217,46.126473],[-122.972176,46.126529],[-122.972225,46.12656],[-122.972429,46.126563],[-122.972447,46.126633],[-122.972558,46.126653],[-122.972572,46.126719],[-122.972688,46.126743],[-122.972691,46.126794],[-122.972729,46.126826],[-122.972994,46.126847],[-122.973054,46.12683],[-122.973076,46.126653],[-122.973111,46.12661],[-122.973076,46.126562],[-122.973109,46.126415],[-122.973042,46.126302],[-122.972818,46.126293],[-122.972818,46.126023],[-122.972947,46.126023],[-122.97296,46.126179],[-122.973076,46.126203],[-122.973111,46.126284],[-122.973206,46.126293],[-122.973234,46.126371],[-122.973335,46.126383],[-122.973364,46.126461],[-122.973465,46.126473],[-122.973493,46.126551],[-122.973648,46.126587],[-122.973705,46.126576],[-122.973757,46.12651],[-122.973724,46.126473],[-122.973715,46.126322],[-122.973669,46.126295],[-122.973594,46.126293],[-122.973594,46.125934],[-122.973724,46.125933],[-122.973747,46.126007],[-122.973853,46.126023],[-122.973866,46.126089],[-122.973983,46.126113],[-122.974011,46.126191],[-122.974112,46.126203],[-122.974092,46.126327],[-122.974114,46.126367],[-122.974371,46.126383],[-122.974394,46.126457],[-122.9745,46.126473],[-122.974513,46.126539],[-122.97463,46.126563],[-122.974658,46.126641],[-122.974759,46.126653],[-122.974759,46.126798],[-122.974786,46.126834],[-122.975018,46.126833],[-122.975021,46.126898],[-122.975064,46.126932],[-122.975277,46.126923],[-122.97528,46.126975],[-122.975318,46.127007],[-122.975535,46.127013],[-122.975558,46.127268],[-122.975794,46.127284],[-122.975807,46.127349],[-122.975924,46.127374],[-122.97593,46.12743],[-122.975972,46.127459],[-122.976182,46.127464],[-122.976186,46.127605],[-122.97623,46.127639],[-122.976312,46.127644],[-122.976329,46.127817],[-122.976387,46.127837],[-122.976571,46.127824],[-122.976593,46.127898],[-122.9767,46.127914],[-122.976713,46.12834],[-122.976829,46.128364],[-122.976864,46.128445],[-122.976959,46.128454],[-122.976987,46.128531],[-122.977088,46.128544],[-122.977117,46.128621],[-122.977218,46.128634],[-122.977217,46.128724],[-122.977183,46.128772],[-122.977235,46.128884],[-122.977288,46.128904],[-122.977428,46.1289],[-122.977471,46.12887],[-122.977477,46.128814],[-122.977593,46.12879],[-122.977606,46.128724],[-122.97768,46.128722],[-122.977726,46.128695],[-122.977736,46.128454],[-122.977983,46.128443],[-122.978017,46.128528],[-122.978163,46.128557],[-122.97822,46.128548],[-122.978253,46.128509],[-122.978236,46.128384],[-122.978183,46.128364],[-122.978005,46.128375],[-122.977994,46.128275],[-122.978083,46.128268],[-122.978122,46.12823],[-122.978124,46.127914],[-122.978159,46.127871],[-122.978124,46.127824],[-122.978124,46.127734],[-122.978206,46.12773],[-122.978248,46.127701],[-122.978265,46.127494],[-122.978226,46.127468],[-122.978063,46.12744],[-122.977995,46.127464],[-122.977736,46.127464],[-122.977733,46.127412],[-122.977695,46.12738],[-122.977477,46.127374],[-122.977477,46.127284],[-122.977579,46.12728],[-122.977624,46.127244],[-122.977607,46.127014],[-122.977713,46.126998],[-122.977769,46.126892],[-122.977736,46.126834],[-122.977736,46.126654],[-122.977866,46.126654],[-122.977879,46.12672],[-122.977995,46.126744],[-122.977998,46.126796],[-122.978036,46.126828],[-122.978254,46.126834],[-122.978271,46.126904],[-122.978383,46.126924],[-122.978401,46.126994],[-122.978513,46.127014],[-122.978526,46.12708],[-122.97859,46.127104],[-122.978743,46.127092],[-122.978772,46.127014],[-122.978873,46.127002],[-122.978901,46.126924],[-122.979002,46.126912],[-122.979031,46.126834],[-122.979132,46.126822],[-122.97916,46.126744],[-122.979255,46.126735],[-122.979289,46.12669],[-122.979272,46.126584],[-122.97916,46.126564],[-122.979126,46.126483],[-122.979031,46.126474],[-122.979002,46.126396],[-122.978901,46.126384],[-122.978873,46.126306],[-122.978772,46.126294],[-122.978743,46.126216],[-122.978643,46.126204],[-122.978614,46.126126],[-122.978513,46.126114],[-122.978485,46.126036],[-122.978323,46.126],[-122.978254,46.126024],[-122.977995,46.126024],[-122.977973,46.12595],[-122.977866,46.125934],[-122.977853,46.125778],[-122.977737,46.125754],[-122.977702,46.125673],[-122.977607,46.125664],[-122.977619,46.125423],[-122.977573,46.125396],[-122.977478,46.125394],[-122.977449,46.125316],[-122.977219,46.125304],[-122.97721,46.125242],[-122.977157,46.125215],[-122.976776,46.1252],[-122.97671,46.125229],[-122.976667,46.125351],[-122.976719,46.125464],[-122.976831,46.125484],[-122.976844,46.12555],[-122.97696,46.125574],[-122.976994,46.125655],[-122.977219,46.125664],[-122.977225,46.12572],[-122.977274,46.125751],[-122.977478,46.125754],[-122.977487,46.125995],[-122.977533,46.126021],[-122.977607,46.126024],[-122.977641,46.126105],[-122.977736,46.126115],[-122.977736,46.126204],[-122.977641,46.126213],[-122.977607,46.126294],[-122.977533,46.126296],[-122.977487,46.126322],[-122.977477,46.126474],[-122.977348,46.126472],[-122.977348,46.126294],[-122.977455,46.126278],[-122.97751,46.126172],[-122.977468,46.126052],[-122.977422,46.126026],[-122.977348,46.126024],[-122.977342,46.125967],[-122.9773,46.125938],[-122.977089,46.125934],[-122.977086,46.125882],[-122.977048,46.12585],[-122.976878,46.125848],[-122.976836,46.125877],[-122.97683,46.125934],[-122.976627,46.125936],[-122.976577,46.125967],[-122.976571,46.126024],[-122.976355,46.126025],[-122.976295,46.126063],[-122.976316,46.126179],[-122.976359,46.126213],[-122.976701,46.126204],[-122.976701,46.126515],[-122.976742,46.126557],[-122.97683,46.126564],[-122.97683,46.126834],[-122.976701,46.126834],[-122.976678,46.126759],[-122.976571,46.126744],[-122.976554,46.126673],[-122.976442,46.126654],[-122.976407,46.126573],[-122.976312,46.126563],[-122.976284,46.126486],[-122.976183,46.126473],[-122.976155,46.126396],[-122.976054,46.126383],[-122.976025,46.126306],[-122.975924,46.126293],[-122.975896,46.126216],[-122.975795,46.126203],[-122.975766,46.126126],[-122.975536,46.126113],[-122.975523,46.126047],[-122.975407,46.126023],[-122.975378,46.125946],[-122.975148,46.125933],[-122.975125,46.125859],[-122.975018,46.125843],[-122.975017,46.125617],[-122.974977,46.12558],[-122.974889,46.125573],[-122.974889,46.125483],[-122.974996,46.125467],[-122.975019,46.125393],[-122.975151,46.125373],[-122.975142,46.125247],[-122.9751,46.125217],[-122.975019,46.125213],[-122.974984,46.125132],[-122.974889,46.125123],[-122.974886,46.125072],[-122.974848,46.12504],[-122.974501,46.125033],[-122.974478,46.124959],[-122.974372,46.124943],[-122.974372,46.124853],[-122.974405,46.1248],[-122.974359,46.124697],[-122.974294,46.124673],[-122.974168,46.124675],[-122.974119,46.124706],[-122.974113,46.124943],[-122.973895,46.124949],[-122.973857,46.124981],[-122.973852,46.125033],[-122.973724,46.125032],[-122.973724,46.124943],[-122.973806,46.124939],[-122.97385,46.124905],[-122.973845,46.124792],[-122.973709,46.124755],[-122.973723,46.124703],[-122.973685,46.124666],[-122.973627,46.124661],[-122.973576,46.124686],[-122.973563,46.124731],[-122.973611,46.124771],[-122.973595,46.124853],[-122.973493,46.124857],[-122.973447,46.124898],[-122.973465,46.125123],[-122.973377,46.125129],[-122.973336,46.125172],[-122.973349,46.125279],[-122.973465,46.125303],[-122.973465,46.125483],[-122.973336,46.125483],[-122.97333,46.125426],[-122.973281,46.125395],[-122.973077,46.125393],[-122.973071,46.125336],[-122.973029,46.125307],[-122.972818,46.125303],[-122.972801,46.125142],[-122.972606,46.125113],[-122.972561,46.125153],[-122.972561,46.125259],[-122.9726,46.125296],[-122.972704,46.12531],[-122.972689,46.125393],[-122.972081,46.125386],[-122.972045,46.125417],[-122.972041,46.125483],[-122.97194,46.125495],[-122.971912,46.125572],[-122.971811,46.125585],[-122.971782,46.125662],[-122.971681,46.125675],[-122.971653,46.125752],[-122.971552,46.125765],[-122.971523,46.125842],[-122.971422,46.125855],[-122.971394,46.125932],[-122.971299,46.125941],[-122.971264,46.126022],[-122.971153,46.126042],[-122.971135,46.126202],[-122.971034,46.126215],[-122.971005,46.126292],[-122.970911,46.126301],[-122.970876,46.126382],[-122.970794,46.126386],[-122.97075,46.126421],[-122.970752,46.126529],[-122.970794,46.126558],[-122.970876,46.126562],[-122.970876,46.126652],[-122.970746,46.126652],[-122.970685,46.126628],[-122.970615,46.126652],[-122.970358,46.126652],[-122.970297,46.126628],[-122.970229,46.126652],[-122.96997,46.126652],[-122.96997,46.126382],[-122.970044,46.12638],[-122.97009,46.126354],[-122.9701,46.126202],[-122.970448,46.126209],[-122.970487,46.126167],[-122.970475,46.126046],[-122.970418,46.126022],[-122.970162,46.126023],[-122.970109,46.126051],[-122.970089,46.126123],[-122.96997,46.126112],[-122.969957,46.126046],[-122.969841,46.126022],[-122.969837,46.12597],[-122.9698,46.125938],[-122.969506,46.125921],[-122.969454,46.125962],[-122.969453,46.126153],[-122.969493,46.126196],[-122.969582,46.126202],[-122.969582,46.126292],[-122.969452,46.126292],[-122.969429,46.126218],[-122.969323,46.126202],[-122.969288,46.126121],[-122.969193,46.126111],[-122.969194,46.125842],[-122.969288,46.125833],[-122.969323,46.125752],[-122.969397,46.12575],[-122.969443,46.125723],[-122.969443,46.12551],[-122.969398,46.125484],[-122.969323,46.125482],[-122.969289,46.125401],[-122.969194,46.125392],[-122.969165,46.125314],[-122.969065,46.125302],[-122.969036,46.125224],[-122.968935,46.125212],[-122.968901,46.125131],[-122.968676,46.125122],[-122.968654,46.125048],[-122.968547,46.125032],[-122.968529,46.124961],[-122.968418,46.124942],[-122.968383,46.124861],[-122.968288,46.124852],[-122.96826,46.124774],[-122.968159,46.124761],[-122.968162,46.124602],[-122.968029,46.124581],[-122.96803,46.124402],[-122.96813,46.124389],[-122.968159,46.124312],[-122.968254,46.124302],[-122.968289,46.124222],[-122.96837,46.124217],[-122.968412,46.124188],[-122.968453,46.124089],[-122.968418,46.124042],[-122.968418,46.123862],[-122.968609,46.123875],[-122.968671,46.123842],[-122.968697,46.123648],[-122.968675,46.123608],[-122.968548,46.123592],[-122.968542,46.123535],[-122.9685,46.123506],[-122.968289,46.123501],[-122.96822,46.123477],[-122.968053,46.123517],[-122.96803,46.123591],[-122.967914,46.123615],[-122.9679,46.123681],[-122.967642,46.123681],[-122.967573,46.123657],[-122.967424,46.123688],[-122.967386,46.12372],[-122.967383,46.123771],[-122.967282,46.123784],[-122.967253,46.123861],[-122.967158,46.12387],[-122.967124,46.123951],[-122.967042,46.123955],[-122.966998,46.12399],[-122.967007,46.124107],[-122.967123,46.124131],[-122.967123,46.124311],[-122.967017,46.124327],[-122.966994,46.124401],[-122.966735,46.124401],[-122.966712,46.124327],[-122.966606,46.124311],[-122.966593,46.124155],[-122.966476,46.124131],[-122.966442,46.12405],[-122.966347,46.124041],[-122.966319,46.123963],[-122.966218,46.123951],[-122.966189,46.123873],[-122.966088,46.123861],[-122.966088,46.123771],[-122.966421,46.123769],[-122.966471,46.123738],[-122.966477,46.123681],[-122.966606,46.123681],[-122.966667,46.123705],[-122.966736,46.123681],[-122.966948,46.12369],[-122.966994,46.123646],[-122.966972,46.123517],[-122.966606,46.123501],[-122.9666,46.123444],[-122.966558,46.123415],[-122.966218,46.123411],[-122.966157,46.123387],[-122.965987,46.123423],[-122.965959,46.123501],[-122.96583,46.123501],[-122.965826,46.123449],[-122.965789,46.123417],[-122.965571,46.123411],[-122.965558,46.123345],[-122.965442,46.123321],[-122.965438,46.123269],[-122.9654,46.123237],[-122.965053,46.123231],[-122.965044,46.123079],[-122.964998,46.123053],[-122.964924,46.123051],[-122.964906,46.12289],[-122.964795,46.12287],[-122.964795,46.122601],[-122.964829,46.122553],[-122.964795,46.12251],[-122.964814,46.122376],[-122.96476,46.122333],[-122.964312,46.122339],[-122.964279,46.122374],[-122.964279,46.122467],[-122.964318,46.122504],[-122.964406,46.12251],[-122.964406,46.12269],[-122.964193,46.122668],[-122.964041,46.122706],[-122.964018,46.12278],[-122.963889,46.12278],[-122.963889,46.12269],[-122.964005,46.122666],[-122.964018,46.122559],[-122.963977,46.122517],[-122.963889,46.12251],[-122.96386,46.122432],[-122.96363,46.12242],[-122.963617,46.122354],[-122.963501,46.12233],[-122.963497,46.122265],[-122.963454,46.122231],[-122.963242,46.12224],[-122.963229,46.122174],[-122.963112,46.12215],[-122.963109,46.122098],[-122.963071,46.122066],[-122.962724,46.12206],[-122.962721,46.122008],[-122.962683,46.121976],[-122.962465,46.12197],[-122.962466,46.1217],[-122.9625,46.121657],[-122.962466,46.12161],[-122.962466,46.12152],[-122.962595,46.12152],[-122.962656,46.121544],[-122.962725,46.12152],[-122.96293,46.121531],[-122.96298,46.121495],[-122.962983,46.121389],[-122.962942,46.121346],[-122.962854,46.12134],[-122.962826,46.121262],[-122.962725,46.12125],[-122.962696,46.121172],[-122.962595,46.12116],[-122.962567,46.121082],[-122.962466,46.12107],[-122.962443,46.120996],[-122.962337,46.12098],[-122.96232,46.120806],[-122.962262,46.120786],[-122.961949,46.1208],[-122.961945,46.120748],[-122.961907,46.120716],[-122.96169,46.120709],[-122.961667,46.120635],[-122.96156,46.120619],[-122.961568,46.120464],[-122.961526,46.120442],[-122.961431,46.120439],[-122.961422,46.120378],[-122.961369,46.12035],[-122.961076,46.120345],[-122.961043,46.120439],[-122.960961,46.120443],[-122.960919,46.120473],[-122.960913,46.120619],[-122.960784,46.120619],[-122.960761,46.120545],[-122.960654,46.120529],[-122.960655,46.12008],[-122.960689,46.120031],[-122.960642,46.119923],[-122.960585,46.119899],[-122.960437,46.119905],[-122.960397,46.119943],[-122.960396,46.120079],[-122.960267,46.120079],[-122.960244,46.119915],[-122.960008,46.119899],[-122.960008,46.119719],[-122.96011,46.119715],[-122.960154,46.119679],[-122.960124,46.119563],[-122.960067,46.119539],[-122.959879,46.119539],[-122.959898,46.119415],[-122.959877,46.119375],[-122.95962,46.119359],[-122.959597,46.119285],[-122.959491,46.119269],[-122.959491,46.119089],[-122.95962,46.119089],[-122.959629,46.119164],[-122.959695,46.119193],[-122.95985,46.119167],[-122.959879,46.119089],[-122.960063,46.119103],[-122.960121,46.119082],[-122.960138,46.118639],[-122.960245,46.118623],[-122.960268,46.118549],[-122.960384,46.118525],[-122.960397,46.118459],[-122.960633,46.118443],[-122.960656,46.118279],[-122.960763,46.118263],[-122.960786,46.118189],[-122.961432,46.118189],[-122.961432,46.118369],[-122.961344,46.118376],[-122.961304,46.118413],[-122.961303,46.118639],[-122.961201,46.118644],[-122.961156,46.118679],[-122.961173,46.118909],[-122.961061,46.118929],[-122.961044,46.119089],[-122.960955,46.119096],[-122.960916,46.119133],[-122.960899,46.119235],[-122.960949,46.119267],[-122.961043,46.119269],[-122.961043,46.119359],[-122.960937,46.119375],[-122.960914,46.119449],[-122.960684,46.119461],[-122.960655,46.119498],[-122.960658,46.119591],[-122.960703,46.119625],[-122.960784,46.119629],[-122.960785,46.11976],[-122.960813,46.119797],[-122.961173,46.119809],[-122.961186,46.119875],[-122.961302,46.119899],[-122.961308,46.119956],[-122.961357,46.119987],[-122.961526,46.11998],[-122.961563,46.119899],[-122.96169,46.1199],[-122.961699,46.119961],[-122.961753,46.119988],[-122.962078,46.11999],[-122.962147,46.120014],[-122.962309,46.119977],[-122.962337,46.119941],[-122.962324,46.119834],[-122.962208,46.11981],[-122.962202,46.119753],[-122.96216,46.119724],[-122.961949,46.119719],[-122.961946,46.119578],[-122.961901,46.119544],[-122.96182,46.119539],[-122.96182,46.11945],[-122.961921,46.119437],[-122.96195,46.11936],[-122.962044,46.11935],[-122.962079,46.11927],[-122.962195,46.119246],[-122.962209,46.119],[-122.962315,46.118984],[-122.962338,46.11891],[-122.962556,46.118903],[-122.962594,46.118871],[-122.962597,46.11882],[-122.962856,46.11882],[-122.962878,46.118894],[-122.963001,46.118918],[-122.962985,46.118965],[-122.963012,46.119001],[-122.963075,46.119013],[-122.963129,46.118991],[-122.963147,46.118942],[-122.963099,46.118902],[-122.963099,46.118468],[-122.963216,46.118448],[-122.963244,46.11837],[-122.963345,46.118358],[-122.963374,46.11828],[-122.963462,46.118274],[-122.963503,46.118231],[-122.963494,46.118129],[-122.963448,46.118102],[-122.963374,46.1181],[-122.963346,46.118022],[-122.963115,46.11801],[-122.963109,46.117953],[-122.96306,46.117922],[-122.962856,46.11792],[-122.962834,46.117846],[-122.962727,46.11783],[-122.962693,46.117749],[-122.962598,46.11774],[-122.962598,46.117434],[-122.962575,46.117396],[-122.96228,46.11738],[-122.962219,46.117408],[-122.962175,46.117512],[-122.962209,46.11756],[-122.962213,46.117881],[-122.962257,46.117916],[-122.962339,46.11792],[-122.962373,46.118001],[-122.962468,46.11801],[-122.962491,46.118174],[-122.962597,46.11819],[-122.96261,46.118256],[-122.962727,46.11828],[-122.96273,46.118331],[-122.962768,46.118363],[-122.962985,46.11837],[-122.963001,46.118452],[-122.96208,46.11846],[-122.962057,46.118385],[-122.96195,46.118369],[-122.961916,46.118289],[-122.961821,46.118279],[-122.961821,46.11801],[-122.961895,46.118007],[-122.961941,46.117981],[-122.961945,46.117863],[-122.961888,46.117831],[-122.961692,46.117829],[-122.961692,46.117739],[-122.961726,46.117692],[-122.961683,46.117588],[-122.961637,46.117562],[-122.961563,46.117559],[-122.961528,46.117478],[-122.961433,46.117469],[-122.961432,46.117153],[-122.961392,46.117116],[-122.961304,46.117109],[-122.961304,46.116929],[-122.961339,46.116887],[-122.961319,46.116848],[-122.961243,46.116815],[-122.961175,46.116839],[-122.960916,46.116839],[-122.960903,46.116593],[-122.960787,46.116569],[-122.960769,46.116499],[-122.960657,46.116479],[-122.96064,46.116409],[-122.960528,46.116389],[-122.96051,46.116319],[-122.960399,46.116299],[-122.960381,46.116229],[-122.960269,46.116209],[-122.960256,46.116143],[-122.96014,46.116119],[-122.960137,46.116067],[-122.960099,46.116035],[-122.959949,46.116005],[-122.959881,46.116029],[-122.959622,46.116029],[-122.959609,46.115963],[-122.959493,46.115939],[-122.959487,46.115882],[-122.959445,46.115853],[-122.959105,46.115848],[-122.959099,46.115792],[-122.95905,46.115761],[-122.958662,46.115745],[-122.95859,46.115783],[-122.958587,46.115938],[-122.958492,46.115947],[-122.958457,46.116028],[-122.958376,46.116032],[-122.958334,46.116062],[-122.958328,46.11616],[-122.958356,46.116196],[-122.958518,46.116232],[-122.958589,46.116208],[-122.959234,46.116209],[-122.959262,46.116286],[-122.959418,46.116312],[-122.959484,46.116283],[-122.959493,46.116209],[-122.959622,46.116209],[-122.959625,46.11626],[-122.959663,46.116292],[-122.959881,46.116299],[-122.959881,46.11643],[-122.959915,46.11647],[-122.96014,46.116479],[-122.960145,46.116536],[-122.960195,46.116567],[-122.960398,46.116569],[-122.960407,46.11681],[-122.960461,46.116838],[-122.960657,46.116839],[-122.960657,46.116929],[-122.96055,46.116945],[-122.960527,46.117019],[-122.959882,46.117019],[-122.959877,46.116967],[-122.959839,46.116935],[-122.959492,46.116929],[-122.959483,46.116867],[-122.95943,46.11684],[-122.959268,46.116848],[-122.959231,46.116929],[-122.958716,46.116928],[-122.95871,46.116872],[-122.958668,46.116842],[-122.958459,46.116855],[-122.958437,46.116894],[-122.95847,46.116994],[-122.958586,46.117018],[-122.958621,46.117099],[-122.958715,46.117108],[-122.95875,46.117189],[-122.958919,46.117196],[-122.958968,46.117165],[-122.958974,46.117109],[-122.959104,46.117109],[-122.959126,46.117183],[-122.959233,46.117199],[-122.959268,46.117279],[-122.959362,46.117289],[-122.959366,46.11752],[-122.95941,46.117555],[-122.959492,46.11756],[-122.959492,46.117739],[-122.959417,46.117741],[-122.959371,46.117767],[-122.959362,46.117919],[-122.958715,46.117918],[-122.958712,46.117327],[-122.958653,46.117289],[-122.958457,46.117288],[-122.958447,46.117227],[-122.958394,46.117199],[-122.957947,46.117211],[-122.957919,46.117249],[-122.957939,46.117468],[-122.957832,46.117484],[-122.957809,46.117558],[-122.957551,46.117558],[-122.957545,46.117488],[-122.95749,46.117455],[-122.957232,46.117468],[-122.957171,46.117496],[-122.957162,46.117558],[-122.95705,46.117578],[-122.957033,46.117648],[-122.956774,46.117648],[-122.956751,46.117573],[-122.956645,46.117558],[-122.95661,46.117477],[-122.956515,46.117468],[-122.956516,46.117108],[-122.956645,46.117108],[-122.956658,46.117174],[-122.956774,46.117198],[-122.956778,46.117249],[-122.956815,46.117281],[-122.956963,46.117287],[-122.957024,46.117259],[-122.957033,46.117198],[-122.957107,46.117195],[-122.957153,46.117169],[-122.957159,46.117056],[-122.957115,46.117022],[-122.957033,46.117018],[-122.956999,46.116937],[-122.956904,46.116928],[-122.956875,46.11685],[-122.956775,46.116838],[-122.95674,46.116757],[-122.956516,46.116748],[-122.956493,46.116673],[-122.956386,46.116657],[-122.956377,46.116506],[-122.956331,46.11648],[-122.956257,46.116477],[-122.956223,46.116397],[-122.956128,46.116387],[-122.956099,46.11631],[-122.955998,46.116297],[-122.955995,46.116156],[-122.955951,46.116121],[-122.955869,46.116117],[-122.955869,46.116027],[-122.956075,46.116038],[-122.956122,46.116008],[-122.956139,46.115926],[-122.956273,46.115945],[-122.956259,46.116164],[-122.956298,46.116201],[-122.956387,46.116208],[-122.9564,46.116364],[-122.956457,46.116387],[-122.956775,46.116388],[-122.95678,46.116458],[-122.956835,46.11649],[-122.957237,46.116476],[-122.957287,46.116445],[-122.957293,46.116388],[-122.957999,46.116388],[-122.958069,46.116339],[-122.958063,46.116151],[-122.958021,46.116122],[-122.95794,46.116118],[-122.95794,46.115627],[-122.957892,46.115582],[-122.957602,46.115578],[-122.957544,46.115603],[-122.957552,46.116028],[-122.957445,46.116044],[-122.957422,46.116118],[-122.957034,46.116118],[-122.957021,46.116052],[-122.956905,46.116028],[-122.956899,46.115958],[-122.956844,46.115925],[-122.956371,46.11593],[-122.956387,46.115848],[-122.956475,46.115841],[-122.956515,46.115804],[-122.956501,46.115675],[-122.956551,46.11562],[-122.956492,46.115567],[-122.9564,46.115588],[-122.956403,46.11566],[-122.956275,46.115687],[-122.956258,46.115757],[-122.956146,46.115777],[-122.956117,46.115858],[-122.955999,46.115847],[-122.95599,46.115696],[-122.955944,46.11567],[-122.95587,46.115667],[-122.95587,46.115487],[-122.955972,46.115483],[-122.956018,46.115442],[-122.955999,46.115217],[-122.956088,46.115211],[-122.956128,46.115169],[-122.956123,46.114981],[-122.956081,46.114951],[-122.956,46.114947],[-122.956,46.114677],[-122.956094,46.114675],[-122.956137,46.114652],[-122.956129,46.114497],[-122.956236,46.114482],[-122.95627,46.114396],[-122.956592,46.114405],[-122.956641,46.114374],[-122.956647,46.114318],[-122.956754,46.114302],[-122.956796,46.114193],[-122.956756,46.114144],[-122.956573,46.11414],[-122.956524,46.114171],[-122.956518,46.114227],[-122.9563,46.114234],[-122.956248,46.114328],[-122.956041,46.114324],[-122.956003,46.114356],[-122.956,46.114407],[-122.955884,46.114431],[-122.95587,46.114497],[-122.955759,46.114517],[-122.955741,46.114587],[-122.955634,46.114603],[-122.955611,46.114857],[-122.955516,46.114866],[-122.955482,46.114947],[-122.955365,46.114971],[-122.955352,46.115127],[-122.955271,46.115131],[-122.955226,46.115165],[-122.955223,46.115307],[-122.955141,46.115311],[-122.955099,46.11534],[-122.955094,46.115804],[-122.955134,46.115841],[-122.955222,46.115847],[-122.955251,46.115925],[-122.955352,46.115937],[-122.955351,46.116027],[-122.955317,46.11607],[-122.955351,46.116117],[-122.955351,46.116297],[-122.955093,46.116297],[-122.955031,46.116273],[-122.954961,46.116297],[-122.954492,46.116288],[-122.954449,46.116322],[-122.954445,46.116387],[-122.954257,46.116387],[-122.9542,46.116411],[-122.954186,46.116567],[-122.954105,46.116571],[-122.95406,46.116605],[-122.954057,46.116747],[-122.953798,46.116746],[-122.95377,46.116669],[-122.953615,46.116633],[-122.953537,46.116656],[-122.95341,46.116656],[-122.953349,46.116632],[-122.953278,46.116656],[-122.953022,46.116656],[-122.952961,46.116632],[-122.952892,46.116656],[-122.952763,46.116656],[-122.952702,46.116632],[-122.952633,46.116656],[-122.952504,46.116656],[-122.952501,46.116604],[-122.952463,46.116572],[-122.952245,46.116566],[-122.952245,46.116386],[-122.952504,46.116386],[-122.952588,46.116409],[-122.95274,46.11637],[-122.952763,46.116296],[-122.952999,46.11628],[-122.953022,46.116026],[-122.953151,46.116026],[-122.953161,46.116088],[-122.953214,46.116115],[-122.95354,46.116116],[-122.953562,46.116191],[-122.953669,46.116207],[-122.953681,46.116466],[-122.953744,46.11649],[-122.95388,46.116472],[-122.953926,46.116433],[-122.953928,46.116297],[-122.954246,46.116296],[-122.954313,46.116258],[-122.954319,46.116137],[-122.954266,46.116117],[-122.954057,46.116117],[-122.954057,46.116027],[-122.954288,46.116014],[-122.954316,46.115937],[-122.954411,46.115928],[-122.954446,46.115847],[-122.954558,46.115827],[-122.954575,46.115757],[-122.954893,46.115757],[-122.95495,46.115733],[-122.954963,46.115356],[-122.954909,46.115309],[-122.954775,46.115307],[-122.954723,46.115327],[-122.954705,46.115487],[-122.954598,46.115503],[-122.954575,46.115577],[-122.954317,46.115577],[-122.954311,46.11552],[-122.954269,46.115491],[-122.953968,46.11548],[-122.95393,46.115516],[-122.953928,46.115666],[-122.953799,46.115666],[-122.953793,46.11561],[-122.953744,46.115579],[-122.95354,46.115576],[-122.95354,46.115486],[-122.953635,46.115477],[-122.95367,46.115396],[-122.953786,46.115372],[-122.953799,46.115217],[-122.954574,46.115217],[-122.954644,46.115241],[-122.954738,46.115185],[-122.954688,46.115057],[-122.954576,46.115037],[-122.954588,46.114796],[-122.954541,46.114769],[-122.954447,46.114767],[-122.954438,46.114525],[-122.954392,46.114499],[-122.954318,46.114497],[-122.954283,46.114416],[-122.954188,46.114407],[-122.954189,46.113777],[-122.954318,46.113777],[-122.954341,46.113851],[-122.954493,46.113889],[-122.954686,46.11386],[-122.954726,46.113816],[-122.954707,46.113597],[-122.954836,46.113597],[-122.954905,46.113621],[-122.954965,46.113597],[-122.955319,46.113588],[-122.955354,46.113507],[-122.955435,46.113503],[-122.955477,46.113474],[-122.955483,46.113327],[-122.95559,46.113311],[-122.955613,46.113237],[-122.955729,46.113213],[-122.955742,46.113147],[-122.955871,46.113147],[-122.955871,46.113327],[-122.95576,46.113347],[-122.955723,46.113446],[-122.955739,46.113487],[-122.955784,46.113506],[-122.956102,46.113495],[-122.95613,46.113459],[-122.95613,46.113237],[-122.95626,46.113237],[-122.956259,46.113507],[-122.956171,46.113514],[-122.95613,46.113556],[-122.95613,46.113909],[-122.956178,46.113953],[-122.956347,46.113951],[-122.956385,46.113919],[-122.956389,46.113868],[-122.956851,46.113865],[-122.9569,46.113834],[-122.956906,46.113778],[-122.957553,46.113778],[-122.957571,46.113848],[-122.957683,46.113868],[-122.957696,46.113934],[-122.957812,46.113958],[-122.957818,46.114015],[-122.957867,46.114046],[-122.958138,46.114047],[-122.958191,46.11402],[-122.9582,46.113958],[-122.958457,46.113958],[-122.958462,46.11401],[-122.9585,46.114042],[-122.958718,46.114048],[-122.958718,46.114228],[-122.958629,46.114235],[-122.95859,46.114272],[-122.95859,46.114365],[-122.958636,46.114404],[-122.959106,46.114409],[-122.959119,46.114474],[-122.959183,46.114499],[-122.959561,46.114498],[-122.959614,46.11447],[-122.959624,46.114409],[-122.959753,46.114409],[-122.959756,46.11446],[-122.959794,46.114492],[-122.960012,46.114499],[-122.959992,46.114718],[-122.960054,46.114768],[-122.960229,46.114763],[-122.960267,46.114731],[-122.96027,46.114679],[-122.960788,46.114679],[-122.960788,46.114769],[-122.960584,46.114771],[-122.960535,46.114802],[-122.960529,46.114859],[-122.960311,46.114865],[-122.960235,46.114997],[-122.960283,46.115105],[-122.960399,46.115129],[-122.960403,46.115181],[-122.96044,46.115213],[-122.960803,46.115227],[-122.960768,46.115439],[-122.960822,46.115487],[-122.960979,46.115503],[-122.961041,46.115469],[-122.961079,46.115341],[-122.961024,46.115235],[-122.960901,46.115212],[-122.960917,46.115129],[-122.961106,46.115129],[-122.961163,46.115105],[-122.961176,46.114859],[-122.962393,46.11486],[-122.962461,46.114831],[-122.962464,46.114713],[-122.962422,46.114684],[-122.962341,46.11468],[-122.962318,46.114605],[-122.962082,46.114589],[-122.962082,46.11432],[-122.962199,46.114296],[-122.962212,46.11414],[-122.962319,46.114124],[-122.962341,46.11405],[-122.962532,46.114063],[-122.962591,46.114034],[-122.962618,46.113639],[-122.96255,46.1136],[-122.962083,46.113599],[-122.962083,46.11351],[-122.962118,46.113462],[-122.962074,46.113358],[-122.962028,46.113332],[-122.961954,46.113329],[-122.96195,46.113188],[-122.961906,46.113154],[-122.961824,46.113149],[-122.961811,46.112993],[-122.961695,46.112969],[-122.961661,46.112888],[-122.961566,46.112879],[-122.961566,46.112519],[-122.961647,46.112515],[-122.961689,46.112486],[-122.961695,46.112303],[-122.961661,46.112258],[-122.961566,46.112249],[-122.961553,46.112003],[-122.961496,46.11198],[-122.961308,46.111979],[-122.961327,46.11176],[-122.9613,46.111722],[-122.961049,46.111709],[-122.961027,46.111442],[-122.960974,46.111425],[-122.96079,46.111439],[-122.960781,46.111378],[-122.960728,46.11135],[-122.960273,46.111349],[-122.96026,46.111193],[-122.960144,46.111169],[-122.960109,46.111088],[-122.960014,46.111079],[-122.960005,46.110927],[-122.959959,46.110901],[-122.959885,46.110899],[-122.959905,46.110775],[-122.959883,46.110735],[-122.959626,46.110719],[-122.959625,46.110582],[-122.959578,46.110543],[-122.959238,46.110538],[-122.959235,46.110487],[-122.959197,46.110455],[-122.958979,46.110448],[-122.958973,46.110392],[-122.958924,46.110361],[-122.958721,46.110358],[-122.958719,46.110132],[-122.95868,46.110095],[-122.958591,46.110088],[-122.958574,46.109928],[-122.958521,46.109908],[-122.958333,46.109908],[-122.95831,46.109744],[-122.957945,46.109728],[-122.957945,46.109638],[-122.958428,46.109629],[-122.958462,46.109548],[-122.958579,46.109524],[-122.958592,46.109458],[-122.958704,46.109439],[-122.958721,46.109368],[-122.958833,46.109349],[-122.958851,46.109278],[-122.958945,46.109276],[-122.958988,46.109253],[-122.95898,46.109008],[-122.959087,46.108993],[-122.95911,46.108918],[-122.959316,46.10893],[-122.959363,46.108899],[-122.959369,46.108829],[-122.959694,46.108828],[-122.959748,46.1088],[-122.959757,46.108739],[-122.959886,46.108739],[-122.959886,46.109009],[-122.959852,46.109056],[-122.959886,46.109099],[-122.959892,46.109245],[-122.959956,46.109278],[-122.96029,46.109286],[-122.960277,46.10942],[-122.960322,46.109455],[-122.960403,46.109459],[-122.960404,46.10959],[-122.960438,46.10963],[-122.960745,46.109648],[-122.96079,46.109609],[-122.960791,46.109508],[-122.960751,46.109465],[-122.960662,46.109459],[-122.960634,46.109381],[-122.960533,46.109369],[-122.960505,46.109291],[-122.960388,46.109271],[-122.960404,46.109189],[-122.960533,46.109189],[-122.960539,46.109246],[-122.960588,46.109277],[-122.960792,46.109279],[-122.960797,46.109349],[-122.960852,46.109381],[-122.961309,46.109369],[-122.961318,46.109431],[-122.961372,46.109458],[-122.961956,46.109459],[-122.961974,46.10953],[-122.962086,46.109549],[-122.96212,46.10963],[-122.962215,46.10964],[-122.962243,46.109717],[-122.962474,46.10973],[-122.962496,46.109804],[-122.962603,46.10982],[-122.962621,46.10989],[-122.962732,46.10991],[-122.962767,46.109991],[-122.962862,46.11],[-122.96289,46.110077],[-122.962991,46.11009],[-122.963019,46.110167],[-122.96312,46.11018],[-122.963124,46.110321],[-122.963168,46.110356],[-122.96325,46.11036],[-122.96325,46.11045],[-122.963143,46.110466],[-122.96312,46.11054],[-122.963025,46.110549],[-122.962991,46.11063],[-122.962879,46.110649],[-122.962861,46.11072],[-122.962732,46.11072],[-122.962732,46.11045],[-122.962968,46.110434],[-122.962991,46.110396],[-122.962968,46.110286],[-122.962732,46.11027],[-122.962656,46.110246],[-122.962502,46.110282],[-122.962473,46.11036],[-122.962344,46.110359],[-122.962344,46.11027],[-122.962379,46.110222],[-122.962331,46.110114],[-122.962274,46.11009],[-122.962085,46.110089],[-122.962085,46.109909],[-122.96212,46.109862],[-122.96208,46.109763],[-122.962038,46.109734],[-122.961623,46.109732],[-122.961574,46.109763],[-122.961568,46.109819],[-122.961473,46.109822],[-122.961427,46.109849],[-122.961451,46.109975],[-122.961568,46.109999],[-122.961585,46.11016],[-122.961697,46.110179],[-122.96171,46.110245],[-122.961826,46.110269],[-122.96183,46.110321],[-122.961867,46.110353],[-122.962085,46.110359],[-122.962108,46.110434],[-122.962214,46.11045],[-122.962227,46.110515],[-122.962344,46.11054],[-122.962372,46.110617],[-122.962473,46.11063],[-122.962491,46.11079],[-122.962602,46.11081],[-122.962602,46.1109],[-122.962521,46.110904],[-122.962476,46.110938],[-122.962473,46.11108],[-122.962372,46.111092],[-122.962343,46.111169],[-122.962248,46.111179],[-122.962214,46.111259],[-122.962132,46.111264],[-122.96209,46.111293],[-122.962084,46.111439],[-122.96205,46.111482],[-122.962084,46.11153],[-122.962084,46.111619],[-122.961989,46.111629],[-122.961955,46.111709],[-122.961873,46.111714],[-122.961831,46.111743],[-122.961828,46.112031],[-122.961873,46.112065],[-122.961954,46.112069],[-122.961972,46.11223],[-122.962084,46.11225],[-122.962101,46.11232],[-122.962213,46.11234],[-122.962231,46.11241],[-122.962342,46.11243],[-122.962355,46.112496],[-122.962472,46.11252],[-122.962506,46.112601],[-122.96273,46.11261],[-122.962792,46.112634],[-122.962941,46.112606],[-122.962988,46.112566],[-122.96299,46.11243],[-122.963119,46.11243],[-122.963136,46.1125],[-122.963248,46.11252],[-122.963283,46.112601],[-122.963377,46.11261],[-122.963406,46.112688],[-122.963507,46.1127],[-122.963535,46.112778],[-122.963636,46.11279],[-122.963665,46.112868],[-122.963895,46.11288],[-122.963918,46.112954],[-122.964024,46.11297],[-122.964059,46.113051],[-122.964154,46.11306],[-122.964154,46.11324],[-122.964119,46.113288],[-122.964159,46.113387],[-122.964201,46.113416],[-122.964283,46.11342],[-122.9643,46.11358],[-122.964412,46.1136],[-122.964447,46.113681],[-122.964541,46.11369],[-122.964541,46.11396],[-122.96446,46.113964],[-122.964415,46.113999],[-122.964425,46.114206],[-122.964474,46.114229],[-122.964616,46.114228],[-122.964665,46.114197],[-122.964671,46.11414],[-122.9648,46.11414],[-122.964809,46.114292],[-122.964855,46.114318],[-122.964929,46.11432],[-122.964933,46.114552],[-122.964977,46.114586],[-122.965059,46.114591],[-122.965062,46.114732],[-122.965106,46.114766],[-122.965188,46.114771],[-122.965205,46.114931],[-122.965258,46.11495],[-122.965447,46.114951],[-122.965453,46.115007],[-122.965502,46.115038],[-122.965705,46.115041],[-122.965728,46.115115],[-122.965835,46.115131],[-122.965852,46.115201],[-122.965964,46.115221],[-122.965999,46.115302],[-122.966093,46.115311],[-122.966122,46.115389],[-122.966223,46.115401],[-122.96624,46.115561],[-122.966352,46.115581],[-122.966352,46.115761],[-122.966156,46.115762],[-122.966099,46.115794],[-122.966111,46.116011],[-122.966163,46.116031],[-122.966481,46.116031],[-122.966504,46.116105],[-122.966611,46.116121],[-122.966645,46.116202],[-122.96674,46.116211],[-122.966762,46.116388],[-122.966815,46.116405],[-122.966999,46.116391],[-122.967021,46.116465],[-122.967128,46.116481],[-122.967163,46.116562],[-122.967257,46.116571],[-122.96728,46.116825],[-122.967645,46.116841],[-122.967668,46.116915],[-122.967775,46.116931],[-122.967775,46.117021],[-122.967693,46.117025],[-122.967651,46.117055],[-122.967649,46.117163],[-122.967693,46.117197],[-122.967775,46.117201],[-122.967809,46.117282],[-122.967904,46.117291],[-122.967932,46.117369],[-122.968163,46.117381],[-122.968172,46.117443],[-122.968225,46.11747],[-122.968551,46.117472],[-122.968574,46.117546],[-122.96868,46.117562],[-122.968715,46.117642],[-122.96881,46.117652],[-122.96881,46.118048],[-122.968832,46.118086],[-122.969008,46.118114],[-122.969063,46.118082],[-122.969069,46.118012],[-122.969327,46.118012],[-122.969333,46.118158],[-122.969375,46.118188],[-122.969457,46.118192],[-122.969491,46.118273],[-122.969586,46.118282],[-122.969609,46.118446],[-122.969974,46.118462],[-122.969997,46.118536],[-122.970103,46.118552],[-122.970138,46.118633],[-122.970233,46.118642],[-122.970242,46.118973],[-122.970288,46.119],[-122.970362,46.119002],[-122.970368,46.119059],[-122.97041,46.119088],[-122.97075,46.119092],[-122.970773,46.119166],[-122.97088,46.119182],[-122.970889,46.119334],[-122.970935,46.11936],[-122.971009,46.119362],[-122.971027,46.119612],[-122.971138,46.119632],[-122.971144,46.119689],[-122.971193,46.11972],[-122.971527,46.119722],[-122.971544,46.119883],[-122.971597,46.119902],[-122.971785,46.119902],[-122.971808,46.119977],[-122.971915,46.119993],[-122.971949,46.120073],[-122.972044,46.120083],[-122.972067,46.120247],[-122.972173,46.120263],[-122.972191,46.120333],[-122.972303,46.120353],[-122.972316,46.120419],[-122.972432,46.120443],[-122.972467,46.120523],[-122.972691,46.120533],[-122.972714,46.120607],[-122.97282,46.120623],[-122.972821,46.120754],[-122.972849,46.12079],[-122.973079,46.120803],[-122.973085,46.120949],[-122.973127,46.120979],[-122.973208,46.120983],[-122.973237,46.121061],[-122.973597,46.121073],[-122.973603,46.12113],[-122.973652,46.121161],[-122.974114,46.121163],[-122.974118,46.121215],[-122.974155,46.121247],[-122.974373,46.121253],[-122.974376,46.121485],[-122.974421,46.121519],[-122.974502,46.121523],[-122.974525,46.121597],[-122.974891,46.121613],[-122.974894,46.121665],[-122.974932,46.121697],[-122.97515,46.121703],[-122.975167,46.121773],[-122.975279,46.121793],[-122.975292,46.121859],[-122.975408,46.121883],[-122.975414,46.12194],[-122.975456,46.121969],[-122.975599,46.121997],[-122.975667,46.121973],[-122.976055,46.121973],[-122.976055,46.122063],[-122.975859,46.122064],[-122.975802,46.122097],[-122.975806,46.122395],[-122.975859,46.122422],[-122.976055,46.122423],[-122.976078,46.122498],[-122.976185,46.122514],[-122.976198,46.122579],[-122.976314,46.122604],[-122.976342,46.122681],[-122.976443,46.122694],[-122.976461,46.122854],[-122.976513,46.122873],[-122.976702,46.122874],[-122.976706,46.122925],[-122.976743,46.122957],[-122.9769,46.122988],[-122.976981,46.122951],[-122.976995,46.122911],[-122.976955,46.122817],[-122.976913,46.122788],[-122.976832,46.122784],[-122.976832,46.122694],[-122.976938,46.122678],[-122.976961,46.122604],[-122.977056,46.122595],[-122.977091,46.122514],[-122.977203,46.122494],[-122.97722,46.122424],[-122.97735,46.122424],[-122.977349,46.122604],[-122.977255,46.122606],[-122.977212,46.122629],[-122.977226,46.12275],[-122.977283,46.122783],[-122.977479,46.122784],[-122.977485,46.12284],[-122.977534,46.122871],[-122.977738,46.122874],[-122.977741,46.123105],[-122.977786,46.12314],[-122.977867,46.123145],[-122.977867,46.123324],[-122.977772,46.123326],[-122.97773,46.123349],[-122.977741,46.123465],[-122.9778,46.123503],[-122.977996,46.123504],[-122.977996,46.123684],[-122.977901,46.123693],[-122.977867,46.123774],[-122.97776,46.12379],[-122.977726,46.123875],[-122.977556,46.123864],[-122.977501,46.12388],[-122.977478,46.12399],[-122.977507,46.124031],[-122.977682,46.124041],[-122.977731,46.12401],[-122.977748,46.123943],[-122.977867,46.123954],[-122.97787,46.124096],[-122.977944,46.124134],[-122.978091,46.124125],[-122.978126,46.124044],[-122.978514,46.124044],[-122.978527,46.1242],[-122.978719,46.124248],[-122.978861,46.124218],[-122.978902,46.124175],[-122.978885,46.123961],[-122.978827,46.12394],[-122.978643,46.123954],[-122.978643,46.123864],[-122.97875,46.123848],[-122.978773,46.123774],[-122.979032,46.123774],[-122.97906,46.123852],[-122.979222,46.123888],[-122.979392,46.123852],[-122.97942,46.123774],[-122.979549,46.123774],[-122.979555,46.124011],[-122.979597,46.12404],[-122.979733,46.124058],[-122.979807,46.124014],[-122.979808,46.123774],[-122.979938,46.123774],[-122.97996,46.123848],[-122.980067,46.123864],[-122.98008,46.12402],[-122.980196,46.124044],[-122.98021,46.1242],[-122.980326,46.124224],[-122.980326,46.124584],[-122.980244,46.124588],[-122.980202,46.124618],[-122.980202,46.124821],[-122.980244,46.12485],[-122.980326,46.124854],[-122.98036,46.124935],[-122.980455,46.124944],[-122.980455,46.125034],[-122.98042,46.125082],[-122.980483,46.125202],[-122.980843,46.125214],[-122.980843,46.125304],[-122.980755,46.125311],[-122.980715,46.125348],[-122.980727,46.12555],[-122.980843,46.125574],[-122.980856,46.12564],[-122.980921,46.125664],[-122.981298,46.125663],[-122.981352,46.125636],[-122.981361,46.125575],[-122.98149,46.125575],[-122.981476,46.12572],[-122.981525,46.125752],[-122.98162,46.125755],[-122.981648,46.125832],[-122.98181,46.125869],[-122.981879,46.125845],[-122.982008,46.125845],[-122.982008,46.126025],[-122.981973,46.126072],[-122.982026,46.126185],[-122.982078,46.126204],[-122.982267,46.126205],[-122.982273,46.126351],[-122.982315,46.126381],[-122.982396,46.126385],[-122.982425,46.126462],[-122.982655,46.126475],[-122.982661,46.126531],[-122.98271,46.126562],[-122.982914,46.126565],[-122.982937,46.126639],[-122.983043,46.126655],[-122.983078,46.126736],[-122.983173,46.126745],[-122.983172,46.127195],[-122.982936,46.127211],[-122.982914,46.127285],[-122.982832,46.127289],[-122.98279,46.127318],[-122.982797,46.127441],[-122.982913,46.127465],[-122.982948,46.127546],[-122.983043,46.127555],[-122.983071,46.127633],[-122.983172,46.127645],[-122.983201,46.127723],[-122.983302,46.127735],[-122.98333,46.127813],[-122.983431,46.127825],[-122.98346,46.127903],[-122.983561,46.127915],[-122.983595,46.127996],[-122.983949,46.128005]],[[-122.95547,46.113981],[-122.955277,46.113946],[-122.955227,46.113982],[-122.95519,46.1141],[-122.95527,46.11416],[-122.955435,46.114133],[-122.955479,46.114099],[-122.95547,46.113981]],[[-122.957811,46.115168],[-122.957784,46.115127],[-122.957721,46.115115],[-122.957581,46.11514],[-122.957552,46.115218],[-122.957333,46.115211],[-122.957297,46.115243],[-122.957282,46.115319],[-122.957105,46.115308],[-122.957052,46.115327],[-122.957023,46.115458],[-122.957077,46.115487],[-122.957231,46.115487],[-122.957284,46.115459],[-122.957304,46.115387],[-122.95764,46.115392],[-122.957678,46.11536],[-122.957682,46.115308],[-122.957756,46.115306],[-122.957802,46.115279],[-122.957811,46.115168]],[[-122.95812,46.117018],[-122.958196,46.116975],[-122.958198,46.116707],[-122.958157,46.116665],[-122.958069,46.116658],[-122.958067,46.116522],[-122.958028,46.116485],[-122.957851,46.116484],[-122.957813,46.116516],[-122.95781,46.116568],[-122.957104,46.116568],[-122.957043,46.116596],[-122.957034,46.116789],[-122.957074,46.116831],[-122.957224,46.116862],[-122.957292,46.116838],[-122.957551,46.116838],[-122.957579,46.116916],[-122.95781,46.116928],[-122.957816,46.116985],[-122.957858,46.117014],[-122.95812,46.117018]],[[-122.957424,46.114228],[-122.957442,46.114183],[-122.95741,46.114147],[-122.957337,46.114139],[-122.957287,46.114163],[-122.957276,46.114204],[-122.957313,46.114241],[-122.95737,46.114251],[-122.957424,46.114228]],[[-122.958346,46.114458],[-122.95832,46.114347],[-122.958267,46.114319],[-122.958004,46.114319],[-122.957943,46.114362],[-122.957944,46.11446],[-122.958004,46.114497],[-122.958302,46.114494],[-122.958346,46.114458]],[[-122.958456,46.115036],[-122.958382,46.115015],[-122.958318,46.115049],[-122.958131,46.115014],[-122.957989,46.115042],[-122.957942,46.115082],[-122.957946,46.115185],[-122.958011,46.115218],[-122.958281,46.115214],[-122.958323,46.115185],[-122.95834,46.115117],[-122.958416,46.115127],[-122.958466,46.115103],[-122.958456,46.115036]],[[-122.958847,46.115128],[-122.958865,46.115083],[-122.958833,46.115048],[-122.958759,46.115039],[-122.958709,46.115063],[-122.958699,46.115105],[-122.958736,46.115142],[-122.958793,46.115152],[-122.958847,46.115128]],[[-122.959381,46.115089],[-122.959363,46.114902],[-122.959323,46.114865],[-122.959046,46.114859],[-122.958985,46.114887],[-122.958956,46.115078],[-122.958996,46.115122],[-122.959329,46.115126],[-122.959381,46.115089]],[[-122.960034,46.115563],[-122.960202,46.115592],[-122.960257,46.115568],[-122.960269,46.115448],[-122.960229,46.115405],[-122.96014,46.115399],[-122.960118,46.115325],[-122.959882,46.115309],[-122.959869,46.115243],[-122.959752,46.115219],[-122.959746,46.115162],[-122.959704,46.115133],[-122.959495,46.115145],[-122.959474,46.115184],[-122.959503,46.11528],[-122.959548,46.115306],[-122.959623,46.115309],[-122.959657,46.11539],[-122.959752,46.115399],[-122.959775,46.115473],[-122.960011,46.115489],[-122.960034,46.115563]],[[-122.960563,46.11593],[-122.960727,46.115952],[-122.960778,46.115924],[-122.960774,46.115783],[-122.960658,46.115759],[-122.960652,46.115702],[-122.96061,46.115673],[-122.960413,46.115678],[-122.960379,46.115725],[-122.960412,46.115825],[-122.960528,46.115849],[-122.960563,46.11593]],[[-122.961305,46.116029],[-122.961303,46.115803],[-122.961235,46.11576],[-122.961081,46.115768],[-122.961046,46.115849],[-122.96093,46.115873],[-122.960916,46.115939],[-122.960814,46.115943],[-122.960768,46.115984],[-122.960805,46.116099],[-122.960916,46.116119],[-122.960951,46.1162],[-122.961046,46.116209],[-122.961063,46.116369],[-122.961228,46.116413],[-122.961393,46.116383],[-122.961433,46.116341],[-122.961431,46.116068],[-122.961386,46.116033],[-122.961305,46.116029]],[[-122.962211,46.11526],[-122.962143,46.115206],[-122.961981,46.115232],[-122.961953,46.115268],[-122.961969,46.115393],[-122.962035,46.115413],[-122.962183,46.115387],[-122.96221,46.115356],[-122.962211,46.11526]],[[-122.962344,46.115041],[-122.962286,46.115026],[-122.962228,46.115046],[-122.962212,46.115095],[-122.962238,46.115131],[-122.962301,46.115143],[-122.96236,46.115117],[-122.962375,46.115077],[-122.962344,46.115041]],[[-122.96259,46.120136],[-122.962615,46.120035],[-122.962582,46.119999],[-122.962392,46.119992],[-122.962341,46.120028],[-122.962341,46.120131],[-122.962392,46.120167],[-122.962541,46.120167],[-122.96259,46.120136]],[[-122.963116,46.1163],[-122.963352,46.116284],[-122.963375,46.116246],[-122.963353,46.116136],[-122.96305,46.116121],[-122.962996,46.116148],[-122.962987,46.11621],[-122.962858,46.11621],[-122.962854,46.116158],[-122.962817,46.116126],[-122.962599,46.11612],[-122.962596,46.116055],[-122.962553,46.11602],[-122.962395,46.116032],[-122.962346,46.116063],[-122.962363,46.116194],[-122.962469,46.11621],[-122.962475,46.116266],[-122.962517,46.116296],[-122.962728,46.1163],[-122.962734,46.116356],[-122.962776,46.116386],[-122.963068,46.116386],[-122.96311,46.116357],[-122.963116,46.1163]],[[-122.963483,46.114394],[-122.963525,46.114275],[-122.963486,46.114237],[-122.963288,46.114236],[-122.96325,46.114268],[-122.963247,46.11432],[-122.963173,46.114322],[-122.963127,46.114348],[-122.963106,46.11447],[-122.96316,46.114499],[-122.963337,46.114507],[-122.963373,46.114475],[-122.963376,46.11441],[-122.963483,46.114394]],[[-122.96376,46.12075],[-122.963733,46.120709],[-122.963671,46.120697],[-122.96353,46.120722],[-122.963501,46.1208],[-122.963277,46.120809],[-122.963243,46.12089],[-122.963148,46.120892],[-122.963098,46.120925],[-122.963126,46.121046],[-122.963312,46.121083],[-122.963366,46.12105],[-122.963372,46.12098],[-122.963596,46.120971],[-122.963631,46.12089],[-122.963705,46.120888],[-122.963751,46.120862],[-122.96376,46.12075]],[[-122.963295,46.11936],[-122.96337,46.119322],[-122.963364,46.119209],[-122.963311,46.119181],[-122.963154,46.119173],[-122.963115,46.119215],[-122.963123,46.119331],[-122.963177,46.119359],[-122.963295,46.11936]],[[-122.963298,46.11504],[-122.963373,46.115002],[-122.963367,46.114888],[-122.963314,46.114861],[-122.963158,46.114866],[-122.963119,46.114903],[-122.963126,46.115011],[-122.96318,46.115039],[-122.963298,46.11504]],[[-122.963796,46.119498],[-122.963733,46.119372],[-122.963579,46.119336],[-122.963421,46.119364],[-122.963375,46.119403],[-122.963382,46.119511],[-122.963428,46.119538],[-122.963502,46.11954],[-122.963512,46.119602],[-122.963565,46.119629],[-122.963699,46.119629],[-122.963744,46.11961],[-122.963796,46.119498]],[[-122.963765,46.11409],[-122.963697,46.114037],[-122.963534,46.114062],[-122.963506,46.114099],[-122.963523,46.114223],[-122.963588,46.114244],[-122.963736,46.114218],[-122.963763,46.114187],[-122.963765,46.11409]],[[-122.964152,46.11486],[-122.964158,46.114917],[-122.9642,46.114946],[-122.964389,46.114934],[-122.964411,46.114896],[-122.964389,46.114696],[-122.964023,46.11468],[-122.963989,46.114599],[-122.963842,46.11459],[-122.963778,46.114614],[-122.963764,46.11468],[-122.963683,46.114684],[-122.963641,46.114713],[-122.963641,46.114827],[-122.963683,46.114856],[-122.963764,46.11486],[-122.963766,46.114997],[-122.963812,46.115036],[-122.964009,46.115031],[-122.964043,46.11499],[-122.964023,46.11486],[-122.964152,46.11486]],[[-122.964375,46.117191],[-122.96443,46.117071],[-122.964408,46.117037],[-122.964265,46.117013],[-122.964265,46.116848],[-122.964315,46.116798],[-122.964269,46.116744],[-122.964168,46.116757],[-122.964151,46.11684],[-122.964022,46.11684],[-122.964013,46.116779],[-122.963959,46.116751],[-122.963704,46.11675],[-122.963647,46.116774],[-122.963633,46.117056],[-122.963668,46.117101],[-122.963961,46.117123],[-122.964016,46.11709],[-122.964022,46.11702],[-122.964151,46.11702],[-122.964154,46.117162],[-122.964229,46.1172],[-122.964375,46.117191]],[[-122.96376,46.12143],[-122.963726,46.121467],[-122.963741,46.121507],[-122.963799,46.121533],[-122.963856,46.121524],[-122.963888,46.12149],[-122.963877,46.121441],[-122.963822,46.121417],[-122.96376,46.12143]],[[-122.963895,46.11351],[-122.963913,46.113465],[-122.963881,46.11343],[-122.963808,46.113421],[-122.963758,46.113445],[-122.963747,46.113487],[-122.963784,46.113524],[-122.963841,46.113534],[-122.963895,46.11351]],[[-122.967879,46.122046],[-122.967936,46.121929],[-122.967901,46.12188],[-122.967934,46.121733],[-122.967879,46.121627],[-122.967772,46.121611],[-122.967739,46.121517],[-122.967682,46.121508],[-122.967542,46.121534],[-122.967513,46.121611],[-122.967397,46.121635],[-122.967384,46.121701],[-122.967125,46.121701],[-122.967102,46.121627],[-122.966996,46.121611],[-122.966987,46.12137],[-122.966933,46.121342],[-122.966737,46.121341],[-122.966714,46.121177],[-122.966519,46.121167],[-122.966482,46.121199],[-122.966478,46.121251],[-122.966362,46.121275],[-122.966349,46.121341],[-122.966219,46.121341],[-122.966213,46.121104],[-122.966171,46.121075],[-122.96609,46.121071],[-122.966084,46.121001],[-122.966022,46.120967],[-122.96586,46.120993],[-122.965831,46.121071],[-122.965715,46.121095],[-122.965702,46.121161],[-122.965466,46.121177],[-122.965443,46.121341],[-122.965184,46.121341],[-122.965171,46.121275],[-122.965055,46.121251],[-122.96502,46.12117],[-122.964796,46.12116],[-122.964795,46.120925],[-122.964769,46.12089],[-122.964713,46.120877],[-122.964455,46.120894],[-122.964413,46.120924],[-122.964373,46.121023],[-122.964407,46.12107],[-122.964407,46.12143],[-122.9643,46.121446],[-122.964278,46.12152],[-122.964161,46.121544],[-122.964148,46.12161],[-122.963828,46.121597],[-122.96376,46.121645],[-122.963766,46.121847],[-122.963808,46.121876],[-122.963889,46.12188],[-122.963892,46.122202],[-122.963937,46.122236],[-122.964073,46.122254],[-122.964146,46.12221],[-122.964148,46.12197],[-122.964255,46.121955],[-122.964278,46.12188],[-122.964407,46.12188],[-122.964413,46.121937],[-122.964462,46.121968],[-122.964666,46.121971],[-122.964672,46.122027],[-122.964714,46.122056],[-122.964862,46.122059],[-122.964915,46.122032],[-122.964925,46.121971],[-122.964999,46.121968],[-122.965045,46.121942],[-122.965054,46.121791],[-122.965161,46.121775],[-122.965184,46.121701],[-122.9653,46.121677],[-122.965313,46.121611],[-122.965572,46.121611],[-122.965581,46.121686],[-122.965647,46.121715],[-122.965802,46.121689],[-122.965831,46.121611],[-122.96609,46.121611],[-122.966112,46.121685],[-122.966219,46.121701],[-122.966237,46.121861],[-122.966348,46.121881],[-122.966383,46.121962],[-122.966478,46.121971],[-122.966506,46.122049],[-122.966607,46.122061],[-122.966635,46.122139],[-122.966736,46.122151],[-122.966765,46.122229],[-122.966866,46.122241],[-122.966883,46.122401],[-122.966995,46.122421],[-122.967001,46.122478],[-122.967043,46.122507],[-122.967254,46.122511],[-122.967263,46.122573],[-122.967324,46.122601],[-122.967478,46.122592],[-122.967513,46.122511],[-122.967702,46.122511],[-122.967759,46.122487],[-122.967768,46.12237],[-122.967724,46.122335],[-122.967642,46.122331],[-122.967642,46.122241],[-122.967759,46.122217],[-122.967772,46.122061],[-122.967879,46.122046]],[[-122.964169,46.11581],[-122.964129,46.115596],[-122.964074,46.11558],[-122.963916,46.115596],[-122.963893,46.115634],[-122.963916,46.115834],[-122.964125,46.115846],[-122.964169,46.11581]],[[-122.964173,46.118264],[-122.964349,46.118293],[-122.964404,46.11826],[-122.964387,46.118116],[-122.964332,46.1181],[-122.964161,46.118111],[-122.964145,46.118044],[-122.964095,46.118013],[-122.963914,46.118026],[-122.963892,46.118064],[-122.963914,46.118174],[-122.963969,46.11819],[-122.964139,46.118179],[-122.964173,46.118264]],[[-122.967516,46.117651],[-122.967503,46.117495],[-122.967386,46.117471],[-122.967352,46.11739],[-122.967257,46.117381],[-122.967229,46.117303],[-122.967128,46.117291],[-122.967099,46.117213],[-122.966998,46.117201],[-122.966981,46.117041],[-122.966869,46.117021],[-122.966846,46.116947],[-122.96674,46.116931],[-122.966717,46.116857],[-122.96661,46.116841],[-122.966593,46.116771],[-122.966481,46.116751],[-122.966463,46.116681],[-122.966352,46.116661],[-122.966334,46.116591],[-122.966222,46.116571],[-122.966209,46.116505],[-122.966145,46.116481],[-122.965986,46.116497],[-122.965963,46.116571],[-122.965862,46.116583],[-122.965834,46.116661],[-122.965739,46.11667],[-122.965704,46.116751],[-122.965593,46.11677],[-122.965575,46.116841],[-122.965366,46.116841],[-122.965313,46.116861],[-122.965316,46.117021],[-122.965281,46.117068],[-122.965316,46.117111],[-122.965316,46.117201],[-122.964861,46.117201],[-122.964807,46.117229],[-122.964798,46.11729],[-122.96458,46.117297],[-122.964543,46.117329],[-122.964539,46.11738],[-122.964423,46.117404],[-122.96441,46.11747],[-122.964298,46.11749],[-122.964246,46.117603],[-122.964286,46.117707],[-122.964328,46.117736],[-122.964668,46.11774],[-122.964674,46.117887],[-122.964716,46.117916],[-122.964798,46.117921],[-122.964832,46.118001],[-122.965056,46.118011],[-122.965069,46.118167],[-122.965186,46.118191],[-122.96522,46.118271],[-122.965315,46.118281],[-122.965324,46.118432],[-122.96537,46.118458],[-122.965444,46.118461],[-122.965457,46.118527],[-122.965522,46.118551],[-122.966044,46.118547],[-122.966086,46.118518],[-122.966092,46.118461],[-122.966208,46.118437],[-122.966221,46.118371],[-122.96635,46.118371],[-122.96636,46.118432],[-122.96642,46.118461],[-122.966676,46.11846],[-122.966739,46.118407],[-122.966721,46.118301],[-122.966609,46.118281],[-122.966575,46.1182],[-122.96648,46.118191],[-122.966462,46.118031],[-122.966351,46.118011],[-122.966316,46.11793],[-122.966221,46.117921],[-122.966193,46.117843],[-122.966092,46.117831],[-122.966064,46.117753],[-122.965963,46.117741],[-122.96594,46.117667],[-122.965574,46.117651],[-122.965575,46.117381],[-122.965704,46.117381],[-122.96571,46.117437],[-122.965759,46.117468],[-122.965963,46.117471],[-122.965969,46.117527],[-122.966011,46.117557],[-122.966221,46.117561],[-122.966244,46.117725],[-122.966351,46.117741],[-122.966364,46.117807],[-122.96648,46.117831],[-122.966484,46.117883],[-122.966521,46.117915],[-122.966739,46.117921],[-122.966757,46.118081],[-122.966809,46.118101],[-122.966998,46.118101],[-122.967015,46.118171],[-122.967127,46.118191],[-122.967136,46.118253],[-122.96719,46.11828],[-122.967481,46.118272],[-122.967515,46.118233],[-122.967515,46.118101],[-122.967597,46.118097],[-122.967639,46.118068],[-122.967644,46.117695],[-122.967604,46.117658],[-122.967516,46.117651]],[[-122.964462,46.1163],[-122.964537,46.116262],[-122.964527,46.116144],[-122.96447,46.116121],[-122.964295,46.11613],[-122.964261,46.116176],[-122.964294,46.116276],[-122.964344,46.116299],[-122.964462,46.1163]],[[-122.964771,46.115928],[-122.964819,46.115811],[-122.964791,46.115773],[-122.964593,46.115737],[-122.964428,46.11578],[-122.964392,46.115895],[-122.964438,46.115936],[-122.964616,46.115964],[-122.964771,46.115928]],[[-122.964926,46.120391],[-122.964898,46.12035],[-122.964843,46.120337],[-122.96445,46.120351],[-122.964388,46.120406],[-122.964431,46.120515],[-122.964606,46.120555],[-122.964667,46.120531],[-122.964891,46.120521],[-122.964924,46.120487],[-122.964926,46.120391]],[[-122.96459,46.11846],[-122.964665,46.118422],[-122.964655,46.118304],[-122.964598,46.118281],[-122.964423,46.11829],[-122.964389,46.118336],[-122.964422,46.118436],[-122.964472,46.118459],[-122.96459,46.11846]],[[-122.965174,46.116727],[-122.965206,46.116621],[-122.965185,46.116587],[-122.965042,46.116563],[-122.965057,46.116444],[-122.965035,46.116406],[-122.964881,46.116377],[-122.964821,46.116393],[-122.964804,46.116537],[-122.964846,46.116566],[-122.964944,46.116578],[-122.964928,46.11666],[-122.964846,46.116665],[-122.964802,46.116699],[-122.964821,46.116825],[-122.964876,46.11684],[-122.965023,46.116831],[-122.965057,46.116751],[-122.965174,46.116727]],[[-122.965315,46.119221],[-122.965247,46.119167],[-122.964852,46.119183],[-122.9648,46.119219],[-122.9648,46.119322],[-122.964838,46.119354],[-122.96498,46.119384],[-122.965056,46.119361],[-122.965259,46.119358],[-122.965311,46.119322],[-122.965315,46.119221]],[[-122.965236,46.121071],[-122.96531,46.121032],[-122.965304,46.120919],[-122.965251,46.120892],[-122.965096,46.120897],[-122.965056,46.120934],[-122.965064,46.121042],[-122.965117,46.12107],[-122.965236,46.121071]],[[-122.966143,46.119541],[-122.966219,46.119497],[-122.966203,46.119291],[-122.966091,46.119271],[-122.966057,46.11919],[-122.965962,46.119181],[-122.965933,46.119103],[-122.965832,46.119091],[-122.965804,46.119013],[-122.965703,46.119001],[-122.965675,46.118923],[-122.965574,46.118911],[-122.965545,46.118833],[-122.965444,46.118821],[-122.965416,46.118743],[-122.965315,46.118731],[-122.965287,46.118653],[-122.965139,46.118627],[-122.965083,46.11864],[-122.965056,46.118676],[-122.965065,46.118792],[-122.965111,46.118818],[-122.965185,46.118821],[-122.96522,46.118901],[-122.965315,46.118911],[-122.965303,46.119151],[-122.965349,46.119178],[-122.965444,46.119181],[-122.965467,46.119255],[-122.965573,46.119271],[-122.965608,46.119352],[-122.965703,46.119361],[-122.96572,46.119521],[-122.965773,46.119541],[-122.966143,46.119541]],[[-122.965365,46.120621],[-122.965442,46.120577],[-122.96544,46.120389],[-122.965388,46.120353],[-122.96524,46.120353],[-122.965194,46.120379],[-122.96515,46.120478],[-122.965188,46.120582],[-122.965239,46.120618],[-122.965365,46.120621]],[[-122.965493,46.123051],[-122.965568,46.123012],[-122.965562,46.122899],[-122.965509,46.122872],[-122.965352,46.122864],[-122.965313,46.122906],[-122.965321,46.123022],[-122.965375,46.12305],[-122.965493,46.123051]],[[-122.965754,46.120531],[-122.965828,46.120492],[-122.965822,46.120379],[-122.965769,46.120352],[-122.965614,46.120357],[-122.965574,46.120394],[-122.965582,46.120502],[-122.965635,46.12053],[-122.965754,46.120531]],[[-122.965946,46.122667],[-122.965977,46.122551],[-122.965925,46.122513],[-122.965762,46.122487],[-122.965606,46.12252],[-122.965572,46.122559],[-122.965584,46.12277],[-122.965646,46.122795],[-122.965796,46.122772],[-122.96583,46.122691],[-122.965946,46.122667]],[[-122.965981,46.116171],[-122.965935,46.116043],[-122.965765,46.116018],[-122.96571,46.116051],[-122.965688,46.116171],[-122.965747,46.11621],[-122.965929,46.116208],[-122.965981,46.116171]],[[-122.966344,46.119058],[-122.966369,46.118956],[-122.966336,46.11892],[-122.966146,46.118913],[-122.966095,46.118949],[-122.966095,46.119053],[-122.966146,46.119089],[-122.966295,46.119089],[-122.966344,46.119058]],[[-122.966142,46.122432],[-122.966335,46.122397],[-122.966345,46.122279],[-122.966293,46.122243],[-122.966144,46.122243],[-122.966091,46.122284],[-122.966092,46.122396],[-122.966142,46.122432]],[[-122.96628,46.123128],[-122.96613,46.123147],[-122.96609,46.123184],[-122.966092,46.123296],[-122.966149,46.123333],[-122.9663,46.123317],[-122.966346,46.123278],[-122.966335,46.123152],[-122.96628,46.123128]],[[-122.966974,46.120155],[-122.967015,46.120036],[-122.966976,46.119998],[-122.966806,46.119967],[-122.966738,46.119991],[-122.966608,46.119991],[-122.9666,46.119916],[-122.966526,46.119887],[-122.966248,46.119913],[-122.96622,46.119991],[-122.966146,46.119993],[-122.9661,46.120019],[-122.966091,46.120122],[-122.966132,46.120165],[-122.96622,46.120171],[-122.966248,46.120249],[-122.966349,46.120261],[-122.966378,46.120339],[-122.966479,46.120351],[-122.966501,46.120515],[-122.966608,46.120531],[-122.966611,46.120583],[-122.966649,46.120615],[-122.966797,46.120621],[-122.966866,46.120572],[-122.966867,46.120171],[-122.966974,46.120155]],[[-122.966376,46.120797],[-122.96654,46.120814],[-122.966595,46.12079],[-122.966605,46.120659],[-122.966553,46.120623],[-122.966404,46.120623],[-122.966355,46.120654],[-122.966332,46.120761],[-122.966376,46.120797]],[[-122.966391,46.119805],[-122.966541,46.119824],[-122.966596,46.1198],[-122.966607,46.119674],[-122.966561,46.119635],[-122.96641,46.119618],[-122.966353,46.119656],[-122.966351,46.119767],[-122.966391,46.119805]],[[-122.967013,46.121031],[-122.966987,46.12092],[-122.966934,46.120892],[-122.966546,46.120878],[-122.96648,46.120921],[-122.966482,46.121033],[-122.966541,46.12107],[-122.966961,46.121069],[-122.967013,46.121031]],[[-122.968933,46.118442],[-122.968959,46.118332],[-122.968931,46.118294],[-122.96868,46.118282],[-122.968667,46.118216],[-122.968551,46.118191],[-122.968547,46.11814],[-122.96851,46.118108],[-122.96832,46.118114],[-122.968292,46.11815],[-122.968295,46.118243],[-122.96834,46.118277],[-122.968421,46.118282],[-122.968421,46.118371],[-122.968209,46.118362],[-122.968166,46.118396],[-122.968162,46.118461],[-122.968046,46.118485],[-122.968033,46.118551],[-122.967808,46.11856],[-122.967774,46.1186],[-122.967774,46.118731],[-122.967692,46.118735],[-122.967648,46.11877],[-122.96765,46.118878],[-122.967692,46.118907],[-122.967774,46.118911],[-122.967777,46.119053],[-122.967822,46.119087],[-122.967903,46.119091],[-122.967903,46.119181],[-122.967774,46.119181],[-122.967751,46.119107],[-122.967644,46.119091],[-122.967643,46.118955],[-122.967603,46.118918],[-122.967182,46.118913],[-122.967136,46.11894],[-122.967092,46.119044],[-122.967126,46.119091],[-122.967144,46.119341],[-122.967256,46.119361],[-122.967262,46.119418],[-122.967311,46.119449],[-122.967644,46.119451],[-122.967657,46.119517],[-122.967722,46.119541],[-122.967984,46.119537],[-122.968026,46.119508],[-122.968032,46.119451],[-122.968149,46.119427],[-122.968162,46.119362],[-122.968392,46.119349],[-122.968421,46.119308],[-122.968398,46.119197],[-122.968162,46.119181],[-122.968162,46.119002],[-122.968475,46.119015],[-122.968533,46.118995],[-122.968551,46.118462],[-122.968886,46.118473],[-122.968933,46.118442]],[[-122.967303,46.121337],[-122.967453,46.121354],[-122.967505,46.121326],[-122.967508,46.121195],[-122.967451,46.121162],[-122.967282,46.121166],[-122.967235,46.121212],[-122.967261,46.121308],[-122.967303,46.121337]],[[-122.967919,46.121212],[-122.967893,46.120907],[-122.967827,46.120878],[-122.967684,46.120898],[-122.967608,46.121024],[-122.967643,46.121071],[-122.967652,46.121223],[-122.967705,46.12125],[-122.967867,46.121249],[-122.967919,46.121212]],[[-122.970749,46.121037],[-122.970768,46.120757],[-122.970736,46.120722],[-122.970491,46.120712],[-122.970468,46.120638],[-122.970361,46.120622],[-122.970381,46.120493],[-122.970354,46.120455],[-122.970103,46.120442],[-122.97008,46.120368],[-122.969973,46.120352],[-122.969973,46.120262],[-122.970068,46.12026],[-122.970117,46.120227],[-122.970099,46.12012],[-122.970055,46.120086],[-122.969973,46.120082],[-122.969939,46.120001],[-122.969844,46.119992],[-122.969816,46.119914],[-122.969631,46.119879],[-122.969478,46.119918],[-122.969456,46.119992],[-122.969328,46.119992],[-122.969304,46.119918],[-122.969197,46.119902],[-122.969191,46.119575],[-122.969149,46.119546],[-122.969068,46.119542],[-122.969033,46.119461],[-122.968892,46.119429],[-122.968708,46.119464],[-122.968679,46.119542],[-122.968449,46.119554],[-122.968421,46.11959],[-122.96842,46.119721],[-122.968319,46.119734],[-122.968291,46.119811],[-122.968196,46.119821],[-122.968161,46.119901],[-122.968087,46.119904],[-122.968041,46.11993],[-122.968032,46.120081],[-122.967925,46.120097],[-122.967892,46.120182],[-122.967706,46.120172],[-122.967647,46.12021],[-122.967626,46.120312],[-122.967693,46.120351],[-122.967868,46.120342],[-122.967913,46.12025],[-122.968161,46.120262],[-122.968161,46.120441],[-122.968073,46.120448],[-122.968033,46.120485],[-122.968037,46.120782],[-122.968099,46.120815],[-122.96829,46.120802],[-122.968294,46.121123],[-122.968338,46.121157],[-122.96842,46.121162],[-122.968448,46.121239],[-122.968678,46.121252],[-122.968739,46.121276],[-122.968808,46.121252],[-122.968937,46.121252],[-122.968943,46.121488],[-122.968985,46.121518],[-122.969066,46.121522],[-122.969101,46.121603],[-122.969196,46.121612],[-122.969196,46.121702],[-122.969067,46.121702],[-122.969061,46.121645],[-122.969019,46.121616],[-122.96887,46.121613],[-122.968814,46.121645],[-122.968774,46.121755],[-122.968835,46.121883],[-122.969066,46.121882],[-122.969072,46.121938],[-122.969121,46.121969],[-122.969414,46.121965],[-122.969451,46.121934],[-122.969455,46.121882],[-122.969571,46.121858],[-122.969584,46.121792],[-122.969696,46.121772],[-122.969714,46.121702],[-122.96983,46.121678],[-122.969843,46.121162],[-122.969973,46.121162],[-122.970007,46.121243],[-122.970162,46.121252],[-122.970222,46.121223],[-122.970232,46.121162],[-122.970463,46.121163],[-122.970491,46.121072],[-122.97071,46.121079],[-122.970749,46.121037]],[[-122.9683,46.123401],[-122.96847,46.123412],[-122.968525,46.123396],[-122.968548,46.123358],[-122.968525,46.123247],[-122.968344,46.123234],[-122.968295,46.123265],[-122.968278,46.123333],[-122.96817,46.123333],[-122.968142,46.123251],[-122.96803,46.123231],[-122.968017,46.123165],[-122.967901,46.123141],[-122.967866,46.123061],[-122.967712,46.123052],[-122.967655,46.123075],[-122.967651,46.123203],[-122.967697,46.123229],[-122.967771,46.123231],[-122.967806,46.123312],[-122.967901,46.123322],[-122.967934,46.123416],[-122.968149,46.123401],[-122.968228,46.123436],[-122.9683,46.123401]],[[-122.96816,46.121742],[-122.968133,46.121701],[-122.968078,46.121688],[-122.968016,46.12171],[-122.967996,46.121749],[-122.968022,46.121787],[-122.968085,46.121805],[-122.968143,46.121785],[-122.96816,46.121742]],[[-122.96836,46.121611],[-122.968618,46.121624],[-122.968669,46.121596],[-122.968661,46.121451],[-122.968608,46.121432],[-122.96842,46.121431],[-122.968366,46.121408],[-122.968302,46.121421],[-122.968255,46.121479],[-122.968308,46.121592],[-122.96836,46.121611]],[[-122.968676,46.12233],[-122.968624,46.122308],[-122.968567,46.122318],[-122.968529,46.12236],[-122.968545,46.122401],[-122.968598,46.122421],[-122.96867,46.122409],[-122.968698,46.122371],[-122.968676,46.12233]],[[-122.968888,46.124226],[-122.96873,46.124198],[-122.968549,46.124238],[-122.968528,46.124283],[-122.96857,46.124386],[-122.968738,46.124426],[-122.968913,46.124386],[-122.96893,46.124255],[-122.968888,46.124226]],[[-122.968681,46.121703],[-122.968624,46.121688],[-122.968566,46.121708],[-122.968549,46.121757],[-122.968576,46.121793],[-122.968639,46.121805],[-122.968698,46.121779],[-122.968712,46.121739],[-122.968681,46.121703]],[[-122.969808,46.122773],[-122.96985,46.122627],[-122.969808,46.122604],[-122.969713,46.122602],[-122.969685,46.122524],[-122.969517,46.122513],[-122.969463,46.12254],[-122.969454,46.122602],[-122.969342,46.122622],[-122.969325,46.122692],[-122.969195,46.122692],[-122.96919,46.122622],[-122.969142,46.122591],[-122.968965,46.122614],[-122.968937,46.12265],[-122.968938,46.122828],[-122.968977,46.122865],[-122.969066,46.122872],[-122.969069,46.122923],[-122.969107,46.122955],[-122.969262,46.122961],[-122.969315,46.122933],[-122.969325,46.122872],[-122.969555,46.12286],[-122.969584,46.122782],[-122.969808,46.122773]],[[-122.969346,46.118957],[-122.969314,46.118846],[-122.969198,46.118822],[-122.969163,46.118741],[-122.969014,46.118718],[-122.968951,46.118742],[-122.968945,46.118878],[-122.968987,46.118908],[-122.969068,46.118912],[-122.969102,46.118993],[-122.969306,46.118995],[-122.969346,46.118957]],[[-122.969581,46.12431],[-122.969529,46.124288],[-122.969472,46.124298],[-122.969434,46.124341],[-122.96945,46.124381],[-122.969503,46.124402],[-122.969575,46.124389],[-122.969602,46.124352],[-122.969581,46.12431]],[[-122.970151,46.125842],[-122.970223,46.125809],[-122.970229,46.125711],[-122.970188,46.125668],[-122.970084,46.125654],[-122.970082,46.125502],[-122.96997,46.125482],[-122.969936,46.125401],[-122.969795,46.125369],[-122.969611,46.125404],[-122.969582,46.125441],[-122.9696,46.125552],[-122.969711,46.125572],[-122.969715,46.125637],[-122.969758,46.125671],[-122.969986,46.12567],[-122.969983,46.125818],[-122.970033,46.125841],[-122.970151,46.125842]],[[-122.971006,46.124762],[-122.970993,46.124696],[-122.970929,46.124672],[-122.970673,46.124675],[-122.970624,46.124706],[-122.970618,46.124762],[-122.970489,46.124762],[-122.970466,46.124688],[-122.970359,46.124672],[-122.970343,46.12459],[-122.970476,46.124558],[-122.970483,46.124435],[-122.970426,46.124403],[-122.970292,46.124403],[-122.970231,46.124446],[-122.970246,46.124574],[-122.970129,46.124594],[-122.9701,46.124672],[-122.969984,46.124696],[-122.969971,46.124762],[-122.969864,46.124778],[-122.969822,46.124897],[-122.969869,46.124938],[-122.969971,46.124942],[-122.970005,46.125023],[-122.9701,46.125032],[-122.970109,46.125184],[-122.970155,46.12521],[-122.970229,46.125212],[-122.970245,46.125294],[-122.970202,46.125324],[-122.970199,46.125365],[-122.970291,46.125406],[-122.970353,46.125372],[-122.970343,46.12531],[-122.970583,46.125293],[-122.970618,46.125212],[-122.970734,46.125188],[-122.970747,46.125122],[-122.970859,46.125103],[-122.970877,46.125032],[-122.970989,46.125013],[-122.971006,46.124942],[-122.971118,46.124923],[-122.971127,46.124791],[-122.971081,46.124765],[-122.971006,46.124762]],[[-122.970396,46.11968],[-122.970339,46.119558],[-122.970187,46.119519],[-122.969996,46.119558],[-122.969939,46.119674],[-122.969973,46.119722],[-122.969996,46.119886],[-122.970051,46.119902],[-122.970339,46.119886],[-122.970362,46.119722],[-122.970396,46.11968]],[[-122.97036,46.122282],[-122.970293,46.122229],[-122.97013,46.122254],[-122.970101,46.122332],[-122.97002,46.122336],[-122.969978,46.122365],[-122.969969,46.122491],[-122.970141,46.122525],[-122.970198,46.122516],[-122.970231,46.122422],[-122.970305,46.12242],[-122.970351,46.122394],[-122.97036,46.122282]],[[-122.970282,46.122962],[-122.970357,46.122924],[-122.970347,46.122806],[-122.97029,46.122782],[-122.970115,46.122792],[-122.970081,46.122838],[-122.970114,46.122938],[-122.970164,46.122961],[-122.970282,46.122962]],[[-122.970361,46.126561],[-122.970392,46.126509],[-122.97034,46.126459],[-122.970274,46.12645],[-122.970209,46.126485],[-122.970196,46.12653],[-122.970247,46.126576],[-122.970305,46.126586],[-122.970361,46.126561]],[[-122.970484,46.121669],[-122.970509,46.121567],[-122.97047,46.121529],[-122.970279,46.121526],[-122.970233,46.121566],[-122.970237,46.121682],[-122.970299,46.121715],[-122.970442,46.121698],[-122.970484,46.121669]],[[-122.971008,46.121882],[-122.970995,46.121816],[-122.970878,46.121792],[-122.970875,46.121741],[-122.970837,46.121709],[-122.970688,46.121678],[-122.970545,46.121704],[-122.970496,46.121735],[-122.97049,46.121792],[-122.970409,46.121796],[-122.970367,46.121825],[-122.97033,46.122035],[-122.970422,46.122086],[-122.97049,46.122062],[-122.970749,46.122062],[-122.970752,46.122127],[-122.970788,46.122159],[-122.970953,46.12215],[-122.971002,46.122119],[-122.971008,46.122062],[-122.971096,46.122056],[-122.971137,46.122014],[-122.971124,46.121906],[-122.971008,46.121882]],[[-122.970488,46.12215],[-122.970437,46.122129],[-122.970379,46.122139],[-122.970341,46.122181],[-122.970357,46.122222],[-122.97041,46.122242],[-122.970482,46.122229],[-122.97051,46.122192],[-122.970488,46.12215]],[[-122.970708,46.122249],[-122.970558,46.122229],[-122.970502,46.122253],[-122.970491,46.122379],[-122.970538,46.122418],[-122.970688,46.122435],[-122.970745,46.122397],[-122.970747,46.122286],[-122.970708,46.122249]],[[-122.97104,46.12589],[-122.970988,46.125772],[-122.970876,46.125752],[-122.970842,46.125671],[-122.970747,46.125662],[-122.970719,46.125584],[-122.970571,46.125558],[-122.970505,46.125579],[-122.970489,46.125979],[-122.970529,46.126016],[-122.970617,46.126022],[-122.970646,46.1261],[-122.970928,46.126112],[-122.970983,46.126097],[-122.971006,46.125932],[-122.97104,46.12589]],[[-122.971556,46.125361],[-122.971524,46.125213],[-122.97164,46.125188],[-122.971653,46.125081],[-122.971612,46.125039],[-122.971524,46.125032],[-122.971515,46.124971],[-122.971454,46.124943],[-122.971288,46.124958],[-122.971265,46.125032],[-122.97117,46.125041],[-122.971135,46.125122],[-122.971024,46.125142],[-122.970972,46.125249],[-122.971024,46.125373],[-122.971189,46.125416],[-122.971267,46.125392],[-122.971492,46.125411],[-122.971556,46.125361]],[[-122.97218,46.121948],[-122.972167,46.121826],[-122.972125,46.121797],[-122.971784,46.121792],[-122.971781,46.121741],[-122.971743,46.121709],[-122.971526,46.121702],[-122.971513,46.121636],[-122.971396,46.121612],[-122.97139,46.121556],[-122.971348,46.121526],[-122.9712,46.121523],[-122.971143,46.121556],[-122.971103,46.12166],[-122.971154,46.121786],[-122.971212,46.121806],[-122.971396,46.121792],[-122.971396,46.121882],[-122.971308,46.121889],[-122.971268,46.121926],[-122.971268,46.122032],[-122.971313,46.122072],[-122.971491,46.122053],[-122.971526,46.121972],[-122.971653,46.121972],[-122.971661,46.122029],[-122.971703,46.122058],[-122.97199,46.122074],[-122.972037,46.122043],[-122.972043,46.121973],[-122.972138,46.12197],[-122.97218,46.121948]],[[-122.971263,46.12548],[-122.971211,46.125459],[-122.971154,46.125469],[-122.971116,46.125511],[-122.971132,46.125552],[-122.971185,46.125572],[-122.971257,46.12556],[-122.971284,46.125522],[-122.971263,46.12548]],[[-122.972547,46.123119],[-122.972578,46.123002],[-122.972526,46.122965],[-122.972172,46.122963],[-122.972172,46.122873],[-122.972207,46.122825],[-122.972138,46.122702],[-122.971968,46.122695],[-122.971919,46.122726],[-122.971913,46.122782],[-122.971784,46.122782],[-122.971804,46.122653],[-122.971776,46.122615],[-122.971471,46.122589],[-122.971404,46.122618],[-122.971396,46.122692],[-122.971301,46.122695],[-122.971255,46.122722],[-122.971266,46.122962],[-122.97115,46.122986],[-122.971137,46.123088],[-122.971192,46.12314],[-122.971395,46.123142],[-122.971424,46.12322],[-122.971593,46.123257],[-122.971687,46.1232],[-122.971654,46.123142],[-122.971654,46.123052],[-122.971784,46.123053],[-122.971797,46.123118],[-122.971913,46.123143],[-122.971948,46.123223],[-122.972172,46.123233],[-122.972241,46.123257],[-122.972408,46.123217],[-122.972431,46.123143],[-122.972547,46.123119]],[[-122.971443,46.124398],[-122.971586,46.124416],[-122.971641,46.124392],[-122.97165,46.124261],[-122.971599,46.124225],[-122.97145,46.124225],[-122.971398,46.124261],[-122.971398,46.124364],[-122.971443,46.124398]],[[-122.972094,46.123953],[-122.972168,46.123914],[-122.972163,46.123801],[-122.972109,46.123774],[-122.971954,46.123779],[-122.971914,46.123816],[-122.971922,46.123924],[-122.971975,46.123951],[-122.972094,46.123953]],[[-122.97243,46.124223],[-122.972629,46.124235],[-122.97268,46.124208],[-122.972683,46.124076],[-122.972627,46.124044],[-122.972431,46.124043],[-122.972425,46.123973],[-122.972377,46.123942],[-122.972206,46.123962],[-122.972171,46.124043],[-122.971975,46.124044],[-122.971916,46.124081],[-122.971922,46.124194],[-122.971968,46.12422],[-122.972042,46.124223],[-122.972048,46.124279],[-122.972097,46.12431],[-122.97237,46.124325],[-122.972425,46.124293],[-122.97243,46.124223]],[[-122.972102,46.125315],[-122.972245,46.1253],[-122.972291,46.125274],[-122.972295,46.125156],[-122.972238,46.125124],[-122.972069,46.125127],[-122.972022,46.125173],[-122.972047,46.125283],[-122.972102,46.125315]],[[-122.972822,46.123861],[-122.972853,46.12381],[-122.972784,46.123692],[-122.972621,46.123659],[-122.972442,46.123694],[-122.972418,46.123617],[-122.972301,46.123593],[-122.972298,46.123541],[-122.97226,46.123509],[-122.972092,46.123503],[-122.972035,46.123528],[-122.972051,46.123654],[-122.972097,46.12368],[-122.972172,46.123683],[-122.972206,46.123763],[-122.97242,46.123762],[-122.972436,46.123843],[-122.972491,46.123875],[-122.972689,46.123863],[-122.972758,46.123887],[-122.972822,46.123861]],[[-122.972318,46.127418],[-122.972294,46.127303],[-122.972246,46.127272],[-122.972096,46.127285],[-122.972044,46.127321],[-122.972044,46.127424],[-122.972096,46.12746],[-122.972285,46.127453],[-122.972318,46.127418]],[[-122.972103,46.127012],[-122.972369,46.127025],[-122.97242,46.126997],[-122.97242,46.126861],[-122.972374,46.126835],[-122.9723,46.126833],[-122.972296,46.126767],[-122.972253,46.126733],[-122.972082,46.126749],[-122.972041,46.126791],[-122.97205,46.126984],[-122.972103,46.127012]],[[-122.972224,46.122513],[-122.972298,46.122474],[-122.972293,46.122361],[-122.972239,46.122334],[-122.972084,46.122339],[-122.972044,46.122376],[-122.972052,46.122484],[-122.972105,46.122512],[-122.972224,46.122513]],[[-122.972354,46.122153],[-122.972428,46.122114],[-122.972422,46.122001],[-122.972369,46.121974],[-122.972212,46.121966],[-122.972173,46.122008],[-122.972182,46.122124],[-122.972235,46.122152],[-122.972354,46.122153]],[[-122.972706,46.127688],[-122.972682,46.127586],[-122.972632,46.127555],[-122.972471,46.127554],[-122.972412,46.127592],[-122.972434,46.127713],[-122.972489,46.127745],[-122.972674,46.127723],[-122.972706,46.127688]],[[-122.972839,46.122732],[-122.972806,46.122627],[-122.97269,46.122603],[-122.972687,46.122551],[-122.972649,46.122519],[-122.972494,46.122514],[-122.97244,46.122541],[-122.97244,46.122664],[-122.972486,46.12269],[-122.97256,46.122693],[-122.972576,46.122775],[-122.972526,46.12283],[-122.972576,46.12288],[-122.972562,46.122933],[-122.9726,46.12297],[-122.972658,46.122975],[-122.972714,46.122945],[-122.972674,46.12279],[-122.972817,46.122766],[-122.972839,46.122732]],[[-122.972898,46.128367],[-122.972748,46.128339],[-122.97258,46.128379],[-122.972538,46.128482],[-122.97256,46.128526],[-122.972615,46.128543],[-122.972923,46.128527],[-122.97294,46.128396],[-122.972898,46.128367]],[[-122.973596,46.123593],[-122.973592,46.123541],[-122.973555,46.123509],[-122.973337,46.123503],[-122.973331,46.123446],[-122.973282,46.123415],[-122.973078,46.123413],[-122.973078,46.123233],[-122.973179,46.123221],[-122.973208,46.123143],[-122.973324,46.123119],[-122.973337,46.123053],[-122.973444,46.123037],[-122.973499,46.122931],[-122.973438,46.122795],[-122.973263,46.122785],[-122.973214,46.122816],[-122.973208,46.122873],[-122.973091,46.122897],[-122.973078,46.122963],[-122.972966,46.122982],[-122.972949,46.123053],[-122.972832,46.123077],[-122.972819,46.123233],[-122.972724,46.123242],[-122.97269,46.123323],[-122.972578,46.123342],[-122.972543,46.123463],[-122.972588,46.123498],[-122.972689,46.123503],[-122.972703,46.123569],[-122.972819,46.123593],[-122.972822,46.123644],[-122.97286,46.123676],[-122.973078,46.123683],[-122.973079,46.123819],[-122.97314,46.123862],[-122.973302,46.123854],[-122.973337,46.123773],[-122.973697,46.123761],[-122.973725,46.123724],[-122.973719,46.123626],[-122.973677,46.123597],[-122.973596,46.123593]],[[-122.972811,46.127159],[-122.972836,46.127058],[-122.972797,46.127019],[-122.972606,46.127017],[-122.97256,46.127056],[-122.972564,46.127173],[-122.972626,46.127206],[-122.972769,46.127189],[-122.972811,46.127159]],[[-122.97298,46.124345],[-122.972942,46.124256],[-122.972893,46.124225],[-122.972731,46.124224],[-122.972672,46.124262],[-122.972707,46.124383],[-122.972865,46.124425],[-122.972917,46.124422],[-122.972972,46.124386],[-122.97298,46.124345]],[[-122.973354,46.127598],[-122.973317,46.127483],[-122.973205,46.127463],[-122.973192,46.127397],[-122.973076,46.127373],[-122.973042,46.127292],[-122.972887,46.127283],[-122.97283,46.127307],[-122.972826,46.127434],[-122.972872,46.12746],[-122.972946,46.127463],[-122.972981,46.127544],[-122.973076,46.127553],[-122.97311,46.127634],[-122.973314,46.127636],[-122.973354,46.127598]],[[-122.973469,46.124491],[-122.9735,46.12444],[-122.973443,46.124329],[-122.973388,46.124313],[-122.97323,46.124329],[-122.973207,46.124583],[-122.973118,46.124589],[-122.973079,46.124626],[-122.973078,46.124804],[-122.973112,46.124844],[-122.973288,46.124849],[-122.97333,46.12482],[-122.973336,46.124763],[-122.973431,46.12476],[-122.973473,46.124738],[-122.973469,46.124491]],[[-122.974004,46.121923],[-122.973972,46.121817],[-122.973855,46.121793],[-122.973821,46.121712],[-122.973638,46.121709],[-122.9736,46.121741],[-122.973596,46.121793],[-122.97348,46.121817],[-122.973467,46.121883],[-122.973278,46.121883],[-122.973221,46.121907],[-122.973208,46.122063],[-122.973127,46.122067],[-122.973082,46.122101],[-122.973087,46.122228],[-122.973139,46.122255],[-122.973337,46.122243],[-122.973398,46.122267],[-122.973467,46.122243],[-122.973685,46.122237],[-122.973722,46.122205],[-122.973726,46.122153],[-122.9738,46.122151],[-122.973846,46.122124],[-122.973855,46.121973],[-122.973983,46.121956],[-122.974004,46.121923]],[[-122.973982,46.127103],[-122.973979,46.127051],[-122.973941,46.127019],[-122.973734,46.127024],[-122.973682,46.126929],[-122.973449,46.126915],[-122.973464,46.126792],[-122.97343,46.126752],[-122.973281,46.126729],[-122.973218,46.126754],[-122.973189,46.126883],[-122.973233,46.126919],[-122.973351,46.126931],[-122.973335,46.127054],[-122.97337,46.127094],[-122.973712,46.127092],[-122.973736,46.127169],[-122.973853,46.127193],[-122.973881,46.127271],[-122.974056,46.127281],[-122.974108,46.127245],[-122.974108,46.127141],[-122.974064,46.127107],[-122.973982,46.127103]],[[-122.973518,46.124223],[-122.973592,46.124185],[-122.973586,46.124071],[-122.973533,46.124044],[-122.973378,46.124049],[-122.97334,46.124081],[-122.973325,46.124193],[-122.973379,46.124222],[-122.973518,46.124223]],[[-122.97398,46.126471],[-122.973929,46.126449],[-122.973871,46.12646],[-122.973834,46.126502],[-122.97385,46.126542],[-122.973903,46.126563],[-122.973975,46.12655],[-122.974002,46.126513],[-122.97398,46.126471]],[[-122.974393,46.127087],[-122.974569,46.127116],[-122.974624,46.127083],[-122.974607,46.126939],[-122.9745,46.126923],[-122.974482,46.126853],[-122.974371,46.126833],[-122.974358,46.126767],[-122.974241,46.126743],[-122.974238,46.126691],[-122.9742,46.126659],[-122.974043,46.126629],[-122.973876,46.126669],[-122.973853,46.126707],[-122.973876,46.126817],[-122.974112,46.126833],[-122.974129,46.126903],[-122.974241,46.126923],[-122.974276,46.127004],[-122.97437,46.127013],[-122.974393,46.127087]],[[-122.976494,46.125124],[-122.97657,46.12508],[-122.976559,46.124878],[-122.976443,46.124853],[-122.976437,46.124783],[-122.976382,46.124751],[-122.975925,46.124763],[-122.975902,46.124689],[-122.975796,46.124673],[-122.975796,46.124583],[-122.975829,46.12453],[-122.97579,46.124437],[-122.975748,46.124408],[-122.975585,46.124407],[-122.975543,46.124437],[-122.975537,46.124493],[-122.975407,46.124493],[-122.97539,46.124423],[-122.975278,46.124403],[-122.975269,46.124328],[-122.975195,46.1243],[-122.975011,46.124338],[-122.975008,46.124504],[-122.97489,46.124493],[-122.974876,46.124427],[-122.974812,46.124403],[-122.974659,46.124415],[-122.97462,46.124504],[-122.974501,46.124493],[-122.974478,46.124419],[-122.974372,46.124402],[-122.974372,46.124223],[-122.97446,46.124217],[-122.9745,46.12418],[-122.974502,46.123863],[-122.97462,46.123852],[-122.974715,46.123886],[-122.974769,46.123855],[-122.974778,46.123813],[-122.974733,46.123777],[-122.974631,46.123773],[-122.974631,46.123683],[-122.974665,46.12363],[-122.974622,46.123518],[-122.974571,46.123491],[-122.974407,46.123512],[-122.974372,46.123593],[-122.974256,46.123617],[-122.974243,46.123683],[-122.974131,46.123703],[-122.974113,46.123953],[-122.974025,46.123959],[-122.973984,46.124002],[-122.973966,46.124273],[-122.974011,46.124309],[-122.974113,46.124314],[-122.974113,46.124403],[-122.974006,46.124419],[-122.973951,46.124525],[-122.973996,46.124593],[-122.974052,46.124607],[-122.974113,46.124583],[-122.974372,46.124583],[-122.974406,46.124664],[-122.974553,46.124673],[-122.974617,46.124649],[-122.974642,46.124572],[-122.97476,46.124583],[-122.97476,46.124673],[-122.974678,46.124677],[-122.974634,46.124711],[-122.974636,46.124833],[-122.974698,46.124867],[-122.974887,46.124853],[-122.974944,46.124867],[-122.97501,46.124838],[-122.975051,46.124731],[-122.975019,46.124673],[-122.97503,46.124572],[-122.975278,46.124583],[-122.9753,46.124657],[-122.975407,46.124673],[-122.975407,46.124853],[-122.975319,46.12486],[-122.975279,46.124897],[-122.975279,46.12499],[-122.975312,46.125024],[-122.975491,46.125056],[-122.975643,46.125018],[-122.975666,46.124943],[-122.975795,46.124943],[-122.975808,46.125009],[-122.975925,46.125034],[-122.975931,46.12509],[-122.975973,46.125119],[-122.976136,46.125119],[-122.976178,46.12509],[-122.976184,46.125034],[-122.976311,46.125034],[-122.976348,46.125114],[-122.976494,46.125124]],[[-122.974776,46.122569],[-122.974748,46.122447],[-122.974632,46.122423],[-122.974628,46.122371],[-122.974591,46.122339],[-122.974313,46.122333],[-122.974252,46.122362],[-122.974243,46.122423],[-122.974127,46.122447],[-122.974094,46.122553],[-122.974164,46.122603],[-122.974711,46.122603],[-122.974776,46.122569]],[[-122.974167,46.122884],[-122.974359,46.122849],[-122.974369,46.122731],[-122.974317,46.122695],[-122.974169,46.122695],[-122.974115,46.122736],[-122.974117,46.122848],[-122.974167,46.122884]],[[-122.974666,46.121846],[-122.974626,46.121736],[-122.974577,46.121705],[-122.974426,46.12168],[-122.974343,46.12173],[-122.974379,46.12185],[-122.974428,46.121881],[-122.974607,46.1219],[-122.974666,46.121846]],[[-122.9745,46.127283],[-122.974519,46.127238],[-122.974486,46.127203],[-122.974413,46.127194],[-122.974363,46.127218],[-122.974353,46.12726],[-122.974389,46.127297],[-122.974447,46.127307],[-122.9745,46.127283]],[[-122.97477,46.123532],[-122.974743,46.123643],[-122.974788,46.123679],[-122.975086,46.123682],[-122.975145,46.123645],[-122.975147,46.123547],[-122.975086,46.123504],[-122.974823,46.123504],[-122.97477,46.123532]],[[-122.975277,46.127463],[-122.975273,46.127398],[-122.97523,46.127364],[-122.97504,46.127389],[-122.974998,46.127587],[-122.975019,46.127627],[-122.975208,46.127667],[-122.975383,46.127628],[-122.9754,46.127497],[-122.975358,46.127467],[-122.975277,46.127463]],[[-122.975556,46.122648],[-122.975524,46.122537],[-122.975408,46.122513],[-122.975405,46.122462],[-122.975367,46.12243],[-122.975199,46.122424],[-122.975138,46.122453],[-122.975158,46.122575],[-122.975204,46.122601],[-122.975279,46.122603],[-122.975282,46.122655],[-122.97532,46.122687],[-122.975517,46.122687],[-122.975556,46.122648]],[[-122.976459,46.125894],[-122.976442,46.125532],[-122.976394,46.125488],[-122.976253,46.125484],[-122.976201,46.125503],[-122.976181,46.125664],[-122.976054,46.125663],[-122.976041,46.125597],[-122.975925,46.125573],[-122.975902,46.125499],[-122.975749,46.125461],[-122.975666,46.125483],[-122.975449,46.125484],[-122.975395,46.125513],[-122.975429,46.125648],[-122.975665,46.125663],[-122.975688,46.125738],[-122.975795,46.125753],[-122.975829,46.125834],[-122.975924,46.125844],[-122.975928,46.125909],[-122.975971,46.125943],[-122.976183,46.125934],[-122.976252,46.125958],[-122.976407,46.125931],[-122.976459,46.125894]],[[-122.975687,46.127898],[-122.975856,46.127927],[-122.975911,46.127903],[-122.975923,46.127782],[-122.975883,46.12774],[-122.975794,46.127733],[-122.975772,46.127646],[-122.975712,46.12763],[-122.975429,46.127659],[-122.975406,46.127697],[-122.975429,46.127808],[-122.975665,46.127824],[-122.975687,46.127898]],[[-122.975803,46.125278],[-122.975792,46.125162],[-122.975754,46.12513],[-122.975577,46.12513],[-122.97554,46.125162],[-122.975536,46.125213],[-122.975462,46.125216],[-122.975416,46.125242],[-122.975416,46.125365],[-122.975469,46.125392],[-122.975625,46.125387],[-122.975662,46.125355],[-122.975666,46.125303],[-122.97576,46.125301],[-122.975803,46.125278]],[[-122.976763,46.124248],[-122.976913,46.12422],[-122.976955,46.12419],[-122.97696,46.124092],[-122.976926,46.124053],[-122.976702,46.124044],[-122.976696,46.123987],[-122.976647,46.123956],[-122.976443,46.123953],[-122.976425,46.123883],[-122.976314,46.123863],[-122.976279,46.123783],[-122.976184,46.123773],[-122.976156,46.123696],[-122.975925,46.123683],[-122.975919,46.123627],[-122.975877,46.123598],[-122.975612,46.12358],[-122.97555,46.123604],[-122.975537,46.123719],[-122.97556,46.123758],[-122.975796,46.123773],[-122.975809,46.123839],[-122.975925,46.123863],[-122.975931,46.12392],[-122.975973,46.123949],[-122.976184,46.123954],[-122.976202,46.124024],[-122.976313,46.124044],[-122.976327,46.12411],[-122.976443,46.124134],[-122.976477,46.124214],[-122.976702,46.124224],[-122.976763,46.124248]],[[-122.975925,46.126023],[-122.975941,46.125973],[-122.975897,46.125938],[-122.975806,46.125944],[-122.975726,46.125909],[-122.97565,46.125952],[-122.975651,46.125989],[-122.975693,46.126019],[-122.975784,46.126012],[-122.975856,46.126048],[-122.975925,46.126023]],[[-122.976055,46.122873],[-122.976042,46.122807],[-122.975926,46.122783],[-122.975922,46.122732],[-122.975885,46.1227],[-122.975729,46.122694],[-122.975676,46.122722],[-122.975652,46.122929],[-122.975702,46.122961],[-122.975796,46.122963],[-122.975799,46.123029],[-122.975836,46.12306],[-122.976114,46.123053],[-122.976167,46.123034],[-122.976175,46.122902],[-122.976129,46.122876],[-122.976055,46.122873]],[[-122.976032,46.123488],[-122.976074,46.123279],[-122.976035,46.12324],[-122.975879,46.12322],[-122.975818,46.123236],[-122.975796,46.123449],[-122.975819,46.123488],[-122.975874,46.123503],[-122.976032,46.123488]],[[-122.975925,46.124493],[-122.975891,46.124531],[-122.975905,46.124571],[-122.975964,46.124597],[-122.976021,46.124588],[-122.976053,46.124554],[-122.976042,46.124504],[-122.975987,46.12448],[-122.975925,46.124493]],[[-122.975985,46.125406],[-122.976128,46.125391],[-122.976174,46.125365],[-122.976178,46.125247],[-122.976121,46.125215],[-122.975952,46.125218],[-122.975905,46.125264],[-122.97593,46.125374],[-122.975985,46.125406]],[[-122.976182,46.127954],[-122.976155,46.127913],[-122.9761,46.1279],[-122.976038,46.127922],[-122.976018,46.127961],[-122.976044,46.127999],[-122.976107,46.128017],[-122.976165,46.127997],[-122.976182,46.127954]],[[-122.976363,46.128274],[-122.976438,46.128235],[-122.976432,46.128122],[-122.976379,46.128095],[-122.976223,46.1281],[-122.976184,46.128137],[-122.976191,46.128245],[-122.976245,46.128273],[-122.976363,46.128274]],[[-122.976557,46.128478],[-122.976365,46.128443],[-122.976315,46.128478],[-122.976278,46.128597],[-122.976357,46.128656],[-122.976522,46.12863],[-122.976567,46.128595],[-122.976557,46.128478]],[[-122.97762,46.123384],[-122.977595,46.123258],[-122.977479,46.123234],[-122.977473,46.123177],[-122.977424,46.123146],[-122.977031,46.123144],[-122.976964,46.123182],[-122.976962,46.123294],[-122.977014,46.123335],[-122.977349,46.123324],[-122.977384,46.123405],[-122.97755,46.123414],[-122.97762,46.123384]],[[-122.978663,46.124984],[-122.97864,46.124892],[-122.978602,46.12486],[-122.978384,46.124854],[-122.978378,46.124797],[-122.978329,46.124766],[-122.978125,46.124764],[-122.978125,46.124633],[-122.978091,46.124593],[-122.977867,46.124584],[-122.97779,46.12456],[-122.977636,46.124596],[-122.977607,46.124674],[-122.977397,46.124678],[-122.977355,46.124707],[-122.977349,46.124764],[-122.977242,46.12478],[-122.977219,46.124818],[-122.977235,46.124936],[-122.977103,46.124968],[-122.97709,46.125075],[-122.977145,46.125121],[-122.977315,46.125128],[-122.977348,46.125089],[-122.977349,46.124944],[-122.977478,46.124944],[-122.977484,46.125014],[-122.977531,46.125045],[-122.977737,46.125034],[-122.977737,46.125124],[-122.977625,46.125144],[-122.977573,46.125256],[-122.977616,46.125379],[-122.977697,46.125407],[-122.977874,46.125369],[-122.977866,46.125214],[-122.978125,46.125214],[-122.978128,46.125266],[-122.978166,46.125298],[-122.978349,46.125295],[-122.978384,46.125214],[-122.978458,46.125212],[-122.978504,46.125185],[-122.978514,46.125034],[-122.978641,46.125018],[-122.978663,46.124984]],[[-122.977995,46.127054],[-122.977968,46.127013],[-122.977912,46.127],[-122.977851,46.127023],[-122.977831,46.127062],[-122.977856,46.127099],[-122.97792,46.127118],[-122.977978,46.127097],[-122.977995,46.127054]],[[-122.978304,46.130524],[-122.978379,46.130486],[-122.978373,46.130373],[-122.978319,46.130345],[-122.978164,46.13035],[-122.978126,46.130382],[-122.978111,46.130494],[-122.978165,46.130523],[-122.978304,46.130524]],[[-122.978528,46.131564],[-122.978502,46.131453],[-122.978448,46.131425],[-122.97819,46.131411],[-122.978124,46.131454],[-122.978126,46.131566],[-122.978185,46.131603],[-122.978483,46.1316],[-122.978528,46.131564]],[[-122.979807,46.126514],[-122.97974,46.126461],[-122.979577,46.126486],[-122.979548,46.126564],[-122.979467,46.126568],[-122.979425,46.126597],[-122.979419,46.126744],[-122.979318,46.126756],[-122.979289,46.126834],[-122.979194,46.126843],[-122.97916,46.126924],[-122.979044,46.126948],[-122.97903,46.127104],[-122.978924,46.12712],[-122.978901,46.127194],[-122.978683,46.1272],[-122.978645,46.127232],[-122.978642,46.127284],[-122.97853,46.127304],[-122.978518,46.127431],[-122.97856,46.12746],[-122.978642,46.127464],[-122.97867,46.127542],[-122.978846,46.127552],[-122.978895,46.127521],[-122.978901,46.127464],[-122.97903,46.127464],[-122.979031,46.127595],[-122.979065,46.127635],[-122.979228,46.127668],[-122.979401,46.127624],[-122.979419,46.127374],[-122.979514,46.127365],[-122.979548,46.127284],[-122.97966,46.127264],[-122.979678,46.127104],[-122.979759,46.1271],[-122.979804,46.127066],[-122.979794,46.126948],[-122.979678,46.126924],[-122.979678,46.126656],[-122.979794,46.12663],[-122.979807,46.126514]],[[-122.978693,46.130524],[-122.978767,46.130486],[-122.978761,46.130373],[-122.978708,46.130345],[-122.978552,46.13035],[-122.978513,46.130388],[-122.978521,46.130496],[-122.978574,46.130523],[-122.978693,46.130524]],[[-122.979547,46.130524],[-122.979541,46.130468],[-122.979492,46.130437],[-122.97917,46.130445],[-122.97912,46.130413],[-122.979061,46.130415],[-122.979012,46.130484],[-122.979057,46.13052],[-122.979158,46.130524],[-122.979158,46.130704],[-122.97904,46.130715],[-122.978995,46.130623],[-122.978825,46.130616],[-122.978772,46.130658],[-122.978779,46.130779],[-122.978845,46.130808],[-122.979018,46.130783],[-122.97909,46.130818],[-122.979169,46.130783],[-122.979506,46.130788],[-122.979544,46.130756],[-122.979547,46.130704],[-122.979635,46.130698],[-122.979676,46.130656],[-122.979663,46.130548],[-122.979547,46.130524]],[[-122.979438,46.128044],[-122.979413,46.127948],[-122.979371,46.127918],[-122.979098,46.127901],[-122.979039,46.127929],[-122.979019,46.128015],[-122.978921,46.128011],[-122.978881,46.128065],[-122.978947,46.128117],[-122.979041,46.128083],[-122.979236,46.128118],[-122.979411,46.128081],[-122.979438,46.128044]],[[-122.978948,46.12863],[-122.979092,46.128648],[-122.979147,46.128623],[-122.979156,46.128492],[-122.979104,46.128456],[-122.978956,46.128456],[-122.978904,46.128492],[-122.978904,46.128596],[-122.978948,46.12863]],[[-122.979322,46.131202],[-122.979282,46.131098],[-122.97924,46.131068],[-122.979099,46.131064],[-122.979042,46.131088],[-122.979009,46.131368],[-122.979043,46.131415],[-122.979218,46.131424],[-122.979275,46.1314],[-122.979288,46.131244],[-122.979322,46.131202]],[[-122.979568,46.125529],[-122.979548,46.125353],[-122.979514,46.125313],[-122.97929,46.125304],[-122.979281,46.125243],[-122.979228,46.125215],[-122.979094,46.125215],[-122.979044,46.125238],[-122.97904,46.125366],[-122.979086,46.125392],[-122.97916,46.125394],[-122.979195,46.125475],[-122.97929,46.125484],[-122.979324,46.125565],[-122.979528,46.125568],[-122.979568,46.125529]],[[-122.979552,46.124586],[-122.97948,46.12456],[-122.979313,46.1246],[-122.97929,46.124638],[-122.979313,46.124748],[-122.979368,46.124764],[-122.979526,46.124748],[-122.979583,46.124637],[-122.979552,46.124586]],[[-122.979806,46.128854],[-122.979739,46.128801],[-122.979576,46.128826],[-122.979548,46.128863],[-122.979564,46.128988],[-122.97963,46.129008],[-122.979778,46.128982],[-122.979805,46.128951],[-122.979806,46.128854]],[[-122.979807,46.128224],[-122.979779,46.128183],[-122.979724,46.128171],[-122.979663,46.128193],[-122.979643,46.128232],[-122.979668,46.128269],[-122.979732,46.128288],[-122.97979,46.128268],[-122.979807,46.128224]],[[-122.982819,46.127872],[-122.982778,46.127768],[-122.982743,46.127741],[-122.982525,46.127735],[-122.982522,46.127683],[-122.982484,46.127651],[-122.982307,46.127651],[-122.98227,46.127683],[-122.982266,46.127735],[-122.98215,46.127759],[-122.982137,46.127825],[-122.982025,46.127844],[-122.982007,46.127915],[-122.981896,46.127934],[-122.981878,46.128005],[-122.981667,46.128009],[-122.981625,46.128038],[-122.981619,46.128094],[-122.981545,46.128097],[-122.981499,46.128123],[-122.981499,46.128246],[-122.981545,46.128272],[-122.981619,46.128275],[-122.981653,46.128355],[-122.981748,46.128365],[-122.981737,46.128466],[-122.981543,46.128431],[-122.981388,46.128467],[-122.98136,46.128544],[-122.981231,46.128544],[-122.981162,46.12852],[-122.980985,46.128568],[-122.980957,46.12869],[-122.981006,46.128722],[-122.981101,46.128725],[-122.981101,46.128814],[-122.980994,46.12883],[-122.980971,46.128904],[-122.980855,46.128928],[-122.980842,46.128994],[-122.98061,46.128993],[-122.980583,46.129084],[-122.980488,46.129087],[-122.980439,46.129119],[-122.980453,46.129264],[-122.980345,46.129271],[-122.980305,46.129326],[-122.98033,46.129411],[-122.980372,46.12944],[-122.980712,46.129444],[-122.98073,46.129515],[-122.980842,46.129535],[-122.980876,46.129615],[-122.980971,46.129625],[-122.981,46.129702],[-122.98123,46.129715],[-122.98123,46.129804],[-122.981135,46.129814],[-122.9811,46.129894],[-122.980984,46.129918],[-122.980971,46.130074],[-122.980712,46.130074],[-122.980695,46.130004],[-122.980583,46.129984],[-122.980548,46.129904],[-122.980453,46.129894],[-122.980425,46.129817],[-122.980324,46.129804],[-122.980296,46.129727],[-122.980143,46.129714],[-122.980088,46.12973],[-122.980065,46.129804],[-122.979983,46.129808],[-122.979941,46.129838],[-122.979935,46.129984],[-122.979834,46.129997],[-122.979806,46.130074],[-122.979718,46.130081],[-122.979677,46.130123],[-122.979682,46.130311],[-122.979724,46.13034],[-122.979806,46.130344],[-122.97984,46.130425],[-122.979935,46.130434],[-122.979935,46.130524],[-122.979901,46.130572],[-122.979954,46.130628],[-122.980194,46.130614],[-122.980197,46.130666],[-122.980235,46.130698],[-122.980453,46.130704],[-122.980466,46.13077],[-122.980582,46.130794],[-122.980588,46.130865],[-122.980643,46.130897],[-122.980807,46.130875],[-122.980841,46.130795],[-122.980971,46.130795],[-122.980988,46.130865],[-122.9811,46.130885],[-122.981113,46.130951],[-122.98123,46.130975],[-122.981236,46.131031],[-122.981285,46.131062],[-122.981677,46.131064],[-122.981734,46.131041],[-122.981748,46.130885],[-122.981822,46.130882],[-122.981868,46.130856],[-122.981871,46.130738],[-122.981829,46.130709],[-122.981748,46.130705],[-122.981713,46.130624],[-122.981618,46.130615],[-122.981584,46.130534],[-122.981359,46.130524],[-122.981359,46.130435],[-122.981434,46.130432],[-122.98148,46.130406],[-122.981489,46.130255],[-122.981595,46.130239],[-122.981618,46.130165],[-122.981719,46.130152],[-122.981748,46.130075],[-122.981849,46.130062],[-122.981877,46.129985],[-122.981978,46.129972],[-122.982007,46.129895],[-122.982108,46.129882],[-122.982136,46.129805],[-122.982237,46.129792],[-122.982266,46.129715],[-122.982361,46.129706],[-122.982395,46.129625],[-122.982507,46.129605],[-122.982525,46.129445],[-122.982559,46.129402],[-122.982507,46.129284],[-122.982395,46.129265],[-122.982395,46.129175],[-122.982429,46.129122],[-122.982354,46.129001],[-122.982048,46.129001],[-122.982008,46.129038],[-122.982007,46.129175],[-122.981878,46.129175],[-122.981878,46.128995],[-122.981952,46.128992],[-122.981998,46.128966],[-122.982007,46.128815],[-122.982041,46.128762],[-122.981973,46.128644],[-122.981748,46.128635],[-122.981748,46.128545],[-122.982007,46.128545],[-122.98201,46.128596],[-122.982048,46.128628],[-122.982266,46.128635],[-122.982267,46.128771],[-122.982314,46.128811],[-122.982464,46.128839],[-122.982652,46.128798],[-122.982674,46.128759],[-122.982645,46.128573],[-122.982592,46.128546],[-122.982396,46.128545],[-122.982396,46.128455],[-122.982512,46.128431],[-122.982525,46.128275],[-122.982606,46.128271],[-122.982651,46.128236],[-122.982655,46.128095],[-122.982736,46.128091],[-122.982778,46.128061],[-122.982784,46.127915],[-122.982819,46.127872]],[[-122.979729,46.131435],[-122.979922,46.1314],[-122.979932,46.131283],[-122.97988,46.131247],[-122.979731,46.131247],[-122.979678,46.131288],[-122.979679,46.131399],[-122.979729,46.131435]],[[-122.980063,46.129532],[-122.980012,46.129511],[-122.979954,46.129521],[-122.979916,46.129563],[-122.979932,46.129604],[-122.979986,46.129624],[-122.980057,46.129612],[-122.980085,46.129574],[-122.980063,46.129532]],[[-122.980843,46.127464],[-122.980825,46.127394],[-122.980713,46.127374],[-122.980679,46.127293],[-122.980584,46.127284],[-122.980555,46.127207],[-122.980325,46.127194],[-122.980319,46.127048],[-122.980277,46.127018],[-122.980196,46.127014],[-122.980167,46.126937],[-122.980007,46.126925],[-122.979954,46.126944],[-122.979942,46.127341],[-122.979984,46.12737],[-122.980066,46.127374],[-122.9801,46.127455],[-122.980195,46.127464],[-122.980204,46.127616],[-122.98025,46.127642],[-122.980325,46.127644],[-122.980359,46.127725],[-122.980454,46.127734],[-122.980489,46.127815],[-122.980644,46.127848],[-122.980787,46.127822],[-122.980836,46.127791],[-122.980842,46.127734],[-122.980959,46.12771],[-122.980969,46.127503],[-122.980924,46.127469],[-122.980843,46.127464]],[[-122.980324,46.128544],[-122.980406,46.12854],[-122.98045,46.128506],[-122.98045,46.128403],[-122.980399,46.128367],[-122.980236,46.128371],[-122.980198,46.128403],[-122.980195,46.128454],[-122.980113,46.128458],[-122.980069,46.128493],[-122.980069,46.128596],[-122.980121,46.128632],[-122.98029,46.128625],[-122.980324,46.128544]],[[-122.980972,46.126564],[-122.981047,46.126562],[-122.981093,46.126536],[-122.981084,46.126404],[-122.981032,46.126385],[-122.980714,46.126384],[-122.980704,46.126323],[-122.980651,46.126295],[-122.98038,46.126297],[-122.980331,46.126328],[-122.980325,46.126384],[-122.980129,46.126385],[-122.980068,46.126428],[-122.980072,46.126621],[-122.980114,46.12665],[-122.980195,46.126654],[-122.980205,46.126716],[-122.980258,46.126743],[-122.98042,46.126735],[-122.980455,46.126654],[-122.980713,46.126654],[-122.980782,46.126678],[-122.980924,46.12665],[-122.980966,46.126621],[-122.980972,46.126564]],[[-122.980453,46.131514],[-122.980447,46.131458],[-122.980405,46.131429],[-122.980217,46.13144],[-122.980159,46.131557],[-122.980217,46.131679],[-122.980384,46.131719],[-122.980453,46.131694],[-122.980689,46.131679],[-122.980712,46.13164],[-122.980689,46.13153],[-122.980453,46.131514]],[[-122.980432,46.129082],[-122.980486,46.128846],[-122.980415,46.128793],[-122.980197,46.128831],[-122.980175,46.12887],[-122.980217,46.129069],[-122.980371,46.129098],[-122.980432,46.129082]],[[-122.981232,46.131243],[-122.981264,46.131197],[-122.981212,46.131084],[-122.98116,46.131065],[-122.980971,46.131064],[-122.980965,46.131008],[-122.980923,46.130979],[-122.980712,46.130974],[-122.980643,46.13095],[-122.980501,46.130979],[-122.980459,46.131008],[-122.980453,46.131106],[-122.980481,46.131142],[-122.980712,46.131155],[-122.980712,46.131244],[-122.980678,46.131297],[-122.980718,46.131391],[-122.98076,46.13142],[-122.981205,46.131441],[-122.981264,46.131382],[-122.98123,46.131334],[-122.981232,46.131243]],[[-122.980991,46.126159],[-122.98095,46.12604],[-122.980797,46.126002],[-122.980732,46.126011],[-122.980681,46.126056],[-122.980719,46.126171],[-122.980769,46.126202],[-122.980959,46.126195],[-122.980991,46.126159]],[[-122.980891,46.12692],[-122.981034,46.126938],[-122.981089,46.126914],[-122.981098,46.126783],[-122.981047,46.126747],[-122.980898,46.126747],[-122.980846,46.126783],[-122.980846,46.126886],[-122.980891,46.12692]],[[-122.981279,46.1262],[-122.981422,46.126218],[-122.981478,46.126194],[-122.981487,46.126063],[-122.981435,46.126027],[-122.981286,46.126027],[-122.981235,46.126063],[-122.981235,46.126166],[-122.981279,46.1262]],[[-122.982778,46.127251],[-122.982804,46.127065],[-122.982782,46.127031],[-122.982655,46.127015],[-122.982632,46.126941],[-122.982526,46.126925],[-122.982526,46.126835],[-122.982644,46.126824],[-122.982661,46.126891],[-122.98271,46.126922],[-122.982981,46.126924],[-122.983043,46.126876],[-122.983042,46.126788],[-122.983009,46.126754],[-122.982666,46.126756],[-122.982646,46.126683],[-122.982585,46.126655],[-122.982313,46.126645],[-122.98227,46.126679],[-122.982265,46.126745],[-122.982137,46.126745],[-122.982131,46.126688],[-122.982082,46.126657],[-122.981811,46.126656],[-122.98175,46.126698],[-122.981749,46.126834],[-122.981552,46.126836],[-122.981499,46.126863],[-122.98149,46.127104],[-122.981395,46.127114],[-122.98136,46.127194],[-122.981249,46.127214],[-122.981232,46.127331],[-122.981286,46.127372],[-122.98149,46.127375],[-122.981573,46.127397],[-122.981726,46.127359],[-122.981749,46.127285],[-122.981865,46.127261],[-122.981878,46.127195],[-122.982137,46.127195],[-122.98216,46.127269],[-122.982266,46.127285],[-122.982267,46.127416],[-122.982295,46.127452],[-122.982592,46.127464],[-122.982653,46.127421],[-122.982655,46.127285],[-122.982736,46.127281],[-122.982778,46.127251]],[[-122.981752,46.126206],[-122.98168,46.12618],[-122.981492,46.126221],[-122.981471,46.126266],[-122.981513,46.126369],[-122.981568,46.126385],[-122.981726,46.126369],[-122.981783,46.126257],[-122.981752,46.126206]],[[-122.982265,46.130975],[-122.982347,46.130971],[-122.982391,46.130936],[-122.982391,46.130833],[-122.98234,46.130797],[-122.98217,46.130804],[-122.982136,46.130885],[-122.981918,46.130891],[-122.981877,46.130933],[-122.981886,46.131126],[-122.982067,46.131179],[-122.982224,46.131148],[-122.982264,46.131111],[-122.982265,46.130975]]]}},{"type":"Feature","properties":{"id":1,"area_m2":154800,"px":1548,"rank":2,"persistent":false},"geometry":{"type":"Polygon","coordinates":[[[-122.994045,46.132146],[-122.994045,46.132236],[-122.993957,46.132242],[-122.993917,46.132279],[-122.993916,46.132506],[-122.993809,46.132522],[-122.993786,46.132596],[-122.99367,46.13262],[-122.993657,46.132686],[-122.993323,46.132688],[-122.993274,46.132719],[-122.993268,46.132776],[-122.993152,46.1328],[-122.993139,46.133046],[-122.993009,46.133046],[-122.992987,46.132972],[-122.992834,46.132933],[-122.992662,46.132962],[-122.992623,46.132999],[-122.992621,46.133136],[-122.992395,46.133132],[-122.992362,46.133226],[-122.992255,46.133242],[-122.992233,46.133316],[-122.992116,46.13334],[-122.992103,46.133406],[-122.991914,46.133406],[-122.991862,46.133426],[-122.991844,46.133586],[-122.991738,46.133602],[-122.991715,46.133676],[-122.991585,46.133676],[-122.9916,46.13344],[-122.991551,46.133408],[-122.991456,46.133406],[-122.991453,46.132994],[-122.991408,46.13296],[-122.991327,46.132956],[-122.991323,46.132814],[-122.991279,46.13278],[-122.991197,46.132776],[-122.991197,46.132644],[-122.991163,46.132605],[-122.990869,46.132583],[-122.990814,46.132616],[-122.990809,46.132686],[-122.99055,46.132686],[-122.990546,46.132634],[-122.990509,46.132602],[-122.990291,46.132596],[-122.990285,46.132539],[-122.990236,46.132508],[-122.990032,46.132506],[-122.990029,46.132364],[-122.989984,46.13233],[-122.989903,46.132326],[-122.989902,46.132194],[-122.989874,46.132158],[-122.989655,46.132157],[-122.989575,46.132122],[-122.989505,46.132154],[-122.9895,46.132201],[-122.989549,46.132233],[-122.989644,46.132236],[-122.989647,46.132377],[-122.989692,46.132412],[-122.989773,46.132416],[-122.989773,46.132506],[-122.989666,46.132521],[-122.989644,46.132596],[-122.989527,46.13262],[-122.989514,46.132686],[-122.989385,46.132686],[-122.989362,46.132611],[-122.989255,46.132596],[-122.989267,46.132355],[-122.989221,46.132328],[-122.989126,46.132326],[-122.989091,46.132245],[-122.988908,46.132242],[-122.98887,46.132274],[-122.988867,46.132325],[-122.98836,46.132336],[-122.988346,46.132004],[-122.988301,46.13197],[-122.98822,46.131965],[-122.988191,46.131888],[-122.987601,46.131888],[-122.987573,46.131924],[-122.987572,46.132055],[-122.987376,46.132056],[-122.987315,46.132099],[-122.987327,46.132211],[-122.987443,46.132235],[-122.987452,46.132567],[-122.987498,46.132593],[-122.987572,46.132595],[-122.987578,46.132652],[-122.98762,46.132681],[-122.987906,46.132683],[-122.987955,46.132652],[-122.987961,46.132596],[-122.988077,46.132571],[-122.98809,46.132506],[-122.988202,46.132486],[-122.98822,46.132416],[-122.988338,46.132405],[-122.988349,46.132955],[-122.988023,46.132957],[-122.98797,46.132984],[-122.987961,46.133045],[-122.987601,46.133058],[-122.987572,46.133135],[-122.987491,46.13314],[-122.987446,46.133174],[-122.987452,46.133467],[-122.987498,46.133493],[-122.987572,46.133496],[-122.987581,46.133557],[-122.987642,46.133585],[-122.988279,46.133585],[-122.98834,46.133557],[-122.988349,46.133496],[-122.988606,46.133496],[-122.988611,46.133547],[-122.988649,46.133579],[-122.988867,46.133586],[-122.988867,46.133676],[-122.988608,46.133675],[-122.988524,46.133653],[-122.988383,46.133685],[-122.988349,46.133765],[-122.988275,46.133768],[-122.988229,46.133794],[-122.988208,46.133916],[-122.988254,46.133943],[-122.988349,46.133946],[-122.988355,46.134182],[-122.988411,46.134215],[-122.988608,46.134216],[-122.988617,46.134277],[-122.98867,46.134305],[-122.989125,46.134306],[-122.989148,46.13438],[-122.989255,46.134396],[-122.989268,46.134462],[-122.989384,46.134486],[-122.989413,46.134563],[-122.989514,46.134576],[-122.989514,46.134666],[-122.989407,46.134681],[-122.989384,46.134756],[-122.989257,46.134756],[-122.989252,46.13469],[-122.989215,46.134659],[-122.988867,46.134666],[-122.988857,46.134604],[-122.988796,46.134576],[-122.988533,46.134578],[-122.988484,46.134609],[-122.988478,46.134665],[-122.988349,46.134665],[-122.988369,46.134541],[-122.988347,46.134502],[-122.988291,46.134486],[-122.988118,46.134498],[-122.98809,46.134534],[-122.988096,46.134632],[-122.988138,46.134661],[-122.988235,46.134673],[-122.988219,46.135025],[-122.988138,46.13503],[-122.988096,46.135059],[-122.98809,46.135295],[-122.987973,46.13532],[-122.98796,46.135427],[-122.988001,46.135469],[-122.988089,46.135476],[-122.98809,46.135607],[-122.988118,46.135643],[-122.988348,46.135656],[-122.988348,46.135745],[-122.987313,46.135745],[-122.987291,46.135568],[-122.98723,46.135552],[-122.987088,46.135575],[-122.987054,46.135655],[-122.986972,46.13566],[-122.98693,46.135689],[-122.986924,46.135835],[-122.986728,46.135836],[-122.986669,46.135874],[-122.986678,46.135991],[-122.986795,46.136015],[-122.986795,46.136195],[-122.986559,46.136211],[-122.986536,46.136285],[-122.986441,46.136294],[-122.986406,46.136375],[-122.986332,46.136378],[-122.986286,46.136404],[-122.986277,46.136555],[-122.986088,46.136556],[-122.986031,46.136579],[-122.986018,46.136735],[-122.985759,46.136735],[-122.985746,46.136669],[-122.98563,46.136645],[-122.985595,46.136564],[-122.985371,46.136555],[-122.985371,46.136375],[-122.9855,46.136375],[-122.985513,46.136441],[-122.985629,46.136465],[-122.985635,46.136522],[-122.985677,46.136551],[-122.98599,46.136543],[-122.986018,46.136465],[-122.986099,46.136461],[-122.986141,46.136432],[-122.986148,46.136285],[-122.986229,46.136281],[-122.986274,46.136247],[-122.986271,46.136139],[-122.986229,46.136109],[-122.986148,46.136105],[-122.986147,46.136017],[-122.986222,46.136013],[-122.986268,46.135987],[-122.986277,46.135835],[-122.986468,46.135849],[-122.986533,46.135811],[-122.986551,46.13569],[-122.986501,46.135658],[-122.986407,46.135655],[-122.986407,46.135565],[-122.986513,46.13555],[-122.986536,46.135475],[-122.986665,46.135475],[-122.986734,46.135499],[-122.986883,46.135469],[-122.986921,46.135437],[-122.986925,46.135385],[-122.987006,46.135381],[-122.987048,46.135352],[-122.987052,46.135069],[-122.987013,46.135032],[-122.986925,46.135025],[-122.986925,46.134935],[-122.987019,46.134926],[-122.987054,46.134845],[-122.987166,46.134826],[-122.98718,46.134704],[-122.987136,46.13467],[-122.987054,46.134665],[-122.98702,46.134584],[-122.986925,46.134575],[-122.986896,46.134498],[-122.986795,46.134485],[-122.986767,46.134408],[-122.986666,46.134395],[-122.986643,46.134231],[-122.986536,46.134215],[-122.98653,46.134159],[-122.986488,46.134129],[-122.986278,46.134125],[-122.98626,46.134055],[-122.986148,46.134035],[-122.98613,46.133965],[-122.986019,46.133945],[-122.986005,46.133879],[-122.985889,46.133855],[-122.985883,46.133799],[-122.985841,46.133769],[-122.985556,46.133768],[-122.985507,46.133799],[-122.985501,46.133855],[-122.985373,46.133855],[-122.985337,46.133774],[-122.985168,46.133767],[-122.985116,46.133803],[-122.985112,46.133945],[-122.985078,46.133982],[-122.985118,46.134092],[-122.98516,46.134121],[-122.985242,46.134125],[-122.985259,46.134285],[-122.985371,46.134305],[-122.985406,46.134386],[-122.985501,46.134395],[-122.985516,46.134478],[-122.985371,46.134485],[-122.985354,46.134415],[-122.985242,46.134395],[-122.985207,46.134314],[-122.985112,46.134305],[-122.985084,46.134227],[-122.984983,46.134215],[-122.984954,46.134137],[-122.984853,46.134125],[-122.984831,46.134051],[-122.984595,46.134035],[-122.984577,46.133965],[-122.984465,46.133945],[-122.984431,46.133864],[-122.984336,46.133855],[-122.984307,46.133777],[-122.984206,46.133765],[-122.984178,46.133687],[-122.983958,46.133686],[-122.983886,46.133651],[-122.98383,46.133665],[-122.983799,46.133704],[-122.983815,46.133744],[-122.983947,46.133765],[-122.983947,46.133855],[-122.983913,46.133903],[-122.98397,46.134019],[-122.984138,46.134059],[-122.984206,46.134035],[-122.984335,46.134035],[-122.984358,46.134199],[-122.984465,46.134215],[-122.984471,46.134272],[-122.984513,46.134301],[-122.984724,46.134305],[-122.984741,46.134375],[-122.984853,46.134395],[-122.984871,46.134465],[-122.984983,46.134485],[-122.985,46.134555],[-122.985112,46.134575],[-122.985125,46.134641],[-122.985242,46.134665],[-122.985245,46.134717],[-122.985283,46.134749],[-122.985467,46.134759],[-122.985501,46.134665],[-122.985582,46.134661],[-122.985624,46.134632],[-122.985614,46.134493],[-122.985834,46.134483],[-122.985883,46.134452],[-122.985889,46.134395],[-122.986018,46.134395],[-122.986028,46.134547],[-122.986074,46.134573],[-122.986148,46.134575],[-122.986148,46.134755],[-122.986018,46.134755],[-122.986018,46.134624],[-122.985984,46.134584],[-122.985801,46.134582],[-122.98576,46.134624],[-122.985759,46.134935],[-122.985653,46.134951],[-122.98563,46.135025],[-122.985371,46.135025],[-122.985348,46.134951],[-122.985242,46.134935],[-122.985224,46.134775],[-122.985112,46.134755],[-122.985095,46.134685],[-122.984983,46.134665],[-122.984965,46.134595],[-122.984853,46.134575],[-122.984836,46.134505],[-122.984724,46.134485],[-122.984715,46.134424],[-122.984661,46.134396],[-122.98452,46.134397],[-122.984465,46.134444],[-122.984466,46.134712],[-122.984506,46.134749],[-122.984594,46.134755],[-122.984594,46.134845],[-122.984465,46.134845],[-122.984452,46.134779],[-122.984335,46.134755],[-122.984332,46.13469],[-122.984289,46.134656],[-122.984077,46.134665],[-122.984075,46.134425],[-122.984009,46.134382],[-122.983717,46.134407],[-122.983689,46.134444],[-122.983688,46.134575],[-122.983581,46.134591],[-122.983559,46.134665],[-122.983041,46.134665],[-122.983018,46.134591],[-122.982911,46.134575],[-122.98289,46.134397],[-122.982836,46.134381],[-122.982653,46.134395],[-122.982653,46.134305],[-122.982687,46.134262],[-122.982653,46.134215],[-122.982653,46.134125],[-122.982727,46.134122],[-122.982773,46.134096],[-122.982782,46.133945],[-122.982979,46.133944],[-122.98304,46.133901],[-122.983028,46.133789],[-122.982912,46.133765],[-122.982889,46.133511],[-122.982708,46.133497],[-122.982659,46.133528],[-122.982653,46.133585],[-122.982525,46.133585],[-122.98252,46.133533],[-122.982482,46.133501],[-122.982305,46.133501],[-122.982268,46.133533],[-122.982264,46.133585],[-122.982183,46.133589],[-122.982138,46.133623],[-122.982135,46.133855],[-122.982007,46.133855],[-122.981992,46.133789],[-122.981876,46.133765],[-122.981841,46.133684],[-122.981617,46.133675],[-122.981608,46.133523],[-122.981562,46.133497],[-122.981488,46.133495],[-122.981488,46.133135],[-122.981701,46.133144],[-122.981744,46.13311],[-122.981749,46.133045],[-122.982006,46.133045],[-122.982015,46.133106],[-122.982068,46.133134],[-122.982353,46.133128],[-122.982391,46.133096],[-122.982394,46.133045],[-122.98251,46.133021],[-122.982524,46.132955],[-122.98264,46.132931],[-122.982653,46.132775],[-122.98276,46.132759],[-122.982783,46.132685],[-122.982912,46.132685],[-122.982946,46.132766],[-122.983093,46.132775],[-122.983158,46.132751],[-122.983171,46.132685],[-122.9833,46.132685],[-122.983369,46.132709],[-122.98343,46.132685],[-122.983807,46.132674],[-122.983841,46.132759],[-122.983947,46.132775],[-122.983982,46.132856],[-122.984077,46.132865],[-122.984093,46.132947],[-122.984042,46.133003],[-122.984082,46.133048],[-122.984173,46.133049],[-122.984206,46.13301],[-122.984191,46.132963],[-122.984323,46.132931],[-122.984371,46.132817],[-122.984318,46.132705],[-122.984207,46.132685],[-122.984172,46.132604],[-122.984031,46.132572],[-122.983829,46.132606],[-122.983795,46.132521],[-122.983689,46.132505],[-122.98368,46.132353],[-122.983634,46.132327],[-122.983559,46.132325],[-122.983525,46.132244],[-122.983369,46.132211],[-122.9833,46.132235],[-122.983104,46.132236],[-122.983051,46.132263],[-122.983041,46.132325],[-122.982912,46.132325],[-122.982912,46.132235],[-122.982947,46.132192],[-122.982912,46.132145],[-122.982912,46.131965],[-122.983019,46.131949],[-122.983042,46.131875],[-122.98343,46.131875],[-122.98343,46.131965],[-122.983396,46.132018],[-122.983483,46.132078],[-122.98366,46.132043],[-122.983689,46.131965],[-122.983818,46.131965],[-122.983824,46.132202],[-122.983866,46.132231],[-122.984009,46.132259],[-122.984194,46.132211],[-122.984207,46.132055],[-122.984419,46.132064],[-122.984462,46.13203],[-122.984466,46.131965],[-122.984697,46.131966],[-122.984725,46.131875],[-122.984983,46.131875],[-122.985006,46.131949],[-122.985113,46.131965],[-122.98513,46.132215],[-122.985183,46.132235],[-122.985372,46.132235],[-122.985373,46.132552],[-122.985413,46.132589],[-122.985501,46.132595],[-122.985517,46.132678],[-122.985467,46.132738],[-122.985492,46.13277],[-122.985555,46.132789],[-122.985622,46.13276],[-122.985631,46.132685],[-122.98576,46.132685],[-122.985829,46.132709],[-122.98599,46.132673],[-122.986019,46.132595],[-122.98612,46.132583],[-122.986148,46.132505],[-122.986249,46.132493],[-122.986278,46.132415],[-122.986373,46.132406],[-122.986407,46.132325],[-122.986519,46.132306],[-122.986537,46.132235],[-122.986644,46.132219],[-122.986701,46.132103],[-122.986666,46.132055],[-122.986666,46.131965],[-122.986773,46.13195],[-122.986796,46.131875],[-122.986912,46.131851],[-122.986925,46.131785],[-122.987055,46.131785],[-122.987131,46.131809],[-122.987304,46.131757],[-122.987304,46.131634],[-122.987259,46.131608],[-122.987184,46.131605],[-122.987178,46.131549],[-122.987129,46.131518],[-122.98696,46.131524],[-122.986925,46.131605],[-122.986667,46.131605],[-122.986667,46.131425],[-122.986796,46.131425],[-122.986857,46.131449],[-122.986925,46.131425],[-122.987314,46.131425],[-122.98732,46.131482],[-122.987369,46.131513],[-122.987702,46.131515],[-122.987719,46.131689],[-122.987777,46.131709],[-122.987906,46.131693],[-122.987955,46.131662],[-122.987961,46.131606],[-122.988077,46.131581],[-122.988123,46.131457],[-122.988077,46.131359],[-122.987961,46.131335],[-122.987926,46.131255],[-122.987702,46.131245],[-122.987702,46.131155],[-122.987961,46.131156],[-122.987984,46.13123],[-122.98809,46.131246],[-122.988104,46.131311],[-122.98822,46.131336],[-122.988248,46.131413],[-122.988349,46.131426],[-122.98835,46.131557],[-122.988378,46.131593],[-122.988738,46.131606],[-122.988738,46.131737],[-122.988772,46.131776],[-122.988996,46.131786],[-122.989058,46.13181],[-122.989126,46.131786],[-122.989344,46.131779],[-122.989383,46.131742],[-122.989385,46.131606],[-122.989466,46.131601],[-122.989511,46.131567],[-122.989514,46.131384],[-122.989473,46.131342],[-122.989385,46.131336],[-122.989357,46.131258],[-122.989256,46.131246],[-122.989256,46.130976],[-122.989351,46.130966],[-122.989385,46.130922],[-122.989372,46.13082],[-122.989256,46.130796],[-122.989256,46.130706],[-122.989385,46.130706],[-122.989408,46.13078],[-122.989514,46.130796],[-122.989549,46.130876],[-122.989644,46.130886],[-122.989653,46.131037],[-122.989699,46.131063],[-122.989773,46.131066],[-122.989773,46.131156],[-122.989739,46.131198],[-122.989773,46.131246],[-122.989773,46.131426],[-122.989685,46.131432],[-122.989644,46.131474],[-122.989647,46.131567],[-122.989692,46.131602],[-122.989842,46.13163],[-122.989903,46.131606],[-122.990121,46.131599],[-122.990158,46.131567],[-122.990162,46.131516],[-122.990278,46.131492],[-122.990291,46.131426],[-122.99051,46.131433],[-122.990547,46.131401],[-122.99055,46.131336],[-122.990657,46.13132],[-122.99068,46.131246],[-122.99089,46.131242],[-122.990932,46.131212],[-122.990939,46.131156],[-122.991055,46.131132],[-122.991068,46.131066],[-122.991298,46.131053],[-122.991326,46.131017],[-122.991327,46.130886],[-122.991531,46.130883],[-122.99158,46.130852],[-122.991586,46.130796],[-122.991715,46.130796],[-122.991744,46.130874],[-122.991974,46.130886],[-122.991997,46.13096],[-122.992103,46.130976],[-122.992138,46.131057],[-122.992233,46.131066],[-122.992233,46.131156],[-122.992042,46.131142],[-122.991983,46.131171],[-122.991975,46.131382],[-122.992015,46.131419],[-122.992103,46.131426],[-122.992132,46.131504],[-122.992233,46.131516],[-122.992239,46.131662],[-122.992281,46.131692],[-122.992362,46.131696],[-122.992391,46.131774],[-122.992573,46.131782],[-122.992615,46.131753],[-122.992621,46.131696],[-122.992696,46.131694],[-122.992741,46.131667],[-122.992751,46.131516],[-122.992785,46.131473],[-122.992751,46.131426],[-122.992751,46.131336],[-122.99288,46.131336],[-122.992893,46.131402],[-122.992958,46.131426],[-122.993105,46.131417],[-122.993139,46.131336],[-122.993268,46.131336],[-122.993291,46.13141],[-122.993398,46.131426],[-122.993432,46.131507],[-122.993527,46.131516],[-122.99354,46.131762],[-122.993657,46.131786],[-122.993691,46.131867],[-122.993786,46.131876],[-122.993809,46.13204],[-122.993916,46.132056],[-122.99395,46.132137],[-122.994045,46.132146]],[[-122.981665,46.133491],[-122.981808,46.133508],[-122.981863,46.133484],[-122.981873,46.133353],[-122.981821,46.133317],[-122.981672,46.133317],[-122.981621,46.133353],[-122.981621,46.133456],[-122.981665,46.133491]],[[-122.982653,46.133265],[-122.982593,46.133212],[-122.982428,46.133234],[-122.982394,46.133273],[-122.982407,46.133381],[-122.982464,46.133405],[-122.982618,46.133396],[-122.982651,46.133361],[-122.982653,46.133265]],[[-122.983303,46.134216],[-122.983246,46.134191],[-122.983189,46.134201],[-122.983138,46.134247],[-122.983151,46.134292],[-122.983216,46.134327],[-122.983282,46.134318],[-122.983334,46.134268],[-122.983303,46.134216]],[[-122.98366,46.134383],[-122.983705,46.134255],[-122.983653,46.134217],[-122.983472,46.134216],[-122.983412,46.134255],[-122.983435,46.134375],[-122.98349,46.134407],[-122.98366,46.134383]],[[-122.983947,46.134215],[-122.983913,46.134252],[-122.983928,46.134292],[-122.983987,46.134318],[-122.984043,46.134309],[-122.984075,46.134275],[-122.984064,46.134226],[-122.984009,46.134202],[-122.983947,46.134215]],[[-122.984664,46.132583],[-122.984507,46.132601],[-122.984467,46.132639],[-122.984447,46.13282],[-122.984508,46.132864],[-122.984669,46.132863],[-122.984723,46.132822],[-122.984719,46.132615],[-122.984664,46.132583]],[[-122.984986,46.132504],[-122.985017,46.132452],[-122.984955,46.132337],[-122.984782,46.132325],[-122.984726,46.132342],[-122.984705,46.132386],[-122.984753,46.132493],[-122.984915,46.132529],[-122.984986,46.132504]],[[-122.985391,46.132725],[-122.985349,46.132611],[-122.985196,46.132573],[-122.985113,46.132595],[-122.984929,46.132581],[-122.984876,46.132598],[-122.984857,46.132737],[-122.984902,46.132771],[-122.984983,46.132775],[-122.985005,46.132953],[-122.985066,46.132969],[-122.985219,46.132939],[-122.985242,46.132775],[-122.98537,46.132759],[-122.985391,46.132725]],[[-122.987314,46.132595],[-122.987312,46.132459],[-122.987258,46.132418],[-122.986796,46.132415],[-122.986727,46.132391],[-122.986585,46.132419],[-122.986543,46.132449],[-122.986537,46.132505],[-122.986455,46.132509],[-122.986411,46.132544],[-122.986392,46.132831],[-122.986442,46.132863],[-122.986537,46.132865],[-122.98655,46.132931],[-122.986666,46.132955],[-122.986701,46.133036],[-122.986877,46.133041],[-122.986919,46.133012],[-122.986925,46.132955],[-122.987143,46.132949],[-122.987181,46.132917],[-122.987184,46.132865],[-122.9873,46.132841],[-122.987313,46.132775],[-122.98743,46.132751],[-122.987434,46.132624],[-122.987388,46.132598],[-122.987314,46.132595]],[[-122.987236,46.133765],[-122.98731,46.133727],[-122.987304,46.133614],[-122.987251,46.133586],[-122.987095,46.133592],[-122.987056,46.133629],[-122.987063,46.133737],[-122.987117,46.133764],[-122.987236,46.133765]],[[-122.987701,46.134936],[-122.98779,46.134929],[-122.987829,46.134892],[-122.987813,46.134595],[-122.987753,46.134575],[-122.987327,46.134585],[-122.987293,46.134626],[-122.987313,46.134845],[-122.987231,46.13485],[-122.987189,46.134879],[-122.9872,46.135019],[-122.987259,46.135039],[-122.987442,46.135026],[-122.987459,46.135199],[-122.987517,46.135219],[-122.987639,46.135204],[-122.9877,46.135162],[-122.987701,46.134936]],[[-122.987443,46.135385],[-122.987461,46.135341],[-122.987428,46.135305],[-122.987355,46.135297],[-122.987305,46.13532],[-122.987295,46.135362],[-122.987331,46.135399],[-122.987389,46.135409],[-122.987443,46.135385]],[[-122.988219,46.133986],[-122.988159,46.133933],[-122.988016,46.133948],[-122.987966,46.133979],[-122.98796,46.134035],[-122.987849,46.134055],[-122.987831,46.134251],[-122.987859,46.134293],[-122.98802,46.134305],[-122.988072,46.134286],[-122.98809,46.134126],[-122.988206,46.134102],[-122.988219,46.133986]],[[-122.991974,46.132056],[-122.991965,46.131994],[-122.991911,46.131967],[-122.991368,46.131972],[-122.991327,46.132014],[-122.991336,46.132297],[-122.991397,46.132326],[-122.991715,46.132326],[-122.991718,46.132377],[-122.991756,46.132409],[-122.991933,46.132409],[-122.991971,46.132377],[-122.991974,46.132326],[-122.992062,46.132319],[-122.992103,46.132277],[-122.992097,46.132089],[-122.992055,46.13206],[-122.991974,46.132056]],[[-122.99332,46.131696],[-122.993396,46.131652],[-122.993396,46.131559],[-122.99337,46.131528],[-122.9932,46.131492],[-122.993027,46.131536],[-122.99301,46.131647],[-122.993038,46.131684],[-122.99332,46.131696]]]}},{"type":"Feature","properties":{"id":19,"area_m2":75100,"px":751,"rank":3,"persistent":false},"geometry":{"type":"Polygon","coordinates":[[[-122.989515,46.128456],[-122.989515,46.128545],[-122.989297,46.128552],[-122.989259,46.128584],[-122.989256,46.128635],[-122.989127,46.128635],[-122.989117,46.128574],[-122.989057,46.128546],[-122.988405,46.128548],[-122.988356,46.128579],[-122.98835,46.128635],[-122.988234,46.128659],[-122.98822,46.128725],[-122.988109,46.128745],[-122.988091,46.128815],[-122.987855,46.128831],[-122.987832,46.128947],[-122.98788,46.128991],[-122.988402,46.128995],[-122.988466,46.128971],[-122.988479,46.128906],[-122.988591,46.128886],[-122.988609,46.128816],[-122.989126,46.128816],[-122.989126,46.128905],[-122.98902,46.128921],[-122.988997,46.128995],[-122.988793,46.128998],[-122.988744,46.129029],[-122.988738,46.129085],[-122.988508,46.129098],[-122.988479,46.129175],[-122.988378,46.129188],[-122.98835,46.129265],[-122.988249,46.129278],[-122.98822,46.129355],[-122.988125,46.129365],[-122.988091,46.129445],[-122.987979,46.129465],[-122.987961,46.129535],[-122.987573,46.129535],[-122.987545,46.129458],[-122.987383,46.129421],[-122.987314,46.129445],[-122.98711,46.129448],[-122.987061,46.129479],[-122.987056,46.129577],[-122.987084,46.129613],[-122.987314,46.129627],[-122.987314,46.129715],[-122.987219,46.129724],[-122.987185,46.129805],[-122.98709,46.129808],[-122.98704,46.12984],[-122.987064,46.130047],[-122.987118,46.130074],[-122.987314,46.130075],[-122.98732,46.130132],[-122.987369,46.130163],[-122.987573,46.130165],[-122.987573,46.130255],[-122.987491,46.130259],[-122.987447,46.130294],[-122.987432,46.130496],[-122.987486,46.130524],[-122.987702,46.130525],[-122.987725,46.1306],[-122.987832,46.130615],[-122.987866,46.130696],[-122.987961,46.130706],[-122.987961,46.130795],[-122.987854,46.130811],[-122.987799,46.130917],[-122.987832,46.130975],[-122.987832,46.131065],[-122.987573,46.131065],[-122.987555,46.130995],[-122.987443,46.130975],[-122.987409,46.130894],[-122.987314,46.130885],[-122.987285,46.130808],[-122.987184,46.130795],[-122.987156,46.130718],[-122.987055,46.130705],[-122.987032,46.130631],[-122.986865,46.130591],[-122.986687,46.130622],[-122.986647,46.130671],[-122.986673,46.130852],[-122.986715,46.130881],[-122.986796,46.130885],[-122.986781,46.131031],[-122.986831,46.131063],[-122.986925,46.131065],[-122.986925,46.131155],[-122.986824,46.131168],[-122.986796,46.131245],[-122.986701,46.131254],[-122.986666,46.131335],[-122.986555,46.131355],[-122.986537,46.131515],[-122.986408,46.131515],[-122.986402,46.131445],[-122.986354,46.131414],[-122.986149,46.131425],[-122.986143,46.131369],[-122.986101,46.131339],[-122.98589,46.131335],[-122.985867,46.131261],[-122.98576,46.131245],[-122.985759,46.131109],[-122.985719,46.131072],[-122.98557,46.131041],[-122.985501,46.131065],[-122.985372,46.131065],[-122.985372,46.130975],[-122.985479,46.130959],[-122.985502,46.130885],[-122.985631,46.130885],[-122.9857,46.130909],[-122.985842,46.130881],[-122.985884,46.130852],[-122.98589,46.130795],[-122.986006,46.130771],[-122.986019,46.130705],[-122.986131,46.130685],[-122.986149,46.130615],[-122.986379,46.130603],[-122.986407,46.130567],[-122.986408,46.130435],[-122.986442,46.130398],[-122.986408,46.130345],[-122.986402,46.130199],[-122.98636,46.130169],[-122.986279,46.130165],[-122.98625,46.130087],[-122.98602,46.130075],[-122.986006,46.130009],[-122.98589,46.129985],[-122.985856,46.129904],[-122.985631,46.129895],[-122.98557,46.129871],[-122.985382,46.129924],[-122.985372,46.130075],[-122.985291,46.130079],[-122.985246,46.130113],[-122.985243,46.130255],[-122.985136,46.130271],[-122.985113,46.130345],[-122.984883,46.130357],[-122.984855,46.130394],[-122.984854,46.130525],[-122.98478,46.130527],[-122.984734,46.130554],[-122.984725,46.131065],[-122.984466,46.131065],[-122.984453,46.130999],[-122.984337,46.130975],[-122.984331,46.130918],[-122.984281,46.130887],[-122.983819,46.130885],[-122.983819,46.130795],[-122.983853,46.130747],[-122.983815,46.130653],[-122.983771,46.130619],[-122.983689,46.130615],[-122.98369,46.130165],[-122.983878,46.130165],[-122.983935,46.130141],[-122.983949,46.129895],[-122.984078,46.129895],[-122.984139,46.129919],[-122.984207,46.129895],[-122.984466,46.129895],[-122.984466,46.129985],[-122.984236,46.129997],[-122.984208,46.130034],[-122.984223,46.130157],[-122.98407,46.13019],[-122.984078,46.130435],[-122.983966,46.130455],[-122.983914,46.130567],[-122.983983,46.130696],[-122.984207,46.130705],[-122.984235,46.130783],[-122.984383,46.130809],[-122.984457,46.13078],[-122.984501,46.130657],[-122.984448,46.130545],[-122.984337,46.130525],[-122.984337,46.130435],[-122.984371,46.130387],[-122.984337,46.130345],[-122.984321,46.130173],[-122.984555,46.130159],[-122.984592,46.130127],[-122.984596,46.130075],[-122.984712,46.130051],[-122.984725,46.129985],[-122.984921,46.129984],[-122.984978,46.129952],[-122.985003,46.12967],[-122.984957,46.129629],[-122.984855,46.129625],[-122.984842,46.129456],[-122.98478,46.129431],[-122.98463,46.129454],[-122.984596,46.129494],[-122.984596,46.129625],[-122.984468,46.129625],[-122.984466,46.129446],[-122.984555,46.129439],[-122.984594,46.129402],[-122.984596,46.129085],[-122.984936,46.129081],[-122.984978,46.129052],[-122.985019,46.128947],[-122.984967,46.128835],[-122.984855,46.128815],[-122.984853,46.128679],[-122.984814,46.128641],[-122.984467,46.128635],[-122.984453,46.128569],[-122.984337,46.128545],[-122.984303,46.128464],[-122.983949,46.128455],[-122.983943,46.128398],[-122.983894,46.128367],[-122.983561,46.128365],[-122.983561,46.128185],[-122.98369,46.128185],[-122.983696,46.128242],[-122.983738,46.128271],[-122.983894,46.128273],[-122.983943,46.128242],[-122.983949,46.128185],[-122.984133,46.128199],[-122.984186,46.128182],[-122.984207,46.128054],[-122.984167,46.128011],[-122.984078,46.128005],[-122.984075,46.127953],[-122.984037,46.127921],[-122.98382,46.127915],[-122.983818,46.127778],[-122.983779,46.127741],[-122.983431,46.127735],[-122.983418,46.127579],[-122.983302,46.127555],[-122.983267,46.127474],[-122.983173,46.127465],[-122.983173,46.127375],[-122.983254,46.127371],[-122.983299,46.127336],[-122.983302,46.127195],[-122.983383,46.127191],[-122.983426,46.127161],[-122.983432,46.127015],[-122.983561,46.127015],[-122.983584,46.127089],[-122.98369,46.127105],[-122.983706,46.127187],[-122.983656,46.127248],[-122.983722,46.127297],[-122.983807,46.127274],[-122.98382,46.127195],[-122.983949,46.127195],[-122.98401,46.127219],[-122.984079,46.127195],[-122.984337,46.127195],[-122.984338,46.127416],[-122.984366,46.127453],[-122.984596,46.127465],[-122.984602,46.127522],[-122.984651,46.127553],[-122.984855,46.127555],[-122.984868,46.127711],[-122.984984,46.127735],[-122.984998,46.127801],[-122.985114,46.127825],[-122.98512,46.127882],[-122.985162,46.127911],[-122.985332,46.127909],[-122.98537,46.127877],[-122.985373,46.127825],[-122.985632,46.127825],[-122.98562,46.127975],[-122.985666,46.128003],[-122.985761,46.128005],[-122.985767,46.128062],[-122.985816,46.128093],[-122.986102,46.128091],[-122.986144,46.128062],[-122.98615,46.128005],[-122.986483,46.128003],[-122.986532,46.127972],[-122.986538,46.127915],[-122.986871,46.127913],[-122.98692,46.127882],[-122.986926,46.127825],[-122.987185,46.127825],[-122.987246,46.127849],[-122.987315,46.127825],[-122.987444,46.127825],[-122.987505,46.127849],[-122.987573,46.127825],[-122.987703,46.127825],[-122.987703,46.128005],[-122.987608,46.128014],[-122.987573,46.128095],[-122.987467,46.128111],[-122.987409,46.128228],[-122.987444,46.128275],[-122.98745,46.128422],[-122.987492,46.128451],[-122.987573,46.128455],[-122.987575,46.128606],[-122.987626,46.128646],[-122.987927,46.128626],[-122.987962,46.128545],[-122.988078,46.128521],[-122.988091,46.128455],[-122.988203,46.128436],[-122.988221,46.128365],[-122.988539,46.128365],[-122.988603,46.128332],[-122.988607,46.128229],[-122.988568,46.128192],[-122.988091,46.128185],[-122.988068,46.128111],[-122.987962,46.128095],[-122.987962,46.128005],[-122.988068,46.12799],[-122.988091,46.127915],[-122.988221,46.127915],[-122.988201,46.128045],[-122.988248,46.128091],[-122.988424,46.128093],[-122.988474,46.128062],[-122.98848,46.128006],[-122.988609,46.128006],[-122.988612,46.128057],[-122.98865,46.128089],[-122.988868,46.128096],[-122.988871,46.128161],[-122.988914,46.128195],[-122.989127,46.128186],[-122.989149,46.12826],[-122.989256,46.128276],[-122.989279,46.12844],[-122.989515,46.128456]],[[-122.984081,46.127373],[-122.984113,46.127338],[-122.984098,46.127298],[-122.984039,46.127272],[-122.983976,46.127284],[-122.98395,46.12732],[-122.983966,46.127368],[-122.984024,46.127389],[-122.984081,46.127373]],[[-122.984331,46.127702],[-122.984356,46.1276],[-122.984324,46.127564],[-122.984134,46.127557],[-122.984082,46.127593],[-122.984082,46.127697],[-122.984134,46.127733],[-122.984282,46.127733],[-122.984331,46.127702]],[[-122.984725,46.130295],[-122.984698,46.130254],[-122.984642,46.130241],[-122.984581,46.130264],[-122.984561,46.130303],[-122.984586,46.13034],[-122.98465,46.130359],[-122.984708,46.130339],[-122.984725,46.130295]],[[-122.985246,46.129804],[-122.985277,46.129768],[-122.985262,46.129728],[-122.985204,46.129702],[-122.985141,46.129714],[-122.985114,46.12975],[-122.98513,46.129799],[-122.985189,46.129819],[-122.985246,46.129804]],[[-122.986023,46.129537],[-122.985965,46.129521],[-122.985907,46.129542],[-122.985891,46.12959],[-122.985918,46.129626],[-122.98598,46.129638],[-122.986039,46.129612],[-122.986054,46.129572],[-122.986023,46.129537]],[[-122.987075,46.128315],[-122.987027,46.128198],[-122.986872,46.128171],[-122.986805,46.1282],[-122.986797,46.128275],[-122.986667,46.128275],[-122.986599,46.128251],[-122.986538,46.128275],[-122.986307,46.128287],[-122.986279,46.128365],[-122.986184,46.128374],[-122.986149,46.128419],[-122.986162,46.128521],[-122.986279,46.128545],[-122.986296,46.128705],[-122.986356,46.128725],[-122.986768,46.128713],[-122.986796,46.128677],[-122.986797,46.128545],[-122.986913,46.128521],[-122.986926,46.128365],[-122.987054,46.128349],[-122.987075,46.128315]],[[-122.986538,46.129715],[-122.986736,46.129728],[-122.986791,46.129695],[-122.986795,46.129489],[-122.986741,46.129448],[-122.9866,46.129446],[-122.986547,46.129474],[-122.986537,46.129535],[-122.986426,46.129555],[-122.986408,46.129625],[-122.986292,46.129649],[-122.98628,46.129762],[-122.986334,46.129803],[-122.986475,46.129804],[-122.986528,46.129777],[-122.986538,46.129715]],[[-122.987348,46.128508],[-122.987308,46.128399],[-122.987266,46.128369],[-122.987123,46.128352],[-122.987061,46.128385],[-122.987057,46.128502],[-122.987103,46.128541],[-122.98729,46.128562],[-122.987348,46.128508]]]}},{"type":"Feature","properties":{"id":79,"area_m2":37600,"px":376,"rank":4,"persistent":false},"geometry":{"type":"Polygon","coordinates":[[[-122.959497,46.110899],[-122.959496,46.111169],[-122.959422,46.111171],[-122.959376,46.111197],[-122.959367,46.111348],[-122.959178,46.111349],[-122.959126,46.111368],[-122.959108,46.111528],[-122.958979,46.111528],[-122.958969,46.111467],[-122.958909,46.111439],[-122.958754,46.111447],[-122.958718,46.111528],[-122.95859,46.111528],[-122.958585,46.111458],[-122.958523,46.111425],[-122.957978,46.111447],[-122.957944,46.111487],[-122.957943,46.111618],[-122.957837,46.111634],[-122.957814,46.111708],[-122.957473,46.111712],[-122.957431,46.111741],[-122.957425,46.111798],[-122.957309,46.111822],[-122.957296,46.111888],[-122.957184,46.111907],[-122.957166,46.111978],[-122.956958,46.111978],[-122.956904,46.111998],[-122.956907,46.112248],[-122.956806,46.11226],[-122.956778,46.112338],[-122.956683,46.112347],[-122.956648,46.112427],[-122.956537,46.112447],[-122.956519,46.112607],[-122.95626,46.112607],[-122.956247,46.112361],[-122.95619,46.112338],[-122.95603,46.11235],[-122.956002,46.112391],[-122.956001,46.112787],[-122.955782,46.11278],[-122.955744,46.112817],[-122.955742,46.112967],[-122.955409,46.112969],[-122.95536,46.113],[-122.955354,46.113057],[-122.955247,46.113073],[-122.955224,46.113111],[-122.955224,46.113507],[-122.954965,46.113507],[-122.954966,46.113417],[-122.955,46.113374],[-122.954966,46.113327],[-122.954966,46.113057],[-122.95504,46.113055],[-122.955086,46.113028],[-122.955095,46.112877],[-122.95519,46.112868],[-122.955225,46.112787],[-122.955299,46.112785],[-122.955345,46.112759],[-122.955389,46.112655],[-122.955354,46.112607],[-122.955354,46.112517],[-122.955449,46.112508],[-122.955484,46.112427],[-122.955596,46.112407],[-122.955613,46.112247],[-122.955708,46.112238],[-122.955743,46.112157],[-122.955824,46.112153],[-122.955866,46.112124],[-122.955873,46.111977],[-122.955967,46.111968],[-122.956002,46.111887],[-122.956118,46.111863],[-122.956132,46.111707],[-122.956213,46.111703],[-122.956258,46.111669],[-122.956261,46.111527],[-122.956368,46.111512],[-122.956391,46.111437],[-122.956492,46.111425],[-122.95652,46.111348],[-122.956615,46.111338],[-122.95665,46.111258],[-122.956761,46.111238],[-122.956779,46.111168],[-122.956874,46.111165],[-122.956923,46.111133],[-122.956907,46.111017],[-122.956875,46.110983],[-122.95665,46.110987],[-122.95665,46.110808],[-122.956724,46.110805],[-122.95677,46.110779],[-122.956779,46.110628],[-122.95688,46.110615],[-122.956909,46.110538],[-122.957004,46.110529],[-122.957038,46.110448],[-122.95715,46.110428],[-122.957168,46.110268],[-122.957615,46.110268],[-122.957668,46.110248],[-122.957686,46.109908],[-122.957815,46.109908],[-122.957821,46.109965],[-122.95787,46.109996],[-122.958074,46.109998],[-122.958091,46.110068],[-122.958203,46.110088],[-122.958238,46.110169],[-122.958332,46.110178],[-122.958361,46.110256],[-122.958462,46.110268],[-122.95849,46.110346],[-122.958591,46.110358],[-122.958614,46.110432],[-122.95885,46.110448],[-122.958873,46.110523],[-122.958979,46.110538],[-122.958997,46.110609],[-122.959109,46.110628],[-122.959143,46.110709],[-122.959238,46.110719],[-122.959266,46.110796],[-122.959367,46.110809],[-122.959396,46.110886],[-122.959497,46.110899]],[[-122.95809,46.111128],[-122.95805,46.111004],[-122.957928,46.11098],[-122.957944,46.110848],[-122.957922,46.110811],[-122.957861,46.110794],[-122.957708,46.110824],[-122.957688,46.11095],[-122.957733,46.110984],[-122.95783,46.110996],[-122.957814,46.111114],[-122.957837,46.111152],[-122.958046,46.111164],[-122.95809,46.111128]]]}},{"type":"Feature","properties":{"id":80,"area_m2":9600,"px":96,"rank":5,"persistent":false},"geometry":{"type":"Polygon","coordinates":[[[-122.958719,46.112788],[-122.958719,46.112878],[-122.958612,46.112894],[-122.958589,46.112968],[-122.958488,46.11298],[-122.95846,46.113058],[-122.958359,46.11307],[-122.95833,46.113148],[-122.958229,46.11316],[-122.958201,46.113238],[-122.958106,46.113247],[-122.958071,46.113328],[-122.95796,46.113348],[-122.957942,46.113418],[-122.957554,46.113418],[-122.957541,46.113352],[-122.957424,46.113328],[-122.95739,46.113247],[-122.957166,46.113238],[-122.957165,46.113093],[-122.957138,46.113057],[-122.956907,46.113058],[-122.956884,46.112983],[-122.956778,46.112968],[-122.956778,46.112878],[-122.956872,46.112869],[-122.956907,46.112824],[-122.956894,46.112722],[-122.956778,46.112698],[-122.956778,46.112518],[-122.956873,46.112509],[-122.956907,46.112428],[-122.957024,46.112404],[-122.957037,46.112248],[-122.957118,46.112244],[-122.957163,46.112209],[-122.957167,46.112068],[-122.957273,46.112052],[-122.957296,46.111978],[-122.9575,46.111976],[-122.957549,46.111945],[-122.957555,46.111888],[-122.957684,46.111888],[-122.957693,46.112039],[-122.957739,46.112066],[-122.957813,46.112069],[-122.957813,46.112338],[-122.957701,46.112358],[-122.95765,46.112465],[-122.957701,46.112588],[-122.957754,46.112608],[-122.957887,46.112606],[-122.957937,46.112575],[-122.957943,46.112518],[-122.958072,46.112518],[-122.958052,46.112648],[-122.958092,46.112691],[-122.958589,46.112698],[-122.958612,46.112772],[-122.958719,46.112788]],[[-122.957813,46.112968],[-122.957809,46.112916],[-122.957772,46.112884],[-122.957554,46.112878],[-122.957493,46.112854],[-122.957306,46.112889],[-122.957211,46.112855],[-122.957155,46.112889],[-122.957057,46.112884],[-122.957017,46.112928],[-122.957039,46.11297],[-122.95709,46.112991],[-122.957177,46.112957],[-122.957284,46.112957],[-122.957313,46.113128],[-122.957424,46.113148],[-122.957459,46.113229],[-122.957615,46.113262],[-122.957778,46.113229],[-122.957813,46.113148],[-122.957894,46.113144],[-122.957936,46.113115],[-122.957933,46.112997],[-122.957887,46.11297],[-122.957813,46.112968]]]}},{"type":"Feature","properties":{"id":68,"area_m2":8200,"px":82,"rank":6,"persistent":false},"geometry":{"type":"Polygon","coordinates":[[[-122.958714,46.119268],[-122.958714,46.119448],[-122.958584,46.119448],[-122.958579,46.119302],[-122.958537,46.119272],[-122.958455,46.119268],[-122.958421,46.119187],[-122.958265,46.119154],[-122.958196,46.119178],[-122.958067,46.119178],[-122.958049,46.119108],[-122.957938,46.119088],[-122.957903,46.119007],[-122.957808,46.118998],[-122.95778,46.11892],[-122.957679,46.118908],[-122.957656,46.118834],[-122.95742,46.118818],[-122.957407,46.118752],[-122.957291,46.118728],[-122.957287,46.118676],[-122.95725,46.118644],[-122.957032,46.118638],[-122.957023,46.118576],[-122.956969,46.118549],[-122.956644,46.118548],[-122.956621,46.118473],[-122.956514,46.118458],[-122.956502,46.118122],[-122.956445,46.118098],[-122.956126,46.118097],[-122.956104,46.117933],[-122.955997,46.117917],[-122.955991,46.117861],[-122.955949,46.117831],[-122.955738,46.117827],[-122.955739,46.117557],[-122.955845,46.117542],[-122.955868,46.117467],[-122.955997,46.117467],[-122.956058,46.117492],[-122.956127,46.117467],[-122.956256,46.117468],[-122.956262,46.117614],[-122.956304,46.117643],[-122.956385,46.117648],[-122.956389,46.117789],[-122.956433,46.117823],[-122.956515,46.117828],[-122.956537,46.117992],[-122.956773,46.118008],[-122.956787,46.118074],[-122.956903,46.118098],[-122.956909,46.118154],[-122.956951,46.118184],[-122.957093,46.118212],[-122.957162,46.118188],[-122.957291,46.118188],[-122.9573,46.118339],[-122.957346,46.118366],[-122.95742,46.118368],[-122.9574,46.118492],[-122.957422,46.118531],[-122.95747,46.118548],[-122.957808,46.118548],[-122.957822,46.118614],[-122.957938,46.118638],[-122.957972,46.118719],[-122.958197,46.118728],[-122.95821,46.118974],[-122.958326,46.118998],[-122.95836,46.119079],[-122.958455,46.119088],[-122.958484,46.119166],[-122.958584,46.119178],[-122.958613,46.119256],[-122.958714,46.119268]]]}},{"type":"Feature","properties":{"id":27,"area_m2":7700,"px":77,"rank":7,"persistent":false},"geometry":{"type":"Polygon","coordinates":[[[-122.976829,46.129624],[-122.976829,46.129714],[-122.97674,46.12972],[-122.976701,46.129757],[-122.976699,46.129984],[-122.976593,46.129999],[-122.97657,46.130074],[-122.97644,46.130074],[-122.976379,46.13005],[-122.976311,46.130074],[-122.976052,46.130073],[-122.976039,46.130008],[-122.975923,46.129983],[-122.975888,46.129903],[-122.975664,46.129893],[-122.975663,46.129748],[-122.975637,46.129713],[-122.975405,46.129713],[-122.975382,46.129639],[-122.975276,46.129623],[-122.975295,46.129494],[-122.975268,46.129456],[-122.975017,46.129443],[-122.974994,46.129369],[-122.974887,46.129353],[-122.974853,46.129272],[-122.974758,46.129263],[-122.974735,46.129099],[-122.974567,46.129059],[-122.974499,46.129083],[-122.97437,46.129083],[-122.974347,46.129009],[-122.97424,46.128993],[-122.974243,46.128834],[-122.97419,46.128813],[-122.973981,46.128813],[-122.973982,46.128723],[-122.974088,46.128707],[-122.974111,46.128633],[-122.97424,46.128633],[-122.974258,46.128703],[-122.97437,46.128723],[-122.974404,46.128804],[-122.974499,46.128813],[-122.974528,46.128891],[-122.974758,46.128903],[-122.974776,46.128974],[-122.974887,46.128993],[-122.974905,46.129064],[-122.975017,46.129083],[-122.975034,46.129154],[-122.975146,46.129173],[-122.975164,46.129244],[-122.975276,46.129263],[-122.975289,46.129329],[-122.975405,46.129353],[-122.975411,46.12941],[-122.975453,46.129439],[-122.975664,46.129444],[-122.975725,46.129468],[-122.975793,46.129444],[-122.975985,46.129457],[-122.976047,46.129424],[-122.976052,46.129354],[-122.976311,46.129354],[-122.976324,46.12942],[-122.976441,46.129444],[-122.976469,46.129521],[-122.976699,46.129534],[-122.976722,46.129608],[-122.976829,46.129624]]]}},{"type":"Feature","properties":{"id":81,"area_m2":7500,"px":75,"rank":8,"persistent":false},"geometry":{"type":"Polygon","coordinates":[[[-122.960919,46.111799],[-122.960919,46.111979],[-122.960731,46.111979],[-122.960678,46.111999],[-122.96066,46.112249],[-122.960554,46.112265],[-122.960531,46.112339],[-122.960401,46.112339],[-122.96034,46.112315],[-122.960272,46.112339],[-122.960081,46.112325],[-122.960019,46.112359],[-122.960013,46.112429],[-122.959754,46.112429],[-122.959774,46.112305],[-122.959753,46.112265],[-122.959496,46.112249],[-122.959496,46.112069],[-122.95957,46.112066],[-122.959616,46.11204],[-122.959616,46.111917],[-122.959563,46.11189],[-122.959367,46.111888],[-122.959367,46.111529],[-122.959448,46.111524],[-122.959493,46.11149],[-122.959496,46.111259],[-122.959603,46.111243],[-122.959626,46.111169],[-122.959755,46.111169],[-122.959778,46.111243],[-122.959884,46.111259],[-122.959902,46.111329],[-122.960014,46.111349],[-122.960048,46.11143],[-122.960143,46.111439],[-122.960172,46.111517],[-122.960272,46.111529],[-122.960276,46.111671],[-122.96032,46.111705],[-122.960402,46.111709],[-122.960382,46.111838],[-122.960422,46.111882],[-122.960615,46.111912],[-122.960767,46.111873],[-122.96079,46.111799],[-122.960919,46.111799]]]}},{"type":"Feature","properties":{"id":11,"area_m2":4500,"px":45,"rank":9,"persistent":false},"geometry":{"type":"Polygon","coordinates":[[[-122.989902,46.133136],[-122.989902,46.133496],[-122.989814,46.133502],[-122.989774,46.133539],[-122.989773,46.133856],[-122.989447,46.133857],[-122.989394,46.133884],[-122.989384,46.133946],[-122.989255,46.133946],[-122.989242,46.13379],[-122.989126,46.133766],[-122.989091,46.133685],[-122.988996,46.133676],[-122.988996,46.133406],[-122.989097,46.133393],[-122.989126,46.133316],[-122.989221,46.133307],[-122.989255,46.133226],[-122.989367,46.133206],[-122.989385,46.133046],[-122.989514,46.133046],[-122.989523,46.133107],[-122.989577,46.133135],[-122.989902,46.133136]]]}},{"type":"Feature","properties":{"id":22,"area_m2":4400,"px":44,"rank":10,"persistent":false},"geometry":{"type":"Polygon","coordinates":[[[-122.991327,46.130346],[-122.991327,46.130706],[-122.991123,46.130708],[-122.991074,46.130739],[-122.991068,46.130796],[-122.990939,46.130796],[-122.990935,46.130474],[-122.990891,46.13044],[-122.990809,46.130436],[-122.990791,46.130275],[-122.99068,46.130256],[-122.990664,46.130083],[-122.99091,46.130063],[-122.990958,46.129957],[-122.990937,46.129912],[-122.990881,46.129896],[-122.990585,46.129905],[-122.990551,46.129944],[-122.990566,46.130068],[-122.990455,46.130085],[-122.990421,46.130166],[-122.990346,46.130168],[-122.9903,46.130194],[-122.990304,46.130322],[-122.990361,46.130345],[-122.99055,46.130346],[-122.99055,46.130436],[-122.990291,46.130436],[-122.99023,46.130412],[-122.990162,46.130436],[-122.990032,46.130436],[-122.990033,46.130166],[-122.990165,46.130145],[-122.990162,46.129986],[-122.990269,46.12997],[-122.990291,46.129896],[-122.990408,46.129872],[-122.990421,46.129806],[-122.990639,46.129799],[-122.990676,46.129767],[-122.99068,46.129716],[-122.990939,46.129716],[-122.990961,46.12979],[-122.991068,46.129806],[-122.991103,46.129887],[-122.991197,46.129896],[-122.991197,46.130076],[-122.991091,46.130092],[-122.991036,46.130198],[-122.991074,46.130312],[-122.991131,46.130345],[-122.991327,46.130346]]]}},{"type":"Feature","properties":{"id":75,"area_m2":3800,"px":38,"rank":11,"persistent":false},"geometry":{"type":"Polygon","coordinates":[[[-122.961303,46.117739],[-122.961303,46.117919],[-122.960656,46.117919],[-122.960634,46.117845],[-122.960527,46.117829],[-122.960527,46.117109],[-122.960786,46.117109],[-122.960821,46.11719],[-122.961045,46.117199],[-122.961068,46.117273],[-122.961174,46.117289],[-122.961155,46.117694],[-122.961201,46.117735],[-122.961303,46.117739]],[[-122.961043,46.117647],[-122.960991,46.117626],[-122.960934,46.117636],[-122.960896,46.117678],[-122.960912,46.117719],[-122.960965,46.117739],[-122.961037,46.117726],[-122.961064,46.117689],[-122.961043,46.117647]]]}},{"type":"Feature","properties":{"id":25,"area_m2":3600,"px":36,"rank":12,"persistent":false},"geometry":{"type":"Polygon","coordinates":[[[-122.989644,46.129716],[-122.989644,46.129896],[-122.989408,46.129911],[-122.989385,46.130076],[-122.989173,46.130066],[-122.98913,46.1301],[-122.989126,46.130165],[-122.988772,46.130175],[-122.988738,46.130214],[-122.988738,46.130345],[-122.988609,46.130345],[-122.988608,46.130214],[-122.988574,46.130175],[-122.98835,46.130165],[-122.98835,46.129986],[-122.988456,46.12997],[-122.988479,46.129896],[-122.988595,46.129871],[-122.988609,46.129806],[-122.988812,46.129803],[-122.988867,46.129757],[-122.988858,46.129654],[-122.988812,46.129628],[-122.988738,46.129625],[-122.988735,46.12956],[-122.988699,46.129529],[-122.98835,46.129535],[-122.98835,46.129446],[-122.988431,46.129441],[-122.988476,46.129407],[-122.988479,46.129266],[-122.988609,46.129266],[-122.988631,46.12934],[-122.988738,46.129356],[-122.988773,46.129436],[-122.988867,46.129446],[-122.988877,46.129597],[-122.988923,46.129623],[-122.988997,46.129626],[-122.989013,46.129798],[-122.988902,46.129815],[-122.988867,46.129895],[-122.988751,46.12992],[-122.988718,46.130025],[-122.988758,46.130069],[-122.988949,46.130071],[-122.988991,46.130042],[-122.988997,46.129986],[-122.989113,46.129962],[-122.989111,46.129813],[-122.989233,46.12979],[-122.989288,46.129684],[-122.989256,46.129536],[-122.989385,46.129536],[-122.989408,46.12961],[-122.989515,46.129626],[-122.989549,46.129706],[-122.989644,46.129716]]]}},{"type":"Feature","properties":{"id":57,"area_m2":3600,"px":36,"rank":13,"persistent":false},"geometry":{"type":"Polygon","coordinates":[[[-122.979291,46.123594],[-122.979291,46.123684],[-122.979032,46.123684],[-122.978963,46.12366],[-122.978902,46.123684],[-122.978699,46.123686],[-122.978649,46.123717],[-122.978643,46.123774],[-122.978527,46.123798],[-122.978514,46.123864],[-122.978385,46.123864],[-122.978381,46.123812],[-122.978343,46.12378],[-122.978126,46.123774],[-122.978126,46.123234],[-122.978644,46.123234],[-122.978647,46.123286],[-122.978685,46.123318],[-122.978902,46.123324],[-122.978908,46.123471],[-122.97895,46.1235],[-122.979032,46.123504],[-122.97906,46.123582],[-122.979291,46.123594]]]}},{"type":"Feature","properties":{"id":4,"area_m2":3500,"px":35,"rank":14,"persistent":false},"geometry":{"type":"Polygon","coordinates":[[[-122.990808,46.134306],[-122.990808,46.134396],[-122.990707,46.134408],[-122.990679,46.134486],[-122.990591,46.134492],[-122.990551,46.134529],[-122.990535,46.134631],[-122.990584,46.134663],[-122.990679,46.134666],[-122.990679,46.134756],[-122.990578,46.134768],[-122.990549,46.134846],[-122.990448,46.134858],[-122.99042,46.134936],[-122.990325,46.134945],[-122.99029,46.135026],[-122.990179,46.135045],[-122.990161,46.135206],[-122.990054,46.135222],[-122.990031,46.135296],[-122.989915,46.13532],[-122.989902,46.135386],[-122.989773,46.135386],[-122.989773,46.135296],[-122.989807,46.135253],[-122.989787,46.135214],[-122.989712,46.135182],[-122.989643,46.135206],[-122.989514,46.135206],[-122.989514,46.135026],[-122.989602,46.135019],[-122.989642,46.134982],[-122.989643,46.134756],[-122.99012,46.134749],[-122.990158,46.134717],[-122.990161,46.134666],[-122.990243,46.134662],[-122.990287,46.134627],[-122.990291,46.134396],[-122.990508,46.134389],[-122.990546,46.134357],[-122.99055,46.134306],[-122.990808,46.134306]]]}},{"type":"Feature","properties":{"id":71,"area_m2":2800,"px":28,"rank":15,"persistent":false},"geometry":{"type":"Polygon","coordinates":[[[-122.960138,46.118099],[-122.960138,46.118189],[-122.959914,46.118198],[-122.959879,46.118279],[-122.959763,46.118303],[-122.959731,46.118398],[-122.95977,46.118452],[-122.959879,46.118459],[-122.959897,46.118619],[-122.960009,46.118639],[-122.960008,46.118819],[-122.959902,46.118835],[-122.959879,46.118909],[-122.95962,46.118909],[-122.959607,46.118843],[-122.959543,46.118819],[-122.959396,46.118828],[-122.959361,46.118909],[-122.959232,46.118909],[-122.959232,46.118729],[-122.959267,46.118686],[-122.959232,46.118639],[-122.959232,46.118459],[-122.959339,46.118443],[-122.959362,46.118369],[-122.959457,46.11836],[-122.959491,46.118279],[-122.959603,46.118259],[-122.959621,46.118189],[-122.959838,46.118182],[-122.959876,46.118151],[-122.95988,46.118099],[-122.960138,46.118099]]]}},{"type":"Feature","properties":{"id":69,"area_m2":2600,"px":26,"rank":16,"persistent":false},"geometry":{"type":"Polygon","coordinates":[[[-122.962209,46.11873],[-122.962209,46.11882],[-122.962102,46.118835],[-122.962079,46.11891],[-122.961861,46.118916],[-122.961824,46.118948],[-122.96182,46.118999],[-122.961432,46.118999],[-122.961432,46.118729],[-122.961507,46.118727],[-122.961552,46.118701],[-122.961562,46.118459],[-122.961668,46.118444],[-122.961691,46.11837],[-122.961821,46.11837],[-122.961843,46.118444],[-122.96195,46.11846],[-122.961985,46.11854],[-122.962079,46.11855],[-122.962088,46.118701],[-122.962134,46.118727],[-122.962209,46.11873]]]}},{"type":"Feature","properties":{"id":76,"area_m2":2500,"px":25,"rank":17,"persistent":false},"geometry":{"type":"Polygon","coordinates":[[[-122.956256,46.117288],[-122.956256,46.117377],[-122.956127,46.117377],[-122.956066,46.117353],[-122.955997,46.117377],[-122.95587,46.117377],[-122.955845,46.117303],[-122.955739,46.117287],[-122.955739,46.117107],[-122.955774,46.117065],[-122.955739,46.117017],[-122.955739,46.116706],[-122.955698,46.116664],[-122.95561,46.116657],[-122.95561,46.116346],[-122.955569,46.116304],[-122.955481,46.116297],[-122.955481,46.116027],[-122.95574,46.116027],[-122.95574,46.116117],[-122.955623,46.116141],[-122.95561,46.116243],[-122.955645,46.116288],[-122.955739,46.116297],[-122.955743,46.116619],[-122.955787,46.116653],[-122.955869,46.116657],[-122.955886,46.116818],[-122.955998,46.116837],[-122.956032,46.116918],[-122.956127,46.116927],[-122.956129,46.117244],[-122.956168,46.117281],[-122.956256,46.117288]]]}},{"type":"Feature","properties":{"id":3,"area_m2":2300,"px":23,"rank":18,"persistent":false},"geometry":{"type":"Polygon","coordinates":[[[-122.986018,46.135925],[-122.986018,46.136015],[-122.98563,46.136015],[-122.985617,46.135949],[-122.9855,46.135925],[-122.985466,46.135844],[-122.985241,46.135835],[-122.985228,46.135769],[-122.985112,46.135745],[-122.985106,46.135689],[-122.985064,46.135659],[-122.984853,46.135655],[-122.98483,46.135581],[-122.984724,46.135565],[-122.984724,46.135475],[-122.984758,46.135433],[-122.984724,46.135385],[-122.984724,46.135205],[-122.984853,46.135205],[-122.984876,46.135279],[-122.984982,46.135295],[-122.985,46.135365],[-122.985112,46.135385],[-122.985146,46.135466],[-122.985241,46.135475],[-122.98527,46.135553],[-122.985371,46.135565],[-122.985399,46.135643],[-122.9855,46.135655],[-122.985529,46.135733],[-122.98563,46.135745],[-122.985658,46.135823],[-122.985759,46.135835],[-122.985788,46.135913],[-122.986018,46.135925]]]}},{"type":"Feature","properties":{"id":78,"area_m2":2300,"px":23,"rank":19,"persistent":false},"geometry":{"type":"Polygon","coordinates":[[[-122.959754,46.112879],[-122.959754,46.113149],[-122.959647,46.113164],[-122.959624,46.113239],[-122.959394,46.113251],[-122.959366,46.113287],[-122.959365,46.113418],[-122.959259,46.113434],[-122.959236,46.113508],[-122.959141,46.113518],[-122.959106,46.113598],[-122.958995,46.113618],[-122.958977,46.113688],[-122.958848,46.113688],[-122.958825,46.113614],[-122.958718,46.113598],[-122.958718,46.113508],[-122.958819,46.113496],[-122.958848,46.113418],[-122.958949,46.113406],[-122.958977,46.113328],[-122.959072,46.113319],[-122.959107,46.113239],[-122.959218,46.113219],[-122.959236,46.113059],[-122.959343,46.113043],[-122.959366,46.112969],[-122.959569,46.112966],[-122.959619,46.112935],[-122.959625,46.112879],[-122.959754,46.112879]]]}},{"type":"Feature","properties":{"id":31,"area_m2":2200,"px":22,"rank":20,"persistent":false},"geometry":{"type":"Polygon","coordinates":[[[-122.990809,46.129356],[-122.990809,46.129536],[-122.99068,46.129536],[-122.990657,46.129371],[-122.990421,46.129356],[-122.990398,46.129281],[-122.990292,46.129266],[-122.990282,46.129024],[-122.990236,46.128998],[-122.990162,46.128996],[-122.990128,46.128915],[-122.990033,46.128906],[-122.990004,46.128828],[-122.989903,46.128816],[-122.989875,46.128738],[-122.989774,46.128726],[-122.989745,46.128648],[-122.989644,46.128636],[-122.989644,46.128456],[-122.989774,46.128456],[-122.989791,46.128526],[-122.989903,46.128546],[-122.989921,46.128616],[-122.990033,46.128636],[-122.990046,46.128702],[-122.990162,46.128726],[-122.990197,46.128807],[-122.990421,46.128816],[-122.99043,46.129057],[-122.990476,46.129083],[-122.99055,46.129086],[-122.990585,46.129167],[-122.99068,46.129176],[-122.990689,46.129327],[-122.990735,46.129353],[-122.990809,46.129356]]]}},{"type":"Feature","properties":{"id":74,"area_m2":2200,"px":22,"rank":21,"persistent":false},"geometry":{"type":"Polygon","coordinates":[[[-122.960139,46.117829],[-122.960138,46.117919],[-122.960032,46.117935],[-122.960009,46.118009],[-122.95975,46.118009],[-122.959728,46.117935],[-122.959621,46.117919],[-122.959621,46.117199],[-122.95988,46.117199],[-122.959883,46.11761],[-122.959928,46.117645],[-122.960009,46.117649],[-122.960027,46.117809],[-122.960139,46.117829]]]}},{"type":"Feature","properties":{"id":73,"area_m2":2000,"px":20,"rank":22,"persistent":false},"geometry":{"type":"Polygon","coordinates":[[[-122.958197,46.117648],[-122.958197,46.117738],[-122.958109,46.117745],[-122.958069,46.117782],[-122.958068,46.118008],[-122.957961,46.118024],[-122.957938,46.118098],[-122.95755,46.118098],[-122.95755,46.117648],[-122.958197,46.117648]]]}},{"type":"Feature","properties":{"id":53,"area_m2":1800,"px":18,"rank":23,"persistent":false},"geometry":{"type":"Polygon","coordinates":[[[-122.97476,46.125213],[-122.97476,46.125303],[-122.974665,46.125312],[-122.97463,46.125393],[-122.974518,46.125413],[-122.974501,46.125573],[-122.974394,46.125589],[-122.974371,46.125663],[-122.974112,46.125663],[-122.974112,46.125573],[-122.974147,46.125531],[-122.974112,46.125483],[-122.974113,46.125303],[-122.974147,46.125261],[-122.974113,46.125213],[-122.974113,46.125123],[-122.974242,46.125123],[-122.974303,46.125147],[-122.974372,46.125123],[-122.97463,46.125123],[-122.974653,46.125197],[-122.97476,46.125213]]]}},{"type":"Feature","properties":{"id":16,"area_m2":1700,"px":17,"rank":24,"persistent":false},"geometry":{"type":"Polygon","coordinates":[[[-122.982524,46.132415],[-122.982524,46.132505],[-122.982442,46.132509],[-122.982398,46.132543],[-122.982394,46.132685],[-122.982287,46.132701],[-122.982265,46.132775],[-122.98217,46.132784],[-122.982135,46.132865],[-122.982023,46.132884],[-122.982006,46.132955],[-122.981747,46.132955],[-122.981747,46.132775],[-122.981848,46.132762],[-122.981876,46.132685],[-122.981971,46.132676],[-122.982006,46.132595],[-122.982087,46.132591],[-122.982129,46.132561],[-122.982135,46.132325],[-122.982265,46.132325],[-122.982271,46.132381],[-122.98232,46.132412],[-122.982524,46.132415]]]}},{"type":"Feature","properties":{"id":44,"area_m2":1700,"px":17,"rank":25,"persistent":false},"geometry":{"type":"Polygon","coordinates":[[[-122.983173,46.126115],[-122.983173,46.126385],[-122.983043,46.126385],[-122.98304,46.126333],[-122.983002,46.126301],[-122.982785,46.126295],[-122.982767,46.126134],[-122.982715,46.126115],[-122.982526,46.126115],[-122.982503,46.12604],[-122.982396,46.126025],[-122.982362,46.125944],[-122.982267,46.125935],[-122.982267,46.125845],[-122.982526,46.125845],[-122.982535,46.125906],[-122.982588,46.125934],[-122.982914,46.125935],[-122.982937,46.126009],[-122.983043,46.126025],[-122.983078,46.126106],[-122.983173,46.126115]]]}},{"type":"Feature","properties":{"id":82,"area_m2":1700,"px":17,"rank":26,"persistent":false},"geometry":{"type":"Polygon","coordinates":[[[-122.95872,46.111618],[-122.958719,46.111798],[-122.958645,46.111801],[-122.958599,46.111827],[-122.95859,46.111978],[-122.958461,46.111978],[-122.9584,46.111954],[-122.958331,46.111978],[-122.958072,46.111978],[-122.958073,46.111618],[-122.95872,46.111618]]]}},{"type":"Feature","properties":{"id":21,"area_m2":1400,"px":14,"rank":27,"persistent":false},"geometry":{"type":"Polygon","coordinates":[[[-122.989126,46.130976],[-122.989126,46.131065],[-122.988913,46.131043],[-122.988761,46.131081],[-122.988738,46.131155],[-122.988479,46.131155],[-122.988479,46.130976],[-122.988595,46.130952],[-122.988607,46.130839],[-122.988567,46.130802],[-122.988479,46.130795],[-122.988461,46.130635],[-122.98835,46.130615],[-122.988315,46.130535],[-122.98822,46.130525],[-122.98822,46.130436],[-122.988349,46.130436],[-122.988372,46.13051],[-122.988479,46.130526],[-122.988513,46.130606],[-122.988608,46.130616],[-122.988614,46.130762],[-122.988656,46.130791],[-122.988738,46.130796],[-122.988766,46.130873],[-122.988997,46.130886],[-122.989019,46.13096],[-122.989126,46.130976]]]}},{"type":"Feature","properties":{"id":48,"area_m2":1400,"px":14,"rank":28,"persistent":false},"geometry":{"type":"Polygon","coordinates":[[[-122.968805,46.126112],[-122.968805,46.126292],[-122.968676,46.126292],[-122.968663,46.126226],[-122.968546,46.126202],[-122.968512,46.126121],[-122.968287,46.126112],[-122.968265,46.126037],[-122.968158,46.126022],[-122.968145,46.125956],[-122.968029,46.125931],[-122.968,46.125854],[-122.967899,46.125841],[-122.967899,46.125752],[-122.968158,46.125752],[-122.968161,46.125803],[-122.968199,46.125835],[-122.968417,46.125842],[-122.96844,46.125916],[-122.968546,46.125932],[-122.968559,46.125998],[-122.968676,46.126022],[-122.968704,46.126099],[-122.968805,46.126112]]]}},{"type":"Feature","properties":{"id":13,"area_m2":1300,"px":13,"rank":29,"persistent":false},"geometry":{"type":"Polygon","coordinates":[[[-122.991067,46.133136],[-122.991067,46.133316],[-122.990809,46.133316],[-122.990786,46.133242],[-122.990679,46.133226],[-122.990645,46.133145],[-122.99055,46.133136],[-122.99055,46.132956],[-122.990656,46.13294],[-122.990679,46.132866],[-122.990938,46.132866],[-122.990941,46.133097],[-122.990986,46.133132],[-122.991067,46.133136]]]}},{"type":"Feature","properties":{"id":26,"area_m2":1200,"px":12,"rank":30,"persistent":false},"geometry":{"type":"Polygon","coordinates":[[[-122.988091,46.129986],[-122.988091,46.130165],[-122.987832,46.130165],[-122.987831,46.129944],[-122.987803,46.129908],[-122.987506,46.129896],[-122.987453,46.129924],[-122.987443,46.129985],[-122.987316,46.129985],[-122.987314,46.129895],[-122.987421,46.12988],[-122.987444,46.129805],[-122.98756,46.129781],[-122.987573,46.129715],[-122.987832,46.129715],[-122.987855,46.12979],[-122.987961,46.129805],[-122.987974,46.129961],[-122.988091,46.129986]]]}},{"type":"Feature","properties":{"id":49,"area_m2":1200,"px":12,"rank":31,"persistent":false},"geometry":{"type":"Polygon","coordinates":[[[-122.974889,46.126113],[-122.974889,46.126203],[-122.974759,46.126203],[-122.974753,46.126147],[-122.974704,46.126116],[-122.974446,46.126099],[-122.97438,46.126128],[-122.974371,46.126203],[-122.974242,46.126203],[-122.974228,46.126047],[-122.974172,46.126023],[-122.973983,46.126023],[-122.973983,46.125933],[-122.974077,46.125931],[-122.974124,46.125903],[-122.974112,46.125753],[-122.974371,46.125753],[-122.974394,46.125827],[-122.9745,46.125843],[-122.974523,46.126007],[-122.974759,46.126023],[-122.974782,46.126097],[-122.974889,46.126113]]]}},{"type":"Feature","properties":{"id":43,"area_m2":1100,"px":11,"rank":32,"persistent":false},"geometry":{"type":"Polygon","coordinates":[[[-122.978254,46.126114],[-122.978254,46.126294],[-122.978147,46.12631],[-122.978125,46.126384],[-122.97803,46.126393],[-122.977995,46.126474],[-122.977883,46.126494],[-122.977866,46.126564],[-122.977607,46.126564],[-122.977607,46.126474],[-122.977688,46.12647],[-122.977733,46.126436],[-122.977736,46.126294],[-122.977843,46.126278],[-122.977866,46.126204],[-122.97807,46.126202],[-122.978119,46.126171],[-122.978125,46.126114],[-122.978254,46.126114]]]}},{"type":"Feature","properties":{"id":8,"area_m2":1000,"px":10,"rank":33,"persistent":false},"geometry":{"type":"Polygon","coordinates":[[[-122.990938,46.133856],[-122.990938,46.134216],[-122.990809,46.134216],[-122.990795,46.13415],[-122.990731,46.134126],[-122.990475,46.134128],[-122.990426,46.134159],[-122.99042,46.134216],[-122.990291,46.134216],[-122.990291,46.134126],[-122.990397,46.13411],[-122.99042,46.134036],[-122.990536,46.134012],[-122.99055,46.133946],[-122.990753,46.133943],[-122.990803,46.133912],[-122.990809,46.133856],[-122.990938,46.133856]]]}},{"type":"Feature","properties":{"id":77,"area_m2":1000,"px":10,"rank":34,"persistent":false},"geometry":{"type":"Polygon","coordinates":[[[-122.961824,46.113689],[-122.961824,46.113869],[-122.96175,46.113872],[-122.961704,46.113898],[-122.961694,46.114049],[-122.961613,46.114053],[-122.961568,46.114088],[-122.961565,46.114229],[-122.961458,46.114245],[-122.961435,46.114319],[-122.961306,46.114319],[-122.961306,46.114229],[-122.961394,46.114223],[-122.961434,46.114186],[-122.961436,46.113779],[-122.961641,46.11379],[-122.961689,46.113759],[-122.961695,46.113689],[-122.961824,46.113689]]]}},{"type":"Feature","properties":{"id":83,"area_m2":1000,"px":10,"rank":35,"persistent":false},"geometry":{"type":"Polygon","coordinates":[[[-122.958721,46.109188],[-122.958721,46.109278],[-122.958615,46.109294],[-122.958592,46.109368],[-122.958497,46.109377],[-122.958462,46.109458],[-122.958351,46.109478],[-122.958333,46.109548],[-122.957945,46.109548],[-122.957945,46.109458],[-122.958026,46.109454],[-122.958071,46.10942],[-122.958074,46.109278],[-122.958204,46.109278],[-122.958272,46.109302],[-122.958333,46.109278],[-122.958529,46.109277],[-122.958583,46.10925],[-122.958592,46.109188],[-122.958721,46.109188]]]}},{"type":"Feature","properties":{"id":20,"area_m2":900,"px":9,"rank":36,"persistent":false},"geometry":{"type":"Polygon","coordinates":[[[-122.983948,46.130975],[-122.983948,46.131155],[-122.983874,46.131157],[-122.983828,46.131183],[-122.983818,46.131335],[-122.98356,46.131335],[-122.98356,46.130975],[-122.983689,46.130975],[-122.98375,46.130999],[-122.983819,46.130975],[-122.983948,46.130975]]]}},{"type":"Feature","properties":{"id":39,"area_m2":900,"px":9,"rank":37,"persistent":false},"geometry":{"type":"Polygon","coordinates":[[[-122.970875,46.127372],[-122.970875,46.127552],[-122.970746,46.127552],[-122.970733,46.127486],[-122.970617,46.127462],[-122.970582,46.127381],[-122.970358,46.127372],[-122.970335,46.127298],[-122.970228,46.127282],[-122.970211,46.127212],[-122.970099,46.127192],[-122.970064,46.127111],[-122.96997,46.127102],[-122.969941,46.127024],[-122.96984,46.127012],[-122.96984,46.126922],[-122.96997,46.126922],[-122.969987,46.126992],[-122.970099,46.127012],[-122.970117,46.127082],[-122.970228,46.127102],[-122.970241,46.127168],[-122.970358,46.127192],[-122.970392,46.127273],[-122.970617,46.127282],[-122.970623,46.127339],[-122.970672,46.12737],[-122.970875,46.127372]]]}},{"type":"Feature","properties":{"id":64,"area_m2":900,"px":9,"rank":38,"persistent":false},"geometry":{"type":"Polygon","coordinates":[[[-122.969585,46.120712],[-122.969585,46.120802],[-122.969196,46.120802],[-122.969174,46.120728],[-122.969067,46.120712],[-122.969067,46.120532],[-122.969455,46.120532],[-122.969464,46.120683],[-122.96951,46.12071],[-122.969585,46.120712]]]}},{"type":"Feature","properties":{"id":30,"area_m2":800,"px":8,"rank":39,"persistent":false},"geometry":{"type":"Polygon","coordinates":[[[-122.981748,46.129355],[-122.981748,46.129445],[-122.981641,46.12946],[-122.981618,46.129535],[-122.981502,46.129559],[-122.981489,46.129624],[-122.98123,46.129624],[-122.98123,46.129355],[-122.981489,46.129355],[-122.98155,46.129379],[-122.981619,46.129355],[-122.981748,46.129355]]]}},{"type":"Feature","properties":{"id":63,"area_m2":800,"px":8,"rank":40,"persistent":false},"geometry":{"type":"Polygon","coordinates":[[[-122.961689,46.12107],[-122.961689,46.121249],[-122.96156,46.121249],[-122.961557,46.121198],[-122.961519,46.121166],[-122.961301,46.121159],[-122.961278,46.121085],[-122.961172,46.121069],[-122.961137,46.120988],[-122.961042,46.120979],[-122.961043,46.120889],[-122.961301,46.120889],[-122.961314,46.120955],[-122.961431,46.120979],[-122.961465,46.12106],[-122.961689,46.12107]]]}},{"type":"Feature","properties":{"id":18,"area_m2":700,"px":7,"rank":41,"persistent":false},"geometry":{"type":"Polygon","coordinates":[[[-122.982394,46.132055],[-122.982394,46.132145],[-122.982068,46.132146],[-122.982015,46.132173],[-122.982006,46.132235],[-122.981747,46.132235],[-122.981747,46.132055],[-122.982394,46.132055]]]}},{"type":"Feature","properties":{"id":32,"area_m2":700,"px":7,"rank":42,"persistent":false},"geometry":{"type":"Polygon","coordinates":[[[-122.989774,46.129266],[-122.989774,46.129356],[-122.989385,46.129355],[-122.989385,46.129086],[-122.989644,46.129086],[-122.989653,46.129237],[-122.989699,46.129263],[-122.989774,46.129266]]]}},{"type":"Feature","properties":{"id":37,"area_m2":700,"px":7,"rank":43,"persistent":false},"geometry":{"type":"Polygon","coordinates":[[[-122.984078,46.128545],[-122.984078,46.128635],[-122.983972,46.128651],[-122.983949,46.128725],[-122.983819,46.128725],[-122.983806,46.128659],[-122.98369,46.128635],[-122.983655,46.128554],[-122.983431,46.128545],[-122.983431,46.128455],[-122.983819,46.128455],[-122.983823,46.128507],[-122.98386,46.128539],[-122.984078,46.128545]]]}},{"type":"Feature","properties":{"id":54,"area_m2":700,"px":7,"rank":44,"persistent":false},"geometry":{"type":"Polygon","coordinates":[[[-122.968288,46.125212],[-122.968288,46.125302],[-122.968181,46.125317],[-122.968158,46.125391],[-122.968029,46.125391],[-122.968006,46.125317],[-122.9679,46.125301],[-122.967932,46.125153],[-122.967877,46.125047],[-122.96777,46.125031],[-122.96777,46.124942],[-122.9679,46.124942],[-122.967922,46.125016],[-122.968029,46.125032],[-122.968042,46.125098],[-122.968158,46.125122],[-122.968187,46.125199],[-122.968288,46.125212]]]}},{"type":"Feature","properties":{"id":10,"area_m2":600,"px":6,"rank":45,"persistent":false},"geometry":{"type":"Polygon","coordinates":[[[-122.982653,46.133855],[-122.982653,46.134035],[-122.982394,46.134035],[-122.98239,46.133893],[-122.982346,46.133859],[-122.982264,46.133855],[-122.982264,46.133765],[-122.982523,46.133765],[-122.982546,46.133839],[-122.982653,46.133855]]]}},{"type":"Feature","properties":{"id":42,"area_m2":600,"px":6,"rank":46,"persistent":false},"geometry":{"type":"Polygon","coordinates":[[[-122.975665,46.126833],[-122.975665,46.126923],[-122.975536,46.126923],[-122.975518,46.126853],[-122.975406,46.126833],[-122.975372,46.126752],[-122.975277,46.126743],[-122.975248,46.126666],[-122.975018,46.126653],[-122.975018,46.126563],[-122.975222,46.126561],[-122.975271,46.12653],[-122.975277,46.126473],[-122.975406,46.126473],[-122.975406,46.126563],[-122.975372,46.126611],[-122.975415,46.126715],[-122.975461,46.126741],[-122.975536,46.126743],[-122.97557,46.126824],[-122.975665,46.126833]]]}},{"type":"Feature","properties":{"id":51,"area_m2":600,"px":6,"rank":47,"persistent":false},"geometry":{"type":"Polygon","coordinates":[[[-122.969064,46.125662],[-122.969064,46.125842],[-122.968935,46.125842],[-122.968926,46.12578],[-122.968872,46.125753],[-122.968547,46.125752],[-122.968547,46.125662],[-122.968764,46.125655],[-122.968802,46.125623],[-122.968805,46.125572],[-122.968935,46.125572],[-122.968958,46.125646],[-122.969064,46.125662]]]}},{"type":"Feature","properties":{"id":59,"area_m2":600,"px":6,"rank":48,"persistent":false},"geometry":{"type":"Polygon","coordinates":[[[-122.978385,46.122874],[-122.978385,46.122964],[-122.978256,46.122964],[-122.978227,46.122886],[-122.977997,46.122874],[-122.977991,46.122817],[-122.977949,46.122788],[-122.977608,46.122784],[-122.977608,46.122694],[-122.977997,46.122694],[-122.978031,46.122775],[-122.978255,46.122784],[-122.978278,46.122858],[-122.978385,46.122874]]]}},{"type":"Feature","properties":{"id":62,"area_m2":600,"px":6,"rank":49,"persistent":false},"geometry":{"type":"Polygon","coordinates":[[[-122.962336,46.12152],[-122.962336,46.12161],[-122.962132,46.121612],[-122.962083,46.121643],[-122.962077,46.1217],[-122.961948,46.1217],[-122.961925,46.121625],[-122.961819,46.121609],[-122.961784,46.121529],[-122.961689,46.121519],[-122.961689,46.12143],[-122.961819,46.12143],[-122.961828,46.121491],[-122.961881,46.121519],[-122.962336,46.12152]]]}},{"type":"Feature","properties":{"id":72,"area_m2":600,"px":6,"rank":50,"persistent":false},"geometry":{"type":"Polygon","coordinates":[[[-122.959103,46.118279],[-122.959103,46.118548],[-122.958844,46.118548],[-122.958844,46.118279],[-122.959103,46.118279]]]}},{"type":"Feature","properties":{"id":86,"area_m2":600,"px":6,"rank":51,"persistent":false},"geometry":{"type":"Polygon","coordinates":[[[-122.959757,46.108469],[-122.959757,46.108649],[-122.95965,46.108664],[-122.959627,46.108739],[-122.959498,46.108738],[-122.959499,46.108379],[-122.959628,46.108379],[-122.959651,46.108453],[-122.959757,46.108469]]]}},{"type":"Feature","properties":{"id":14,"area_m2":500,"px":5,"rank":52,"persistent":false},"geometry":{"type":"Polygon","coordinates":[[[-122.989255,46.132956],[-122.989255,46.133136],[-122.989148,46.133151],[-122.989126,46.133226],[-122.988996,46.133226],[-122.988973,46.133151],[-122.988867,46.133136],[-122.988867,46.133046],[-122.989071,46.133043],[-122.98912,46.133012],[-122.989126,46.132956],[-122.989255,46.132956]]]}},{"type":"Feature","properties":{"id":28,"area_m2":500,"px":5,"rank":53,"persistent":false},"geometry":{"type":"Polygon","coordinates":[[[-122.977994,46.129624],[-122.977994,46.129714],[-122.977905,46.12972],[-122.977866,46.129757],[-122.977864,46.129984],[-122.977735,46.129984],[-122.977735,46.129624],[-122.977994,46.129624]]]}},{"type":"Feature","properties":{"id":36,"area_m2":500,"px":5,"rank":54,"persistent":false},"geometry":{"type":"Polygon","coordinates":[[[-122.98123,46.129175],[-122.98123,46.129264],[-122.981101,46.129264],[-122.981088,46.129198],[-122.981023,46.129174],[-122.980768,46.129177],[-122.980718,46.129208],[-122.980712,46.129264],[-122.980583,46.129264],[-122.980583,46.129174],[-122.98069,46.129159],[-122.980713,46.129084],[-122.981101,46.129085],[-122.981124,46.129159],[-122.98123,46.129175]]]}},{"type":"Feature","properties":{"id":40,"area_m2":500,"px":5,"rank":55,"persistent":false},"geometry":{"type":"Polygon","coordinates":[[[-122.977477,46.127014],[-122.977477,46.127104],[-122.977288,46.127104],[-122.977236,46.127123],[-122.977218,46.127284],[-122.977111,46.1273],[-122.977089,46.127374],[-122.976959,46.127374],[-122.976959,46.127284],[-122.977041,46.12728],[-122.977085,46.127245],[-122.977089,46.127104],[-122.977196,46.127088],[-122.977218,46.127014],[-122.977477,46.127014]]]}},{"type":"Feature","properties":{"id":41,"area_m2":500,"px":5,"rank":56,"persistent":false},"geometry":{"type":"Polygon","coordinates":[[[-122.976183,46.126924],[-122.976183,46.127013],[-122.976053,46.127013],[-122.976031,46.126939],[-122.975924,46.126923],[-122.975906,46.126853],[-122.975795,46.126833],[-122.97576,46.126753],[-122.975665,46.126743],[-122.975637,46.126666],[-122.975536,46.126653],[-122.975536,46.126563],[-122.975665,46.126563],[-122.975688,46.126638],[-122.975794,46.126654],[-122.975812,46.126724],[-122.975924,46.126744],[-122.975958,46.126824],[-122.976053,46.126834],[-122.976082,46.126911],[-122.976183,46.126924]]]}},{"type":"Feature","properties":{"id":47,"area_m2":500,"px":5,"rank":57,"persistent":false},"geometry":{"type":"Polygon","coordinates":[[[-122.973465,46.125843],[-122.973465,46.126293],[-122.973335,46.126293],[-122.973336,46.125843],[-122.973465,46.125843]]]}},{"type":"Feature","properties":{"id":65,"area_m2":500,"px":5,"rank":58,"persistent":false},"geometry":{"type":"Polygon","coordinates":[[[-122.960525,46.120349],[-122.960525,46.120529],[-122.960418,46.120545],[-122.960395,46.120619],[-122.960266,46.120619],[-122.960266,46.120349],[-122.960525,46.120349]]]}},{"type":"Feature","properties":{"id":70,"area_m2":500,"px":5,"rank":59,"persistent":false},"geometry":{"type":"Polygon","coordinates":[[[-122.958844,46.118909],[-122.958843,46.118998],[-122.958716,46.118998],[-122.958711,46.118947],[-122.958673,46.118915],[-122.958455,46.118908],[-122.958433,46.118834],[-122.958326,46.118818],[-122.958326,46.118728],[-122.958433,46.118713],[-122.958456,46.118638],[-122.958585,46.118638],[-122.958577,46.118793],[-122.95862,46.118816],[-122.958714,46.118818],[-122.958737,46.118893],[-122.958844,46.118909]]]}},{"type":"Feature","properties":{"id":85,"area_m2":500,"px":5,"rank":60,"persistent":false},"geometry":{"type":"Polygon","coordinates":[[[-122.960404,46.108829],[-122.960404,46.109009],[-122.960329,46.109011],[-122.960284,46.109037],[-122.960274,46.109189],[-122.960145,46.109189],[-122.960122,46.109115],[-122.960016,46.109099],[-122.960016,46.109009],[-122.96024,46.109],[-122.960274,46.10896],[-122.960275,46.108829],[-122.960404,46.108829]]]}},{"type":"Feature","properties":{"id":7,"area_m2":400,"px":4,"rank":61,"persistent":false},"geometry":{"type":"Polygon","coordinates":[[[-122.991197,46.134216],[-122.991197,46.134396],[-122.99109,46.134412],[-122.991067,46.134486],[-122.990951,46.13451],[-122.990938,46.134576],[-122.990808,46.134576],[-122.990808,46.134486],[-122.990903,46.134477],[-122.990938,46.134396],[-122.991012,46.134393],[-122.991058,46.134367],[-122.991067,46.134216],[-122.991197,46.134216]]]}},{"type":"Feature","properties":{"id":17,"area_m2":400,"px":4,"rank":62,"persistent":false},"geometry":{"type":"Polygon","coordinates":[[[-122.979676,46.132684],[-122.979675,46.132954],[-122.979546,46.132954],[-122.979523,46.13288],[-122.979417,46.132864],[-122.979417,46.132774],[-122.979523,46.132758],[-122.979546,46.132684],[-122.979676,46.132684]]]}},{"type":"Feature","properties":{"id":29,"area_m2":400,"px":4,"rank":63,"persistent":false},"geometry":{"type":"Polygon","coordinates":[[[-122.990291,46.129716],[-122.990291,46.129806],[-122.990162,46.129806],[-122.990101,46.129782],[-122.990032,46.129806],[-122.989903,46.129806],[-122.989903,46.129626],[-122.990162,46.129626],[-122.990185,46.1297],[-122.990291,46.129716]]]}},{"type":"Feature","properties":{"id":45,"area_m2":400,"px":4,"rank":64,"persistent":false},"geometry":{"type":"Polygon","coordinates":[[[-122.977218,46.126294],[-122.977218,46.126384],[-122.97683,46.126384],[-122.97683,46.126204],[-122.97696,46.126204],[-122.976966,46.12626],[-122.977015,46.126291],[-122.977218,46.126294]]]}},{"type":"Feature","properties":{"id":50,"area_m2":400,"px":4,"rank":65,"persistent":false},"geometry":{"type":"Polygon","coordinates":[[[-122.973983,46.125663],[-122.973983,46.125843],[-122.973853,46.125843],[-122.973792,46.125819],[-122.973724,46.125843],[-122.973595,46.125843],[-122.973595,46.125753],[-122.973701,46.125737],[-122.973724,46.125663],[-122.973983,46.125663]]]}},{"type":"Feature","properties":{"id":52,"area_m2":400,"px":4,"rank":66,"persistent":false},"geometry":{"type":"Polygon","coordinates":[[[-122.973206,46.125573],[-122.973206,46.125753],[-122.973077,46.125753],[-122.973054,46.125679],[-122.972947,46.125663],[-122.972948,46.125483],[-122.973077,46.125483],[-122.9731,46.125557],[-122.973206,46.125573]]]}},{"type":"Feature","properties":{"id":55,"area_m2":400,"px":4,"rank":67,"persistent":false},"geometry":{"type":"Polygon","coordinates":[[[-122.970359,46.124762],[-122.970359,46.124942],[-122.9701,46.124942],[-122.9701,46.124762],[-122.970359,46.124762]]]}},{"type":"Feature","properties":{"id":58,"area_m2":400,"px":4,"rank":68,"persistent":false},"geometry":{"type":"Polygon","coordinates":[[[-122.979291,46.123144],[-122.979291,46.123234],[-122.978903,46.123234],[-122.97888,46.12316],[-122.978773,46.123144],[-122.978773,46.123054],[-122.978902,46.123054],[-122.978912,46.123115],[-122.978965,46.123143],[-122.979291,46.123144]]]}},{"type":"Feature","properties":{"id":67,"area_m2":400,"px":4,"rank":69,"persistent":false},"geometry":{"type":"Polygon","coordinates":[[[-122.961432,46.119449],[-122.961432,46.119539],[-122.961325,46.119555],[-122.961302,46.119629],[-122.961043,46.119629],[-122.961043,46.119539],[-122.96115,46.119523],[-122.961173,46.119449],[-122.961432,46.119449]]]}},{"type":"Feature","properties":{"id":2,"area_m2":300,"px":3,"rank":70,"persistent":false},"geometry":{"type":"Polygon","coordinates":[[[-122.985112,46.136105],[-122.985112,46.136285],[-122.984982,46.136285],[-122.98496,46.136211],[-122.984853,46.136195],[-122.984853,46.136105],[-122.985112,46.136105]]]}},{"type":"Feature","properties":{"id":5,"area_m2":300,"px":3,"rank":71,"persistent":false},"geometry":{"type":"Polygon","coordinates":[[[-122.983688,46.135295],[-122.983688,46.135385],[-122.983559,46.135385],[-122.983536,46.135311],[-122.983429,46.135295],[-122.983395,46.135214],[-122.9833,46.135205],[-122.9833,46.135115],[-122.983429,46.135115],[-122.983452,46.135189],[-122.983558,46.135205],[-122.983593,46.135286],[-122.983688,46.135295]]]}},{"type":"Feature","properties":{"id":6,"area_m2":300,"px":3,"rank":72,"persistent":false},"geometry":{"type":"Polygon","coordinates":[[[-122.987572,46.134666],[-122.987572,46.134935],[-122.987442,46.134935],[-122.987443,46.134666],[-122.987572,46.134666]]]}},{"type":"Feature","properties":{"id":9,"area_m2":300,"px":3,"rank":73,"persistent":false},"geometry":{"type":"Polygon","coordinates":[[[-122.981617,46.134035],[-122.981617,46.134125],[-122.981488,46.134125],[-122.981465,46.13405],[-122.981358,46.134035],[-122.981324,46.133954],[-122.981229,46.133945],[-122.981229,46.133855],[-122.981358,46.133855],[-122.981381,46.133929],[-122.981487,46.133945],[-122.981522,46.134026],[-122.981617,46.134035]]]}},{"type":"Feature","properties":{"id":12,"area_m2":300,"px":3,"rank":74,"persistent":false},"geometry":{"type":"Polygon","coordinates":[[[-122.981099,46.133675],[-122.981099,46.133764],[-122.98084,46.133764],[-122.980818,46.13369],[-122.980711,46.133674],[-122.980711,46.133585],[-122.98084,46.133585],[-122.980846,46.133641],[-122.980895,46.133672],[-122.981099,46.133675]]]}},{"type":"Feature","properties":{"id":23,"area_m2":300,"px":3,"rank":75,"persistent":false},"geometry":{"type":"Polygon","coordinates":[[[-122.975534,46.130164],[-122.975534,46.130433],[-122.975405,46.130433],[-122.975405,46.130163],[-122.975534,46.130164]]]}},{"type":"Feature","properties":{"id":24,"area_m2":300,"px":3,"rank":76,"persistent":false},"geometry":{"type":"Polygon","coordinates":[[[-122.989773,46.130166],[-122.989773,46.130346],[-122.989644,46.130346],[-122.989621,46.130271],[-122.989515,46.130256],[-122.989515,46.130166],[-122.989773,46.130166]]]}},{"type":"Feature","properties":{"id":33,"area_m2":300,"px":3,"rank":77,"persistent":false},"geometry":{"type":"Polygon","coordinates":[[[-122.989126,46.129086],[-122.989126,46.129265],[-122.988868,46.129265],[-122.988868,46.129176],[-122.988974,46.12916],[-122.988997,46.129086],[-122.989126,46.129086]]]}},{"type":"Feature","properties":{"id":34,"area_m2":300,"px":3,"rank":78,"persistent":false},"geometry":{"type":"Polygon","coordinates":[[[-122.984466,46.128995],[-122.984466,46.129265],[-122.984337,46.129265],[-122.984337,46.128995],[-122.984466,46.128995]]]}},{"type":"Feature","properties":{"id":35,"area_m2":300,"px":3,"rank":79,"persistent":false},"geometry":{"type":"Polygon","coordinates":[[[-122.984207,46.129085],[-122.984207,46.129175],[-122.984101,46.129191],[-122.984078,46.129265],[-122.983949,46.129265],[-122.983949,46.129175],[-122.983983,46.129132],[-122.983949,46.129085],[-122.983949,46.128995],[-122.984078,46.128995],[-122.984101,46.129069],[-122.984207,46.129085]]]}},{"type":"Feature","properties":{"id":38,"area_m2":300,"px":3,"rank":80,"persistent":false},"geometry":{"type":"Polygon","coordinates":[[[-122.975146,46.128633],[-122.975146,46.128723],[-122.975017,46.128723],[-122.975014,46.128672],[-122.974976,46.12864],[-122.974758,46.128633],[-122.974758,46.128543],[-122.975017,46.128543],[-122.97504,46.128617],[-122.975146,46.128633]]]}},{"type":"Feature","properties":{"id":46,"area_m2":300,"px":3,"rank":81,"persistent":false},"geometry":{"type":"Polygon","coordinates":[[[-122.975147,46.126293],[-122.975147,46.126383],[-122.974759,46.126383],[-122.974759,46.126293],[-122.975147,46.126293]]]}},{"type":"Feature","properties":{"id":56,"area_m2":300,"px":3,"rank":82,"persistent":false},"geometry":{"type":"Polygon","coordinates":[[[-122.966217,46.124581],[-122.966217,46.124761],[-122.966088,46.124761],[-122.966065,46.124687],[-122.965958,46.124671],[-122.965958,46.124581],[-122.966217,46.124581]]]}},{"type":"Feature","properties":{"id":60,"area_m2":300,"px":3,"rank":83,"persistent":false},"geometry":{"type":"Polygon","coordinates":[[[-122.976702,46.122154],[-122.976702,46.122334],[-122.976444,46.122333],[-122.976444,46.122244],[-122.97655,46.122228],[-122.976573,46.122154],[-122.976702,46.122154]]]}},{"type":"Feature","properties":{"id":61,"area_m2":300,"px":3,"rank":84,"persistent":false},"geometry":{"type":"Polygon","coordinates":[[[-122.965054,46.121431],[-122.965054,46.121521],[-122.964948,46.121536],[-122.964925,46.12161],[-122.964808,46.121635],[-122.964795,46.1217],[-122.964666,46.1217],[-122.964666,46.121611],[-122.964773,46.121595],[-122.964795,46.121521],[-122.964912,46.121497],[-122.964925,46.121431],[-122.965054,46.121431]]]}},{"type":"Feature","properties":{"id":66,"area_m2":300,"px":3,"rank":85,"persistent":false},"geometry":{"type":"Polygon","coordinates":[[[-122.959749,46.119989],[-122.959749,46.120079],[-122.959619,46.120079],[-122.959616,46.120027],[-122.959578,46.119995],[-122.959361,46.119989],[-122.959361,46.119899],[-122.959619,46.119899],[-122.959642,46.119973],[-122.959749,46.119989]]]}},{"type":"Feature","properties":{"id":84,"area_m2":300,"px":3,"rank":86,"persistent":false},"geometry":{"type":"Polygon","coordinates":[[[-122.960921,46.109099],[-122.960921,46.109189],[-122.960663,46.109189],[-122.96064,46.109115],[-122.960533,46.109099],[-122.960533,46.109009],[-122.960662,46.109009],[-122.960668,46.109066],[-122.960718,46.109097],[-122.960921,46.109099]]]}}]}