{"type":"FeatureCollection","features":[{"type":"Feature","properties":{"id":49,"area_m2":177400,"px":1774,"rank":1,"persistent":false},"geometry":{"type":"Polygon","coordinates":[[[-122.939933,46.13267],[-122.939933,46.13294],[-122.939729,46.132943],[-122.939674,46.132989],[-122.939679,46.133177],[-122.939721,46.133206],[-122.939803,46.13321],[-122.939803,46.13339],[-122.939544,46.13339],[-122.939483,46.133366],[-122.939414,46.13339],[-122.939285,46.13339],[-122.939282,46.133338],[-122.939244,46.133306],[-122.939067,46.133306],[-122.939029,46.133338],[-122.939026,46.13339],[-122.93891,46.133414],[-122.938896,46.13348],[-122.93878,46.133504],[-122.938767,46.13375],[-122.938672,46.133759],[-122.938637,46.133804],[-122.938655,46.134],[-122.938707,46.134019],[-122.938896,46.13402],[-122.938896,46.13411],[-122.938794,46.134114],[-122.938749,46.134149],[-122.938789,46.134274],[-122.938844,46.13429],[-122.939413,46.13429],[-122.939417,46.134342],[-122.939454,46.134374],[-122.939672,46.13438],[-122.939695,46.134454],[-122.939801,46.13447],[-122.939801,46.13456],[-122.939672,46.13456],[-122.939663,46.134499],[-122.939602,46.13447],[-122.939204,46.13447],[-122.939147,46.134495],[-122.939154,46.13465],[-122.939066,46.134656],[-122.939026,46.134693],[-122.939024,46.13492],[-122.938936,46.134926],[-122.938896,46.134963],[-122.938895,46.1351],[-122.93886,46.135142],[-122.938895,46.135191],[-122.938894,46.13564],[-122.938559,46.135629],[-122.938511,46.13566],[-122.938505,46.13573],[-122.938376,46.135729],[-122.938367,46.135668],[-122.938306,46.13564],[-122.93805,46.13564],[-122.937989,46.135683],[-122.937988,46.135951],[-122.938022,46.13599],[-122.938505,46.136],[-122.938511,46.136056],[-122.93856,46.136087],[-122.938893,46.13609],[-122.938893,46.13618],[-122.93856,46.136182],[-122.938511,46.136213],[-122.938505,46.13627],[-122.938376,46.136269],[-122.93837,46.136199],[-122.938322,46.136168],[-122.938137,46.136186],[-122.938098,46.136224],[-122.938116,46.136359],[-122.938083,46.136412],[-122.938125,46.136511],[-122.938186,46.136539],[-122.93845,46.136537],[-122.938499,46.136506],[-122.938505,46.13645],[-122.938634,46.13645],[-122.938634,46.13654],[-122.938546,46.136546],[-122.938505,46.136588],[-122.938513,46.137051],[-122.938559,46.137077],[-122.938633,46.13708],[-122.938639,46.137136],[-122.938689,46.137167],[-122.939151,46.13717],[-122.939151,46.13726],[-122.938688,46.137262],[-122.938639,46.137293],[-122.938633,46.13735],[-122.938552,46.137354],[-122.93851,46.137383],[-122.938521,46.13751],[-122.938574,46.137529],[-122.938762,46.13753],[-122.938762,46.13762],[-122.938681,46.137624],[-122.938636,46.137658],[-122.938633,46.13789],[-122.938503,46.13789],[-122.938427,46.137866],[-122.938292,46.137894],[-122.93825,46.137923],[-122.938245,46.138116],[-122.938285,46.138153],[-122.938373,46.13816],[-122.938373,46.13834],[-122.938114,46.138339],[-122.938118,46.13818],[-122.937985,46.138159],[-122.937957,46.138082],[-122.937816,46.138056],[-122.937732,46.138089],[-122.937726,46.138201],[-122.937767,46.138243],[-122.937855,46.138249],[-122.937855,46.138339],[-122.937467,46.138339],[-122.937461,46.138282],[-122.937412,46.138251],[-122.936949,46.138249],[-122.936943,46.138192],[-122.936894,46.138161],[-122.936561,46.138159],[-122.936561,46.137979],[-122.936694,46.137958],[-122.936691,46.137799],[-122.936779,46.137792],[-122.936819,46.137755],[-122.936819,46.137572],[-122.93675,46.137529],[-122.936221,46.137532],[-122.936175,46.137572],[-122.936173,46.137708],[-122.936044,46.137708],[-122.936034,46.137647],[-122.935981,46.137619],[-122.93569,46.137627],[-122.935657,46.137662],[-122.935655,46.137888],[-122.93562,46.13793],[-122.935655,46.137978],[-122.935655,46.138068],[-122.935525,46.138068],[-122.935503,46.137994],[-122.935396,46.137977],[-122.935396,46.137888],[-122.935484,46.137882],[-122.935525,46.137839],[-122.935526,46.137528],[-122.935561,46.13748],[-122.935526,46.137438],[-122.935517,46.137287],[-122.935456,46.137258],[-122.934879,46.137258],[-122.934879,46.137169],[-122.934986,46.137152],[-122.93501,46.137078],[-122.935138,46.137078],[-122.935147,46.137139],[-122.9352,46.137167],[-122.935586,46.137168],[-122.935633,46.137152],[-122.935656,46.136988],[-122.935691,46.13694],[-122.935656,46.136898],[-122.935655,46.136672],[-122.935601,46.13663],[-122.935426,46.13664],[-122.935397,46.136718],[-122.935302,46.136727],[-122.935268,46.136808],[-122.935156,46.136828],[-122.935138,46.136898],[-122.935009,46.136898],[-122.934996,46.136832],[-122.934879,46.136808],[-122.934876,46.136756],[-122.934838,46.136724],[-122.934655,46.136727],[-122.934621,46.136766],[-122.934622,46.136944],[-122.934661,46.136981],[-122.93475,46.136988],[-122.934749,46.137077],[-122.934675,46.13708],[-122.934629,46.137106],[-122.93462,46.137257],[-122.934538,46.137262],[-122.934494,46.137296],[-122.93449,46.137437],[-122.934383,46.137453],[-122.934361,46.137527],[-122.934231,46.137527],[-122.934243,46.137377],[-122.934197,46.13735],[-122.934102,46.137347],[-122.934102,46.137257],[-122.934218,46.137233],[-122.934232,46.137131],[-122.934197,46.137086],[-122.934102,46.137077],[-122.934087,46.136995],[-122.934299,46.136986],[-122.934352,46.136959],[-122.934362,46.136807],[-122.93445,46.136801],[-122.93449,46.136764],[-122.934491,46.136447],[-122.934598,46.136432],[-122.934621,46.136358],[-122.93475,46.136358],[-122.934752,46.136584],[-122.934813,46.136627],[-122.93522,46.136624],[-122.935262,46.136594],[-122.935268,46.136538],[-122.935384,46.136514],[-122.935409,46.136437],[-122.935527,46.136448],[-122.935536,46.136509],[-122.93559,46.136537],[-122.935845,46.136538],[-122.935902,46.136514],[-122.935898,46.136378],[-122.935846,46.136358],[-122.935657,46.136358],[-122.935651,46.136288],[-122.935604,46.136257],[-122.935426,46.13628],[-122.935387,46.136369],[-122.935268,46.136358],[-122.935269,46.136178],[-122.935363,46.136169],[-122.935398,46.136088],[-122.935514,46.136064],[-122.935528,46.135818],[-122.935635,46.135802],[-122.935657,46.135728],[-122.935916,46.135728],[-122.935922,46.135785],[-122.935964,46.135814],[-122.9361,46.135832],[-122.936163,46.135808],[-122.936175,46.135638],[-122.936287,46.135619],[-122.936305,46.135458],[-122.936387,46.135454],[-122.936431,46.13542],[-122.936435,46.135189],[-122.936516,46.135184],[-122.936561,46.13515],[-122.936565,46.134919],[-122.936646,46.134914],[-122.936691,46.13488],[-122.936695,46.134559],[-122.937155,46.134559],[-122.93721,46.134542],[-122.937232,46.134503],[-122.937213,46.134379],[-122.937409,46.134378],[-122.937468,46.134341],[-122.937491,46.134069],[-122.93743,46.13402],[-122.937016,46.13402],[-122.936963,46.134047],[-122.936954,46.134109],[-122.936825,46.134109],[-122.936807,46.133948],[-122.936762,46.13393],[-122.936628,46.13393],[-122.936575,46.133957],[-122.936566,46.134018],[-122.936454,46.134038],[-122.936436,46.134108],[-122.936324,46.134128],[-122.936306,46.134198],[-122.936177,46.134198],[-122.936171,46.134052],[-122.936129,46.134022],[-122.936048,46.134018],[-122.936044,46.133967],[-122.936007,46.133935],[-122.935789,46.133928],[-122.935728,46.133904],[-122.935659,46.133928],[-122.93553,46.133928],[-122.935461,46.133904],[-122.935401,46.133928],[-122.935217,46.133914],[-122.935159,46.133934],[-122.935107,46.13406],[-122.935141,46.134108],[-122.935141,46.134198],[-122.934883,46.134198],[-122.934873,46.134136],[-122.93482,46.134109],[-122.934392,46.134112],[-122.934346,46.134152],[-122.934364,46.134287],[-122.93433,46.13433],[-122.934364,46.134377],[-122.934364,46.134557],[-122.934262,46.134562],[-122.934216,46.134602],[-122.934234,46.134917],[-122.934022,46.134908],[-122.933979,46.134942],[-122.933975,46.135007],[-122.933859,46.135031],[-122.933845,46.135277],[-122.933771,46.135279],[-122.933725,46.135305],[-122.933716,46.135457],[-122.933498,46.135463],[-122.933446,46.135558],[-122.933198,46.135547],[-122.933182,46.135464],[-122.933232,46.135404],[-122.933207,46.135371],[-122.933144,46.135353],[-122.933074,46.135386],[-122.933084,46.135449],[-122.932952,46.13548],[-122.932948,46.135608],[-122.932994,46.135634],[-122.933068,46.135637],[-122.933074,46.135693],[-122.933123,46.135724],[-122.933281,46.135749],[-122.933434,46.135711],[-122.933468,46.135626],[-122.933586,46.135637],[-122.933586,46.135727],[-122.933485,46.135739],[-122.933456,46.135817],[-122.933368,46.135823],[-122.933328,46.13586],[-122.93334,46.135973],[-122.933456,46.135998],[-122.933456,46.136177],[-122.933368,46.136183],[-122.933327,46.136225],[-122.933327,46.136763],[-122.933367,46.1368],[-122.933455,46.136807],[-122.933461,46.136863],[-122.93351,46.136895],[-122.933973,46.136897],[-122.933989,46.136979],[-122.933776,46.136988],[-122.93372,46.13702],[-122.933679,46.137119],[-122.933714,46.137167],[-122.933713,46.137347],[-122.933639,46.137349],[-122.933593,46.137375],[-122.933584,46.137617],[-122.933472,46.137637],[-122.933454,46.137797],[-122.933366,46.137803],[-122.933326,46.13784],[-122.933324,46.138157],[-122.933195,46.138157],[-122.933194,46.138025],[-122.93316,46.137986],[-122.932936,46.137976],[-122.932936,46.137887],[-122.933018,46.137882],[-122.933062,46.137848],[-122.933066,46.137707],[-122.933154,46.1377],[-122.933194,46.137663],[-122.933196,46.137527],[-122.93323,46.137484],[-122.933196,46.137437],[-122.933196,46.137257],[-122.933284,46.13725],[-122.933325,46.137208],[-122.93332,46.13702],[-122.933278,46.136991],[-122.933196,46.136987],[-122.933162,46.136906],[-122.932992,46.136899],[-122.932943,46.13693],[-122.932937,46.136986],[-122.932808,46.136986],[-122.932795,46.13692],[-122.932678,46.136896],[-122.932644,46.136815],[-122.932497,46.136806],[-122.932442,46.136822],[-122.93242,46.137027],[-122.93246,46.13707],[-122.932549,46.137076],[-122.932548,46.137346],[-122.931772,46.137346],[-122.931772,46.137256],[-122.931881,46.137249],[-122.931921,46.137205],[-122.931902,46.136897],[-122.931936,46.136843],[-122.931893,46.136744],[-122.931839,46.136717],[-122.931677,46.136725],[-122.931643,46.136806],[-122.931526,46.13683],[-122.931513,46.136896],[-122.931401,46.136915],[-122.931384,46.136986],[-122.931272,46.137005],[-122.931254,46.137165],[-122.931125,46.137165],[-122.931119,46.137109],[-122.931069,46.137078],[-122.930866,46.137075],[-122.930866,46.136985],[-122.930968,46.136981],[-122.931014,46.13694],[-122.930996,46.136625],[-122.931102,46.13661],[-122.931125,46.136535],[-122.93135,46.136526],[-122.931384,46.136446],[-122.931616,46.136447],[-122.931643,46.136411],[-122.931644,46.136266],[-122.931902,46.136266],[-122.931903,46.136397],[-122.931931,46.136434],[-122.932161,46.136446],[-122.932167,46.136503],[-122.932216,46.136534],[-122.932391,46.136524],[-122.93242,46.136487],[-122.932414,46.1363],[-122.932372,46.13627],[-122.932291,46.136266],[-122.932256,46.136185],[-122.932161,46.136176],[-122.932162,46.136086],[-122.932638,46.13608],[-122.932678,46.136043],[-122.93268,46.135906],[-122.932768,46.1359],[-122.932808,46.135863],[-122.932809,46.135595],[-122.932775,46.135555],[-122.932551,46.135546],[-122.93249,46.135522],[-122.932421,46.135546],[-122.932162,46.135546],[-122.932162,46.135456],[-122.932244,46.135452],[-122.932288,46.135418],[-122.932292,46.135276],[-122.932373,46.135272],[-122.932418,46.135238],[-122.932404,46.134936],[-122.932352,46.134916],[-122.932163,46.134916],[-122.93215,46.13485],[-122.932085,46.134826],[-122.931939,46.134835],[-122.931904,46.134916],[-122.931645,46.134916],[-122.931645,46.134736],[-122.93172,46.134733],[-122.931766,46.134707],[-122.931766,46.134571],[-122.9317,46.134542],[-122.931387,46.134555],[-122.931387,46.134466],[-122.931482,46.134456],[-122.931516,46.134376],[-122.931598,46.134372],[-122.93164,46.134342],[-122.931646,46.134106],[-122.931775,46.134106],[-122.931777,46.134256],[-122.931815,46.134293],[-122.931992,46.134285],[-122.932046,46.134256],[-122.932035,46.134016],[-122.932146,46.133996],[-122.932199,46.133878],[-122.932164,46.133836],[-122.932159,46.133689],[-122.932117,46.13366],[-122.932035,46.133656],[-122.932035,46.133566],[-122.932154,46.133555],[-122.932178,46.133632],[-122.932294,46.133656],[-122.9323,46.133713],[-122.932342,46.133742],[-122.93251,46.133745],[-122.932568,46.133712],[-122.932544,46.133595],[-122.932498,46.133569],[-122.932424,46.133566],[-122.932396,46.133475],[-122.932165,46.133476],[-122.932165,46.133296],[-122.932272,46.13328],[-122.932295,46.133206],[-122.932411,46.133182],[-122.932424,46.133116],[-122.932637,46.133139],[-122.93279,46.133101],[-122.932813,46.133026],[-122.93294,46.133026],[-122.932976,46.133107],[-122.93314,46.133129],[-122.933195,46.133097],[-122.933201,46.133027],[-122.933282,46.133023],[-122.933327,46.132988],[-122.933321,46.132785],[-122.933276,46.132759],[-122.933201,46.132757],[-122.933184,46.132686],[-122.933072,46.132666],[-122.933063,46.132605],[-122.933009,46.132578],[-122.932876,46.132577],[-122.932826,46.1326],[-122.932813,46.132756],[-122.932731,46.13276],[-122.932687,46.132795],[-122.932683,46.132936],[-122.932554,46.132936],[-122.932545,46.132875],[-122.932491,46.132847],[-122.932166,46.132846],[-122.932166,46.132666],[-122.932492,46.132665],[-122.932553,46.132623],[-122.932553,46.13253],[-122.932513,46.132493],[-122.932166,46.132486],[-122.932167,46.132036],[-122.932273,46.13202],[-122.932296,46.131946],[-122.932412,46.131922],[-122.932426,46.131856],[-122.933262,46.131856],[-122.933323,46.131828],[-122.933334,46.131767],[-122.933461,46.131767],[-122.933467,46.131823],[-122.933516,46.131854],[-122.93372,46.131857],[-122.93372,46.132037],[-122.933529,46.132023],[-122.933462,46.132067],[-122.933453,46.132192],[-122.933496,46.132214],[-122.93359,46.132218],[-122.93359,46.132307],[-122.933502,46.132313],[-122.933462,46.13235],[-122.933462,46.132713],[-122.933523,46.132756],[-122.933719,46.132757],[-122.933725,46.132814],[-122.933774,46.132845],[-122.933967,46.132836],[-122.933979,46.133087],[-122.934045,46.13313],[-122.934208,46.133105],[-122.934237,46.133027],[-122.934461,46.133018],[-122.934528,46.132905],[-122.93449,46.132791],[-122.934448,46.132761],[-122.933978,46.132757],[-122.933978,46.132577],[-122.934108,46.132577],[-122.934113,46.132634],[-122.934163,46.132665],[-122.934304,46.132666],[-122.934353,46.132643],[-122.934367,46.132307],[-122.934626,46.132307],[-122.934635,46.132369],[-122.934688,46.132396],[-122.935014,46.132398],[-122.934997,46.132538],[-122.935041,46.132573],[-122.935143,46.132578],[-122.935156,46.132734],[-122.935213,46.132757],[-122.935402,46.132758],[-122.935411,46.132819],[-122.935464,46.132847],[-122.935626,46.132839],[-122.935661,46.132758],[-122.935885,46.132749],[-122.935919,46.132709],[-122.93592,46.132578],[-122.936015,46.132576],[-122.936061,46.132549],[-122.936037,46.132422],[-122.93592,46.132398],[-122.935919,46.132262],[-122.935872,46.132222],[-122.935014,46.132218],[-122.935014,46.132128],[-122.935211,46.132127],[-122.935272,46.132084],[-122.93526,46.131972],[-122.935144,46.131948],[-122.935144,46.131768],[-122.935403,46.131768],[-122.935431,46.131846],[-122.935586,46.131882],[-122.935662,46.131858],[-122.93618,46.131858],[-122.936208,46.131936],[-122.936363,46.131962],[-122.936435,46.131924],[-122.936439,46.131768],[-122.936568,46.131769],[-122.936571,46.13191],[-122.936646,46.131949],[-122.937045,46.131942],[-122.937084,46.131905],[-122.937086,46.131769],[-122.937992,46.131769],[-122.938005,46.131835],[-122.93807,46.131859],[-122.938216,46.13185],[-122.938251,46.131769],[-122.939675,46.13177],[-122.939675,46.13186],[-122.93964,46.131903],[-122.939675,46.13195],[-122.939675,46.13204],[-122.9396,46.132042],[-122.939554,46.132069],[-122.939545,46.13222],[-122.939429,46.132244],[-122.939417,46.132357],[-122.939457,46.132394],[-122.939545,46.1324],[-122.939573,46.132478],[-122.939674,46.13249],[-122.939703,46.132568],[-122.939804,46.13258],[-122.939832,46.132658],[-122.939933,46.13267]],[[-122.932163,46.134556],[-122.9324,46.13454],[-122.932422,46.134502],[-122.9324,46.134392],[-122.932089,46.134378],[-122.93204,46.134409],[-122.932034,46.134466],[-122.931953,46.13447],[-122.931908,46.134504],[-122.931908,46.134608],[-122.931959,46.134644],[-122.932129,46.134637],[-122.932163,46.134556]],[[-122.932423,46.134106],[-122.932659,46.13409],[-122.932682,46.134052],[-122.932659,46.133942],[-122.932604,46.133926],[-122.932316,46.133942],[-122.932293,46.134016],[-122.932212,46.13402],[-122.932167,46.134054],[-122.932144,46.13423],[-122.932166,46.13427],[-122.932221,46.134286],[-122.9324,46.13427],[-122.932423,46.134106]],[[-122.932684,46.132036],[-122.93265,46.131955],[-122.932496,46.131946],[-122.932435,46.131975],[-122.932425,46.132036],[-122.932309,46.13206],[-122.932296,46.132342],[-122.93233,46.132387],[-122.932614,46.132396],[-122.932671,46.132372],[-122.932684,46.132216],[-122.932779,46.132207],[-122.932814,46.132162],[-122.932801,46.13206],[-122.932684,46.132036]],[[-122.9327,46.133437],[-122.932648,46.133305],[-122.932479,46.133298],[-122.93243,46.133329],[-122.932407,46.133436],[-122.932466,46.133475],[-122.932648,46.133474],[-122.9327,46.133437]],[[-122.933067,46.136447],[-122.933156,46.13644],[-122.933195,46.136403],[-122.933197,46.136135],[-122.933149,46.136091],[-122.932979,46.136093],[-122.932942,46.136125],[-122.932938,46.136176],[-122.932822,46.1362],[-122.932808,46.136266],[-122.932612,46.136267],[-122.932556,46.1363],[-122.93255,46.136578],[-122.932597,46.136622],[-122.932808,46.136626],[-122.932877,46.136651],[-122.933026,46.13662],[-122.933066,46.136583],[-122.933067,46.136447]],[[-122.933347,46.135052],[-122.933315,46.134941],[-122.933199,46.134917],[-122.933195,46.134851],[-122.933153,46.134817],[-122.93281,46.134826],[-122.932801,46.134765],[-122.93274,46.134737],[-122.932607,46.134739],[-122.932557,46.13477],[-122.932569,46.134897],[-122.932681,46.134916],[-122.932687,46.134973],[-122.932729,46.135002],[-122.932939,46.135007],[-122.932955,46.135089],[-122.932586,46.135105],[-122.932553,46.13514],[-122.932551,46.135228],[-122.932599,46.135272],[-122.933028,46.13527],[-122.933068,46.135228],[-122.933053,46.135104],[-122.933307,46.13509],[-122.933347,46.135052]],[[-122.932942,46.133296],[-122.932961,46.133252],[-122.932928,46.133216],[-122.932855,46.133207],[-122.932805,46.133231],[-122.932794,46.133273],[-122.932831,46.13331],[-122.932888,46.13332],[-122.932942,46.133296]],[[-122.934236,46.133477],[-122.93423,46.133421],[-122.934181,46.133389],[-122.933781,46.133388],[-122.93372,46.13343],[-122.933718,46.133567],[-122.933589,46.133567],[-122.93352,46.133543],[-122.933459,46.133567],[-122.933133,46.133568],[-122.93308,46.133595],[-122.933071,46.133656],[-122.932959,46.133676],[-122.932906,46.133789],[-122.932941,46.133836],[-122.932942,46.133973],[-122.932982,46.13401],[-122.93307,46.134018],[-122.93307,46.134286],[-122.932988,46.134291],[-122.932946,46.13432],[-122.932941,46.134418],[-122.932969,46.134454],[-122.933151,46.134462],[-122.933193,46.134433],[-122.933199,46.134377],[-122.933311,46.134357],[-122.933329,46.134107],[-122.933436,46.134091],[-122.933459,46.134017],[-122.933575,46.133993],[-122.933588,46.133927],[-122.933847,46.133927],[-122.933847,46.134017],[-122.933651,46.134018],[-122.933597,46.134045],[-122.933589,46.134153],[-122.933636,46.134193],[-122.933921,46.134195],[-122.93397,46.134164],[-122.933976,46.134107],[-122.934088,46.134087],[-122.934106,46.133927],[-122.934194,46.133921],[-122.934234,46.133884],[-122.934236,46.133657],[-122.934324,46.133651],[-122.934364,46.133614],[-122.934352,46.133501],[-122.934236,46.133477]],[[-122.933382,46.133477],[-122.933456,46.133438],[-122.93345,46.133325],[-122.933397,46.133298],[-122.933242,46.133303],[-122.933202,46.13334],[-122.93321,46.133448],[-122.933263,46.133476],[-122.933382,46.133477]],[[-122.933881,46.134515],[-122.933837,46.134406],[-122.933784,46.134378],[-122.933588,46.134377],[-122.933519,46.134353],[-122.933346,46.134396],[-122.933328,46.134863],[-122.933356,46.134904],[-122.933661,46.134915],[-122.933711,46.134884],[-122.933717,46.134827],[-122.933828,46.134807],[-122.933846,46.134557],[-122.933881,46.134515]],[[-122.933736,46.133167],[-122.93371,46.133055],[-122.933656,46.133028],[-122.933393,46.133028],[-122.933332,46.13307],[-122.933334,46.133168],[-122.933393,46.133206],[-122.933691,46.133203],[-122.933736,46.133167]],[[-122.933978,46.133207],[-122.933996,46.133162],[-122.933964,46.133127],[-122.93389,46.133118],[-122.93384,46.133142],[-122.93383,46.133184],[-122.933866,46.133221],[-122.933924,46.133231],[-122.933978,46.133207]],[[-122.93579,46.133118],[-122.935871,46.133114],[-122.935916,46.13308],[-122.935916,46.132976],[-122.935864,46.13294],[-122.935579,46.132942],[-122.935537,46.132971],[-122.935531,46.133028],[-122.935013,46.133028],[-122.934952,46.133003],[-122.934884,46.133027],[-122.934685,46.133015],[-122.934631,46.133047],[-122.934625,46.133117],[-122.93453,46.13312],[-122.934484,46.133147],[-122.934495,46.133297],[-122.934463,46.133356],[-122.934548,46.133411],[-122.934625,46.133387],[-122.934754,46.133388],[-122.93476,46.133444],[-122.934809,46.133475],[-122.935142,46.133478],[-122.935145,46.133529],[-122.935183,46.133561],[-122.935401,46.133568],[-122.935435,46.133649],[-122.935605,46.133656],[-122.935657,46.13362],[-122.93566,46.133478],[-122.935694,46.133441],[-122.93566,46.133388],[-122.93566,46.133298],[-122.935735,46.133296],[-122.935781,46.13327],[-122.93579,46.133118]],[[-122.936047,46.13708],[-122.93599,46.137064],[-122.935932,46.137085],[-122.935915,46.137133],[-122.935942,46.137169],[-122.936005,46.137181],[-122.936064,46.137155],[-122.936078,46.137115],[-122.936047,46.13708]],[[-122.936182,46.13204],[-122.936125,46.132024],[-122.936067,46.132045],[-122.93605,46.132093],[-122.936077,46.132129],[-122.93614,46.132141],[-122.936199,46.132115],[-122.936213,46.132075],[-122.936182,46.13204]],[[-122.936298,46.136505],[-122.936323,46.136403],[-122.936284,46.136365],[-122.936093,46.136362],[-122.936047,46.136402],[-122.936051,46.136518],[-122.936113,46.136552],[-122.936256,46.136534],[-122.936298,46.136505]],[[-122.936437,46.133118],[-122.936673,46.133103],[-122.936696,46.133065],[-122.936679,46.132958],[-122.936626,46.132939],[-122.936206,46.132937],[-122.936179,46.132973],[-122.936178,46.133208],[-122.93609,46.133215],[-122.93605,46.133252],[-122.936049,46.13343],[-122.936083,46.133469],[-122.936259,46.133474],[-122.936301,46.133445],[-122.936307,46.133388],[-122.936424,46.133364],[-122.936437,46.133118]],[[-122.936485,46.136899],[-122.936561,46.136855],[-122.93654,46.136734],[-122.936304,46.136718],[-122.936298,46.136662],[-122.936249,46.136631],[-122.93612,46.136615],[-122.936067,46.136631],[-122.936044,46.136844],[-122.936067,46.136882],[-122.936114,46.136898],[-122.936485,46.136899]],[[-122.936358,46.134018],[-122.936433,46.13398],[-122.936427,46.133867],[-122.936374,46.133839],[-122.936218,46.133845],[-122.936179,46.133882],[-122.936186,46.13399],[-122.93624,46.134017],[-122.936358,46.134018]],[[-122.936438,46.132079],[-122.936411,46.132037],[-122.936356,46.132025],[-122.936294,46.132047],[-122.936274,46.132086],[-122.9363,46.132123],[-122.936363,46.132142],[-122.936421,46.132122],[-122.936438,46.132079]],[[-122.936561,46.136177],[-122.93651,46.136155],[-122.936452,46.136165],[-122.936414,46.136207],[-122.93643,46.136248],[-122.936484,46.136268],[-122.936555,46.136256],[-122.936583,46.136218],[-122.936561,46.136177]],[[-122.936874,46.135999],[-122.936929,46.135983],[-122.936951,46.13595],[-122.93695,46.135862],[-122.936911,46.135825],[-122.936504,46.135819],[-122.936443,46.135847],[-122.936435,46.135955],[-122.936475,46.135992],[-122.936874,46.135999]],[[-122.93747,46.135819],[-122.937551,46.135815],[-122.937596,46.135781],[-122.937586,46.135573],[-122.937529,46.135549],[-122.937341,46.135549],[-122.937318,46.135475],[-122.937211,46.135459],[-122.937177,46.135378],[-122.937082,46.135369],[-122.937059,46.135205],[-122.937004,46.135189],[-122.936858,46.135198],[-122.936823,46.135237],[-122.936823,46.135369],[-122.936728,46.135378],[-122.936693,46.135459],[-122.936582,46.135478],[-122.936556,46.135614],[-122.936598,46.135636],[-122.936693,46.135639],[-122.936699,46.135695],[-122.936741,46.135725],[-122.936952,46.135729],[-122.936958,46.135785],[-122.937,46.135815],[-122.937211,46.135819],[-122.937217,46.135876],[-122.937266,46.135907],[-122.937435,46.1359],[-122.93747,46.135819]],[[-122.936622,46.137091],[-122.937057,46.137063],[-122.93708,46.137025],[-122.937057,46.136825],[-122.936747,46.136811],[-122.936698,46.136842],[-122.936692,46.136899],[-122.936585,46.136914],[-122.936568,46.137059],[-122.936622,46.137091]],[[-122.93859,46.132944],[-122.93844,46.132915],[-122.938379,46.132939],[-122.938175,46.132942],[-122.938126,46.132973],[-122.93812,46.133029],[-122.938002,46.13304],[-122.937994,46.13269],[-122.937941,46.13267],[-122.937603,46.132669],[-122.937586,46.132329],[-122.937533,46.132309],[-122.937344,46.132309],[-122.937338,46.132252],[-122.937289,46.132221],[-122.93712,46.132228],[-122.937085,46.132309],[-122.937004,46.132313],[-122.936959,46.132347],[-122.936956,46.132579],[-122.936874,46.132583],[-122.936829,46.132617],[-122.936829,46.132824],[-122.936916,46.132862],[-122.937056,46.132837],[-122.937085,46.132759],[-122.937214,46.132759],[-122.937275,46.132783],[-122.937344,46.132759],[-122.937473,46.132759],[-122.937473,46.133029],[-122.937222,46.133042],[-122.937194,46.133079],[-122.937214,46.133299],[-122.937001,46.13329],[-122.936958,46.133324],[-122.936955,46.133389],[-122.936838,46.133413],[-122.936838,46.133725],[-122.937015,46.133773],[-122.937084,46.133749],[-122.937213,46.133749],[-122.937215,46.133885],[-122.937268,46.133927],[-122.937696,46.13392],[-122.937731,46.133839],[-122.937812,46.133835],[-122.937857,46.133801],[-122.937861,46.133479],[-122.937896,46.133437],[-122.937843,46.133319],[-122.937732,46.133299],[-122.937732,46.133119],[-122.93798,46.133108],[-122.938008,46.13337],[-122.93806,46.133389],[-122.938249,46.133389],[-122.938255,46.13346],[-122.938302,46.133491],[-122.938453,46.133477],[-122.938508,46.133431],[-122.938508,46.13321],[-122.938597,46.133203],[-122.938638,46.133161],[-122.938632,46.132973],[-122.93859,46.132944]],[[-122.937177,46.135],[-122.937229,46.134869],[-122.937177,46.134831],[-122.936995,46.13483],[-122.936936,46.134869],[-122.936959,46.134975],[-122.937008,46.135006],[-122.937177,46.135]],[[-122.937652,46.135369],[-122.937723,46.135336],[-122.937728,46.135233],[-122.937688,46.135196],[-122.9376,46.135189],[-122.937572,46.135111],[-122.937289,46.135099],[-122.937229,46.135119],[-122.937211,46.135315],[-122.93724,46.135357],[-122.937652,46.135369]],[[-122.937859,46.134739],[-122.937941,46.134735],[-122.937986,46.134701],[-122.937976,46.134493],[-122.937919,46.13447],[-122.93773,46.134469],[-122.937724,46.134413],[-122.937675,46.134381],[-122.937506,46.134388],[-122.937472,46.134428],[-122.937471,46.134559],[-122.937369,46.134563],[-122.937325,46.134599],[-122.937355,46.134715],[-122.937412,46.134739],[-122.9376,46.134739],[-122.93761,46.134801],[-122.93767,46.134829],[-122.937825,46.13482],[-122.937859,46.134739]],[[-122.937733,46.131989],[-122.937665,46.131936],[-122.937503,46.131961],[-122.937474,46.131998],[-122.937491,46.132122],[-122.937557,46.132143],[-122.937704,46.132117],[-122.937731,46.132086],[-122.937733,46.131989]],[[-122.938243,46.137077],[-122.938176,46.137055],[-122.938105,46.13709],[-122.937986,46.137079],[-122.937983,46.137028],[-122.937945,46.136996],[-122.937775,46.136993],[-122.937733,46.137023],[-122.937727,46.137079],[-122.937611,46.137103],[-122.937598,46.137169],[-122.937481,46.137193],[-122.937474,46.137316],[-122.937538,46.137349],[-122.937808,46.137345],[-122.937851,46.137316],[-122.937857,46.137259],[-122.938068,46.137255],[-122.93811,46.137226],[-122.938127,46.137158],[-122.938237,46.137157],[-122.938265,46.137119],[-122.938243,46.137077]],[[-122.938109,46.13796],[-122.938123,46.137824],[-122.93808,46.137802],[-122.937985,46.137799],[-122.937957,46.137722],[-122.937794,46.137696],[-122.937732,46.137729],[-122.937726,46.137799],[-122.937652,46.137802],[-122.937606,46.137828],[-122.937597,46.13793],[-122.937638,46.137973],[-122.93778,46.138003],[-122.937856,46.137979],[-122.938047,46.137993],[-122.938109,46.13796]],[[-122.938115,46.137619],[-122.938311,46.137618],[-122.938365,46.137591],[-122.938374,46.137398],[-122.938333,46.137356],[-122.938041,46.137352],[-122.937992,46.137383],[-122.937986,46.137439],[-122.937911,46.137442],[-122.937865,46.137468],[-122.937857,46.137571],[-122.937885,46.137607],[-122.938046,46.137643],[-122.938115,46.137619]],[[-122.938176,46.136822],[-122.93832,46.136807],[-122.938366,46.136781],[-122.938369,46.136663],[-122.938313,46.136631],[-122.938144,46.136634],[-122.938096,46.13668],[-122.938122,46.13679],[-122.938176,46.136822]],[[-122.938672,46.132723],[-122.938633,46.132613],[-122.938597,46.132586],[-122.938462,46.132566],[-122.938401,46.132582],[-122.938345,46.132717],[-122.938407,46.13285],[-122.938469,46.132863],[-122.938615,46.132834],[-122.938672,46.132723]],[[-122.938583,46.134909],[-122.93839,46.134944],[-122.938378,46.135056],[-122.938425,46.135095],[-122.938575,46.135112],[-122.938634,46.13507],[-122.938633,46.134944],[-122.938583,46.134909]],[[-122.93882,46.13222],[-122.938895,46.132181],[-122.93888,46.132059],[-122.938769,46.13204],[-122.938765,46.131974],[-122.938722,46.13194],[-122.938538,46.131962],[-122.93851,46.131998],[-122.938527,46.13211],[-122.938639,46.13213],[-122.938642,46.132181],[-122.93868,46.132213],[-122.93882,46.13222]],[[-122.938766,46.135189],[-122.938784,46.135145],[-122.938751,46.135109],[-122.938678,46.135101],[-122.938628,46.135125],[-122.938618,46.135166],[-122.938654,46.135203],[-122.938712,46.135213],[-122.938766,46.135189]],[[-122.939544,46.13294],[-122.939633,46.132934],[-122.939672,46.132897],[-122.939661,46.132604],[-122.939604,46.13258],[-122.939197,46.132586],[-122.939157,46.132629],[-122.939156,46.13285],[-122.939082,46.132852],[-122.939036,46.132878],[-122.939026,46.13303],[-122.938952,46.133032],[-122.938906,46.133058],[-122.938906,46.133181],[-122.938967,46.13321],[-122.939503,46.133204],[-122.939544,46.133161],[-122.939544,46.13294]]]}},{"type":"Feature","properties":{"id":3,"area_m2":173100,"px":1731,"rank":2,"persistent":false},"geometry":{"type":"Polygon","coordinates":[[[-122.937982,46.141039],[-122.937981,46.141219],[-122.937852,46.141219],[-122.937835,46.141149],[-122.937723,46.141129],[-122.937688,46.141048],[-122.937593,46.141039],[-122.937565,46.140961],[-122.937397,46.14095],[-122.937344,46.140978],[-122.937334,46.141039],[-122.937223,46.141059],[-122.937205,46.141129],[-122.937093,46.141149],[-122.937075,46.141219],[-122.936946,46.141219],[-122.936923,46.141145],[-122.936816,46.141129],[-122.936799,46.140968],[-122.936687,46.140949],[-122.936653,46.140868],[-122.936558,46.140859],[-122.936535,46.140694],[-122.936429,46.140678],[-122.936423,46.140622],[-122.936373,46.140591],[-122.936095,46.140591],[-122.936046,46.140622],[-122.93604,46.140678],[-122.935924,46.140702],[-122.93591,46.140768],[-122.935829,46.140772],[-122.935787,46.140802],[-122.93578,46.141128],[-122.935706,46.14113],[-122.93566,46.141157],[-122.935651,46.141308],[-122.935562,46.141314],[-122.935523,46.141352],[-122.935521,46.141578],[-122.935433,46.141584],[-122.935393,46.141621],[-122.935407,46.14211],[-122.935309,46.142122],[-122.935265,46.142156],[-122.935261,46.142478],[-122.935187,46.14248],[-122.935141,46.142506],[-122.93514,46.142643],[-122.935199,46.142671],[-122.93539,46.142658],[-122.935425,46.142739],[-122.935572,46.142748],[-122.935636,46.142724],[-122.935649,46.142658],[-122.935846,46.142657],[-122.935899,46.14263],[-122.935909,46.142478],[-122.936025,46.142454],[-122.93605,46.142328],[-122.935996,46.142299],[-122.935779,46.142298],[-122.935773,46.142242],[-122.935724,46.14221],[-122.93552,46.142208],[-122.935521,46.142118],[-122.935779,46.142118],[-122.935789,46.14218],[-122.935849,46.142208],[-122.936168,46.142208],[-122.936229,46.142233],[-122.936297,46.142209],[-122.936427,46.142209],[-122.936412,46.142354],[-122.936461,46.142386],[-122.936556,46.142389],[-122.936556,46.142479],[-122.936238,46.142479],[-122.936177,46.142507],[-122.936167,46.142748],[-122.936079,46.142755],[-122.936039,46.142792],[-122.936037,46.143018],[-122.935949,46.143025],[-122.935909,46.143062],[-122.935909,46.143335],[-122.935978,46.143378],[-122.936943,46.143379],[-122.936944,46.14351],[-122.936978,46.14355],[-122.937331,46.143559],[-122.937331,46.143649],[-122.937236,46.143658],[-122.937202,46.143739],[-122.93712,46.143743],[-122.937078,46.143772],[-122.937072,46.144009],[-122.936746,46.14401],[-122.936693,46.144037],[-122.936683,46.144099],[-122.936425,46.144099],[-122.936444,46.143969],[-122.936417,46.143931],[-122.936106,46.143919],[-122.93604,46.143957],[-122.936036,46.144098],[-122.935907,46.144098],[-122.935904,46.143867],[-122.935859,46.143832],[-122.935777,46.143827],[-122.935778,46.143648],[-122.935852,46.143646],[-122.935898,46.14362],[-122.935898,46.143497],[-122.935852,46.143471],[-122.935778,46.143468],[-122.935743,46.143387],[-122.935649,46.143378],[-122.935645,46.143326],[-122.935608,46.143294],[-122.93526,46.143288],[-122.935191,46.143264],[-122.935036,46.143297],[-122.935001,46.143378],[-122.93492,46.143382],[-122.934877,46.143411],[-122.934871,46.143558],[-122.934837,46.1436],[-122.934871,46.143648],[-122.934871,46.143828],[-122.934675,46.143829],[-122.934621,46.143856],[-122.934612,46.144007],[-122.934523,46.144014],[-122.934484,46.144051],[-122.934482,46.144367],[-122.934353,46.144367],[-122.93433,46.144293],[-122.934223,46.144277],[-122.934223,46.144187],[-122.934312,46.144181],[-122.934352,46.144139],[-122.934353,46.143876],[-122.934312,46.143834],[-122.934149,46.14383],[-122.9341,46.143861],[-122.934094,46.143917],[-122.933967,46.143917],[-122.933956,46.143856],[-122.933902,46.143828],[-122.933317,46.143827],[-122.933304,46.143761],[-122.933188,46.143737],[-122.93316,46.143659],[-122.932929,46.143647],[-122.932916,46.143581],[-122.9328,46.143556],[-122.932794,46.1435],[-122.932752,46.143471],[-122.932609,46.143442],[-122.932541,46.143466],[-122.932153,46.143466],[-122.932149,46.143414],[-122.932111,46.143382],[-122.931894,46.143376],[-122.931833,46.143352],[-122.931683,46.14338],[-122.93164,46.143409],[-122.931634,46.143556],[-122.9316,46.143598],[-122.931634,46.143646],[-122.931634,46.143736],[-122.931539,46.143745],[-122.931504,46.143826],[-122.931423,46.14383],[-122.931381,46.143859],[-122.931375,46.144151],[-122.931442,46.144199],[-122.931722,46.144179],[-122.93176,46.144148],[-122.931763,46.144096],[-122.931845,46.144092],[-122.931887,46.144063],[-122.931893,46.143916],[-122.932022,46.143916],[-122.932022,46.144096],[-122.931927,46.144105],[-122.931893,46.14415],[-122.931906,46.144252],[-122.932022,46.144276],[-122.932022,46.144366],[-122.931763,46.144366],[-122.931702,46.144342],[-122.931633,46.144366],[-122.931116,46.144365],[-122.931098,46.144205],[-122.931046,46.144186],[-122.930857,46.144185],[-122.930844,46.144119],[-122.930779,46.144095],[-122.930373,46.144104],[-122.930339,46.144144],[-122.930339,46.144275],[-122.930232,46.144291],[-122.930209,46.144365],[-122.929691,46.144365],[-122.929691,46.144275],[-122.929909,46.144268],[-122.929947,46.144236],[-122.92995,46.144185],[-122.93017,46.144192],[-122.930206,46.14416],[-122.93021,46.144095],[-122.930304,46.144086],[-122.930339,46.144005],[-122.930451,46.143985],[-122.930468,46.143784],[-122.930399,46.143735],[-122.93013,46.143735],[-122.930077,46.143755],[-122.93008,46.144005],[-122.929951,46.144005],[-122.929945,46.143935],[-122.92989,46.143902],[-122.929597,46.143924],[-122.929527,46.144047],[-122.929562,46.144095],[-122.929562,46.144185],[-122.929336,46.14418],[-122.929303,46.144274],[-122.929196,46.14429],[-122.929173,46.144364],[-122.928396,46.144364],[-122.928411,46.144218],[-122.928362,46.144186],[-122.928267,46.144184],[-122.928245,46.144096],[-122.928192,46.14408],[-122.928008,46.144094],[-122.928009,46.143734],[-122.928115,46.143718],[-122.928138,46.143644],[-122.928255,46.14362],[-122.928268,46.143554],[-122.928472,46.143552],[-122.928527,46.143505],[-122.928514,46.143308],[-122.928457,46.143284],[-122.928268,46.143284],[-122.928255,46.143128],[-122.928139,46.143104],[-122.928105,46.143023],[-122.92801,46.143012],[-122.92801,46.142744],[-122.928098,46.142737],[-122.928139,46.142695],[-122.928127,46.142588],[-122.92801,46.142564],[-122.92801,46.142385],[-122.928099,46.142377],[-122.928139,46.14234],[-122.928141,46.142024],[-122.92827,46.142024],[-122.928279,46.142085],[-122.928332,46.142113],[-122.928474,46.142112],[-122.928527,46.14207],[-122.928528,46.141707],[-122.928488,46.14167],[-122.9284,46.141664],[-122.9284,46.141574],[-122.928529,46.141574],[-122.928552,46.141648],[-122.928659,46.141664],[-122.928659,46.141795],[-122.928693,46.141835],[-122.928979,46.141858],[-122.929041,46.141824],[-122.929047,46.141754],[-122.929164,46.14173],[-122.929177,46.141664],[-122.929558,46.141652],[-122.929585,46.141614],[-122.929565,46.141485],[-122.929931,46.141469],[-122.929954,46.141305],[-122.93015,46.141304],[-122.930207,46.141272],[-122.930214,46.140675],[-122.930309,46.140666],[-122.930343,46.140585],[-122.93046,46.140561],[-122.930473,46.140405],[-122.930568,46.140403],[-122.930614,46.140375],[-122.930603,46.140225],[-122.930691,46.140219],[-122.930731,46.140182],[-122.930733,46.139955],[-122.931058,46.139954],[-122.931112,46.139927],[-122.931121,46.139866],[-122.93125,46.139866],[-122.931273,46.13994],[-122.93138,46.139956],[-122.931383,46.140021],[-122.931419,46.140053],[-122.931706,46.140045],[-122.931768,46.139997],[-122.931769,46.139686],[-122.932028,46.139686],[-122.93205,46.13976],[-122.932157,46.139776],[-122.932173,46.139858],[-122.932056,46.139878],[-122.932027,46.139956],[-122.931932,46.139965],[-122.931898,46.140046],[-122.931816,46.14005],[-122.931774,46.140079],[-122.931768,46.140316],[-122.931679,46.140322],[-122.93164,46.140359],[-122.931638,46.140627],[-122.931679,46.140669],[-122.931783,46.140683],[-122.931767,46.140892],[-122.93179,46.14093],[-122.931896,46.140946],[-122.93191,46.141012],[-122.932026,46.141036],[-122.932029,46.141088],[-122.932067,46.14112],[-122.932332,46.14114],[-122.932405,46.141111],[-122.932414,46.141036],[-122.932531,46.141012],[-122.932564,46.140907],[-122.932509,46.140859],[-122.932285,46.140856],[-122.932285,46.140766],[-122.93253,46.140757],[-122.932564,46.140716],[-122.932544,46.140586],[-122.932755,46.140582],[-122.932797,46.140553],[-122.932804,46.140497],[-122.93291,46.140481],[-122.932933,46.140317],[-122.93305,46.140293],[-122.933063,46.140191],[-122.933028,46.140146],[-122.932933,46.140136],[-122.932928,46.140066],[-122.93288,46.140035],[-122.932675,46.140046],[-122.932606,46.140022],[-122.93245,46.140055],[-122.932416,46.140095],[-122.932415,46.140406],[-122.93232,46.140415],[-122.932285,46.140496],[-122.932169,46.14052],[-122.932156,46.140676],[-122.931897,46.140676],[-122.931897,46.140586],[-122.931979,46.140582],[-122.932023,46.140548],[-122.932027,46.140406],[-122.932108,46.140402],[-122.93215,46.140373],[-122.932156,46.140226],[-122.932238,46.140222],[-122.932283,46.140188],[-122.932286,46.140046],[-122.932321,46.140004],[-122.932286,46.139956],[-122.932286,46.139866],[-122.932416,46.139866],[-122.932477,46.13989],[-122.932545,46.139866],[-122.933061,46.139867],[-122.933124,46.139891],[-122.933193,46.139867],[-122.933322,46.139867],[-122.933325,46.139918],[-122.933363,46.13995],[-122.933539,46.139956],[-122.933601,46.139906],[-122.933581,46.139687],[-122.93397,46.139687],[-122.933969,46.139777],[-122.933861,46.139784],[-122.93382,46.139833],[-122.933843,46.140009],[-122.933888,46.140043],[-122.933969,46.140047],[-122.933969,46.140137],[-122.93384,46.140137],[-122.933779,46.140113],[-122.93371,46.140137],[-122.933581,46.140137],[-122.933577,46.140085],[-122.93354,46.140053],[-122.933363,46.140053],[-122.933325,46.140085],[-122.933322,46.140137],[-122.933233,46.140143],[-122.933194,46.14018],[-122.933194,46.140363],[-122.933262,46.140406],[-122.933655,46.140405],[-122.933704,46.140374],[-122.93371,46.140317],[-122.933942,46.140318],[-122.93398,46.140216],[-122.9342,46.140215],[-122.934228,46.140137],[-122.934323,46.140128],[-122.934358,46.140047],[-122.934432,46.140045],[-122.934478,46.140019],[-122.934487,46.139867],[-122.934569,46.139863],[-122.934614,46.139829],[-122.934617,46.139688],[-122.934736,46.139677],[-122.934752,46.139834],[-122.934794,46.139863],[-122.934876,46.139868],[-122.934879,46.139919],[-122.934917,46.139951],[-122.935264,46.139958],[-122.935297,46.140052],[-122.935523,46.140048],[-122.935546,46.140122],[-122.935698,46.140161],[-122.935898,46.140114],[-122.935912,46.139958],[-122.936,46.139952],[-122.936039,46.139915],[-122.936038,46.139727],[-122.935993,46.139692],[-122.935912,46.139688],[-122.935908,46.139637],[-122.935871,46.139605],[-122.935653,46.139598],[-122.935637,46.139516],[-122.935986,46.139506],[-122.936036,46.139475],[-122.936042,46.139418],[-122.936123,46.139414],[-122.936165,46.139385],[-122.936189,46.139008],[-122.936144,46.138973],[-122.936042,46.138968],[-122.936036,46.138912],[-122.935994,46.138882],[-122.935654,46.138878],[-122.935645,46.138817],[-122.935584,46.138788],[-122.935206,46.138788],[-122.935145,46.138816],[-122.935142,46.138934],[-122.935184,46.138964],[-122.935265,46.138968],[-122.935288,46.139042],[-122.935524,46.139058],[-122.935524,46.139238],[-122.935489,46.13928],[-122.935524,46.139328],[-122.935523,46.139508],[-122.935265,46.139508],[-122.935252,46.139429],[-122.935175,46.139405],[-122.935028,46.139434],[-122.935006,46.139508],[-122.934889,46.139532],[-122.934876,46.139598],[-122.934758,46.139609],[-122.934744,46.139442],[-122.934664,46.139404],[-122.934501,46.139441],[-122.934488,46.139597],[-122.934099,46.139597],[-122.934099,46.139376],[-122.934052,46.139331],[-122.933644,46.139328],[-122.933591,46.139355],[-122.933581,46.139417],[-122.933452,46.139417],[-122.933452,46.139237],[-122.933547,46.139228],[-122.933582,46.139183],[-122.933569,46.139081],[-122.933453,46.139057],[-122.933453,46.138967],[-122.933711,46.138967],[-122.933713,46.139104],[-122.933759,46.139143],[-122.934159,46.139147],[-122.934226,46.139109],[-122.93423,46.138967],[-122.934359,46.138967],[-122.934382,46.139042],[-122.934534,46.13908],[-122.934618,46.139058],[-122.934836,46.139051],[-122.934875,46.139014],[-122.934877,46.138878],[-122.934965,46.138871],[-122.935006,46.138829],[-122.934997,46.138726],[-122.934951,46.1387],[-122.934877,46.138698],[-122.934874,46.138646],[-122.934836,46.138614],[-122.934359,46.138607],[-122.93436,46.138517],[-122.934448,46.138511],[-122.934487,46.138474],[-122.934504,46.138012],[-122.934455,46.13798],[-122.93436,46.137977],[-122.934354,46.137921],[-122.934305,46.13789],[-122.933972,46.137887],[-122.933971,46.137661],[-122.933931,46.137623],[-122.933843,46.137617],[-122.933843,46.137527],[-122.934102,46.137527],[-122.934119,46.137597],[-122.934231,46.137617],[-122.934265,46.137698],[-122.93436,46.137707],[-122.934383,46.137782],[-122.934537,46.137811],[-122.934618,46.137768],[-122.93462,46.137438],[-122.934749,46.137438],[-122.934749,46.137659],[-122.93479,46.137701],[-122.934953,46.137705],[-122.935002,46.137674],[-122.935008,46.137618],[-122.935137,46.137618],[-122.935137,46.137708],[-122.935036,46.13772],[-122.935008,46.137798],[-122.934919,46.137804],[-122.93488,46.137841],[-122.934881,46.138029],[-122.934926,46.138064],[-122.935007,46.138068],[-122.935007,46.138158],[-122.934796,46.138162],[-122.934754,46.138191],[-122.934748,46.138247],[-122.934636,46.138267],[-122.93462,46.138384],[-122.934674,46.138425],[-122.935095,46.138421],[-122.935133,46.138389],[-122.935137,46.138338],[-122.935253,46.138314],[-122.935266,46.138248],[-122.935378,46.138228],[-122.935396,46.138158],[-122.935525,46.138158],[-122.935538,46.138224],[-122.935654,46.138248],[-122.935658,46.138313],[-122.935701,46.138347],[-122.936043,46.138338],[-122.936048,46.138408],[-122.93611,46.138442],[-122.936397,46.138419],[-122.936431,46.138339],[-122.936548,46.138315],[-122.936561,46.138249],[-122.93682,46.138249],[-122.936819,46.138429],[-122.936731,46.138435],[-122.93669,46.138477],[-122.93669,46.138609],[-122.936655,46.138651],[-122.93669,46.138699],[-122.936689,46.138879],[-122.936608,46.138883],[-122.936566,46.138912],[-122.936543,46.139109],[-122.936602,46.139148],[-122.936819,46.139149],[-122.936828,46.13921],[-122.936889,46.139239],[-122.937043,46.13923],[-122.937078,46.139149],[-122.937207,46.139149],[-122.937207,46.139329],[-122.937118,46.139335],[-122.937079,46.139372],[-122.937077,46.139689],[-122.936989,46.139695],[-122.936949,46.139732],[-122.936951,46.13992],[-122.936995,46.139955],[-122.937077,46.139959],[-122.937099,46.140123],[-122.937265,46.140139],[-122.937334,46.140096],[-122.937336,46.139869],[-122.937724,46.139869],[-122.937724,46.140049],[-122.937642,46.140053],[-122.9376,46.140083],[-122.93756,46.140182],[-122.937594,46.140229],[-122.937594,46.140319],[-122.937513,46.140323],[-122.937471,46.140352],[-122.937464,46.140589],[-122.937348,46.140613],[-122.937336,46.140726],[-122.937397,46.140768],[-122.937723,46.140769],[-122.937746,46.140843],[-122.937852,46.140859],[-122.937865,46.141015],[-122.937982,46.141039]],[[-122.928655,46.144184],[-122.928661,46.144241],[-122.928703,46.14427],[-122.928892,46.144258],[-122.928914,46.14422],[-122.928892,46.14402],[-122.928837,46.144004],[-122.928549,46.14402],[-122.928515,46.144154],[-122.928561,46.144182],[-122.928655,46.144184]],[[-122.930341,46.142835],[-122.930537,46.142834],[-122.93059,46.142807],[-122.930599,46.142614],[-122.930559,46.142572],[-122.930116,46.142574],[-122.930082,46.142614],[-122.930082,46.142745],[-122.929975,46.142761],[-122.929952,46.142835],[-122.929346,46.142841],[-122.929306,46.142878],[-122.929304,46.143014],[-122.929198,46.14303],[-122.929175,46.143104],[-122.92895,46.143113],[-122.928916,46.143194],[-122.928691,46.143203],[-122.928657,46.143243],[-122.928663,46.143341],[-122.928727,46.143374],[-122.929256,46.14337],[-122.929298,46.143341],[-122.929304,46.143284],[-122.929421,46.14326],[-122.929434,46.143195],[-122.929802,46.143188],[-122.929842,46.143144],[-122.929822,46.143015],[-122.93004,46.143008],[-122.930078,46.142977],[-122.930082,46.142925],[-122.930294,46.142934],[-122.930337,46.1429],[-122.930341,46.142835]],[[-122.929375,46.142102],[-122.929176,46.142114],[-122.929196,46.141985],[-122.929163,46.141944],[-122.928993,46.14192],[-122.92893,46.141945],[-122.928883,46.142072],[-122.928917,46.142114],[-122.928918,46.142251],[-122.928951,46.142285],[-122.929107,46.142318],[-122.929176,46.142294],[-122.9294,46.142285],[-122.929435,46.142246],[-122.929429,46.142134],[-122.929375,46.142102]],[[-122.930034,46.142299],[-122.929851,46.142294],[-122.929823,46.142385],[-122.929728,46.142394],[-122.929693,46.142475],[-122.929582,46.142494],[-122.929544,46.142599],[-122.929578,46.142645],[-122.929897,46.142652],[-122.929946,46.142621],[-122.929952,46.142565],[-122.930064,46.142545],[-122.930079,46.142333],[-122.930034,46.142299]],[[-122.930424,46.141489],[-122.930266,46.141461],[-122.930213,46.141485],[-122.930009,46.141487],[-122.92996,46.141518],[-122.929959,46.141721],[-122.930001,46.141751],[-122.930083,46.141755],[-122.930089,46.141812],[-122.930131,46.141841],[-122.930301,46.141839],[-122.930338,46.141807],[-122.930342,46.141755],[-122.930423,46.141751],[-122.930465,46.141722],[-122.930466,46.141518],[-122.930424,46.141489]],[[-122.930134,46.143566],[-122.930292,46.143551],[-122.930334,46.143522],[-122.930338,46.143328],[-122.930285,46.143287],[-122.930144,46.143286],[-122.930082,46.143328],[-122.930082,46.143525],[-122.930134,46.143566]],[[-122.932155,46.141486],[-122.932155,46.141355],[-122.932121,46.141315],[-122.931808,46.141312],[-122.93177,46.141344],[-122.931766,46.141396],[-122.93165,46.14142],[-122.931637,46.141486],[-122.931433,46.141488],[-122.931384,46.141519],[-122.931378,46.141576],[-122.931142,46.141591],[-122.931119,46.141755],[-122.930759,46.141768],[-122.93073,46.141845],[-122.930629,46.141857],[-122.9306,46.141935],[-122.930506,46.141944],[-122.930471,46.142025],[-122.930355,46.142049],[-122.930351,46.142176],[-122.930396,46.142203],[-122.930471,46.142205],[-122.930477,46.142262],[-122.930526,46.142293],[-122.930859,46.142295],[-122.930868,46.142357],[-122.930922,46.142384],[-122.931083,46.142376],[-122.931118,46.142296],[-122.931336,46.142289],[-122.931376,46.142252],[-122.931376,46.142159],[-122.931336,46.142122],[-122.931248,46.142115],[-122.931248,46.142026],[-122.931452,46.142023],[-122.931501,46.141992],[-122.931507,46.141936],[-122.931737,46.141924],[-122.931766,46.141887],[-122.931766,46.141756],[-122.932126,46.141744],[-122.932155,46.141666],[-122.932243,46.14166],[-122.932284,46.141617],[-122.932271,46.14151],[-122.932155,46.141486]],[[-122.931005,46.143246],[-122.930965,46.143031],[-122.930786,46.143015],[-122.930731,46.143032],[-122.930709,46.143235],[-122.930736,46.143272],[-122.93096,46.143281],[-122.931005,46.143246]],[[-122.931041,46.141485],[-122.931116,46.141447],[-122.93111,46.141334],[-122.931057,46.141306],[-122.9309,46.141298],[-122.930861,46.14134],[-122.930869,46.141457],[-122.930923,46.141484],[-122.931041,46.141485]],[[-122.931431,46.140496],[-122.931507,46.140452],[-122.931507,46.140359],[-122.931481,46.140328],[-122.93125,46.140315],[-122.931244,46.140259],[-122.931195,46.140228],[-122.931061,46.140226],[-122.931009,46.140245],[-122.930991,46.140441],[-122.931019,46.140483],[-122.931431,46.140496]],[[-122.931376,46.143556],[-122.931457,46.143552],[-122.931499,46.143522],[-122.931482,46.143392],[-122.931427,46.143376],[-122.931139,46.143391],[-122.931116,46.143555],[-122.931082,46.143593],[-122.931102,46.143637],[-122.931177,46.14367],[-122.931327,46.143642],[-122.931369,46.143612],[-122.931376,46.143556]],[[-122.931245,46.143956],[-122.931218,46.143915],[-122.931163,46.143902],[-122.931101,46.143924],[-122.931081,46.143963],[-122.931107,46.144001],[-122.93117,46.144019],[-122.931228,46.143999],[-122.931245,46.143956]],[[-122.93282,46.143056],[-122.932783,46.142946],[-122.932671,46.142926],[-122.932658,46.14286],[-122.932593,46.142836],[-122.932331,46.14284],[-122.932289,46.14287],[-122.932282,46.142926],[-122.932153,46.142926],[-122.932092,46.142902],[-122.932024,46.142926],[-122.931818,46.142915],[-122.93177,46.142946],[-122.931764,46.143016],[-122.931635,46.143016],[-122.931626,46.142954],[-122.931565,46.142926],[-122.931411,46.142928],[-122.931356,46.142976],[-122.931394,46.143086],[-122.931505,46.143106],[-122.931486,46.143235],[-122.931533,46.143281],[-122.931723,46.143279],[-122.931761,46.143248],[-122.931764,46.143196],[-122.932023,46.143196],[-122.932052,46.143274],[-122.932282,46.143286],[-122.932285,46.143338],[-122.932323,46.14337],[-122.932588,46.14339],[-122.932658,46.143366],[-122.932703,46.143254],[-122.932671,46.143196],[-122.932671,46.143106],[-122.932798,46.14309],[-122.93282,46.143056]],[[-122.932553,46.142465],[-122.932723,46.142476],[-122.932778,46.142461],[-122.932801,46.142422],[-122.932778,46.142312],[-122.932597,46.142299],[-122.932548,46.14233],[-122.932531,46.142397],[-122.932216,46.142387],[-122.932163,46.142415],[-122.932154,46.142476],[-122.931936,46.142482],[-122.931898,46.142514],[-122.931894,46.142566],[-122.93182,46.142568],[-122.931774,46.142594],[-122.931771,46.142713],[-122.931827,46.142745],[-122.932024,46.142746],[-122.932029,46.142816],[-122.932077,46.142847],[-122.932235,46.142832],[-122.932277,46.142803],[-122.932283,46.142746],[-122.932399,46.142722],[-122.932412,46.142656],[-122.932529,46.142632],[-122.932553,46.142465]],[[-122.934343,46.141283],[-122.934373,46.141167],[-122.934329,46.141132],[-122.934108,46.141138],[-122.934088,46.141066],[-122.934035,46.141038],[-122.93358,46.141037],[-122.933567,46.140971],[-122.93345,46.140947],[-122.933422,46.140869],[-122.933238,46.140848],[-122.933197,46.140877],[-122.93318,46.140958],[-122.933082,46.140953],[-122.933044,46.141013],[-122.933115,46.14106],[-122.933202,46.141026],[-122.933321,46.141037],[-122.93332,46.141127],[-122.933214,46.141143],[-122.933191,46.141217],[-122.932967,46.141226],[-122.932932,46.141306],[-122.932713,46.1413],[-122.932676,46.141331],[-122.932673,46.141396],[-122.932561,46.141416],[-122.932552,46.141818],[-122.932749,46.14187],[-122.932903,46.141834],[-122.932931,46.141757],[-122.933279,46.14175],[-122.933317,46.141718],[-122.93332,46.141667],[-122.933436,46.141643],[-122.93345,46.141577],[-122.933667,46.141571],[-122.933705,46.141539],[-122.933709,46.141487],[-122.933825,46.141463],[-122.933838,46.141397],[-122.933966,46.141381],[-122.933988,46.141341],[-122.933968,46.141217],[-122.934086,46.141206],[-122.934126,46.141295],[-122.934278,46.141307],[-122.934343,46.141283]],[[-122.934873,46.142388],[-122.934867,46.142331],[-122.934825,46.142302],[-122.934684,46.142298],[-122.934627,46.142322],[-122.934614,46.142477],[-122.934519,46.142487],[-122.934484,46.142567],[-122.934403,46.142572],[-122.934358,46.142606],[-122.93432,46.1427],[-122.934354,46.142747],[-122.934354,46.142927],[-122.934095,46.142927],[-122.934092,46.142876],[-122.934054,46.142844],[-122.933837,46.142837],[-122.933833,46.142695],[-122.933767,46.142657],[-122.933612,46.142666],[-122.933577,46.142747],[-122.933252,46.142748],[-122.933198,46.142775],[-122.933189,46.142837],[-122.93306,46.142837],[-122.93306,46.142747],[-122.933176,46.142723],[-122.933206,46.142606],[-122.933147,46.142568],[-122.932959,46.142579],[-122.93293,46.142657],[-122.932835,46.142666],[-122.932801,46.14271],[-122.932818,46.142817],[-122.932946,46.142844],[-122.932939,46.142988],[-122.932985,46.143014],[-122.933059,46.143017],[-122.933059,46.143197],[-122.932971,46.143203],[-122.932931,46.14324],[-122.932947,46.143537],[-122.932999,46.143556],[-122.933318,46.143557],[-122.933327,46.143618],[-122.93338,46.143646],[-122.933706,46.143647],[-122.933715,46.143708],[-122.933768,46.143736],[-122.933965,46.143737],[-122.934033,46.143761],[-122.934094,46.143737],[-122.934346,46.143725],[-122.934373,46.143687],[-122.934354,46.143557],[-122.934455,46.143545],[-122.934483,46.143468],[-122.934578,46.143458],[-122.934613,46.143378],[-122.934694,46.143373],[-122.934739,46.143339],[-122.934743,46.142928],[-122.934817,46.142925],[-122.934863,46.142899],[-122.934873,46.142658],[-122.934961,46.142651],[-122.935002,46.142609],[-122.934996,46.142421],[-122.934954,46.142392],[-122.934873,46.142388]],[[-122.934226,46.141617],[-122.934159,46.141564],[-122.933861,46.141593],[-122.933838,46.141667],[-122.933737,46.141679],[-122.933708,46.141757],[-122.933613,46.141766],[-122.933579,46.141847],[-122.933462,46.141871],[-122.933449,46.142027],[-122.933354,46.142036],[-122.933319,46.142117],[-122.933203,46.142141],[-122.933156,46.142244],[-122.933175,46.142288],[-122.933251,46.142321],[-122.933319,46.142297],[-122.933516,46.142296],[-122.933569,46.142268],[-122.933578,46.142207],[-122.933814,46.142191],[-122.933837,46.142117],[-122.933938,46.142105],[-122.933967,46.142027],[-122.934062,46.142018],[-122.934097,46.141937],[-122.934171,46.141935],[-122.934217,46.141909],[-122.934226,46.141617]],[[-122.933435,46.142411],[-122.933243,46.142376],[-122.933193,46.142412],[-122.933191,46.142537],[-122.93325,46.142579],[-122.9334,46.142563],[-122.933447,46.142523],[-122.933435,46.142411]],[[-122.934316,46.140414],[-122.934173,46.140393],[-122.93412,46.14041],[-122.934098,46.140497],[-122.933874,46.140506],[-122.933839,46.140587],[-122.933643,46.140588],[-122.933586,46.14062],[-122.93358,46.140732],[-122.933607,46.140768],[-122.933839,46.140767],[-122.933819,46.140897],[-122.933866,46.140943],[-122.934172,46.140945],[-122.934221,46.140914],[-122.934227,46.140857],[-122.934309,46.140853],[-122.934351,46.140824],[-122.934356,46.140451],[-122.934316,46.140414]],[[-122.934668,46.140588],[-122.934744,46.140544],[-122.934737,46.140346],[-122.934691,46.14032],[-122.934616,46.140317],[-122.934613,46.140266],[-122.934575,46.140234],[-122.934398,46.140234],[-122.934359,46.140271],[-122.934359,46.140364],[-122.934398,46.140401],[-122.934487,46.140408],[-122.934496,46.140559],[-122.934549,46.140586],[-122.934668,46.140588]],[[-122.935392,46.141438],[-122.935332,46.141385],[-122.935073,46.141398],[-122.935013,46.141426],[-122.935003,46.141488],[-122.934874,46.141488],[-122.934839,46.141407],[-122.93467,46.1414],[-122.934621,46.141431],[-122.934615,46.141487],[-122.934541,46.14149],[-122.934495,46.141516],[-122.934489,46.141629],[-122.934555,46.141667],[-122.935003,46.141668],[-122.935006,46.141733],[-122.935043,46.141765],[-122.935207,46.141756],[-122.935261,46.141714],[-122.935262,46.141578],[-122.935344,46.141574],[-122.935386,46.141545],[-122.935392,46.141438]],[[-122.934925,46.142118],[-122.934999,46.142079],[-122.934985,46.141957],[-122.934873,46.141938],[-122.934867,46.141881],[-122.934825,46.141852],[-122.934643,46.14186],[-122.934615,46.141896],[-122.934632,46.142008],[-122.934744,46.142028],[-122.934747,46.142079],[-122.934785,46.142111],[-122.934925,46.142118]],[[-122.934999,46.140284],[-122.935024,46.140183],[-122.934991,46.140147],[-122.934801,46.14014],[-122.934749,46.140176],[-122.934749,46.140279],[-122.934801,46.140315],[-122.93495,46.140315],[-122.934999,46.140284]],[[-122.935128,46.140734],[-122.935153,46.140633],[-122.93512,46.140597],[-122.93493,46.14059],[-122.934878,46.140626],[-122.934878,46.140729],[-122.93493,46.140765],[-122.935079,46.140765],[-122.935128,46.140734]],[[-122.935261,46.142788],[-122.935193,46.142734],[-122.93503,46.14276],[-122.935002,46.142796],[-122.935019,46.142921],[-122.935084,46.142942],[-122.935232,46.142916],[-122.935259,46.142884],[-122.935261,46.142788]],[[-122.935687,46.140366],[-122.935646,46.140261],[-122.935604,46.140232],[-122.935312,46.140232],[-122.93527,46.140261],[-122.935264,46.140318],[-122.935169,46.14032],[-122.935123,46.140347],[-122.93514,46.140464],[-122.935196,46.140497],[-122.935393,46.140498],[-122.93541,46.140658],[-122.935463,46.140678],[-122.935604,46.140674],[-122.935651,46.140629],[-122.935652,46.140408],[-122.935687,46.140366]],[[-122.935688,46.138571],[-122.935648,46.138461],[-122.935606,46.138432],[-122.935418,46.138444],[-122.93536,46.13856],[-122.935418,46.138682],[-122.935473,46.138698],[-122.935631,46.138682],[-122.935688,46.138571]],[[-122.936376,46.138521],[-122.936183,46.138529],[-122.936141,46.138499],[-122.936081,46.138497],[-122.936034,46.138527],[-122.936025,46.138569],[-122.93607,46.138604],[-122.936172,46.138608],[-122.936172,46.138698],[-122.936137,46.138746],[-122.936189,46.138859],[-122.936242,46.138878],[-122.936375,46.138876],[-122.93643,46.13883],[-122.936428,46.138557],[-122.936376,46.138521]],[[-122.936481,46.140049],[-122.936555,46.14001],[-122.93655,46.139897],[-122.936496,46.13987],[-122.936341,46.139875],[-122.936301,46.139912],[-122.936309,46.14002],[-122.936362,46.140047],[-122.936481,46.140049]],[[-122.936853,46.139466],[-122.936812,46.139362],[-122.936763,46.139331],[-122.9365,46.139329],[-122.936443,46.139353],[-122.93643,46.139598],[-122.936395,46.139646],[-122.936464,46.139769],[-122.936641,46.139775],[-122.936683,46.139745],[-122.936689,46.139689],[-122.936805,46.139665],[-122.936818,46.139509],[-122.936853,46.139466]],[[-122.936818,46.140089],[-122.936757,46.140036],[-122.936593,46.140058],[-122.93656,46.140092],[-122.936551,46.140204],[-122.936608,46.140228],[-122.936783,46.14022],[-122.936816,46.140185],[-122.936818,46.140089]],[[-122.937206,46.140409],[-122.937287,46.140405],[-122.937332,46.140371],[-122.937332,46.140267],[-122.93728,46.140231],[-122.937111,46.140238],[-122.937076,46.140319],[-122.936858,46.140325],[-122.936821,46.140357],[-122.936817,46.140409],[-122.936743,46.140411],[-122.936697,46.140437],[-122.936653,46.140541],[-122.936687,46.140589],[-122.936691,46.14073],[-122.936735,46.140765],[-122.936817,46.140769],[-122.93682,46.14082],[-122.936858,46.140852],[-122.937013,46.140858],[-122.937067,46.14083],[-122.937076,46.140589],[-122.93715,46.140587],[-122.937196,46.14056],[-122.937206,46.140409]]]}},{"type":"Feature","properties":{"id":79,"area_m2":37800,"px":378,"rank":3,"persistent":false},"geometry":{"type":"Polygon","coordinates":[[[-122.946018,46.131773],[-122.946018,46.131953],[-122.94593,46.13196],[-122.94589,46.131997],[-122.945888,46.132223],[-122.945776,46.132243],[-122.945759,46.132403],[-122.945677,46.132407],[-122.945633,46.132441],[-122.945629,46.132673],[-122.945517,46.132693],[-122.945499,46.132853],[-122.945418,46.132857],[-122.945373,46.132891],[-122.945335,46.132985],[-122.94537,46.133033],[-122.94537,46.133123],[-122.945263,46.133139],[-122.94524,46.133213],[-122.94501,46.133225],[-122.944981,46.133262],[-122.944981,46.133393],[-122.944879,46.133397],[-122.944834,46.133433],[-122.944864,46.133549],[-122.944981,46.133573],[-122.944981,46.133663],[-122.944886,46.133672],[-122.944851,46.133753],[-122.944739,46.133773],[-122.944723,46.133889],[-122.944763,46.133926],[-122.944851,46.133933],[-122.944864,46.134269],[-122.944921,46.134293],[-122.945109,46.134293],[-122.945109,46.134473],[-122.945003,46.134489],[-122.94498,46.134563],[-122.94485,46.134563],[-122.944835,46.13448],[-122.944885,46.134425],[-122.944832,46.134374],[-122.944738,46.134389],[-122.944721,46.134473],[-122.944464,46.134473],[-122.944428,46.134392],[-122.944249,46.134373],[-122.944206,46.134407],[-122.944203,46.134472],[-122.944122,46.134477],[-122.94408,46.134506],[-122.944083,46.134624],[-122.944129,46.13465],[-122.944203,46.134653],[-122.944212,46.134714],[-122.944273,46.134742],[-122.944427,46.134734],[-122.944462,46.134653],[-122.944591,46.134653],[-122.944591,46.134833],[-122.944073,46.134832],[-122.944068,46.134686],[-122.944026,46.134657],[-122.943944,46.134652],[-122.943938,46.134506],[-122.943896,46.134476],[-122.943815,46.134472],[-122.943792,46.134398],[-122.943624,46.134358],[-122.943449,46.134398],[-122.943426,46.134472],[-122.943331,46.134481],[-122.943297,46.134526],[-122.94331,46.134628],[-122.943426,46.134652],[-122.943426,46.134742],[-122.943065,46.134741],[-122.943038,46.134777],[-122.943037,46.134922],[-122.942926,46.134942],[-122.942874,46.135049],[-122.942908,46.135103],[-122.942907,46.135551],[-122.942873,46.135594],[-122.942907,46.135642],[-122.942888,46.135777],[-122.942935,46.135818],[-122.943037,46.135822],[-122.943036,46.136002],[-122.94293,46.136018],[-122.942907,46.136092],[-122.942648,46.136092],[-122.942625,46.136018],[-122.942519,46.136002],[-122.942526,46.135847],[-122.942484,46.135824],[-122.942389,46.135822],[-122.942367,46.135747],[-122.94226,46.135732],[-122.94226,46.135642],[-122.942389,46.135642],[-122.942466,46.135665],[-122.942607,46.135635],[-122.942647,46.135598],[-122.942647,46.135492],[-122.942615,46.135458],[-122.94239,46.135462],[-122.94239,46.135102],[-122.942485,46.135093],[-122.94252,46.135012],[-122.942601,46.135008],[-122.942646,46.134973],[-122.94265,46.134562],[-122.94288,46.13455],[-122.942908,46.134513],[-122.942909,46.134382],[-122.94299,46.134378],[-122.943035,46.134344],[-122.943039,46.134022],[-122.943073,46.13398],[-122.943039,46.133932],[-122.943039,46.133842],[-122.943151,46.133822],[-122.943168,46.133662],[-122.943257,46.133656],[-122.943297,46.133613],[-122.943295,46.13343],[-122.94325,46.133396],[-122.943169,46.133392],[-122.943169,46.133303],[-122.943281,46.133282],[-122.943317,46.133167],[-122.943271,46.133126],[-122.943169,46.133122],[-122.943169,46.133032],[-122.943243,46.13303],[-122.943289,46.133003],[-122.943299,46.132852],[-122.943405,46.132836],[-122.943428,46.132762],[-122.943523,46.132753],[-122.943558,46.132672],[-122.94367,46.132652],[-122.943687,46.132582],[-122.943782,46.13258],[-122.943828,46.132553],[-122.943804,46.132426],[-122.943688,46.132402],[-122.943688,46.132312],[-122.944324,46.132302],[-122.944344,46.132374],[-122.944405,46.132402],[-122.944661,46.132402],[-122.944722,46.132359],[-122.944722,46.132266],[-122.944682,46.132229],[-122.944346,46.132234],[-122.944322,46.132157],[-122.944206,46.132132],[-122.944171,46.132052],[-122.943947,46.132042],[-122.943924,46.131968],[-122.943817,46.131952],[-122.943818,46.131772],[-122.946018,46.131773]],[[-122.944725,46.133394],[-122.944661,46.133369],[-122.944593,46.133393],[-122.944463,46.133393],[-122.944475,46.133242],[-122.944429,46.133215],[-122.944334,46.133212],[-122.944331,46.133161],[-122.944293,46.133129],[-122.944143,46.133098],[-122.944075,46.133122],[-122.943946,46.133122],[-122.943944,46.132972],[-122.943906,46.132935],[-122.943704,46.132962],[-122.943687,46.133212],[-122.94357,46.133236],[-122.943557,46.133343],[-122.943598,46.133386],[-122.943686,46.133392],[-122.94369,46.133444],[-122.943727,46.133476],[-122.943945,46.133482],[-122.943945,46.134022],[-122.943863,46.134026],[-122.943821,46.134056],[-122.943815,46.134154],[-122.943843,46.13419],[-122.944126,46.134202],[-122.944186,46.134183],[-122.944204,46.133753],[-122.94457,46.133737],[-122.944592,46.133663],[-122.944674,46.133659],[-122.944719,46.133624],[-122.944722,46.133483],[-122.944757,46.13344],[-122.944725,46.133394]],[[-122.944959,46.133017],[-122.944985,46.132873],[-122.944852,46.132853],[-122.944846,46.132796],[-122.944797,46.132765],[-122.944216,46.132773],[-122.944196,46.132688],[-122.944137,46.132659],[-122.943994,46.132676],[-122.943949,46.132711],[-122.943946,46.132804],[-122.943974,46.13284],[-122.944194,46.132841],[-122.944218,46.132918],[-122.944334,46.132943],[-122.944362,46.13302],[-122.944593,46.133033],[-122.944599,46.133089],[-122.944648,46.13312],[-122.944819,46.133127],[-122.944852,46.133033],[-122.944959,46.133017]]]}},{"type":"Feature","properties":{"id":1,"area_m2":19100,"px":191,"rank":4,"persistent":false},"geometry":{"type":"Polygon","coordinates":[[[-122.941475,46.143291],[-122.941475,46.143381],[-122.940986,46.143393],[-122.940957,46.14343],[-122.940957,46.143561],[-122.940828,46.143561],[-122.940799,46.143483],[-122.940645,46.143447],[-122.94045,46.143482],[-122.940363,46.143447],[-122.940297,46.143484],[-122.940317,46.143548],[-122.940439,46.143561],[-122.940439,46.143651],[-122.940404,46.143698],[-122.940439,46.143741],[-122.940439,46.143962],[-122.940467,46.143999],[-122.94064,46.144011],[-122.940696,46.143994],[-122.940717,46.143955],[-122.940698,46.143831],[-122.940957,46.143831],[-122.940979,46.143905],[-122.941086,46.143921],[-122.941086,46.144101],[-122.940991,46.14411],[-122.940956,46.144191],[-122.94084,46.144215],[-122.940827,46.144371],[-122.940697,46.144371],[-122.940684,46.144215],[-122.940514,46.144177],[-122.940442,46.144216],[-122.940438,46.144371],[-122.938237,46.14437],[-122.938224,46.143944],[-122.938167,46.14392],[-122.937849,46.143919],[-122.937849,46.143739],[-122.93808,46.143727],[-122.938108,46.14365],[-122.93819,46.143645],[-122.938232,46.143616],[-122.938238,46.14347],[-122.93832,46.143466],[-122.938364,46.143431],[-122.938355,46.143314],[-122.938238,46.14329],[-122.938238,46.14311],[-122.938368,46.14311],[-122.938391,46.143184],[-122.938497,46.1432],[-122.93852,46.143364],[-122.938756,46.14338],[-122.938774,46.14345],[-122.938885,46.14347],[-122.938894,46.143531],[-122.938955,46.14356],[-122.93911,46.143551],[-122.939146,46.14347],[-122.939403,46.14347],[-122.939412,46.143532],[-122.939466,46.143559],[-122.939751,46.143554],[-122.939788,46.143522],[-122.939792,46.14347],[-122.939873,46.143466],[-122.939915,46.143437],[-122.939922,46.143291],[-122.940105,46.143304],[-122.940168,46.14328],[-122.940181,46.143111],[-122.94031,46.143111],[-122.940319,46.143172],[-122.940372,46.1432],[-122.940698,46.143201],[-122.940708,46.143262],[-122.940761,46.14329],[-122.941475,46.143291]],[[-122.939584,46.14383],[-122.939659,46.143792],[-122.939653,46.143679],[-122.9396,46.143651],[-122.939444,46.143657],[-122.939405,46.143694],[-122.939412,46.143802],[-122.939465,46.143829],[-122.939584,46.14383]]]}},{"type":"Feature","properties":{"id":39,"area_m2":10700,"px":107,"rank":5,"persistent":false},"geometry":{"type":"Polygon","coordinates":[[[-122.933323,46.139237],[-122.933323,46.139327],[-122.933064,46.139327],[-122.933035,46.139249],[-122.93288,46.139223],[-122.932814,46.139252],[-122.932805,46.139326],[-122.932675,46.139326],[-122.932653,46.139252],[-122.932546,46.139235],[-122.932547,46.138876],[-122.932663,46.138852],[-122.932675,46.13874],[-122.932621,46.138699],[-122.932487,46.138697],[-122.932426,46.138725],[-122.932417,46.138786],[-122.932336,46.13879],[-122.932291,46.138824],[-122.932287,46.139236],[-122.932192,46.139245],[-122.932158,46.13929],[-122.932171,46.139392],[-122.932287,46.139416],[-122.932287,46.139506],[-122.93218,46.139522],[-122.932157,46.139596],[-122.931898,46.139596],[-122.931897,46.139459],[-122.931851,46.13942],[-122.931381,46.139416],[-122.931377,46.139364],[-122.93134,46.139332],[-122.931122,46.139325],[-122.931122,46.138966],[-122.931229,46.13895],[-122.931252,46.138876],[-122.931443,46.138889],[-122.931502,46.13886],[-122.931511,46.138606],[-122.931599,46.138599],[-122.931639,46.138562],[-122.931641,46.138246],[-122.9319,46.138246],[-122.9319,46.138336],[-122.931783,46.13836],[-122.931771,46.138467],[-122.931811,46.138509],[-122.931899,46.138516],[-122.931928,46.138594],[-122.93221,46.138606],[-122.932275,46.138582],[-122.932288,46.138336],[-122.932377,46.13833],[-122.932417,46.138287],[-122.932418,46.137886],[-122.932493,46.137884],[-122.932539,46.137858],[-122.932548,46.137616],[-122.932655,46.137601],[-122.932678,46.137526],[-122.932807,46.137526],[-122.932807,46.137706],[-122.932732,46.137709],[-122.932687,46.137735],[-122.932677,46.137886],[-122.932642,46.137929],[-122.932677,46.137976],[-122.932683,46.138123],[-122.932725,46.138152],[-122.932806,46.138156],[-122.932806,46.138246],[-122.932582,46.138255],[-122.932515,46.138395],[-122.932556,46.138488],[-122.932602,46.138514],[-122.933065,46.138517],[-122.933064,46.138697],[-122.932953,46.138716],[-122.932902,46.138845],[-122.932969,46.138957],[-122.933194,46.138967],[-122.933194,46.139057],[-122.933112,46.139061],[-122.933067,46.139095],[-122.933082,46.139217],[-122.933134,46.139236],[-122.933323,46.139237]],[[-122.931902,46.139234],[-122.931933,46.139188],[-122.931896,46.139094],[-122.931851,46.13906],[-122.93177,46.139056],[-122.931752,46.138896],[-122.9317,46.138876],[-122.931525,46.138885],[-122.931491,46.138926],[-122.93151,46.139056],[-122.931429,46.13906],[-122.931384,46.139094],[-122.931398,46.139216],[-122.931451,46.139235],[-122.931769,46.139236],[-122.93183,46.13926],[-122.931902,46.139234]],[[-122.93208,46.138966],[-122.932157,46.138923],[-122.932155,46.138734],[-122.932103,46.138698],[-122.931954,46.138698],[-122.931908,46.138724],[-122.931865,46.138823],[-122.931902,46.138928],[-122.931954,46.138964],[-122.93208,46.138966]]]}},{"type":"Feature","properties":{"id":77,"area_m2":10700,"px":107,"rank":6,"persistent":false},"geometry":{"type":"Polygon","coordinates":[[[-122.936565,46.134469],[-122.936565,46.134558],[-122.936458,46.134574],[-122.936435,46.134648],[-122.936247,46.134649],[-122.936194,46.134668],[-122.936176,46.134828],[-122.936088,46.134835],[-122.936048,46.134872],[-122.936056,46.13507],[-122.936109,46.135097],[-122.936305,46.135098],[-122.936305,46.135188],[-122.93597,46.135177],[-122.935923,46.135208],[-122.935917,46.135278],[-122.935805,46.135298],[-122.935787,46.135638],[-122.935528,46.135638],[-122.935519,46.135577],[-122.935458,46.135548],[-122.93508,46.135548],[-122.935033,46.135564],[-122.93501,46.135602],[-122.93501,46.135908],[-122.934928,46.135912],[-122.934884,46.135946],[-122.93488,46.136178],[-122.934751,46.136177],[-122.934742,46.136026],[-122.934696,46.136],[-122.934621,46.135997],[-122.934622,46.135818],[-122.934754,46.135797],[-122.934751,46.135638],[-122.934833,46.135633],[-122.934875,46.135604],[-122.934875,46.135401],[-122.934811,46.135368],[-122.934234,46.135367],[-122.934234,46.135277],[-122.934322,46.135271],[-122.934362,46.135234],[-122.934364,46.135007],[-122.934445,46.135003],[-122.93449,46.134969],[-122.934494,46.134647],[-122.934575,46.134643],[-122.93462,46.134609],[-122.934623,46.134377],[-122.93473,46.134362],[-122.934753,46.134288],[-122.934882,46.134288],[-122.934882,46.134509],[-122.934923,46.134551],[-122.935529,46.134558],[-122.935533,46.13461],[-122.93557,46.134642],[-122.935788,46.134648],[-122.935849,46.134672],[-122.936029,46.134628],[-122.936047,46.134468],[-122.936154,46.134452],[-122.936177,46.134378],[-122.936306,46.134378],[-122.936312,46.134435],[-122.936361,46.134466],[-122.936565,46.134469]],[[-122.934933,46.135278],[-122.935009,46.135234],[-122.935008,46.134956],[-122.934949,46.134919],[-122.934787,46.13492],[-122.934733,46.134963],[-122.934752,46.135096],[-122.934719,46.135156],[-122.93478,46.135265],[-122.934933,46.135278]],[[-122.935131,46.134799],[-122.935158,46.134688],[-122.935113,46.134652],[-122.934815,46.134649],[-122.934756,46.134686],[-122.934754,46.134784],[-122.934815,46.134827],[-122.935078,46.134827],[-122.935131,46.134799]],[[-122.935661,46.135189],[-122.935604,46.135174],[-122.93555,46.135191],[-122.935528,46.135278],[-122.935175,46.135287],[-122.93514,46.135326],[-122.935153,46.135434],[-122.93521,46.135458],[-122.935625,46.135462],[-122.935657,46.135423],[-122.935642,46.135286],[-122.935693,46.135236],[-122.935661,46.135189]],[[-122.935775,46.134894],[-122.935805,46.134778],[-122.935753,46.134741],[-122.93542,46.134745],[-122.93538,46.134788],[-122.935409,46.134979],[-122.935462,46.135007],[-122.935617,46.135002],[-122.935655,46.13497],[-122.935658,46.134918],[-122.935775,46.134894]]]}},{"type":"Feature","properties":{"id":88,"area_m2":10500,"px":105,"rank":7,"persistent":false},"geometry":{"type":"Polygon","coordinates":[[[-122.942909,46.134112],[-122.942909,46.134202],[-122.942802,46.134218],[-122.942779,46.134292],[-122.94265,46.134292],[-122.94267,46.134168],[-122.942648,46.134128],[-122.942521,46.134112],[-122.942515,46.134055],[-122.942466,46.134024],[-122.942329,46.134008],[-122.942267,46.134041],[-122.942247,46.134167],[-122.942296,46.134199],[-122.942391,46.134202],[-122.942391,46.13429],[-122.942275,46.134316],[-122.942263,46.134428],[-122.942302,46.134465],[-122.942391,46.134472],[-122.942408,46.134632],[-122.94252,46.134652],[-122.94252,46.134832],[-122.942302,46.134838],[-122.942264,46.13487],[-122.942259,46.134922],[-122.942131,46.134921],[-122.942126,46.134851],[-122.942078,46.13482],[-122.941907,46.13484],[-122.941873,46.13488],[-122.941872,46.135101],[-122.941484,46.135101],[-122.941481,46.135049],[-122.941443,46.135018],[-122.941225,46.135011],[-122.941225,46.134921],[-122.941422,46.13492],[-122.941483,46.134878],[-122.941483,46.134695],[-122.941443,46.134658],[-122.941355,46.134651],[-122.941355,46.134472],[-122.941443,46.134465],[-122.941483,46.134428],[-122.941485,46.134111],[-122.941703,46.134105],[-122.941741,46.134073],[-122.941744,46.134021],[-122.941832,46.134015],[-122.941872,46.133978],[-122.941856,46.133861],[-122.941744,46.133841],[-122.94171,46.13376],[-122.941615,46.133751],[-122.941615,46.133661],[-122.941703,46.133655],[-122.941743,46.133618],[-122.941745,46.133391],[-122.941874,46.133391],[-122.941883,46.133453],[-122.941936,46.13348],[-122.942262,46.133482],[-122.942275,46.133638],[-122.942332,46.133661],[-122.942521,46.133662],[-122.942504,46.133802],[-122.942548,46.133837],[-122.94265,46.133842],[-122.942663,46.133998],[-122.942779,46.134022],[-122.942814,46.134103],[-122.942909,46.134112]]]}},{"type":"Feature","properties":{"id":111,"area_m2":5500,"px":55,"rank":8,"persistent":false},"geometry":{"type":"Polygon","coordinates":[[[-122.932034,46.131947],[-122.932002,46.131994],[-122.932037,46.132036],[-122.932037,46.132306],[-122.931519,46.132306],[-122.93145,46.132281],[-122.931389,46.132305],[-122.931186,46.132308],[-122.931134,46.132344],[-122.931148,46.132466],[-122.93126,46.132485],[-122.931266,46.132542],[-122.931308,46.132571],[-122.931518,46.132576],[-122.931541,46.13265],[-122.931648,46.132666],[-122.931648,46.132756],[-122.931389,46.132755],[-122.93138,46.132694],[-122.931326,46.132667],[-122.931001,46.132665],[-122.930988,46.132599],[-122.930923,46.132575],[-122.93077,46.132587],[-122.930742,46.132665],[-122.930625,46.132689],[-122.930612,46.132755],[-122.930353,46.132755],[-122.930353,46.132665],[-122.93055,46.132664],[-122.930606,46.132632],[-122.930613,46.132305],[-122.930694,46.132301],[-122.930739,46.132267],[-122.930743,46.131945],[-122.930817,46.131943],[-122.930863,46.131917],[-122.930872,46.131765],[-122.931002,46.131765],[-122.931005,46.132087],[-122.931042,46.132119],[-122.931177,46.132148],[-122.931496,46.13211],[-122.931519,46.132036],[-122.931614,46.132027],[-122.931649,46.131946],[-122.931723,46.131943],[-122.931769,46.131917],[-122.931779,46.131766],[-122.931908,46.131766],[-122.931931,46.13184],[-122.932037,46.131856],[-122.932034,46.131947]]]}},{"type":"Feature","properties":{"id":71,"area_m2":4200,"px":42,"rank":9,"persistent":false},"geometry":{"type":"Polygon","coordinates":[[[-122.934492,46.135637],[-122.934492,46.135907],[-122.934261,46.13592],[-122.934233,46.135956],[-122.934233,46.136087],[-122.934144,46.136094],[-122.934104,46.136136],[-122.934105,46.136237],[-122.934136,46.136271],[-122.934362,46.136267],[-122.934362,46.136447],[-122.934267,46.13645],[-122.934221,46.136477],[-122.934232,46.136627],[-122.934028,46.136629],[-122.933979,46.13666],[-122.933973,46.136717],[-122.933844,46.136717],[-122.933831,46.136471],[-122.933774,46.136447],[-122.933585,46.136446],[-122.933585,46.136267],[-122.933697,46.136247],[-122.933749,46.13614],[-122.933715,46.136087],[-122.933715,46.135907],[-122.933804,46.135901],[-122.933843,46.135864],[-122.933845,46.135637],[-122.934058,46.135646],[-122.934101,46.135612],[-122.934106,46.135547],[-122.934363,46.135547],[-122.934386,46.135621],[-122.934492,46.135637]]]}},{"type":"Feature","properties":{"id":73,"area_m2":3700,"px":37,"rank":10,"persistent":false},"geometry":{"type":"Polygon","coordinates":[[[-122.930737,46.136265],[-122.930737,46.136355],[-122.93063,46.136371],[-122.930607,46.136445],[-122.930349,46.136445],[-122.930348,46.136224],[-122.93032,46.136187],[-122.929894,46.136176],[-122.929832,46.136218],[-122.929831,46.136445],[-122.929701,46.136444],[-122.929689,46.136109],[-122.929632,46.136085],[-122.929184,46.136084],[-122.929184,46.135904],[-122.929397,46.135914],[-122.92944,46.13588],[-122.929445,46.135814],[-122.929702,46.135815],[-122.929735,46.135909],[-122.929898,46.135904],[-122.929959,46.135861],[-122.929961,46.135725],[-122.930479,46.135725],[-122.930479,46.135905],[-122.930377,46.135909],[-122.93033,46.13595],[-122.930352,46.136137],[-122.930411,46.136174],[-122.930608,46.136175],[-122.93063,46.136249],[-122.930737,46.136265]]]}},{"type":"Feature","properties":{"id":106,"area_m2":3600,"px":36,"rank":11,"persistent":false},"geometry":{"type":"Polygon","coordinates":[[[-122.9433,46.131772],[-122.9433,46.131862],[-122.942981,46.131862],[-122.94292,46.13189],[-122.942911,46.132222],[-122.942799,46.132242],[-122.942781,46.132402],[-122.942693,46.132408],[-122.942652,46.13245],[-122.942665,46.132558],[-122.942781,46.132582],[-122.942781,46.132672],[-122.942585,46.132673],[-122.942525,46.13271],[-122.942528,46.132908],[-122.942584,46.132941],[-122.942781,46.132942],[-122.94278,46.133122],[-122.942651,46.133122],[-122.942645,46.133065],[-122.942603,46.133036],[-122.942425,46.133027],[-122.942393,46.133067],[-122.942392,46.133392],[-122.942262,46.133391],[-122.94224,46.133317],[-122.942133,46.133301],[-122.942133,46.133122],[-122.942215,46.133117],[-122.942257,46.133088],[-122.942263,46.132852],[-122.942337,46.132849],[-122.942383,46.132823],[-122.942393,46.132582],[-122.942481,46.132575],[-122.942522,46.132533],[-122.942519,46.13235],[-122.942474,46.132316],[-122.942393,46.132312],[-122.942393,46.132222],[-122.942582,46.132221],[-122.942639,46.132198],[-122.942652,46.131862],[-122.942759,46.131846],[-122.942782,46.131772],[-122.9433,46.131772]]]}},{"type":"Feature","properties":{"id":40,"area_m2":3500,"px":35,"rank":12,"persistent":false},"geometry":{"type":"Polygon","coordinates":[[[-122.930604,46.139055],[-122.930604,46.139325],[-122.930474,46.139325],[-122.930465,46.139264],[-122.930412,46.139236],[-122.930086,46.139235],[-122.930058,46.139157],[-122.929895,46.139131],[-122.929829,46.139175],[-122.929827,46.139415],[-122.929609,46.139421],[-122.929571,46.139453],[-122.929566,46.139505],[-122.929309,46.139504],[-122.929286,46.13943],[-122.92918,46.139414],[-122.92918,46.139234],[-122.929275,46.139225],[-122.929309,46.139144],[-122.929426,46.13912],[-122.929439,46.138964],[-122.929569,46.138965],[-122.929645,46.138988],[-122.929799,46.138952],[-122.929828,46.138875],[-122.930086,46.138875],[-122.93009,46.13894],[-122.930133,46.138974],[-122.930345,46.138965],[-122.930349,46.139017],[-122.930386,46.139049],[-122.930604,46.139055]]]}},{"type":"Feature","properties":{"id":45,"area_m2":3200,"px":32,"rank":13,"persistent":false},"geometry":{"type":"Polygon","coordinates":[[[-122.934227,46.138339],[-122.934195,46.138385],[-122.93423,46.138427],[-122.93423,46.138517],[-122.93387,46.138529],[-122.933842,46.138566],[-122.933841,46.138787],[-122.933735,46.138803],[-122.933712,46.138877],[-122.933582,46.138877],[-122.933583,46.138697],[-122.933671,46.138691],[-122.93371,46.138654],[-122.933699,46.138451],[-122.933642,46.138427],[-122.933453,46.138427],[-122.933444,46.138365],[-122.933391,46.138338],[-122.932936,46.138336],[-122.932936,46.138247],[-122.933391,46.138246],[-122.933444,46.138218],[-122.933454,46.138157],[-122.933794,46.138153],[-122.933841,46.138114],[-122.933842,46.137977],[-122.933972,46.137977],[-122.933994,46.138051],[-122.934101,46.138067],[-122.934114,46.138223],[-122.93423,46.138247],[-122.934227,46.138339]]]}},{"type":"Feature","properties":{"id":104,"area_m2":3200,"px":32,"rank":14,"persistent":false},"geometry":{"type":"Polygon","coordinates":[[[-122.941486,46.132581],[-122.941486,46.132671],[-122.941161,46.132672],[-122.941098,46.132725],[-122.941126,46.132839],[-122.941486,46.132851],[-122.941486,46.132941],[-122.941009,46.132947],[-122.94097,46.132984],[-122.940968,46.133121],[-122.940866,46.133125],[-122.94082,46.133166],[-122.940856,46.133371],[-122.940908,46.133391],[-122.941227,46.133391],[-122.941227,46.133481],[-122.940709,46.133481],[-122.940686,46.133317],[-122.94045,46.133301],[-122.94045,46.133211],[-122.940532,46.133207],[-122.940576,46.133172],[-122.94058,46.133031],[-122.940682,46.133026],[-122.940728,46.132986],[-122.940692,46.13287],[-122.94058,46.132851],[-122.94058,46.132761],[-122.94071,46.132761],[-122.940715,46.132817],[-122.940765,46.132848],[-122.940946,46.132835],[-122.940967,46.132624],[-122.940928,46.132587],[-122.940839,46.132581],[-122.940839,46.132491],[-122.941057,46.132485],[-122.941095,46.132453],[-122.941098,46.132401],[-122.941357,46.132401],[-122.941366,46.132553],[-122.941412,46.132579],[-122.941486,46.132581]]]}},{"type":"Feature","properties":{"id":48,"area_m2":2800,"px":28,"rank":15,"persistent":false},"geometry":{"type":"Polygon","coordinates":[[[-122.940316,46.137981],[-122.940315,46.138071],[-122.939573,46.138079],[-122.939539,46.138119],[-122.939538,46.13834],[-122.93928,46.13834],[-122.939299,46.13821],[-122.939252,46.138164],[-122.938891,46.13816],[-122.938891,46.13807],[-122.939102,46.138066],[-122.939144,46.138037],[-122.93915,46.13798],[-122.939267,46.137956],[-122.93928,46.13771],[-122.939539,46.13771],[-122.93954,46.137847],[-122.939587,46.137886],[-122.940186,46.137891],[-122.940209,46.137965],[-122.940316,46.137981]]]}},{"type":"Feature","properties":{"id":67,"area_m2":2800,"px":28,"rank":16,"persistent":false},"geometry":{"type":"Polygon","coordinates":[[[-122.941741,46.136721],[-122.941741,46.137171],[-122.941611,46.137171],[-122.941611,46.13695],[-122.941583,46.136913],[-122.941421,46.136877],[-122.941352,46.136901],[-122.940964,46.136901],[-122.940941,46.136827],[-122.940835,46.136811],[-122.940817,46.136651],[-122.940765,46.136631],[-122.940576,46.136631],[-122.940576,46.136541],[-122.940807,46.136529],[-122.940835,46.136451],[-122.940917,46.136447],[-122.940959,46.136418],[-122.940965,46.136271],[-122.941094,46.136271],[-122.941094,46.136451],[-122.941059,46.136499],[-122.941117,46.136615],[-122.941172,46.136631],[-122.941612,46.136631],[-122.941634,46.136705],[-122.941741,46.136721]]]}},{"type":"Feature","properties":{"id":60,"area_m2":2700,"px":27,"rank":17,"persistent":false},"geometry":{"type":"Polygon","coordinates":[[[-122.928923,46.137164],[-122.928923,46.137434],[-122.928816,46.13745],[-122.928794,46.137524],[-122.928535,46.137524],[-122.928466,46.1375],[-122.928317,46.13753],[-122.928277,46.137567],[-122.928275,46.137704],[-122.928146,46.137704],[-122.928123,46.137629],[-122.928017,46.137613],[-122.928017,46.137074],[-122.928147,46.137074],[-122.92815,46.137215],[-122.928217,46.137253],[-122.928487,46.13725],[-122.928529,46.13722],[-122.928535,46.137164],[-122.928923,46.137164]]]}},{"type":"Feature","properties":{"id":19,"area_m2":2400,"px":24,"rank":18,"persistent":false},"geometry":{"type":"Polygon","coordinates":[[[-122.939017,46.1414],[-122.939017,46.14149],[-122.938691,46.141491],[-122.938638,46.141518],[-122.938628,46.14158],[-122.93837,46.14158],[-122.938366,46.141348],[-122.938322,46.141314],[-122.93824,46.141308],[-122.938241,46.14122],[-122.938275,46.141177],[-122.938241,46.141129],[-122.938241,46.14104],[-122.938322,46.141035],[-122.938364,46.141006],[-122.938369,46.140813],[-122.938329,46.140776],[-122.938241,46.140769],[-122.938213,46.140692],[-122.938112,46.140679],[-122.938112,46.14059],[-122.938241,46.14059],[-122.938264,46.140664],[-122.93837,46.14068],[-122.938384,46.140746],[-122.9385,46.14077],[-122.938528,46.140847],[-122.938629,46.14086],[-122.938626,46.141289],[-122.938758,46.14131],[-122.938764,46.141366],[-122.938806,46.141396],[-122.939017,46.1414]]]}},{"type":"Feature","properties":{"id":61,"area_m2":2200,"px":22,"rank":19,"persistent":false},"geometry":{"type":"Polygon","coordinates":[[[-122.940705,46.137171],[-122.940705,46.137351],[-122.940316,46.137351],[-122.940248,46.137326],[-122.940187,46.13735],[-122.939998,46.137351],[-122.939937,46.137379],[-122.939928,46.13744],[-122.939798,46.13744],[-122.939799,46.13726],[-122.939893,46.137251],[-122.939928,46.137206],[-122.939915,46.137104],[-122.939799,46.13708],[-122.939799,46.13672],[-122.939928,46.13672],[-122.939929,46.136865],[-122.939962,46.136905],[-122.940187,46.136901],[-122.940187,46.137122],[-122.940222,46.137161],[-122.940705,46.137171]]]}},{"type":"Feature","properties":{"id":83,"area_m2":2200,"px":22,"rank":20,"persistent":false},"geometry":{"type":"Polygon","coordinates":[[[-122.942001,46.135461],[-122.942001,46.135551],[-122.941894,46.135567],[-122.941872,46.135641],[-122.941755,46.135665],[-122.941742,46.135731],[-122.941613,46.135731],[-122.941612,46.1356],[-122.941584,46.135563],[-122.941424,46.135551],[-122.941355,46.135595],[-122.941354,46.135821],[-122.941224,46.135821],[-122.941211,46.135755],[-122.941147,46.135731],[-122.941,46.13574],[-122.940965,46.135821],[-122.940836,46.135821],[-122.940836,46.135641],[-122.94091,46.135639],[-122.940956,46.135612],[-122.940966,46.135461],[-122.941095,46.135461],[-122.941164,46.135485],[-122.941225,46.135461],[-122.941572,46.135455],[-122.94161,46.135423],[-122.941613,46.135371],[-122.941695,46.135367],[-122.941737,46.135338],[-122.941743,46.135191],[-122.941872,46.135191],[-122.941857,46.135427],[-122.941907,46.135459],[-122.942001,46.135461]]]}},{"type":"Feature","properties":{"id":47,"area_m2":2100,"px":21,"rank":21,"persistent":false},"geometry":{"type":"Polygon","coordinates":[[[-122.930865,46.137885],[-122.930864,46.138245],[-122.930769,46.138254],[-122.930734,46.138335],[-122.93066,46.138337],[-122.930614,46.138364],[-122.930605,46.138605],[-122.930475,46.138605],[-122.930453,46.138531],[-122.930346,46.138515],[-122.930346,46.138245],[-122.930381,46.138203],[-122.930346,46.138155],[-122.930347,46.138065],[-122.930441,46.138056],[-122.930476,46.138011],[-122.930463,46.137909],[-122.930347,46.137885],[-122.930347,46.137795],[-122.930476,46.137795],[-122.930499,46.137869],[-122.930652,46.137908],[-122.930865,46.137885]]]}},{"type":"Feature","properties":{"id":72,"area_m2":1800,"px":18,"rank":22,"persistent":false},"geometry":{"type":"Polygon","coordinates":[[[-122.940059,46.13609],[-122.940059,46.13618],[-122.939855,46.136183],[-122.9398,46.136234],[-122.939817,46.136341],[-122.93987,46.13636],[-122.940058,46.136361],[-122.940058,46.13645],[-122.939541,46.13645],[-122.939531,46.136389],[-122.939471,46.13636],[-122.938893,46.13636],[-122.938893,46.13627],[-122.939512,46.136258],[-122.939541,46.13618],[-122.939622,46.136176],[-122.939667,46.136142],[-122.939705,46.136048],[-122.939671,46.136],[-122.939671,46.13591],[-122.9398,46.13591],[-122.939823,46.135984],[-122.939929,46.136],[-122.939964,46.136081],[-122.940059,46.13609]]]}},{"type":"Feature","properties":{"id":30,"area_m2":1700,"px":17,"rank":23,"persistent":false},"geometry":{"type":"Polygon","coordinates":[[[-122.930344,46.139775],[-122.930344,46.139865],[-122.930263,46.139869],[-122.930218,46.139903],[-122.930214,46.140045],[-122.930133,46.140049],[-122.930091,46.140078],[-122.930085,46.140225],[-122.929826,46.140225],[-122.929803,46.14015],[-122.929697,46.140135],[-122.929697,46.139865],[-122.929804,46.139849],[-122.929827,46.139775],[-122.930344,46.139775]]]}},{"type":"Feature","properties":{"id":43,"area_m2":1600,"px":16,"rank":24,"persistent":false},"geometry":{"type":"Polygon","coordinates":[[[-122.928404,46.138334],[-122.928404,46.138514],[-122.928316,46.13852],[-122.928275,46.138562],[-122.928274,46.139144],[-122.928015,46.139143],[-122.928015,46.138964],[-122.92805,46.138921],[-122.928015,46.138873],[-122.928016,46.138514],[-122.928122,46.138498],[-122.928145,46.138424],[-122.928262,46.1384],[-122.928275,46.138334],[-122.928404,46.138334]]]}},{"type":"Feature","properties":{"id":89,"area_m2":1600,"px":16,"rank":25,"persistent":false},"geometry":{"type":"Polygon","coordinates":[[[-122.940578,46.134921],[-122.940578,46.135011],[-122.940252,46.135012],[-122.940198,46.135039],[-122.940189,46.1351],[-122.94006,46.1351],[-122.94006,46.13501],[-122.940141,46.135006],[-122.940186,46.134972],[-122.940189,46.134789],[-122.940149,46.134747],[-122.94006,46.13474],[-122.940057,46.134599],[-122.940012,46.134565],[-122.939931,46.13456],[-122.939931,46.13447],[-122.94006,46.13447],[-122.940129,46.134495],[-122.940297,46.134455],[-122.94032,46.134201],[-122.940449,46.134202],[-122.940449,46.134561],[-122.940367,46.134565],[-122.940323,46.134599],[-122.94032,46.134877],[-122.940381,46.13492],[-122.940578,46.134921]]]}},{"type":"Feature","properties":{"id":37,"area_m2":1500,"px":15,"rank":26,"persistent":false},"geometry":{"type":"Polygon","coordinates":[[[-122.944717,46.138793],[-122.944716,46.139243],[-122.944621,46.139252],[-122.944587,46.139333],[-122.94447,46.139357],[-122.944457,46.139693],[-122.944327,46.139693],[-122.944328,46.139333],[-122.94436,46.139274],[-122.944293,46.139162],[-122.944069,46.139152],[-122.944069,46.139063],[-122.944547,46.13907],[-122.944587,46.139028],[-122.944587,46.138793],[-122.944717,46.138793]]]}},{"type":"Feature","properties":{"id":57,"area_m2":1500,"px":15,"rank":27,"persistent":false},"geometry":{"type":"Polygon","coordinates":[[[-122.942388,46.137442],[-122.942387,46.137622],[-122.942281,46.137637],[-122.942258,46.137712],[-122.942022,46.137727],[-122.941999,46.137891],[-122.941869,46.137891],[-122.941869,46.137746],[-122.941836,46.137707],[-122.941611,46.137711],[-122.941611,46.137621],[-122.941692,46.137617],[-122.941737,46.137583],[-122.94174,46.137441],[-122.942388,46.137442]]]}},{"type":"Feature","properties":{"id":75,"area_m2":1500,"px":15,"rank":28,"persistent":false},"geometry":{"type":"Polygon","coordinates":[[[-122.944072,46.136003],[-122.944072,46.136182],[-122.943965,46.136198],[-122.943942,46.136272],[-122.943684,46.136272],[-122.943671,46.136116],[-122.943554,46.136092],[-122.94352,46.136011],[-122.943425,46.136002],[-122.943425,46.135822],[-122.943684,46.135822],[-122.943718,46.135903],[-122.943943,46.135912],[-122.943965,46.135987],[-122.944072,46.136003]]]}},{"type":"Feature","properties":{"id":44,"area_m2":1400,"px":14,"rank":29,"persistent":false},"geometry":{"type":"Polygon","coordinates":[[[-122.940962,46.138611],[-122.940962,46.138701],[-122.940874,46.138707],[-122.940834,46.138744],[-122.940832,46.139061],[-122.940573,46.139061],[-122.940551,46.138897],[-122.940315,46.138881],[-122.940315,46.138701],[-122.940533,46.138694],[-122.94057,46.138662],[-122.940574,46.138611],[-122.940703,46.138611],[-122.940764,46.138635],[-122.940833,46.138611],[-122.940962,46.138611]]]}},{"type":"Feature","properties":{"id":55,"area_m2":1400,"px":14,"rank":30,"persistent":false},"geometry":{"type":"Polygon","coordinates":[[[-122.94433,46.137443],[-122.944329,46.137533],[-122.944235,46.137535],[-122.944185,46.137567],[-122.9442,46.137802],[-122.944125,46.137805],[-122.944079,46.137831],[-122.94407,46.137982],[-122.943941,46.137982],[-122.943935,46.137926],[-122.943886,46.137895],[-122.943682,46.137892],[-122.943682,46.137622],[-122.943827,46.13763],[-122.943813,46.137683],[-122.943858,46.137722],[-122.94396,46.1377],[-122.943973,46.137654],[-122.943925,46.137615],[-122.943941,46.137532],[-122.944023,46.137528],[-122.944067,46.137494],[-122.944071,46.137263],[-122.9442,46.137263],[-122.944209,46.137414],[-122.944255,46.13744],[-122.94433,46.137443]]]}},{"type":"Feature","properties":{"id":96,"area_m2":1400,"px":14,"rank":31,"persistent":false},"geometry":{"type":"Polygon","coordinates":[[[-122.929316,46.134284],[-122.929315,46.134374],[-122.928929,46.134374],[-122.928921,46.134317],[-122.928872,46.134286],[-122.928539,46.134284],[-122.928516,46.13421],[-122.92841,46.134194],[-122.92841,46.134104],[-122.928444,46.134061],[-122.92841,46.134014],[-122.92841,46.133834],[-122.928539,46.133834],[-122.928541,46.13397],[-122.92858,46.134007],[-122.92873,46.134038],[-122.928798,46.134014],[-122.928927,46.134014],[-122.928913,46.134159],[-122.928962,46.134192],[-122.929057,46.134194],[-122.929091,46.134275],[-122.929316,46.134284]]]}},{"type":"Feature","properties":{"id":68,"area_m2":1300,"px":13,"rank":32,"persistent":false},"geometry":{"type":"Polygon","coordinates":[[[-122.943942,46.136542],[-122.943942,46.136632],[-122.943835,46.136648],[-122.943812,46.136722],[-122.943624,46.136723],[-122.943567,46.136746],[-122.943553,46.136992],[-122.943424,46.136992],[-122.943401,46.136918],[-122.943295,46.136902],[-122.943295,46.136812],[-122.943383,46.136806],[-122.943423,46.136769],[-122.943424,46.136632],[-122.943459,46.13659],[-122.943424,46.136542],[-122.943424,46.136452],[-122.94363,46.136463],[-122.943678,46.136432],[-122.943683,46.136362],[-122.943813,46.136362],[-122.943822,46.136514],[-122.943868,46.13654],[-122.943942,46.136542]]]}},{"type":"Feature","properties":{"id":28,"area_m2":1200,"px":12,"rank":33,"persistent":false},"geometry":{"type":"Polygon","coordinates":[[[-122.928531,46.140494],[-122.928531,46.140674],[-122.928313,46.14068],[-122.928275,46.140712],[-122.928271,46.140764],[-122.928013,46.140763],[-122.928013,46.140224],[-122.928143,46.140224],[-122.928143,46.140369],[-122.928176,46.140408],[-122.928401,46.140404],[-122.928424,46.140478],[-122.928531,46.140494]]]}},{"type":"Feature","properties":{"id":29,"area_m2":1200,"px":12,"rank":34,"persistent":false},"geometry":{"type":"Polygon","coordinates":[[[-122.929567,46.140225],[-122.929567,46.140314],[-122.92946,46.14033],[-122.929437,46.140404],[-122.929178,46.140404],[-122.929175,46.140339],[-122.929132,46.140305],[-122.92892,46.140314],[-122.928897,46.14024],[-122.92879,46.140224],[-122.92879,46.140134],[-122.928865,46.140132],[-122.928911,46.140106],[-122.92892,46.139954],[-122.929049,46.139954],[-122.929072,46.140028],[-122.929179,46.140044],[-122.929179,46.140176],[-122.929207,46.140212],[-122.929567,46.140225]]]}},{"type":"Feature","properties":{"id":70,"area_m2":1100,"px":11,"rank":35,"persistent":false},"geometry":{"type":"Polygon","coordinates":[[[-122.943166,46.136182],[-122.943165,46.136722],[-122.943036,46.136722],[-122.943013,46.136648],[-122.942906,46.136632],[-122.942907,46.136182],[-122.943166,46.136182]]]}},{"type":"Feature","properties":{"id":86,"area_m2":1100,"px":11,"rank":36,"persistent":false},"geometry":{"type":"Polygon","coordinates":[[[-122.93203,46.135187],[-122.931998,46.135234],[-122.932033,46.135276],[-122.932033,46.135456],[-122.931903,46.135456],[-122.9319,46.135404],[-122.931862,46.135372],[-122.931645,46.135366],[-122.931641,46.135224],[-122.931597,46.13519],[-122.931515,46.135186],[-122.931515,46.135096],[-122.931622,46.13508],[-122.931645,46.135006],[-122.931774,46.135006],[-122.931778,46.135057],[-122.931815,46.135089],[-122.932033,46.135096],[-122.93203,46.135187]]]}},{"type":"Feature","properties":{"id":94,"area_m2":1100,"px":11,"rank":37,"persistent":false},"geometry":{"type":"Polygon","coordinates":[[[-122.936047,46.134198],[-122.936047,46.134288],[-122.9357,46.134294],[-122.935661,46.134331],[-122.935659,46.134468],[-122.93553,46.134468],[-122.935507,46.134394],[-122.9354,46.134378],[-122.935366,46.134297],[-122.935271,46.134288],[-122.935271,46.134108],[-122.9354,46.134108],[-122.935461,46.134132],[-122.93553,46.134108],[-122.935659,46.134108],[-122.935665,46.134165],[-122.935714,46.134196],[-122.936047,46.134198]]]}},{"type":"Feature","properties":{"id":59,"area_m2":1000,"px":10,"rank":38,"persistent":false},"geometry":{"type":"Polygon","coordinates":[[[-122.930218,46.137525],[-122.930217,46.137795],[-122.929829,46.137795],[-122.929829,46.137525],[-122.929936,46.137509],[-122.929959,46.137435],[-122.930088,46.137435],[-122.930111,46.137509],[-122.930218,46.137525]]]}},{"type":"Feature","properties":{"id":90,"area_m2":1000,"px":10,"rank":39,"persistent":false},"geometry":{"type":"Polygon","coordinates":[[[-122.946016,46.134383],[-122.946015,46.134653],[-122.945941,46.134656],[-122.945895,46.134682],[-122.945886,46.134833],[-122.945627,46.134833],[-122.945604,46.134759],[-122.945498,46.134743],[-122.945498,46.134653],[-122.945823,46.134652],[-122.945885,46.13461],[-122.945873,46.134497],[-122.945757,46.134473],[-122.945757,46.134293],[-122.945886,46.134293],[-122.945909,46.134368],[-122.946016,46.134383]]]}},{"type":"Feature","properties":{"id":98,"area_m2":1000,"px":10,"rank":40,"persistent":false},"geometry":{"type":"Polygon","coordinates":[[[-122.946143,46.133935],[-122.946111,46.133981],[-122.946145,46.134023],[-122.946145,46.134113],[-122.945887,46.134113],[-122.945864,46.134039],[-122.945757,46.134023],[-122.945723,46.133942],[-122.945628,46.133933],[-122.945628,46.133843],[-122.945735,46.133827],[-122.945757,46.133753],[-122.946016,46.133753],[-122.946039,46.133828],[-122.946146,46.133843],[-122.946143,46.133935]]]}},{"type":"Feature","properties":{"id":9,"area_m2":900,"px":9,"rank":41,"persistent":false},"geometry":{"type":"Polygon","coordinates":[[[-122.936941,46.14275],[-122.936909,46.142796],[-122.936944,46.142839],[-122.936944,46.142929],[-122.936426,46.142929],[-122.936426,46.142839],[-122.936508,46.142835],[-122.936552,46.1428],[-122.936556,46.142659],[-122.936944,46.142659],[-122.936941,46.14275]]]}},{"type":"Feature","properties":{"id":8,"area_m2":900,"px":9,"rank":42,"persistent":false},"geometry":{"type":"Polygon","coordinates":[[[-122.938757,46.14257],[-122.938757,46.14275],[-122.938668,46.142756],[-122.938629,46.142793],[-122.938627,46.14302],[-122.938368,46.14302],[-122.938368,46.14293],[-122.93845,46.142926],[-122.938492,46.142896],[-122.938496,46.142793],[-122.938435,46.142751],[-122.938239,46.142749],[-122.938239,46.14266],[-122.938496,46.142643],[-122.938518,46.142604],[-122.938498,46.14248],[-122.938627,46.14248],[-122.93865,46.142554],[-122.938757,46.14257]]]}},{"type":"Feature","properties":{"id":14,"area_m2":900,"px":9,"rank":43,"persistent":false},"geometry":{"type":"Polygon","coordinates":[[[-122.936686,46.141939],[-122.936686,46.142209],[-122.936556,46.142209],[-122.936534,46.142134],[-122.936427,46.142118],[-122.936392,46.142038],[-122.936298,46.142028],[-122.936298,46.141849],[-122.936404,46.141833],[-122.936427,46.141759],[-122.936557,46.141759],[-122.936566,46.14191],[-122.936612,46.141936],[-122.936686,46.141939]]]}},{"type":"Feature","properties":{"id":36,"area_m2":900,"px":9,"rank":44,"persistent":false},"geometry":{"type":"Polygon","coordinates":[[[-122.931251,46.139506],[-122.931251,46.139595],[-122.930909,46.139586],[-122.930866,46.13962],[-122.930862,46.139685],[-122.930746,46.139709],[-122.930733,46.139775],[-122.930603,46.139775],[-122.930604,46.139505],[-122.93071,46.139489],[-122.930733,46.139415],[-122.930992,46.139415],[-122.930995,46.139467],[-122.931033,46.139499],[-122.931251,46.139506]]]}},{"type":"Feature","properties":{"id":6,"area_m2":800,"px":8,"rank":45,"persistent":false},"geometry":{"type":"Polygon","coordinates":[[[-122.937462,46.143019],[-122.937461,46.143469],[-122.937332,46.143469],[-122.937323,46.143318],[-122.937277,46.143291],[-122.937202,46.143289],[-122.937203,46.143019],[-122.937462,46.143019]]]}},{"type":"Feature","properties":{"id":31,"area_m2":800,"px":8,"rank":46,"persistent":false},"geometry":{"type":"Polygon","coordinates":[[[-122.943421,46.139692],[-122.943421,46.139962],[-122.943314,46.139978],[-122.943291,46.140052],[-122.943175,46.140076],[-122.943162,46.140142],[-122.943032,46.140142],[-122.94301,46.140068],[-122.942903,46.140052],[-122.942903,46.139962],[-122.943133,46.13995],[-122.943162,46.139872],[-122.943243,46.139868],[-122.943286,46.139839],[-122.943292,46.139692],[-122.943421,46.139692]]]}},{"type":"Feature","properties":{"id":51,"area_m2":800,"px":8,"rank":47,"persistent":false},"geometry":{"type":"Polygon","coordinates":[[[-122.936432,46.137889],[-122.936431,46.138068],[-122.936248,46.138055],[-122.936194,46.138071],[-122.936172,46.138248],[-122.935913,46.138248],[-122.935914,46.138158],[-122.936002,46.138152],[-122.936042,46.138115],[-122.936043,46.137888],[-122.93615,46.137873],[-122.936173,46.137798],[-122.936302,46.137798],[-122.936325,46.137873],[-122.936432,46.137889]]]}},{"type":"Feature","properties":{"id":99,"area_m2":800,"px":8,"rank":48,"persistent":false},"geometry":{"type":"Polygon","coordinates":[[[-122.940708,46.133841],[-122.940708,46.134021],[-122.940602,46.134037],[-122.940579,46.134111],[-122.940449,46.134111],[-122.940427,46.134036],[-122.94032,46.13402],[-122.940285,46.13394],[-122.940191,46.13393],[-122.940191,46.133841],[-122.940297,46.133825],[-122.94032,46.133751],[-122.94045,46.133751],[-122.940455,46.133821],[-122.940503,46.133852],[-122.940708,46.133841]]]}},{"type":"Feature","properties":{"id":110,"area_m2":800,"px":8,"rank":49,"persistent":false},"geometry":{"type":"Polygon","coordinates":[[[-122.930224,46.132665],[-122.930224,46.132755],[-122.930142,46.132759],[-122.930098,46.132793],[-122.930094,46.132935],[-122.929965,46.132935],[-122.929943,46.132757],[-122.92989,46.132741],[-122.929706,46.132754],[-122.929706,46.132575],[-122.930094,46.132575],[-122.930117,46.132649],[-122.930224,46.132665]]]}},{"type":"Feature","properties":{"id":112,"area_m2":800,"px":8,"rank":50,"persistent":false},"geometry":{"type":"Polygon","coordinates":[[[-122.929577,46.132484],[-122.929577,46.132664],[-122.929364,46.132642],[-122.929211,46.13268],[-122.929188,46.132754],[-122.929059,46.132754],[-122.929059,46.132664],[-122.929147,46.132658],[-122.929187,46.132621],[-122.929189,46.132394],[-122.929447,46.132394],[-122.92947,46.132469],[-122.929577,46.132484]]]}},{"type":"Feature","properties":{"id":4,"area_m2":700,"px":7,"rank":51,"persistent":false},"geometry":{"type":"Polygon","coordinates":[[[-122.935648,46.144008],[-122.935648,46.144098],[-122.93519,46.144085],[-122.935135,46.144118],[-122.93513,46.144188],[-122.935,46.144188],[-122.934977,46.144114],[-122.934871,46.144098],[-122.934871,46.144008],[-122.934978,46.143992],[-122.935001,46.143918],[-122.935259,46.143918],[-122.935269,46.143979],[-122.935322,46.144007],[-122.935648,46.144008]]]}},{"type":"Feature","properties":{"id":20,"area_m2":700,"px":7,"rank":52,"persistent":false},"geometry":{"type":"Polygon","coordinates":[[[-122.942902,46.141132],[-122.942902,46.141222],[-122.942807,46.141231],[-122.942772,46.141312],[-122.942698,46.141314],[-122.942652,46.14134],[-122.942642,46.141492],[-122.942384,46.141492],[-122.942384,46.141312],[-122.94262,46.141296],[-122.942643,46.141132],[-122.942902,46.141132]]]}},{"type":"Feature","properties":{"id":21,"area_m2":700,"px":7,"rank":53,"persistent":false},"geometry":{"type":"Polygon","coordinates":[[[-122.92866,46.141034],[-122.928659,46.141394],[-122.928552,46.14141],[-122.928529,46.141484],[-122.9284,46.141484],[-122.928401,46.141214],[-122.928475,46.141212],[-122.928521,46.141185],[-122.92853,46.141034],[-122.92866,46.141034]]]}},{"type":"Feature","properties":{"id":41,"area_m2":700,"px":7,"rank":54,"persistent":false},"geometry":{"type":"Polygon","coordinates":[[[-122.940702,46.139331],[-122.940702,46.139421],[-122.940314,46.139421],[-122.940308,46.139364],[-122.940259,46.139333],[-122.939926,46.13933],[-122.939926,46.13924],[-122.940444,46.139241],[-122.940447,46.139292],[-122.940485,46.139324],[-122.940702,46.139331]]]}},{"type":"Feature","properties":{"id":97,"area_m2":700,"px":7,"rank":55,"persistent":false},"geometry":{"type":"Polygon","coordinates":[[[-122.929705,46.133745],[-122.929704,46.134284],[-122.929575,46.134284],[-122.929573,46.134058],[-122.929534,46.134021],[-122.929446,46.134014],[-122.929446,46.133924],[-122.92952,46.133922],[-122.929566,46.133896],[-122.929575,46.133744],[-122.929705,46.133745]]]}},{"type":"Feature","properties":{"id":15,"area_m2":600,"px":6,"rank":56,"persistent":false},"geometry":{"type":"Polygon","coordinates":[[[-122.939276,46.14185],[-122.939275,46.14203],[-122.939169,46.142046],[-122.939146,46.14212],[-122.939016,46.14212],[-122.939049,46.141972],[-122.938994,46.141866],[-122.938887,46.14185],[-122.938887,46.14176],[-122.939146,46.14176],[-122.939169,46.141834],[-122.939276,46.14185]]]}},{"type":"Feature","properties":{"id":62,"area_m2":600,"px":6,"rank":57,"persistent":false},"geometry":{"type":"Polygon","coordinates":[[[-122.9297,46.137165],[-122.9297,46.137254],[-122.929511,46.137255],[-122.929454,46.137278],[-122.929441,46.137434],[-122.929312,46.137434],[-122.929312,46.137254],[-122.9294,46.137248],[-122.92944,46.137211],[-122.929442,46.136984],[-122.929571,46.136985],[-122.92958,46.137136],[-122.929626,46.137162],[-122.9297,46.137165]]]}},{"type":"Feature","properties":{"id":66,"area_m2":600,"px":6,"rank":58,"persistent":false},"geometry":{"type":"Polygon","coordinates":[[[-122.943165,46.136902],[-122.943165,46.136992],[-122.943058,46.137008],[-122.943035,46.137082],[-122.942919,46.137106],[-122.942906,46.137172],[-122.942647,46.137172],[-122.942647,46.137082],[-122.942728,46.137078],[-122.942773,46.137044],[-122.942777,46.136902],[-122.942906,46.136902],[-122.942967,46.136926],[-122.943036,46.136902],[-122.943165,46.136902]]]}},{"type":"Feature","properties":{"id":74,"area_m2":600,"px":6,"rank":59,"persistent":false},"geometry":{"type":"Polygon","coordinates":[[[-122.928925,46.135994],[-122.928925,46.136264],[-122.928818,46.13628],[-122.928795,46.136354],[-122.928666,46.136354],[-122.928666,46.136084],[-122.928773,46.136068],[-122.928796,46.135994],[-122.928925,46.135994]]]}},{"type":"Feature","properties":{"id":81,"area_m2":600,"px":6,"rank":60,"persistent":false},"geometry":{"type":"Polygon","coordinates":[[[-122.945237,46.135823],[-122.945237,46.135913],[-122.94511,46.135913],[-122.945105,46.135861],[-122.945067,46.135829],[-122.944849,46.135823],[-122.944849,46.135553],[-122.945108,46.135553],[-122.945108,46.135643],[-122.945074,46.135691],[-122.945111,46.135785],[-122.945156,46.135819],[-122.945237,46.135823]]]}},{"type":"Feature","properties":{"id":91,"area_m2":600,"px":6,"rank":61,"persistent":false},"geometry":{"type":"Polygon","coordinates":[[[-122.931386,46.134646],[-122.931386,46.134735],[-122.93128,46.134751],[-122.931257,46.134825],[-122.931127,46.134825],[-122.931114,46.134669],[-122.931058,46.134646],[-122.930869,46.134645],[-122.930869,46.134555],[-122.931257,46.134556],[-122.93128,46.13463],[-122.931386,46.134646]]]}},{"type":"Feature","properties":{"id":13,"area_m2":500,"px":5,"rank":62,"persistent":false},"geometry":{"type":"Polygon","coordinates":[[[-122.94316,46.142122],[-122.943159,46.142212],[-122.943053,46.142228],[-122.94303,46.142302],[-122.942901,46.142302],[-122.942878,46.142228],[-122.942771,46.142212],[-122.942737,46.142131],[-122.942642,46.142122],[-122.942642,46.142032],[-122.942771,46.142032],[-122.94278,46.142093],[-122.942834,46.142121],[-122.94316,46.142122]]]}},{"type":"Feature","properties":{"id":16,"area_m2":500,"px":5,"rank":63,"persistent":false},"geometry":{"type":"Polygon","coordinates":[[[-122.938496,46.141761],[-122.938464,46.141807],[-122.938499,46.14185],[-122.938499,46.14194],[-122.93824,46.141939],[-122.93824,46.14167],[-122.938499,46.14167],[-122.938496,46.141761]]]}},{"type":"Feature","properties":{"id":23,"area_m2":500,"px":5,"rank":64,"persistent":false},"geometry":{"type":"Polygon","coordinates":[[[-122.928271,46.141304],[-122.928271,46.141394],[-122.928012,46.141393],[-122.928012,46.141034],[-122.928142,46.141034],[-122.928145,46.141265],[-122.928189,46.1413],[-122.928271,46.141304]]]}},{"type":"Feature","properties":{"id":24,"area_m2":500,"px":5,"rank":65,"persistent":false},"geometry":{"type":"Polygon","coordinates":[[[-122.929178,46.140944],[-122.929177,46.141034],[-122.928989,46.141034],[-122.928932,46.141058],[-122.928918,46.141214],[-122.928789,46.141214],[-122.928789,46.140944],[-122.929178,46.140944]]]}},{"type":"Feature","properties":{"id":25,"area_m2":500,"px":5,"rank":66,"persistent":false},"geometry":{"type":"Polygon","coordinates":[[[-122.945492,46.140593],[-122.945492,46.140683],[-122.94541,46.140687],[-122.945365,46.140721],[-122.945362,46.140863],[-122.945103,46.140863],[-122.945103,46.140683],[-122.945307,46.140681],[-122.945356,46.14065],[-122.945362,46.140593],[-122.945492,46.140593]]]}},{"type":"Feature","properties":{"id":32,"area_m2":500,"px":5,"rank":67,"persistent":false},"geometry":{"type":"Polygon","coordinates":[[[-122.928661,46.139864],[-122.928661,46.140044],[-122.928273,46.140044],[-122.928273,46.139954],[-122.928379,46.139938],[-122.928402,46.139864],[-122.928661,46.139864]]]}},{"type":"Feature","properties":{"id":33,"area_m2":500,"px":5,"rank":68,"persistent":false},"geometry":{"type":"Polygon","coordinates":[[[-122.940314,46.139781],[-122.940313,46.139871],[-122.940096,46.139877],[-122.940058,46.139909],[-122.940054,46.13996],[-122.939925,46.13996],[-122.939902,46.139886],[-122.939796,46.13987],[-122.939796,46.13978],[-122.940314,46.139781]]]}},{"type":"Feature","properties":{"id":50,"area_m2":500,"px":5,"rank":69,"persistent":false},"geometry":{"type":"Polygon","coordinates":[[[-122.943811,46.138072],[-122.943811,46.138162],[-122.943704,46.138178],[-122.943681,46.138252],[-122.943293,46.138252],[-122.943293,46.138162],[-122.943511,46.138156],[-122.943549,46.138124],[-122.943552,46.138072],[-122.943811,46.138072]]]}},{"type":"Feature","properties":{"id":54,"area_m2":500,"px":5,"rank":70,"persistent":false},"geometry":{"type":"Polygon","coordinates":[[[-122.931383,46.137796],[-122.931382,46.137976],[-122.931179,46.137978],[-122.931129,46.138009],[-122.931123,46.138065],[-122.930994,46.138065],[-122.930994,46.137975],[-122.931075,46.137971],[-122.93112,46.137937],[-122.931124,46.137795],[-122.931383,46.137796]]]}},{"type":"Feature","properties":{"id":76,"area_m2":500,"px":5,"rank":71,"persistent":false},"geometry":{"type":"Polygon","coordinates":[[[-122.944978,46.136003],[-122.944978,46.136183],[-122.944719,46.136183],[-122.94472,46.135913],[-122.944849,46.135913],[-122.944872,46.135987],[-122.944978,46.136003]]]}},{"type":"Feature","properties":{"id":5,"area_m2":400,"px":4,"rank":72,"persistent":false},"geometry":{"type":"Polygon","coordinates":[[[-122.942122,46.143382],[-122.942122,46.143472],[-122.942016,46.143487],[-122.941993,46.143561],[-122.941876,46.143585],[-122.941863,46.143651],[-122.941604,46.143651],[-122.941604,46.143561],[-122.941822,46.143555],[-122.94186,46.143523],[-122.941864,46.143472],[-122.94198,46.143448],[-122.941993,46.143382],[-122.942122,46.143382]]]}},{"type":"Feature","properties":{"id":10,"area_m2":400,"px":4,"rank":73,"persistent":false},"geometry":{"type":"Polygon","coordinates":[[[-122.937721,46.142659],[-122.937721,46.142749],[-122.937333,46.142749],[-122.937333,46.142659],[-122.937439,46.142643],[-122.937462,46.142569],[-122.937592,46.142569],[-122.937614,46.142643],[-122.937721,46.142659]]]}},{"type":"Feature","properties":{"id":17,"area_m2":400,"px":4,"rank":74,"persistent":false},"geometry":{"type":"Polygon","coordinates":[[[-122.936168,46.141758],[-122.936168,46.141848],[-122.935964,46.141851],[-122.935915,46.141882],[-122.935909,46.141938],[-122.93578,46.141938],[-122.93578,46.141848],[-122.935814,46.141806],[-122.93578,46.141758],[-122.93578,46.141668],[-122.935909,46.141668],[-122.935915,46.141725],[-122.935964,46.141756],[-122.936168,46.141758]]]}},{"type":"Feature","properties":{"id":27,"area_m2":400,"px":4,"rank":75,"persistent":false},"geometry":{"type":"Polygon","coordinates":[[[-122.929566,46.140585],[-122.929566,46.140854],[-122.929437,46.140854],[-122.929414,46.14078],[-122.929307,46.140764],[-122.929308,46.140674],[-122.929414,46.140659],[-122.929437,46.140584],[-122.929566,46.140585]]]}},{"type":"Feature","properties":{"id":35,"area_m2":400,"px":4,"rank":76,"persistent":false},"geometry":{"type":"Polygon","coordinates":[[[-122.933063,46.139687],[-122.933063,46.139777],[-122.932804,46.139776],[-122.932782,46.139702],[-122.932675,46.139686],[-122.932641,46.139605],[-122.932546,46.139596],[-122.932546,46.139506],[-122.932675,46.139506],[-122.932688,46.139572],[-122.932804,46.139597],[-122.932808,46.139648],[-122.932845,46.13968],[-122.933063,46.139687]]]}},{"type":"Feature","properties":{"id":38,"area_m2":400,"px":4,"rank":77,"persistent":false},"geometry":{"type":"Polygon","coordinates":[[[-122.933323,46.139417],[-122.933322,46.139507],[-122.933216,46.139523],[-122.933193,46.139597],[-122.933064,46.139597],[-122.933058,46.13954],[-122.933008,46.139509],[-122.932805,46.139506],[-122.932805,46.139417],[-122.933064,46.139417],[-122.933125,46.139441],[-122.933193,46.139417],[-122.933323,46.139417]]]}},{"type":"Feature","properties":{"id":52,"area_m2":400,"px":4,"rank":78,"persistent":false},"geometry":{"type":"Polygon","coordinates":[[[-122.928146,46.137794],[-122.928145,46.138154],[-122.928016,46.138153],[-122.928017,46.137794],[-122.928146,46.137794]]]}},{"type":"Feature","properties":{"id":56,"area_m2":400,"px":4,"rank":79,"persistent":false},"geometry":{"type":"Polygon","coordinates":[[[-122.932159,46.137886],[-122.932159,46.137976],[-122.9319,46.137976],[-122.931878,46.137902],[-122.931771,46.137886],[-122.931771,46.137796],[-122.93203,46.137796],[-122.932053,46.13787],[-122.932159,46.137886]]]}},{"type":"Feature","properties":{"id":53,"area_m2":400,"px":4,"rank":80,"persistent":false},"geometry":{"type":"Polygon","coordinates":[[[-122.945236,46.137713],[-122.945235,46.137803],[-122.945147,46.137809],[-122.945108,46.137846],[-122.945106,46.138073],[-122.944976,46.138073],[-122.944977,46.137803],[-122.945083,46.137787],[-122.945106,46.137713],[-122.945236,46.137713]]]}},{"type":"Feature","properties":{"id":58,"area_m2":400,"px":4,"rank":81,"persistent":false},"geometry":{"type":"Polygon","coordinates":[[[-122.931642,46.137706],[-122.931641,46.137886],[-122.931512,46.137886],[-122.931499,46.13773],[-122.931442,46.137706],[-122.931253,46.137705],[-122.931253,46.137616],[-122.931512,46.137616],[-122.931535,46.13769],[-122.931642,46.137706]]]}},{"type":"Feature","properties":{"id":64,"area_m2":400,"px":4,"rank":82,"persistent":false},"geometry":{"type":"Polygon","coordinates":[[[-122.941482,46.136991],[-122.941481,46.137261],[-122.941352,46.137261],[-122.941329,46.137187],[-122.941223,46.137171],[-122.941223,46.137081],[-122.94133,46.137065],[-122.941352,46.136991],[-122.941482,46.136991]]]}},{"type":"Feature","properties":{"id":65,"area_m2":400,"px":4,"rank":83,"persistent":false},"geometry":{"type":"Polygon","coordinates":[[[-122.929312,46.136984],[-122.929312,46.137074],[-122.929231,46.137078],[-122.929186,46.137113],[-122.929182,46.137254],[-122.929053,46.137254],[-122.929053,46.136984],[-122.929312,46.136984]]]}},{"type":"Feature","properties":{"id":63,"area_m2":400,"px":4,"rank":84,"persistent":false},"geometry":{"type":"Polygon","coordinates":[[[-122.942,46.136902],[-122.941999,46.137261],[-122.94187,46.137261],[-122.94187,46.136901],[-122.942,46.136902]]]}},{"type":"Feature","properties":{"id":69,"area_m2":400,"px":4,"rank":85,"persistent":false},"geometry":{"type":"Polygon","coordinates":[[[-122.944848,46.136633],[-122.944848,46.136813],[-122.944741,46.136829],[-122.944718,46.136903],[-122.944589,46.136903],[-122.944589,46.136813],[-122.944624,46.13677],[-122.944589,46.136723],[-122.944589,46.136633],[-122.944848,46.136633]]]}},{"type":"Feature","properties":{"id":78,"area_m2":400,"px":4,"rank":86,"persistent":false},"geometry":{"type":"Polygon","coordinates":[[[-122.931255,46.135996],[-122.931255,46.136175],[-122.930996,46.136175],[-122.930997,46.135995],[-122.931255,46.135996]]]}},{"type":"Feature","properties":{"id":82,"area_m2":400,"px":4,"rank":87,"persistent":false},"geometry":{"type":"Polygon","coordinates":[[[-122.944202,46.135733],[-122.944202,46.135912],[-122.944072,46.135912],[-122.94405,46.135838],[-122.943943,46.135822],[-122.943943,46.135642],[-122.944072,46.135643],[-122.944095,46.135717],[-122.944202,46.135733]]]}},{"type":"Feature","properties":{"id":87,"area_m2":400,"px":4,"rank":88,"persistent":false},"geometry":{"type":"Polygon","coordinates":[[[-122.944591,46.135013],[-122.944591,46.135193],[-122.944332,46.135193],[-122.944332,46.135013],[-122.944591,46.135013]]]}},{"type":"Feature","properties":{"id":92,"area_m2":400,"px":4,"rank":89,"persistent":false},"geometry":{"type":"Polygon","coordinates":[[[-122.93061,46.134465],[-122.93061,46.134645],[-122.930351,46.134645],[-122.930351,46.134465],[-122.93061,46.134465]]]}},{"type":"Feature","properties":{"id":93,"area_m2":400,"px":4,"rank":90,"persistent":false},"geometry":{"type":"Polygon","coordinates":[[[-122.945627,46.134113],[-122.945627,46.134203],[-122.945539,46.13421],[-122.945499,46.134247],[-122.945498,46.134473],[-122.945368,46.134473],[-122.945369,46.134203],[-122.945475,46.134187],[-122.945498,46.134113],[-122.945627,46.134113]]]}},{"type":"Feature","properties":{"id":100,"area_m2":400,"px":4,"rank":91,"persistent":false},"geometry":{"type":"Polygon","coordinates":[[[-122.929187,46.133654],[-122.929187,46.133924],[-122.929057,46.133924],[-122.929035,46.13385],[-122.928928,46.133834],[-122.928928,46.133744],[-122.929035,46.133728],[-122.929058,46.133654],[-122.929187,46.133654]]]}},{"type":"Feature","properties":{"id":102,"area_m2":400,"px":4,"rank":92,"persistent":false},"geometry":{"type":"Polygon","coordinates":[[[-122.928669,46.133654],[-122.928669,46.133744],[-122.928281,46.133744],[-122.928281,46.133654],[-122.928387,46.133638],[-122.92841,46.133564],[-122.92854,46.133564],[-122.928562,46.133638],[-122.928669,46.133654]]]}},{"type":"Feature","properties":{"id":103,"area_m2":400,"px":4,"rank":93,"persistent":false},"geometry":{"type":"Polygon","coordinates":[[[-122.931129,46.133475],[-122.931129,46.133565],[-122.931022,46.133581],[-122.930999,46.133655],[-122.93087,46.133655],[-122.93087,46.133385],[-122.931,46.133385],[-122.931022,46.133459],[-122.931129,46.133475]]]}},{"type":"Feature","properties":{"id":105,"area_m2":400,"px":4,"rank":94,"persistent":false},"geometry":{"type":"Polygon","coordinates":[[[-122.931777,46.133206],[-122.931776,46.133476],[-122.931518,46.133476],[-122.931518,46.133386],[-122.931599,46.133382],[-122.931644,46.133347],[-122.931647,46.133206],[-122.931777,46.133206]]]}},{"type":"Feature","properties":{"id":107,"area_m2":400,"px":4,"rank":95,"persistent":false},"geometry":{"type":"Polygon","coordinates":[[[-122.941486,46.133121],[-122.941486,46.133301],[-122.941227,46.133301],[-122.941227,46.133121],[-122.941486,46.133121]]]}},{"type":"Feature","properties":{"id":113,"area_m2":400,"px":4,"rank":96,"persistent":false},"geometry":{"type":"Polygon","coordinates":[[[-122.937474,46.132399],[-122.937473,46.132579],[-122.937367,46.132595],[-122.937344,46.132669],[-122.937215,46.132669],[-122.937215,46.132489],[-122.937321,46.132473],[-122.937344,46.132399],[-122.937474,46.132399]]]}},{"type":"Feature","properties":{"id":2,"area_m2":300,"px":3,"rank":97,"persistent":false},"geometry":{"type":"Polygon","coordinates":[[[-122.93759,46.144099],[-122.937589,46.144369],[-122.93746,46.144369],[-122.93746,46.144099],[-122.93759,46.144099]]]}},{"type":"Feature","properties":{"id":7,"area_m2":300,"px":3,"rank":98,"persistent":false},"geometry":{"type":"Polygon","coordinates":[[[-122.940828,46.142931],[-122.940828,46.143021],[-122.940721,46.143037],[-122.940698,46.143111],[-122.940569,46.143111],[-122.940569,46.142931],[-122.940828,46.142931]]]}},{"type":"Feature","properties":{"id":12,"area_m2":300,"px":3,"rank":99,"persistent":false},"geometry":{"type":"Polygon","coordinates":[[[-122.938239,46.14248],[-122.938239,46.142569],[-122.937851,46.142569],[-122.937851,46.142479],[-122.938239,46.14248]]]}},{"type":"Feature","properties":{"id":11,"area_m2":300,"px":3,"rank":100,"persistent":false},"geometry":{"type":"Polygon","coordinates":[[[-122.943289,46.142392],[-122.943289,46.142482],[-122.943182,46.142498],[-122.943159,46.142572],[-122.94303,46.142572],[-122.94303,46.142392],[-122.943289,46.142392]]]}},{"type":"Feature","properties":{"id":18,"area_m2":300,"px":3,"rank":101,"persistent":false},"geometry":{"type":"Polygon","coordinates":[[[-122.939146,46.14158],[-122.939146,46.14167],[-122.938758,46.14167],[-122.938758,46.14158],[-122.939146,46.14158]]]}},{"type":"Feature","properties":{"id":22,"area_m2":300,"px":3,"rank":102,"persistent":false},"geometry":{"type":"Polygon","coordinates":[[[-122.943549,46.141222],[-122.943549,46.141312],[-122.943442,46.141328],[-122.943419,46.141402],[-122.94316,46.141402],[-122.943161,46.141312],[-122.943364,46.14131],[-122.943414,46.141279],[-122.94342,46.141222],[-122.943549,46.141222]]]}},{"type":"Feature","properties":{"id":26,"area_m2":300,"px":3,"rank":103,"persistent":false},"geometry":{"type":"Polygon","coordinates":[[[-122.934227,46.140677],[-122.934227,46.140767],[-122.934121,46.140783],[-122.934098,46.140857],[-122.933968,46.140857],[-122.933969,46.140677],[-122.934227,46.140677]]]}},{"type":"Feature","properties":{"id":34,"area_m2":300,"px":3,"rank":104,"persistent":false},"geometry":{"type":"Polygon","coordinates":[[[-122.943162,46.139602],[-122.943162,46.139782],[-122.943055,46.139798],[-122.943032,46.139872],[-122.942903,46.139872],[-122.942903,46.139782],[-122.942985,46.139778],[-122.943029,46.139744],[-122.943033,46.139602],[-122.943162,46.139602]]]}},{"type":"Feature","properties":{"id":42,"area_m2":300,"px":3,"rank":105,"persistent":false},"geometry":{"type":"Polygon","coordinates":[[[-122.937984,46.139059],[-122.937984,46.139149],[-122.937596,46.139149],[-122.937596,46.139059],[-122.937984,46.139059]]]}},{"type":"Feature","properties":{"id":46,"area_m2":300,"px":3,"rank":106,"persistent":false},"geometry":{"type":"Polygon","coordinates":[[[-122.937467,46.138609],[-122.937466,46.138699],[-122.937078,46.138699],[-122.937078,46.138609],[-122.937467,46.138609]]]}},{"type":"Feature","properties":{"id":80,"area_m2":300,"px":3,"rank":107,"persistent":false},"geometry":{"type":"Polygon","coordinates":[[[-122.930738,46.135815],[-122.930737,46.135995],[-122.930631,46.136011],[-122.930608,46.136085],[-122.930479,46.136085],[-122.930479,46.135995],[-122.93056,46.135991],[-122.930605,46.135957],[-122.930608,46.135815],[-122.930738,46.135815]]]}},{"type":"Feature","properties":{"id":84,"area_m2":300,"px":3,"rank":108,"persistent":false},"geometry":{"type":"Polygon","coordinates":[[[-122.93993,46.13555],[-122.939929,46.13582],[-122.9398,46.13582],[-122.9398,46.13555],[-122.93993,46.13555]]]}},{"type":"Feature","properties":{"id":85,"area_m2":300,"px":3,"rank":109,"persistent":false},"geometry":{"type":"Polygon","coordinates":[[[-122.928796,46.135454],[-122.928796,46.135544],[-122.928537,46.135544],[-122.928538,46.135364],[-122.928667,46.135364],[-122.92869,46.135438],[-122.928796,46.135454]]]}},{"type":"Feature","properties":{"id":95,"area_m2":300,"px":3,"rank":110,"persistent":false},"geometry":{"type":"Polygon","coordinates":[[[-122.930351,46.134105],[-122.930351,46.134375],[-122.930222,46.134375],[-122.930222,46.134105],[-122.930351,46.134105]]]}},{"type":"Feature","properties":{"id":101,"area_m2":300,"px":3,"rank":111,"persistent":false},"geometry":{"type":"Polygon","coordinates":[[[-122.930352,46.133565],[-122.930352,46.133655],[-122.930245,46.133671],[-122.930222,46.133745],[-122.930093,46.133745],[-122.930093,46.133565],[-122.930352,46.133565]]]}},{"type":"Feature","properties":{"id":108,"area_m2":300,"px":3,"rank":112,"persistent":false},"geometry":{"type":"Polygon","coordinates":[[[-122.931518,46.133206],[-122.931518,46.133296],[-122.931388,46.133295],[-122.931366,46.133221],[-122.931259,46.133205],[-122.931224,46.133125],[-122.93113,46.133115],[-122.93113,46.133025],[-122.931259,46.133026],[-122.931282,46.1331],[-122.931388,46.133116],[-122.931423,46.133196],[-122.931518,46.133206]]]}},{"type":"Feature","properties":{"id":109,"area_m2":300,"px":3,"rank":113,"persistent":false},"geometry":{"type":"Polygon","coordinates":[[[-122.946147,46.132763],[-122.946147,46.132853],[-122.94604,46.132869],[-122.946017,46.132943],[-122.945888,46.132943],[-122.945888,46.132763],[-122.946147,46.132763]]]}},{"type":"Feature","properties":{"id":114,"area_m2":300,"px":3,"rank":114,"persistent":false},"geometry":{"type":"Polygon","coordinates":[[[-122.928154,46.131764],[-122.928153,46.132033],[-122.928024,46.132033],[-122.928024,46.131763],[-122.928154,46.131764]]]}},{"type":"Feature","properties":{"id":115,"area_m2":300,"px":3,"rank":115,"persistent":false},"geometry":{"type":"Polygon","coordinates":[[[-122.934756,46.131768],[-122.934756,46.131857],[-122.934649,46.131873],[-122.934626,46.131947],[-122.934497,46.131947],[-122.934497,46.131767],[-122.934756,46.131768]]]}},{"type":"Feature","properties":{"id":116,"area_m2":300,"px":3,"rank":116,"persistent":false},"geometry":{"type":"Polygon","coordinates":[[[-122.931519,46.131856],[-122.931519,46.131946],[-122.93126,46.131945],[-122.931261,46.131765],[-122.93139,46.131766],[-122.931413,46.13184],[-122.931519,46.131856]]]}}]}