{"type":"FeatureCollection","features":[{"type":"Feature","properties":{"id":1,"area_m2":1545500,"px":15455,"rank":1,"persistent":false},"geometry":{"type":"Polygon","coordinates":[[[-122.993916,46.132146],[-122.993916,46.132506],[-122.993809,46.132522],[-122.993786,46.132596],[-122.99367,46.13262],[-122.993657,46.132686],[-122.993291,46.132702],[-122.993268,46.132776],[-122.993187,46.13278],[-122.993142,46.132814],[-122.993139,46.133046],[-122.99288,46.133046],[-122.992819,46.133022],[-122.99275,46.133046],[-122.992395,46.133042],[-122.992362,46.133081],[-122.992362,46.133226],[-122.992255,46.133242],[-122.992233,46.133316],[-122.992132,46.133328],[-122.992103,46.133406],[-122.992002,46.133418],[-122.991974,46.133496],[-122.991873,46.133508],[-122.991844,46.133586],[-122.991743,46.133598],[-122.991715,46.133676],[-122.99162,46.133685],[-122.991585,46.133766],[-122.991473,46.133786],[-122.991456,46.133856],[-122.991326,46.133856],[-122.991326,46.133676],[-122.991551,46.133667],[-122.991605,46.133546],[-122.991565,46.133502],[-122.991456,46.133496],[-122.991454,46.133089],[-122.991415,46.133052],[-122.991327,46.133046],[-122.991309,46.132886],[-122.991197,46.132866],[-122.991184,46.1328],[-122.991068,46.132776],[-122.991064,46.132724],[-122.991027,46.132692],[-122.990891,46.132672],[-122.990831,46.132688],[-122.990815,46.132832],[-122.990857,46.132862],[-122.990938,46.132866],[-122.990944,46.133102],[-122.990986,46.133132],[-122.991067,46.133136],[-122.991067,46.133406],[-122.990938,46.133406],[-122.990932,46.133349],[-122.990883,46.133318],[-122.990679,46.133316],[-122.990656,46.133242],[-122.99055,46.133226],[-122.990548,46.132819],[-122.990509,46.132782],[-122.99042,46.132776],[-122.990407,46.13262],[-122.99035,46.132596],[-122.990032,46.132596],[-122.990023,46.132354],[-122.989857,46.132303],[-122.989791,46.132312],[-122.989738,46.132368],[-122.989773,46.132416],[-122.989773,46.132596],[-122.989678,46.132605],[-122.989644,46.132686],[-122.989569,46.132688],[-122.989523,46.132714],[-122.989514,46.132866],[-122.989433,46.13287],[-122.989391,46.132899],[-122.989365,46.133085],[-122.989427,46.133135],[-122.989773,46.133136],[-122.989774,46.133362],[-122.989814,46.133399],[-122.989902,46.133406],[-122.989902,46.133496],[-122.989672,46.133508],[-122.989644,46.133544],[-122.989644,46.133641],[-122.989704,46.133688],[-122.989902,46.133676],[-122.989902,46.133946],[-122.989432,46.13395],[-122.989386,46.133989],[-122.989384,46.134126],[-122.989255,46.134126],[-122.989255,46.133814],[-122.989214,46.133772],[-122.988867,46.133766],[-122.988832,46.133685],[-122.988685,46.133676],[-122.988621,46.1337],[-122.988608,46.133765],[-122.988372,46.133781],[-122.988349,46.13382],[-122.988358,46.134277],[-122.988419,46.134305],[-122.988866,46.134306],[-122.988889,46.13438],[-122.988996,46.134396],[-122.988996,46.134576],[-122.988867,46.134576],[-122.988805,46.134551],[-122.988737,46.134576],[-122.988478,46.134575],[-122.988465,46.13451],[-122.9884,46.134486],[-122.988145,46.134488],[-122.988096,46.134519],[-122.98809,46.134575],[-122.98796,46.134575],[-122.987954,46.134519],[-122.987905,46.134488],[-122.987489,46.134476],[-122.987444,46.134515],[-122.987443,46.134617],[-122.987483,46.134659],[-122.987572,46.134666],[-122.987572,46.135025],[-122.987373,46.135013],[-122.987313,46.13506],[-122.987326,46.135181],[-122.987442,46.135207],[-122.987442,46.135295],[-122.987361,46.1353],[-122.987316,46.135334],[-122.987316,46.135527],[-122.987368,46.135563],[-122.987517,46.135563],[-122.987566,46.135532],[-122.987572,46.135476],[-122.987653,46.135471],[-122.987695,46.135442],[-122.987701,46.135206],[-122.987783,46.135201],[-122.987827,46.135167],[-122.987831,46.134846],[-122.98796,46.134846],[-122.98796,46.135294],[-122.987925,46.135338],[-122.98796,46.135386],[-122.987962,46.135522],[-122.988001,46.135559],[-122.988089,46.135566],[-122.988118,46.135643],[-122.988219,46.135656],[-122.988219,46.135745],[-122.987701,46.135745],[-122.987625,46.135722],[-122.987471,46.135758],[-122.987442,46.135835],[-122.987313,46.135835],[-122.987296,46.135662],[-122.987238,46.135642],[-122.987095,46.135662],[-122.987055,46.135699],[-122.987054,46.135835],[-122.986959,46.135845],[-122.986924,46.135925],[-122.98683,46.135928],[-122.98678,46.13596],[-122.986795,46.136195],[-122.986559,46.136211],[-122.986536,46.136285],[-122.986441,46.136294],[-122.986406,46.136375],[-122.98629,46.136399],[-122.986277,46.136555],[-122.98617,46.136571],[-122.986147,46.136645],[-122.986031,46.136669],[-122.986018,46.136735],[-122.985759,46.136735],[-122.985746,46.136669],[-122.98563,46.136645],[-122.985595,46.136564],[-122.985371,46.136555],[-122.985371,46.136375],[-122.9855,46.136375],[-122.985513,46.136441],[-122.985629,46.136465],[-122.985635,46.136522],[-122.985685,46.136553],[-122.985888,46.136555],[-122.985957,46.136579],[-122.986099,46.136551],[-122.986147,46.136507],[-122.986148,46.136285],[-122.986222,46.136283],[-122.986268,46.136257],[-122.986271,46.136139],[-122.986229,46.136109],[-122.986148,46.136105],[-122.986138,46.136044],[-122.986085,46.136016],[-122.985923,46.136024],[-122.985888,46.136105],[-122.985502,46.136105],[-122.985497,46.136054],[-122.985459,46.136022],[-122.985241,46.136015],[-122.985219,46.135941],[-122.985112,46.135925],[-122.985089,46.135761],[-122.984853,46.135745],[-122.98483,46.135671],[-122.984724,46.135655],[-122.984723,46.135524],[-122.984689,46.135484],[-122.984465,46.135475],[-122.984465,46.135385],[-122.984661,46.135384],[-122.984714,46.135357],[-122.984724,46.135115],[-122.984856,46.135095],[-122.984872,46.135054],[-122.984841,46.135015],[-122.984784,46.135001],[-122.984713,46.135036],[-122.984594,46.135025],[-122.984588,46.134878],[-122.984546,46.134849],[-122.984465,46.134845],[-122.984459,46.134788],[-122.984417,46.134759],[-122.984274,46.134731],[-122.984206,46.134755],[-122.983688,46.134755],[-122.983654,46.134674],[-122.983487,46.134665],[-122.983412,46.134705],[-122.983429,46.134845],[-122.983348,46.134849],[-122.983306,46.134878],[-122.9833,46.135025],[-122.98317,46.135025],[-122.983153,46.134955],[-122.983041,46.134935],[-122.983006,46.134854],[-122.982911,46.134845],[-122.982883,46.134767],[-122.982782,46.134755],[-122.982753,46.134677],[-122.982653,46.134665],[-122.982624,46.134587],[-122.982394,46.134575],[-122.982371,46.134501],[-122.982264,46.134485],[-122.982264,46.134395],[-122.982468,46.134392],[-122.982523,46.134346],[-122.98252,46.134163],[-122.982475,46.134129],[-122.982394,46.134125],[-122.982393,46.133993],[-122.982365,46.133957],[-122.982135,46.133945],[-122.982131,46.133893],[-122.982094,46.133861],[-122.981876,46.133855],[-122.981841,46.133774],[-122.981687,46.133765],[-122.98162,46.133803],[-122.981617,46.133945],[-122.98151,46.13396],[-122.981487,46.134035],[-122.981358,46.134035],[-122.981345,46.133879],[-122.981229,46.133855],[-122.981194,46.133774],[-122.981099,46.133764],[-122.981099,46.133675],[-122.981229,46.133675],[-122.981238,46.133736],[-122.981291,46.133764],[-122.981445,46.133764],[-122.981495,46.13374],[-122.981482,46.133618],[-122.98144,46.133589],[-122.981358,46.133585],[-122.981358,46.133495],[-122.981433,46.133492],[-122.981479,46.133466],[-122.981488,46.133315],[-122.981569,46.133311],[-122.981614,46.133276],[-122.981617,46.133135],[-122.981876,46.133135],[-122.981937,46.133159],[-122.982006,46.133135],[-122.982135,46.133135],[-122.982204,46.133159],[-122.982359,46.133126],[-122.982394,46.133045],[-122.982489,46.133036],[-122.982524,46.132955],[-122.982598,46.132952],[-122.982644,46.132926],[-122.982653,46.132775],[-122.982857,46.132772],[-122.982906,46.132741],[-122.982912,46.132685],[-122.983142,46.132673],[-122.983171,46.132636],[-122.983171,46.132505],[-122.983509,46.132505],[-122.983557,46.132488],[-122.983579,46.132444],[-122.983531,46.132337],[-122.983369,46.132301],[-122.9833,46.132325],[-122.983171,46.132325],[-122.98311,46.132301],[-122.983041,46.132325],[-122.982912,46.132325],[-122.982903,46.131993],[-122.982857,46.131967],[-122.982783,46.131965],[-122.982779,46.131913],[-122.982742,46.131881],[-122.982584,46.131862],[-122.98253,46.131895],[-122.982524,46.131965],[-122.982315,46.131965],[-122.982262,46.131985],[-122.982265,46.132145],[-122.982047,46.132151],[-122.982009,46.132183],[-122.982004,46.132235],[-122.981877,46.132235],[-122.981871,46.132178],[-122.981829,46.132149],[-122.981673,46.132147],[-122.981623,46.132178],[-122.981617,46.132235],[-122.981407,46.132239],[-122.981365,46.132268],[-122.981359,46.132325],[-122.981242,46.132349],[-122.981229,46.132451],[-122.981252,46.132489],[-122.981488,46.132505],[-122.981488,46.132683],[-122.981376,46.132704],[-122.981358,46.132865],[-122.981277,46.132869],[-122.981232,46.132903],[-122.981194,46.132997],[-122.981229,46.133045],[-122.981229,46.133225],[-122.980841,46.133224],[-122.980823,46.133154],[-122.980711,46.133134],[-122.980693,46.133064],[-122.980582,46.133044],[-122.980572,46.132983],[-122.980519,46.132955],[-122.980357,46.132964],[-122.980323,46.133044],[-122.980064,46.133044],[-122.980083,46.132909],[-122.980022,46.132865],[-122.979845,46.132857],[-122.979808,46.132889],[-122.979805,46.132954],[-122.979546,46.132954],[-122.979528,46.132884],[-122.979417,46.132864],[-122.979382,46.132783],[-122.979287,46.132774],[-122.979259,46.132696],[-122.979158,46.132684],[-122.979129,46.132606],[-122.979028,46.132594],[-122.979,46.132516],[-122.978899,46.132504],[-122.978871,46.132426],[-122.97864,46.132414],[-122.978622,46.132344],[-122.978511,46.132324],[-122.978476,46.132243],[-122.978381,46.132234],[-122.978353,46.132156],[-122.978252,46.132144],[-122.978223,46.132066],[-122.978122,46.132054],[-122.978094,46.131976],[-122.977993,46.131964],[-122.977965,46.131886],[-122.977864,46.131874],[-122.977841,46.1318],[-122.977605,46.131784],[-122.977582,46.13171],[-122.977475,46.131694],[-122.977458,46.131624],[-122.977346,46.131604],[-122.977311,46.131523],[-122.977217,46.131514],[-122.977188,46.131436],[-122.977087,46.131424],[-122.977087,46.131334],[-122.977216,46.131334],[-122.97723,46.1314],[-122.977346,46.131424],[-122.977349,46.131476],[-122.977387,46.131507],[-122.977536,46.131538],[-122.977693,46.131508],[-122.977731,46.131476],[-122.977734,46.131424],[-122.977829,46.131415],[-122.977864,46.131334],[-122.977938,46.131332],[-122.977984,46.131305],[-122.977993,46.131154],[-122.978182,46.131154],[-122.978239,46.13113],[-122.978252,46.131014],[-122.97823,46.130977],[-122.978177,46.13096],[-122.977477,46.130974],[-122.977415,46.13095],[-122.977346,46.130974],[-122.977217,46.130974],[-122.977213,46.130922],[-122.977176,46.13089],[-122.976958,46.130884],[-122.976929,46.130806],[-122.976699,46.130794],[-122.976693,46.130737],[-122.976651,46.130708],[-122.97644,46.130704],[-122.976417,46.130629],[-122.976311,46.130614],[-122.976293,46.130543],[-122.976181,46.130524],[-122.976147,46.130443],[-122.976052,46.130433],[-122.976023,46.130356],[-122.975923,46.130343],[-122.975923,46.130254],[-122.976052,46.130254],[-122.976065,46.13032],[-122.976181,46.130344],[-122.976185,46.130395],[-122.976222,46.130427],[-122.97652,46.130433],[-122.976588,46.130389],[-122.97657,46.130254],[-122.977046,46.130247],[-122.977086,46.13021],[-122.977086,46.130117],[-122.977047,46.13008],[-122.976958,46.130074],[-122.976958,46.129894],[-122.977171,46.129903],[-122.977214,46.129869],[-122.977217,46.129804],[-122.977564,46.129797],[-122.977602,46.129766],[-122.977623,46.129664],[-122.977578,46.129628],[-122.977476,46.129624],[-122.977475,46.129487],[-122.977421,46.129446],[-122.977265,46.129448],[-122.977223,46.129477],[-122.977217,46.129534],[-122.977088,46.129534],[-122.97707,46.129463],[-122.976958,46.129444],[-122.976941,46.129373],[-122.976829,46.129354],[-122.976811,46.129283],[-122.9767,46.129264],[-122.976682,46.129193],[-122.97657,46.129174],[-122.976557,46.129108],[-122.976441,46.129084],[-122.976437,46.129032],[-122.9764,46.129],[-122.97625,46.128969],[-122.976182,46.128994],[-122.975923,46.128993],[-122.9759,46.128919],[-122.975794,46.128903],[-122.975759,46.128823],[-122.975664,46.128812],[-122.975664,46.128724],[-122.975853,46.128723],[-122.97591,46.1287],[-122.97591,46.128568],[-122.975794,46.128543],[-122.975759,46.128463],[-122.975664,46.128453],[-122.975636,46.128376],[-122.975535,46.128363],[-122.975507,46.128286],[-122.975406,46.128273],[-122.975377,46.128196],[-122.975276,46.128183],[-122.975248,46.128106],[-122.975147,46.128093],[-122.975124,46.128019],[-122.975017,46.128003],[-122.974995,46.127929],[-122.974888,46.127913],[-122.974865,46.127839],[-122.974759,46.127823],[-122.974758,46.127692],[-122.97473,46.127655],[-122.974433,46.127644],[-122.974379,46.127672],[-122.97437,46.127733],[-122.974243,46.127733],[-122.974237,46.127681],[-122.9742,46.127649],[-122.974016,46.127652],[-122.973982,46.127733],[-122.973866,46.127757],[-122.973852,46.127823],[-122.973741,46.127843],[-122.973723,46.127913],[-122.973527,46.127914],[-122.97347,46.127946],[-122.973473,46.128064],[-122.973519,46.128091],[-122.973593,46.128093],[-122.973593,46.128363],[-122.973334,46.128363],[-122.973258,46.128339],[-122.97317,46.128405],[-122.973222,46.128523],[-122.973334,46.128543],[-122.973334,46.128723],[-122.973232,46.128727],[-122.973188,46.128763],[-122.973218,46.128879],[-122.973334,46.128903],[-122.973369,46.128984],[-122.973463,46.128993],[-122.973492,46.129071],[-122.973593,46.129083],[-122.973621,46.129161],[-122.973722,46.129173],[-122.973751,46.129251],[-122.973981,46.129263],[-122.974004,46.129337],[-122.974111,46.129353],[-122.974124,46.129509],[-122.97424,46.129533],[-122.974274,46.129614],[-122.974369,46.129623],[-122.974398,46.129701],[-122.974499,46.129713],[-122.974499,46.129803],[-122.974369,46.129803],[-122.974352,46.129733],[-122.97424,46.129713],[-122.974205,46.129632],[-122.974111,46.129623],[-122.974082,46.129545],[-122.973981,46.129533],[-122.973953,46.129455],[-122.973852,46.129443],[-122.973823,46.129365],[-122.973722,46.129353],[-122.973694,46.129275],[-122.973463,46.129263],[-122.973446,46.129193],[-122.973334,46.129173],[-122.9733,46.129092],[-122.973205,46.129083],[-122.973176,46.129005],[-122.973075,46.128993],[-122.973047,46.128915],[-122.972946,46.128903],[-122.972917,46.128825],[-122.972816,46.128813],[-122.972788,46.128735],[-122.972687,46.128723],[-122.972664,46.128649],[-122.972428,46.128633],[-122.972405,46.128559],[-122.972299,46.128543],[-122.972281,46.128472],[-122.972169,46.128453],[-122.972135,46.128372],[-122.97204,46.128363],[-122.972012,46.128285],[-122.971911,46.128273],[-122.971882,46.128195],[-122.971781,46.128182],[-122.971753,46.128105],[-122.971652,46.128092],[-122.971652,46.128003],[-122.971781,46.128003],[-122.971794,46.128069],[-122.971911,46.128093],[-122.971939,46.12817],[-122.972169,46.128183],[-122.972175,46.128239],[-122.972217,46.128269],[-122.972495,46.128272],[-122.972556,46.128229],[-122.97254,46.128112],[-122.972429,46.128093],[-122.972394,46.128012],[-122.972299,46.128003],[-122.972271,46.127925],[-122.97217,46.127913],[-122.972141,46.127835],[-122.97204,46.127823],[-122.972012,46.127745],[-122.971652,46.127732],[-122.971629,46.127658],[-122.971523,46.127642],[-122.971542,46.127518],[-122.971521,46.127479],[-122.971393,46.127462],[-122.971387,46.127406],[-122.971345,46.127377],[-122.971134,46.127372],[-122.971112,46.127298],[-122.971005,46.127282],[-122.971005,46.127192],[-122.971331,46.127191],[-122.971392,46.127149],[-122.971392,46.127042],[-122.97136,46.127008],[-122.971135,46.127012],[-122.971135,46.126832],[-122.971251,46.126808],[-122.971264,46.126652],[-122.971371,46.126637],[-122.971394,46.126562],[-122.971582,46.126562],[-122.971635,46.126543],[-122.971653,46.126383],[-122.971841,46.126382],[-122.971894,46.126363],[-122.971912,46.126203],[-122.972014,46.126198],[-122.972058,46.126163],[-122.972041,46.126023],[-122.972171,46.126023],[-122.972239,46.126047],[-122.97232,46.12601],[-122.9723,46.125843],[-122.972613,46.125857],[-122.972671,46.125836],[-122.972723,46.12571],[-122.972689,46.125663],[-122.972708,46.125533],[-122.972681,46.125496],[-122.972498,46.125459],[-122.972348,46.125487],[-122.972306,46.125516],[-122.9723,46.125573],[-122.972184,46.125597],[-122.972171,46.125663],[-122.972041,46.125663],[-122.972026,46.12558],[-122.972123,46.125568],[-122.972167,46.125534],[-122.972169,46.125346],[-122.972108,46.125304],[-122.971947,46.125312],[-122.971912,46.125351],[-122.971928,46.125565],[-122.971811,46.125585],[-122.971782,46.125662],[-122.971688,46.125672],[-122.971653,46.125752],[-122.971571,46.125757],[-122.971527,46.125791],[-122.971537,46.125908],[-122.971653,46.125933],[-122.971653,46.126112],[-122.971394,46.126112],[-122.971325,46.126088],[-122.971163,46.126125],[-122.971135,46.126161],[-122.971135,46.126292],[-122.970899,46.126308],[-122.970876,46.126472],[-122.970769,46.126488],[-122.970746,46.126562],[-122.97063,46.126586],[-122.970617,46.126652],[-122.96997,46.126652],[-122.969947,46.126578],[-122.96984,46.126561],[-122.969841,46.126292],[-122.969915,46.12629],[-122.969961,46.126264],[-122.96999,46.126168],[-122.969968,46.126129],[-122.96992,46.126112],[-122.96963,46.126116],[-122.969583,46.126155],[-122.969582,46.126292],[-122.969452,46.126292],[-122.969435,46.126222],[-122.969323,46.126202],[-122.969288,46.126121],[-122.969194,46.126112],[-122.969165,46.126034],[-122.968935,46.126022],[-122.968917,46.125952],[-122.968805,46.125932],[-122.968771,46.125851],[-122.968676,46.125842],[-122.968647,46.125764],[-122.968547,46.125752],[-122.968518,46.125674],[-122.968417,46.125662],[-122.968389,46.125584],[-122.968158,46.125571],[-122.968136,46.125497],[-122.968029,46.125481],[-122.967994,46.125401],[-122.9679,46.125391],[-122.967894,46.125245],[-122.967852,46.125216],[-122.96777,46.125211],[-122.967747,46.125137],[-122.967511,46.125121],[-122.967531,46.124992],[-122.967504,46.124954],[-122.967253,46.124941],[-122.967247,46.124885],[-122.967197,46.124854],[-122.966994,46.124851],[-122.966981,46.124605],[-122.966865,46.124581],[-122.96683,46.1245],[-122.966735,46.124491],[-122.966707,46.124413],[-122.966606,46.124401],[-122.966593,46.124245],[-122.966476,46.124221],[-122.966442,46.12414],[-122.966347,46.124131],[-122.966344,46.123989],[-122.966299,46.123955],[-122.966218,46.123951],[-122.966218,46.123861],[-122.966324,46.123845],[-122.966347,46.123771],[-122.966464,46.123747],[-122.966477,46.123681],[-122.966606,46.123681],[-122.966615,46.123743],[-122.966669,46.12377],[-122.966805,46.123784],[-122.966863,46.123741],[-122.966847,46.123611],[-122.966736,46.123591],[-122.966701,46.12351],[-122.966606,46.123501],[-122.966578,46.123423],[-122.966477,46.123411],[-122.966477,46.123231],[-122.966572,46.123222],[-122.966607,46.123141],[-122.966723,46.123117],[-122.966736,46.123001],[-122.966714,46.122964],[-122.966653,46.122947],[-122.966518,46.122967],[-122.96648,46.122999],[-122.966477,46.123051],[-122.966361,46.123075],[-122.966347,46.123141],[-122.966241,46.123157],[-122.966218,46.123321],[-122.966111,46.123337],[-122.966088,46.123411],[-122.965571,46.123411],[-122.965536,46.12333],[-122.965362,46.123321],[-122.965293,46.123366],[-122.965312,46.123501],[-122.965183,46.123501],[-122.96516,46.123426],[-122.965053,46.123411],[-122.965019,46.12333],[-122.964924,46.123321],[-122.964924,46.123231],[-122.964958,46.123183],[-122.964924,46.123141],[-122.964922,46.123004],[-122.964883,46.122967],[-122.964795,46.12296],[-122.964777,46.1228],[-122.964604,46.122756],[-122.964536,46.12278],[-122.964406,46.12278],[-122.964403,46.122729],[-122.964365,46.122697],[-122.964148,46.12269],[-122.964138,46.122539],[-122.964092,46.122513],[-122.964018,46.12251],[-122.963984,46.122429],[-122.963873,46.122413],[-122.963883,46.122274],[-122.963841,46.122244],[-122.96376,46.12224],[-122.963725,46.122159],[-122.963569,46.122126],[-122.963412,46.122156],[-122.963373,46.122194],[-122.963375,46.122292],[-122.963419,46.122326],[-122.9635,46.12233],[-122.963504,46.122382],[-122.963542,46.122414],[-122.963775,46.122428],[-122.963765,46.122657],[-122.963807,46.122686],[-122.963889,46.12269],[-122.963923,46.122771],[-122.964018,46.12278],[-122.964018,46.12287],[-122.963889,46.12287],[-122.963871,46.1228],[-122.963759,46.12278],[-122.963742,46.12271],[-122.96363,46.12269],[-122.963612,46.12262],[-122.9635,46.1226],[-122.963487,46.122534],[-122.963371,46.12251],[-122.963337,46.122429],[-122.962983,46.12242],[-122.962965,46.12226],[-122.962854,46.12224],[-122.962819,46.122159],[-122.962724,46.12215],[-122.962696,46.122072],[-122.962595,46.12206],[-122.962566,46.121982],[-122.962465,46.12197],[-122.962437,46.121892],[-122.962336,46.12188],[-122.962308,46.121802],[-122.962077,46.12179],[-122.962077,46.121658],[-122.962049,46.121622],[-122.961689,46.121609],[-122.961689,46.121478],[-122.961661,46.121442],[-122.96143,46.121429],[-122.961408,46.121355],[-122.961301,46.121339],[-122.961266,46.121258],[-122.961172,46.121249],[-122.961168,46.121184],[-122.961132,46.121152],[-122.960913,46.121159],[-122.960904,46.121008],[-122.960858,46.120982],[-122.960784,46.120979],[-122.960774,46.120738],[-122.960729,46.120711],[-122.960654,46.120709],[-122.96062,46.120628],[-122.960525,46.120619],[-122.960522,46.120477],[-122.960477,46.120443],[-122.960396,46.120439],[-122.960387,46.120288],[-122.960341,46.120261],[-122.960266,46.120259],[-122.960232,46.120178],[-122.960137,46.120169],[-122.960109,46.120091],[-122.959878,46.120079],[-122.959865,46.120013],[-122.959749,46.119989],[-122.959743,46.119932],[-122.959701,46.119903],[-122.959558,46.119875],[-122.95949,46.119899],[-122.959361,46.119899],[-122.959338,46.119824],[-122.959231,46.119809],[-122.959218,46.119743],[-122.959102,46.119719],[-122.959074,46.119641],[-122.958973,46.119628],[-122.958971,46.119492],[-122.958932,46.119455],[-122.958769,46.119451],[-122.95872,46.119482],[-122.958714,46.119538],[-122.958586,46.119538],[-122.958581,46.119487],[-122.958543,46.119455],[-122.958326,46.119448],[-122.958308,46.119378],[-122.958196,46.119358],[-122.958162,46.119277],[-122.958067,46.119268],[-122.958038,46.11919],[-122.957938,46.119178],[-122.957909,46.1191],[-122.957808,46.119088],[-122.957785,46.119014],[-122.957549,46.118998],[-122.957532,46.118928],[-122.95742,46.118908],[-122.957407,46.118842],[-122.957291,46.118818],[-122.957256,46.118737],[-122.956773,46.118728],[-122.95675,46.118654],[-122.956644,46.118638],[-122.956631,46.118572],[-122.956514,46.118548],[-122.956486,46.11847],[-122.956385,46.118457],[-122.956385,46.118368],[-122.95642,46.11832],[-122.956368,46.118207],[-122.956256,46.118187],[-122.95625,46.118131],[-122.956208,46.118102],[-122.955997,46.118097],[-122.955979,46.117937],[-122.955927,46.117918],[-122.955738,46.117917],[-122.955725,46.117761],[-122.955609,46.117737],[-122.955575,46.117656],[-122.95548,46.117647],[-122.95548,46.117557],[-122.955575,46.117548],[-122.955609,46.117467],[-122.955716,46.117451],[-122.955771,46.117345],[-122.955739,46.117287],[-122.955739,46.116886],[-122.955698,46.116844],[-122.95561,46.116837],[-122.955592,46.116587],[-122.955481,46.116567],[-122.955475,46.116511],[-122.955433,46.116481],[-122.955222,46.116477],[-122.955222,46.116332],[-122.955195,46.116296],[-122.954767,46.116298],[-122.954713,46.116325],[-122.954704,46.116387],[-122.954474,46.116399],[-122.954445,46.116477],[-122.954344,46.116489],[-122.954316,46.116567],[-122.954221,46.116576],[-122.954186,46.116657],[-122.95407,46.116681],[-122.954057,46.116837],[-122.953962,46.116846],[-122.953927,46.116926],[-122.953811,46.116951],[-122.953798,46.117106],[-122.953668,46.117106],[-122.953676,46.116771],[-122.953619,46.116747],[-122.95341,46.116746],[-122.953404,46.11669],[-122.953362,46.11666],[-122.952116,46.116656],[-122.952116,46.116566],[-122.952197,46.116562],[-122.952242,46.116528],[-122.952245,46.116386],[-122.952352,46.11637],[-122.952375,46.116296],[-122.95247,46.116287],[-122.952504,46.116206],[-122.952616,46.116186],[-122.952634,46.116116],[-122.952823,46.116116],[-122.952879,46.116092],[-122.952927,46.115984],[-122.952893,46.115936],[-122.952893,46.115666],[-122.953082,46.115666],[-122.953134,46.115646],[-122.953152,46.115486],[-122.953233,46.115482],[-122.953278,46.115448],[-122.953282,46.115306],[-122.953492,46.115302],[-122.953534,46.115273],[-122.95354,46.115216],[-122.953771,46.115204],[-122.953799,46.115127],[-122.954132,46.115124],[-122.954182,46.115093],[-122.954188,46.115037],[-122.954404,46.115036],[-122.954458,46.115007],[-122.954438,46.114705],[-122.954384,46.114678],[-122.954188,46.114677],[-122.954179,46.114525],[-122.954133,46.114499],[-122.954059,46.114497],[-122.954059,46.113957],[-122.954166,46.113941],[-122.954189,46.113867],[-122.954554,46.113851],[-122.954577,46.113597],[-122.954706,46.113597],[-122.954712,46.113667],[-122.95476,46.113698],[-122.954937,46.113675],[-122.954965,46.113638],[-122.954965,46.113507],[-122.955072,46.113491],[-122.955097,46.113417],[-122.955354,46.113417],[-122.955353,46.113687],[-122.955237,46.113711],[-122.955207,46.113827],[-122.955251,46.113863],[-122.955353,46.113867],[-122.955357,46.113919],[-122.955394,46.113951],[-122.955564,46.113953],[-122.955612,46.113908],[-122.955612,46.113687],[-122.955687,46.113685],[-122.955733,46.113659],[-122.955742,46.113507],[-122.955966,46.113498],[-122.956001,46.113417],[-122.956117,46.113393],[-122.95613,46.113327],[-122.956348,46.113321],[-122.956386,46.113289],[-122.956389,46.113238],[-122.956648,46.113238],[-122.956651,46.113289],[-122.956689,46.113321],[-122.956907,46.113328],[-122.956916,46.113479],[-122.956962,46.113505],[-122.957036,46.113508],[-122.95707,46.113589],[-122.957165,46.113598],[-122.957171,46.113744],[-122.957213,46.113774],[-122.957294,46.113778],[-122.957329,46.113859],[-122.957553,46.113868],[-122.957571,46.113938],[-122.957683,46.113958],[-122.957692,46.114019],[-122.957745,46.114047],[-122.958023,46.114044],[-122.958065,46.114015],[-122.958071,46.113958],[-122.958457,46.113958],[-122.958462,46.11401],[-122.9585,46.114042],[-122.958718,46.114048],[-122.958718,46.114228],[-122.958601,46.114252],[-122.95859,46.114365],[-122.958629,46.114402],[-122.958717,46.114408],[-122.958746,46.114486],[-122.958847,46.114498],[-122.958853,46.114555],[-122.958902,46.114586],[-122.959037,46.114613],[-122.95918,46.114586],[-122.959229,46.114555],[-122.959235,46.114499],[-122.959561,46.114498],[-122.959614,46.11447],[-122.959624,46.114409],[-122.959753,46.114409],[-122.959776,46.114483],[-122.959882,46.114499],[-122.959917,46.11458],[-122.960011,46.114589],[-122.960011,46.114679],[-122.95993,46.114683],[-122.959885,46.114717],[-122.959905,46.114843],[-122.960093,46.114855],[-122.960135,46.114826],[-122.960141,46.114769],[-122.960529,46.114769],[-122.960532,46.114911],[-122.960577,46.114945],[-122.960658,46.114949],[-122.96066,46.115086],[-122.960706,46.115125],[-122.960869,46.115125],[-122.960911,46.115096],[-122.960917,46.115039],[-122.961029,46.115019],[-122.961047,46.114859],[-122.961516,46.114855],[-122.961558,46.114826],[-122.961564,46.114769],[-122.961681,46.114745],[-122.961694,46.114679],[-122.961823,46.114679],[-122.961829,46.114736],[-122.961878,46.114767],[-122.962048,46.11476],[-122.962081,46.114726],[-122.962081,46.114633],[-122.962041,46.114596],[-122.961953,46.114589],[-122.961953,46.11441],[-122.962171,46.114403],[-122.962208,46.114371],[-122.962214,46.11432],[-122.962341,46.11432],[-122.962347,46.114376],[-122.962389,46.114406],[-122.962552,46.114406],[-122.962598,46.114366],[-122.9626,46.11423],[-122.962729,46.11423],[-122.962735,46.1143],[-122.96279,46.114332],[-122.962933,46.114317],[-122.962979,46.114291],[-122.962975,46.114164],[-122.962859,46.11414],[-122.962824,46.114059],[-122.96273,46.11405],[-122.96273,46.11378],[-122.962804,46.113777],[-122.96285,46.113751],[-122.962856,46.113625],[-122.962769,46.113587],[-122.962629,46.113612],[-122.9626,46.11369],[-122.962343,46.11369],[-122.962338,46.113638],[-122.962301,46.113606],[-122.962083,46.113599],[-122.962074,46.113358],[-122.962028,46.113332],[-122.961954,46.113329],[-122.961919,46.113249],[-122.961824,46.113239],[-122.961811,46.113083],[-122.961695,46.113059],[-122.961661,46.112978],[-122.961566,46.112969],[-122.961557,46.112818],[-122.961511,46.112792],[-122.961436,46.112789],[-122.961437,46.112519],[-122.961654,46.112513],[-122.961692,46.112481],[-122.961695,46.112429],[-122.961784,46.112423],[-122.961823,46.112386],[-122.961819,46.112193],[-122.961777,46.112163],[-122.961696,46.112159],[-122.961678,46.111999],[-122.961566,46.111978],[-122.961566,46.111889],[-122.961648,46.111885],[-122.961692,46.111851],[-122.961696,46.111709],[-122.961777,46.111705],[-122.961819,46.111676],[-122.961812,46.111553],[-122.961634,46.111516],[-122.961572,46.111549],[-122.961566,46.111619],[-122.961308,46.111619],[-122.961247,46.111595],[-122.961178,46.111619],[-122.96092,46.111619],[-122.960919,46.111398],[-122.960891,46.111361],[-122.960729,46.111325],[-122.960661,46.111349],[-122.960402,46.111349],[-122.960402,46.111169],[-122.960519,46.111145],[-122.96053,46.111032],[-122.960469,46.11099],[-122.960273,46.110989],[-122.960273,46.110809],[-122.960347,46.110807],[-122.960393,46.11078],[-122.960403,46.110629],[-122.960509,46.110613],[-122.960532,46.110539],[-122.960633,46.110527],[-122.960662,46.110449],[-122.960756,46.11044],[-122.960791,46.110359],[-122.960903,46.110339],[-122.960921,46.110269],[-122.96105,46.110269],[-122.961078,46.110347],[-122.96124,46.110383],[-122.96141,46.110347],[-122.961438,46.110269],[-122.961697,46.110269],[-122.961719,46.110537],[-122.961772,46.110553],[-122.961955,46.110539],[-122.961959,46.110591],[-122.961997,46.110623],[-122.962214,46.11063],[-122.962214,46.110989],[-122.962179,46.111032],[-122.962214,46.11108],[-122.962214,46.111259],[-122.96214,46.111262],[-122.962094,46.111288],[-122.962084,46.111439],[-122.96205,46.111482],[-122.962102,46.1116],[-122.962214,46.11162],[-122.962213,46.111709],[-122.961996,46.111716],[-122.961958,46.111748],[-122.961955,46.111799],[-122.96186,46.111808],[-122.961825,46.111853],[-122.961831,46.112036],[-122.961873,46.112065],[-122.961954,46.112069],[-122.961989,46.11215],[-122.962084,46.11216],[-122.962097,46.112315],[-122.962154,46.112339],[-122.962342,46.11234],[-122.962352,46.112491],[-122.962397,46.112517],[-122.962472,46.11252],[-122.962481,46.112581],[-122.962534,46.112609],[-122.962829,46.112629],[-122.962894,46.112573],[-122.96286,46.11252],[-122.96286,46.11243],[-122.963119,46.11243],[-122.963142,46.112594],[-122.963248,46.11261],[-122.963261,46.112676],[-122.963377,46.1127],[-122.963381,46.112752],[-122.963419,46.112784],[-122.963636,46.11279],[-122.963659,46.112864],[-122.963766,46.11288],[-122.963783,46.11295],[-122.963895,46.11297],[-122.963929,46.113051],[-122.964024,46.11306],[-122.964053,46.113138],[-122.964154,46.11315],[-122.964182,46.113228],[-122.964283,46.11324],[-122.964292,46.113392],[-122.964338,46.113418],[-122.964412,46.11342],[-122.96443,46.113581],[-122.964542,46.1136],[-122.964545,46.114102],[-122.964604,46.114139],[-122.9648,46.11414],[-122.964809,46.114292],[-122.964855,46.114318],[-122.964929,46.11432],[-122.964947,46.114481],[-122.965059,46.114501],[-122.965072,46.114836],[-122.965129,46.11486],[-122.965317,46.114861],[-122.965335,46.114931],[-122.965447,46.114951],[-122.96546,46.115017],[-122.965576,46.115041],[-122.965579,46.115092],[-122.965617,46.115124],[-122.965835,46.115131],[-122.965857,46.115205],[-122.965964,46.115221],[-122.965977,46.115287],[-122.966093,46.115311],[-122.966122,46.115389],[-122.966223,46.115401],[-122.96622,46.11556],[-122.966352,46.115581],[-122.966352,46.115761],[-122.966156,46.115762],[-122.966099,46.115794],[-122.966106,46.116007],[-122.966163,46.116031],[-122.966481,46.116031],[-122.966504,46.116105],[-122.966611,46.116121],[-122.966645,46.116202],[-122.96674,46.116211],[-122.966762,46.116388],[-122.966815,46.116405],[-122.966999,46.116391],[-122.967021,46.116465],[-122.967128,46.116481],[-122.967163,46.116562],[-122.967257,46.116571],[-122.96728,46.116825],[-122.967448,46.116865],[-122.967516,46.116841],[-122.967645,46.116841],[-122.967668,46.116915],[-122.967775,46.116931],[-122.967775,46.117111],[-122.96774,46.117159],[-122.967803,46.117279],[-122.967978,46.117289],[-122.968028,46.117258],[-122.968034,46.117201],[-122.968163,46.117201],[-122.968163,46.117291],[-122.968128,46.117339],[-122.968186,46.117456],[-122.968551,46.117472],[-122.968574,46.117636],[-122.96881,46.117652],[-122.96881,46.118048],[-122.968832,46.118086],[-122.969015,46.118113],[-122.969063,46.118082],[-122.969069,46.118012],[-122.969198,46.118012],[-122.969221,46.118086],[-122.969327,46.118102],[-122.96934,46.118168],[-122.969457,46.118192],[-122.969485,46.11827],[-122.969586,46.118282],[-122.969586,46.118413],[-122.969614,46.11845],[-122.969974,46.118462],[-122.969997,46.118536],[-122.970103,46.118552],[-122.970138,46.118633],[-122.970233,46.118642],[-122.970246,46.118888],[-122.970362,46.118912],[-122.970365,46.118977],[-122.970408,46.119011],[-122.970621,46.119002],[-122.970601,46.119132],[-122.970635,46.119173],[-122.97088,46.119182],[-122.970889,46.119334],[-122.970935,46.11936],[-122.971009,46.119362],[-122.971015,46.119599],[-122.971057,46.119628],[-122.971138,46.119632],[-122.971161,46.119706],[-122.971527,46.119722],[-122.971544,46.119883],[-122.971656,46.119902],[-122.971662,46.119959],[-122.971704,46.119988],[-122.971915,46.119993],[-122.971932,46.120153],[-122.972044,46.120173],[-122.972067,46.120247],[-122.972173,46.120263],[-122.972196,46.120337],[-122.972303,46.120353],[-122.972326,46.120427],[-122.972432,46.120443],[-122.972455,46.120517],[-122.972562,46.120533],[-122.972579,46.120603],[-122.972691,46.120623],[-122.972709,46.120693],[-122.97282,46.120713],[-122.972838,46.120783],[-122.97295,46.120803],[-122.972967,46.120873],[-122.973079,46.120893],[-122.973092,46.120959],[-122.973208,46.120983],[-122.973243,46.121064],[-122.973597,46.121073],[-122.973625,46.121151],[-122.97378,46.121187],[-122.973856,46.121163],[-122.974114,46.121163],[-122.974118,46.121215],[-122.974155,46.121247],[-122.974373,46.121253],[-122.974376,46.121485],[-122.974421,46.121519],[-122.974502,46.121523],[-122.974537,46.121604],[-122.974761,46.121613],[-122.974796,46.121694],[-122.97502,46.121703],[-122.975055,46.121784],[-122.975279,46.121793],[-122.975307,46.121871],[-122.975538,46.121883],[-122.975544,46.12194],[-122.975593,46.121971],[-122.976055,46.121973],[-122.976055,46.122153],[-122.975859,46.122154],[-122.975802,46.122187],[-122.975806,46.122395],[-122.975852,46.122421],[-122.975926,46.122423],[-122.97596,46.122504],[-122.976055,46.122513],[-122.976084,46.122591],[-122.976185,46.122604],[-122.976213,46.122681],[-122.976314,46.122694],[-122.976342,46.122771],[-122.976443,46.122784],[-122.976472,46.122861],[-122.976702,46.122874],[-122.976715,46.12294],[-122.976832,46.122964],[-122.976866,46.123045],[-122.977062,46.123041],[-122.977091,46.122928],[-122.977056,46.122883],[-122.976961,46.122874],[-122.976933,46.122796],[-122.976832,46.122784],[-122.976832,46.122694],[-122.976941,46.122687],[-122.976981,46.122638],[-122.976944,46.122533],[-122.976832,46.122514],[-122.976832,46.122424],[-122.976961,46.122424],[-122.97697,46.122485],[-122.977024,46.122513],[-122.977479,46.122514],[-122.977482,46.122565],[-122.97752,46.122597],[-122.977738,46.122604],[-122.977744,46.12266],[-122.977793,46.122691],[-122.977997,46.122694],[-122.978019,46.122768],[-122.978126,46.122784],[-122.978161,46.122865],[-122.978255,46.122874],[-122.978255,46.122964],[-122.978126,46.122964],[-122.978113,46.122898],[-122.977997,46.122874],[-122.977991,46.122817],[-122.977942,46.122786],[-122.977479,46.122784],[-122.97747,46.122722],[-122.977409,46.122694],[-122.977247,46.122698],[-122.977201,46.122755],[-122.977238,46.122854],[-122.977349,46.122874],[-122.977371,46.122961],[-122.977425,46.122978],[-122.977608,46.122964],[-122.977626,46.123034],[-122.977738,46.123054],[-122.977751,46.12312],[-122.977867,46.123144],[-122.97787,46.123195],[-122.977908,46.123227],[-122.978644,46.123234],[-122.978666,46.123308],[-122.978773,46.123324],[-122.978796,46.123398],[-122.978902,46.123414],[-122.97892,46.123484],[-122.979032,46.123504],[-122.979049,46.123574],[-122.979161,46.123594],[-122.979179,46.123664],[-122.979291,46.123684],[-122.979308,46.123754],[-122.97942,46.123774],[-122.979433,46.12384],[-122.979549,46.123864],[-122.979584,46.123945],[-122.979755,46.123965],[-122.979803,46.123934],[-122.979808,46.123864],[-122.979936,46.123864],[-122.97996,46.123938],[-122.980067,46.123954],[-122.98008,46.12411],[-122.980196,46.124134],[-122.980231,46.124215],[-122.980326,46.124224],[-122.980326,46.124674],[-122.980244,46.124678],[-122.980202,46.124708],[-122.9802,46.124906],[-122.980259,46.124943],[-122.980455,46.124944],[-122.980435,46.125068],[-122.980457,46.125108],[-122.980714,46.125124],[-122.980737,46.125199],[-122.980843,46.125214],[-122.980843,46.125394],[-122.980755,46.125401],[-122.980715,46.125438],[-122.980736,46.125559],[-122.980843,46.125574],[-122.980861,46.125645],[-122.980972,46.125664],[-122.980982,46.125726],[-122.981035,46.125753],[-122.981306,46.125752],[-122.981355,46.125721],[-122.981361,46.125665],[-122.98149,46.125665],[-122.981508,46.125735],[-122.98162,46.125755],[-122.981637,46.125825],[-122.981749,46.125845],[-122.981758,46.125906],[-122.981812,46.125934],[-122.981973,46.125925],[-122.982008,46.125845],[-122.982226,46.125838],[-122.982264,46.125806],[-122.982267,46.125755],[-122.982526,46.125755],[-122.982543,46.125825],[-122.982655,46.125845],[-122.98269,46.125926],[-122.982785,46.125935],[-122.982813,46.126012],[-122.982914,46.126025],[-122.982942,46.126102],[-122.983173,46.126115],[-122.983196,46.126189],[-122.983302,46.126205],[-122.983302,46.126385],[-122.982914,46.126385],[-122.982911,46.126333],[-122.982873,46.126301],[-122.98273,46.126281],[-122.982672,46.126301],[-122.982657,46.126431],[-122.982696,46.126468],[-122.982784,46.126475],[-122.982781,46.126634],[-122.982834,46.126654],[-122.983043,46.126655],[-122.983066,46.126819],[-122.983302,46.126835],[-122.983315,46.126901],[-122.983431,46.126925],[-122.98346,46.127003],[-122.98369,46.127015],[-122.983696,46.127072],[-122.983745,46.127103],[-122.983881,46.127129],[-122.983949,46.127105],[-122.984148,46.127117],[-122.984202,46.127085],[-122.984208,46.127015],[-122.984337,46.127015],[-122.98436,46.127089],[-122.984467,46.127105],[-122.98448,46.127171],[-122.984596,46.127195],[-122.984625,46.127273],[-122.984726,46.127285],[-122.984726,46.127375],[-122.984644,46.127379],[-122.9846,46.127413],[-122.984609,46.127531],[-122.984726,46.127555],[-122.98476,46.127636],[-122.984855,46.127645],[-122.984884,46.127723],[-122.984984,46.127735],[-122.985013,46.127813],[-122.985114,46.127825],[-122.985148,46.127906],[-122.985318,46.127913],[-122.985367,46.127882],[-122.985373,46.127825],[-122.985502,46.127825],[-122.985525,46.127899],[-122.985632,46.127915],[-122.985635,46.128057],[-122.985702,46.128095],[-122.986346,46.128094],[-122.986399,46.128067],[-122.986408,46.128005],[-122.986878,46.128001],[-122.98692,46.127972],[-122.986926,46.127915],[-122.98783,46.127915],[-122.987845,46.127981],[-122.987962,46.128005],[-122.98799,46.128083],[-122.98822,46.128095],[-122.98823,46.128157],[-122.988283,46.128184],[-122.988445,46.128176],[-122.98848,46.128096],[-122.988868,46.128096],[-122.988881,46.128251],[-122.988938,46.128275],[-122.989127,46.128276],[-122.989149,46.12835],[-122.989256,46.128366],[-122.989259,46.128507],[-122.989304,46.128541],[-122.989385,46.128546],[-122.989385,46.128635],[-122.988738,46.128635],[-122.988704,46.128555],[-122.988535,46.128548],[-122.988485,46.128579],[-122.988479,46.128635],[-122.988363,46.128659],[-122.98835,46.128725],[-122.988139,46.12873],[-122.988097,46.128759],[-122.988091,46.128815],[-122.987979,46.128835],[-122.987979,46.128976],[-122.988032,46.128995],[-122.98822,46.128996],[-122.988255,46.129076],[-122.988409,46.129085],[-122.98847,46.129057],[-122.988479,46.128996],[-122.98871,46.128983],[-122.988738,46.128906],[-122.988997,46.128906],[-122.988997,46.128995],[-122.98889,46.129011],[-122.988868,46.129085],[-122.988657,46.12909],[-122.988615,46.129119],[-122.988609,46.129175],[-122.988497,46.129195],[-122.988488,46.129327],[-122.988542,46.129354],[-122.988738,46.129356],[-122.988744,46.129412],[-122.988793,46.129443],[-122.989126,46.129446],[-122.98913,46.129497],[-122.989167,46.129529],[-122.989385,46.129536],[-122.989398,46.129782],[-122.989455,46.129805],[-122.989644,46.129806],[-122.98965,46.129862],[-122.989692,46.129891],[-122.989841,46.129895],[-122.989894,46.129867],[-122.989903,46.129626],[-122.990032,46.129626],[-122.99005,46.129696],[-122.990162,46.129716],[-122.99018,46.129786],[-122.990291,46.129806],[-122.990301,46.129867],[-122.990361,46.129895],[-122.990516,46.129887],[-122.99055,46.129806],[-122.990768,46.129799],[-122.990806,46.129767],[-122.990809,46.129716],[-122.990939,46.129716],[-122.990961,46.12979],[-122.991068,46.129806],[-122.991103,46.129887],[-122.991198,46.129897],[-122.991197,46.130166],[-122.990967,46.130178],[-122.990939,46.130214],[-122.990948,46.130317],[-122.990994,46.130343],[-122.991068,46.130346],[-122.991074,46.130402],[-122.991123,46.130433],[-122.991456,46.130436],[-122.991456,46.130706],[-122.991422,46.130754],[-122.991485,46.130874],[-122.991715,46.130886],[-122.991724,46.130947],[-122.991778,46.130975],[-122.992103,46.130976],[-122.992126,46.13105],[-122.992233,46.131066],[-122.992233,46.131156],[-122.992138,46.131165],[-122.992103,46.131246],[-122.992029,46.131248],[-122.991983,46.131274],[-122.991974,46.131377],[-122.992015,46.131419],[-122.992157,46.131449],[-122.992233,46.131426],[-122.992362,46.131426],[-122.99238,46.131766],[-122.99256,46.13181],[-122.992738,46.131762],[-122.992749,46.131469],[-122.99271,46.131432],[-122.992621,46.131426],[-122.992621,46.131336],[-122.992728,46.13132],[-122.992751,46.131246],[-122.99288,46.131246],[-122.992869,46.131396],[-122.992915,46.131423],[-122.99301,46.131426],[-122.993027,46.131676],[-122.993139,46.131696],[-122.993148,46.131757],[-122.993209,46.131786],[-122.993363,46.131777],[-122.993398,46.131696],[-122.993527,46.131696],[-122.99354,46.131852],[-122.993657,46.131876],[-122.993691,46.131957],[-122.993786,46.131966],[-122.993795,46.132117],[-122.993841,46.132144],[-122.993916,46.132146]],[[-122.954916,46.115491],[-122.95478,46.115473],[-122.954727,46.115489],[-122.954705,46.115577],[-122.953962,46.115572],[-122.953928,46.115666],[-122.953822,46.115682],[-122.953799,46.115756],[-122.953602,46.115757],[-122.953549,46.115785],[-122.953553,46.116092],[-122.953722,46.11614],[-122.9538,46.116116],[-122.954012,46.116139],[-122.954164,46.116101],[-122.954187,46.116027],[-122.954417,46.116014],[-122.954446,46.115937],[-122.954562,46.115913],[-122.954575,46.115847],[-122.9548,46.115838],[-122.954834,46.115757],[-122.954922,46.115751],[-122.954963,46.115708],[-122.954958,46.11552],[-122.954916,46.115491]],[[-122.95406,46.116295],[-122.954091,46.116259],[-122.954077,46.116219],[-122.954018,46.116193],[-122.953955,46.116206],[-122.953928,46.116242],[-122.953945,46.11629],[-122.954003,46.11631],[-122.95406,46.116295]],[[-122.956034,46.115085],[-122.955977,46.114963],[-122.95587,46.114946],[-122.95587,46.114857],[-122.955952,46.114853],[-122.955996,46.114819],[-122.955987,46.114701],[-122.955809,46.114653],[-122.955646,46.114686],[-122.955612,46.114726],[-122.955611,46.114947],[-122.955516,46.114956],[-122.955482,46.115037],[-122.955365,46.115061],[-122.955352,46.115217],[-122.95524,46.115237],[-122.955223,46.115397],[-122.955141,46.115401],[-122.955097,46.115435],[-122.955093,46.115883],[-122.955127,46.115928],[-122.955352,46.115937],[-122.955413,46.115961],[-122.955481,46.115937],[-122.95561,46.115937],[-122.95562,46.115999],[-122.95568,46.116027],[-122.955929,46.116027],[-122.955986,46.116003],[-122.955999,46.115901],[-122.955976,46.115863],[-122.95574,46.115847],[-122.95574,46.115757],[-122.955856,46.115733],[-122.95587,46.115631],[-122.955835,46.115586],[-122.95574,46.115577],[-122.95574,46.115309],[-122.955929,46.115307],[-122.955986,46.115283],[-122.955999,46.115127],[-122.956034,46.115085]],[[-122.95642,46.11671],[-122.956373,46.116592],[-122.956257,46.116567],[-122.956234,46.116493],[-122.956128,46.116477],[-122.956122,46.116331],[-122.95608,46.116302],[-122.955998,46.116297],[-122.95597,46.11622],[-122.955688,46.116207],[-122.955628,46.116227],[-122.955616,46.116354],[-122.955658,46.116383],[-122.955739,46.116387],[-122.955757,46.116548],[-122.955869,46.116567],[-122.955872,46.116799],[-122.955916,46.116833],[-122.955998,46.116837],[-122.956025,46.116928],[-122.95608,46.116941],[-122.956209,46.116923],[-122.956251,46.116894],[-122.956257,46.116838],[-122.956363,46.116822],[-122.95642,46.11671]],[[-122.957438,46.118328],[-122.957407,46.118212],[-122.957291,46.118188],[-122.957263,46.11811],[-122.957043,46.118109],[-122.95701,46.118024],[-122.956903,46.118008],[-122.9569,46.117866],[-122.956855,46.117832],[-122.956774,46.117828],[-122.956761,46.117672],[-122.956645,46.117648],[-122.95661,46.117567],[-122.956515,46.117558],[-122.956514,46.117241],[-122.956474,46.117204],[-122.956386,46.117197],[-122.956377,46.117046],[-122.956316,46.117018],[-122.956162,46.117027],[-122.956128,46.117066],[-122.956127,46.117239],[-122.956168,46.117281],[-122.956256,46.117288],[-122.95626,46.117609],[-122.956304,46.117643],[-122.956385,46.117648],[-122.95642,46.117728],[-122.956515,46.117738],[-122.956518,46.117879],[-122.956563,46.117913],[-122.956644,46.117918],[-122.956657,46.118074],[-122.956773,46.118098],[-122.956779,46.118154],[-122.956821,46.118184],[-122.957021,46.118177],[-122.957034,46.118324],[-122.95708,46.118364],[-122.957386,46.118366],[-122.957438,46.118328]],[[-122.956729,46.113512],[-122.956579,46.113483],[-122.956437,46.113512],[-122.956395,46.113541],[-122.956389,46.113597],[-122.956282,46.113613],[-122.956259,46.113651],[-122.956282,46.113762],[-122.956592,46.113775],[-122.956642,46.113744],[-122.956648,46.113688],[-122.956754,46.113672],[-122.956771,46.113541],[-122.956729,46.113512]],[[-122.962486,46.118955],[-122.962466,46.118683],[-122.962427,46.118646],[-122.962338,46.11864],[-122.962321,46.118479],[-122.962268,46.11846],[-122.96208,46.11846],[-122.962074,46.118403],[-122.962024,46.118372],[-122.961821,46.118369],[-122.961812,46.118218],[-122.961766,46.118192],[-122.961692,46.118189],[-122.961692,46.1181],[-122.961773,46.118095],[-122.961815,46.118066],[-122.96182,46.117963],[-122.96178,46.117926],[-122.961692,46.117919],[-122.961703,46.117679],[-122.961657,46.117652],[-122.961562,46.117649],[-122.961553,46.117498],[-122.961507,46.117472],[-122.961433,46.117468],[-122.961433,46.117199],[-122.961664,46.117187],[-122.961692,46.117151],[-122.961683,46.117048],[-122.961637,46.117022],[-122.961563,46.117019],[-122.961557,46.116963],[-122.961515,46.116933],[-122.961304,46.116929],[-122.961298,46.116873],[-122.961256,46.116843],[-122.960916,46.116839],[-122.960898,46.116679],[-122.960787,46.116659],[-122.960769,46.116589],[-122.960657,46.116569],[-122.96064,46.116499],[-122.960528,46.116479],[-122.96051,46.116409],[-122.960399,46.116389],[-122.960385,46.116323],[-122.960269,46.116299],[-122.960235,46.116218],[-122.959881,46.116209],[-122.959848,46.116115],[-122.959622,46.116119],[-122.959594,46.116041],[-122.959364,46.116029],[-122.959354,46.115967],[-122.959293,46.115939],[-122.95903,46.115941],[-122.958981,46.115972],[-122.958975,46.116028],[-122.958848,46.116028],[-122.958833,46.115949],[-122.958756,46.115925],[-122.958615,46.115951],[-122.958587,46.116028],[-122.958328,46.116028],[-122.958325,46.115963],[-122.958282,46.115929],[-122.958069,46.115938],[-122.958064,46.115701],[-122.958022,46.115672],[-122.957879,46.115644],[-122.957716,46.115677],[-122.957681,46.115758],[-122.957607,46.11576],[-122.957561,46.115786],[-122.957552,46.116028],[-122.957334,46.116034],[-122.957296,46.116066],[-122.957293,46.116118],[-122.957034,46.116118],[-122.956958,46.116094],[-122.956803,46.11613],[-122.956775,46.116208],[-122.956646,46.116208],[-122.956665,46.116078],[-122.956625,46.116034],[-122.956448,46.116003],[-122.956271,46.116051],[-122.956266,46.116269],[-122.956312,46.116295],[-122.956387,46.116298],[-122.956421,46.116378],[-122.956516,46.116388],[-122.956516,46.116658],[-122.956481,46.1167],[-122.956516,46.116748],[-122.956516,46.117059],[-122.956556,46.117101],[-122.956645,46.117108],[-122.956658,46.117264],[-122.95685,46.117311],[-122.957005,46.117276],[-122.957033,46.117198],[-122.957162,46.117198],[-122.957185,46.117272],[-122.957292,46.117288],[-122.957326,46.117369],[-122.957421,46.117378],[-122.957421,46.117468],[-122.957314,46.117484],[-122.957292,46.117558],[-122.957175,46.117582],[-122.957162,46.117648],[-122.956973,46.117648],[-122.956921,46.117667],[-122.956904,46.117779],[-122.956944,46.117821],[-122.957032,46.117828],[-122.957061,46.117906],[-122.957162,46.117918],[-122.95719,46.117996],[-122.957291,46.118008],[-122.95732,46.118086],[-122.957421,46.118098],[-122.957449,46.118176],[-122.957679,46.118188],[-122.957679,46.118278],[-122.957577,46.118282],[-122.957533,46.118318],[-122.957563,46.118524],[-122.95762,46.118548],[-122.957808,46.118548],[-122.957826,46.118618],[-122.957938,46.118638],[-122.957955,46.118708],[-122.958067,46.118728],[-122.958085,46.118798],[-122.958196,46.118818],[-122.95821,46.118884],[-122.958326,46.118908],[-122.95836,46.118989],[-122.958585,46.118998],[-122.958591,46.119055],[-122.95864,46.119086],[-122.958843,46.119089],[-122.958861,46.119159],[-122.958973,46.119179],[-122.95899,46.119249],[-122.959102,46.119269],[-122.95912,46.119339],[-122.959231,46.119359],[-122.959245,46.119425],[-122.959361,46.119449],[-122.959395,46.11953],[-122.95962,46.119539],[-122.959629,46.1196],[-122.959682,46.119628],[-122.959958,46.119629],[-122.960011,46.119608],[-122.960027,46.119568],[-122.95999,46.119469],[-122.959879,46.119449],[-122.959873,46.119392],[-122.959831,46.119363],[-122.95962,46.119359],[-122.959597,46.119285],[-122.959491,46.119269],[-122.959491,46.119179],[-122.959879,46.119179],[-122.959882,46.119231],[-122.95992,46.119262],[-122.960055,46.119283],[-122.960116,46.119266],[-122.960134,46.119127],[-122.96009,46.119093],[-122.960008,46.119089],[-122.960008,46.118999],[-122.960103,46.11899],[-122.960138,46.118909],[-122.960212,46.118907],[-122.960258,46.11888],[-122.960268,46.118639],[-122.960342,46.118637],[-122.960388,46.11861],[-122.960397,46.118459],[-122.960627,46.118447],[-122.960656,46.118369],[-122.960751,46.11836],[-122.960785,46.118279],[-122.960897,46.118259],[-122.960915,46.118189],[-122.961174,46.118189],[-122.961235,46.118213],[-122.961303,46.118189],[-122.961432,46.118189],[-122.961432,46.118459],[-122.961321,46.118479],[-122.961303,46.118639],[-122.961221,46.118643],[-122.961179,46.118673],[-122.961173,46.118909],[-122.961099,46.118912],[-122.961053,46.118938],[-122.961044,46.119089],[-122.961009,46.119137],[-122.961072,46.119257],[-122.961302,46.119269],[-122.961325,46.119344],[-122.961432,46.119359],[-122.961432,46.119449],[-122.96132,46.119469],[-122.961282,46.119579],[-122.961323,46.119623],[-122.961431,46.119629],[-122.961465,46.119724],[-122.96177,46.119719],[-122.961823,46.119699],[-122.96182,46.11936],[-122.962077,46.119343],[-122.962099,46.119304],[-122.962079,46.11918],[-122.962153,46.119177],[-122.962199,46.119151],[-122.962209,46.119],[-122.962447,46.118993],[-122.962486,46.118955]],[[-122.956394,46.114261],[-122.956369,46.114362],[-122.956402,46.114398],[-122.956592,46.114405],[-122.956644,46.114369],[-122.956644,46.114266],[-122.956592,46.11423],[-122.956443,46.11423],[-122.956394,46.114261]],[[-122.957037,46.115399],[-122.95698,46.115384],[-122.956922,46.115404],[-122.956905,46.115453],[-122.956932,46.115489],[-122.956995,46.115501],[-122.957054,46.115475],[-122.957068,46.115435],[-122.957037,46.115399]],[[-122.957296,46.115309],[-122.957239,46.115294],[-122.957181,46.115314],[-122.957164,46.115363],[-122.957191,46.115399],[-122.957254,46.115411],[-122.957313,46.115385],[-122.957327,46.115345],[-122.957296,46.115309]],[[-122.959238,46.115108],[-122.959232,46.114897],[-122.959157,46.114859],[-122.959018,46.11486],[-122.958968,46.114883],[-122.958976,46.115038],[-122.957941,46.115038],[-122.957937,46.114806],[-122.957893,46.114772],[-122.957811,46.114768],[-122.957806,46.114351],[-122.957734,46.114318],[-122.957615,46.114319],[-122.957562,46.114346],[-122.957553,46.114989],[-122.957593,46.115032],[-122.957682,46.115038],[-122.957697,46.11521],[-122.957561,46.115246],[-122.957532,46.115347],[-122.957573,46.115391],[-122.957741,46.115398],[-122.957788,46.115382],[-122.957811,46.115218],[-122.95905,46.115216],[-122.959099,46.115185],[-122.959105,46.115129],[-122.959238,46.115108]],[[-122.960185,46.119805],[-122.960336,46.119821],[-122.960387,46.119794],[-122.96039,46.119662],[-122.960334,46.11963],[-122.960165,46.119633],[-122.960118,46.119679],[-122.960143,46.119776],[-122.960185,46.119805]],[[-122.960672,46.120039],[-122.96062,46.119908],[-122.960449,46.119888],[-122.960402,46.119919],[-122.960363,46.120047],[-122.960449,46.120103],[-122.96062,46.120077],[-122.960672,46.120039]],[[-122.960588,46.119346],[-122.960424,46.119363],[-122.960379,46.119399],[-122.960402,46.119506],[-122.960451,46.119537],[-122.9606,46.119537],[-122.960652,46.119501],[-122.960643,46.11937],[-122.960588,46.119346]],[[-122.960911,46.120167],[-122.96086,46.120146],[-122.960802,46.120156],[-122.960765,46.120198],[-122.960781,46.120239],[-122.960834,46.120259],[-122.960906,46.120246],[-122.960933,46.120209],[-122.960911,46.120167]],[[-122.961615,46.116299],[-122.961691,46.116256],[-122.961691,46.116163],[-122.961658,46.116129],[-122.961434,46.116119],[-122.961425,46.116058],[-122.961372,46.11603],[-122.961121,46.116015],[-122.961058,46.11604],[-122.961011,46.116167],[-122.96108,46.11629],[-122.961615,46.116299]],[[-122.961826,46.11103],[-122.961758,46.110976],[-122.96159,46.111005],[-122.961567,46.111079],[-122.961472,46.111088],[-122.961437,46.111169],[-122.961363,46.111172],[-122.961317,46.111198],[-122.96133,46.111347],[-122.96139,46.111363],[-122.961544,46.111333],[-122.961567,46.111259],[-122.961662,46.11125],[-122.961696,46.111169],[-122.961813,46.111145],[-122.961826,46.11103]],[[-122.961819,46.12084],[-122.961792,46.120799],[-122.961736,46.120786],[-122.961675,46.120808],[-122.961655,46.120847],[-122.96168,46.120885],[-122.961744,46.120903],[-122.961802,46.120883],[-122.961819,46.12084]],[[-122.961879,46.11091],[-122.962072,46.110875],[-122.962081,46.110758],[-122.96203,46.110722],[-122.961881,46.110722],[-122.961827,46.110763],[-122.961829,46.110875],[-122.961879,46.11091]],[[-122.962082,46.11553],[-122.962021,46.115477],[-122.961857,46.115499],[-122.961823,46.115538],[-122.961836,46.115645],[-122.961893,46.115669],[-122.962047,46.11566],[-122.96208,46.115626],[-122.962082,46.11553]],[[-122.962337,46.11999],[-122.962315,46.119916],[-122.962208,46.1199],[-122.962208,46.119768],[-122.96218,46.119732],[-122.961902,46.119706],[-122.961837,46.119726],[-122.961821,46.119946],[-122.961861,46.119983],[-122.961949,46.11999],[-122.961949,46.120135],[-122.961982,46.120174],[-122.962655,46.12017],[-122.962716,46.120141],[-122.962724,46.120033],[-122.962685,46.119996],[-122.962337,46.11999]],[[-122.962211,46.11526],[-122.962143,46.115206],[-122.961981,46.115232],[-122.961953,46.115268],[-122.961969,46.115393],[-122.962035,46.115413],[-122.962183,46.115387],[-122.96221,46.115356],[-122.962211,46.11526]],[[-122.962297,46.119366],[-122.962147,46.119346],[-122.962091,46.11937],[-122.96208,46.119496],[-122.962127,46.119536],[-122.962277,46.119552],[-122.962334,46.119515],[-122.962336,46.119403],[-122.962297,46.119366]],[[-122.962778,46.11828],[-122.962855,46.118236],[-122.962855,46.118053],[-122.962815,46.118016],[-122.962727,46.11801],[-122.962709,46.11785],[-122.962598,46.11783],[-122.962592,46.117593],[-122.96255,46.117564],[-122.962468,46.11756],[-122.962465,46.117508],[-122.962427,46.117476],[-122.962258,46.117474],[-122.96221,46.117518],[-122.962215,46.117796],[-122.962257,46.117826],[-122.962339,46.11783],[-122.962373,46.117911],[-122.962468,46.11792],[-122.962486,46.11817],[-122.962597,46.11819],[-122.962601,46.118241],[-122.962638,46.118273],[-122.962778,46.11828]],[[-122.96289,46.116358],[-122.962844,46.116234],[-122.962728,46.11621],[-122.962705,46.116136],[-122.962599,46.11612],[-122.962576,46.115956],[-122.962521,46.11594],[-122.962363,46.115955],[-122.96234,46.115988],[-122.962346,46.116176],[-122.962388,46.116206],[-122.962469,46.11621],[-122.962504,46.116291],[-122.962599,46.1163],[-122.962621,46.116374],[-122.962826,46.116409],[-122.96289,46.116358]],[[-122.962838,46.11934],[-122.962874,46.119135],[-122.962835,46.119096],[-122.962679,46.119076],[-122.962619,46.119092],[-122.962597,46.11932],[-122.962624,46.119361],[-122.962687,46.119373],[-122.962838,46.11934]],[[-122.963037,46.11882],[-122.963111,46.118782],[-122.963106,46.118668],[-122.963052,46.118641],[-122.962897,46.118646],[-122.962857,46.118683],[-122.962865,46.118791],[-122.962918,46.118819],[-122.963037,46.11882]],[[-122.963117,46.11454],[-122.96305,46.114486],[-122.962887,46.114512],[-122.962859,46.114548],[-122.962875,46.114673],[-122.962941,46.114694],[-122.963089,46.114668],[-122.963116,46.114636],[-122.963117,46.11454]],[[-122.96325,46.120955],[-122.963237,46.120833],[-122.963188,46.120802],[-122.962895,46.120806],[-122.962855,46.120849],[-122.962863,46.121041],[-122.962917,46.121069],[-122.963074,46.121077],[-122.96311,46.121045],[-122.963113,46.12098],[-122.963208,46.120978],[-122.96325,46.120955]],[[-122.96317,46.115051],[-122.963363,46.115016],[-122.963373,46.114898],[-122.963321,46.114862],[-122.963172,46.114862],[-122.963119,46.114903],[-122.96312,46.115015],[-122.96317,46.115051]],[[-122.963635,46.11508],[-122.963574,46.115028],[-122.96341,46.115049],[-122.963377,46.115083],[-122.963368,46.115195],[-122.963426,46.11522],[-122.9636,46.115211],[-122.963633,46.115177],[-122.963635,46.11508]],[[-122.964334,46.11495],[-122.96441,46.114907],[-122.964389,46.114786],[-122.964221,46.114746],[-122.964153,46.11477],[-122.964023,46.11477],[-122.964017,46.114713],[-122.963968,46.114682],[-122.963805,46.114686],[-122.963768,46.114718],[-122.963764,46.11477],[-122.963683,46.114774],[-122.963638,46.114808],[-122.963638,46.114912],[-122.96369,46.114948],[-122.964334,46.11495]],[[-122.967904,46.121883],[-122.967896,46.121735],[-122.967854,46.121706],[-122.967772,46.121701],[-122.967771,46.121565],[-122.967717,46.121524],[-122.967589,46.121508],[-122.96753,46.121528],[-122.967513,46.121701],[-122.967125,46.121701],[-122.967122,46.12165],[-122.967084,46.121618],[-122.966866,46.121611],[-122.966865,46.121475],[-122.966825,46.121437],[-122.966608,46.121431],[-122.966598,46.12137],[-122.966545,46.121342],[-122.966165,46.121327],[-122.966099,46.121356],[-122.96609,46.121431],[-122.965973,46.121455],[-122.965949,46.121532],[-122.965831,46.121521],[-122.965831,46.121341],[-122.965919,46.121334],[-122.96596,46.121292],[-122.965955,46.121181],[-122.965885,46.121147],[-122.96573,46.121173],[-122.965701,46.121251],[-122.965477,46.12126],[-122.965443,46.121341],[-122.965225,46.121347],[-122.965187,46.121379],[-122.965184,46.121431],[-122.964932,46.121443],[-122.964905,46.121481],[-122.964925,46.1217],[-122.964818,46.121716],[-122.964795,46.12179],[-122.964666,46.12179],[-122.96466,46.121734],[-122.964611,46.121703],[-122.964407,46.1217],[-122.964404,46.121559],[-122.964337,46.121521],[-122.964183,46.121529],[-122.964148,46.12161],[-122.963801,46.121617],[-122.963725,46.121743],[-122.963777,46.12186],[-122.963889,46.12188],[-122.963889,46.122186],[-122.963912,46.122224],[-122.964072,46.122264],[-122.96413,46.122254],[-122.964182,46.122198],[-122.964148,46.12215],[-122.964148,46.12197],[-122.964407,46.12197],[-122.964408,46.122211],[-122.964489,46.122254],[-122.964631,46.122231],[-122.964666,46.122151],[-122.964777,46.122131],[-122.964795,46.121971],[-122.965006,46.121966],[-122.965048,46.121937],[-122.965054,46.121881],[-122.965166,46.121861],[-122.965184,46.121701],[-122.96529,46.121685],[-122.965313,46.121611],[-122.965572,46.121611],[-122.965575,46.121766],[-122.965647,46.121805],[-122.965937,46.121775],[-122.965971,46.1216],[-122.966219,46.121611],[-122.966242,46.121685],[-122.966348,46.121701],[-122.966366,46.121771],[-122.966478,46.121791],[-122.966512,46.121872],[-122.966607,46.121881],[-122.966636,46.121959],[-122.966736,46.121971],[-122.966765,46.122049],[-122.966866,46.122061],[-122.966875,46.122213],[-122.966921,46.122239],[-122.966995,46.122241],[-122.96703,46.122322],[-122.967125,46.122331],[-122.967134,46.122483],[-122.96718,46.122509],[-122.967254,46.122511],[-122.967263,46.122586],[-122.967329,46.122615],[-122.967608,46.122592],[-122.967641,46.122558],[-122.967641,46.122465],[-122.967601,46.122428],[-122.967513,46.122421],[-122.967485,46.122344],[-122.967384,46.122331],[-122.967355,46.122254],[-122.967254,46.122241],[-122.967226,46.122163],[-122.967125,46.122151],[-122.967125,46.121971],[-122.967254,46.121971],[-122.967267,46.122037],[-122.967384,46.122061],[-122.967387,46.122113],[-122.967425,46.122145],[-122.967704,46.122165],[-122.967766,46.122131],[-122.967772,46.122061],[-122.967846,46.122059],[-122.967892,46.122033],[-122.967936,46.121929],[-122.967904,46.121883]],[[-122.964074,46.11594],[-122.964149,46.115902],[-122.964143,46.115789],[-122.964089,46.115761],[-122.963934,46.115767],[-122.963895,46.115804],[-122.963902,46.115912],[-122.963956,46.115939],[-122.964074,46.11594]],[[-122.968067,46.117974],[-122.968016,46.117761],[-122.967904,46.117741],[-122.967869,46.11766],[-122.967775,46.117651],[-122.967746,46.117574],[-122.967645,46.117561],[-122.967617,46.117484],[-122.967516,46.117471],[-122.967487,46.117393],[-122.967387,46.117381],[-122.967358,46.117303],[-122.967257,46.117291],[-122.967229,46.117213],[-122.967128,46.117201],[-122.967105,46.117127],[-122.966998,46.117111],[-122.966976,46.117037],[-122.966869,46.117021],[-122.966846,46.116947],[-122.96674,46.116931],[-122.966739,46.1168],[-122.966705,46.11676],[-122.966481,46.116751],[-122.966468,46.116685],[-122.966352,46.116661],[-122.966346,46.116604],[-122.966304,46.116575],[-122.965963,46.116571],[-122.965895,46.116547],[-122.965727,46.116587],[-122.965704,46.116661],[-122.96561,46.11667],[-122.965575,46.116751],[-122.965463,46.11677],[-122.965445,46.116841],[-122.965316,46.116841],[-122.96531,46.116604],[-122.965254,46.116572],[-122.965057,46.11657],[-122.965044,46.116324],[-122.96498,46.1163],[-122.964861,46.116301],[-122.964812,46.116324],[-122.964784,46.116806],[-122.964841,46.116839],[-122.965057,46.116841],[-122.96508,46.116915],[-122.965186,46.116931],[-122.965186,46.11702],[-122.964969,46.117027],[-122.964931,46.117059],[-122.964926,46.11711],[-122.964669,46.11711],[-122.96464,46.117033],[-122.964486,46.116997],[-122.964303,46.117036],[-122.964282,46.117247],[-122.964321,46.117284],[-122.96441,46.11729],[-122.96441,46.11738],[-122.964315,46.117389],[-122.96428,46.11747],[-122.964206,46.117473],[-122.96416,46.117499],[-122.964152,46.117697],[-122.964192,46.117734],[-122.96428,46.11774],[-122.964315,46.117821],[-122.964539,46.11783],[-122.964562,46.117905],[-122.964668,46.11792],[-122.964669,46.118052],[-122.964703,46.118091],[-122.965056,46.118101],[-122.965065,46.118342],[-122.965111,46.118368],[-122.965186,46.118371],[-122.965195,46.118522],[-122.965241,46.118548],[-122.965315,46.118551],[-122.965349,46.118632],[-122.965444,46.118641],[-122.965479,46.118722],[-122.965703,46.118731],[-122.965709,46.118787],[-122.965758,46.118818],[-122.966029,46.11882],[-122.966082,46.118792],[-122.966091,46.118731],[-122.966203,46.118711],[-122.966221,46.118641],[-122.966333,46.118621],[-122.96635,46.118551],[-122.966798,46.118551],[-122.96685,46.118531],[-122.966865,46.118409],[-122.96682,46.118375],[-122.966739,46.118371],[-122.96673,46.11822],[-122.966684,46.118193],[-122.96661,46.118191],[-122.966575,46.11811],[-122.96648,46.118101],[-122.966452,46.118023],[-122.966351,46.118011],[-122.966351,46.117921],[-122.966609,46.117921],[-122.966627,46.117991],[-122.966739,46.118011],[-122.966773,46.118092],[-122.966868,46.118101],[-122.966897,46.118179],[-122.966998,46.118191],[-122.967026,46.118269],[-122.967256,46.118281],[-122.967317,46.118305],[-122.967487,46.118269],[-122.967515,46.118191],[-122.967632,46.118167],[-122.967645,46.118101],[-122.967774,46.118101],[-122.967843,46.118125],[-122.968005,46.118089],[-122.968067,46.117974]],[[-122.964548,46.121239],[-122.964726,46.12125],[-122.96479,46.121217],[-122.964795,46.120939],[-122.964748,46.120895],[-122.964599,46.120891],[-122.964543,46.120924],[-122.964537,46.12116],[-122.964428,46.121167],[-122.964387,46.121216],[-122.964453,46.121273],[-122.964548,46.121239]],[[-122.964589,46.12062],[-122.964663,46.120582],[-122.964657,46.120469],[-122.964604,46.120441],[-122.964449,46.120447],[-122.964409,46.120484],[-122.964417,46.120592],[-122.96447,46.120619],[-122.964589,46.12062]],[[-122.964454,46.122686],[-122.964598,46.122704],[-122.964653,46.12268],[-122.964662,46.122549],[-122.96461,46.122513],[-122.964462,46.122513],[-122.96441,46.122549],[-122.96441,46.122652],[-122.964454,46.122686]],[[-122.965056,46.11936],[-122.965074,46.119316],[-122.965042,46.11928],[-122.964969,46.119272],[-122.964919,46.119295],[-122.964908,46.119337],[-122.964945,46.119374],[-122.965002,46.119384],[-122.965056,46.11936]],[[-122.965365,46.120621],[-122.965442,46.120577],[-122.965442,46.120484],[-122.965415,46.120453],[-122.965133,46.120441],[-122.965073,46.12046],[-122.965055,46.120572],[-122.965083,46.120608],[-122.965365,46.120621]],[[-122.965572,46.121921],[-122.965511,46.121868],[-122.965347,46.12189],[-122.965314,46.121924],[-122.965305,46.122036],[-122.965363,46.12206],[-122.965537,46.122052],[-122.96557,46.122017],[-122.965572,46.121921]],[[-122.966091,46.119361],[-122.966068,46.119287],[-122.965962,46.119271],[-122.965927,46.11919],[-122.965832,46.119181],[-122.965826,46.119034],[-122.965784,46.119005],[-122.965703,46.119001],[-122.965675,46.118923],[-122.965397,46.118897],[-122.965332,46.118917],[-122.965321,46.119147],[-122.965363,46.119177],[-122.965444,46.119181],[-122.965478,46.119262],[-122.965573,46.119271],[-122.965602,46.119348],[-122.965703,46.119361],[-122.965703,46.119582],[-122.965731,46.119618],[-122.965906,46.119628],[-122.965956,46.119597],[-122.965962,46.119541],[-122.966198,46.119525],[-122.966215,46.119394],[-122.966172,46.119365],[-122.966091,46.119361]],[[-122.965754,46.120531],[-122.965828,46.120492],[-122.965818,46.120375],[-122.965762,46.120351],[-122.965586,46.12036],[-122.965553,46.120407],[-122.965586,46.120507],[-122.965635,46.12053],[-122.965754,46.120531]],[[-122.965981,46.116261],[-122.965962,46.116074],[-122.965923,46.116037],[-122.965645,46.116031],[-122.965585,46.116059],[-122.965576,46.116252],[-122.965616,46.116294],[-122.965929,46.116298],[-122.965981,46.116261]],[[-122.96648,46.119001],[-122.966596,46.118977],[-122.966606,46.118859],[-122.966554,46.118823],[-122.966405,46.118823],[-122.966356,46.118854],[-122.96635,46.118911],[-122.966234,46.118935],[-122.966221,46.119001],[-122.966104,46.119025],[-122.9661,46.119152],[-122.966154,46.11918],[-122.966309,46.119175],[-122.966347,46.119143],[-122.96635,46.119091],[-122.966466,46.119067],[-122.96648,46.119001]],[[-122.966863,46.120583],[-122.966887,46.120132],[-122.96686,46.120094],[-122.966684,46.120057],[-122.966608,46.120081],[-122.966282,46.120082],[-122.966223,46.120119],[-122.966233,46.120237],[-122.966349,46.120261],[-122.966384,46.120342],[-122.966479,46.120351],[-122.966488,46.120502],[-122.966534,46.120529],[-122.966608,46.120531],[-122.966614,46.120588],[-122.966663,46.120619],[-122.966812,46.120619],[-122.966863,46.120583]],[[-122.966479,46.119581],[-122.966452,46.11954],[-122.966397,46.119527],[-122.966335,46.11955],[-122.966315,46.119589],[-122.966341,46.119626],[-122.966404,46.119645],[-122.966462,46.119624],[-122.966479,46.119581]],[[-122.966659,46.121071],[-122.966734,46.121033],[-122.966728,46.12092],[-122.966675,46.120892],[-122.966518,46.120884],[-122.966479,46.120926],[-122.966487,46.121042],[-122.966541,46.12107],[-122.966659,46.121071]],[[-122.967335,46.123235],[-122.967185,46.123207],[-122.967124,46.123231],[-122.966661,46.123233],[-122.96661,46.123269],[-122.96661,46.123373],[-122.966647,46.123405],[-122.966797,46.123435],[-122.966865,46.123411],[-122.966995,46.123411],[-122.967063,46.123435],[-122.967124,46.123411],[-122.967328,46.123409],[-122.96738,46.123373],[-122.96738,46.12327],[-122.967335,46.123235]],[[-122.969228,46.125529],[-122.969176,46.125412],[-122.969064,46.125392],[-122.96903,46.125311],[-122.968935,46.125302],[-122.968907,46.125224],[-122.968806,46.125212],[-122.968777,46.125134],[-122.968676,46.125122],[-122.968648,46.125044],[-122.968547,46.125032],[-122.968518,46.124954],[-122.968288,46.124942],[-122.968265,46.124867],[-122.968159,46.124851],[-122.968159,46.124762],[-122.968254,46.124752],[-122.968288,46.124708],[-122.968287,46.124445],[-122.968247,46.124408],[-122.968159,46.124401],[-122.968159,46.124312],[-122.968254,46.124302],[-122.968289,46.124222],[-122.96837,46.124217],[-122.968412,46.124188],[-122.968453,46.124089],[-122.968418,46.124042],[-122.968418,46.123862],[-122.96852,46.123857],[-122.968566,46.123817],[-122.968535,46.123616],[-122.968418,46.123592],[-122.968412,46.123535],[-122.96837,46.123506],[-122.9681,46.123502],[-122.968039,46.12353],[-122.96803,46.123591],[-122.967918,46.123611],[-122.9679,46.123681],[-122.967771,46.123681],[-122.967702,46.123657],[-122.967641,46.123681],[-122.967417,46.12369],[-122.967383,46.123771],[-122.967282,46.123784],[-122.967253,46.123861],[-122.967158,46.12387],[-122.967124,46.123951],[-122.967042,46.123955],[-122.966998,46.12399],[-122.967,46.124188],[-122.967042,46.124217],[-122.967124,46.124223],[-122.967123,46.124311],[-122.967035,46.124318],[-122.966995,46.124355],[-122.967007,46.124557],[-122.967123,46.124581],[-122.967158,46.124662],[-122.967253,46.124671],[-122.967281,46.124749],[-122.967382,46.124761],[-122.967417,46.124842],[-122.967641,46.124851],[-122.967664,46.124926],[-122.96777,46.124942],[-122.967793,46.125016],[-122.9679,46.125032],[-122.967917,46.125102],[-122.968029,46.125122],[-122.968047,46.125192],[-122.968158,46.125212],[-122.968176,46.125282],[-122.968288,46.125302],[-122.968305,46.125372],[-122.968417,46.125392],[-122.96843,46.125458],[-122.968546,46.125482],[-122.968581,46.125563],[-122.968805,46.125572],[-122.968834,46.125649],[-122.969011,46.125685],[-122.969181,46.125638],[-122.969228,46.125529]],[[-122.96868,46.118552],[-122.968886,46.118563],[-122.968936,46.118527],[-122.968939,46.11833],[-122.968916,46.118297],[-122.96868,46.118282],[-122.968674,46.118225],[-122.968625,46.118194],[-122.968421,46.118191],[-122.968415,46.118135],[-122.968373,46.118106],[-122.968197,46.118111],[-122.968163,46.11815],[-122.968162,46.118461],[-122.968061,46.118474],[-122.968033,46.118551],[-122.967932,46.118564],[-122.967903,46.118641],[-122.967815,46.118648],[-122.967775,46.118685],[-122.967774,46.118821],[-122.96774,46.118874],[-122.967791,46.118982],[-122.967903,46.119001],[-122.967903,46.119181],[-122.967774,46.119181],[-122.967751,46.119107],[-122.967644,46.119091],[-122.967644,46.11896],[-122.967616,46.118924],[-122.967441,46.118914],[-122.967391,46.118945],[-122.967385,46.119001],[-122.967189,46.119002],[-122.967136,46.11903],[-122.967139,46.119337],[-122.967256,46.119361],[-122.967269,46.119427],[-122.967385,46.119451],[-122.967391,46.119508],[-122.96744,46.119539],[-122.967773,46.119541],[-122.967842,46.119565],[-122.967903,46.119541],[-122.968127,46.119532],[-122.968162,46.119452],[-122.968257,46.119442],[-122.968291,46.119362],[-122.968366,46.119359],[-122.968411,46.119333],[-122.968421,46.119182],[-122.968502,46.119177],[-122.968547,46.119143],[-122.968551,46.118642],[-122.968657,46.118626],[-122.96868,46.118552]],[[-122.967695,46.119991],[-122.96777,46.119953],[-122.967764,46.11984],[-122.967711,46.119812],[-122.967555,46.119818],[-122.967516,46.119855],[-122.967523,46.119963],[-122.967577,46.11999],[-122.967695,46.119991]],[[-122.967902,46.120932],[-122.967842,46.120879],[-122.967678,46.1209],[-122.967644,46.12094],[-122.967656,46.121047],[-122.967713,46.121071],[-122.967867,46.121062],[-122.9679,46.121028],[-122.967902,46.120932]],[[-122.970899,46.120752],[-122.970866,46.120646],[-122.97075,46.120622],[-122.970721,46.120544],[-122.970491,46.120532],[-122.970468,46.120458],[-122.970361,46.120442],[-122.970344,46.120372],[-122.970232,46.120352],[-122.970198,46.120271],[-122.970103,46.120262],[-122.970074,46.120184],[-122.969973,46.120172],[-122.969972,46.120035],[-122.969918,46.119994],[-122.969715,46.119992],[-122.969646,46.119968],[-122.969504,46.119996],[-122.969462,46.120025],[-122.969456,46.120082],[-122.969267,46.120082],[-122.969214,46.120101],[-122.969197,46.120262],[-122.968938,46.120262],[-122.968938,46.120082],[-122.968973,46.120039],[-122.968938,46.119992],[-122.968938,46.119722],[-122.969054,46.119698],[-122.969067,46.11959],[-122.969027,46.119548],[-122.968938,46.119542],[-122.968929,46.11948],[-122.968876,46.119453],[-122.968708,46.119464],[-122.968679,46.119542],[-122.968563,46.119566],[-122.96855,46.119632],[-122.968314,46.119647],[-122.968291,46.119811],[-122.968209,46.119816],[-122.968165,46.11985],[-122.968161,46.119991],[-122.96806,46.120004],[-122.968032,46.120081],[-122.967931,46.120094],[-122.967902,46.120171],[-122.967814,46.120178],[-122.967775,46.120215],[-122.967754,46.120306],[-122.967815,46.12035],[-122.967984,46.120347],[-122.968026,46.120318],[-122.968032,46.120261],[-122.968161,46.120262],[-122.968161,46.120441],[-122.968126,46.120489],[-122.96817,46.120593],[-122.968216,46.120619],[-122.96829,46.120622],[-122.968296,46.120678],[-122.968338,46.120707],[-122.968549,46.120712],[-122.968553,46.120853],[-122.968597,46.120887],[-122.968679,46.120892],[-122.968688,46.121043],[-122.968734,46.121069],[-122.968808,46.121072],[-122.968842,46.121153],[-122.968937,46.121162],[-122.968943,46.121232],[-122.968998,46.121264],[-122.969543,46.121245],[-122.969581,46.121214],[-122.969585,46.121162],[-122.969701,46.121138],[-122.969714,46.121072],[-122.969826,46.121052],[-122.969843,46.120982],[-122.970102,46.120982],[-122.970108,46.121039],[-122.97015,46.121068],[-122.970293,46.121096],[-122.970361,46.121072],[-122.97049,46.121072],[-122.970494,46.121124],[-122.970532,46.121156],[-122.970701,46.121158],[-122.970749,46.121113],[-122.97075,46.120802],[-122.970877,46.120786],[-122.970899,46.120752]],[[-122.968858,46.124492],[-122.968934,46.124448],[-122.968934,46.124355],[-122.968907,46.124324],[-122.968737,46.124288],[-122.968565,46.124331],[-122.968548,46.124443],[-122.968576,46.124479],[-122.968858,46.124492]],[[-122.969346,46.119047],[-122.969314,46.118936],[-122.969198,46.118912],[-122.969194,46.11886],[-122.969156,46.118828],[-122.969001,46.118823],[-122.968948,46.11885],[-122.968948,46.118973],[-122.968994,46.118999],[-122.969068,46.119002],[-122.969071,46.119053],[-122.969109,46.119085],[-122.969306,46.119085],[-122.969346,46.119047]],[[-122.969566,46.122852],[-122.969602,46.122647],[-122.96957,46.122611],[-122.96938,46.122604],[-122.969331,46.122635],[-122.969325,46.122692],[-122.969195,46.122692],[-122.969127,46.122668],[-122.968965,46.122704],[-122.968937,46.12274],[-122.96894,46.122833],[-122.968984,46.122868],[-122.969066,46.122872],[-122.969069,46.122923],[-122.969107,46.122955],[-122.969269,46.122959],[-122.969319,46.122928],[-122.969325,46.122872],[-122.969513,46.122872],[-122.969566,46.122852]],[[-122.969717,46.121433],[-122.969645,46.121408],[-122.969496,46.121438],[-122.969456,46.121475],[-122.969455,46.121612],[-122.969266,46.121612],[-122.969214,46.121632],[-122.969196,46.121828],[-122.969224,46.12187],[-122.969415,46.121889],[-122.969451,46.121857],[-122.969455,46.121792],[-122.96955,46.121783],[-122.969584,46.121702],[-122.969696,46.121682],[-122.969714,46.121522],[-122.969748,46.12148],[-122.969717,46.121433]],[[-122.969323,46.125482],[-122.969289,46.125519],[-122.969304,46.125559],[-122.969363,46.125585],[-122.969419,46.125576],[-122.969451,46.125542],[-122.96944,46.125493],[-122.969385,46.125469],[-122.969323,46.125482]],[[-122.969451,46.12566],[-122.969399,46.125638],[-122.969341,46.125648],[-122.969304,46.125691],[-122.96932,46.125731],[-122.969373,46.125752],[-122.969445,46.125739],[-122.969472,46.125701],[-122.969451,46.12566]],[[-122.970103,46.125753],[-122.970098,46.125602],[-122.970054,46.125563],[-122.969841,46.125572],[-122.969765,46.125548],[-122.96963,46.125576],[-122.969588,46.125605],[-122.969574,46.125727],[-122.969617,46.12575],[-122.969711,46.125752],[-122.969724,46.125818],[-122.969841,46.125842],[-122.969847,46.125899],[-122.969889,46.125928],[-122.97003,46.125932],[-122.970082,46.125912],[-122.970134,46.1258],[-122.970103,46.125753]],[[-122.971041,46.1249],[-122.970993,46.124786],[-122.970877,46.124762],[-122.970842,46.124681],[-122.970618,46.124672],[-122.970605,46.124606],[-122.970489,46.124582],[-122.97046,46.124504],[-122.970292,46.124493],[-122.970239,46.124521],[-122.97023,46.124582],[-122.970118,46.124602],[-122.9701,46.124672],[-122.969988,46.124692],[-122.969971,46.124762],[-122.969854,46.124786],[-122.969822,46.124987],[-122.969869,46.125028],[-122.969971,46.125032],[-122.970005,46.125113],[-122.9701,46.125122],[-122.970106,46.125269],[-122.970148,46.125298],[-122.970229,46.125302],[-122.970252,46.125376],[-122.970426,46.125391],[-122.970479,46.125364],[-122.970488,46.125302],[-122.9706,46.125282],[-122.970618,46.125212],[-122.97073,46.125192],[-122.970747,46.125122],[-122.970859,46.125103],[-122.970877,46.125032],[-122.970989,46.125013],[-122.971041,46.1249]],[[-122.970102,46.122372],[-122.970041,46.12232],[-122.969877,46.122341],[-122.969843,46.122381],[-122.969856,46.122488],[-122.969913,46.122512],[-122.970067,46.122503],[-122.9701,46.122469],[-122.970102,46.122372]],[[-122.970284,46.119902],[-122.97036,46.119859],[-122.970344,46.119652],[-122.970171,46.119608],[-122.970002,46.119644],[-122.969974,46.119686],[-122.969991,46.119882],[-122.970043,46.119902],[-122.970284,46.119902]],[[-122.970105,46.126055],[-122.970081,46.126157],[-122.970113,46.126193],[-122.970303,46.1262],[-122.970355,46.126164],[-122.970355,46.12606],[-122.970303,46.126024],[-122.970155,46.126024],[-122.970105,46.126055]],[[-122.970361,46.122102],[-122.9703,46.12205],[-122.970136,46.122071],[-122.970103,46.122105],[-122.970094,46.122217],[-122.970152,46.122242],[-122.970326,46.122233],[-122.970359,46.122199],[-122.970361,46.122102]],[[-122.970614,46.121939],[-122.970638,46.121837],[-122.970599,46.121799],[-122.970409,46.121796],[-122.970362,46.121836],[-122.970366,46.121952],[-122.970428,46.121985],[-122.970572,46.121968],[-122.970614,46.121939]],[[-122.971009,46.125934],[-122.971,46.125786],[-122.970958,46.125756],[-122.970876,46.125752],[-122.970842,46.125671],[-122.970747,46.125662],[-122.970729,46.125502],[-122.970677,46.125482],[-122.970517,46.125494],[-122.970488,46.125536],[-122.970488,46.125932],[-122.970453,46.125975],[-122.970505,46.126092],[-122.970617,46.126112],[-122.970623,46.126169],[-122.970665,46.126198],[-122.970828,46.126198],[-122.97087,46.126169],[-122.970876,46.126112],[-122.97095,46.12611],[-122.970996,46.126084],[-122.97104,46.12598],[-122.971009,46.125934]],[[-122.970939,46.122086],[-122.971089,46.122058],[-122.971131,46.122029],[-122.971114,46.121898],[-122.97106,46.121882],[-122.970772,46.121898],[-122.970749,46.121936],[-122.970772,46.122046],[-122.970939,46.122086]],[[-122.971524,46.125303],[-122.971605,46.125298],[-122.971647,46.125269],[-122.971647,46.125066],[-122.971598,46.125035],[-122.971394,46.125032],[-122.971333,46.125008],[-122.971164,46.125045],[-122.971135,46.125122],[-122.971034,46.125135],[-122.971006,46.125212],[-122.970918,46.125219],[-122.970877,46.125261],[-122.97089,46.125368],[-122.971006,46.125392],[-122.971015,46.125454],[-122.971076,46.125482],[-122.971484,46.125489],[-122.971522,46.125453],[-122.971524,46.125303]],[[-122.971783,46.123004],[-122.971803,46.122738],[-122.971764,46.122699],[-122.97156,46.122702],[-122.971525,46.122741],[-122.971525,46.122872],[-122.971329,46.122873],[-122.971275,46.122901],[-122.971279,46.123028],[-122.971456,46.123076],[-122.971525,46.123052],[-122.971749,46.123043],[-122.971783,46.123004]],[[-122.971592,46.12682],[-122.971441,46.126837],[-122.971399,46.126866],[-122.971374,46.126962],[-122.971421,46.127008],[-122.97159,46.127011],[-122.971646,46.126979],[-122.971644,46.126848],[-122.971592,46.12682]],[[-122.971948,46.12193],[-122.971885,46.121805],[-122.971655,46.121792],[-122.971649,46.121736],[-122.971607,46.121707],[-122.971464,46.121689],[-122.971402,46.121722],[-122.971409,46.121858],[-122.971525,46.121882],[-122.971539,46.121948],[-122.971655,46.121972],[-122.971661,46.122029],[-122.971703,46.122058],[-122.971844,46.122062],[-122.971896,46.122043],[-122.971948,46.12193]],[[-122.972164,46.126529],[-122.972189,46.126428],[-122.97215,46.126389],[-122.971959,46.126387],[-122.971913,46.126426],[-122.971917,46.126543],[-122.971979,46.126576],[-122.972122,46.126558],[-122.972164,46.126529]],[[-122.972413,46.124383],[-122.97245,46.124183],[-122.972423,46.124145],[-122.972248,46.124109],[-122.97207,46.124137],[-122.972023,46.124178],[-122.972055,46.124289],[-122.972171,46.124313],[-122.972181,46.124374],[-122.972234,46.124402],[-122.972368,46.124402],[-122.972413,46.124383]],[[-122.972224,46.122603],[-122.9723,46.122559],[-122.972298,46.122371],[-122.972247,46.122335],[-122.972098,46.122335],[-122.972044,46.122376],[-122.972046,46.122564],[-122.972098,46.1226],[-122.972224,46.122603]],[[-122.97217,46.126832],[-122.972136,46.12687],[-122.972151,46.12691],[-122.97221,46.126936],[-122.972266,46.126927],[-122.972298,46.126893],[-122.972287,46.126843],[-122.972232,46.126819],[-122.97217,46.126832]],[[-122.97222,46.122148],[-122.972364,46.122166],[-122.972419,46.122142],[-122.972428,46.122011],[-122.972376,46.121975],[-122.972228,46.121975],[-122.972176,46.122011],[-122.972176,46.122114],[-122.97222,46.122148]],[[-122.972709,46.122738],[-122.972684,46.122636],[-122.972635,46.122605],[-122.972486,46.122605],[-122.972434,46.122641],[-122.972434,46.122744],[-122.972486,46.12278],[-122.972676,46.122773],[-122.972709,46.122738]],[[-122.973603,46.123748],[-122.973582,46.123617],[-122.973466,46.123593],[-122.973438,46.123515],[-122.973207,46.123503],[-122.973185,46.123429],[-122.973078,46.123413],[-122.973078,46.123323],[-122.973179,46.123311],[-122.973208,46.123233],[-122.973302,46.123224],[-122.973337,46.123143],[-122.973446,46.123136],[-122.973486,46.123092],[-122.973438,46.122885],[-122.973276,46.122849],[-122.973126,46.122877],[-122.973084,46.122906],[-122.973078,46.122963],[-122.972962,46.122987],[-122.972949,46.123053],[-122.972854,46.123055],[-122.972811,46.123078],[-122.972819,46.123233],[-122.972724,46.123242],[-122.97269,46.123323],[-122.972615,46.123325],[-122.972569,46.123351],[-122.972525,46.123455],[-122.972566,46.123559],[-122.972608,46.123589],[-122.972689,46.123593],[-122.972724,46.123674],[-122.972819,46.123683],[-122.972847,46.12376],[-122.972948,46.123773],[-122.972977,46.123851],[-122.973131,46.123886],[-122.973207,46.123863],[-122.973431,46.123854],[-122.973466,46.123773],[-122.973561,46.12377],[-122.973603,46.123748]],[[-122.972606,46.127189],[-122.972757,46.127205],[-122.972808,46.127178],[-122.972811,46.127046],[-122.972755,46.127014],[-122.972586,46.127017],[-122.972539,46.127063],[-122.972564,46.127159],[-122.972606,46.127189]],[[-122.972815,46.128451],[-122.972763,46.128429],[-122.972705,46.128439],[-122.972668,46.128482],[-122.972684,46.128522],[-122.972737,46.128543],[-122.972809,46.12853],[-122.972836,46.128492],[-122.972815,46.128451]],[[-122.97297,46.126187],[-122.973146,46.126215],[-122.973197,46.126188],[-122.973188,46.126043],[-122.973136,46.126023],[-122.972958,46.126034],[-122.972946,46.125873],[-122.972908,46.125836],[-122.972702,46.125852],[-122.972669,46.125899],[-122.972706,46.126093],[-122.972758,46.126112],[-122.972936,46.126102],[-122.97297,46.126187]],[[-122.973076,46.126423],[-122.973016,46.12637],[-122.972831,46.126392],[-122.972798,46.126439],[-122.972831,46.126539],[-122.972986,46.126576],[-122.973043,46.126567],[-122.973075,46.126533],[-122.973076,46.126423]],[[-122.973595,46.125033],[-122.973683,46.125027],[-122.973723,46.124989],[-122.973724,46.124722],[-122.973702,46.124689],[-122.973336,46.124673],[-122.973275,46.124649],[-122.9731,46.124689],[-122.973081,46.124814],[-122.973125,46.124849],[-122.973207,46.124853],[-122.973229,46.125017],[-122.973336,46.125033],[-122.973345,46.125094],[-122.973406,46.125123],[-122.97356,46.125114],[-122.973595,46.125033]],[[-122.973333,46.127281],[-122.973281,46.127259],[-122.973224,46.127269],[-122.973186,46.127312],[-122.973202,46.127352],[-122.973255,46.127373],[-122.973327,46.12736],[-122.973355,46.127322],[-122.973333,46.127281]],[[-122.973398,46.124389],[-122.973248,46.124409],[-122.973208,46.124446],[-122.97321,46.124558],[-122.973267,46.124595],[-122.973418,46.124579],[-122.973464,46.124539],[-122.973453,46.124414],[-122.973398,46.124389]],[[-122.973484,46.125798],[-122.973459,46.125696],[-122.97341,46.125665],[-122.973261,46.125665],[-122.97321,46.125701],[-122.97321,46.125805],[-122.973261,46.125841],[-122.973451,46.125833],[-122.973484,46.125798]],[[-122.973742,46.126518],[-122.973711,46.126407],[-122.973594,46.126383],[-122.973591,46.126331],[-122.973553,46.126299],[-122.973385,46.126293],[-122.973324,46.126323],[-122.973344,46.126444],[-122.97339,46.126471],[-122.973465,46.126473],[-122.973468,46.126525],[-122.973506,46.126557],[-122.973703,46.126556],[-122.973742,46.126518]],[[-122.973726,46.122153],[-122.973807,46.122149],[-122.973852,46.122115],[-122.973832,46.121899],[-122.973778,46.121883],[-122.973408,46.121883],[-122.97336,46.121899],[-122.973318,46.122187],[-122.973339,46.122226],[-122.973387,46.122243],[-122.973671,46.122241],[-122.97372,46.12221],[-122.973726,46.122153]],[[-122.973593,46.124131],[-122.973542,46.124109],[-122.973484,46.124119],[-122.973447,46.124162],[-122.973463,46.124202],[-122.973516,46.124223],[-122.973588,46.12421],[-122.973615,46.124172],[-122.973593,46.124131]],[[-122.973851,46.127101],[-122.973799,46.127079],[-122.973742,46.12709],[-122.973704,46.127132],[-122.97372,46.127172],[-122.973773,46.127193],[-122.973845,46.12718],[-122.973872,46.127143],[-122.973851,46.127101]],[[-122.974388,46.126973],[-122.974348,46.126849],[-122.974241,46.126833],[-122.974207,46.126752],[-122.974112,46.126743],[-122.974112,46.126612],[-122.974084,46.126575],[-122.973806,46.126549],[-122.973741,46.126569],[-122.973716,46.126718],[-122.973758,46.126741],[-122.973853,46.126743],[-122.973871,46.126813],[-122.973982,46.126833],[-122.974017,46.126914],[-122.974112,46.126923],[-122.97414,46.127001],[-122.974343,46.127009],[-122.974388,46.126973]],[[-122.974113,46.125073],[-122.974045,46.12502],[-122.973861,46.125046],[-122.973834,46.125089],[-122.973871,46.125206],[-122.973936,46.125227],[-122.974084,46.125201],[-122.974111,46.12517],[-122.974113,46.125073]],[[-122.974501,46.124493],[-122.974498,46.124441],[-122.97446,46.124409],[-122.974242,46.124403],[-122.974166,46.124379],[-122.974006,46.124419],[-122.973964,46.124533],[-122.974026,46.124582],[-122.974372,46.124583],[-122.97438,46.124658],[-122.974454,46.124687],[-122.974583,46.124669],[-122.974629,46.12463],[-122.974618,46.124517],[-122.974501,46.124493]],[[-122.975572,46.122651],[-122.975532,46.122547],[-122.975496,46.12252],[-122.975279,46.122513],[-122.97527,46.122452],[-122.975216,46.122424],[-122.974891,46.122423],[-122.974877,46.122357],[-122.974813,46.122333],[-122.974291,46.122337],[-122.974249,46.122366],[-122.974243,46.122423],[-122.974142,46.122435],[-122.974114,46.122513],[-122.974019,46.122522],[-122.973984,46.122567],[-122.973988,46.122655],[-122.974039,46.122691],[-122.974175,46.122717],[-122.974245,46.122693],[-122.97489,46.122693],[-122.974919,46.122771],[-122.975149,46.122783],[-122.975162,46.122849],[-122.975227,46.122873],[-122.975367,46.122867],[-122.975405,46.122835],[-122.975408,46.122783],[-122.97552,46.122764],[-122.975572,46.122651]],[[-122.974372,46.124223],[-122.974453,46.124219],[-122.974498,46.124185],[-122.974496,46.123896],[-122.974439,46.123864],[-122.974159,46.123854],[-122.974119,46.123883],[-122.974078,46.123995],[-122.974113,46.124043],[-122.974119,46.124293],[-122.974181,46.124326],[-122.974324,46.124309],[-122.974366,46.12428],[-122.974372,46.124223]],[[-122.974372,46.124983],[-122.974344,46.124942],[-122.974289,46.124929],[-122.974227,46.124952],[-122.974207,46.124991],[-122.974233,46.125028],[-122.974296,46.125047],[-122.974355,46.125027],[-122.974372,46.124983]],[[-122.97916,46.126564],[-122.979142,46.126494],[-122.979031,46.126474],[-122.978996,46.126393],[-122.978901,46.126384],[-122.978873,46.126306],[-122.978772,46.126294],[-122.978743,46.126216],[-122.978643,46.126204],[-122.978614,46.126126],[-122.978513,46.126114],[-122.978485,46.126036],[-122.978175,46.126024],[-122.978106,46.126069],[-122.978125,46.126294],[-122.978008,46.126318],[-122.977995,46.126474],[-122.977888,46.12649],[-122.977866,46.126564],[-122.977348,46.126564],[-122.977272,46.12654],[-122.977117,46.126576],[-122.977089,46.126654],[-122.976865,46.126663],[-122.97683,46.126744],[-122.976571,46.126744],[-122.976558,46.126678],[-122.976442,46.126654],[-122.976407,46.126573],[-122.976183,46.126563],[-122.976183,46.126432],[-122.976155,46.126396],[-122.975924,46.126383],[-122.975907,46.126313],[-122.975795,46.126293],[-122.975782,46.126227],[-122.975665,46.126203],[-122.975662,46.126152],[-122.975624,46.12612],[-122.975407,46.126113],[-122.975406,46.125982],[-122.975378,46.125946],[-122.975148,46.125933],[-122.975139,46.125782],[-122.975093,46.125756],[-122.975018,46.125753],[-122.975019,46.125483],[-122.975249,46.125471],[-122.975276,46.12544],[-122.975276,46.125347],[-122.975236,46.12531],[-122.975148,46.125303],[-122.97512,46.125226],[-122.975019,46.125213],[-122.97499,46.125136],[-122.974889,46.125123],[-122.974883,46.125067],[-122.974834,46.125036],[-122.974693,46.125034],[-122.974643,46.125057],[-122.97463,46.125393],[-122.974556,46.125395],[-122.97451,46.125422],[-122.974501,46.125573],[-122.974406,46.125582],[-122.974371,46.125663],[-122.97429,46.125667],[-122.974245,46.125701],[-122.974255,46.125819],[-122.974371,46.125843],[-122.974394,46.126007],[-122.97463,46.126023],[-122.974653,46.126097],[-122.974759,46.126113],[-122.974794,46.126194],[-122.974889,46.126203],[-122.974911,46.126367],[-122.975147,46.126383],[-122.975161,46.126449],[-122.975277,46.126473],[-122.975283,46.12653],[-122.975325,46.126559],[-122.975536,46.126563],[-122.975558,46.126638],[-122.975665,46.126653],[-122.975683,46.126724],[-122.975794,46.126744],[-122.975812,46.126814],[-122.975924,46.126834],[-122.975942,46.126904],[-122.976053,46.126924],[-122.976066,46.12699],[-122.976183,46.127014],[-122.976189,46.12707],[-122.976238,46.127101],[-122.976407,46.127094],[-122.976442,46.127014],[-122.976571,46.127014],[-122.976632,46.127038],[-122.976701,46.127014],[-122.97683,46.127014],[-122.976891,46.127038],[-122.976959,46.127014],[-122.977087,46.127014],[-122.977158,46.127038],[-122.977218,46.127014],[-122.977422,46.127011],[-122.977471,46.12698],[-122.977477,46.126924],[-122.977594,46.1269],[-122.977607,46.126834],[-122.977719,46.126814],[-122.977736,46.126744],[-122.977866,46.126744],[-122.977879,46.12681],[-122.977995,46.126834],[-122.978023,46.126912],[-122.978254,46.126924],[-122.978271,46.126994],[-122.978383,46.127014],[-122.978418,46.127095],[-122.978513,46.127104],[-122.978541,46.127182],[-122.978716,46.127192],[-122.978766,46.127161],[-122.978772,46.127104],[-122.978888,46.12708],[-122.978901,46.127014],[-122.979013,46.126994],[-122.979031,46.126924],[-122.979142,46.126904],[-122.97916,46.126834],[-122.979234,46.126832],[-122.97928,46.126806],[-122.979286,46.126602],[-122.979242,46.126568],[-122.97916,46.126564]],[[-122.974684,46.121973],[-122.974755,46.12194],[-122.97476,46.121837],[-122.97472,46.1218],[-122.974632,46.121793],[-122.974603,46.121715],[-122.974321,46.121703],[-122.974261,46.121723],[-122.974249,46.12185],[-122.974291,46.121879],[-122.974373,46.121883],[-122.974401,46.121961],[-122.974684,46.121973]],[[-122.974553,46.123773],[-122.974628,46.123735],[-122.974618,46.123617],[-122.974561,46.123593],[-122.974386,46.123603],[-122.974352,46.123649],[-122.974385,46.123749],[-122.974435,46.123772],[-122.974553,46.123773]],[[-122.974552,46.126563],[-122.974626,46.126525],[-122.974621,46.126412],[-122.974567,46.126384],[-122.974412,46.12639],[-122.974372,46.126427],[-122.97438,46.126535],[-122.974433,46.126562],[-122.974552,46.126563]],[[-122.97507,46.126833],[-122.975144,46.126795],[-122.975138,46.126682],[-122.975085,46.126654],[-122.97493,46.12666],[-122.97489,46.126697],[-122.974898,46.126805],[-122.974951,46.126832],[-122.97507,46.126833]],[[-122.975065,46.127549],[-122.975209,46.127567],[-122.975264,46.127543],[-122.975273,46.127412],[-122.975221,46.127376],[-122.975073,46.127376],[-122.975021,46.127412],[-122.975021,46.127515],[-122.975065,46.127549]],[[-122.975278,46.124313],[-122.975297,46.124268],[-122.975264,46.124233],[-122.975191,46.124224],[-122.975141,46.124248],[-122.975131,46.12429],[-122.975167,46.124327],[-122.975225,46.124337],[-122.975278,46.124313]],[[-122.975926,46.122783],[-122.975922,46.122732],[-122.975885,46.1227],[-122.975742,46.12268],[-122.975684,46.1227],[-122.975667,46.122963],[-122.975572,46.122972],[-122.975537,46.123053],[-122.975463,46.123056],[-122.975417,46.123082],[-122.975373,46.123191],[-122.975426,46.123247],[-122.97575,46.123243],[-122.975795,46.123204],[-122.975796,46.123053],[-122.976114,46.123053],[-122.976167,46.123034],[-122.976171,46.122807],[-122.976115,46.122784],[-122.975926,46.122783]],[[-122.97646,46.125084],[-122.976441,46.124883],[-122.976403,46.124847],[-122.976054,46.124853],[-122.976051,46.124802],[-122.976013,46.12477],[-122.975796,46.124763],[-122.975761,46.124683],[-122.975583,46.124664],[-122.97554,46.124698],[-122.975536,46.124763],[-122.975455,46.124767],[-122.975413,46.124797],[-122.975392,46.124999],[-122.975457,46.125033],[-122.975795,46.125033],[-122.975811,46.125116],[-122.975565,46.125136],[-122.975536,46.125213],[-122.975455,46.125217],[-122.975413,46.125247],[-122.975413,46.12536],[-122.975477,46.125393],[-122.976137,46.125403],[-122.976182,46.125364],[-122.976191,46.125238],[-122.976134,46.125214],[-122.975925,46.125213],[-122.975909,46.125131],[-122.976408,46.125121],[-122.97646,46.125084]],[[-122.975975,46.128004],[-122.976051,46.12796],[-122.97603,46.127839],[-122.975975,46.127824],[-122.975805,46.127834],[-122.975781,46.127757],[-122.975665,46.127733],[-122.97563,46.127653],[-122.975488,46.12763],[-122.975428,46.127646],[-122.975412,46.12779],[-122.975454,46.127819],[-122.975535,46.127823],[-122.975558,46.127898],[-122.975613,46.127913],[-122.975783,46.127902],[-122.975822,46.127991],[-122.975975,46.128004]],[[-122.976866,46.124181],[-122.976825,46.124077],[-122.97679,46.12405],[-122.976572,46.124044],[-122.976555,46.123973],[-122.976443,46.123953],[-122.97643,46.123888],[-122.976314,46.123863],[-122.97631,46.123812],[-122.976273,46.12378],[-122.976055,46.123773],[-122.976046,46.123712],[-122.975992,46.123684],[-122.975796,46.123683],[-122.975727,46.123659],[-122.975639,46.123705],[-122.975689,46.123848],[-122.975796,46.123863],[-122.975802,46.12392],[-122.975844,46.123949],[-122.976055,46.123954],[-122.976077,46.124028],[-122.976184,46.124044],[-122.976202,46.124114],[-122.976313,46.124134],[-122.976348,46.124214],[-122.976443,46.124224],[-122.976471,46.124301],[-122.976572,46.124314],[-122.976575,46.124379],[-122.976612,46.12441],[-122.976769,46.124403],[-122.976822,46.124375],[-122.976831,46.124224],[-122.976866,46.124181]],[[-122.976493,46.128724],[-122.976569,46.12868],[-122.976567,46.128492],[-122.976515,46.128456],[-122.976367,46.128456],[-122.976317,46.128487],[-122.976311,46.128544],[-122.976217,46.128546],[-122.976171,46.128573],[-122.976185,46.128685],[-122.976245,46.128723],[-122.976493,46.128724]],[[-122.976442,46.125614],[-122.976382,46.125561],[-122.976218,46.125583],[-122.976184,46.125622],[-122.976196,46.12573],[-122.976253,46.125753],[-122.976408,46.125744],[-122.976441,46.12571],[-122.976442,46.125614]],[[-122.977348,46.126114],[-122.97733,46.126043],[-122.977219,46.126024],[-122.977206,46.125958],[-122.977089,46.125934],[-122.977086,46.125882],[-122.977048,46.12585],[-122.976779,46.125844],[-122.976724,46.125859],[-122.976701,46.125892],[-122.976701,46.126155],[-122.976742,46.126197],[-122.97683,46.126204],[-122.97683,46.126382],[-122.976749,46.126388],[-122.976707,46.126417],[-122.976723,46.126561],[-122.976783,46.126577],[-122.977048,46.126557],[-122.977088,46.12652],[-122.977089,46.126384],[-122.9773,46.12638],[-122.977342,46.12635],[-122.977348,46.126294],[-122.977455,46.126278],[-122.977472,46.126147],[-122.97743,46.126118],[-122.977348,46.126114]],[[-122.978029,46.126077],[-122.977982,46.125958],[-122.977866,46.125934],[-122.977843,46.12586],[-122.977737,46.125844],[-122.977714,46.12577],[-122.977607,46.125754],[-122.977594,46.125508],[-122.977478,46.125484],[-122.977443,46.125403],[-122.977348,46.125394],[-122.97732,46.125316],[-122.977219,46.125304],[-122.977191,46.125226],[-122.977015,46.125216],[-122.976966,46.125247],[-122.97696,46.125304],[-122.976776,46.12529],[-122.976718,46.12531],[-122.976701,46.12543],[-122.976724,46.125468],[-122.976831,46.125484],[-122.976848,46.125554],[-122.97696,46.125574],[-122.976973,46.12564],[-122.977089,46.125664],[-122.977124,46.125745],[-122.977348,46.125754],[-122.977371,46.125828],[-122.977478,46.125844],[-122.977479,46.12607],[-122.977519,46.126107],[-122.977607,46.126114],[-122.977607,46.126259],[-122.977634,46.126295],[-122.977689,46.126308],[-122.977818,46.12629],[-122.97786,46.126261],[-122.977866,46.126204],[-122.977973,46.126188],[-122.978029,46.126077]],[[-122.977107,46.128229],[-122.977082,46.128127],[-122.977033,46.128096],[-122.976872,46.128095],[-122.976812,46.128133],[-122.976835,46.12824],[-122.976885,46.128271],[-122.977075,46.128264],[-122.977107,46.128229]],[[-122.977995,46.127914],[-122.978191,46.127913],[-122.978244,46.127885],[-122.978253,46.127693],[-122.978213,46.12765],[-122.977943,46.127644],[-122.977888,46.12766],[-122.977865,46.127824],[-122.977784,46.127828],[-122.977739,46.127862],[-122.977734,46.128004],[-122.977606,46.128004],[-122.977593,46.127938],[-122.977477,46.127914],[-122.977454,46.12784],[-122.977332,46.127816],[-122.977348,46.127734],[-122.977449,46.12773],[-122.977494,46.127694],[-122.977474,46.127592],[-122.977436,46.12756],[-122.977259,46.12756],[-122.977221,46.127592],[-122.977218,46.127644],[-122.9769,46.127644],[-122.976833,46.127682],[-122.97681,46.127773],[-122.97685,46.127817],[-122.977234,46.127831],[-122.977231,46.12807],[-122.977288,46.128094],[-122.977477,46.128094],[-122.97749,46.12816],[-122.977606,46.128184],[-122.977612,46.128241],[-122.977661,46.128272],[-122.977824,46.128268],[-122.977862,46.128236],[-122.977865,46.128184],[-122.977981,46.12816],[-122.977995,46.127914]],[[-122.977348,46.128363],[-122.977366,46.128319],[-122.977333,46.128283],[-122.97726,46.128275],[-122.97721,46.128299],[-122.9772,46.12834],[-122.977236,46.128377],[-122.977294,46.128387],[-122.977348,46.128363]],[[-122.978274,46.124893],[-122.978226,46.124776],[-122.977996,46.124764],[-122.977987,46.124702],[-122.977926,46.124674],[-122.977404,46.124676],[-122.977355,46.124707],[-122.977349,46.124764],[-122.97726,46.12477],[-122.97722,46.124812],[-122.977248,46.124931],[-122.977478,46.124944],[-122.977501,46.125018],[-122.977607,46.125034],[-122.977611,46.125189],[-122.977682,46.125228],[-122.977973,46.125198],[-122.977996,46.125034],[-122.978102,46.125018],[-122.978125,46.124944],[-122.978253,46.124927],[-122.978274,46.124893]],[[-122.977606,46.128544],[-122.977625,46.128499],[-122.977592,46.128463],[-122.977519,46.128455],[-122.977469,46.128479],[-122.977459,46.12852],[-122.977495,46.128557],[-122.977553,46.128567],[-122.977606,46.128544]],[[-122.977737,46.123994],[-122.97771,46.123953],[-122.977655,46.12394],[-122.977593,46.123963],[-122.977573,46.124002],[-122.977599,46.124039],[-122.977662,46.124058],[-122.97772,46.124037],[-122.977737,46.123994]],[[-122.977885,46.123574],[-122.978065,46.123606],[-122.97812,46.123574],[-122.978124,46.123367],[-122.978071,46.123326],[-122.977929,46.123325],[-122.977873,46.123357],[-122.977833,46.123467],[-122.977885,46.123574]],[[-122.978824,46.124314],[-122.978901,46.124271],[-122.978899,46.124082],[-122.978854,46.124048],[-122.978773,46.124044],[-122.978738,46.123963],[-122.978643,46.123954],[-122.978615,46.123876],[-122.978255,46.123864],[-122.978227,46.123786],[-122.978072,46.12375],[-122.977884,46.123794],[-122.977867,46.12408],[-122.977895,46.124122],[-122.978084,46.124127],[-122.978122,46.124096],[-122.978126,46.124044],[-122.978514,46.124044],[-122.978531,46.124204],[-122.978643,46.124224],[-122.978647,46.124276],[-122.978684,46.124308],[-122.978824,46.124314]],[[-122.978382,46.130474],[-122.978355,46.130433],[-122.978299,46.13042],[-122.978238,46.130443],[-122.978218,46.130482],[-122.978243,46.130519],[-122.978307,46.130538],[-122.978365,46.130518],[-122.978382,46.130474]],[[-122.978671,46.130137],[-122.978635,46.130017],[-122.978593,46.129988],[-122.97832,46.129971],[-122.978258,46.130004],[-122.978234,46.130119],[-122.978287,46.130162],[-122.978511,46.130164],[-122.978588,46.130188],[-122.978671,46.130137]],[[-122.978511,46.131604],[-122.97853,46.131559],[-122.978497,46.131524],[-122.978424,46.131515],[-122.978374,46.131539],[-122.978364,46.131581],[-122.9784,46.131618],[-122.978458,46.131628],[-122.978511,46.131604]],[[-122.979287,46.131466],[-122.979303,46.131189],[-122.979246,46.131155],[-122.978696,46.131156],[-122.978646,46.131187],[-122.97864,46.131244],[-122.978566,46.131246],[-122.97852,46.131273],[-122.978514,46.131386],[-122.978559,46.13142],[-122.97864,46.131424],[-122.978646,46.131481],[-122.978696,46.131512],[-122.979233,46.131512],[-122.979287,46.131466]],[[-122.979698,46.132758],[-122.979881,46.132785],[-122.979933,46.132744],[-122.979935,46.132468],[-122.979912,46.13243],[-122.979805,46.132414],[-122.979788,46.132344],[-122.979676,46.132324],[-122.979667,46.132263],[-122.979613,46.132235],[-122.979451,46.132243],[-122.979417,46.132324],[-122.979158,46.132324],[-122.979158,46.132144],[-122.979375,46.132143],[-122.979428,46.132115],[-122.979389,46.131976],[-122.979089,46.131952],[-122.979034,46.131984],[-122.979028,46.132054],[-122.97871,46.132054],[-122.978658,46.132074],[-122.978653,46.13221],[-122.978769,46.132234],[-122.978804,46.132315],[-122.978899,46.132324],[-122.978927,46.132402],[-122.979028,46.132414],[-122.979051,46.132488],[-122.979287,46.132504],[-122.979288,46.132636],[-122.979316,46.132672],[-122.979676,46.132684],[-122.979698,46.132758]],[[-122.979678,46.126744],[-122.979759,46.12674],[-122.979801,46.126711],[-122.979806,46.126518],[-122.979752,46.126477],[-122.979611,46.126475],[-122.97955,46.126518],[-122.979548,46.126654],[-122.979467,46.126658],[-122.979425,46.126687],[-122.979419,46.126834],[-122.979318,46.126846],[-122.979289,46.126924],[-122.979188,46.126936],[-122.97916,46.127014],[-122.979059,46.127026],[-122.97903,46.127104],[-122.978936,46.127113],[-122.978901,46.127194],[-122.978819,46.127198],[-122.978777,46.127227],[-122.978794,46.127358],[-122.97903,46.127374],[-122.979043,46.12744],[-122.97916,46.127464],[-122.979166,46.127521],[-122.979208,46.12755],[-122.979378,46.127548],[-122.979415,46.127516],[-122.979419,46.127464],[-122.979535,46.12744],[-122.979548,46.127374],[-122.979744,46.127373],[-122.979801,46.127341],[-122.979807,46.126973],[-122.979766,46.126931],[-122.979678,46.126924],[-122.979678,46.126744]],[[-122.979159,46.128494],[-122.979092,46.128441],[-122.978914,46.128478],[-122.978866,46.128592],[-122.978935,46.128715],[-122.979084,46.128738],[-122.979147,46.128713],[-122.979159,46.128494]],[[-122.97903,46.128904],[-122.979049,46.128859],[-122.979016,46.128824],[-122.978943,46.128815],[-122.978893,46.128839],[-122.978883,46.128881],[-122.978919,46.128918],[-122.978977,46.128928],[-122.97903,46.128904]],[[-122.979418,46.130074],[-122.979499,46.13007],[-122.979544,46.130036],[-122.979546,46.129938],[-122.979506,46.129901],[-122.979099,46.129894],[-122.979039,46.129923],[-122.979031,46.130211],[-122.97907,46.130248],[-122.979159,46.130254],[-122.97916,46.130391],[-122.979207,46.13043],[-122.979355,46.130433],[-122.979412,46.130401],[-122.979418,46.130074]],[[-122.980424,46.131772],[-122.980485,46.131636],[-122.980407,46.131582],[-122.980222,46.131617],[-122.980183,46.131705],[-122.979935,46.131694],[-122.979929,46.131638],[-122.979887,46.131608],[-122.979547,46.131604],[-122.979512,46.131523],[-122.979365,46.131514],[-122.979301,46.131538],[-122.979288,46.131604],[-122.979171,46.131628],[-122.979158,46.13173],[-122.979213,46.131782],[-122.979417,46.131784],[-122.97943,46.13194],[-122.979601,46.131978],[-122.979667,46.131949],[-122.979676,46.131874],[-122.979935,46.131874],[-122.980003,46.131898],[-122.980139,46.131872],[-122.980188,46.131841],[-122.980205,46.131773],[-122.980424,46.131772]],[[-122.979552,46.124586],[-122.979495,46.12457],[-122.979437,46.124591],[-122.97942,46.124639],[-122.979447,46.124675],[-122.97951,46.124687],[-122.979569,46.124661],[-122.979583,46.124621],[-122.979552,46.124586]],[[-122.97981,46.128183],[-122.979841,46.128131],[-122.979784,46.12802],[-122.979729,46.128004],[-122.979571,46.12802],[-122.979548,46.128058],[-122.979548,46.128315],[-122.97957,46.128348],[-122.979749,46.128364],[-122.979805,46.128348],[-122.979826,46.128314],[-122.97981,46.128183]],[[-122.984194,46.129961],[-122.984215,46.12983],[-122.984173,46.129807],[-122.984078,46.129805],[-122.984075,46.129753],[-122.984037,46.129721],[-122.983887,46.129691],[-122.983819,46.129715],[-122.98369,46.129715],[-122.983686,46.129573],[-122.983642,46.129539],[-122.98356,46.129535],[-122.98358,46.129405],[-122.983533,46.129359],[-122.983362,46.129331],[-122.983301,46.129355],[-122.983077,46.129364],[-122.983044,46.129398],[-122.983046,46.129496],[-122.98309,46.129531],[-122.983172,46.129535],[-122.983172,46.129625],[-122.982968,46.129627],[-122.982919,46.129658],[-122.982913,46.129715],[-122.982784,46.129715],[-122.98278,46.12965],[-122.982737,46.129616],[-122.982525,46.129625],[-122.982521,46.129393],[-122.982477,46.129359],[-122.982395,46.129353],[-122.982395,46.129265],[-122.982477,46.129261],[-122.982519,46.129231],[-122.982523,46.129128],[-122.982484,46.129091],[-122.982395,46.129085],[-122.982367,46.129007],[-122.982177,46.129001],[-122.98214,46.129033],[-122.982136,46.129085],[-122.981748,46.129085],[-122.981748,46.128995],[-122.98186,46.128975],[-122.981897,46.12887],[-122.981857,46.128821],[-122.981748,46.128815],[-122.981748,46.128725],[-122.981855,46.128709],[-122.981878,46.128635],[-122.982136,46.128635],[-122.982146,46.128786],[-122.982192,46.128812],[-122.982266,46.128815],[-122.982272,46.128871],[-122.982321,46.128902],[-122.982484,46.128898],[-122.982521,46.128866],[-122.982525,46.128815],[-122.982613,46.128808],[-122.982653,46.128771],[-122.982641,46.128659],[-122.982525,46.128635],[-122.982525,46.128365],[-122.982637,46.128345],[-122.982655,46.128185],[-122.982736,46.128181],[-122.982781,46.128146],[-122.982819,46.128052],[-122.982784,46.128005],[-122.982781,46.127863],[-122.982736,46.127829],[-122.982655,46.127825],[-122.982649,46.127768],[-122.982599,46.127737],[-122.982207,46.127735],[-122.982146,46.127763],[-122.982137,46.127825],[-122.982025,46.127844],[-122.982007,46.127915],[-122.981896,46.127934],[-122.981878,46.128005],[-122.981766,46.128024],[-122.981748,46.128095],[-122.981642,46.12811],[-122.981619,46.128184],[-122.981537,46.128189],[-122.981495,46.128218],[-122.981478,46.128335],[-122.981524,46.128362],[-122.981619,46.128365],[-122.981653,46.128445],[-122.981748,46.128455],[-122.981748,46.128545],[-122.981619,46.128544],[-122.981613,46.128488],[-122.981571,46.128459],[-122.981422,46.128456],[-122.981361,46.128498],[-122.98136,46.128634],[-122.981253,46.12865],[-122.98123,46.128724],[-122.981101,46.128724],[-122.981095,46.128654],[-122.981033,46.128621],[-122.980775,46.128635],[-122.980716,46.128673],[-122.980701,46.129055],[-122.980755,46.129083],[-122.980971,46.129085],[-122.980984,46.12915],[-122.981101,46.129175],[-122.981107,46.129231],[-122.981149,46.12926],[-122.981291,46.129289],[-122.98136,46.129265],[-122.981489,46.129265],[-122.981489,46.129624],[-122.98123,46.129624],[-122.981227,46.129393],[-122.981182,46.129359],[-122.981101,46.129354],[-122.981097,46.129303],[-122.98106,46.129271],[-122.98091,46.12924],[-122.980842,46.129264],[-122.980495,46.129271],[-122.980455,46.129308],[-122.980446,46.129419],[-122.980503,46.129444],[-122.980712,46.129444],[-122.980735,46.129519],[-122.980842,46.129535],[-122.980864,46.129699],[-122.981101,46.129715],[-122.9811,46.129894],[-122.980994,46.12991],[-122.980971,46.129984],[-122.980855,46.130008],[-122.980842,46.130074],[-122.980712,46.130074],[-122.980695,46.130004],[-122.980583,46.129984],[-122.980548,46.129904],[-122.980453,46.129894],[-122.980425,46.129817],[-122.980324,46.129804],[-122.980296,46.129727],[-122.980113,46.129718],[-122.980071,46.129748],[-122.980065,46.129804],[-122.97997,46.129807],[-122.979924,46.129834],[-122.979935,46.129984],[-122.979819,46.130008],[-122.979806,46.130164],[-122.979694,46.130184],[-122.979643,46.130307],[-122.979694,46.130415],[-122.979806,46.130434],[-122.979823,46.130505],[-122.979935,46.130524],[-122.979948,46.13059],[-122.980065,46.130614],[-122.980099,46.130695],[-122.980453,46.130704],[-122.980453,46.130926],[-122.980487,46.130965],[-122.980779,46.130973],[-122.980832,46.130946],[-122.980841,46.130885],[-122.980971,46.130885],[-122.980993,46.130959],[-122.9811,46.130975],[-122.981135,46.131055],[-122.98123,46.131065],[-122.981245,46.131147],[-122.980978,46.131167],[-122.980951,46.13121],[-122.98098,46.131306],[-122.981041,46.131334],[-122.981309,46.131334],[-122.981378,46.13129],[-122.981343,46.131162],[-122.981577,46.131148],[-122.981615,46.131116],[-122.981618,46.131065],[-122.981734,46.131041],[-122.981748,46.130975],[-122.981864,46.130951],[-122.981877,46.130705],[-122.982113,46.130689],[-122.982136,46.130525],[-122.982265,46.130525],[-122.982266,46.130656],[-122.982294,46.130692],[-122.982471,46.130716],[-122.982524,46.13067],[-122.982524,46.130435],[-122.982631,46.130419],[-122.982654,46.130345],[-122.982838,46.130359],[-122.9829,46.130334],[-122.982912,46.130213],[-122.982872,46.130171],[-122.982395,46.130165],[-122.982395,46.130075],[-122.982502,46.130059],[-122.982525,46.129985],[-122.982783,46.129985],[-122.982796,46.130051],[-122.982861,46.130075],[-122.983008,46.130066],[-122.983042,46.129985],[-122.983172,46.129985],[-122.983194,46.130059],[-122.983301,46.130075],[-122.983301,46.130165],[-122.983069,46.130164],[-122.983043,46.1302],[-122.983045,46.130306],[-122.983105,46.130344],[-122.983355,46.130359],[-122.983422,46.13033],[-122.983431,46.130255],[-122.98356,46.130255],[-122.983629,46.130279],[-122.983689,46.130255],[-122.983886,46.130254],[-122.983935,46.130231],[-122.983947,46.130028],[-122.983907,46.129991],[-122.983819,46.129985],[-122.983819,46.129895],[-122.983948,46.129895],[-122.983983,46.129976],[-122.98413,46.129985],[-122.984194,46.129961]],[[-122.980843,46.127554],[-122.980839,46.127413],[-122.980795,46.127379],[-122.980713,46.127374],[-122.980713,46.127243],[-122.980679,46.127203],[-122.980325,46.127194],[-122.980312,46.127038],[-122.980156,46.127001],[-122.980079,46.127025],[-122.980066,46.127104],[-122.97995,46.127128],[-122.979946,46.127346],[-122.979992,46.127372],[-122.980066,46.127374],[-122.980089,46.127538],[-122.980195,46.127554],[-122.980208,46.12762],[-122.980325,46.127644],[-122.980353,46.127722],[-122.980454,46.127734],[-122.980454,46.127866],[-122.980489,46.127905],[-122.980652,46.127938],[-122.980829,46.12789],[-122.980842,46.127734],[-122.980937,46.127725],[-122.980972,46.12768],[-122.980959,46.127578],[-122.980843,46.127554]],[[-122.981231,46.126744],[-122.981213,46.126584],[-122.981102,46.126564],[-122.981089,46.126498],[-122.980972,46.126474],[-122.980969,46.126423],[-122.980931,46.126391],[-122.980714,46.126384],[-122.9807,46.126318],[-122.980584,46.126294],[-122.98055,46.126213],[-122.980144,46.126204],[-122.980079,46.126228],[-122.980069,46.126706],[-122.980114,46.12674],[-122.980195,46.126744],[-122.98023,46.126825],[-122.980325,46.126834],[-122.980359,46.126915],[-122.980843,46.126924],[-122.980849,46.126981],[-122.980891,46.12701],[-122.981176,46.127012],[-122.981225,46.126981],[-122.981231,46.126925],[-122.981319,46.126918],[-122.98136,46.126876],[-122.981347,46.126768],[-122.981231,46.126744]],[[-122.980324,46.128634],[-122.980406,46.12863],[-122.980448,46.128601],[-122.980431,46.12847],[-122.980376,46.128454],[-122.980088,46.12847],[-122.980065,46.128508],[-122.980088,46.128708],[-122.980276,46.12872],[-122.980318,46.128691],[-122.980324,46.128634]],[[-122.980327,46.129086],[-122.98027,46.129071],[-122.980212,46.129091],[-122.980195,46.129139],[-122.980222,46.129175],[-122.980285,46.129188],[-122.980344,46.129162],[-122.980358,46.129121],[-122.980327,46.129086]],[[-122.981151,46.132865],[-122.981226,46.132826],[-122.98122,46.132713],[-122.981167,46.132686],[-122.981011,46.132691],[-122.980972,46.132728],[-122.980979,46.132836],[-122.981033,46.132863],[-122.981151,46.132865]],[[-122.981542,46.126295],[-122.981616,46.126256],[-122.98161,46.126143],[-122.981444,46.126092],[-122.981385,46.126098],[-122.981326,46.126157],[-122.98137,46.126266],[-122.981423,46.126293],[-122.981542,46.126295]],[[-122.982011,46.127264],[-122.981985,46.12703],[-122.981878,46.127015],[-122.981865,46.126949],[-122.981749,46.126924],[-122.981745,46.126873],[-122.981708,46.126841],[-122.981573,46.126821],[-122.981512,46.126837],[-122.98149,46.127014],[-122.981395,46.127024],[-122.98136,46.127068],[-122.981373,46.127171],[-122.98149,46.127195],[-122.981512,46.127462],[-122.981572,46.127478],[-122.98172,46.127452],[-122.981749,46.127375],[-122.981865,46.127351],[-122.981878,46.127285],[-122.982011,46.127264]],[[-122.982137,46.126475],[-122.982131,46.126418],[-122.982089,46.126389],[-122.98188,46.126401],[-122.981859,46.12644],[-122.981901,46.126639],[-122.982069,46.126679],[-122.982244,46.126639],[-122.982261,46.126508],[-122.982219,46.126479],[-122.982137,46.126475]],[[-122.982819,46.127152],[-122.982778,46.127048],[-122.982729,46.127017],[-122.982396,46.127015],[-122.982396,46.126925],[-122.982484,46.126918],[-122.982524,46.126881],[-122.982525,46.126703],[-122.982491,46.126664],[-122.982344,46.126655],[-122.982289,46.12667],[-122.982266,46.126835],[-122.982121,46.126827],[-122.982134,46.126769],[-122.982084,46.126734],[-122.981984,46.126762],[-122.981978,46.126808],[-122.982023,46.126842],[-122.982025,46.126995],[-122.982137,46.127015],[-122.982143,46.127071],[-122.982185,46.127101],[-122.982385,46.127094],[-122.982409,46.127171],[-122.982525,46.127195],[-122.98256,46.127276],[-122.982702,46.127298],[-122.982762,46.127282],[-122.982819,46.127152]],[[-122.982915,46.133766],[-122.982911,46.133634],[-122.982883,46.133597],[-122.982706,46.133574],[-122.982658,46.133605],[-122.982653,46.133675],[-122.982534,46.133686],[-122.982522,46.133538],[-122.982468,46.133497],[-122.982305,46.133501],[-122.982268,46.133533],[-122.982264,46.133585],[-122.982183,46.133589],[-122.982138,46.133623],[-122.982136,46.133721],[-122.982176,46.133758],[-122.982512,46.133754],[-122.982525,46.133991],[-122.982578,46.134032],[-122.982707,46.134049],[-122.982765,46.134028],[-122.982782,46.133945],[-122.982864,46.133941],[-122.982906,46.133912],[-122.982946,46.133812],[-122.982915,46.133766]],[[-122.982524,46.126203],[-122.982472,46.126181],[-122.982414,46.126191],[-122.982377,46.126233],[-122.982393,46.126274],[-122.982446,46.126294],[-122.982518,46.126282],[-122.982545,46.126244],[-122.982524,46.126203]],[[-122.982782,46.133175],[-122.982755,46.133134],[-122.9827,46.133121],[-122.982638,46.133144],[-122.982618,46.133183],[-122.982644,46.13322],[-122.982707,46.133239],[-122.982765,46.133218],[-122.982782,46.133175]],[[-122.982965,46.127015],[-122.98304,46.126976],[-122.98303,46.126859],[-122.982973,46.126835],[-122.982798,46.126844],[-122.982764,46.126891],[-122.982797,46.126991],[-122.982847,46.127014],[-122.982965,46.127015]],[[-122.983037,46.128615],[-122.983062,46.1285],[-122.983029,46.128464],[-122.982839,46.128457],[-122.982787,46.128493],[-122.982787,46.128596],[-122.982839,46.128632],[-122.98299,46.128646],[-122.983037,46.128615]],[[-122.983949,46.128905],[-122.983952,46.128745],[-122.983819,46.128725],[-122.983806,46.128659],[-122.98369,46.128635],[-122.983655,46.128554],[-122.983499,46.128521],[-122.983343,46.128551],[-122.983302,46.128594],[-122.983307,46.128871],[-122.983364,46.128904],[-122.98356,46.128905],[-122.983583,46.128979],[-122.98369,46.128995],[-122.98369,46.129085],[-122.98356,46.129085],[-122.983554,46.129028],[-122.983505,46.128997],[-122.983227,46.128997],[-122.983178,46.129028],[-122.983161,46.129096],[-122.982991,46.129085],[-122.982936,46.129101],[-122.982881,46.129207],[-122.982889,46.129248],[-122.982974,46.129289],[-122.983124,46.129261],[-122.983166,46.129231],[-122.983183,46.129164],[-122.983431,46.129175],[-122.983437,46.129232],[-122.983486,46.129263],[-122.983749,46.129265],[-122.98381,46.129236],[-122.983819,46.129175],[-122.984037,46.129169],[-122.984078,46.129126],[-122.984077,46.128948],[-122.984037,46.128911],[-122.983949,46.128905]],[[-122.983513,46.127109],[-122.983363,46.127081],[-122.983207,46.127114],[-122.983172,46.127195],[-122.983078,46.127204],[-122.983043,46.127285],[-122.982962,46.127289],[-122.98292,46.127318],[-122.982919,46.127431],[-122.982962,46.127461],[-122.983059,46.127472],[-122.983043,46.127596],[-122.983091,46.127641],[-122.983267,46.127642],[-122.983321,46.1276],[-122.983284,46.127485],[-122.983157,46.127457],[-122.983173,46.127375],[-122.983383,46.127371],[-122.983425,46.127341],[-122.983431,46.127285],[-122.983513,46.127281],[-122.983555,46.127252],[-122.983552,46.127133],[-122.983513,46.127109]],[[-122.983688,46.134395],[-122.98377,46.134391],[-122.983814,46.134357],[-122.983816,46.134258],[-122.983777,46.134221],[-122.98337,46.134215],[-122.983309,46.134243],[-122.983265,46.134353],[-122.983341,46.134479],[-122.983633,46.134483],[-122.983682,46.134452],[-122.983688,46.134395]],[[-122.983482,46.131335],[-122.983556,46.131297],[-122.983547,46.131179],[-122.98349,46.131155],[-122.983315,46.131164],[-122.983281,46.131211],[-122.983314,46.131311],[-122.983363,46.131334],[-122.983482,46.131335]],[[-122.983481,46.133495],[-122.983556,46.133457],[-122.98355,46.133343],[-122.983497,46.133316],[-122.983341,46.133321],[-122.983302,46.133358],[-122.983309,46.133466],[-122.983363,46.133494],[-122.983481,46.133495]],[[-122.98356,46.130925],[-122.983499,46.130872],[-122.983335,46.130894],[-122.983301,46.130934],[-122.983314,46.131041],[-122.983371,46.131065],[-122.983525,46.131056],[-122.983558,46.131021],[-122.98356,46.130925]],[[-122.983553,46.132112],[-122.983578,46.13201],[-122.983546,46.131974],[-122.983356,46.131967],[-122.983304,46.132003],[-122.983304,46.132107],[-122.983356,46.132143],[-122.983504,46.132143],[-122.983553,46.132112]],[[-122.983561,46.128455],[-122.983579,46.12841],[-122.983547,46.128374],[-122.983481,46.128365],[-122.983428,46.128385],[-122.983412,46.128426],[-122.98345,46.128468],[-122.983507,46.128478],[-122.983561,46.128455]],[[-122.983484,46.130626],[-122.983676,46.130591],[-122.983686,46.130473],[-122.983634,46.130437],[-122.983486,46.130437],[-122.983432,46.130478],[-122.983434,46.13059],[-122.983484,46.130626]],[[-122.983966,46.127965],[-122.98394,46.127853],[-122.983886,46.127826],[-122.983603,46.127826],[-122.983542,46.12787],[-122.983567,46.127972],[-122.983623,46.128004],[-122.983922,46.128001],[-122.983966,46.127965]],[[-122.983837,46.13183],[-122.983813,46.131728],[-122.983763,46.131697],[-122.983615,46.131697],[-122.983563,46.131733],[-122.983563,46.131837],[-122.983615,46.131873],[-122.983805,46.131865],[-122.983837,46.13183]],[[-122.98666,46.132022],[-122.986686,46.131836],[-122.986664,46.131802],[-122.986537,46.131785],[-122.986524,46.131629],[-122.986408,46.131605],[-122.986407,46.131474],[-122.986379,46.131438],[-122.986019,46.131425],[-122.985958,46.131401],[-122.98589,46.131425],[-122.98576,46.131425],[-122.985772,46.131275],[-122.985726,46.131248],[-122.985631,46.131245],[-122.985631,46.131155],[-122.985726,46.131153],[-122.985775,46.131121],[-122.98576,46.130975],[-122.985867,46.130959],[-122.98589,46.130885],[-122.986353,46.130883],[-122.986399,46.130857],[-122.98644,46.130763],[-122.986408,46.130705],[-122.986395,46.130549],[-122.986278,46.130525],[-122.986244,46.130444],[-122.986149,46.130435],[-122.986121,46.130357],[-122.98602,46.130345],[-122.986019,46.130124],[-122.985972,46.130079],[-122.985681,46.130075],[-122.985623,46.1301],[-122.985631,46.130255],[-122.985596,46.130303],[-122.985631,46.130345],[-122.985631,46.130435],[-122.985502,46.130435],[-122.985433,46.130411],[-122.985291,46.130439],[-122.985249,46.130468],[-122.985243,46.130525],[-122.985126,46.130549],[-122.985113,46.130615],[-122.984917,46.130616],[-122.984864,46.130644],[-122.98482,46.130748],[-122.984854,46.130795],[-122.984858,46.131027],[-122.984902,46.131061],[-122.984984,46.131065],[-122.985018,46.131146],[-122.985113,46.131155],[-122.985113,46.131245],[-122.984854,46.131245],[-122.984841,46.131179],[-122.984777,46.131155],[-122.984521,46.131157],[-122.984472,46.131188],[-122.984466,46.131245],[-122.984336,46.131245],[-122.984336,46.131155],[-122.984425,46.131149],[-122.984464,46.131112],[-122.984463,46.131013],[-122.984411,46.130977],[-122.984207,46.130975],[-122.984138,46.130951],[-122.984077,46.130975],[-122.983861,46.130976],[-122.983804,46.13101],[-122.983846,46.131156],[-122.984077,46.131155],[-122.9841,46.131229],[-122.984223,46.131253],[-122.984207,46.131335],[-122.983996,46.131339],[-122.983954,46.131368],[-122.983948,46.131425],[-122.983832,46.131449],[-122.983784,46.131563],[-122.983836,46.131675],[-122.983948,46.131695],[-122.983965,46.131765],[-122.984077,46.131785],[-122.984086,46.131846],[-122.98414,46.131874],[-122.984418,46.131871],[-122.98446,46.131842],[-122.984466,46.131785],[-122.984852,46.131785],[-122.984857,46.131837],[-122.984895,46.131869],[-122.985113,46.131875],[-122.985136,46.131949],[-122.985242,46.131966],[-122.985242,46.132055],[-122.985161,46.132059],[-122.985116,46.132093],[-122.985126,46.132211],[-122.985183,46.132235],[-122.985372,46.132235],[-122.985385,46.132481],[-122.985501,46.132505],[-122.985507,46.132562],[-122.985549,46.132591],[-122.98576,46.132595],[-122.985766,46.132652],[-122.985808,46.132681],[-122.985984,46.132676],[-122.986019,46.132637],[-122.986019,46.132505],[-122.98623,46.132501],[-122.986272,46.132472],[-122.986278,46.132415],[-122.986394,46.132391],[-122.986407,46.132235],[-122.986489,46.132231],[-122.986533,46.132197],[-122.986537,46.132055],[-122.986618,46.132051],[-122.98666,46.132022]],[[-122.984258,46.132955],[-122.984313,46.132939],[-122.984336,46.132906],[-122.984336,46.132734],[-122.984308,46.132697],[-122.984077,46.132685],[-122.984008,46.132661],[-122.983836,46.132705],[-122.983818,46.132816],[-122.983846,46.132853],[-122.984077,46.132865],[-122.984112,46.132946],[-122.984258,46.132955]],[[-122.984465,46.129595],[-122.984486,46.129405],[-122.984464,46.129371],[-122.984337,46.129355],[-122.984319,46.129195],[-122.984148,46.129175],[-122.984081,46.129213],[-122.984078,46.129355],[-122.983854,46.129364],[-122.983821,46.129398],[-122.983819,46.129486],[-122.98386,46.129529],[-122.983948,46.129535],[-122.983954,46.129592],[-122.983996,46.129621],[-122.984139,46.129649],[-122.984207,46.129625],[-122.984399,46.129638],[-122.984465,46.129595]],[[-122.984139,46.127759],[-122.984289,46.127731],[-122.984331,46.127702],[-122.984315,46.127571],[-122.984079,46.127555],[-122.984073,46.127498],[-122.984023,46.127467],[-122.983842,46.127481],[-122.98382,46.127519],[-122.983842,46.127629],[-122.983949,46.127645],[-122.983955,46.127702],[-122.983997,46.127731],[-122.984139,46.127759]],[[-122.984337,46.130615],[-122.984321,46.130263],[-122.984453,46.130231],[-122.984466,46.130124],[-122.984418,46.130079],[-122.984277,46.130075],[-122.984209,46.130118],[-122.984223,46.130247],[-122.984011,46.130256],[-122.983957,46.130283],[-122.983948,46.130525],[-122.983914,46.130573],[-122.983971,46.130689],[-122.984078,46.130705],[-122.984112,46.130786],[-122.98426,46.130819],[-122.984418,46.130791],[-122.984463,46.130757],[-122.984453,46.130639],[-122.984337,46.130615]],[[-122.986943,46.1348],[-122.986912,46.134599],[-122.986795,46.134575],[-122.986761,46.134494],[-122.986666,46.134485],[-122.986666,46.134395],[-122.9867,46.134348],[-122.986643,46.134231],[-122.986277,46.134215],[-122.986255,46.134141],[-122.986148,46.134125],[-122.986139,46.133974],[-122.986093,46.133948],[-122.986019,46.133945],[-122.986015,46.133894],[-122.985978,46.133862],[-122.985828,46.133831],[-122.98576,46.133855],[-122.985501,46.133855],[-122.985485,46.133773],[-122.985582,46.133761],[-122.985627,46.133727],[-122.98563,46.133544],[-122.985589,46.133502],[-122.985501,46.133495],[-122.985495,46.133439],[-122.985453,46.133409],[-122.985284,46.133406],[-122.985225,46.133445],[-122.985255,46.133561],[-122.985371,46.133585],[-122.985387,46.133758],[-122.985255,46.133789],[-122.985248,46.133912],[-122.98529,46.133941],[-122.985371,46.133945],[-122.98538,46.134097],[-122.985426,46.134123],[-122.985501,46.134125],[-122.985535,46.134206],[-122.98563,46.134215],[-122.985658,46.134293],[-122.985889,46.134305],[-122.985912,46.134379],[-122.986018,46.134395],[-122.986022,46.134537],[-122.986066,46.134571],[-122.986148,46.134575],[-122.986148,46.134665],[-122.986018,46.134665],[-122.986009,46.134604],[-122.985956,46.134576],[-122.985641,46.134586],[-122.985569,46.134551],[-122.98549,46.134586],[-122.985371,46.134575],[-122.985348,46.134501],[-122.985242,46.134485],[-122.985219,46.134321],[-122.984983,46.134305],[-122.984982,46.134174],[-122.984954,46.134137],[-122.984724,46.134125],[-122.984711,46.134059],[-122.984595,46.134035],[-122.984589,46.133978],[-122.984547,46.133949],[-122.984336,46.133945],[-122.984323,46.133879],[-122.984206,46.133855],[-122.984203,46.133803],[-122.984165,46.133771],[-122.984022,46.133751],[-122.983956,46.13378],[-122.98396,46.134011],[-122.984077,46.134035],[-122.984083,46.134092],[-122.984125,46.134121],[-122.984335,46.134125],[-122.984349,46.134281],[-122.984465,46.134305],[-122.984499,46.134386],[-122.984594,46.134395],[-122.98461,46.134477],[-122.98456,46.134533],[-122.98461,46.134583],[-122.984595,46.13472],[-122.984628,46.134759],[-122.984798,46.134753],[-122.984852,46.134712],[-122.98484,46.134599],[-122.984708,46.134567],[-122.984724,46.134485],[-122.984853,46.134485],[-122.984871,46.134555],[-122.984983,46.134575],[-122.985,46.134645],[-122.985112,46.134665],[-122.985125,46.134731],[-122.985242,46.134755],[-122.985247,46.134812],[-122.985297,46.134843],[-122.985472,46.134833],[-122.9855,46.134797],[-122.985501,46.134665],[-122.98563,46.134665],[-122.98563,46.134935],[-122.985426,46.134938],[-122.985377,46.134969],[-122.985371,46.135025],[-122.985147,46.135034],[-122.985112,46.135074],[-122.985112,46.135205],[-122.984888,46.135214],[-122.984855,46.135249],[-122.984853,46.135331],[-122.984888,46.135376],[-122.984982,46.135385],[-122.985011,46.135463],[-122.985112,46.135475],[-122.98514,46.135553],[-122.985241,46.135565],[-122.98527,46.135643],[-122.985371,46.135655],[-122.985394,46.135729],[-122.9855,46.135745],[-122.985523,46.135819],[-122.98563,46.135835],[-122.985636,46.135892],[-122.985678,46.135921],[-122.985828,46.135949],[-122.985889,46.135925],[-122.986207,46.135925],[-122.986259,46.135906],[-122.986277,46.135655],[-122.986372,46.135646],[-122.986407,46.135565],[-122.986513,46.13555],[-122.98657,46.135438],[-122.986518,46.135315],[-122.986407,46.135295],[-122.986407,46.135205],[-122.986502,46.135196],[-122.986536,46.135115],[-122.98661,46.135113],[-122.986656,46.135087],[-122.9867,46.134983],[-122.986666,46.134935],[-122.986666,46.134845],[-122.986904,46.134839],[-122.986943,46.1348]],[[-122.984419,46.127199],[-122.984276,46.127182],[-122.984221,46.127206],[-122.984211,46.127337],[-122.984263,46.127373],[-122.984412,46.127373],[-122.984464,46.127337],[-122.984464,46.127233],[-122.984419,46.127199]],[[-122.984519,46.128005],[-122.984595,46.127962],[-122.984593,46.127773],[-122.984541,46.127737],[-122.984392,46.127737],[-122.984339,46.127778],[-122.984341,46.127967],[-122.984392,46.128003],[-122.984519,46.128005]],[[-122.984741,46.132825],[-122.984702,46.132611],[-122.984647,46.132595],[-122.984488,46.132611],[-122.984465,46.132649],[-122.984488,46.132849],[-122.984697,46.132861],[-122.984741,46.132825]],[[-122.984872,46.129945],[-122.984849,46.129568],[-122.984792,46.129536],[-122.984644,46.129539],[-122.984597,46.129578],[-122.984596,46.129805],[-122.984561,46.129847],[-122.984602,46.129952],[-122.984658,46.129984],[-122.98482,46.129983],[-122.984872,46.129945]],[[-122.984984,46.128945],[-122.984924,46.128893],[-122.984739,46.128915],[-122.984706,46.128961],[-122.984738,46.129061],[-122.984795,46.129085],[-122.98495,46.129076],[-122.984983,46.129042],[-122.984984,46.128945]],[[-122.984907,46.128185],[-122.984981,46.128147],[-122.984975,46.128034],[-122.984922,46.128006],[-122.984767,46.128011],[-122.984727,46.128048],[-122.984735,46.128156],[-122.984788,46.128184],[-122.984907,46.128185]],[[-122.984906,46.132595],[-122.98498,46.132557],[-122.984974,46.132444],[-122.984921,46.132416],[-122.984765,46.132421],[-122.984726,46.132459],[-122.984734,46.132567],[-122.984787,46.132594],[-122.984906,46.132595]],[[-122.985622,46.13006],[-122.985648,46.129935],[-122.985604,46.129899],[-122.985383,46.129906],[-122.985371,46.129759],[-122.985338,46.129724],[-122.985184,46.129715],[-122.985127,46.129739],[-122.985114,46.129936],[-122.985148,46.129976],[-122.985361,46.129974],[-122.985401,46.130063],[-122.985549,46.130089],[-122.985622,46.13006]],[[-122.986926,46.128365],[-122.986925,46.128229],[-122.986864,46.128186],[-122.986327,46.128189],[-122.986285,46.128219],[-122.986279,46.128275],[-122.986163,46.128299],[-122.986148,46.128365],[-122.985891,46.128365],[-122.985868,46.128201],[-122.985659,46.128189],[-122.985612,46.128236],[-122.985647,46.128628],[-122.985515,46.128659],[-122.985508,46.128782],[-122.985565,46.128814],[-122.985713,46.128811],[-122.985761,46.128766],[-122.985745,46.128643],[-122.98602,46.128635],[-122.986023,46.128687],[-122.986061,46.128719],[-122.986279,46.128725],[-122.986292,46.128791],[-122.986408,46.128815],[-122.986443,46.128896],[-122.986619,46.128901],[-122.986661,46.128872],[-122.986667,46.128815],[-122.986903,46.128799],[-122.986926,46.128635],[-122.987008,46.128631],[-122.98705,46.128602],[-122.98705,46.128399],[-122.987008,46.128369],[-122.986926,46.128365]],[[-122.98602,46.129625],[-122.986038,46.12958],[-122.986006,46.129545],[-122.985933,46.129536],[-122.985883,46.12956],[-122.985872,46.129602],[-122.985909,46.129639],[-122.985966,46.129649],[-122.98602,46.129625]],[[-122.98633,46.131155],[-122.986404,46.131117],[-122.986398,46.131004],[-122.986345,46.130976],[-122.98619,46.130982],[-122.98615,46.131019],[-122.986158,46.131127],[-122.986211,46.131154],[-122.98633,46.131155]],[[-122.986667,46.129625],[-122.986783,46.129601],[-122.986793,46.129484],[-122.986741,46.129448],[-122.986593,46.129448],[-122.986543,46.129479],[-122.986537,46.129535],[-122.986421,46.129559],[-122.986408,46.129625],[-122.986292,46.129649],[-122.986288,46.129777],[-122.986341,46.129804],[-122.986496,46.129799],[-122.986534,46.129767],[-122.986538,46.129715],[-122.986654,46.129691],[-122.986667,46.129625]],[[-122.987314,46.132595],[-122.9873,46.132529],[-122.987184,46.132505],[-122.987178,46.132449],[-122.987136,46.132419],[-122.986701,46.132424],[-122.986666,46.132505],[-122.986578,46.132512],[-122.986538,46.132549],[-122.98655,46.132931],[-122.986666,46.132955],[-122.986672,46.133012],[-122.986721,46.133043],[-122.987149,46.133036],[-122.987184,46.132955],[-122.987265,46.132951],[-122.987307,46.132922],[-122.987313,46.132775],[-122.987395,46.132771],[-122.98744,46.132737],[-122.98743,46.132619],[-122.987314,46.132595]],[[-122.987321,46.13131],[-122.987301,46.131089],[-122.987184,46.131065],[-122.98715,46.130984],[-122.987055,46.130975],[-122.987075,46.130846],[-122.987047,46.130808],[-122.986844,46.130799],[-122.986802,46.130829],[-122.986796,46.130885],[-122.986684,46.130905],[-122.986659,46.13104],[-122.986701,46.131063],[-122.986796,46.131065],[-122.986819,46.13114],[-122.986925,46.131155],[-122.986925,46.131245],[-122.986891,46.131293],[-122.986953,46.131426],[-122.987008,46.131439],[-122.98715,46.131416],[-122.987184,46.131335],[-122.987279,46.131333],[-122.987321,46.13131]],[[-122.987071,46.133636],[-122.98702,46.133504],[-122.986851,46.133498],[-122.986801,46.133529],[-122.986778,46.133636],[-122.986838,46.133674],[-122.98702,46.133673],[-122.987071,46.133636]],[[-122.987058,46.131604],[-122.987089,46.131552],[-122.987036,46.131502],[-122.986971,46.131493],[-122.986906,46.131528],[-122.986893,46.131574],[-122.986944,46.131619],[-122.987002,46.131629],[-122.987058,46.131604]],[[-122.987608,46.129583],[-122.987564,46.129474],[-122.987511,46.129446],[-122.987314,46.129445],[-122.987245,46.129421],[-122.987068,46.129469],[-122.987064,46.129597],[-122.98711,46.129623],[-122.987185,46.129625],[-122.987185,46.129805],[-122.98715,46.129853],[-122.987203,46.129909],[-122.987268,46.129918],[-122.98743,46.129871],[-122.987444,46.129715],[-122.987525,46.129711],[-122.98757,46.129677],[-122.987608,46.129583]],[[-122.988352,46.132237],[-122.988348,46.132099],[-122.988315,46.132065],[-122.98809,46.132055],[-122.988081,46.131994],[-122.988028,46.131967],[-122.98773,46.131978],[-122.987702,46.132055],[-122.987601,46.132068],[-122.987572,46.132145],[-122.987484,46.132152],[-122.987443,46.132194],[-122.987456,46.132301],[-122.987572,46.132325],[-122.987572,46.132505],[-122.987538,46.132553],[-122.98759,46.132666],[-122.987778,46.132709],[-122.987932,46.132673],[-122.987961,46.132596],[-122.988191,46.132583],[-122.98822,46.132506],[-122.988301,46.132501],[-122.988346,46.132467],[-122.988349,46.132326],[-122.988384,46.132283],[-122.988352,46.132237]],[[-122.989256,46.131606],[-122.989454,46.131618],[-122.989506,46.13159],[-122.989508,46.131459],[-122.989466,46.13143],[-122.989385,46.131426],[-122.989367,46.131355],[-122.989256,46.131336],[-122.989246,46.131274],[-122.989193,46.131247],[-122.989025,46.131258],[-122.988997,46.131335],[-122.988915,46.13134],[-122.988873,46.131369],[-122.988867,46.131515],[-122.988738,46.131515],[-122.988745,46.13127],[-122.988688,46.131246],[-122.988479,46.131245],[-122.98847,46.130644],[-122.988409,46.130616],[-122.988091,46.130615],[-122.988091,46.130526],[-122.988172,46.130521],[-122.988214,46.130492],[-122.988228,46.13037],[-122.988185,46.130348],[-122.988091,46.130345],[-122.988073,46.130275],[-122.987961,46.130255],[-122.987948,46.130189],[-122.987832,46.130165],[-122.987797,46.130085],[-122.987581,46.130088],[-122.987553,46.130126],[-122.987576,46.130217],[-122.987621,46.130251],[-122.987702,46.130255],[-122.987702,46.130344],[-122.987621,46.13035],[-122.987579,46.130379],[-122.987538,46.130478],[-122.987579,46.130582],[-122.987635,46.130614],[-122.987832,46.130615],[-122.987854,46.13069],[-122.987961,46.130706],[-122.987961,46.130885],[-122.98788,46.13089],[-122.987838,46.130919],[-122.987832,46.131101],[-122.987866,46.131146],[-122.987961,46.131156],[-122.987979,46.131316],[-122.988031,46.131335],[-122.98822,46.131336],[-122.988243,46.1315],[-122.988349,46.131516],[-122.988362,46.131581],[-122.988479,46.131606],[-122.988482,46.131657],[-122.98852,46.131689],[-122.988738,46.131696],[-122.988751,46.131762],[-122.988867,46.131786],[-122.988873,46.131842],[-122.988922,46.131873],[-122.989098,46.131863],[-122.989126,46.131786],[-122.989207,46.131781],[-122.98925,46.131752],[-122.989256,46.131606]],[[-122.988513,46.133183],[-122.988444,46.133055],[-122.988297,46.133046],[-122.988233,46.13307],[-122.988219,46.133135],[-122.987831,46.133135],[-122.987762,46.133111],[-122.987613,46.133142],[-122.987573,46.133184],[-122.987581,46.133467],[-122.987627,46.133493],[-122.987702,46.133496],[-122.987736,46.133576],[-122.987831,46.133586],[-122.987834,46.133637],[-122.987872,46.133669],[-122.988178,46.133669],[-122.988216,46.133637],[-122.98822,46.133586],[-122.988314,46.133576],[-122.988349,46.133496],[-122.98843,46.133491],[-122.988472,46.133462],[-122.988478,46.133226],[-122.988513,46.133183]],[[-122.988738,46.129625],[-122.988732,46.129569],[-122.988683,46.129538],[-122.98835,46.129535],[-122.988347,46.12938],[-122.98826,46.129342],[-122.988119,46.129368],[-122.988091,46.129445],[-122.987996,46.129455],[-122.987961,46.129535],[-122.98785,46.129555],[-122.987832,46.129625],[-122.987725,46.129641],[-122.987704,46.129762],[-122.987743,46.129799],[-122.987832,46.129805],[-122.98786,46.129883],[-122.987961,46.129895],[-122.98799,46.129973],[-122.988091,46.129986],[-122.988125,46.130066],[-122.988417,46.130074],[-122.98847,46.130047],[-122.988479,46.129986],[-122.988591,46.129966],[-122.988609,46.129896],[-122.98872,46.129876],[-122.988738,46.129806],[-122.988812,46.129803],[-122.988858,46.129777],[-122.988858,46.129654],[-122.988812,46.129628],[-122.988738,46.129625]],[[-122.988611,46.130257],[-122.98854,46.130231],[-122.988378,46.130268],[-122.98833,46.130374],[-122.988351,46.130419],[-122.988407,46.130435],[-122.98858,46.130423],[-122.988642,46.130308],[-122.988611,46.130257]],[[-122.989258,46.132687],[-122.989246,46.132534],[-122.9892,46.132508],[-122.989126,46.132506],[-122.989117,46.132444],[-122.989063,46.132417],[-122.988534,46.132418],[-122.988484,46.132449],[-122.988478,46.132505],[-122.98839,46.132512],[-122.988351,46.132549],[-122.988355,46.132832],[-122.988397,46.132861],[-122.988478,46.132866],[-122.988496,46.133026],[-122.988654,46.133068],[-122.988737,46.133046],[-122.988941,46.133043],[-122.98899,46.133012],[-122.988996,46.132956],[-122.989232,46.13294],[-122.989255,46.132776],[-122.98929,46.132733],[-122.989258,46.132687]],[[-122.989113,46.133382],[-122.989145,46.133276],[-122.989118,46.133238],[-122.988867,46.133226],[-122.988861,46.133169],[-122.988819,46.13314],[-122.988661,46.133112],[-122.988578,46.133162],[-122.988614,46.133372],[-122.988656,46.133401],[-122.988737,46.133406],[-122.988743,46.133462],[-122.988785,46.133491],[-122.988968,46.133483],[-122.988996,46.133406],[-122.989113,46.133382]],[[-122.988984,46.130052],[-122.989016,46.129941],[-122.988976,46.129902],[-122.988779,46.129902],[-122.988741,46.129934],[-122.988738,46.129985],[-122.988664,46.129988],[-122.988618,46.130014],[-122.988618,46.130137],[-122.988671,46.130164],[-122.988826,46.130159],[-122.988864,46.130127],[-122.988867,46.130076],[-122.988984,46.130052]],[[-122.989384,46.131036],[-122.989405,46.130846],[-122.989383,46.130812],[-122.989256,46.130796],[-122.989275,46.130671],[-122.989254,46.130632],[-122.988997,46.130615],[-122.989008,46.130515],[-122.989186,46.130525],[-122.989243,46.130502],[-122.989256,46.1304],[-122.989233,46.130361],[-122.989038,46.130352],[-122.988986,46.130447],[-122.988806,46.130411],[-122.988723,46.130444],[-122.988703,46.130483],[-122.988738,46.130526],[-122.988739,46.130842],[-122.988779,46.130879],[-122.988867,46.130886],[-122.98889,46.13105],[-122.989339,46.131075],[-122.989384,46.131036]],[[-122.988868,46.130345],[-122.988886,46.130301],[-122.988854,46.130265],[-122.988788,46.130256],[-122.988735,46.130276],[-122.988719,46.130317],[-122.988756,46.130359],[-122.988814,46.130369],[-122.988868,46.130345]],[[-122.98989,46.130412],[-122.989906,46.130096],[-122.989774,46.130076],[-122.98976,46.13001],[-122.989644,46.129986],[-122.989616,46.129908],[-122.989455,46.129896],[-122.989389,46.129934],[-122.989385,46.130076],[-122.989273,46.130095],[-122.989222,46.130219],[-122.989269,46.130322],[-122.989385,46.130346],[-122.989408,46.13042],[-122.989591,46.130459],[-122.989644,46.130436],[-122.98984,46.130435],[-122.98989,46.130412]],[[-122.990268,46.13069],[-122.99031,46.130571],[-122.990277,46.130535],[-122.990095,46.130527],[-122.990042,46.130554],[-122.990032,46.130616],[-122.989921,46.130635],[-122.989892,46.130717],[-122.989655,46.130717],[-122.989583,46.130681],[-122.989522,46.130699],[-122.989495,46.13074],[-122.989516,46.130779],[-122.989644,46.130796],[-122.989644,46.131107],[-122.989672,46.131143],[-122.989833,46.131155],[-122.989885,46.131136],[-122.989938,46.131023],[-122.989903,46.130976],[-122.989903,46.130796],[-122.990129,46.1308],[-122.990162,46.130706],[-122.990268,46.13069]],[[-122.989647,46.131334],[-122.989678,46.131298],[-122.989663,46.131258],[-122.989604,46.131232],[-122.989542,46.131245],[-122.989515,46.131281],[-122.989531,46.131329],[-122.98959,46.131349],[-122.989647,46.131334]],[[-122.990939,46.131156],[-122.991257,46.131155],[-122.991314,46.131132],[-122.991327,46.13085],[-122.991292,46.130805],[-122.99098,46.130802],[-122.990942,46.130834],[-122.990938,46.130886],[-122.990822,46.13091],[-122.990809,46.130976],[-122.990697,46.130995],[-122.990679,46.131066],[-122.990469,46.13107],[-122.990427,46.131099],[-122.990421,46.131156],[-122.990304,46.13118],[-122.990291,46.131246],[-122.990061,46.131258],[-122.990032,46.131336],[-122.989931,46.131348],[-122.989903,46.131426],[-122.989808,46.131435],[-122.989773,46.131516],[-122.989657,46.13154],[-122.989653,46.131667],[-122.989714,46.131695],[-122.989977,46.131693],[-122.990026,46.131662],[-122.990032,46.131606],[-122.990149,46.131582],[-122.990162,46.131516],[-122.990291,46.131516],[-122.990291,46.131606],[-122.990256,46.131653],[-122.990314,46.13177],[-122.990369,46.131786],[-122.990638,46.131779],[-122.990713,46.131659],[-122.990674,46.131549],[-122.990617,46.131517],[-122.990405,46.131508],[-122.990421,46.131426],[-122.990527,46.13141],[-122.99055,46.131336],[-122.990666,46.131312],[-122.99068,46.131246],[-122.99091,46.131233],[-122.990939,46.131156]],[[-122.990421,46.130926],[-122.990393,46.130885],[-122.990338,46.130872],[-122.990277,46.130894],[-122.990257,46.130933],[-122.990282,46.130971],[-122.990346,46.130989],[-122.990404,46.130969],[-122.990421,46.130926]],[[-122.990569,46.130391],[-122.990544,46.130289],[-122.990495,46.130258],[-122.990346,46.130258],[-122.990295,46.130294],[-122.990295,46.130397],[-122.990346,46.130433],[-122.990536,46.130426],[-122.990569,46.130391]],[[-122.990678,46.130704],[-122.990626,46.130682],[-122.990568,46.130692],[-122.990531,46.130734],[-122.990547,46.130775],[-122.9906,46.130795],[-122.990672,46.130783],[-122.990699,46.130745],[-122.990678,46.130704]],[[-122.990939,46.130026],[-122.990911,46.129985],[-122.990856,46.129972],[-122.990794,46.129994],[-122.990774,46.130033],[-122.9908,46.130071],[-122.990863,46.13009],[-122.990922,46.130069],[-122.990939,46.130026]],[[-122.991974,46.132326],[-122.992055,46.132322],[-122.9921,46.132287],[-122.992103,46.132105],[-122.992075,46.132068],[-122.991845,46.132056],[-122.991835,46.131994],[-122.991782,46.131967],[-122.991397,46.131966],[-122.991344,46.131986],[-122.991328,46.132282],[-122.991368,46.132319],[-122.991456,46.132326],[-122.991484,46.132404],[-122.991911,46.132415],[-122.991965,46.132387],[-122.991974,46.132326]],[[-122.991777,46.133212],[-122.991626,46.133232],[-122.991587,46.133269],[-122.991589,46.133381],[-122.991646,46.133418],[-122.991796,46.133402],[-122.991843,46.133362],[-122.991832,46.133237],[-122.991777,46.133212]]]}},{"type":"Feature","properties":{"id":46,"area_m2":72500,"px":725,"rank":2,"persistent":false},"geometry":{"type":"Polygon","coordinates":[[[-122.963509,46.11018],[-122.963508,46.11027],[-122.96332,46.11027],[-122.963263,46.110294],[-122.96325,46.11045],[-122.96312,46.11045],[-122.963117,46.110398],[-122.963079,46.110366],[-122.962862,46.11036],[-122.962862,46.11018],[-122.962896,46.110132],[-122.962858,46.110038],[-122.962814,46.110004],[-122.962732,46.11],[-122.962719,46.109934],[-122.962655,46.10991],[-122.962515,46.109916],[-122.962477,46.109948],[-122.962473,46.109999],[-122.962362,46.110019],[-122.962344,46.110179],[-122.961956,46.110179],[-122.961956,46.109909],[-122.96232,46.109926],[-122.962379,46.109867],[-122.962327,46.109749],[-122.962215,46.109729],[-122.96218,46.109649],[-122.962046,46.109626],[-122.961969,46.10965],[-122.961954,46.109729],[-122.961827,46.109729],[-122.961818,46.109668],[-122.961764,46.10964],[-122.961568,46.109639],[-122.961499,46.109615],[-122.961357,46.109643],[-122.961315,46.109673],[-122.961309,46.109729],[-122.961193,46.109753],[-122.96118,46.109819],[-122.961063,46.109843],[-122.96105,46.109999],[-122.960846,46.110001],[-122.960797,46.110032],[-122.960791,46.110089],[-122.960602,46.110089],[-122.96055,46.110109],[-122.960532,46.110269],[-122.960451,46.110273],[-122.960406,46.110307],[-122.960403,46.110449],[-122.960296,46.110465],[-122.960273,46.110539],[-122.960178,46.110548],[-122.960144,46.110629],[-122.960032,46.110648],[-122.960014,46.110719],[-122.959756,46.110719],[-122.959752,46.110667],[-122.959715,46.110635],[-122.959497,46.110628],[-122.959443,46.110605],[-122.959367,46.110628],[-122.95911,46.110645],[-122.959089,46.110684],[-122.959118,46.11078],[-122.959164,46.110806],[-122.959238,46.110809],[-122.959272,46.110889],[-122.959367,46.110899],[-122.959367,46.110988],[-122.959272,46.110998],[-122.959238,46.111078],[-122.959121,46.111102],[-122.959108,46.111258],[-122.959027,46.111263],[-122.958982,46.111297],[-122.958978,46.111438],[-122.958461,46.111438],[-122.958455,46.111382],[-122.958406,46.111351],[-122.958263,46.111324],[-122.958114,46.111354],[-122.958074,46.111392],[-122.958073,46.111528],[-122.957966,46.111544],[-122.957943,46.111618],[-122.957827,46.111642],[-122.957814,46.111708],[-122.95761,46.11171],[-122.957561,46.111741],[-122.957555,46.111798],[-122.957331,46.111807],[-122.957296,46.111888],[-122.957222,46.11189],[-122.957176,46.111916],[-122.957166,46.112068],[-122.95706,46.112084],[-122.957037,46.112158],[-122.956848,46.112158],[-122.956796,46.112177],[-122.956778,46.112338],[-122.956662,46.112362],[-122.956648,46.112517],[-122.956542,46.112533],[-122.956519,46.112607],[-122.95639,46.112607],[-122.956361,46.11253],[-122.956184,46.112494],[-122.956024,46.112533],[-122.956001,46.112607],[-122.955885,46.112631],[-122.955872,46.112697],[-122.955354,46.112697],[-122.955354,46.112517],[-122.955449,46.112508],[-122.955484,46.112427],[-122.9556,46.112403],[-122.955613,46.112247],[-122.955708,46.112238],[-122.955743,46.112157],[-122.95585,46.112141],[-122.955873,46.111977],[-122.955967,46.111968],[-122.956002,46.111887],[-122.956076,46.111885],[-122.956122,46.111859],[-122.956132,46.111707],[-122.956213,46.111703],[-122.956258,46.111669],[-122.956261,46.111527],[-122.956356,46.111518],[-122.956391,46.111437],[-122.956497,46.111422],[-122.95652,46.111258],[-122.956615,46.111248],[-122.95665,46.111168],[-122.956724,46.111165],[-122.95677,46.111139],[-122.956796,46.111027],[-122.956752,46.110992],[-122.95665,46.110987],[-122.95665,46.110809],[-122.956724,46.110805],[-122.95677,46.110779],[-122.956779,46.110628],[-122.956874,46.110618],[-122.956909,46.110538],[-122.957021,46.110518],[-122.957038,46.110358],[-122.957145,46.110342],[-122.957168,46.110268],[-122.957284,46.110244],[-122.957297,46.110178],[-122.957427,46.110178],[-122.957503,46.110201],[-122.957676,46.110149],[-122.957682,46.109946],[-122.957638,46.109912],[-122.957556,46.109908],[-122.957556,46.109818],[-122.957651,46.109809],[-122.957686,46.109728],[-122.957802,46.109704],[-122.957815,46.109548],[-122.957897,46.109544],[-122.957941,46.10951],[-122.957945,46.109368],[-122.958052,46.109352],[-122.958074,46.109278],[-122.958191,46.109254],[-122.958206,46.109188],[-122.958333,46.109188],[-122.958339,46.109245],[-122.958388,46.109276],[-122.958592,46.109278],[-122.958595,46.109343],[-122.958638,46.109377],[-122.958731,46.109363],[-122.958756,46.109321],[-122.958706,46.109271],[-122.958722,46.109188],[-122.958833,46.109169],[-122.958885,46.109061],[-122.958851,46.109008],[-122.958851,46.108918],[-122.959087,46.108903],[-122.95911,46.108828],[-122.959191,46.108824],[-122.959233,46.108795],[-122.95924,46.108648],[-122.959346,46.108633],[-122.959369,46.108559],[-122.959485,46.108535],[-122.959498,46.108469],[-122.959757,46.108469],[-122.95978,46.108543],[-122.959886,46.108559],[-122.959921,46.10864],[-122.960016,46.108649],[-122.960049,46.108743],[-122.960274,46.108739],[-122.960292,46.108809],[-122.960404,46.108829],[-122.960438,46.10891],[-122.960533,46.108919],[-122.960562,46.108997],[-122.960662,46.109009],[-122.960691,46.109087],[-122.960792,46.109099],[-122.96082,46.109177],[-122.960921,46.109189],[-122.960944,46.109263],[-122.96118,46.109279],[-122.961193,46.109345],[-122.961309,46.109369],[-122.961344,46.10945],[-122.961527,46.109453],[-122.961565,46.109421],[-122.961568,46.109369],[-122.961684,46.109345],[-122.961698,46.109279],[-122.961827,46.109279],[-122.96184,46.109345],[-122.961956,46.109369],[-122.961991,46.10945],[-122.962215,46.10946],[-122.962233,46.10953],[-122.962344,46.10955],[-122.962379,46.10963],[-122.962474,46.10964],[-122.962502,46.109717],[-122.962603,46.10973],[-122.962631,46.109807],[-122.962862,46.10982],[-122.962879,46.10989],[-122.962991,46.10991],[-122.963026,46.109991],[-122.96312,46.11],[-122.963149,46.110078],[-122.96325,46.11009],[-122.963278,46.110168],[-122.963509,46.11018]],[[-122.958755,46.110619],[-122.959041,46.110642],[-122.959096,46.110618],[-122.959109,46.110502],[-122.959074,46.110458],[-122.958979,46.110448],[-122.95898,46.110142],[-122.958957,46.110104],[-122.958591,46.110088],[-122.958588,46.110037],[-122.95855,46.110005],[-122.958333,46.109998],[-122.958332,46.109777],[-122.958278,46.10973],[-122.958127,46.109717],[-122.95808,46.109748],[-122.958074,46.109818],[-122.957838,46.109834],[-122.957818,46.10996],[-122.957863,46.109994],[-122.957944,46.109998],[-122.957967,46.110162],[-122.958203,46.110178],[-122.958221,46.110248],[-122.958332,46.110268],[-122.95835,46.110338],[-122.958462,46.110358],[-122.958479,46.110428],[-122.958591,46.110448],[-122.958604,46.110514],[-122.95872,46.110538],[-122.958755,46.110619]],[[-122.960049,46.110046],[-122.960002,46.109933],[-122.959886,46.109909],[-122.959851,46.109828],[-122.959661,46.109828],[-122.959627,46.109909],[-122.959532,46.109918],[-122.959497,46.109998],[-122.959423,46.110001],[-122.959377,46.110027],[-122.959368,46.110178],[-122.959273,46.110188],[-122.959238,46.110268],[-122.959122,46.110292],[-122.959122,46.110424],[-122.959179,46.110448],[-122.959434,46.110447],[-122.959488,46.11042],[-122.959497,46.110359],[-122.959721,46.11035],[-122.959756,46.110269],[-122.959851,46.11026],[-122.959885,46.110179],[-122.95996,46.110176],[-122.960006,46.11015],[-122.960049,46.110046]]]}},{"type":"Feature","properties":{"id":45,"area_m2":9800,"px":98,"rank":3,"persistent":false},"geometry":{"type":"Polygon","coordinates":[[[-122.958719,46.112788],[-122.958719,46.112878],[-122.958612,46.112894],[-122.958589,46.112968],[-122.9584,46.112968],[-122.958348,46.112988],[-122.95833,46.113148],[-122.958224,46.113164],[-122.958201,46.113238],[-122.958106,46.113247],[-122.958071,46.113328],[-122.95796,46.113348],[-122.957942,46.113418],[-122.957683,46.113418],[-122.957677,46.113348],[-122.957623,46.113315],[-122.957295,46.113328],[-122.957272,46.113254],[-122.957166,46.113238],[-122.957148,46.113167],[-122.957036,46.113148],[-122.957002,46.113067],[-122.956907,46.113058],[-122.956879,46.11298],[-122.956778,46.112968],[-122.956778,46.112878],[-122.956866,46.112871],[-122.956906,46.112834],[-122.956907,46.112518],[-122.957002,46.112509],[-122.957037,46.112428],[-122.957149,46.112408],[-122.957166,46.112248],[-122.957273,46.112232],[-122.957296,46.112158],[-122.957412,46.112134],[-122.957425,46.112068],[-122.957684,46.112068],[-122.957707,46.112142],[-122.957813,46.112158],[-122.957848,46.112239],[-122.957943,46.112248],[-122.957943,46.112338],[-122.957831,46.112358],[-122.957779,46.112476],[-122.957826,46.112584],[-122.957942,46.112608],[-122.957971,46.112686],[-122.958283,46.112694],[-122.958329,46.112655],[-122.958331,46.112518],[-122.958589,46.112518],[-122.958589,46.112608],[-122.958555,46.112656],[-122.958593,46.11275],[-122.958637,46.112784],[-122.958719,46.112788]],[[-122.957476,46.112878],[-122.957551,46.11284],[-122.957537,46.112718],[-122.957425,46.112698],[-122.957419,46.112641],[-122.957377,46.112612],[-122.957194,46.11262],[-122.957166,46.112656],[-122.957184,46.112768],[-122.957295,46.112788],[-122.957299,46.112839],[-122.957336,46.112871],[-122.957476,46.112878]],[[-122.957343,46.113144],[-122.957493,46.11316],[-122.957545,46.113133],[-122.957548,46.113001],[-122.957491,46.112969],[-122.957323,46.112972],[-122.957275,46.113018],[-122.957301,46.113114],[-122.957343,46.113144]],[[-122.957864,46.113058],[-122.957939,46.11302],[-122.957933,46.112907],[-122.95788,46.112879],[-122.957724,46.112884],[-122.957685,46.112921],[-122.957692,46.113029],[-122.957746,46.113057],[-122.957864,46.113058]]]}},{"type":"Feature","properties":{"id":40,"area_m2":8300,"px":83,"rank":4,"persistent":false},"geometry":{"type":"Polygon","coordinates":[[[-122.960657,46.116749],[-122.960657,46.116929],[-122.960324,46.116931],[-122.960275,46.116962],[-122.960269,46.117019],[-122.959623,46.117019],[-122.959561,46.116995],[-122.959492,46.117019],[-122.958975,46.117018],[-122.958969,46.116948],[-122.958921,46.116917],[-122.958586,46.116928],[-122.958587,46.116208],[-122.958846,46.116208],[-122.958861,46.116291],[-122.958812,46.116351],[-122.958885,46.116402],[-122.958966,46.116373],[-122.958959,46.116306],[-122.959087,46.116279],[-122.959106,46.116209],[-122.959363,46.116209],[-122.959372,46.11627],[-122.959426,46.116298],[-122.959751,46.116299],[-122.959757,46.116355],[-122.959807,46.116386],[-122.96014,46.116389],[-122.960162,46.116553],[-122.960269,46.116569],[-122.960282,46.116635],[-122.960398,46.116659],[-122.960402,46.116711],[-122.960439,46.116743],[-122.960657,46.116749]],[[-122.959363,46.116609],[-122.959295,46.116555],[-122.959133,46.116581],[-122.959105,46.116617],[-122.959121,46.116742],[-122.959187,46.116762],[-122.959335,46.116736],[-122.959361,46.116705],[-122.959363,46.116609]],[[-122.959639,46.116529],[-122.959587,46.116398],[-122.959418,46.116391],[-122.959369,46.116422],[-122.959346,46.116529],[-122.959405,46.116568],[-122.959587,46.116566],[-122.959639,46.116529]]]}},{"type":"Feature","properties":{"id":35,"area_m2":7300,"px":73,"rank":5,"persistent":false},"geometry":{"type":"Polygon","coordinates":[[[-122.960398,46.117199],[-122.960397,46.118009],[-122.960268,46.118009],[-122.960199,46.117985],[-122.960138,46.118009],[-122.959942,46.11801],[-122.959889,46.118037],[-122.959878,46.118099],[-122.959621,46.118099],[-122.959612,46.118024],[-122.959546,46.117995],[-122.95939,46.118021],[-122.959362,46.118099],[-122.959233,46.118099],[-122.95921,46.118024],[-122.959103,46.118008],[-122.959104,46.117559],[-122.959292,46.117558],[-122.959349,46.117535],[-122.959363,46.117289],[-122.95958,46.117282],[-122.959618,46.11725],[-122.959621,46.117199],[-122.960398,46.117199]]]}},{"type":"Feature","properties":{"id":34,"area_m2":7200,"px":72,"rank":6,"persistent":false},"geometry":{"type":"Polygon","coordinates":[[[-122.960268,46.118189],[-122.960267,46.118549],[-122.960173,46.118558],[-122.960138,46.118639],[-122.960022,46.118663],[-122.960008,46.118909],[-122.959902,46.118925],[-122.959879,46.118999],[-122.95962,46.118999],[-122.959611,46.118937],[-122.959558,46.11891],[-122.959232,46.118909],[-122.959219,46.118843],[-122.959103,46.118819],[-122.959068,46.118738],[-122.958844,46.118728],[-122.958838,46.118672],[-122.958789,46.118641],[-122.958585,46.118638],[-122.958576,46.118487],[-122.95853,46.118461],[-122.958456,46.118458],[-122.958456,46.118368],[-122.958562,46.118353],[-122.958585,46.118278],[-122.959362,46.118279],[-122.959396,46.11836],[-122.959543,46.118369],[-122.959607,46.118345],[-122.959621,46.118279],[-122.959748,46.118279],[-122.959763,46.118435],[-122.959948,46.118471],[-122.960006,46.118434],[-122.960007,46.118322],[-122.959968,46.118285],[-122.959864,46.118271],[-122.95988,46.118189],[-122.960268,46.118189]]]}},{"type":"Feature","properties":{"id":17,"area_m2":7100,"px":71,"rank":7,"persistent":false},"geometry":{"type":"Polygon","coordinates":[[[-122.97657,46.129894],[-122.97657,46.130074],[-122.976463,46.130089],[-122.97644,46.130164],[-122.976181,46.130164],[-122.976178,46.130112],[-122.97614,46.13008],[-122.975923,46.130073],[-122.975905,46.130003],[-122.975793,46.129983],[-122.975759,46.129903],[-122.975664,46.129893],[-122.975635,46.129816],[-122.975534,46.129803],[-122.975506,46.129726],[-122.975405,46.129713],[-122.975377,46.129636],[-122.975276,46.129623],[-122.975247,46.129546],[-122.975146,46.129533],[-122.975118,46.129456],[-122.974887,46.129443],[-122.974865,46.129369],[-122.974758,46.129353],[-122.97474,46.129283],[-122.974629,46.129263],[-122.974611,46.129193],[-122.974499,46.129173],[-122.974481,46.129103],[-122.97437,46.129083],[-122.974352,46.129013],[-122.97424,46.128993],[-122.974227,46.128927],[-122.974111,46.128903],[-122.974076,46.128822],[-122.973852,46.128813],[-122.973829,46.128739],[-122.973723,46.128723],[-122.973709,46.128657],[-122.973593,46.128633],[-122.973565,46.128555],[-122.973464,46.128543],[-122.973464,46.128453],[-122.973852,46.128453],[-122.97387,46.128523],[-122.973981,46.128543],[-122.974016,46.128624],[-122.974111,46.128633],[-122.974139,46.128711],[-122.97424,46.128723],[-122.974269,46.128801],[-122.97437,46.128813],[-122.974392,46.128887],[-122.974628,46.128903],[-122.974646,46.128973],[-122.974758,46.128993],[-122.974792,46.129074],[-122.974887,46.129083],[-122.974916,46.129161],[-122.975017,46.129173],[-122.975045,46.129251],[-122.975146,46.129263],[-122.975175,46.129341],[-122.975405,46.129353],[-122.975418,46.129419],[-122.975534,46.129443],[-122.97554,46.1295],[-122.975582,46.129529],[-122.975725,46.129558],[-122.975793,46.129534],[-122.975923,46.129534],[-122.975926,46.129585],[-122.975964,46.129617],[-122.976182,46.129624],[-122.976204,46.129698],[-122.976311,46.129714],[-122.976324,46.12978],[-122.97644,46.129804],[-122.976469,46.129881],[-122.97657,46.129894]]]}},{"type":"Feature","properties":{"id":36,"area_m2":4000,"px":40,"rank":8,"persistent":false},"geometry":{"type":"Polygon","coordinates":[[[-122.961304,46.117559],[-122.961303,46.118009],[-122.960656,46.118009],[-122.960633,46.117935],[-122.960527,46.117919],[-122.960527,46.117379],[-122.960634,46.117363],[-122.960657,46.117289],[-122.960773,46.117265],[-122.960786,46.117199],[-122.961045,46.117199],[-122.961068,46.117273],[-122.961174,46.117289],[-122.961178,46.117521],[-122.961222,46.117555],[-122.961304,46.117559]]]}},{"type":"Feature","properties":{"id":48,"area_m2":4000,"px":40,"rank":9,"persistent":false},"geometry":{"type":"Polygon","coordinates":[[[-122.960272,46.111619],[-122.960272,46.111799],[-122.960171,46.111811],[-122.960143,46.111889],[-122.960042,46.111901],[-122.960013,46.111979],[-122.959919,46.111988],[-122.959884,46.112069],[-122.959772,46.112088],[-122.959754,46.112249],[-122.959496,46.112249],[-122.959487,46.112097],[-122.959441,46.112071],[-122.959366,46.112068],[-122.959367,46.111619],[-122.959473,46.111603],[-122.959496,46.111529],[-122.959612,46.111505],[-122.959628,46.111439],[-122.959884,46.111439],[-122.959919,46.11152],[-122.960143,46.111529],[-122.960166,46.111603],[-122.960272,46.111619]]]}},{"type":"Feature","properties":{"id":38,"area_m2":3800,"px":38,"rank":10,"persistent":false},"geometry":{"type":"Polygon","coordinates":[[[-122.958198,46.117018],[-122.958198,46.117198],[-122.958109,46.117205],[-122.95807,46.117242],[-122.958068,46.117558],[-122.957959,46.117565],[-122.957919,46.117609],[-122.957944,46.117795],[-122.957986,46.117824],[-122.958068,46.117828],[-122.958068,46.118008],[-122.95768,46.118008],[-122.957678,46.117691],[-122.957639,46.117654],[-122.95755,46.117648],[-122.957549,46.117331],[-122.95751,46.117294],[-122.957421,46.117288],[-122.957421,46.117198],[-122.957528,46.117182],[-122.957551,46.117108],[-122.957667,46.117084],[-122.95768,46.117018],[-122.958198,46.117018]]]}},{"type":"Feature","properties":{"id":37,"area_m2":3000,"px":30,"rank":11,"persistent":false},"geometry":{"type":"Polygon","coordinates":[[[-122.958974,46.117199],[-122.958974,46.117918],[-122.958867,46.117934],[-122.958844,46.118008],[-122.958715,46.118008],[-122.958712,46.117943],[-122.958669,46.117909],[-122.958456,46.117918],[-122.958456,46.117828],[-122.958551,46.117819],[-122.958586,46.117738],[-122.95866,46.117736],[-122.958706,46.11771],[-122.958715,46.117607],[-122.95866,46.117561],[-122.958456,46.117558],[-122.958455,46.117332],[-122.958416,46.117295],[-122.958327,46.117288],[-122.958327,46.117108],[-122.958586,46.117108],[-122.958595,46.11717],[-122.958649,46.117197],[-122.958974,46.117199]]]}},{"type":"Feature","properties":{"id":25,"area_m2":2400,"px":24,"rank":12,"persistent":false},"geometry":{"type":"Polygon","coordinates":[[[-122.969323,46.126472],[-122.969322,46.126652],[-122.969193,46.126652],[-122.969176,46.126582],[-122.969064,46.126562],[-122.969029,46.126481],[-122.968934,46.126472],[-122.968906,46.126394],[-122.968805,46.126382],[-122.968777,46.126304],[-122.968676,46.126292],[-122.968647,46.126214],[-122.968546,46.126202],[-122.968518,46.126124],[-122.968287,46.126112],[-122.968265,46.126037],[-122.968158,46.126022],[-122.968145,46.125956],[-122.968029,46.125931],[-122.968,46.125854],[-122.967899,46.125841],[-122.967899,46.125662],[-122.968158,46.125662],[-122.968181,46.125736],[-122.968287,46.125752],[-122.96831,46.125916],[-122.968546,46.125932],[-122.968569,46.126006],[-122.968676,46.126022],[-122.968693,46.126092],[-122.968805,46.126112],[-122.96884,46.126193],[-122.968934,46.126202],[-122.968963,46.12628],[-122.969064,46.126292],[-122.969092,46.12637],[-122.969193,46.126382],[-122.969222,46.12646],[-122.969323,46.126472]]]}},{"type":"Feature","properties":{"id":42,"area_m2":2400,"px":24,"rank":13,"persistent":false},"geometry":{"type":"Polygon","coordinates":[[[-122.958069,46.116478],[-122.958069,46.116568],[-122.957851,46.116574],[-122.957813,46.116606],[-122.95781,46.116658],[-122.957606,46.11666],[-122.957557,46.116691],[-122.957551,46.116748],[-122.957327,46.116757],[-122.957292,46.116838],[-122.957163,46.116838],[-122.957162,46.116707],[-122.957128,46.116667],[-122.956904,46.116658],[-122.956904,46.116478],[-122.957359,46.116477],[-122.957413,46.116449],[-122.957422,46.116388],[-122.957939,46.116388],[-122.957962,46.116462],[-122.958069,46.116478]]]}},{"type":"Feature","properties":{"id":20,"area_m2":2300,"px":23,"rank":14,"persistent":false},"geometry":{"type":"Polygon","coordinates":[[[-122.990809,46.129266],[-122.990809,46.129536],[-122.99068,46.129536],[-122.990657,46.129461],[-122.99055,46.129446],[-122.990537,46.12938],[-122.990421,46.129356],[-122.990393,46.129278],[-122.990292,46.129266],[-122.990274,46.129105],[-122.990162,46.129086],[-122.990128,46.129005],[-122.990033,46.128996],[-122.990004,46.128918],[-122.989903,46.128906],[-122.989875,46.128828],[-122.989774,46.128816],[-122.989745,46.128738],[-122.989644,46.128726],[-122.989644,46.128546],[-122.989774,46.128546],[-122.98978,46.128602],[-122.989829,46.128633],[-122.990033,46.128636],[-122.990039,46.128692],[-122.990081,46.128722],[-122.990291,46.128726],[-122.990259,46.128874],[-122.990314,46.12898],[-122.990421,46.128996],[-122.990434,46.129152],[-122.99055,46.129176],[-122.990556,46.129232],[-122.990598,46.129262],[-122.990809,46.129266]]]}},{"type":"Feature","properties":{"id":49,"area_m2":2300,"px":23,"rank":15,"persistent":false},"geometry":{"type":"Polygon","coordinates":[[[-122.958849,46.111708],[-122.958849,46.111888],[-122.958742,46.111904],[-122.958719,46.111978],[-122.958603,46.112002],[-122.95859,46.112068],[-122.958257,46.11207],[-122.958208,46.112101],[-122.9582,46.112158],[-122.958072,46.112158],[-122.95805,46.112084],[-122.957943,46.112068],[-122.957943,46.111798],[-122.95805,46.111782],[-122.958073,46.111708],[-122.958202,46.111708],[-122.958215,46.111774],[-122.95828,46.111798],[-122.958426,46.111789],[-122.958461,46.111708],[-122.958849,46.111708]]]}},{"type":"Feature","properties":{"id":44,"area_m2":2000,"px":20,"rank":16,"persistent":false},"geometry":{"type":"Polygon","coordinates":[[[-122.959624,46.113149],[-122.959624,46.113329],[-122.959394,46.113341],[-122.959365,46.113418],[-122.959284,46.113423],[-122.959242,46.113452],[-122.959236,46.113598],[-122.959005,46.113611],[-122.958977,46.113647],[-122.958977,46.113778],[-122.95887,46.113794],[-122.958847,46.113868],[-122.958718,46.113868],[-122.958718,46.113598],[-122.958792,46.113596],[-122.958838,46.11357],[-122.958848,46.113418],[-122.958954,46.113403],[-122.958977,46.113328],[-122.959213,46.113313],[-122.959236,46.113149],[-122.959624,46.113149]]]}},{"type":"Feature","properties":{"id":8,"area_m2":1800,"px":18,"rank":17,"persistent":false},"geometry":{"type":"Polygon","coordinates":[[[-122.982524,46.132415],[-122.982524,46.132505],[-122.982429,46.132514],[-122.982394,46.132595],[-122.98232,46.132597],[-122.982274,46.132623],[-122.982265,46.132775],[-122.982158,46.132791],[-122.982135,46.132865],[-122.98204,46.132874],[-122.982006,46.132955],[-122.981894,46.132974],[-122.981876,46.133045],[-122.981747,46.133045],[-122.981724,46.13297],[-122.981617,46.132955],[-122.981617,46.132865],[-122.981718,46.132852],[-122.981747,46.132775],[-122.981848,46.132762],[-122.981876,46.132685],[-122.981971,46.132676],[-122.982006,46.132595],[-122.98208,46.132592],[-122.982126,46.132566],[-122.982135,46.132325],[-122.982265,46.132325],[-122.982271,46.132381],[-122.98232,46.132412],[-122.982524,46.132415]]]}},{"type":"Feature","properties":{"id":24,"area_m2":1500,"px":15,"rank":18,"persistent":false},"geometry":{"type":"Polygon","coordinates":[[[-122.970617,46.127282],[-122.970616,46.127372],[-122.970358,46.127372],[-122.970335,46.127298],[-122.970228,46.127282],[-122.970211,46.127212],[-122.970099,46.127192],[-122.970064,46.127111],[-122.96997,46.127102],[-122.969941,46.127024],[-122.96984,46.127012],[-122.969812,46.126934],[-122.969711,46.126922],[-122.969682,46.126844],[-122.969581,46.126832],[-122.969553,46.126754],[-122.969452,46.126742],[-122.969452,46.126652],[-122.969711,46.126652],[-122.969734,46.126726],[-122.96984,46.126742],[-122.969858,46.126812],[-122.96997,46.126832],[-122.970004,46.126913],[-122.970099,46.126922],[-122.970127,46.127],[-122.970228,46.127012],[-122.970257,46.12709],[-122.970358,46.127102],[-122.97038,46.127266],[-122.970617,46.127282]]]}},{"type":"Feature","properties":{"id":14,"area_m2":1300,"px":13,"rank":19,"persistent":false},"geometry":{"type":"Polygon","coordinates":[[[-122.982265,46.129895],[-122.982265,46.129985],[-122.982164,46.129997],[-122.982136,46.130075],[-122.98202,46.130099],[-122.982007,46.130165],[-122.9819,46.13018],[-122.981845,46.130287],[-122.981895,46.130415],[-122.982006,46.130435],[-122.982006,46.130615],[-122.981748,46.130615],[-122.981725,46.13054],[-122.981618,46.130525],[-122.981584,46.130444],[-122.981489,46.130435],[-122.981489,46.130345],[-122.981595,46.130329],[-122.981618,46.130255],[-122.981719,46.130242],[-122.981748,46.130165],[-122.981849,46.130152],[-122.981877,46.130075],[-122.981972,46.130066],[-122.982007,46.129985],[-122.982118,46.129965],[-122.982136,46.129895],[-122.982265,46.129895]]]}},{"type":"Feature","properties":{"id":2,"area_m2":1200,"px":12,"rank":20,"persistent":false},"geometry":{"type":"Polygon","coordinates":[[[-122.99029,46.135026],[-122.99029,46.135116],[-122.990184,46.135132],[-122.990161,46.135206],[-122.990066,46.135215],[-122.990031,46.135296],[-122.98992,46.135315],[-122.989902,46.135386],[-122.989773,46.135386],[-122.989773,46.135296],[-122.989884,46.135276],[-122.989922,46.135172],[-122.989882,46.135122],[-122.989773,46.135116],[-122.989773,46.134756],[-122.990032,46.134756],[-122.990045,46.134912],[-122.990161,46.134936],[-122.990196,46.135017],[-122.99029,46.135026]]]}},{"type":"Feature","properties":{"id":32,"area_m2":1200,"px":12,"rank":21,"persistent":false},"geometry":{"type":"Polygon","coordinates":[[[-122.961821,46.11846],[-122.96182,46.118729],[-122.961739,46.118734],[-122.961694,46.118768],[-122.961691,46.118999],[-122.961584,46.119015],[-122.961561,46.119089],[-122.961432,46.119089],[-122.961432,46.118729],[-122.961507,46.118727],[-122.961552,46.118701],[-122.961562,46.118549],[-122.961668,46.118534],[-122.961691,46.11846],[-122.961821,46.11846]]]}},{"type":"Feature","properties":{"id":41,"area_m2":1100,"px":11,"rank":22,"persistent":false},"geometry":{"type":"Polygon","coordinates":[[[-122.958457,46.116568],[-122.958457,46.116928],[-122.958198,46.116928],[-122.958199,46.116298],[-122.958328,46.116298],[-122.958331,46.11653],[-122.958376,46.116564],[-122.958457,46.116568]]]}},{"type":"Feature","properties":{"id":5,"area_m2":900,"px":9,"rank":23,"persistent":false},"geometry":{"type":"Polygon","coordinates":[[[-122.990549,46.134486],[-122.990549,46.134666],[-122.990443,46.134682],[-122.99042,46.134756],[-122.990161,46.134756],[-122.990138,46.134682],[-122.990032,46.134666],[-122.990032,46.134576],[-122.990138,46.13456],[-122.990161,46.134486],[-122.990549,46.134486]]]}},{"type":"Feature","properties":{"id":43,"area_m2":800,"px":8,"rank":24,"persistent":false},"geometry":{"type":"Polygon","coordinates":[[[-122.961824,46.113779],[-122.961824,46.113869],[-122.961735,46.113876],[-122.961696,46.113913],[-122.961694,46.114139],[-122.961565,46.114139],[-122.961542,46.114065],[-122.961436,46.114049],[-122.961436,46.113779],[-122.961824,46.113779]]]}},{"type":"Feature","properties":{"id":47,"area_m2":800,"px":8,"rank":25,"persistent":false},"geometry":{"type":"Polygon","coordinates":[[[-122.96066,46.111979],[-122.96066,46.112249],[-122.960531,46.112249],[-122.960508,46.112175],[-122.960402,46.112159],[-122.960367,46.112078],[-122.960272,46.112069],[-122.960272,46.111889],[-122.960531,46.111889],[-122.960554,46.111963],[-122.96066,46.111979]]]}},{"type":"Feature","properties":{"id":30,"area_m2":700,"px":7,"rank":26,"persistent":false},"geometry":{"type":"Polygon","coordinates":[[[-122.97942,46.123234],[-122.97942,46.123414],[-122.979291,46.123414],[-122.979278,46.123348],[-122.979161,46.123324],[-122.979158,46.123272],[-122.97912,46.12324],[-122.978773,46.123234],[-122.978773,46.123054],[-122.978902,46.123054],[-122.978908,46.123111],[-122.978958,46.123142],[-122.979161,46.123144],[-122.979167,46.123201],[-122.979209,46.12323],[-122.97942,46.123234]]]}},{"type":"Feature","properties":{"id":21,"area_m2":600,"px":6,"rank":27,"persistent":false},"geometry":{"type":"Polygon","coordinates":[[[-122.989774,46.129266],[-122.989774,46.129356],[-122.989667,46.129371],[-122.989644,46.129446],[-122.989515,46.129446],[-122.989492,46.129371],[-122.989385,46.129355],[-122.989385,46.129176],[-122.989644,46.129176],[-122.989667,46.12925],[-122.989774,46.129266]]]}},{"type":"Feature","properties":{"id":23,"area_m2":600,"px":6,"rank":28,"persistent":false},"geometry":{"type":"Polygon","coordinates":[[[-122.975276,46.128813],[-122.975276,46.128903],[-122.975146,46.128903],[-122.975124,46.128829],[-122.975017,46.128813],[-122.974999,46.128743],[-122.974888,46.128723],[-122.974853,46.128642],[-122.974758,46.128633],[-122.97473,46.128556],[-122.974629,46.128543],[-122.974629,46.128453],[-122.974758,46.128453],[-122.974764,46.12851],[-122.974813,46.128541],[-122.975017,46.128543],[-122.97503,46.128699],[-122.975146,46.128723],[-122.975181,46.128804],[-122.975276,46.128813]]]}},{"type":"Feature","properties":{"id":4,"area_m2":500,"px":5,"rank":29,"persistent":false},"geometry":{"type":"Polygon","coordinates":[[[-122.988478,46.134666],[-122.988478,46.134845],[-122.988272,46.134834],[-122.988225,46.134865],[-122.988219,46.134935],[-122.98809,46.134935],[-122.98809,46.134756],[-122.988196,46.13474],[-122.988219,46.134666],[-122.988478,46.134666]]]}},{"type":"Feature","properties":{"id":9,"area_m2":500,"px":5,"rank":30,"persistent":false},"geometry":{"type":"Polygon","coordinates":[[[-122.986148,46.132055],[-122.986148,46.132235],[-122.986019,46.132235],[-122.985996,46.132161],[-122.98589,46.132145],[-122.985855,46.132064],[-122.98576,46.132055],[-122.98576,46.131965],[-122.986019,46.131965],[-122.986042,46.132039],[-122.986148,46.132055]]]}},{"type":"Feature","properties":{"id":12,"area_m2":500,"px":5,"rank":31,"persistent":false},"geometry":{"type":"Polygon","coordinates":[[[-122.976699,46.131064],[-122.976699,46.131154],[-122.976569,46.131154],[-122.976547,46.131079],[-122.97644,46.131064],[-122.976427,46.130998],[-122.976311,46.130974],[-122.976282,46.130896],[-122.976181,46.130884],[-122.976181,46.130794],[-122.97631,46.130794],[-122.976316,46.13085],[-122.976366,46.130881],[-122.976569,46.130884],[-122.976579,46.131035],[-122.976624,46.131061],[-122.976699,46.131064]]]}},{"type":"Feature","properties":{"id":18,"area_m2":500,"px":5,"rank":32,"persistent":false},"geometry":{"type":"Polygon","coordinates":[[[-122.976829,46.129714],[-122.976829,46.129804],[-122.97657,46.129804],[-122.976547,46.129729],[-122.976441,46.129714],[-122.976427,46.129648],[-122.976311,46.129624],[-122.976283,46.129546],[-122.976182,46.129534],[-122.976182,46.129444],[-122.976311,46.129444],[-122.976329,46.129514],[-122.97644,46.129534],[-122.976454,46.1296],[-122.97657,46.129624],[-122.976604,46.129705],[-122.976829,46.129714]]]}},{"type":"Feature","properties":{"id":26,"area_m2":500,"px":5,"rank":33,"persistent":false},"geometry":{"type":"Polygon","coordinates":[[[-122.96777,46.125482],[-122.96777,46.125571],[-122.967511,46.125571],[-122.967508,46.12552],[-122.96747,46.125488],[-122.967252,46.125481],[-122.967252,46.125391],[-122.96764,46.125391],[-122.967663,46.125466],[-122.96777,46.125482]]]}},{"type":"Feature","properties":{"id":27,"area_m2":500,"px":5,"rank":34,"persistent":false},"geometry":{"type":"Polygon","coordinates":[[[-122.966864,46.124941],[-122.966864,46.125121],[-122.966735,46.125121],[-122.966712,46.125047],[-122.966605,46.125031],[-122.966571,46.12495],[-122.966476,46.124941],[-122.966476,46.124851],[-122.966735,46.124851],[-122.966758,46.124925],[-122.966864,46.124941]]]}},{"type":"Feature","properties":{"id":28,"area_m2":500,"px":5,"rank":35,"persistent":false},"geometry":{"type":"Polygon","coordinates":[[[-122.966347,46.124581],[-122.966346,46.124761],[-122.966088,46.124761],[-122.966065,46.124687],[-122.965958,46.124671],[-122.965958,46.124581],[-122.966347,46.124581]]]}},{"type":"Feature","properties":{"id":31,"area_m2":500,"px":5,"rank":36,"persistent":false},"geometry":{"type":"Polygon","coordinates":[[[-122.976702,46.122154],[-122.976702,46.122424],[-122.976573,46.122423],[-122.976567,46.122367],[-122.976518,46.122336],[-122.976314,46.122333],[-122.976314,46.122244],[-122.976518,46.122241],[-122.976567,46.12221],[-122.976573,46.122154],[-122.976702,46.122154]]]}},{"type":"Feature","properties":{"id":33,"area_m2":500,"px":5,"rank":37,"persistent":false},"geometry":{"type":"Polygon","coordinates":[[[-122.962079,46.11873],[-122.962079,46.119],[-122.96182,46.118999],[-122.96182,46.11882],[-122.961927,46.118804],[-122.96195,46.11873],[-122.962079,46.11873]]]}},{"type":"Feature","properties":{"id":39,"area_m2":500,"px":5,"rank":38,"persistent":false},"geometry":{"type":"Polygon","coordinates":[[[-122.966092,46.117651],[-122.966092,46.117741],[-122.965964,46.117741],[-122.965959,46.117689],[-122.965922,46.117657],[-122.965704,46.117651],[-122.965681,46.117577],[-122.965575,46.117561],[-122.965575,46.117471],[-122.965833,46.117471],[-122.965856,46.117545],[-122.965963,46.117561],[-122.965997,46.117642],[-122.966092,46.117651]]]}},{"type":"Feature","properties":{"id":6,"area_m2":400,"px":4,"rank":39,"persistent":false},"geometry":{"type":"Polygon","coordinates":[[[-122.991197,46.134216],[-122.991197,46.134396],[-122.99109,46.134412],[-122.991067,46.134486],[-122.990951,46.13451],[-122.990938,46.134576],[-122.990808,46.134576],[-122.990808,46.134486],[-122.990903,46.134477],[-122.990938,46.134396],[-122.991012,46.134393],[-122.991058,46.134367],[-122.991067,46.134216],[-122.991197,46.134216]]]}},{"type":"Feature","properties":{"id":7,"area_m2":400,"px":4,"rank":40,"persistent":false},"geometry":{"type":"Polygon","coordinates":[[[-122.990938,46.133946],[-122.990938,46.134126],[-122.990809,46.134126],[-122.990803,46.134069],[-122.990753,46.134038],[-122.99055,46.134036],[-122.99055,46.133946],[-122.990938,46.133946]]]}},{"type":"Feature","properties":{"id":11,"area_m2":400,"px":4,"rank":41,"persistent":false},"geometry":{"type":"Polygon","coordinates":[[[-122.985631,46.130885],[-122.985631,46.130975],[-122.985524,46.130991],[-122.985501,46.131065],[-122.985385,46.131089],[-122.985372,46.131155],[-122.985243,46.131155],[-122.985243,46.131065],[-122.985277,46.131023],[-122.985243,46.130975],[-122.985243,46.130885],[-122.985372,46.130885],[-122.985433,46.130909],[-122.985502,46.130885],[-122.985631,46.130885]]]}},{"type":"Feature","properties":{"id":15,"area_m2":400,"px":4,"rank":42,"persistent":false},"geometry":{"type":"Polygon","coordinates":[[[-122.975663,46.130344],[-122.975663,46.130433],[-122.975405,46.130433],[-122.975382,46.130359],[-122.975275,46.130343],[-122.975275,46.130253],[-122.975534,46.130254],[-122.975557,46.130328],[-122.975663,46.130344]]]}},{"type":"Feature","properties":{"id":19,"area_m2":400,"px":4,"rank":43,"persistent":false},"geometry":{"type":"Polygon","coordinates":[[[-122.974887,46.129533],[-122.974887,46.129623],[-122.974628,46.129623],[-122.974606,46.129549],[-122.974499,46.129533],[-122.974464,46.129452],[-122.97437,46.129443],[-122.97437,46.129353],[-122.974499,46.129353],[-122.974512,46.129419],[-122.974628,46.129443],[-122.974632,46.129495],[-122.974669,46.129527],[-122.974887,46.129533]]]}},{"type":"Feature","properties":{"id":22,"area_m2":400,"px":4,"rank":44,"persistent":false},"geometry":{"type":"Polygon","coordinates":[[[-122.989126,46.129086],[-122.989126,46.129265],[-122.98902,46.129281],[-122.988997,46.129355],[-122.988868,46.129355],[-122.988868,46.129176],[-122.988974,46.12916],[-122.988997,46.129086],[-122.989126,46.129086]]]}},{"type":"Feature","properties":{"id":50,"area_m2":400,"px":4,"rank":45,"persistent":false},"geometry":{"type":"Polygon","coordinates":[[[-122.96312,46.11054],[-122.96312,46.11063],[-122.963013,46.110646],[-122.962991,46.11072],[-122.962861,46.11072],[-122.962839,46.110646],[-122.962732,46.11063],[-122.962732,46.11054],[-122.96312,46.11054]]]}},{"type":"Feature","properties":{"id":51,"area_m2":400,"px":4,"rank":46,"persistent":false},"geometry":{"type":"Polygon","coordinates":[[[-122.962732,46.11009],[-122.962732,46.11027],[-122.962473,46.11027],[-122.962474,46.11009],[-122.962732,46.11009]]]}},{"type":"Feature","properties":{"id":3,"area_m2":300,"px":3,"rank":47,"persistent":false},"geometry":{"type":"Polygon","coordinates":[[[-122.983817,46.135205],[-122.983817,46.135295],[-122.983688,46.135295],[-122.983685,46.135243],[-122.983647,46.135211],[-122.983429,46.135205],[-122.983429,46.135115],[-122.983688,46.135115],[-122.983711,46.135189],[-122.983817,46.135205]]]}},{"type":"Feature","properties":{"id":10,"area_m2":300,"px":3,"rank":48,"persistent":false},"geometry":{"type":"Polygon","coordinates":[[[-122.986278,46.131515],[-122.986278,46.131605],[-122.986171,46.131621],[-122.986148,46.131695],[-122.986019,46.131695],[-122.986019,46.131515],[-122.986278,46.131515]]]}},{"type":"Feature","properties":{"id":13,"area_m2":300,"px":3,"rank":49,"persistent":false},"geometry":{"type":"Polygon","coordinates":[[[-122.988349,46.130886],[-122.988349,46.130975],[-122.988243,46.130991],[-122.98822,46.131065],[-122.988091,46.131065],[-122.988091,46.130886],[-122.988349,46.130886]]]}},{"type":"Feature","properties":{"id":16,"area_m2":300,"px":3,"rank":50,"persistent":false},"geometry":{"type":"Polygon","coordinates":[[[-122.989773,46.130166],[-122.989773,46.130346],[-122.989644,46.130346],[-122.989621,46.130271],[-122.989515,46.130256],[-122.989515,46.130166],[-122.989773,46.130166]]]}},{"type":"Feature","properties":{"id":29,"area_m2":300,"px":3,"rank":51,"persistent":false},"geometry":{"type":"Polygon","coordinates":[[[-122.965959,46.123861],[-122.965959,46.124041],[-122.965829,46.124041],[-122.965807,46.123967],[-122.9657,46.123951],[-122.9657,46.123861],[-122.965959,46.123861]]]}}]}