{"type":"FeatureCollection","features":[{"type":"Feature","properties":{"id":1,"area_m2":1754000,"px":17540,"rank":1,"persistent":false},"geometry":{"type":"Polygon","coordinates":[[[-122.993916,46.132146],[-122.993916,46.132506],[-122.993809,46.132522],[-122.993786,46.132596],[-122.99367,46.13262],[-122.993657,46.132686],[-122.993473,46.132672],[-122.99342,46.132689],[-122.993398,46.132776],[-122.993303,46.132785],[-122.993268,46.132866],[-122.993194,46.132868],[-122.993148,46.132894],[-122.993139,46.133046],[-122.993009,46.133046],[-122.993,46.132984],[-122.992947,46.132957],[-122.992785,46.132965],[-122.992749,46.133046],[-122.992621,46.133046],[-122.992615,46.132989],[-122.992566,46.132958],[-122.992437,46.132942],[-122.992379,46.132962],[-122.992362,46.133136],[-122.992267,46.133145],[-122.992233,46.133226],[-122.992116,46.13325],[-122.992103,46.133406],[-122.992002,46.133418],[-122.991974,46.133496],[-122.991873,46.133508],[-122.991844,46.133586],[-122.991743,46.133598],[-122.991715,46.133676],[-122.991614,46.133688],[-122.991585,46.133766],[-122.99149,46.133775],[-122.991456,46.133856],[-122.991381,46.133858],[-122.991336,46.133884],[-122.991326,46.134036],[-122.991238,46.134042],[-122.991198,46.134079],[-122.991197,46.134216],[-122.991162,46.134258],[-122.991197,46.134306],[-122.991197,46.134396],[-122.991096,46.134408],[-122.991067,46.134486],[-122.990966,46.134498],[-122.990938,46.134576],[-122.990837,46.134588],[-122.990808,46.134666],[-122.990707,46.134678],[-122.990679,46.134756],[-122.990584,46.134765],[-122.990549,46.134846],[-122.990438,46.134865],[-122.99042,46.134936],[-122.990313,46.134952],[-122.99029,46.135116],[-122.990184,46.135132],[-122.990161,46.135206],[-122.99006,46.135218],[-122.990031,46.135296],[-122.98993,46.135308],[-122.989902,46.135386],[-122.989807,46.135395],[-122.989772,46.135476],[-122.989661,46.135495],[-122.989643,46.135566],[-122.989425,46.135572],[-122.989387,46.135604],[-122.989384,46.135656],[-122.988662,46.135658],[-122.988613,46.135689],[-122.988607,46.135746],[-122.988377,46.135758],[-122.988348,46.135835],[-122.987831,46.135835],[-122.987817,46.135769],[-122.987753,46.135745],[-122.987606,46.135755],[-122.987572,46.135835],[-122.987313,46.135835],[-122.987295,46.135675],[-122.987243,46.135656],[-122.987102,46.13566],[-122.98706,46.135689],[-122.987054,46.135745],[-122.986953,46.135758],[-122.986924,46.135835],[-122.986823,46.135848],[-122.986795,46.135925],[-122.986706,46.135932],[-122.986667,46.135969],[-122.986683,46.136086],[-122.986735,46.136105],[-122.986924,46.136105],[-122.986924,46.136195],[-122.986564,46.136208],[-122.986536,46.136285],[-122.986441,46.136294],[-122.986406,46.136375],[-122.986332,46.136378],[-122.986286,46.136404],[-122.986277,46.136555],[-122.98617,46.136571],[-122.986147,46.136645],[-122.986031,46.136669],[-122.986018,46.136735],[-122.985888,46.136735],[-122.985871,46.136575],[-122.985818,46.136556],[-122.98563,46.136555],[-122.985607,46.136481],[-122.9855,46.136465],[-122.9855,46.136375],[-122.98563,46.136375],[-122.985691,46.136399],[-122.985759,46.136375],[-122.985888,46.136375],[-122.985923,46.136456],[-122.986092,46.136463],[-122.986138,46.136437],[-122.986181,46.136338],[-122.986138,46.136224],[-122.986077,46.136196],[-122.98563,46.136195],[-122.985607,46.136121],[-122.9855,46.136105],[-122.9855,46.135974],[-122.985472,46.135937],[-122.985241,46.135925],[-122.985228,46.135859],[-122.985112,46.135835],[-122.985106,46.135779],[-122.985064,46.135749],[-122.984853,46.135745],[-122.98483,46.135671],[-122.984724,46.135655],[-122.984706,46.135585],[-122.984594,46.135565],[-122.98456,46.135484],[-122.984465,46.135475],[-122.984436,46.135397],[-122.984335,46.135385],[-122.984335,46.135295],[-122.984552,46.135294],[-122.984606,46.135265],[-122.984591,46.135063],[-122.984546,46.135029],[-122.984465,46.135025],[-122.984459,46.134878],[-122.984417,46.134849],[-122.984335,46.134845],[-122.984308,46.134754],[-122.984077,46.134755],[-122.984077,46.134449],[-122.984054,46.134411],[-122.983873,46.134397],[-122.983824,46.134428],[-122.983818,46.134485],[-122.983688,46.134485],[-122.983688,46.134395],[-122.98377,46.134391],[-122.983814,46.134357],[-122.983818,46.134215],[-122.983852,46.134173],[-122.983832,46.134134],[-122.983741,46.134101],[-122.983587,46.134137],[-122.983559,46.134215],[-122.983218,46.134219],[-122.983176,46.134248],[-122.98317,46.134305],[-122.982653,46.134305],[-122.982653,46.134215],[-122.982864,46.134211],[-122.982906,46.134182],[-122.982912,46.134125],[-122.982993,46.134121],[-122.983035,46.134092],[-122.983041,46.133639],[-122.982979,46.133586],[-122.982782,46.133585],[-122.982721,46.133561],[-122.982653,46.133585],[-122.982523,46.133585],[-122.982508,46.133502],[-122.982612,46.133488],[-122.982651,46.133451],[-122.982649,46.133353],[-122.982598,46.133317],[-122.982417,46.133331],[-122.982394,46.133369],[-122.98241,46.133487],[-122.982312,46.133499],[-122.98227,46.133528],[-122.982264,46.133675],[-122.98223,46.133717],[-122.982264,46.133765],[-122.982264,46.133945],[-122.982135,46.133945],[-122.982129,46.133888],[-122.98208,46.133857],[-122.981876,46.133855],[-122.98187,46.133798],[-122.981828,46.133769],[-122.981617,46.133765],[-122.981608,46.133613],[-122.981562,46.133587],[-122.981488,46.133585],[-122.981488,46.133315],[-122.981617,46.133315],[-122.98164,46.133389],[-122.981747,46.133405],[-122.98175,46.13347],[-122.981786,46.133502],[-122.981964,46.133488],[-122.982002,46.133456],[-122.982024,46.13336],[-122.981978,46.133319],[-122.981876,46.133315],[-122.981876,46.133135],[-122.982135,46.133135],[-122.982204,46.133159],[-122.982346,46.133131],[-122.982388,46.133101],[-122.982394,46.133045],[-122.98251,46.133021],[-122.982524,46.132955],[-122.982635,46.132935],[-122.982653,46.132865],[-122.982765,46.132845],[-122.982783,46.132775],[-122.982894,46.132755],[-122.982912,46.132685],[-122.983041,46.132685],[-122.983076,46.132766],[-122.98324,46.132787],[-122.983295,46.132755],[-122.9833,46.132685],[-122.983511,46.132681],[-122.983553,46.132652],[-122.983559,46.132595],[-122.983641,46.132591],[-122.983683,46.132562],[-122.983688,46.132374],[-122.983654,46.132334],[-122.98343,46.132325],[-122.983421,46.132263],[-122.983367,46.132236],[-122.982912,46.132235],[-122.982911,46.132008],[-122.982871,46.131971],[-122.982783,46.131965],[-122.982782,46.131743],[-122.982754,46.131707],[-122.982524,46.131695],[-122.982463,46.131671],[-122.982394,46.131695],[-122.982136,46.131695],[-122.982067,46.131671],[-122.981932,46.131697],[-122.981883,46.131728],[-122.981877,46.131785],[-122.98176,46.131809],[-122.981747,46.131875],[-122.981407,46.131879],[-122.981365,46.131908],[-122.981359,46.131965],[-122.981242,46.131989],[-122.981229,46.132054],[-122.981102,46.132071],[-122.98108,46.132105],[-122.981085,46.13247],[-122.981142,46.132503],[-122.981358,46.132505],[-122.981381,46.132579],[-122.981488,46.132595],[-122.981488,46.132685],[-122.981359,46.132685],[-122.981353,46.132628],[-122.981311,46.132599],[-122.981148,46.132599],[-122.981106,46.132628],[-122.9811,46.132684],[-122.980983,46.132709],[-122.98097,46.132774],[-122.980738,46.132774],[-122.980711,46.132864],[-122.980604,46.13288],[-122.980582,46.132954],[-122.980452,46.132954],[-122.980443,46.132893],[-122.98039,46.132865],[-122.980064,46.132864],[-122.980051,46.132798],[-122.979986,46.132774],[-122.979833,46.132787],[-122.979805,46.132864],[-122.979689,46.132888],[-122.979675,46.132954],[-122.979546,46.132954],[-122.979546,46.132774],[-122.979662,46.13275],[-122.97969,46.132629],[-122.979641,46.132597],[-122.979546,46.132594],[-122.97954,46.132538],[-122.979498,46.132508],[-122.979287,46.132504],[-122.979281,46.132358],[-122.979239,46.132328],[-122.979158,46.132324],[-122.97913,46.132246],[-122.978899,46.132234],[-122.978881,46.132164],[-122.97877,46.132144],[-122.978752,46.132074],[-122.97864,46.132054],[-122.978623,46.131984],[-122.978511,46.131964],[-122.978498,46.131898],[-122.978381,46.131874],[-122.978378,46.131822],[-122.97834,46.13179],[-122.978178,46.131786],[-122.978128,46.131817],[-122.978122,46.131874],[-122.977993,46.131874],[-122.977987,46.131817],[-122.977938,46.131786],[-122.977605,46.131784],[-122.977582,46.13171],[-122.977475,46.131694],[-122.977441,46.131613],[-122.977346,46.131604],[-122.977346,46.131514],[-122.977475,46.131514],[-122.977488,46.13158],[-122.977605,46.131604],[-122.977608,46.131656],[-122.977646,46.131688],[-122.977794,46.131694],[-122.977851,46.13167],[-122.97786,46.131552],[-122.977816,46.131518],[-122.977734,46.131514],[-122.977734,46.131424],[-122.977829,46.131415],[-122.977864,46.131334],[-122.977945,46.13133],[-122.977987,46.131301],[-122.977993,46.131023],[-122.977965,46.130986],[-122.977217,46.130974],[-122.977211,46.130917],[-122.977162,46.130886],[-122.976828,46.130884],[-122.976811,46.130813],[-122.976699,46.130794],[-122.976686,46.130728],[-122.97657,46.130704],[-122.976535,46.130623],[-122.976311,46.130614],[-122.976305,46.130557],[-122.976256,46.130526],[-122.976052,46.130523],[-122.976046,46.130453],[-122.975999,46.130422],[-122.975793,46.130433],[-122.97578,46.130278],[-122.975664,46.130253],[-122.975629,46.130173],[-122.975534,46.130163],[-122.975534,46.129984],[-122.975636,46.129979],[-122.975681,46.129944],[-122.975651,46.129827],[-122.975534,46.129803],[-122.9755,46.129723],[-122.975405,46.129713],[-122.975377,46.129636],[-122.975276,46.129623],[-122.975247,46.129546],[-122.975146,46.129533],[-122.975118,46.129456],[-122.975017,46.129443],[-122.974988,46.129366],[-122.974758,46.129353],[-122.974735,46.129279],[-122.974629,46.129263],[-122.974594,46.129182],[-122.974499,46.129173],[-122.974499,46.129042],[-122.974471,46.129005],[-122.97424,46.128993],[-122.974227,46.128927],[-122.974111,46.128903],[-122.974082,46.128825],[-122.973852,46.128813],[-122.973839,46.128747],[-122.973723,46.128723],[-122.9737,46.128649],[-122.973577,46.128625],[-122.973593,46.128453],[-122.973628,46.128405],[-122.973568,46.128346],[-122.973255,46.128363],[-122.973202,46.128383],[-122.973185,46.128419],[-122.973214,46.128514],[-122.97326,46.128541],[-122.973334,46.128543],[-122.973369,46.128624],[-122.973479,46.128641],[-122.973464,46.128723],[-122.973334,46.128723],[-122.973328,46.128666],[-122.973286,46.128637],[-122.97313,46.128635],[-122.973077,46.128676],[-122.973075,46.128813],[-122.972816,46.128813],[-122.972794,46.128739],[-122.972687,46.128723],[-122.972687,46.128633],[-122.972816,46.128633],[-122.972893,46.128656],[-122.97298,46.128596],[-122.972933,46.128477],[-122.972817,46.128453],[-122.972813,46.128401],[-122.972776,46.128369],[-122.97262,46.128364],[-122.972567,46.128391],[-122.972558,46.128633],[-122.972428,46.128633],[-122.972405,46.128559],[-122.972299,46.128543],[-122.972299,46.128363],[-122.972488,46.128362],[-122.97254,46.128343],[-122.972573,46.128127],[-122.972523,46.128095],[-122.972429,46.128093],[-122.972423,46.128036],[-122.972381,46.128007],[-122.97217,46.128003],[-122.972169,46.127871],[-122.972135,46.127832],[-122.971911,46.127823],[-122.971905,46.127766],[-122.971856,46.127735],[-122.971652,46.127732],[-122.971629,46.127658],[-122.971523,46.127642],[-122.971522,46.127511],[-122.971488,46.127472],[-122.971134,46.127462],[-122.971135,46.127192],[-122.971229,46.127183],[-122.971264,46.127102],[-122.971376,46.127083],[-122.971428,46.126965],[-122.971376,46.126852],[-122.971264,46.126832],[-122.97123,46.126751],[-122.971135,46.126742],[-122.971106,46.126665],[-122.970944,46.126628],[-122.970781,46.126661],[-122.970747,46.126701],[-122.970746,46.126832],[-122.970617,46.126832],[-122.970608,46.126771],[-122.970554,46.126743],[-122.970099,46.126742],[-122.970082,46.126672],[-122.96997,46.126652],[-122.969935,46.126571],[-122.96984,46.126562],[-122.969812,46.126484],[-122.969711,46.126472],[-122.969683,46.126394],[-122.969582,46.126382],[-122.969553,46.126304],[-122.969452,46.126292],[-122.969424,46.126214],[-122.969193,46.126202],[-122.969188,46.126055],[-122.969146,46.126026],[-122.969064,46.126022],[-122.969036,46.125944],[-122.968805,46.125932],[-122.968788,46.125861],[-122.968676,46.125842],[-122.968641,46.125761],[-122.968547,46.125752],[-122.968518,46.125674],[-122.968417,46.125662],[-122.968389,46.125584],[-122.968158,46.125571],[-122.968136,46.125497],[-122.968029,46.125481],[-122.968011,46.125411],[-122.9679,46.125391],[-122.967865,46.125311],[-122.96777,46.125301],[-122.967742,46.125224],[-122.967641,46.125211],[-122.967612,46.125134],[-122.967511,46.125121],[-122.967483,46.125044],[-122.967382,46.125031],[-122.967354,46.124954],[-122.967253,46.124941],[-122.967224,46.124864],[-122.966994,46.124851],[-122.966993,46.12472],[-122.966965,46.124683],[-122.966735,46.124671],[-122.966729,46.124614],[-122.96668,46.124583],[-122.966476,46.124581],[-122.966453,46.124507],[-122.966347,46.124491],[-122.966312,46.12441],[-122.966217,46.124401],[-122.966195,46.124237],[-122.966088,46.124221],[-122.966075,46.124155],[-122.965959,46.124131],[-122.965924,46.12405],[-122.9657,46.124041],[-122.965677,46.123967],[-122.965571,46.123951],[-122.965565,46.123804],[-122.965523,46.123775],[-122.965441,46.123771],[-122.965418,46.123697],[-122.965182,46.123681],[-122.965165,46.12361],[-122.965053,46.123591],[-122.965018,46.12351],[-122.964924,46.123501],[-122.964895,46.123423],[-122.964794,46.12341],[-122.964766,46.123333],[-122.964665,46.12332],[-122.964636,46.123243],[-122.964536,46.12323],[-122.964507,46.123153],[-122.964277,46.12314],[-122.964254,46.123066],[-122.964147,46.12305],[-122.964141,46.122904],[-122.964099,46.122874],[-122.964018,46.12287],[-122.963991,46.122779],[-122.963759,46.12278],[-122.963736,46.122706],[-122.96363,46.12269],[-122.963629,46.122559],[-122.963601,46.122522],[-122.963371,46.12251],[-122.963358,46.122444],[-122.963242,46.12242],[-122.963236,46.122363],[-122.963194,46.122334],[-122.962983,46.12233],[-122.96296,46.122256],[-122.962854,46.12224],[-122.962836,46.12217],[-122.962724,46.12215],[-122.96269,46.122069],[-122.962595,46.12206],[-122.962566,46.121982],[-122.962465,46.12197],[-122.962485,46.12184],[-122.962458,46.121803],[-122.962207,46.12179],[-122.962178,46.121712],[-122.962024,46.121676],[-122.961948,46.1217],[-122.961689,46.121699],[-122.961676,46.121453],[-122.96156,46.121429],[-122.961525,46.121349],[-122.96143,46.121339],[-122.961402,46.121262],[-122.961301,46.121249],[-122.961273,46.121172],[-122.961172,46.121159],[-122.961156,46.121077],[-122.961274,46.121065],[-122.961318,46.12103],[-122.961273,46.120902],[-122.961077,46.120898],[-122.961043,46.120938],[-122.961058,46.121062],[-122.960913,46.121069],[-122.960907,46.120923],[-122.960865,46.120893],[-122.960784,46.120889],[-122.960755,46.120811],[-122.960525,46.120799],[-122.960512,46.120733],[-122.960395,46.120709],[-122.96039,46.120652],[-122.960348,46.120623],[-122.960137,46.120619],[-122.960131,46.120472],[-122.960089,46.120443],[-122.960007,46.120439],[-122.960004,46.120387],[-122.959966,46.120355],[-122.959817,46.120325],[-122.959748,46.120349],[-122.959619,46.120349],[-122.959596,46.120185],[-122.95949,46.120169],[-122.959472,46.120098],[-122.959361,46.120079],[-122.959343,46.120008],[-122.959231,46.119989],[-122.959218,46.119923],[-122.959102,46.119899],[-122.959067,46.119818],[-122.958843,46.119808],[-122.958837,46.119662],[-122.958795,46.119633],[-122.958714,46.119628],[-122.958708,46.119482],[-122.958666,46.119453],[-122.958584,46.119448],[-122.958556,46.119371],[-122.958326,46.119358],[-122.958316,46.119297],[-122.958263,46.119269],[-122.957937,46.119268],[-122.957915,46.119194],[-122.957808,46.119178],[-122.957808,46.119047],[-122.95778,46.11901],[-122.957549,46.118998],[-122.957543,46.118941],[-122.957494,46.11891],[-122.957291,46.118908],[-122.957289,46.118771],[-122.95725,46.118734],[-122.956773,46.118728],[-122.95675,46.118654],[-122.956644,46.118638],[-122.956609,46.118557],[-122.956514,46.118548],[-122.956513,46.118321],[-122.956473,46.118284],[-122.956385,46.118277],[-122.956368,46.118117],[-122.956315,46.118098],[-122.955997,46.118097],[-122.955974,46.118023],[-122.955868,46.118007],[-122.955855,46.117851],[-122.955738,46.117827],[-122.955704,46.117746],[-122.955609,46.117737],[-122.9556,46.117586],[-122.955554,46.11756],[-122.95548,46.117557],[-122.95548,46.117467],[-122.955568,46.117461],[-122.955609,46.117419],[-122.95561,46.116927],[-122.955698,46.116921],[-122.955739,46.116879],[-122.955726,46.116771],[-122.95561,46.116747],[-122.95561,46.116436],[-122.955582,46.116399],[-122.955351,46.116387],[-122.955346,46.116317],[-122.955298,46.116286],[-122.955093,46.116297],[-122.955024,46.116273],[-122.954862,46.116309],[-122.954833,46.116387],[-122.954508,46.116388],[-122.954454,46.116415],[-122.954445,46.116477],[-122.954227,46.116483],[-122.954188,46.11652],[-122.954186,46.116657],[-122.954105,46.116661],[-122.95406,46.116695],[-122.954057,46.116837],[-122.953962,46.116846],[-122.953927,46.116926],[-122.953853,46.116929],[-122.953807,46.116955],[-122.953798,46.117106],[-122.953668,46.117106],[-122.953668,46.116927],[-122.953757,46.11692],[-122.953796,46.116883],[-122.953817,46.116792],[-122.953771,46.116751],[-122.952892,46.116746],[-122.952883,46.116685],[-122.95283,46.116657],[-122.952245,46.116656],[-122.952222,46.116582],[-122.952116,46.116566],[-122.952116,46.116476],[-122.95219,46.116474],[-122.952236,46.116447],[-122.952245,46.116296],[-122.952327,46.116292],[-122.952371,46.116258],[-122.952375,46.116116],[-122.952564,46.116116],[-122.952621,46.116092],[-122.952634,46.115936],[-122.952715,46.115932],[-122.95276,46.115898],[-122.952764,46.115756],[-122.952845,46.115752],[-122.952887,46.115723],[-122.952893,46.115576],[-122.952988,46.115567],[-122.953023,46.115486],[-122.953139,46.115462],[-122.953152,46.115306],[-122.953341,46.115306],[-122.953398,46.115282],[-122.953411,46.115126],[-122.953493,46.115122],[-122.953537,46.115088],[-122.953541,46.114946],[-122.953799,46.114947],[-122.953809,46.115008],[-122.953862,46.115035],[-122.954125,46.115036],[-122.954186,46.114993],[-122.954188,46.114857],[-122.954317,46.114857],[-122.954323,46.115003],[-122.954365,46.115033],[-122.954446,46.115037],[-122.954469,46.115111],[-122.95463,46.115141],[-122.954696,46.115112],[-122.954699,46.11489],[-122.954657,46.114861],[-122.954576,46.114857],[-122.954559,46.114697],[-122.954447,46.114677],[-122.954441,46.11444],[-122.954399,46.114411],[-122.954318,46.114407],[-122.954312,46.11426],[-122.95427,46.114231],[-122.954188,46.114227],[-122.954185,46.114085],[-122.954141,46.114051],[-122.954059,46.114047],[-122.954059,46.113957],[-122.954166,46.113941],[-122.954189,46.113867],[-122.954377,46.113866],[-122.954434,46.113843],[-122.954482,46.113734],[-122.954448,46.113687],[-122.954448,46.113507],[-122.954706,46.113507],[-122.954716,46.113568],[-122.954769,46.113596],[-122.954903,46.113596],[-122.954956,46.113568],[-122.954964,46.11328],[-122.954925,46.113243],[-122.954836,46.113237],[-122.954836,46.113147],[-122.954911,46.113145],[-122.954956,46.113118],[-122.954966,46.112967],[-122.955047,46.112963],[-122.955092,46.112929],[-122.955095,46.112787],[-122.95519,46.112778],[-122.955225,46.112697],[-122.955299,46.112695],[-122.955345,46.112669],[-122.955354,46.112517],[-122.955449,46.112508],[-122.955484,46.112427],[-122.9556,46.112403],[-122.955613,46.112247],[-122.955708,46.112238],[-122.955743,46.112157],[-122.955859,46.112133],[-122.955873,46.111977],[-122.955967,46.111968],[-122.956002,46.111887],[-122.956118,46.111863],[-122.956132,46.111707],[-122.956213,46.111703],[-122.956258,46.111669],[-122.956261,46.111527],[-122.956356,46.111518],[-122.956391,46.111437],[-122.956472,46.111433],[-122.956514,46.111404],[-122.95652,46.111258],[-122.956615,46.111248],[-122.95665,46.111168],[-122.956724,46.111165],[-122.95677,46.111139],[-122.95677,46.111016],[-122.956724,46.11099],[-122.95665,46.110987],[-122.95665,46.110809],[-122.956724,46.110805],[-122.95677,46.110779],[-122.956779,46.110628],[-122.956874,46.110618],[-122.956909,46.110538],[-122.957021,46.110518],[-122.957038,46.110358],[-122.957145,46.110342],[-122.957168,46.110268],[-122.957284,46.110244],[-122.957297,46.110178],[-122.957615,46.110178],[-122.957676,46.110149],[-122.957682,46.109946],[-122.957638,46.109912],[-122.957556,46.109908],[-122.957556,46.109818],[-122.957631,46.109816],[-122.957677,46.109789],[-122.957686,46.109638],[-122.957781,46.109629],[-122.957815,46.109548],[-122.957932,46.109524],[-122.957945,46.109368],[-122.958299,46.109359],[-122.958333,46.109278],[-122.95845,46.109254],[-122.958463,46.109188],[-122.958574,46.109168],[-122.958592,46.109098],[-122.95881,46.109092],[-122.958848,46.10906],[-122.958851,46.109008],[-122.958967,46.108984],[-122.958981,46.108918],[-122.959087,46.108903],[-122.95911,46.108738],[-122.959217,46.108723],[-122.95924,46.108648],[-122.95934,46.108636],[-122.959369,46.108559],[-122.959464,46.108549],[-122.959498,46.108469],[-122.95961,46.108449],[-122.959628,46.108379],[-122.959885,46.108379],[-122.95992,46.108473],[-122.960145,46.108469],[-122.960168,46.108543],[-122.960275,46.108559],[-122.960275,46.10878],[-122.960303,46.108817],[-122.960663,46.108829],[-122.960676,46.108895],[-122.960792,46.108919],[-122.960826,46.109],[-122.961051,46.109009],[-122.961057,46.109066],[-122.961106,46.109097],[-122.961309,46.109099],[-122.961332,46.109173],[-122.961439,46.109189],[-122.961456,46.109349],[-122.961509,46.109369],[-122.961697,46.109369],[-122.961697,46.109458],[-122.961603,46.109468],[-122.961568,46.109549],[-122.961461,46.109565],[-122.961438,46.109639],[-122.961202,46.109655],[-122.96118,46.109819],[-122.961073,46.109835],[-122.96105,46.109909],[-122.960846,46.109911],[-122.960797,46.109942],[-122.960791,46.109999],[-122.960555,46.110015],[-122.960532,46.110269],[-122.960437,46.110278],[-122.960403,46.110359],[-122.960291,46.110379],[-122.960273,46.110539],[-122.960167,46.110555],[-122.960144,46.110629],[-122.960049,46.110638],[-122.960014,46.110719],[-122.959903,46.110738],[-122.959885,46.110809],[-122.959547,46.110809],[-122.959485,46.110838],[-122.9595,46.11104],[-122.959544,46.111074],[-122.959626,46.111079],[-122.959635,46.11123],[-122.959681,46.111256],[-122.959755,46.111259],[-122.95979,46.11134],[-122.959884,46.111349],[-122.959913,46.111426],[-122.960014,46.111439],[-122.960023,46.11159],[-122.960069,46.111616],[-122.960143,46.111619],[-122.960143,46.111709],[-122.960025,46.11172],[-122.959945,46.111685],[-122.959873,46.11172],[-122.959681,46.111711],[-122.959631,46.111742],[-122.959627,46.111859],[-122.959686,46.111901],[-122.959856,46.111876],[-122.959895,46.111788],[-122.960013,46.111799],[-122.960013,46.111889],[-122.959932,46.111893],[-122.959887,46.111927],[-122.959884,46.112069],[-122.959551,46.112071],[-122.959502,46.112102],[-122.959496,46.112159],[-122.959377,46.11217],[-122.959344,46.112084],[-122.959237,46.112068],[-122.959237,46.111709],[-122.959326,46.111702],[-122.959366,46.11166],[-122.959365,46.111558],[-122.959327,46.111522],[-122.959142,46.111538],[-122.959108,46.111618],[-122.958849,46.111618],[-122.95878,46.111594],[-122.958696,46.111636],[-122.958733,46.111774],[-122.958849,46.111798],[-122.958841,46.111953],[-122.958884,46.111976],[-122.958978,46.111978],[-122.958991,46.112314],[-122.95904,46.112337],[-122.959182,46.112336],[-122.959231,46.112305],[-122.959237,46.112249],[-122.959355,46.112238],[-122.959389,46.112323],[-122.959495,46.112339],[-122.959495,46.112519],[-122.959389,46.112534],[-122.959366,46.112608],[-122.95925,46.112633],[-122.959236,46.112698],[-122.959107,46.112698],[-122.959038,46.112674],[-122.958871,46.112714],[-122.958848,46.112968],[-122.958741,46.112984],[-122.958718,46.113058],[-122.958618,46.113071],[-122.958589,46.113148],[-122.958488,46.11316],[-122.95846,46.113238],[-122.958365,46.113247],[-122.95833,46.113328],[-122.958218,46.113348],[-122.958201,46.113418],[-122.957976,46.113427],[-122.957942,46.113508],[-122.957825,46.113532],[-122.957812,46.113598],[-122.957295,46.113598],[-122.957272,46.113524],[-122.957165,46.113508],[-122.957148,46.113437],[-122.957036,46.113418],[-122.957002,46.113337],[-122.956907,46.113328],[-122.956878,46.11325],[-122.956777,46.113238],[-122.956772,46.113091],[-122.95673,46.113062],[-122.956648,46.113057],[-122.95662,46.11298],[-122.956338,46.112967],[-122.956277,46.112987],[-122.95626,46.113147],[-122.956143,46.113171],[-122.956134,46.113289],[-122.956178,46.113323],[-122.956259,46.113327],[-122.95626,46.113562],[-122.956287,46.113598],[-122.956648,46.113598],[-122.956628,46.113817],[-122.956655,46.113855],[-122.956858,46.113864],[-122.9569,46.113834],[-122.956906,46.113778],[-122.957424,46.113778],[-122.957458,46.113859],[-122.957683,46.113868],[-122.957711,46.113946],[-122.957865,46.113982],[-122.957941,46.113958],[-122.958159,46.113952],[-122.958197,46.11392],[-122.958202,46.113868],[-122.95833,46.113868],[-122.958352,46.113942],[-122.958505,46.113981],[-122.958589,46.113958],[-122.958847,46.113958],[-122.95885,46.11428],[-122.958895,46.114314],[-122.958976,46.114318],[-122.958986,46.11438],[-122.959046,46.114408],[-122.959317,46.114404],[-122.959359,46.114375],[-122.959365,46.114319],[-122.959705,46.114315],[-122.959751,46.114275],[-122.959753,46.114139],[-122.959971,46.114132],[-122.960009,46.1141],[-122.960012,46.114049],[-122.960271,46.114049],[-122.960293,46.114123],[-122.9604,46.114139],[-122.960423,46.114303],[-122.960659,46.114319],[-122.960659,46.114409],[-122.960462,46.11441],[-122.960409,46.114437],[-122.96038,46.114623],[-122.960414,46.114669],[-122.960977,46.114679],[-122.961038,46.114651],[-122.961047,46.114589],[-122.961176,46.114589],[-122.961245,46.114613],[-122.961401,46.11458],[-122.961435,46.114499],[-122.961517,46.114495],[-122.961561,46.114461],[-122.961561,46.114268],[-122.961517,46.114233],[-122.961435,46.114229],[-122.961401,46.114148],[-122.961306,46.114139],[-122.961297,46.113988],[-122.961251,46.113962],[-122.961177,46.113959],[-122.961177,46.113779],[-122.961212,46.113731],[-122.961177,46.113689],[-122.961175,46.113553],[-122.961136,46.113516],[-122.961048,46.113509],[-122.961044,46.113367],[-122.961,46.113333],[-122.960918,46.113329],[-122.960918,46.113239],[-122.961048,46.113239],[-122.96107,46.113313],[-122.961177,46.113329],[-122.961177,46.11346],[-122.961205,46.113497],[-122.961436,46.113509],[-122.961459,46.113583],[-122.961565,46.113599],[-122.961565,46.113731],[-122.961593,46.113767],[-122.961824,46.113779],[-122.961824,46.113959],[-122.961707,46.113983],[-122.961694,46.114085],[-122.961729,46.11413],[-122.961824,46.114139],[-122.961852,46.114217],[-122.962164,46.114225],[-122.962206,46.114196],[-122.962212,46.11414],[-122.9623,46.114133],[-122.962341,46.114091],[-122.962332,46.113808],[-122.962286,46.113782],[-122.962212,46.113779],[-122.962178,46.113699],[-122.962083,46.113689],[-122.962077,46.113543],[-122.962035,46.113514],[-122.961954,46.113509],[-122.961948,46.113363],[-122.961906,46.113334],[-122.961824,46.113329],[-122.961821,46.113188],[-122.961776,46.113153],[-122.961695,46.113149],[-122.961682,46.112993],[-122.961566,46.112969],[-122.961531,46.112888],[-122.961436,46.112879],[-122.961437,46.112519],[-122.961471,46.112477],[-122.961437,46.112429],[-122.961437,46.112249],[-122.961525,46.112243],[-122.961565,46.112206],[-122.961567,46.111709],[-122.961673,46.111694],[-122.961696,46.111619],[-122.961812,46.111595],[-122.961826,46.111529],[-122.961955,46.111529],[-122.961955,46.111709],[-122.961866,46.111716],[-122.961826,46.111758],[-122.961825,46.112105],[-122.961848,46.112144],[-122.961954,46.112159],[-122.961972,46.11223],[-122.962084,46.11225],[-122.962101,46.11232],[-122.962213,46.11234],[-122.962226,46.112406],[-122.962342,46.11243],[-122.962377,46.11251],[-122.962601,46.11252],[-122.962614,46.112586],[-122.96273,46.11261],[-122.962736,46.112666],[-122.962778,46.112696],[-122.962961,46.112688],[-122.962989,46.112651],[-122.96299,46.11252],[-122.963119,46.11252],[-122.963136,46.11268],[-122.963189,46.1127],[-122.963377,46.1127],[-122.9634,46.112774],[-122.963507,46.11279],[-122.963524,46.11286],[-122.963636,46.11288],[-122.963671,46.112961],[-122.963765,46.11297],[-122.963794,46.113048],[-122.963895,46.11306],[-122.963895,46.113191],[-122.963923,46.113228],[-122.964283,46.11324],[-122.964292,46.113482],[-122.964338,46.113508],[-122.964412,46.11351],[-122.964447,46.113591],[-122.964542,46.1136],[-122.964527,46.114106],[-122.964576,46.114138],[-122.964671,46.11414],[-122.964693,46.114215],[-122.9648,46.11423],[-122.964834,46.114311],[-122.964929,46.11432],[-122.964931,46.114547],[-122.96497,46.114584],[-122.965059,46.114591],[-122.965072,46.114836],[-122.965188,46.114861],[-122.965222,46.114941],[-122.965317,46.114951],[-122.965346,46.115028],[-122.965447,46.115041],[-122.965475,46.115118],[-122.965576,46.115131],[-122.96561,46.115212],[-122.965964,46.115221],[-122.965987,46.115295],[-122.966093,46.115311],[-122.966128,46.115392],[-122.966223,46.115401],[-122.96624,46.115561],[-122.966352,46.115581],[-122.966352,46.115761],[-122.966156,46.115762],[-122.966099,46.115794],[-122.966111,46.116011],[-122.966163,46.116031],[-122.966481,46.116031],[-122.966504,46.116105],[-122.966611,46.116121],[-122.966628,46.116191],[-122.96674,46.116211],[-122.966774,46.116292],[-122.966869,46.116301],[-122.966898,46.116379],[-122.966999,46.116391],[-122.967027,46.116469],[-122.967128,46.116481],[-122.967156,46.116559],[-122.967257,46.116571],[-122.967286,46.116649],[-122.967387,46.116661],[-122.967409,46.116825],[-122.967645,46.116841],[-122.967668,46.116915],[-122.967775,46.116931],[-122.967798,46.117185],[-122.968034,46.117201],[-122.968034,46.117333],[-122.968062,46.117369],[-122.968292,46.117382],[-122.968298,46.117438],[-122.968347,46.117469],[-122.968551,46.117472],[-122.968574,46.117546],[-122.96868,46.117562],[-122.968715,46.117642],[-122.96881,46.117652],[-122.96881,46.118048],[-122.968832,46.118086],[-122.969013,46.118099],[-122.969063,46.118068],[-122.969069,46.118012],[-122.969198,46.118012],[-122.969216,46.118082],[-122.969327,46.118102],[-122.969362,46.118183],[-122.969457,46.118192],[-122.969485,46.11827],[-122.969586,46.118282],[-122.969614,46.11836],[-122.969845,46.118372],[-122.969868,46.118446],[-122.969974,46.118462],[-122.969987,46.118528],[-122.970103,46.118552],[-122.970132,46.11863],[-122.970233,46.118642],[-122.970242,46.118883],[-122.970288,46.11891],[-122.970362,46.118912],[-122.970368,46.118969],[-122.97041,46.118998],[-122.970621,46.119002],[-122.970634,46.119158],[-122.97075,46.119182],[-122.970785,46.119263],[-122.97088,46.119272],[-122.970893,46.119518],[-122.971009,46.119542],[-122.971043,46.119623],[-122.971138,46.119632],[-122.971173,46.119713],[-122.971397,46.119722],[-122.971432,46.119803],[-122.971656,46.119812],[-122.971679,46.119887],[-122.971785,46.119902],[-122.971789,46.120044],[-122.971833,46.120078],[-122.971915,46.120083],[-122.971937,46.120247],[-122.972173,46.120263],[-122.972187,46.120329],[-122.972303,46.120353],[-122.972309,46.120409],[-122.972351,46.120438],[-122.972562,46.120443],[-122.972584,46.120517],[-122.972691,46.120533],[-122.972726,46.120614],[-122.97282,46.120623],[-122.972838,46.120783],[-122.97295,46.120803],[-122.972984,46.120884],[-122.973079,46.120893],[-122.973107,46.12097],[-122.973208,46.120983],[-122.973212,46.121048],[-122.973248,46.12108],[-122.973597,46.121073],[-122.973603,46.12113],[-122.973652,46.121161],[-122.974114,46.121163],[-122.974118,46.121215],[-122.974155,46.121247],[-122.974373,46.121253],[-122.974373,46.121343],[-122.974292,46.121347],[-122.97425,46.121376],[-122.974247,46.121485],[-122.974292,46.121519],[-122.974373,46.121523],[-122.974408,46.121604],[-122.974502,46.121613],[-122.974537,46.121694],[-122.974891,46.121703],[-122.974925,46.121784],[-122.975149,46.121793],[-122.975178,46.121871],[-122.975408,46.121883],[-122.975414,46.12194],[-122.975463,46.121971],[-122.975667,46.121973],[-122.975728,46.121997],[-122.975797,46.121973],[-122.975926,46.121973],[-122.975926,46.122153],[-122.975838,46.12216],[-122.975798,46.122197],[-122.9758,46.122385],[-122.975844,46.122419],[-122.975926,46.122423],[-122.975932,46.12257],[-122.975974,46.122599],[-122.976055,46.122603],[-122.976084,46.122681],[-122.976314,46.122694],[-122.976314,46.122915],[-122.976355,46.122957],[-122.976702,46.122964],[-122.976708,46.12302],[-122.97675,46.123049],[-122.976947,46.123044],[-122.976981,46.123003],[-122.97696,46.122827],[-122.97692,46.12279],[-122.976832,46.122784],[-122.976832,46.122695],[-122.976906,46.122691],[-122.976952,46.122665],[-122.976961,46.122514],[-122.977068,46.122498],[-122.977091,46.122424],[-122.977479,46.122424],[-122.977479,46.122514],[-122.977444,46.122556],[-122.977479,46.122604],[-122.977479,46.122694],[-122.977445,46.122747],[-122.977496,46.122854],[-122.977608,46.122874],[-122.977631,46.123128],[-122.977867,46.123144],[-122.977876,46.123205],[-122.97793,46.123233],[-122.978126,46.123234],[-122.978187,46.123258],[-122.978255,46.123234],[-122.978514,46.123234],[-122.978527,46.1233],[-122.978643,46.123324],[-122.978672,46.123402],[-122.978902,46.123414],[-122.978925,46.123488],[-122.979032,46.123504],[-122.979035,46.123646],[-122.97908,46.12368],[-122.979161,46.123684],[-122.979161,46.123774],[-122.979043,46.123785],[-122.978948,46.123752],[-122.978883,46.123814],[-122.97893,46.12386],[-122.979021,46.123853],[-122.97906,46.123942],[-122.979357,46.123953],[-122.979411,46.123926],[-122.97942,46.123864],[-122.979549,46.123864],[-122.979553,46.124096],[-122.979597,46.12413],[-122.979679,46.124134],[-122.979713,46.124215],[-122.979882,46.124222],[-122.979932,46.124191],[-122.979938,46.124134],[-122.980065,46.124134],[-122.98007,46.124186],[-122.980108,46.124218],[-122.980326,46.124224],[-122.980326,46.124404],[-122.980237,46.124411],[-122.980197,46.124453],[-122.980198,46.124901],[-122.980237,46.124938],[-122.980326,46.124944],[-122.980329,46.124996],[-122.980367,46.125028],[-122.980584,46.125034],[-122.980588,46.125086],[-122.980625,46.125118],[-122.980843,46.125124],[-122.980843,46.125394],[-122.980762,46.125398],[-122.98072,46.125428],[-122.980736,46.125559],[-122.980843,46.125574],[-122.980856,46.12564],[-122.980972,46.125664],[-122.980976,46.125716],[-122.981014,46.125748],[-122.981231,46.125755],[-122.981237,46.125811],[-122.981279,46.12584],[-122.981749,46.125845],[-122.981751,46.125981],[-122.981804,46.126022],[-122.981938,46.126024],[-122.98199,46.126005],[-122.982008,46.125845],[-122.982265,46.125845],[-122.98227,46.125896],[-122.982308,46.125928],[-122.982655,46.125935],[-122.982661,46.125991],[-122.98271,46.126022],[-122.983043,46.126025],[-122.983066,46.126099],[-122.983173,46.126115],[-122.983176,46.126256],[-122.983221,46.126291],[-122.983302,46.126295],[-122.983302,46.126385],[-122.983196,46.126401],[-122.983173,46.126475],[-122.982925,46.126486],[-122.982873,46.126391],[-122.982682,46.126389],[-122.982635,46.126435],[-122.982673,46.126545],[-122.982725,46.126564],[-122.982903,46.126554],[-122.98292,46.126621],[-122.982969,46.126652],[-122.983173,46.126655],[-122.98319,46.126815],[-122.983243,46.126835],[-122.983431,46.126835],[-122.983449,46.126905],[-122.983561,46.126925],[-122.983574,46.126991],[-122.98369,46.127015],[-122.983696,46.127072],[-122.983745,46.127103],[-122.984153,46.127103],[-122.984202,46.127072],[-122.984208,46.127015],[-122.984324,46.126991],[-122.984338,46.126925],[-122.984467,46.126925],[-122.98449,46.126999],[-122.984596,46.127015],[-122.984596,46.127105],[-122.984562,46.127153],[-122.984614,46.127265],[-122.984666,46.127285],[-122.984855,46.127285],[-122.984878,46.127359],[-122.984985,46.127375],[-122.984985,46.127645],[-122.98495,46.127693],[-122.985002,46.127805],[-122.985114,46.127825],[-122.98512,46.127882],[-122.985162,46.127911],[-122.985502,46.127915],[-122.985525,46.127989],[-122.985632,46.128005],[-122.985632,46.128365],[-122.985557,46.128367],[-122.985511,46.128394],[-122.985515,46.128521],[-122.985632,46.128545],[-122.985635,46.12861],[-122.985678,46.128644],[-122.98589,46.128635],[-122.985894,46.128687],[-122.985931,46.128719],[-122.986149,46.128725],[-122.98615,46.128856],[-122.986184,46.128896],[-122.986369,46.128912],[-122.986405,46.12888],[-122.98641,46.128815],[-122.986667,46.128815],[-122.986673,46.128885],[-122.986727,46.128918],[-122.986898,46.128893],[-122.986961,46.128773],[-122.986926,46.128725],[-122.986926,46.128635],[-122.987122,46.128634],[-122.987179,46.128602],[-122.987185,46.128365],[-122.987314,46.128365],[-122.987332,46.128436],[-122.987444,46.128455],[-122.987461,46.128526],[-122.987573,46.128545],[-122.987586,46.128611],[-122.987703,46.128635],[-122.987737,46.128716],[-122.987921,46.128719],[-122.98796,46.128682],[-122.987962,46.128545],[-122.988158,46.128544],[-122.988211,46.128517],[-122.988221,46.128365],[-122.988429,46.128365],[-122.988487,46.12834],[-122.98848,46.128096],[-122.988738,46.128096],[-122.988742,46.128147],[-122.988779,46.128179],[-122.988997,46.128186],[-122.98901,46.128252],[-122.989127,46.128276],[-122.989161,46.128356],[-122.989385,46.128366],[-122.989385,46.128635],[-122.988738,46.128635],[-122.988704,46.128555],[-122.988542,46.128547],[-122.988489,46.128574],[-122.988479,46.128635],[-122.988368,46.128655],[-122.98835,46.128725],[-122.988238,46.128745],[-122.98822,46.128815],[-122.988017,46.128818],[-122.987962,46.128864],[-122.987963,46.129042],[-122.988024,46.129084],[-122.988676,46.129084],[-122.988729,46.129057],[-122.988738,46.128996],[-122.988868,46.128996],[-122.988868,46.129085],[-122.988761,46.129101],[-122.988738,46.129175],[-122.988549,46.129176],[-122.988497,46.129195],[-122.988488,46.129327],[-122.988542,46.129354],[-122.988738,46.129356],[-122.98874,46.129492],[-122.988779,46.129529],[-122.989126,46.129536],[-122.98913,46.129587],[-122.989167,46.129619],[-122.989385,46.129626],[-122.989385,46.129716],[-122.989283,46.12972],[-122.989239,46.129755],[-122.989256,46.130075],[-122.989181,46.130078],[-122.989135,46.130104],[-122.989126,46.130255],[-122.988922,46.130258],[-122.988873,46.130289],[-122.988867,46.130345],[-122.988676,46.130332],[-122.988612,46.13037],[-122.988612,46.130577],[-122.988656,46.130611],[-122.988738,46.130616],[-122.988735,46.130775],[-122.988867,46.130796],[-122.98888,46.130952],[-122.988937,46.130975],[-122.989126,46.130976],[-122.989132,46.131032],[-122.989181,46.131063],[-122.989302,46.131079],[-122.989358,46.131067],[-122.989385,46.131031],[-122.989384,46.130929],[-122.989344,46.130892],[-122.989256,46.130886],[-122.989256,46.130706],[-122.989444,46.130705],[-122.989501,46.130682],[-122.989515,46.130436],[-122.989589,46.130433],[-122.989635,46.130407],[-122.989644,46.130256],[-122.989998,46.130247],[-122.990033,46.130166],[-122.990149,46.130142],[-122.990162,46.130076],[-122.990274,46.130056],[-122.990291,46.129986],[-122.990403,46.129966],[-122.990421,46.129896],[-122.990645,46.129887],[-122.99068,46.129806],[-122.990796,46.129782],[-122.990809,46.129716],[-122.990939,46.129716],[-122.990961,46.12979],[-122.991068,46.129806],[-122.991077,46.129957],[-122.991123,46.129983],[-122.991197,46.129986],[-122.991197,46.130166],[-122.991001,46.130167],[-122.990944,46.130199],[-122.990944,46.130402],[-122.991001,46.130435],[-122.991197,46.130436],[-122.99122,46.13051],[-122.991327,46.130526],[-122.991316,46.130807],[-122.991001,46.130797],[-122.990948,46.130824],[-122.990938,46.130886],[-122.990713,46.130882],[-122.99068,46.130921],[-122.990679,46.131066],[-122.990476,46.131068],[-122.990427,46.131099],[-122.990421,46.131156],[-122.99019,46.131168],[-122.990162,46.131246],[-122.990061,46.131258],[-122.990032,46.131336],[-122.989931,46.131348],[-122.989903,46.131426],[-122.989808,46.131435],[-122.989773,46.131516],[-122.989657,46.13154],[-122.989644,46.131647],[-122.989672,46.131683],[-122.98997,46.131695],[-122.990023,46.131667],[-122.990032,46.131606],[-122.990162,46.131606],[-122.990184,46.13168],[-122.990291,46.131696],[-122.990326,46.131777],[-122.99042,46.131786],[-122.990443,46.13195],[-122.990638,46.131959],[-122.990678,46.131922],[-122.990679,46.131786],[-122.990774,46.131777],[-122.990809,46.131732],[-122.990803,46.131549],[-122.990761,46.13152],[-122.99068,46.131516],[-122.99068,46.131336],[-122.99102,46.131332],[-122.991062,46.131302],[-122.991068,46.131246],[-122.991184,46.131222],[-122.991197,46.131156],[-122.991304,46.13114],[-122.991338,46.130875],[-122.991538,46.130882],[-122.99158,46.130852],[-122.991586,46.130796],[-122.991845,46.130796],[-122.991867,46.13087],[-122.991974,46.130886],[-122.992009,46.130967],[-122.992103,46.130976],[-122.992103,46.131156],[-122.992015,46.131162],[-122.991976,46.131199],[-122.991997,46.13141],[-122.992165,46.131439],[-122.992227,46.131406],[-122.992233,46.131336],[-122.992621,46.131336],[-122.992634,46.131402],[-122.992751,46.131426],[-122.992785,46.131507],[-122.993009,46.131516],[-122.993023,46.131672],[-122.993186,46.13171],[-122.993267,46.131666],[-122.993269,46.131426],[-122.993398,46.131426],[-122.993407,46.131667],[-122.993453,46.131694],[-122.993527,46.131696],[-122.993562,46.131777],[-122.993657,46.131786],[-122.993666,46.131937],[-122.993712,46.131964],[-122.993786,46.131966],[-122.993804,46.132126],[-122.993916,46.132146]],[[-122.954558,46.115827],[-122.95459,46.115701],[-122.954533,46.115668],[-122.954099,46.115673],[-122.954059,46.11571],[-122.954057,46.115847],[-122.953739,46.115847],[-122.953682,46.11587],[-122.953658,46.116087],[-122.953719,46.116116],[-122.953995,46.116116],[-122.954048,46.116088],[-122.954057,46.116027],[-122.954275,46.11602],[-122.954313,46.115988],[-122.954316,46.115937],[-122.954433,46.115913],[-122.954446,46.115847],[-122.954558,46.115827]],[[-122.954714,46.115425],[-122.954688,46.115717],[-122.954739,46.115754],[-122.954901,46.115756],[-122.954954,46.115728],[-122.954963,46.115446],[-122.954923,46.115403],[-122.954767,46.115398],[-122.954714,46.115425]],[[-122.95612,46.114829],[-122.956148,46.114542],[-122.956109,46.114504],[-122.955918,46.114501],[-122.955876,46.114531],[-122.95587,46.114587],[-122.955754,46.114611],[-122.955741,46.114677],[-122.955629,46.114697],[-122.955611,46.114767],[-122.9555,46.114787],[-122.955482,46.115037],[-122.955393,46.115043],[-122.955353,46.115086],[-122.955352,46.115487],[-122.955156,46.115488],[-122.955096,46.115525],[-122.955096,46.115809],[-122.955141,46.115843],[-122.955222,46.115847],[-122.95524,46.116007],[-122.955351,46.116027],[-122.955332,46.116247],[-122.955386,46.116295],[-122.95554,46.116297],[-122.955593,46.116277],[-122.95561,46.116027],[-122.955692,46.116023],[-122.955736,46.115989],[-122.955755,46.115882],[-122.955705,46.11585],[-122.955611,46.115847],[-122.955611,46.115757],[-122.955807,46.115756],[-122.955866,46.115719],[-122.955856,46.115601],[-122.95574,46.115577],[-122.955741,46.115217],[-122.955937,46.115216],[-122.955993,46.115184],[-122.955993,46.115071],[-122.955951,46.115041],[-122.95587,46.115037],[-122.95587,46.114947],[-122.955965,46.114938],[-122.956,46.114857],[-122.956074,46.114855],[-122.95612,46.114829]],[[-122.956257,46.116567],[-122.956234,46.116493],[-122.956128,46.116477],[-122.956115,46.116231],[-122.956058,46.116208],[-122.955904,46.116216],[-122.955834,46.11634],[-122.955869,46.116387],[-122.95587,46.116524],[-122.95591,46.116561],[-122.955998,46.116567],[-122.955998,46.116789],[-122.956039,46.116831],[-122.956216,46.116831],[-122.956253,46.116799],[-122.956257,46.116748],[-122.956331,46.116745],[-122.956377,46.116719],[-122.956377,46.116596],[-122.956331,46.11657],[-122.956257,46.116567]],[[-122.9567,46.112338],[-122.956777,46.112294],[-122.956777,46.112201],[-122.956744,46.112167],[-122.956519,46.112157],[-122.956491,46.11208],[-122.956337,46.112044],[-122.956144,46.112091],[-122.956137,46.112214],[-122.956179,46.112243],[-122.95626,46.112247],[-122.956295,46.112328],[-122.9567,46.112338]],[[-122.956763,46.114384],[-122.956794,46.114267],[-122.956742,46.11423],[-122.956436,46.114232],[-122.956394,46.114261],[-122.956388,46.114317],[-122.956314,46.11432],[-122.956268,46.114346],[-122.956244,46.114463],[-122.956309,46.114497],[-122.956599,46.114493],[-122.956641,46.114464],[-122.956647,46.114408],[-122.956763,46.114384]],[[-122.957614,46.116567],[-122.958016,46.116579],[-122.958067,46.116538],[-122.958069,46.116257],[-122.958021,46.116212],[-122.957851,46.116214],[-122.957814,46.116246],[-122.95781,46.116298],[-122.957218,46.1163],[-122.957169,46.116331],[-122.957163,46.116388],[-122.957034,46.116388],[-122.957011,46.116314],[-122.956904,46.116298],[-122.956904,46.116166],[-122.95687,46.116127],[-122.956657,46.116129],[-122.956637,46.116056],[-122.956583,46.116029],[-122.956327,46.116028],[-122.956263,46.116061],[-122.956258,46.116249],[-122.956298,46.116291],[-122.956461,46.116295],[-122.95651,46.116264],[-122.956516,46.116208],[-122.956645,46.116208],[-122.956645,46.116298],[-122.956557,46.116304],[-122.956518,46.116341],[-122.956516,46.116609],[-122.956557,46.116651],[-122.956645,46.116658],[-122.956648,46.116723],[-122.956691,46.116757],[-122.956886,46.116728],[-122.956904,46.116568],[-122.957237,46.116566],[-122.957286,46.116535],[-122.957293,46.116478],[-122.957551,46.116478],[-122.95756,46.116539],[-122.957614,46.116567]],[[-122.957089,46.112068],[-122.957161,46.112034],[-122.957165,46.111931],[-122.957126,46.111894],[-122.957037,46.111888],[-122.957034,46.111836],[-122.956996,46.111804],[-122.956779,46.111798],[-122.956744,46.111717],[-122.95659,46.111708],[-122.956529,46.111736],[-122.95652,46.111797],[-122.956445,46.1118],[-122.956399,46.111826],[-122.956392,46.111934],[-122.956431,46.111971],[-122.956778,46.111978],[-122.956784,46.112034],[-122.956826,46.112063],[-122.957089,46.112068]],[[-122.957319,46.111242],[-122.957495,46.11127],[-122.957546,46.111243],[-122.957542,46.111102],[-122.957426,46.111078],[-122.957413,46.111012],[-122.957297,46.110988],[-122.957293,46.110936],[-122.957256,46.110904],[-122.957072,46.110907],[-122.957038,46.110946],[-122.957051,46.111144],[-122.957108,46.111167],[-122.957296,46.111168],[-122.957319,46.111242]],[[-122.957294,46.115218],[-122.957259,46.115255],[-122.957274,46.115295],[-122.957333,46.115321],[-122.95739,46.115312],[-122.957421,46.115278],[-122.95741,46.115229],[-122.957355,46.115204],[-122.957294,46.115218]],[[-122.957318,46.112862],[-122.957486,46.112891],[-122.957541,46.112867],[-122.957551,46.112736],[-122.957506,46.112702],[-122.957341,46.112675],[-122.957276,46.112711],[-122.957263,46.112756],[-122.957318,46.112862]],[[-122.957685,46.110398],[-122.957658,46.110357],[-122.957603,46.110344],[-122.957541,46.110367],[-122.957521,46.110406],[-122.957547,46.110443],[-122.95761,46.110462],[-122.957668,46.110441],[-122.957685,46.110398]],[[-122.957594,46.114762],[-122.957751,46.11478],[-122.957806,46.114748],[-122.95781,46.114541],[-122.957764,46.114502],[-122.95762,46.114485],[-122.957554,46.114528],[-122.957554,46.114724],[-122.957594,46.114762]],[[-122.958102,46.118719],[-122.958395,46.118741],[-122.95845,46.118708],[-122.958433,46.118564],[-122.958326,46.118548],[-122.958313,46.118482],[-122.958197,46.118458],[-122.958194,46.118407],[-122.958156,46.118375],[-122.957938,46.118368],[-122.957932,46.118311],[-122.957883,46.11828],[-122.957702,46.118294],[-122.957679,46.118332],[-122.957702,46.118442],[-122.957808,46.118458],[-122.957826,46.118528],[-122.957938,46.118548],[-122.957951,46.118614],[-122.958067,46.118638],[-122.958102,46.118719]],[[-122.958203,46.110668],[-122.958135,46.110615],[-122.957957,46.110652],[-122.957944,46.110849],[-122.957978,46.110889],[-122.958133,46.110898],[-122.958189,46.110874],[-122.958203,46.110668]],[[-122.958457,46.11239],[-122.958475,46.112193],[-122.958418,46.112159],[-122.958013,46.112158],[-122.957956,46.112182],[-122.957952,46.112309],[-122.957998,46.112336],[-122.958072,46.112338],[-122.958072,46.112573],[-122.958105,46.112612],[-122.958162,46.112621],[-122.958318,46.112584],[-122.958331,46.112428],[-122.958412,46.112424],[-122.958457,46.11239]],[[-122.958477,46.114813],[-122.958453,46.114712],[-122.958403,46.114681],[-122.958255,46.114681],[-122.958203,46.114716],[-122.958203,46.11482],[-122.958255,46.114856],[-122.958445,46.114849],[-122.958477,46.114813]],[[-122.959097,46.118155],[-122.959111,46.118034],[-122.959068,46.118011],[-122.958974,46.118008],[-122.958968,46.117952],[-122.958926,46.117923],[-122.958456,46.117918],[-122.958453,46.117417],[-122.958394,46.117379],[-122.958225,46.117377],[-122.958198,46.117418],[-122.958198,46.11805],[-122.958238,46.118092],[-122.958326,46.118098],[-122.958323,46.118258],[-122.958376,46.118278],[-122.958537,46.118274],[-122.958579,46.118245],[-122.958585,46.118188],[-122.959048,46.118186],[-122.959097,46.118155]],[[-122.958714,46.116116],[-122.958648,46.116094],[-122.958576,46.116129],[-122.958485,46.116123],[-122.958443,46.116153],[-122.958442,46.11619],[-122.958518,46.116232],[-122.958598,46.116197],[-122.958689,46.116204],[-122.958735,46.116163],[-122.958714,46.116116]],[[-122.95872,46.11495],[-122.958649,46.114924],[-122.958487,46.114961],[-122.958439,46.115067],[-122.95846,46.115112],[-122.958634,46.115142],[-122.95869,46.115129],[-122.958751,46.115001],[-122.95872,46.11495]],[[-122.959157,46.119176],[-122.959468,46.119163],[-122.95949,46.11913],[-122.95949,46.118957],[-122.959456,46.118918],[-122.959103,46.118909],[-122.959074,46.118831],[-122.958844,46.118818],[-122.958835,46.118757],[-122.958781,46.118729],[-122.958505,46.118729],[-122.958448,46.118753],[-122.958478,46.118893],[-122.958714,46.118908],[-122.958727,46.118974],[-122.958843,46.118999],[-122.958878,46.119079],[-122.959102,46.119089],[-122.959108,46.119145],[-122.959157,46.119176]],[[-122.958721,46.109548],[-122.958803,46.109544],[-122.958847,46.10951],[-122.958847,46.109407],[-122.958796,46.109371],[-122.958633,46.109375],[-122.958595,46.109407],[-122.958592,46.109458],[-122.95851,46.109462],[-122.958466,46.109496],[-122.958466,46.1096],[-122.958517,46.109636],[-122.958687,46.109629],[-122.958721,46.109548]],[[-122.959475,46.109893],[-122.959517,46.109779],[-122.959496,46.109745],[-122.959368,46.109728],[-122.959351,46.109568],[-122.959149,46.109542],[-122.959111,46.109578],[-122.959109,46.109728],[-122.959008,46.109741],[-122.95898,46.109818],[-122.958879,46.109831],[-122.95885,46.109908],[-122.958755,46.109917],[-122.958721,46.109998],[-122.958609,46.110018],[-122.958601,46.11015],[-122.958654,46.110177],[-122.95885,46.110178],[-122.958856,46.110235],[-122.958905,46.110266],[-122.959068,46.110262],[-122.959106,46.11023],[-122.959109,46.110178],[-122.959225,46.110154],[-122.959238,46.110089],[-122.959355,46.110064],[-122.959368,46.109909],[-122.959475,46.109893]],[[-122.959483,46.11717],[-122.959507,46.117053],[-122.95945,46.11702],[-122.958786,46.117019],[-122.958721,46.117052],[-122.958716,46.11715],[-122.958786,46.117198],[-122.959422,46.117198],[-122.959483,46.11717]],[[-122.959766,46.116264],[-122.959742,46.116147],[-122.959682,46.116119],[-122.959155,46.116119],[-122.959085,46.116169],[-122.959114,46.11627],[-122.959174,46.116298],[-122.959709,46.116298],[-122.959766,46.116264]],[[-122.959622,46.116659],[-122.95962,46.116509],[-122.959576,46.116469],[-122.959174,46.116479],[-122.95911,46.116512],[-122.959104,46.116714],[-122.95915,46.116758],[-122.959492,46.116749],[-122.959527,46.11683],[-122.959696,46.116836],[-122.959748,46.1168],[-122.959748,46.116697],[-122.959703,46.116663],[-122.959622,46.116659]],[[-122.95942,46.118009],[-122.959343,46.118054],[-122.959375,46.118165],[-122.959432,46.118188],[-122.959586,46.11818],[-122.95962,46.11814],[-122.959608,46.118033],[-122.959558,46.11801],[-122.95942,46.118009]],[[-122.960308,46.110226],[-122.960268,46.110122],[-122.960219,46.110091],[-122.959955,46.110089],[-122.959903,46.110108],[-122.959885,46.110269],[-122.95979,46.110278],[-122.959756,46.110359],[-122.959674,46.110363],[-122.95963,46.110397],[-122.959627,46.11067],[-122.959655,46.110706],[-122.959844,46.110712],[-122.959882,46.11068],[-122.959885,46.110629],[-122.960001,46.110605],[-122.960015,46.110539],[-122.960126,46.110519],[-122.960144,46.110359],[-122.960225,46.110355],[-122.96027,46.11032],[-122.960308,46.110226]],[[-122.960138,46.116567],[-122.960086,46.116545],[-122.960028,46.116555],[-122.959991,46.116598],[-122.960007,46.116638],[-122.96006,46.116659],[-122.960132,46.116646],[-122.960159,46.116608],[-122.960138,46.116567]],[[-122.960541,46.118064],[-122.960521,46.117952],[-122.960479,46.117923],[-122.960201,46.11792],[-122.960144,46.117952],[-122.96012,46.118054],[-122.960181,46.118098],[-122.960484,46.118098],[-122.960541,46.118064]],[[-122.961044,46.118769],[-122.960976,46.118716],[-122.960581,46.118731],[-122.960532,46.118762],[-122.960509,46.118869],[-122.960576,46.118909],[-122.960989,46.118907],[-122.96104,46.118871],[-122.961044,46.118769]],[[-122.960917,46.115309],[-122.960998,46.115305],[-122.961043,46.115271],[-122.961043,46.115168],[-122.960991,46.115131],[-122.96081,46.115145],[-122.960787,46.115219],[-122.960713,46.115221],[-122.960667,46.115248],[-122.960641,46.115359],[-122.9607,46.115398],[-122.960862,46.115397],[-122.960911,46.115366],[-122.960917,46.115309]],[[-122.961192,46.117159],[-122.961161,46.117043],[-122.961045,46.117019],[-122.961011,46.116938],[-122.960861,46.116915],[-122.960799,46.11694],[-122.960752,46.117067],[-122.960821,46.11719],[-122.96114,46.117197],[-122.961192,46.117159]],[[-122.961563,46.117289],[-122.961529,46.117327],[-122.961543,46.117367],[-122.961602,46.117393],[-122.961659,46.117384],[-122.961691,46.11735],[-122.961679,46.1173],[-122.961624,46.117276],[-122.961563,46.117289]],[[-122.961691,46.115667],[-122.96164,46.115646],[-122.961582,46.115656],[-122.961545,46.115698],[-122.96156,46.115739],[-122.961614,46.115759],[-122.961686,46.115747],[-122.961713,46.115709],[-122.961691,46.115667]],[[-122.962005,46.114499],[-122.962079,46.114461],[-122.962073,46.114348],[-122.96202,46.114321],[-122.961865,46.114326],[-122.961825,46.114363],[-122.961833,46.114471],[-122.961886,46.114498],[-122.962005,46.114499]],[[-122.96286,46.11333],[-122.962941,46.113326],[-122.962983,46.113296],[-122.962989,46.113198],[-122.962961,46.113162],[-122.96273,46.11315],[-122.962713,46.113079],[-122.962601,46.11306],[-122.962583,46.112989],[-122.962472,46.11297],[-122.962458,46.112904],[-122.962342,46.11288],[-122.962339,46.112828],[-122.962301,46.112796],[-122.962029,46.112776],[-122.961971,46.112796],[-122.961954,46.112969],[-122.961919,46.113012],[-122.961957,46.113111],[-122.962002,46.113145],[-122.962083,46.11315],[-122.962101,46.11331],[-122.962212,46.11333],[-122.962247,46.11341],[-122.962342,46.11342],[-122.962342,46.113551],[-122.96237,46.113587],[-122.962572,46.113587],[-122.962601,46.11351],[-122.962695,46.113501],[-122.96273,46.11342],[-122.962842,46.1134],[-122.96286,46.11333]],[[-122.962486,46.119315],[-122.962461,46.119213],[-122.962412,46.119182],[-122.962264,46.119182],[-122.962212,46.119218],[-122.962212,46.119321],[-122.962263,46.119357],[-122.962453,46.11935],[-122.962486,46.119315]],[[-122.962884,46.118168],[-122.962847,46.117948],[-122.962801,46.117922],[-122.962727,46.11792],[-122.962718,46.117768],[-122.962672,46.117742],[-122.962598,46.11774],[-122.962589,46.117498],[-122.962535,46.117471],[-122.96238,46.117476],[-122.962342,46.117508],[-122.962339,46.11756],[-122.962265,46.117562],[-122.962219,46.117588],[-122.96221,46.117691],[-122.96225,46.117733],[-122.962339,46.11774],[-122.962356,46.1179],[-122.962468,46.11792],[-122.962477,46.118071],[-122.962523,46.118097],[-122.962597,46.1181],[-122.962632,46.118181],[-122.96278,46.118213],[-122.962884,46.118168]],[[-122.963228,46.11637],[-122.963263,46.11625],[-122.963211,46.116212],[-122.962858,46.11621],[-122.962835,46.116136],[-122.962728,46.11612],[-122.962728,46.11603],[-122.962762,46.115977],[-122.96269,46.115919],[-122.962388,46.115944],[-122.962346,46.115973],[-122.96234,46.11603],[-122.962259,46.116034],[-122.962214,46.116068],[-122.962228,46.11619],[-122.96234,46.11621],[-122.962374,46.116291],[-122.962469,46.1163],[-122.962498,46.116377],[-122.962598,46.11639],[-122.9626,46.116526],[-122.962654,46.116567],[-122.962952,46.116561],[-122.962987,46.11648],[-122.963103,46.116456],[-122.963116,46.11639],[-122.963228,46.11637]],[[-122.96291,46.1145],[-122.962987,46.114456],[-122.962982,46.114263],[-122.962926,46.114231],[-122.962757,46.114234],[-122.96271,46.11428],[-122.962735,46.114466],[-122.962784,46.114497],[-122.96291,46.1145]],[[-122.963534,46.120498],[-122.963484,46.12037],[-122.963373,46.12035],[-122.963338,46.120269],[-122.963243,46.12026],[-122.963215,46.120182],[-122.963114,46.12017],[-122.963085,46.120092],[-122.962925,46.12008],[-122.962873,46.1201],[-122.962868,46.120236],[-122.962984,46.12026],[-122.963019,46.120341],[-122.963114,46.12035],[-122.963142,46.120428],[-122.963243,46.12044],[-122.963271,46.120518],[-122.96347,46.120549],[-122.963534,46.120498]],[[-122.963376,46.11499],[-122.963316,46.114937],[-122.963152,46.114959],[-122.963118,46.114999],[-122.96313,46.115106],[-122.963187,46.11513],[-122.963341,46.115121],[-122.963374,46.115086],[-122.963376,46.11499]],[[-122.963421,46.119176],[-122.963564,46.119193],[-122.96362,46.119169],[-122.963629,46.119038],[-122.963577,46.119002],[-122.963428,46.119002],[-122.963377,46.119038],[-122.963377,46.119142],[-122.963421,46.119176]],[[-122.964186,46.115903],[-122.964146,46.115794],[-122.964111,46.115767],[-122.963893,46.11576],[-122.963892,46.115624],[-122.963845,46.115584],[-122.963446,46.11558],[-122.963382,46.115613],[-122.963389,46.115826],[-122.963445,46.11585],[-122.963634,46.11585],[-122.963647,46.115916],[-122.963764,46.11594],[-122.96377,46.115997],[-122.963812,46.116026],[-122.964117,46.116021],[-122.964186,46.115903]],[[-122.964023,46.11477],[-122.963989,46.114689],[-122.963834,46.11468],[-122.963774,46.114709],[-122.963764,46.11477],[-122.96369,46.114772],[-122.963644,46.114799],[-122.963644,46.114921],[-122.96369,46.114948],[-122.963764,46.11495],[-122.963768,46.115002],[-122.963805,46.115034],[-122.963968,46.115038],[-122.964017,46.115007],[-122.964023,46.11495],[-122.964219,46.114949],[-122.964273,46.114922],[-122.964282,46.114819],[-122.964254,46.114782],[-122.964023,46.11477]],[[-122.964074,46.11684],[-122.964148,46.116802],[-122.964142,46.116689],[-122.964089,46.116661],[-122.963934,46.116667],[-122.963894,46.116704],[-122.963902,46.116812],[-122.963955,46.116839],[-122.964074,46.11684]],[[-122.964243,46.121961],[-122.964295,46.12183],[-122.964243,46.121793],[-122.964061,46.121791],[-122.964001,46.12183],[-122.964024,46.121937],[-122.964074,46.121968],[-122.964243,46.121961]],[[-122.96454,46.11616],[-122.964472,46.116107],[-122.96418,46.116132],[-122.964117,46.116253],[-122.964169,46.11637],[-122.96432,46.116403],[-122.964383,46.116391],[-122.964411,46.1163],[-122.964492,46.116296],[-122.964534,46.116267],[-122.96454,46.11616]],[[-122.968033,46.117921],[-122.968011,46.117757],[-122.967904,46.117741],[-122.967886,46.117671],[-122.967775,46.117651],[-122.96774,46.11757],[-122.967645,46.117561],[-122.967617,46.117484],[-122.967516,46.117471],[-122.967487,46.117393],[-122.967387,46.117381],[-122.967358,46.117303],[-122.967128,46.117291],[-122.967105,46.117217],[-122.966998,46.117201],[-122.966964,46.11712],[-122.966869,46.117111],[-122.966846,46.116947],[-122.96674,46.116931],[-122.966722,46.116861],[-122.96661,46.116841],[-122.966597,46.116775],[-122.966481,46.116751],[-122.966446,46.11667],[-122.966222,46.116661],[-122.966216,46.116604],[-122.966174,46.116575],[-122.965733,46.116583],[-122.965704,46.116661],[-122.96561,46.11667],[-122.965575,46.116751],[-122.965501,46.116753],[-122.965455,46.116779],[-122.965445,46.116931],[-122.965351,46.116933],[-122.965304,46.11696],[-122.965316,46.117111],[-122.964669,46.11711],[-122.964646,46.117036],[-122.96454,46.11702],[-122.964539,46.116889],[-122.964511,46.116853],[-122.964351,46.116841],[-122.964287,46.116874],[-122.96428,46.11711],[-122.964164,46.117134],[-122.964151,46.117236],[-122.964206,46.117288],[-122.96441,46.11729],[-122.96441,46.11747],[-122.964321,46.117477],[-122.964282,46.117514],[-122.96428,46.11765],[-122.964246,46.117698],[-122.964289,46.117802],[-122.964335,46.117828],[-122.964409,46.11783],[-122.964415,46.117887],[-122.964457,46.117916],[-122.964668,46.11792],[-122.964691,46.118085],[-122.964797,46.118101],[-122.964803,46.118157],[-122.964845,46.118186],[-122.965056,46.118191],[-122.965074,46.118351],[-122.965186,46.118371],[-122.965203,46.118441],[-122.965315,46.118461],[-122.965328,46.118527],[-122.965444,46.118551],[-122.965479,46.118632],[-122.965703,46.118641],[-122.965709,46.118697],[-122.965751,46.118727],[-122.966166,46.118729],[-122.966215,46.118698],[-122.966221,46.118641],[-122.966425,46.118639],[-122.966474,46.118608],[-122.96648,46.118551],[-122.966669,46.118551],[-122.966726,46.118527],[-122.966773,46.118419],[-122.966739,46.118371],[-122.966735,46.118229],[-122.966676,46.118192],[-122.96648,46.118191],[-122.96648,46.118011],[-122.966739,46.118011],[-122.966745,46.118158],[-122.966787,46.118187],[-122.966868,46.118191],[-122.966891,46.118265],[-122.967127,46.118281],[-122.967155,46.118359],[-122.967325,46.118395],[-122.967493,46.118355],[-122.967515,46.118281],[-122.967632,46.118257],[-122.967645,46.118191],[-122.96801,46.118176],[-122.968033,46.118101],[-122.968121,46.118095],[-122.968162,46.118053],[-122.96815,46.117945],[-122.968033,46.117921]],[[-122.964593,46.115951],[-122.964786,46.115916],[-122.964796,46.115799],[-122.964744,46.115763],[-122.964595,46.115763],[-122.964542,46.115804],[-122.964543,46.115916],[-122.964593,46.115951]],[[-122.964911,46.121947],[-122.964943,46.121836],[-122.964904,46.121797],[-122.9647,46.1218],[-122.964666,46.12188],[-122.964584,46.121885],[-122.964542,46.121914],[-122.964549,46.12205],[-122.964611,46.122074],[-122.964761,46.122051],[-122.964795,46.121971],[-122.964911,46.121947]],[[-122.965316,46.116571],[-122.965294,46.116496],[-122.965187,46.116479],[-122.965187,46.116391],[-122.965275,46.116384],[-122.965315,46.116347],[-122.965316,46.116169],[-122.965288,46.116133],[-122.965099,46.116127],[-122.965061,46.116159],[-122.965058,46.11621],[-122.964698,46.116223],[-122.964669,46.116264],[-122.964687,46.116911],[-122.964739,46.11693],[-122.965289,46.116932],[-122.965316,46.116896],[-122.965316,46.116751],[-122.965404,46.116744],[-122.965445,46.116702],[-122.965433,46.116595],[-122.965316,46.116571]],[[-122.965237,46.119361],[-122.965311,46.119322],[-122.965305,46.119209],[-122.965252,46.119182],[-122.965097,46.119187],[-122.965059,46.119219],[-122.965044,46.119331],[-122.965098,46.119359],[-122.965237,46.119361]],[[-122.96523,46.120643],[-122.96543,46.120597],[-122.96544,46.120479],[-122.965388,46.120443],[-122.965239,46.120443],[-122.96519,46.120474],[-122.965152,46.120589],[-122.96523,46.120643]],[[-122.966997,46.120171],[-122.967078,46.120167],[-122.967123,46.120133],[-122.967117,46.11993],[-122.967056,46.119901],[-122.9668,46.119902],[-122.966747,46.11993],[-122.966738,46.119991],[-122.966608,46.119991],[-122.966607,46.119584],[-122.966568,46.119547],[-122.966479,46.119541],[-122.966457,46.119377],[-122.966221,46.119361],[-122.966203,46.119291],[-122.966091,46.119271],[-122.966073,46.119201],[-122.965962,46.119181],[-122.965944,46.119111],[-122.965832,46.119091],[-122.965819,46.119025],[-122.965703,46.119001],[-122.9657,46.118949],[-122.965662,46.118917],[-122.965444,46.118911],[-122.965376,46.118887],[-122.965208,46.118926],[-122.965194,46.119062],[-122.96524,46.119088],[-122.965315,46.119091],[-122.965349,46.119172],[-122.965444,46.119181],[-122.965453,46.119332],[-122.965499,46.119358],[-122.965573,46.119361],[-122.965591,46.119521],[-122.965703,46.119541],[-122.965712,46.119782],[-122.965758,46.119808],[-122.965832,46.119811],[-122.965866,46.119892],[-122.965961,46.119901],[-122.965965,46.120043],[-122.966009,46.120077],[-122.96609,46.120081],[-122.9661,46.120232],[-122.966146,46.120259],[-122.96622,46.120261],[-122.966254,46.120342],[-122.966349,46.120351],[-122.966378,46.120429],[-122.966479,46.120441],[-122.966479,46.120572],[-122.966507,46.120609],[-122.966784,46.120635],[-122.96685,46.120615],[-122.966867,46.120261],[-122.966974,46.120245],[-122.966997,46.120171]],[[-122.96557,46.121519],[-122.965519,46.121497],[-122.965461,46.121507],[-122.965423,46.121549],[-122.965439,46.12159],[-122.965492,46.12161],[-122.965564,46.121598],[-122.965592,46.12156],[-122.96557,46.121519]],[[-122.965598,46.116285],[-122.966033,46.116313],[-122.966087,46.116281],[-122.96607,46.116137],[-122.965964,46.116121],[-122.965958,46.116064],[-122.965909,46.116033],[-122.965598,46.116046],[-122.965541,46.116163],[-122.965598,46.116285]],[[-122.966478,46.119138],[-122.966498,46.118956],[-122.966459,46.118918],[-122.966262,46.118917],[-122.966224,46.118949],[-122.966221,46.119001],[-122.966146,46.119003],[-122.9661,46.119029],[-122.9661,46.119152],[-122.966282,46.119205],[-122.966438,46.119175],[-122.966478,46.119138]],[[-122.967077,46.121705],[-122.966927,46.121677],[-122.966866,46.121701],[-122.966737,46.121701],[-122.966719,46.121631],[-122.966607,46.121611],[-122.966594,46.121545],[-122.966478,46.121521],[-122.966472,46.121464],[-122.96643,46.121435],[-122.966261,46.121432],[-122.966204,46.121466],[-122.966237,46.121591],[-122.966348,46.121611],[-122.966366,46.121681],[-122.966478,46.121701],[-122.966495,46.121771],[-122.966607,46.121791],[-122.96662,46.121857],[-122.966737,46.121881],[-122.966742,46.121938],[-122.966784,46.121967],[-122.966949,46.12198],[-122.966992,46.121946],[-122.966996,46.121881],[-122.96707,46.121879],[-122.967116,46.121853],[-122.967116,46.12173],[-122.967077,46.121705]],[[-122.967159,46.123189],[-122.967118,46.123085],[-122.967069,46.123054],[-122.966777,46.123057],[-122.966739,46.123089],[-122.966736,46.123141],[-122.966619,46.123165],[-122.966606,46.123231],[-122.96649,46.123255],[-122.966486,46.123382],[-122.966539,46.12341],[-122.966736,46.123411],[-122.966742,46.123468],[-122.966791,46.123499],[-122.966953,46.123495],[-122.966991,46.123463],[-122.966995,46.123411],[-122.967076,46.123407],[-122.967121,46.123373],[-122.967124,46.123231],[-122.967159,46.123189]],[[-122.967177,46.121521],[-122.967251,46.121483],[-122.967242,46.121365],[-122.967185,46.121341],[-122.96701,46.121351],[-122.966976,46.121397],[-122.967009,46.121497],[-122.967058,46.12152],[-122.967177,46.121521]],[[-122.969194,46.125482],[-122.969171,46.125408],[-122.969064,46.125392],[-122.969051,46.125326],[-122.968935,46.125302],[-122.968907,46.125224],[-122.968806,46.125212],[-122.968806,46.125122],[-122.969015,46.125122],[-122.969072,46.125097],[-122.969047,46.124962],[-122.968995,46.124942],[-122.968739,46.124943],[-122.968685,46.12497],[-122.968676,46.125032],[-122.968547,46.125032],[-122.968524,46.124957],[-122.968418,46.124942],[-122.968383,46.124861],[-122.968288,46.124852],[-122.968271,46.124601],[-122.968218,46.124582],[-122.968029,46.124581],[-122.968029,46.124492],[-122.96813,46.124479],[-122.968159,46.124402],[-122.96826,46.124389],[-122.968288,46.124312],[-122.968383,46.124302],[-122.968418,46.124222],[-122.968492,46.124219],[-122.968538,46.124193],[-122.968548,46.123862],[-122.968642,46.123859],[-122.968689,46.123832],[-122.968664,46.123706],[-122.968548,46.123682],[-122.96853,46.123611],[-122.968418,46.123592],[-122.968405,46.123526],[-122.968341,46.123502],[-122.968058,46.123514],[-122.96803,46.123591],[-122.967948,46.123596],[-122.967906,46.123625],[-122.9679,46.123771],[-122.967771,46.123771],[-122.967765,46.123715],[-122.967716,46.123684],[-122.967547,46.12369],[-122.967512,46.123771],[-122.967411,46.123784],[-122.967383,46.123861],[-122.967282,46.123874],[-122.967253,46.123951],[-122.967158,46.12396],[-122.967124,46.124041],[-122.967042,46.124045],[-122.967,46.124075],[-122.966986,46.124196],[-122.967029,46.124219],[-122.967124,46.124223],[-122.967123,46.124401],[-122.967049,46.124404],[-122.967003,46.12443],[-122.967007,46.124557],[-122.967123,46.124581],[-122.967158,46.124662],[-122.967253,46.124671],[-122.967281,46.124749],[-122.967382,46.124761],[-122.967417,46.124842],[-122.967641,46.124851],[-122.967664,46.124926],[-122.96777,46.124942],[-122.967788,46.125012],[-122.9679,46.125032],[-122.967934,46.125112],[-122.968029,46.125122],[-122.968057,46.125199],[-122.968158,46.125212],[-122.968187,46.125289],[-122.968288,46.125302],[-122.968316,46.125379],[-122.968417,46.125392],[-122.968446,46.125469],[-122.968546,46.125482],[-122.968569,46.125556],[-122.968805,46.125572],[-122.968818,46.125638],[-122.968935,46.125662],[-122.968938,46.125713],[-122.968976,46.125745],[-122.969153,46.125745],[-122.96919,46.125714],[-122.969194,46.125662],[-122.969268,46.12566],[-122.969314,46.125633],[-122.969314,46.12551],[-122.969268,46.125484],[-122.969194,46.125482]],[[-122.968958,46.118597],[-122.96893,46.1184],[-122.968884,46.118374],[-122.96881,46.118372],[-122.968775,46.118291],[-122.96868,46.118282],[-122.968652,46.118204],[-122.968421,46.118191],[-122.968415,46.118135],[-122.968366,46.118104],[-122.968204,46.118108],[-122.968163,46.11815],[-122.968162,46.118551],[-122.967951,46.118555],[-122.967909,46.118585],[-122.967903,46.118641],[-122.967787,46.118665],[-122.967774,46.118821],[-122.967739,46.118864],[-122.967774,46.118911],[-122.967774,46.119001],[-122.967644,46.119001],[-122.967638,46.118945],[-122.967589,46.118914],[-122.967304,46.118915],[-122.967262,46.118945],[-122.967256,46.119001],[-122.96714,46.119025],[-122.967126,46.119091],[-122.96701,46.119115],[-122.967006,46.119243],[-122.967052,46.119269],[-122.967126,46.119271],[-122.967144,46.119341],[-122.967256,46.119361],[-122.967273,46.119431],[-122.967385,46.119451],[-122.967398,46.119517],[-122.967514,46.119541],[-122.96752,46.119598],[-122.96757,46.119629],[-122.967773,46.119631],[-122.96785,46.119655],[-122.968004,46.119619],[-122.968032,46.119541],[-122.96825,46.119535],[-122.968288,46.119503],[-122.968291,46.119452],[-122.968373,46.119447],[-122.968415,46.119418],[-122.968421,46.119272],[-122.968502,46.119267],[-122.968544,46.119238],[-122.96855,46.119002],[-122.968632,46.118997],[-122.968676,46.118963],[-122.968674,46.118855],[-122.968632,46.118826],[-122.96855,46.118821],[-122.968551,46.118732],[-122.968657,46.118716],[-122.96868,46.118642],[-122.968925,46.118632],[-122.968958,46.118597]],[[-122.967559,46.122084],[-122.967731,46.122055],[-122.96777,46.122018],[-122.967772,46.12166],[-122.967724,46.121615],[-122.967583,46.121612],[-122.967517,46.12165],[-122.967513,46.121791],[-122.967432,46.121795],[-122.967387,46.12183],[-122.967384,46.122013],[-122.967425,46.122055],[-122.967559,46.122084]],[[-122.967705,46.120015],[-122.967855,46.119987],[-122.967897,46.119958],[-122.96788,46.119827],[-122.967825,46.119811],[-122.967537,46.119827],[-122.967514,46.119865],[-122.967537,46.119975],[-122.967705,46.120015]],[[-122.97062,46.120982],[-122.970694,46.12098],[-122.97074,46.120954],[-122.97074,46.120831],[-122.970687,46.120803],[-122.970491,46.120802],[-122.970468,46.120728],[-122.970361,46.120712],[-122.970344,46.120642],[-122.970232,46.120622],[-122.970197,46.120541],[-122.970103,46.120532],[-122.970074,46.120454],[-122.969973,46.120442],[-122.969973,46.120262],[-122.970008,46.120214],[-122.969948,46.120155],[-122.969587,46.120172],[-122.969501,46.120149],[-122.969349,46.120188],[-122.969326,46.120262],[-122.96921,46.120286],[-122.969197,46.120352],[-122.968938,46.120352],[-122.968925,46.120196],[-122.968809,46.120172],[-122.968774,46.120091],[-122.968663,46.120074],[-122.968679,46.119992],[-122.968761,46.119988],[-122.968803,46.119958],[-122.968809,46.119812],[-122.968904,46.119803],[-122.968938,46.119722],[-122.96902,46.119718],[-122.969064,46.119683],[-122.969058,46.11957],[-122.969013,46.119544],[-122.968938,46.119542],[-122.96891,46.119464],[-122.968714,46.119461],[-122.968679,46.119542],[-122.968563,46.119566],[-122.96855,46.119632],[-122.968438,46.119651],[-122.96842,46.119721],[-122.968309,46.119741],[-122.968291,46.119901],[-122.968175,46.119925],[-122.968161,46.120081],[-122.96805,46.120101],[-122.968012,46.120211],[-122.968067,46.120259],[-122.968236,46.120259],[-122.968285,46.120228],[-122.968291,46.120172],[-122.968407,46.120148],[-122.96842,46.120082],[-122.968565,46.120089],[-122.968549,46.120262],[-122.968313,46.120277],[-122.968291,46.120441],[-122.968256,46.120484],[-122.968325,46.120612],[-122.968549,46.120622],[-122.968549,46.120802],[-122.968515,46.120844],[-122.968549,46.120892],[-122.968537,46.121132],[-122.968599,46.121161],[-122.968889,46.121158],[-122.968936,46.121118],[-122.968938,46.120982],[-122.969067,46.120982],[-122.969089,46.121146],[-122.969326,46.121162],[-122.969325,46.121252],[-122.969137,46.121252],[-122.96908,46.121276],[-122.969067,46.121432],[-122.968972,46.121434],[-122.968922,46.121466],[-122.968956,46.121535],[-122.969021,46.121544],[-122.969078,46.121511],[-122.969196,46.121522],[-122.969229,46.121616],[-122.969392,46.121611],[-122.969453,46.121568],[-122.969455,46.121432],[-122.969584,46.121432],[-122.969653,46.121456],[-122.96982,46.121416],[-122.969843,46.121252],[-122.969938,46.121243],[-122.969973,46.121198],[-122.969971,46.121115],[-122.969938,46.121081],[-122.969714,46.121072],[-122.969714,46.120982],[-122.969821,46.120966],[-122.969844,46.120892],[-122.969973,46.120892],[-122.969996,46.120966],[-122.970102,46.120982],[-122.970104,46.121132],[-122.97017,46.121175],[-122.970451,46.121169],[-122.970487,46.121137],[-122.970491,46.121072],[-122.970597,46.121056],[-122.97062,46.120982]],[[-122.9686,46.121702],[-122.968675,46.121663],[-122.968661,46.121541],[-122.968549,46.121522],[-122.968543,46.121465],[-122.968501,46.121436],[-122.968318,46.121444],[-122.968271,46.12155],[-122.968287,46.121591],[-122.968419,46.121612],[-122.968423,46.121663],[-122.96846,46.121695],[-122.9686,46.121702]],[[-122.968681,46.121973],[-122.968624,46.121958],[-122.968565,46.121978],[-122.968549,46.122027],[-122.968576,46.122063],[-122.968639,46.122075],[-122.968697,46.122049],[-122.968712,46.122009],[-122.968681,46.121973]],[[-122.968956,46.123181],[-122.96893,46.123085],[-122.968888,46.123056],[-122.9687,46.123067],[-122.968677,46.123106],[-122.968693,46.123224],[-122.968596,46.123236],[-122.968551,46.12327],[-122.968571,46.123396],[-122.968625,46.123412],[-122.968784,46.123396],[-122.968807,46.123358],[-122.968791,46.123239],[-122.968934,46.123215],[-122.968956,46.123181]],[[-122.968726,46.121428],[-122.968869,46.121445],[-122.968925,46.121421],[-122.968934,46.12129],[-122.968882,46.121254],[-122.968734,46.121254],[-122.968682,46.12129],[-122.968682,46.121393],[-122.968726,46.121428]],[[-122.969246,46.124762],[-122.969322,46.124718],[-122.969322,46.124625],[-122.969289,46.124591],[-122.969126,46.124558],[-122.968932,46.124602],[-122.968916,46.124643],[-122.96897,46.124753],[-122.969246,46.124762]],[[-122.969735,46.119041],[-122.969712,46.11895],[-122.969674,46.118918],[-122.969327,46.118912],[-122.969321,46.118855],[-122.969272,46.118824],[-122.969001,46.118823],[-122.968942,46.11886],[-122.968948,46.118973],[-122.968994,46.118999],[-122.969068,46.119002],[-122.969074,46.119058],[-122.969123,46.119089],[-122.969456,46.119092],[-122.96954,46.119114],[-122.969707,46.119079],[-122.969735,46.119041]],[[-122.969549,46.122953],[-122.969601,46.122822],[-122.969549,46.122784],[-122.969367,46.122783],[-122.969308,46.122822],[-122.969331,46.122928],[-122.96938,46.12296],[-122.969549,46.122953]],[[-122.970022,46.126382],[-122.970098,46.126339],[-122.970077,46.126218],[-122.970022,46.126202],[-122.969852,46.126213],[-122.9698,46.126118],[-122.969664,46.126098],[-122.969604,46.126115],[-122.969582,46.126238],[-122.969604,46.126276],[-122.969659,46.126292],[-122.96983,46.126281],[-122.969869,46.12637],[-122.970022,46.126382]],[[-122.971006,46.124852],[-122.970993,46.124786],[-122.970877,46.124762],[-122.970848,46.124685],[-122.970618,46.124672],[-122.9706,46.124602],[-122.970489,46.124582],[-122.970479,46.124521],[-122.970426,46.124493],[-122.970258,46.124504],[-122.97023,46.124582],[-122.970113,46.124606],[-122.9701,46.124672],[-122.969841,46.124672],[-122.969832,46.124611],[-122.969771,46.124582],[-122.969638,46.124584],[-122.969584,46.124625],[-122.969595,46.125008],[-122.969652,46.125032],[-122.969971,46.125032],[-122.969993,46.125106],[-122.9701,46.125122],[-122.970113,46.125278],[-122.970229,46.125302],[-122.970239,46.125364],[-122.970292,46.125391],[-122.970583,46.125383],[-122.970618,46.125302],[-122.970734,46.125278],[-122.970747,46.125212],[-122.970859,46.125193],[-122.970877,46.125122],[-122.970988,46.125103],[-122.971006,46.125032],[-122.971113,46.125017],[-122.97113,46.124886],[-122.971088,46.124856],[-122.971006,46.124852]],[[-122.969968,46.12548],[-122.969917,46.125458],[-122.969859,46.125469],[-122.969822,46.125511],[-122.969838,46.125551],[-122.969891,46.125572],[-122.969963,46.125559],[-122.96999,46.125522],[-122.969968,46.12548]],[[-122.971006,46.125842],[-122.970983,46.125768],[-122.970876,46.125752],[-122.970875,46.125616],[-122.970828,46.125576],[-122.970659,46.125579],[-122.970621,46.125611],[-122.970617,46.125662],[-122.970501,46.125686],[-122.970489,46.126069],[-122.970529,46.126106],[-122.970617,46.126112],[-122.97065,46.126206],[-122.970842,46.126193],[-122.970876,46.126112],[-122.970971,46.126103],[-122.971006,46.126022],[-122.971122,46.125998],[-122.971126,46.125871],[-122.97108,46.125845],[-122.971006,46.125842]],[[-122.970668,46.121518],[-122.970811,46.121536],[-122.970866,46.121511],[-122.970875,46.121381],[-122.970824,46.121345],[-122.970675,46.121344],[-122.970623,46.12138],[-122.970623,46.121484],[-122.970668,46.121518]],[[-122.971524,46.125122],[-122.971518,46.125066],[-122.971469,46.125035],[-122.971326,46.125008],[-122.971177,46.125039],[-122.971139,46.125071],[-122.971135,46.125122],[-122.971019,46.125146],[-122.971006,46.125212],[-122.97089,46.125236],[-122.970886,46.125364],[-122.970932,46.12539],[-122.971006,46.125392],[-122.971012,46.125449],[-122.971061,46.12548],[-122.971204,46.125506],[-122.971353,46.125476],[-122.971391,46.125444],[-122.971394,46.125392],[-122.971489,46.125383],[-122.971524,46.125303],[-122.971605,46.125298],[-122.97165,46.125264],[-122.97164,46.125146],[-122.971524,46.125122]],[[-122.971394,46.126562],[-122.971475,46.126558],[-122.971517,46.126529],[-122.9715,46.126398],[-122.971446,46.126382],[-122.971158,46.126398],[-122.971135,46.126436],[-122.971157,46.126637],[-122.971346,46.126648],[-122.971388,46.126619],[-122.971394,46.126562]],[[-122.972679,46.126098],[-122.972722,46.12597],[-122.972661,46.125842],[-122.9723,46.125843],[-122.972303,46.125683],[-122.97225,46.125663],[-122.972096,46.125665],[-122.972043,46.125706],[-122.972041,46.125843],[-122.971935,46.125858],[-122.971912,46.125932],[-122.971817,46.125942],[-122.971782,46.126022],[-122.97167,46.126042],[-122.971653,46.126112],[-122.971558,46.126115],[-122.971516,46.126137],[-122.971527,46.126254],[-122.971564,46.126286],[-122.971706,46.126316],[-122.971856,46.12629],[-122.971906,46.126259],[-122.971912,46.126203],[-122.972028,46.126179],[-122.972041,46.126113],[-122.97217,46.126113],[-122.972188,46.126273],[-122.97224,46.126292],[-122.972374,46.12629],[-122.972426,46.126254],[-122.972428,46.126156],[-122.972388,46.126119],[-122.972284,46.126105],[-122.9723,46.126023],[-122.972429,46.126023],[-122.972458,46.1261],[-122.972613,46.126127],[-122.972679,46.126098]],[[-122.971784,46.123183],[-122.971723,46.12313],[-122.971559,46.123152],[-122.971526,46.123186],[-122.971517,46.123297],[-122.971575,46.123322],[-122.971749,46.123313],[-122.971782,46.123279],[-122.971784,46.123183]],[[-122.972059,46.127328],[-122.972023,46.127212],[-122.971911,46.127193],[-122.971898,46.127127],[-122.971782,46.127102],[-122.971747,46.127022],[-122.971593,46.127013],[-122.971536,46.127036],[-122.971532,46.127164],[-122.971578,46.12719],[-122.971652,46.127193],[-122.971687,46.127273],[-122.971782,46.127283],[-122.971816,46.127363],[-122.97202,46.127366],[-122.972059,46.127328]],[[-122.972093,46.124853],[-122.972168,46.124814],[-122.972162,46.124701],[-122.972109,46.124674],[-122.971953,46.124679],[-122.971914,46.124716],[-122.971921,46.124824],[-122.971975,46.124852],[-122.972093,46.124853]],[[-122.972094,46.122963],[-122.972169,46.122924],[-122.972163,46.122811],[-122.97211,46.122784],[-122.971953,46.122776],[-122.971914,46.122817],[-122.971922,46.122934],[-122.971976,46.122961],[-122.972094,46.122963]],[[-122.972318,46.127508],[-122.972293,46.127406],[-122.972251,46.127377],[-122.972108,46.127359],[-122.972046,46.127393],[-122.972042,46.127509],[-122.972088,46.127549],[-122.972279,46.127546],[-122.972318,46.127508]],[[-122.972353,46.122603],[-122.972428,46.122564],[-122.972414,46.122442],[-122.972302,46.122423],[-122.972296,46.122366],[-122.972254,46.122337],[-122.972071,46.122345],[-122.972043,46.122387],[-122.97206,46.122583],[-122.972113,46.122602],[-122.972353,46.122603]],[[-122.972547,46.124289],[-122.972577,46.124172],[-122.972525,46.124135],[-122.972301,46.124133],[-122.972232,46.124108],[-122.97209,46.124137],[-122.972042,46.124181],[-122.972048,46.124369],[-122.972104,46.124402],[-122.972384,46.124412],[-122.972427,46.124378],[-122.97243,46.124313],[-122.972547,46.124289]],[[-122.972429,46.126963],[-122.972369,46.12691],[-122.972205,46.126932],[-122.97217,46.126971],[-122.972183,46.127079],[-122.97224,46.127102],[-122.972394,46.127094],[-122.972427,46.127059],[-122.972429,46.126963]],[[-122.972706,46.127778],[-122.972682,46.127676],[-122.97264,46.127647],[-122.972496,46.127629],[-122.972434,46.127663],[-122.97243,46.127779],[-122.972476,46.127819],[-122.972667,46.127816],[-122.972706,46.127778]],[[-122.972709,46.122738],[-122.972684,46.122636],[-122.972635,46.122605],[-122.972486,46.122605],[-122.972434,46.122641],[-122.972434,46.122744],[-122.972486,46.12278],[-122.972676,46.122773],[-122.972709,46.122738]],[[-122.973596,46.123683],[-122.973578,46.123613],[-122.973466,46.123593],[-122.973432,46.123512],[-122.973337,46.123503],[-122.973308,46.123425],[-122.973078,46.123411],[-122.973078,46.123323],[-122.973308,46.123311],[-122.973336,46.123274],[-122.973337,46.123143],[-122.973432,46.123134],[-122.973466,46.123053],[-122.973583,46.123029],[-122.973594,46.122916],[-122.973541,46.122875],[-122.973236,46.122885],[-122.973207,46.122963],[-122.973101,46.122979],[-122.973078,46.123053],[-122.972977,46.123065],[-122.972949,46.123143],[-122.972848,46.123155],[-122.972819,46.123233],[-122.972718,46.123245],[-122.97269,46.123323],[-122.972595,46.123332],[-122.97256,46.123413],[-122.972479,46.123417],[-122.972434,46.123451],[-122.972453,46.123577],[-122.972689,46.123593],[-122.972707,46.123663],[-122.972819,46.123683],[-122.972837,46.123753],[-122.972948,46.123773],[-122.972961,46.123839],[-122.973078,46.123863],[-122.973084,46.123919],[-122.973133,46.12395],[-122.973411,46.123951],[-122.97346,46.12392],[-122.973466,46.123863],[-122.973696,46.123851],[-122.973725,46.123814],[-122.973719,46.123716],[-122.973677,46.123687],[-122.973596,46.123683]],[[-122.972742,46.121973],[-122.972818,46.121929],[-122.972802,46.121722],[-122.972742,46.121703],[-122.97246,46.121715],[-122.972432,46.121751],[-122.972449,46.121863],[-122.972561,46.121883],[-122.972564,46.121934],[-122.972602,46.121966],[-122.972742,46.121973]],[[-122.973355,46.127322],[-122.9733,46.127202],[-122.973154,46.127193],[-122.973089,46.127217],[-122.973076,46.127283],[-122.972828,46.127294],[-122.972804,46.127037],[-122.972755,46.127014],[-122.972628,46.127013],[-122.972564,46.127046],[-122.972524,46.127145],[-122.972558,46.127193],[-122.972564,46.127339],[-122.972628,46.127372],[-122.972806,46.127362],[-122.972819,46.127509],[-122.972865,46.127549],[-122.973123,46.127567],[-122.973178,46.127554],[-122.973205,46.127518],[-122.973206,46.127373],[-122.973333,46.127356],[-122.973355,46.127322]],[[-122.97274,46.125303],[-122.972815,46.125264],[-122.972809,46.125151],[-122.972756,46.125124],[-122.9726,46.125129],[-122.972561,46.125166],[-122.972568,46.125274],[-122.972622,46.125302],[-122.97274,46.125303]],[[-122.972818,46.126513],[-122.972757,46.12646],[-122.972593,46.126482],[-122.972559,46.126521],[-122.972572,46.126629],[-122.972629,46.126652],[-122.972783,46.126644],[-122.972816,46.126609],[-122.972818,46.126513]],[[-122.972948,46.125573],[-122.973029,46.125569],[-122.973074,46.125534],[-122.973074,46.125431],[-122.973022,46.125395],[-122.972859,46.125399],[-122.972821,46.125431],[-122.972818,46.125483],[-122.972716,46.125487],[-122.972671,46.125522],[-122.972694,46.125629],[-122.972744,46.12566],[-122.972908,46.12567],[-122.972944,46.125638],[-122.972948,46.125573]],[[-122.972816,46.124491],[-122.972765,46.124469],[-122.972707,46.124479],[-122.97267,46.124521],[-122.972686,46.124562],[-122.972739,46.124582],[-122.972811,46.12457],[-122.972838,46.124532],[-122.972816,46.124491]],[[-122.972871,46.122963],[-122.972945,46.122924],[-122.97294,46.122811],[-122.972886,46.122784],[-122.972729,46.122776],[-122.97269,46.122818],[-122.972699,46.122934],[-122.972752,46.122962],[-122.972871,46.122963]],[[-122.973041,46.127994],[-122.973093,46.127863],[-122.973041,46.127825],[-122.972859,46.127824],[-122.9728,46.127863],[-122.972823,46.127969],[-122.972872,46.128],[-122.973041,46.127994]],[[-122.973335,46.126923],[-122.973417,46.126919],[-122.973459,46.12689],[-122.973464,46.126792],[-122.97343,46.126752],[-122.973087,46.126754],[-122.973067,46.126681],[-122.973014,46.126654],[-122.97288,46.126654],[-122.972831,46.126677],[-122.972827,46.126804],[-122.972887,46.126833],[-122.973065,46.126822],[-122.973078,46.126969],[-122.973111,46.127004],[-122.973294,46.127007],[-122.973332,46.126975],[-122.973335,46.126923]],[[-122.973354,46.126338],[-122.973334,46.126156],[-122.973294,46.126119],[-122.973017,46.126113],[-122.972956,46.126141],[-122.972956,46.126264],[-122.973002,46.12629],[-122.973076,46.126293],[-122.97308,46.126345],[-122.973118,46.126376],[-122.973315,46.126376],[-122.973354,46.126338]],[[-122.973573,46.122227],[-122.973611,46.122098],[-122.973554,46.122064],[-122.973106,46.122067],[-122.973059,46.122113],[-122.973084,46.122299],[-122.973126,46.122329],[-122.973208,46.122333],[-122.973211,46.122384],[-122.973249,46.122416],[-122.973439,46.122419],[-122.973486,46.122372],[-122.973467,46.122243],[-122.973573,46.122227]],[[-122.973854,46.124713],[-122.973786,46.12466],[-122.973466,46.124673],[-122.973477,46.124433],[-122.973423,46.124404],[-122.973255,46.124407],[-122.973207,46.124452],[-122.973207,46.124673],[-122.973118,46.124679],[-122.973079,46.124716],[-122.973083,46.124909],[-122.97314,46.124942],[-122.973336,46.124943],[-122.973349,46.125009],[-122.973465,46.125033],[-122.973469,46.125085],[-122.973506,46.125117],[-122.973676,46.125119],[-122.973718,46.12509],[-122.973724,46.125033],[-122.973806,46.125029],[-122.97385,46.124995],[-122.973854,46.124713]],[[-122.973335,46.127913],[-122.973353,46.127868],[-122.973321,46.127832],[-122.973247,46.127824],[-122.973197,46.127848],[-122.973187,46.127889],[-122.973224,46.127926],[-122.973281,46.127936],[-122.973335,46.127913]],[[-122.973595,46.124173],[-122.973535,46.12412],[-122.97335,46.124142],[-122.973317,46.124189],[-122.973349,46.124289],[-122.973406,46.124313],[-122.973561,46.124304],[-122.973594,46.124269],[-122.973595,46.124173]],[[-122.9735,46.125924],[-122.973664,46.125945],[-122.973715,46.125918],[-122.973711,46.125777],[-122.973595,46.125753],[-122.973589,46.125696],[-122.973547,46.125667],[-122.973349,46.125672],[-122.973316,46.125719],[-122.973349,46.125819],[-122.973465,46.125843],[-122.9735,46.125924]],[[-122.973628,46.126526],[-122.973588,46.126416],[-122.973546,46.126387],[-122.973403,46.12637],[-122.973341,46.126403],[-122.973337,46.126519],[-122.973383,46.126559],[-122.97357,46.126579],[-122.973628,46.126526]],[[-122.977701,46.130618],[-122.977767,46.130466],[-122.977696,46.130413],[-122.977605,46.130434],[-122.977346,46.130434],[-122.977347,46.130164],[-122.97738,46.130111],[-122.977329,46.130004],[-122.977217,46.129982],[-122.977217,46.129804],[-122.977535,46.129804],[-122.977596,46.129775],[-122.977606,46.129624],[-122.977694,46.129618],[-122.977734,46.12958],[-122.977712,46.12937],[-122.977476,46.129354],[-122.977464,46.129275],[-122.977379,46.129252],[-122.977312,46.129306],[-122.977363,46.129361],[-122.977347,46.129534],[-122.976958,46.129534],[-122.976936,46.12946],[-122.976829,46.129444],[-122.976811,46.129373],[-122.9767,46.129354],[-122.976665,46.129273],[-122.97657,46.129264],[-122.976542,46.129186],[-122.976441,46.129174],[-122.976438,46.129108],[-122.976401,46.129077],[-122.976053,46.129083],[-122.976049,46.129032],[-122.976011,46.129],[-122.975794,46.128993],[-122.975776,46.128923],[-122.975664,46.128903],[-122.975651,46.128837],[-122.975535,46.128813],[-122.975531,46.128762],[-122.975494,46.12873],[-122.975276,46.128723],[-122.975248,46.128646],[-122.975092,46.12862],[-122.975026,46.128649],[-122.975017,46.128723],[-122.974888,46.128723],[-122.974865,46.128649],[-122.974758,46.128633],[-122.974724,46.128552],[-122.974629,46.128543],[-122.974629,46.128453],[-122.974813,46.128467],[-122.974875,46.128443],[-122.97489,46.128273],[-122.975017,46.128273],[-122.975035,46.128344],[-122.975147,46.128363],[-122.975164,46.128434],[-122.975276,46.128453],[-122.975294,46.128524],[-122.975405,46.128543],[-122.975418,46.128609],[-122.975535,46.128633],[-122.975541,46.12869],[-122.97559,46.128721],[-122.975765,46.128711],[-122.975794,46.128634],[-122.97591,46.12861],[-122.975943,46.128509],[-122.975903,46.12846],[-122.975794,46.128453],[-122.975761,46.128359],[-122.975535,46.128363],[-122.975512,46.128289],[-122.975406,46.128273],[-122.975406,46.128183],[-122.97544,46.128136],[-122.975396,46.128032],[-122.975351,46.128006],[-122.975276,46.128003],[-122.975242,46.127922],[-122.975147,46.127913],[-122.975118,46.127836],[-122.975018,46.127823],[-122.974989,46.127746],[-122.974888,46.127733],[-122.97486,46.127656],[-122.974743,46.127636],[-122.974758,46.127512],[-122.97473,46.127475],[-122.97444,46.127463],[-122.97438,46.127492],[-122.974371,46.127594],[-122.974399,46.127631],[-122.974645,46.127651],[-122.974629,46.127733],[-122.974522,46.127749],[-122.9745,46.127823],[-122.974383,46.127847],[-122.97437,46.127913],[-122.974111,46.127913],[-122.974096,46.127831],[-122.9742,46.127817],[-122.97424,46.127774],[-122.974235,46.127663],[-122.974158,46.127629],[-122.973995,46.127667],[-122.973982,46.127823],[-122.973778,46.127825],[-122.973729,46.127856],[-122.973723,46.127913],[-122.973534,46.127913],[-122.973482,46.127933],[-122.973467,46.128145],[-122.973512,46.128179],[-122.973593,46.128183],[-122.973628,46.128264],[-122.973723,46.128273],[-122.973719,46.128432],[-122.973852,46.128453],[-122.97387,46.128523],[-122.973981,46.128543],[-122.973999,46.128613],[-122.974111,46.128633],[-122.974124,46.128699],[-122.97424,46.128723],[-122.974275,46.128804],[-122.974499,46.128813],[-122.974517,46.128883],[-122.974628,46.128903],[-122.974663,46.128984],[-122.974758,46.128993],[-122.974786,46.129071],[-122.974887,46.129083],[-122.974916,46.129161],[-122.975017,46.129173],[-122.975045,46.129251],[-122.975276,46.129263],[-122.975285,46.129415],[-122.975338,46.129442],[-122.975534,46.129443],[-122.975535,46.129575],[-122.975563,46.129611],[-122.975752,46.129617],[-122.97579,46.129585],[-122.975793,46.129534],[-122.976129,46.129545],[-122.976176,46.129514],[-122.976182,46.129444],[-122.976311,46.129444],[-122.976329,46.129514],[-122.97644,46.129534],[-122.976475,46.129615],[-122.97657,46.129624],[-122.976598,46.129701],[-122.976829,46.129714],[-122.976829,46.129894],[-122.976734,46.129903],[-122.976699,46.129984],[-122.976587,46.130003],[-122.97657,46.13011],[-122.976604,46.130155],[-122.976699,46.130164],[-122.976679,46.130293],[-122.976707,46.130331],[-122.976828,46.130344],[-122.976834,46.1304],[-122.976876,46.13043],[-122.977087,46.130434],[-122.977087,46.130524],[-122.976878,46.130524],[-122.976821,46.130549],[-122.976809,46.130585],[-122.976857,46.130691],[-122.977217,46.130704],[-122.977301,46.130726],[-122.977453,46.130688],[-122.977476,46.130614],[-122.977701,46.130618]],[[-122.973851,46.125571],[-122.9738,46.125549],[-122.973742,46.12556],[-122.973705,46.125602],[-122.973721,46.125642],[-122.973774,46.125663],[-122.973846,46.12565],[-122.973873,46.125613],[-122.973851,46.125571]],[[-122.974001,46.127238],[-122.973976,46.127136],[-122.973927,46.127105],[-122.973766,46.127104],[-122.973706,46.127143],[-122.973729,46.12725],[-122.973778,46.127281],[-122.973968,46.127274],[-122.974001,46.127238]],[[-122.974064,46.125667],[-122.973907,46.125652],[-122.973855,46.125693],[-122.973869,46.125925],[-122.973819,46.125981],[-122.973893,46.126036],[-122.973974,46.126008],[-122.973967,46.125941],[-122.974071,46.125927],[-122.974111,46.12589],[-122.974106,46.125696],[-122.974064,46.125667]],[[-122.974153,46.127007],[-122.97444,46.127026],[-122.974494,46.126993],[-122.974477,46.126849],[-122.974241,46.126833],[-122.974228,46.126767],[-122.974112,46.126743],[-122.974077,46.126662],[-122.973929,46.126629],[-122.973865,46.126643],[-122.973818,46.126701],[-122.973876,46.126817],[-122.973982,46.126833],[-122.973995,46.126899],[-122.974112,46.126923],[-122.974115,46.126975],[-122.974153,46.127007]],[[-122.976055,46.122873],[-122.976055,46.122742],[-122.976021,46.122703],[-122.975796,46.122693],[-122.975783,46.122627],[-122.975667,46.122603],[-122.975661,46.122547],[-122.975619,46.122517],[-122.975279,46.122513],[-122.975275,46.122462],[-122.975238,46.12243],[-122.97502,46.122423],[-122.975002,46.122353],[-122.974891,46.122333],[-122.974881,46.122272],[-122.974828,46.122244],[-122.974666,46.122252],[-122.974632,46.122333],[-122.974291,46.122337],[-122.974249,46.122366],[-122.974243,46.122423],[-122.974025,46.122429],[-122.973988,46.122461],[-122.973984,46.122513],[-122.973896,46.122519],[-122.973856,46.122556],[-122.973878,46.122677],[-122.974114,46.122693],[-122.97412,46.12275],[-122.974162,46.122779],[-122.974631,46.122783],[-122.97464,46.122935],[-122.974686,46.122961],[-122.974761,46.122963],[-122.974795,46.123044],[-122.97489,46.123053],[-122.974893,46.123105],[-122.974931,46.123137],[-122.975149,46.123143],[-122.975158,46.123205],[-122.975211,46.123232],[-122.975408,46.123233],[-122.975469,46.123257],[-122.975537,46.123233],[-122.975667,46.123233],[-122.975676,46.123295],[-122.975729,46.123322],[-122.975875,46.123323],[-122.975929,46.123303],[-122.975926,46.123143],[-122.976122,46.123142],[-122.976175,46.123115],[-122.976181,46.122912],[-122.976137,46.122878],[-122.976055,46.122873]],[[-122.974375,46.123865],[-122.974303,46.123839],[-122.974161,46.123867],[-122.974119,46.123896],[-122.974113,46.123953],[-122.974039,46.123955],[-122.973993,46.123982],[-122.973984,46.124278],[-122.974023,46.12432],[-122.97418,46.124312],[-122.974233,46.124285],[-122.974277,46.124181],[-122.974243,46.124133],[-122.974243,46.124043],[-122.974317,46.124041],[-122.974363,46.124015],[-122.974407,46.123911],[-122.974375,46.123865]],[[-122.974303,46.123696],[-122.974446,46.123681],[-122.974492,46.123655],[-122.974496,46.123536],[-122.974439,46.123504],[-122.97427,46.123507],[-122.974223,46.123553],[-122.974248,46.123663],[-122.974303,46.123696]],[[-122.976571,46.126744],[-122.976554,46.126673],[-122.976442,46.126654],[-122.976407,46.126573],[-122.976312,46.126563],[-122.976284,46.126486],[-122.976183,46.126473],[-122.976155,46.126396],[-122.976054,46.126383],[-122.976025,46.126306],[-122.975924,46.126293],[-122.975901,46.126219],[-122.975665,46.126203],[-122.975643,46.126129],[-122.975536,46.126113],[-122.975518,46.126043],[-122.975407,46.126023],[-122.975372,46.125942],[-122.975277,46.125933],[-122.975249,46.125856],[-122.975148,46.125843],[-122.975119,46.125766],[-122.975018,46.125753],[-122.975019,46.125483],[-122.97527,46.125471],[-122.975297,46.125433],[-122.975274,46.125342],[-122.975229,46.125307],[-122.975148,46.125303],[-122.975114,46.125222],[-122.975019,46.125213],[-122.97499,46.125136],[-122.974889,46.125123],[-122.974889,46.124992],[-122.974861,46.124955],[-122.974659,46.124955],[-122.97463,46.124997],[-122.97463,46.125483],[-122.974529,46.125495],[-122.974501,46.125573],[-122.9744,46.125585],[-122.974371,46.125663],[-122.974283,46.125669],[-122.974243,46.125707],[-122.974255,46.125819],[-122.974371,46.125843],[-122.974389,46.126003],[-122.974441,46.126023],[-122.97463,46.126023],[-122.974653,46.126097],[-122.974759,46.126113],[-122.974794,46.126194],[-122.974889,46.126203],[-122.974911,46.126367],[-122.975147,46.126383],[-122.975165,46.126454],[-122.975277,46.126473],[-122.97529,46.126539],[-122.975406,46.126563],[-122.97541,46.126615],[-122.975447,46.126647],[-122.975665,46.126653],[-122.975683,46.126724],[-122.975794,46.126744],[-122.975812,46.126814],[-122.975924,46.126834],[-122.975942,46.126904],[-122.976053,46.126924],[-122.976066,46.12699],[-122.976183,46.127014],[-122.976186,46.127065],[-122.976224,46.127097],[-122.976516,46.127101],[-122.976565,46.12707],[-122.976571,46.127014],[-122.976687,46.12699],[-122.976697,46.126782],[-122.976653,46.126748],[-122.976571,46.126744]],[[-122.974419,46.126559],[-122.974569,46.126576],[-122.974621,46.126548],[-122.974624,46.126417],[-122.974567,46.126384],[-122.974398,46.126387],[-122.974351,46.126434],[-122.974377,46.12653],[-122.974419,46.126559]],[[-122.974554,46.121973],[-122.974628,46.121935],[-122.974623,46.121822],[-122.974569,46.121794],[-122.974414,46.121799],[-122.974374,46.121837],[-122.974382,46.121945],[-122.974435,46.121972],[-122.974554,46.121973]],[[-122.97463,46.127103],[-122.974648,46.127058],[-122.974616,46.127023],[-122.974542,46.127014],[-122.974492,46.127038],[-122.974482,46.12708],[-122.974518,46.127117],[-122.974576,46.127127],[-122.97463,46.127103]],[[-122.975199,46.126923],[-122.975275,46.12688],[-122.975254,46.126759],[-122.975018,46.126743],[-122.975012,46.126687],[-122.974963,46.126656],[-122.974834,46.126639],[-122.974781,46.126656],[-122.974765,46.1268],[-122.974807,46.126829],[-122.974888,46.126833],[-122.974911,46.126907],[-122.975199,46.126923]],[[-122.975407,46.124313],[-122.975524,46.124289],[-122.975533,46.124172],[-122.975482,46.124136],[-122.975333,46.124136],[-122.975284,46.124167],[-122.975278,46.124223],[-122.975162,46.124247],[-122.975148,46.124313],[-122.975032,46.124337],[-122.975031,46.124483],[-122.975094,46.124507],[-122.975243,46.124484],[-122.975278,46.124403],[-122.975394,46.124379],[-122.975407,46.124313]],[[-122.976443,46.124943],[-122.976441,46.124807],[-122.976387,46.124766],[-122.976232,46.124768],[-122.97619,46.124797],[-122.976184,46.124853],[-122.976054,46.124853],[-122.976054,46.124764],[-122.976171,46.124739],[-122.976183,46.124632],[-122.976143,46.12459],[-122.976054,46.124583],[-122.976051,46.124532],[-122.976013,46.1245],[-122.975477,46.124494],[-122.975416,46.124522],[-122.975407,46.124673],[-122.975372,46.124716],[-122.975407,46.124763],[-122.975407,46.124943],[-122.975333,46.124946],[-122.975287,46.124972],[-122.975287,46.125095],[-122.97534,46.125122],[-122.975474,46.125122],[-122.975527,46.125095],[-122.975537,46.125033],[-122.975795,46.125033],[-122.975795,46.125123],[-122.9757,46.125133],[-122.975666,46.125213],[-122.975584,46.125217],[-122.975542,46.125247],[-122.975538,46.12535],[-122.975577,46.125387],[-122.976054,46.125394],[-122.976057,46.125445],[-122.976095,46.125477],[-122.976278,46.125474],[-122.976312,46.125435],[-122.976313,46.125304],[-122.976394,46.125299],[-122.976439,46.125265],[-122.976443,46.125124],[-122.976531,46.125117],[-122.97657,46.12508],[-122.976559,46.124968],[-122.976443,46.124943]],[[-122.976053,46.128004],[-122.976134,46.127999],[-122.976176,46.12797],[-122.976182,46.127872],[-122.976154,46.127836],[-122.975805,46.127834],[-122.97576,46.127743],[-122.975535,46.127733],[-122.97553,46.127663],[-122.975482,46.127632],[-122.975386,46.127656],[-122.975372,46.127696],[-122.975422,46.127741],[-122.975406,46.127865],[-122.975434,46.127901],[-122.975783,46.127902],[-122.975797,46.128055],[-122.975856,46.128092],[-122.976018,46.128084],[-122.976053,46.128004]],[[-122.976231,46.125749],[-122.976374,46.125767],[-122.97643,46.125743],[-122.976439,46.125612],[-122.976387,46.125576],[-122.976238,46.125576],[-122.976187,46.125612],[-122.976187,46.125715],[-122.976231,46.125749]],[[-122.976699,46.130384],[-122.976631,46.13033],[-122.976451,46.130355],[-122.976434,46.130287],[-122.976385,46.130256],[-122.976249,46.13024],[-122.976185,46.130278],[-122.976199,46.130414],[-122.976251,46.130433],[-122.976429,46.130423],[-122.976446,46.13049],[-122.976495,46.130521],[-122.976676,46.130508],[-122.976699,46.130384]],[[-122.976339,46.128719],[-122.97651,46.128736],[-122.976565,46.128704],[-122.976569,46.128497],[-122.976515,46.128456],[-122.976374,46.128455],[-122.976315,46.128492],[-122.976293,46.128679],[-122.976339,46.128719]],[[-122.976569,46.128182],[-122.976517,46.12816],[-122.976459,46.12817],[-122.976422,46.128212],[-122.976438,46.128253],[-122.976491,46.128273],[-122.976563,46.128261],[-122.97659,46.128223],[-122.976569,46.128182]],[[-122.977238,46.127863],[-122.977183,46.127743],[-122.977012,46.127723],[-122.976965,46.127754],[-122.976948,46.127835],[-122.976599,46.127836],[-122.976554,46.127964],[-122.976613,46.128003],[-122.976904,46.128001],[-122.976953,46.12797],[-122.97697,46.127903],[-122.97721,46.127901],[-122.977238,46.127863]],[[-122.979324,46.126702],[-122.979267,46.12658],[-122.97916,46.126564],[-122.979142,46.126494],[-122.979031,46.126474],[-122.979013,46.126404],[-122.978901,46.126384],[-122.978884,46.126314],[-122.978772,46.126294],[-122.978754,46.126224],[-122.978643,46.126204],[-122.978629,46.126138],[-122.978513,46.126114],[-122.978479,46.126033],[-122.977995,46.126024],[-122.977973,46.12595],[-122.977866,46.125934],[-122.977857,46.125782],[-122.977811,46.125756],[-122.977737,46.125754],[-122.977756,46.125444],[-122.977723,46.125403],[-122.977348,46.125394],[-122.977331,46.125323],[-122.977219,46.125304],[-122.97721,46.125242],[-122.977149,46.125214],[-122.976879,46.125218],[-122.976837,46.125247],[-122.976831,46.125304],[-122.976719,46.125323],[-122.976714,46.12546],[-122.976831,46.125484],[-122.976865,46.125565],[-122.97696,46.125574],[-122.976988,46.125651],[-122.977089,46.125664],[-122.977112,46.125738],[-122.977348,46.125754],[-122.977371,46.125828],[-122.977478,46.125844],[-122.977481,46.126075],[-122.977525,46.12611],[-122.977607,46.126114],[-122.977623,46.126376],[-122.977574,46.126416],[-122.977592,46.126465],[-122.977697,46.126481],[-122.977735,46.126444],[-122.977721,46.126391],[-122.977843,46.126368],[-122.977866,46.126294],[-122.977995,46.126294],[-122.977995,46.126384],[-122.977914,46.126388],[-122.977869,46.126422],[-122.977866,46.126564],[-122.977784,46.126568],[-122.977742,46.126597],[-122.97774,46.126706],[-122.977784,46.12674],[-122.977866,46.126744],[-122.9779,46.126825],[-122.977995,46.126834],[-122.978023,46.126912],[-122.978124,46.126924],[-122.978159,46.127005],[-122.978383,46.127014],[-122.978384,46.127159],[-122.978416,46.127198],[-122.978743,46.127182],[-122.978772,46.127104],[-122.978873,46.127092],[-122.978901,46.127014],[-122.979002,46.127002],[-122.979031,46.126924],[-122.979125,46.126915],[-122.97916,46.126834],[-122.979276,46.12681],[-122.979324,46.126702]],[[-122.977212,46.12869],[-122.977237,46.128594],[-122.977216,46.12856],[-122.977072,46.128536],[-122.977088,46.128418],[-122.977066,46.12838],[-122.976887,46.128364],[-122.976831,46.12838],[-122.97681,46.12842],[-122.976839,46.128515],[-122.976975,46.128551],[-122.976959,46.12867],[-122.976981,46.128708],[-122.97717,46.12872],[-122.977212,46.12869]],[[-122.977348,46.126114],[-122.97732,46.126036],[-122.977089,46.126024],[-122.977083,46.125967],[-122.977041,46.125938],[-122.976893,46.125935],[-122.976836,46.125967],[-122.976843,46.12618],[-122.9769,46.126203],[-122.977089,46.126204],[-122.977095,46.12626],[-122.977137,46.12629],[-122.977287,46.126318],[-122.97746,46.126274],[-122.977468,46.126142],[-122.977422,46.126116],[-122.977348,46.126114]],[[-122.977607,46.126784],[-122.977539,46.12673],[-122.977229,46.126755],[-122.977205,46.126678],[-122.977141,46.126654],[-122.976988,46.126666],[-122.97694,46.126778],[-122.977002,46.126833],[-122.977207,46.126823],[-122.977247,46.126911],[-122.977409,46.126948],[-122.977589,46.126904],[-122.977607,46.126784]],[[-122.977088,46.129083],[-122.977107,46.129039],[-122.977074,46.129003],[-122.977001,46.128995],[-122.976951,46.129019],[-122.976941,46.12906],[-122.976977,46.129097],[-122.977035,46.129107],[-122.977088,46.129083]],[[-122.97714,46.128184],[-122.977214,46.128145],[-122.977209,46.128032],[-122.977155,46.128005],[-122.977,46.12801],[-122.97696,46.128047],[-122.976968,46.128155],[-122.977021,46.128183],[-122.97714,46.128184]],[[-122.977221,46.127015],[-122.977164,46.127],[-122.977106,46.12702],[-122.977089,46.127069],[-122.977116,46.127105],[-122.977179,46.127117],[-122.977238,46.127091],[-122.977252,46.127051],[-122.977221,46.127015]],[[-122.9774,46.124584],[-122.977472,46.12455],[-122.977478,46.124452],[-122.977437,46.12441],[-122.977333,46.124396],[-122.97734,46.124239],[-122.977274,46.12421],[-122.977131,46.12423],[-122.977091,46.124267],[-122.977091,46.12436],[-122.977131,46.124397],[-122.977235,46.124411],[-122.977228,46.124555],[-122.977282,46.124583],[-122.9774,46.124584]],[[-122.977271,46.123684],[-122.977346,46.123645],[-122.97734,46.123532],[-122.977287,46.123505],[-122.97713,46.123497],[-122.977091,46.123539],[-122.977099,46.123655],[-122.977153,46.123683],[-122.977271,46.123684]],[[-122.977393,46.127306],[-122.977593,46.12726],[-122.977603,46.127142],[-122.977551,46.127106],[-122.977403,46.127106],[-122.977354,46.127137],[-122.977315,46.127252],[-122.977393,46.127306]],[[-122.977787,46.128184],[-122.977859,46.128151],[-122.977864,46.128047],[-122.977824,46.12801],[-122.977736,46.128004],[-122.977707,46.127926],[-122.977405,46.127914],[-122.977344,46.127934],[-122.977353,46.12806],[-122.977395,46.12809],[-122.977477,46.128094],[-122.977505,46.128172],[-122.977787,46.128184]],[[-122.977608,46.130162],[-122.977639,46.130111],[-122.977587,46.13006],[-122.977522,46.130051],[-122.977456,46.130087],[-122.977443,46.130132],[-122.977494,46.130177],[-122.977552,46.130187],[-122.977608,46.130162]],[[-122.977735,46.130744],[-122.977707,46.130703],[-122.977652,46.13069],[-122.97759,46.130713],[-122.97757,46.130752],[-122.977596,46.130789],[-122.977659,46.130808],[-122.977718,46.130787],[-122.977735,46.130744]],[[-122.977659,46.129095],[-122.977852,46.12906],[-122.977861,46.128942],[-122.97781,46.128906],[-122.977661,46.128906],[-122.977607,46.128947],[-122.977609,46.129059],[-122.977659,46.129095]],[[-122.977998,46.127375],[-122.977926,46.12735],[-122.977759,46.12739],[-122.977736,46.127428],[-122.977759,46.127538],[-122.977814,46.127554],[-122.977972,46.127538],[-122.978029,46.127427],[-122.977998,46.127375]],[[-122.97803,46.124981],[-122.977963,46.12485],[-122.977898,46.124842],[-122.977847,46.124867],[-122.977834,46.124912],[-122.977882,46.124951],[-122.977867,46.124999],[-122.977899,46.125038],[-122.977956,46.125047],[-122.978015,46.125021],[-122.97803,46.124981]],[[-122.978902,46.124134],[-122.978984,46.12413],[-122.979026,46.124101],[-122.979009,46.12397],[-122.978773,46.123954],[-122.978767,46.123884],[-122.978712,46.123852],[-122.978255,46.123864],[-122.978254,46.123727],[-122.978193,46.123685],[-122.978059,46.123685],[-122.978014,46.123704],[-122.977996,46.123864],[-122.977884,46.123884],[-122.977833,46.123991],[-122.977876,46.124105],[-122.977937,46.124134],[-122.978091,46.124125],[-122.978126,46.124044],[-122.978384,46.124044],[-122.978402,46.124114],[-122.978514,46.124134],[-122.978531,46.124204],[-122.978643,46.124224],[-122.978652,46.124285],[-122.978706,46.124313],[-122.97884,46.124313],[-122.978884,46.124294],[-122.978902,46.124134]],[[-122.977924,46.125394],[-122.977847,46.125439],[-122.977879,46.12555],[-122.977936,46.125574],[-122.97809,46.125565],[-122.978125,46.125525],[-122.978112,46.125418],[-122.978063,46.125395],[-122.977924,46.125394]],[[-122.978123,46.129574],[-122.978063,46.129521],[-122.977899,46.129543],[-122.977865,46.129583],[-122.977878,46.12969],[-122.977934,46.129714],[-122.978089,46.129705],[-122.978122,46.12967],[-122.978123,46.129574]],[[-122.979356,46.130728],[-122.979492,46.130702],[-122.979538,46.130676],[-122.979541,46.130558],[-122.979477,46.130524],[-122.979159,46.130524],[-122.979155,46.130292],[-122.979111,46.130258],[-122.979029,46.130254],[-122.979029,46.129943],[-122.979001,46.129906],[-122.978701,46.129882],[-122.978647,46.129914],[-122.978641,46.129984],[-122.978512,46.129984],[-122.97851,46.129758],[-122.978442,46.129714],[-122.978178,46.129716],[-122.978129,46.129747],[-122.978112,46.129815],[-122.977934,46.129804],[-122.977882,46.129824],[-122.977866,46.12994],[-122.977919,46.129982],[-122.978089,46.129975],[-122.978134,46.129883],[-122.978253,46.129894],[-122.978253,46.129984],[-122.978171,46.129988],[-122.978127,46.130022],[-122.978125,46.130121],[-122.978158,46.130155],[-122.978382,46.130164],[-122.978391,46.130225],[-122.978445,46.130253],[-122.97877,46.130254],[-122.97877,46.130434],[-122.978736,46.130482],[-122.97877,46.130524],[-122.978771,46.130655],[-122.978799,46.130692],[-122.978961,46.130728],[-122.979031,46.130704],[-122.979288,46.130704],[-122.979356,46.130728]],[[-122.978399,46.131564],[-122.978378,46.131449],[-122.978342,46.131417],[-122.978178,46.131426],[-122.978129,46.131457],[-122.97809,46.131572],[-122.978176,46.131628],[-122.978347,46.131602],[-122.978399,46.131564]],[[-122.978305,46.131255],[-122.978498,46.13122],[-122.978508,46.131102],[-122.978456,46.131066],[-122.978307,46.131066],[-122.978254,46.131107],[-122.978255,46.131219],[-122.978305,46.131255]],[[-122.978787,46.130844],[-122.978761,46.130733],[-122.978708,46.130705],[-122.97845,46.130691],[-122.978383,46.130734],[-122.978385,46.130846],[-122.978444,46.130883],[-122.978743,46.13088],[-122.978787,46.130844]],[[-122.979288,46.131424],[-122.979376,46.131418],[-122.979416,46.131381],[-122.979416,46.131198],[-122.979362,46.131157],[-122.978962,46.131155],[-122.978909,46.131183],[-122.978899,46.131244],[-122.978581,46.131244],[-122.978514,46.131282],[-122.97852,46.131396],[-122.978566,46.131422],[-122.97864,46.131424],[-122.978646,46.131481],[-122.978696,46.131512],[-122.979225,46.131513],[-122.979279,46.131486],[-122.979288,46.131424]],[[-122.978812,46.128988],[-122.978962,46.129008],[-122.979017,46.128983],[-122.979028,46.128858],[-122.978982,46.128818],[-122.978831,46.128802],[-122.978774,46.128839],[-122.978772,46.128951],[-122.978812,46.128988]],[[-122.97937,46.128008],[-122.979213,46.127981],[-122.979053,46.12802],[-122.979011,46.128123],[-122.979032,46.128168],[-122.979088,46.128184],[-122.979396,46.128168],[-122.979413,46.128038],[-122.97937,46.128008]],[[-122.980453,46.131604],[-122.980418,46.131524],[-122.980256,46.131515],[-122.980203,46.131543],[-122.980194,46.131604],[-122.980082,46.131624],[-122.980064,46.131694],[-122.979676,46.131694],[-122.979658,46.131534],[-122.979614,46.131515],[-122.97948,46.131515],[-122.979426,46.131543],[-122.979417,46.131604],[-122.979343,46.131607],[-122.979297,46.131633],[-122.979289,46.131741],[-122.97935,46.131783],[-122.979546,46.131784],[-122.979552,46.131841],[-122.979594,46.13187],[-122.979805,46.131874],[-122.979828,46.131948],[-122.979935,46.131964],[-122.979938,46.13203],[-122.979974,46.132061],[-122.980151,46.132053],[-122.980213,46.132004],[-122.980194,46.131784],[-122.980512,46.131784],[-122.980576,46.131751],[-122.980573,46.131633],[-122.980527,46.131607],[-122.980453,46.131604]],[[-122.982784,46.127825],[-122.982775,46.127763],[-122.982722,46.127736],[-122.982171,46.127744],[-122.982137,46.127825],[-122.98202,46.127849],[-122.982007,46.127915],[-122.981896,46.127934],[-122.981878,46.128005],[-122.98166,46.128011],[-122.981622,46.128043],[-122.981619,46.128094],[-122.981503,46.128119],[-122.981489,46.128184],[-122.981378,46.128204],[-122.98136,46.128274],[-122.981124,46.12829],[-122.981101,46.128544],[-122.981,46.128557],[-122.980971,46.128634],[-122.980877,46.128644],[-122.980842,46.128724],[-122.980768,46.128727],[-122.980722,46.128753],[-122.980713,46.128869],[-122.98074,46.128905],[-122.980971,46.128905],[-122.980971,46.128994],[-122.980937,46.129042],[-122.980975,46.129136],[-122.981019,46.12917],[-122.981101,46.129175],[-122.981124,46.129249],[-122.981291,46.129289],[-122.98136,46.129265],[-122.981489,46.129265],[-122.981487,46.129625],[-122.98123,46.129624],[-122.981221,46.129383],[-122.981175,46.129357],[-122.981101,46.129354],[-122.981088,46.129288],[-122.980971,46.129264],[-122.980965,46.129208],[-122.980923,46.129179],[-122.98076,46.129179],[-122.980718,46.129208],[-122.980712,46.129264],[-122.980516,46.129265],[-122.980459,46.129298],[-122.980434,46.129389],[-122.980461,46.129432],[-122.980712,46.129444],[-122.980735,46.129519],[-122.980842,46.129535],[-122.980864,46.129699],[-122.981101,46.129715],[-122.9811,46.129984],[-122.980994,46.13],[-122.980971,46.130074],[-122.980712,46.130074],[-122.980695,46.130004],[-122.980583,46.129984],[-122.980548,46.129904],[-122.980453,46.129894],[-122.980425,46.129817],[-122.98024,46.129782],[-122.980088,46.12982],[-122.980065,46.129894],[-122.979958,46.12991],[-122.979935,46.130074],[-122.979841,46.130083],[-122.979806,46.130164],[-122.979724,46.130168],[-122.97968,46.130203],[-122.979686,46.130406],[-122.979732,46.130432],[-122.979806,46.130434],[-122.97984,46.130515],[-122.979935,46.130524],[-122.979964,46.130602],[-122.980065,46.130614],[-122.980093,46.130692],[-122.980323,46.130704],[-122.980341,46.130775],[-122.980453,46.130794],[-122.980487,46.130875],[-122.980582,46.130884],[-122.980588,46.130955],[-122.980636,46.130986],[-122.980807,46.130965],[-122.980841,46.130885],[-122.980971,46.130885],[-122.980988,46.130955],[-122.9811,46.130975],[-122.981135,46.131055],[-122.98123,46.131065],[-122.981235,46.131135],[-122.981283,46.131166],[-122.981692,46.131152],[-122.981741,46.131121],[-122.981747,46.131065],[-122.981822,46.131062],[-122.981868,46.131036],[-122.981877,46.130885],[-122.981993,46.130861],[-122.982005,46.130748],[-122.981965,46.130711],[-122.981877,46.130705],[-122.981849,46.130627],[-122.981748,46.130615],[-122.981738,46.130463],[-122.981692,46.130437],[-122.981618,46.130435],[-122.981618,46.130255],[-122.981725,46.130239],[-122.981748,46.130165],[-122.981854,46.130149],[-122.981877,46.130075],[-122.981984,46.130059],[-122.982007,46.129985],[-122.982108,46.129972],[-122.982136,46.129895],[-122.982237,46.129882],[-122.982266,46.129805],[-122.982367,46.129792],[-122.982395,46.129715],[-122.982483,46.129708],[-122.982524,46.129666],[-122.982521,46.129393],[-122.982477,46.129359],[-122.982395,46.129353],[-122.982395,46.129265],[-122.982477,46.129261],[-122.982521,46.129226],[-122.982516,46.129113],[-122.98247,46.129087],[-122.982395,46.129085],[-122.982386,46.129023],[-122.982325,46.128995],[-122.982055,46.128999],[-122.982013,46.129028],[-122.982007,46.129085],[-122.981748,46.129085],[-122.981748,46.128995],[-122.981857,46.128988],[-122.981897,46.128939],[-122.98186,46.128834],[-122.981748,46.128815],[-122.981748,46.128725],[-122.981855,46.128709],[-122.981878,46.128635],[-122.982007,46.128635],[-122.98203,46.128709],[-122.982136,46.128725],[-122.982138,46.128861],[-122.982178,46.128898],[-122.982577,46.128905],[-122.982637,46.128885],[-122.982653,46.128678],[-122.982613,46.128641],[-122.982525,46.128635],[-122.982525,46.128455],[-122.982606,46.128451],[-122.982651,46.128416],[-122.982655,46.128185],[-122.982858,46.128182],[-122.982913,46.128136],[-122.98291,46.127863],[-122.982866,46.127829],[-122.982784,46.127825]],[[-122.980065,46.129574],[-122.980005,46.129522],[-122.979841,46.129543],[-122.979808,46.129578],[-122.979798,46.129689],[-122.979856,46.129714],[-122.980031,46.129705],[-122.980064,46.129671],[-122.980065,46.129574]],[[-122.981361,46.126834],[-122.981355,46.126688],[-122.981313,46.126659],[-122.981231,46.126654],[-122.981225,46.126508],[-122.981183,46.126479],[-122.981102,46.126474],[-122.981073,46.126397],[-122.980714,46.126384],[-122.980696,46.126314],[-122.980584,46.126294],[-122.980571,46.126228],[-122.980455,46.126204],[-122.980449,46.126148],[-122.980407,46.126118],[-122.980136,46.126115],[-122.980084,46.126134],[-122.980066,46.126384],[-122.979978,46.126391],[-122.979937,46.126433],[-122.979937,46.126834],[-122.979902,46.126877],[-122.979937,46.126924],[-122.979936,46.127104],[-122.97982,46.127128],[-122.979809,46.127241],[-122.979848,46.127278],[-122.979936,46.127284],[-122.979954,46.127445],[-122.980066,46.127464],[-122.980079,46.12762],[-122.980195,46.127644],[-122.980213,46.127715],[-122.980325,46.127734],[-122.980338,46.1278],[-122.980454,46.127824],[-122.980457,46.127876],[-122.980495,46.127908],[-122.980644,46.127938],[-122.980794,46.12791],[-122.980836,46.127881],[-122.980842,46.127824],[-122.980959,46.1278],[-122.980972,46.127735],[-122.981099,46.127718],[-122.981121,46.127679],[-122.9811,46.127508],[-122.981039,46.127465],[-122.980843,46.127464],[-122.98082,46.12739],[-122.980713,46.127374],[-122.980713,46.127243],[-122.980679,46.127203],[-122.980454,46.127194],[-122.980445,46.127043],[-122.980399,46.127017],[-122.980325,46.127014],[-122.98029,46.126933],[-122.980196,46.126924],[-122.980196,46.126834],[-122.980972,46.126834],[-122.980985,46.1269],[-122.981101,46.126925],[-122.98113,46.127002],[-122.981299,46.127039],[-122.981449,46.127008],[-122.981488,46.126971],[-122.981477,46.126859],[-122.981361,46.126834]],[[-122.980324,46.128634],[-122.980406,46.12863],[-122.980448,46.128601],[-122.980431,46.12847],[-122.980376,46.128454],[-122.980088,46.12847],[-122.980065,46.128508],[-122.980088,46.128708],[-122.980276,46.12872],[-122.980318,46.128691],[-122.980324,46.128634]],[[-122.980973,46.126114],[-122.980938,46.126152],[-122.980953,46.126192],[-122.981012,46.126218],[-122.981069,46.126209],[-122.9811,46.126175],[-122.981089,46.126125],[-122.981034,46.126101],[-122.980973,46.126114]],[[-122.983002,46.126841],[-122.982666,46.126846],[-122.98262,46.126754],[-122.982526,46.126745],[-122.982522,46.126693],[-122.982484,46.126661],[-122.982267,46.126655],[-122.982249,46.126494],[-122.982137,46.126475],[-122.982131,46.126418],[-122.982089,46.126389],[-122.981878,46.126385],[-122.981865,46.126319],[-122.981749,46.126294],[-122.981746,46.126243],[-122.981708,46.126211],[-122.981414,46.126193],[-122.981366,46.126224],[-122.981361,46.126294],[-122.981266,46.126297],[-122.98122,46.126324],[-122.98124,46.126446],[-122.981286,46.126472],[-122.981361,46.126475],[-122.981395,46.126555],[-122.981566,46.126576],[-122.981614,46.126545],[-122.98162,46.126475],[-122.981749,46.126475],[-122.981772,46.126639],[-122.982008,46.126655],[-122.982008,46.126745],[-122.981926,46.126749],[-122.981882,46.126783],[-122.981887,46.126896],[-122.981933,46.126922],[-122.982008,46.126925],[-122.982025,46.126995],[-122.982137,46.127015],[-122.982155,46.127085],[-122.982266,46.127105],[-122.982284,46.127175],[-122.982396,46.127195],[-122.982413,46.127265],[-122.982525,46.127285],[-122.982534,46.127346],[-122.982588,46.127374],[-122.982722,46.127374],[-122.982771,46.127351],[-122.982784,46.127153],[-122.982729,46.127107],[-122.982525,46.127105],[-122.982526,46.126925],[-122.982644,46.126914],[-122.982664,46.126986],[-122.982725,46.127014],[-122.982981,46.127014],[-122.983042,46.126971],[-122.983042,46.126878],[-122.983002,46.126841]],[[-122.981412,46.127465],[-122.981486,46.127426],[-122.981481,46.127313],[-122.981427,46.127286],[-122.981272,46.127291],[-122.981232,46.127328],[-122.98124,46.127436],[-122.981293,46.127463],[-122.981412,46.127465]],[[-122.981881,46.127106],[-122.981875,46.126963],[-122.981816,46.126926],[-122.981659,46.126918],[-122.981623,46.126949],[-122.981619,46.127014],[-122.981545,46.127017],[-122.981499,46.127043],[-122.981493,46.127156],[-122.981538,46.12719],[-122.981619,46.127195],[-122.981621,46.127331],[-122.98166,46.127368],[-122.981816,46.127374],[-122.981869,46.127346],[-122.981878,46.127195],[-122.981913,46.127152],[-122.981881,46.127106]],[[-122.983061,46.13057],[-122.983036,46.130468],[-122.982994,46.130439],[-122.982794,46.130446],[-122.982777,46.130378],[-122.982735,46.130349],[-122.982406,46.130356],[-122.982389,46.130288],[-122.982347,46.130259],[-122.982204,46.130241],[-122.982142,46.130275],[-122.982101,46.130392],[-122.982149,46.130445],[-122.982205,46.130459],[-122.982265,46.130435],[-122.982395,46.130435],[-122.982395,46.130525],[-122.982306,46.130531],[-122.982267,46.130568],[-122.982267,46.130661],[-122.982313,46.130701],[-122.982496,46.130692],[-122.982524,46.130615],[-122.982641,46.130591],[-122.982654,46.130525],[-122.982772,46.130514],[-122.982796,46.130591],[-122.982861,46.130615],[-122.983028,46.130605],[-122.983061,46.13057]],[[-122.982317,46.131065],[-122.982391,46.131026],[-122.982386,46.130913],[-122.982332,46.130886],[-122.982177,46.130891],[-122.982139,46.130923],[-122.982124,46.131035],[-122.982178,46.131064],[-122.982317,46.131065]],[[-122.982527,46.129896],[-122.982456,46.129871],[-122.982294,46.129907],[-122.982232,46.130022],[-122.982251,46.130066],[-122.982334,46.130099],[-122.982496,46.130062],[-122.982558,46.129948],[-122.982527,46.129896]],[[-122.982783,46.130115],[-122.982756,46.130074],[-122.982701,46.130061],[-122.982639,46.130084],[-122.982619,46.130122],[-122.982645,46.13016],[-122.982708,46.130179],[-122.982766,46.130158],[-122.982783,46.130115]],[[-122.984113,46.128953],[-122.984065,46.128839],[-122.983949,46.128815],[-122.983926,46.128741],[-122.983819,46.128725],[-122.983818,46.128575],[-122.983773,46.128536],[-122.983431,46.128545],[-122.983422,46.128483],[-122.983361,46.128455],[-122.982854,46.128455],[-122.98279,46.128488],[-122.98279,46.128601],[-122.982832,46.128631],[-122.982913,46.128635],[-122.982942,46.128713],[-122.983301,46.128725],[-122.983324,46.128889],[-122.983431,46.128905],[-122.983437,46.128962],[-122.983479,46.128991],[-122.98369,46.128995],[-122.983679,46.129096],[-122.983603,46.129086],[-122.983546,46.129119],[-122.983548,46.129162],[-122.983592,46.129194],[-122.983651,46.129196],[-122.983701,46.129164],[-122.98392,46.129163],[-122.983949,46.129085],[-122.98403,46.129081],[-122.984072,46.129052],[-122.984113,46.128953]],[[-122.982961,46.129351],[-122.983241,46.129367],[-122.983296,46.129335],[-122.983279,46.129191],[-122.983172,46.129175],[-122.983166,46.129118],[-122.983117,46.129087],[-122.982806,46.129101],[-122.982784,46.129139],[-122.982806,46.129249],[-122.982913,46.129265],[-122.982919,46.129321],[-122.982961,46.129351]],[[-122.982914,46.127375],[-122.98288,46.127412],[-122.982894,46.127452],[-122.982953,46.127478],[-122.98301,46.127469],[-122.983042,46.127435],[-122.98303,46.127385],[-122.982975,46.127361],[-122.982914,46.127375]],[[-122.983431,46.129805],[-122.983438,46.12974],[-122.983388,46.129716],[-122.983312,46.129726],[-122.983295,46.129658],[-122.983253,46.129629],[-122.983096,46.129601],[-122.982961,46.129629],[-122.982919,46.129658],[-122.982893,46.129754],[-122.98294,46.1298],[-122.98329,46.129794],[-122.983362,46.129829],[-122.983431,46.129805]],[[-122.983742,46.128005],[-122.983818,46.127961],[-122.983797,46.127841],[-122.98369,46.127825],[-122.983673,46.127755],[-122.983561,46.127735],[-122.983543,46.127665],[-122.983431,46.127645],[-122.983418,46.127579],[-122.983302,46.127555],[-122.983267,46.127474],[-122.983051,46.127478],[-122.983023,46.127521],[-122.983052,46.127616],[-122.983098,46.127642],[-122.983172,46.127645],[-122.983207,46.127726],[-122.983302,46.127735],[-122.98333,46.127813],[-122.983431,46.127825],[-122.983454,46.127989],[-122.983742,46.128005]],[[-122.983555,46.127342],[-122.983596,46.127237],[-122.983555,46.127138],[-122.983513,46.127109],[-122.983432,46.127105],[-122.983409,46.127031],[-122.983354,46.127015],[-122.983195,46.127031],[-122.983153,46.127319],[-122.983174,46.127358],[-122.983222,46.127375],[-122.983506,46.127373],[-122.983555,46.127342]],[[-122.983225,46.130176],[-122.983417,46.130141],[-122.983427,46.130023],[-122.983375,46.129987],[-122.983227,46.129987],[-122.983173,46.130028],[-122.983175,46.13014],[-122.983225,46.130176]],[[-122.983483,46.128365],[-122.983557,46.128327],[-122.983547,46.128209],[-122.983491,46.128185],[-122.983315,46.128194],[-122.983282,46.128241],[-122.983315,46.128341],[-122.983364,46.128364],[-122.983483,46.128365]],[[-122.983591,46.133437],[-122.983553,46.133348],[-122.983504,46.133317],[-122.983355,46.133317],[-122.983303,46.133353],[-122.983313,46.133471],[-122.983475,46.133517],[-122.983528,46.133514],[-122.983583,46.133478],[-122.983591,46.133437]],[[-122.983611,46.132145],[-122.983687,46.132101],[-122.983687,46.132008],[-122.983661,46.131977],[-122.983383,46.131951],[-122.983317,46.131971],[-122.983301,46.132096],[-122.983329,46.132133],[-122.983611,46.132145]],[[-122.983594,46.129482],[-122.983527,46.129351],[-122.983463,46.129343],[-122.983411,46.129368],[-122.983398,46.129413],[-122.983447,46.129452],[-122.983431,46.1295],[-122.983464,46.129539],[-122.983521,46.129548],[-122.98358,46.129522],[-122.983594,46.129482]],[[-122.983708,46.13057],[-122.983683,46.130468],[-122.983634,46.130437],[-122.983473,46.130436],[-122.983413,46.130475],[-122.983436,46.130595],[-122.983491,46.130627],[-122.983676,46.130605],[-122.983708,46.13057]],[[-122.98375,46.131899],[-122.9839,46.131871],[-122.983942,46.131842],[-122.983925,46.131711],[-122.983617,46.131695],[-122.983561,46.131711],[-122.98354,46.131756],[-122.983582,46.131859],[-122.98375,46.131899]],[[-122.983888,46.131322],[-122.98363,46.131335],[-122.983577,46.131355],[-122.98356,46.131475],[-122.983587,46.131516],[-122.983873,46.131529],[-122.983926,46.131512],[-122.983942,46.131355],[-122.983888,46.131322]],[[-122.984258,46.132955],[-122.98433,46.132922],[-122.984334,46.132818],[-122.984295,46.132781],[-122.984207,46.132775],[-122.984172,46.132694],[-122.983829,46.132696],[-122.983757,46.132661],[-122.98368,46.132693],[-122.983685,46.132754],[-122.983739,46.132775],[-122.983807,46.132764],[-122.983831,46.132841],[-122.983947,46.132865],[-122.983982,46.132946],[-122.984258,46.132955]],[[-122.984457,46.129596],[-122.984486,46.129405],[-122.984464,46.129371],[-122.984337,46.129355],[-122.984319,46.129195],[-122.984148,46.129175],[-122.984087,46.129203],[-122.984078,46.129265],[-122.983966,46.129285],[-122.983948,46.129355],[-122.983712,46.129371],[-122.98367,46.129484],[-122.983724,46.129532],[-122.983948,46.129535],[-122.983962,46.129601],[-122.984078,46.129625],[-122.984106,46.129703],[-122.984267,46.129715],[-122.984328,46.129686],[-122.984337,46.129625],[-122.984411,46.129623],[-122.984457,46.129596]],[[-122.983967,46.12985],[-122.983943,46.129748],[-122.983901,46.129719],[-122.983757,46.129702],[-122.983695,46.129735],[-122.983691,46.129851],[-122.983737,46.129891],[-122.983928,46.129888],[-122.983967,46.12985]],[[-122.984777,46.128185],[-122.984854,46.128142],[-122.984832,46.127931],[-122.984726,46.127915],[-122.98472,46.127858],[-122.984678,46.127829],[-122.984467,46.127825],[-122.984458,46.127674],[-122.984412,46.127647],[-122.984337,46.127645],[-122.984303,46.127564],[-122.984208,46.127555],[-122.984173,46.127474],[-122.983897,46.127465],[-122.983842,46.127481],[-122.98382,46.127519],[-122.983842,46.127719],[-122.983949,46.127735],[-122.983962,46.127801],[-122.984078,46.127825],[-122.984082,46.127877],[-122.984119,46.127909],[-122.984337,46.127915],[-122.984338,46.128046],[-122.984372,46.128086],[-122.984596,46.128095],[-122.984631,46.128176],[-122.984777,46.128185]],[[-122.986798,46.135024],[-122.98683,46.134978],[-122.986795,46.134935],[-122.986795,46.134845],[-122.986877,46.134841],[-122.986919,46.134812],[-122.986925,46.134629],[-122.98689,46.134584],[-122.986795,46.134575],[-122.986786,46.134334],[-122.98674,46.134308],[-122.986666,46.134305],[-122.98666,46.134249],[-122.986611,46.134218],[-122.986277,46.134215],[-122.986255,46.134141],[-122.986148,46.134125],[-122.986139,46.133974],[-122.986093,46.133948],[-122.986019,46.133945],[-122.985984,46.133864],[-122.985501,46.133855],[-122.985432,46.133831],[-122.985234,46.13388],[-122.985259,46.134015],[-122.985312,46.134035],[-122.985501,46.134035],[-122.985518,46.134195],[-122.98563,46.134215],[-122.985665,46.134296],[-122.985759,46.134305],[-122.985788,46.134383],[-122.985889,46.134395],[-122.985917,46.134473],[-122.986018,46.134485],[-122.986018,46.134575],[-122.98563,46.134575],[-122.985569,46.134551],[-122.9855,46.134575],[-122.985371,46.134575],[-122.985358,46.134419],[-122.985242,46.134395],[-122.985207,46.134314],[-122.985112,46.134305],[-122.985084,46.134227],[-122.984983,46.134215],[-122.984954,46.134137],[-122.984724,46.134125],[-122.984706,46.134055],[-122.984595,46.134035],[-122.984581,46.133969],[-122.984465,46.133945],[-122.984462,46.133893],[-122.984424,46.133861],[-122.984206,46.133855],[-122.984206,46.133724],[-122.984172,46.133684],[-122.984017,46.133675],[-122.98396,46.133699],[-122.983947,46.133855],[-122.983866,46.133859],[-122.983821,46.133893],[-122.983835,46.134015],[-122.983888,46.134035],[-122.984077,46.134035],[-122.984099,46.134109],[-122.984206,46.134125],[-122.984224,46.134195],[-122.984335,46.134215],[-122.98437,46.134296],[-122.984465,46.134305],[-122.984493,46.134383],[-122.984594,46.134395],[-122.984622,46.134486],[-122.984853,46.134485],[-122.984876,46.134559],[-122.984983,46.134575],[-122.985,46.134645],[-122.985112,46.134665],[-122.985147,46.134746],[-122.985242,46.134755],[-122.98527,46.134833],[-122.985371,46.134845],[-122.985371,46.135025],[-122.984911,46.135025],[-122.984855,46.135042],[-122.984833,46.135081],[-122.984853,46.135205],[-122.984821,46.135263],[-122.984876,46.135369],[-122.984982,46.135385],[-122.985005,46.135459],[-122.985112,46.135475],[-122.98513,46.135545],[-122.985241,46.135565],[-122.985259,46.135635],[-122.985371,46.135655],[-122.985388,46.135725],[-122.9855,46.135745],[-122.985518,46.135815],[-122.98563,46.135835],[-122.985643,46.135901],[-122.985759,46.135925],[-122.985794,46.136006],[-122.985977,46.136009],[-122.986015,46.135977],[-122.986018,46.135925],[-122.986147,46.135925],[-122.986216,46.135949],[-122.986365,46.135919],[-122.986403,46.135887],[-122.986407,46.135835],[-122.986523,46.135811],[-122.986536,46.135745],[-122.986652,46.135721],[-122.986666,46.135385],[-122.986754,46.135379],[-122.986795,46.135337],[-122.986798,46.135024]],[[-122.984431,46.130876],[-122.984501,46.130747],[-122.984457,46.130644],[-122.984411,46.130617],[-122.984337,46.130615],[-122.984337,46.130525],[-122.984371,46.130477],[-122.984337,46.130435],[-122.984331,46.130275],[-122.984269,46.130242],[-122.984126,46.130259],[-122.984084,46.130288],[-122.984078,46.130345],[-122.983996,46.130349],[-122.983952,46.130383],[-122.983948,46.130525],[-122.983914,46.130573],[-122.983954,46.130672],[-122.983996,46.130701],[-122.984078,46.130705],[-122.984112,46.130786],[-122.984207,46.130795],[-122.984213,46.130865],[-122.98426,46.130896],[-122.984431,46.130876]],[[-122.983996,46.131241],[-122.984528,46.131258],[-122.984583,46.131234],[-122.984595,46.131114],[-122.984554,46.131071],[-122.984466,46.131065],[-122.98446,46.131008],[-122.984418,46.130979],[-122.984275,46.130951],[-122.984125,46.130979],[-122.984083,46.131008],[-122.984077,46.131065],[-122.983996,46.131069],[-122.983954,46.131098],[-122.98395,46.131201],[-122.983996,46.131241]],[[-122.98809,46.131606],[-122.988165,46.131603],[-122.988211,46.131577],[-122.988202,46.131445],[-122.98815,46.131426],[-122.987961,46.131425],[-122.987938,46.131351],[-122.987832,46.131335],[-122.987797,46.131255],[-122.987702,46.131245],[-122.987693,46.131094],[-122.987647,46.131068],[-122.987573,46.131065],[-122.987538,46.130984],[-122.987443,46.130975],[-122.987415,46.130898],[-122.987184,46.130885],[-122.987179,46.130739],[-122.987136,46.130709],[-122.987055,46.130705],[-122.987027,46.130628],[-122.986667,46.130615],[-122.986644,46.130541],[-122.986537,46.130525],[-122.986503,46.130444],[-122.986408,46.130435],[-122.986406,46.130209],[-122.98633,46.130165],[-122.985953,46.130166],[-122.985899,46.130194],[-122.98589,46.130255],[-122.98553,46.130267],[-122.985502,46.130304],[-122.985502,46.130525],[-122.985291,46.130529],[-122.985249,46.130558],[-122.985243,46.130615],[-122.985141,46.130619],[-122.985096,46.130655],[-122.985119,46.130852],[-122.985161,46.130881],[-122.985243,46.130885],[-122.985242,46.131155],[-122.985113,46.131155],[-122.985096,46.130905],[-122.9849,46.130876],[-122.984856,46.130915],[-122.984854,46.131155],[-122.98482,46.131198],[-122.984854,46.131245],[-122.984854,46.131335],[-122.984747,46.131351],[-122.984725,46.131425],[-122.984606,46.131436],[-122.984562,46.131331],[-122.984391,46.131337],[-122.984342,46.131368],[-122.984336,46.131425],[-122.984241,46.131434],[-122.984207,46.131479],[-122.98421,46.13158],[-122.984275,46.131618],[-122.984425,46.131599],[-122.984462,46.131567],[-122.984466,46.131515],[-122.984584,46.131504],[-122.984595,46.131605],[-122.984521,46.131607],[-122.984475,46.131634],[-122.984446,46.131729],[-122.984462,46.131764],[-122.984516,46.131785],[-122.984724,46.131785],[-122.984759,46.131866],[-122.984983,46.131875],[-122.985006,46.131949],[-122.985113,46.131965],[-122.985101,46.132205],[-122.985148,46.132233],[-122.985242,46.132235],[-122.985277,46.132316],[-122.985372,46.132325],[-122.985372,46.13265],[-122.985399,46.132686],[-122.98576,46.132685],[-122.985836,46.132709],[-122.98599,46.132673],[-122.986019,46.132595],[-122.986396,46.132584],[-122.986407,46.132775],[-122.986373,46.132823],[-122.986411,46.132917],[-122.986455,46.132951],[-122.986537,46.132955],[-122.98655,46.133021],[-122.986614,46.133045],[-122.986877,46.133041],[-122.986919,46.133012],[-122.986925,46.132955],[-122.987272,46.132949],[-122.987312,46.132912],[-122.987313,46.132775],[-122.987402,46.132769],[-122.987442,46.132727],[-122.987434,46.132534],[-122.987388,46.132508],[-122.987314,46.132505],[-122.9873,46.132439],[-122.987184,46.132415],[-122.987178,46.132359],[-122.987129,46.132328],[-122.986851,46.132328],[-122.986802,46.132359],[-122.986796,46.132415],[-122.986592,46.132418],[-122.986543,46.132449],[-122.986537,46.132505],[-122.986407,46.132505],[-122.986407,46.132415],[-122.986502,46.132406],[-122.986537,46.132325],[-122.986618,46.132321],[-122.986663,46.132287],[-122.986666,46.131965],[-122.986879,46.131975],[-122.986922,46.131941],[-122.986925,46.131875],[-122.987027,46.131871],[-122.987072,46.131836],[-122.987037,46.131625],[-122.986985,46.131606],[-122.986796,46.131605],[-122.986796,46.131425],[-122.986925,46.131425],[-122.986935,46.131487],[-122.986988,46.131514],[-122.987314,46.131515],[-122.98732,46.131572],[-122.987369,46.131603],[-122.987702,46.131605],[-122.987703,46.131742],[-122.987765,46.131784],[-122.987933,46.131773],[-122.987961,46.131696],[-122.988077,46.131671],[-122.98809,46.131606]],[[-122.98454,46.130077],[-122.984397,46.130063],[-122.984342,46.130095],[-122.984317,46.130205],[-122.984364,46.130251],[-122.984533,46.130254],[-122.98459,46.130222],[-122.984586,46.130104],[-122.98454,46.130077]],[[-122.984987,46.129896],[-122.984981,46.129753],[-122.984936,46.129719],[-122.984855,46.129715],[-122.984873,46.12958],[-122.984805,46.129535],[-122.984658,46.129536],[-122.984605,46.129564],[-122.984596,46.129805],[-122.984477,46.129816],[-122.98439,46.129781],[-122.984318,46.129834],[-122.984357,46.129888],[-122.984455,46.129884],[-122.984507,46.129979],[-122.984725,46.129985],[-122.984734,46.130046],[-122.984795,46.130075],[-122.984966,46.130055],[-122.985019,46.129943],[-122.984987,46.129896]],[[-122.984777,46.127645],[-122.984854,46.127602],[-122.984838,46.127395],[-122.984785,46.127375],[-122.984607,46.127386],[-122.984562,46.127294],[-122.98442,46.127271],[-122.984365,46.127284],[-122.984337,46.127325],[-122.984355,46.127445],[-122.984407,46.127465],[-122.984585,46.127454],[-122.984609,46.127621],[-122.984659,46.127644],[-122.984777,46.127645]],[[-122.984983,46.134755],[-122.98497,46.134689],[-122.984853,46.134665],[-122.984825,46.134587],[-122.984662,46.134562],[-122.9846,46.134595],[-122.984594,46.134665],[-122.98452,46.134667],[-122.984474,46.134694],[-122.984465,46.134796],[-122.98452,46.134843],[-122.984724,46.134845],[-122.98473,46.134902],[-122.984779,46.134933],[-122.985057,46.134933],[-122.985109,46.134897],[-122.985109,46.134793],[-122.985064,46.134759],[-122.984983,46.134755]],[[-122.984777,46.130615],[-122.984851,46.130577],[-122.984845,46.130464],[-122.984792,46.130436],[-122.984637,46.130441],[-122.984597,46.130478],[-122.984605,46.130586],[-122.984658,46.130614],[-122.984777,46.130615]],[[-122.985,46.132555],[-122.984961,46.132341],[-122.984906,46.132325],[-122.984747,46.132341],[-122.98469,46.132458],[-122.984747,46.132579],[-122.984956,46.132591],[-122.985,46.132555]],[[-122.984907,46.129085],[-122.984981,46.129047],[-122.984975,46.128934],[-122.984922,46.128906],[-122.984766,46.128911],[-122.984727,46.128948],[-122.984735,46.129056],[-122.984788,46.129084],[-122.984907,46.129085]],[[-122.985419,46.133671],[-122.98557,46.133688],[-122.985621,46.13366],[-122.985624,46.133529],[-122.985568,46.133496],[-122.985399,46.133499],[-122.985352,46.133546],[-122.985377,46.133642],[-122.985419,46.133671]],[[-122.985564,46.129972],[-122.985413,46.129992],[-122.985374,46.130029],[-122.985375,46.13014],[-122.985433,46.130178],[-122.985583,46.130161],[-122.98563,46.130122],[-122.985619,46.129996],[-122.985564,46.129972]],[[-122.985761,46.128765],[-122.985734,46.128724],[-122.985678,46.128711],[-122.985617,46.128734],[-122.985597,46.128773],[-122.985622,46.12881],[-122.985686,46.128829],[-122.985744,46.128809],[-122.985761,46.128765]],[[-122.987235,46.133855],[-122.98731,46.133817],[-122.987296,46.133695],[-122.987184,46.133675],[-122.987171,46.133609],[-122.987054,46.133585],[-122.987051,46.133534],[-122.987013,46.133502],[-122.986824,46.133508],[-122.986776,46.133614],[-122.986792,46.133655],[-122.986925,46.133675],[-122.986938,46.133741],[-122.987054,46.133765],[-122.987089,46.133846],[-122.987235,46.133855]],[[-122.98742,46.13195],[-122.98746,46.131735],[-122.987416,46.1317],[-122.987207,46.131711],[-122.987149,46.131828],[-122.987207,46.13195],[-122.987262,46.131965],[-122.98742,46.13195]],[[-122.987954,46.134812],[-122.987938,46.134578],[-122.987885,46.134562],[-122.987829,46.134575],[-122.98751,46.134562],[-122.987448,46.134595],[-122.987431,46.134726],[-122.987477,46.134753],[-122.987572,46.134756],[-122.987572,46.135025],[-122.987375,46.135026],[-122.987316,46.135064],[-122.987326,46.135181],[-122.987442,46.135206],[-122.987442,46.135295],[-122.98733,46.135315],[-122.987279,46.135423],[-122.987319,46.135532],[-122.987361,46.135561],[-122.987631,46.135565],[-122.987695,46.135532],[-122.987701,46.135296],[-122.98779,46.135289],[-122.98783,46.135247],[-122.987831,46.134846],[-122.987912,46.134841],[-122.987954,46.134812]],[[-122.991456,46.133536],[-122.991429,46.133495],[-122.991366,46.133483],[-122.99122,46.133512],[-122.991186,46.133597],[-122.991068,46.133586],[-122.991064,46.133444],[-122.99102,46.13341],[-122.990938,46.133406],[-122.990915,46.133242],[-122.99055,46.133226],[-122.99055,46.133136],[-122.990631,46.133132],[-122.990673,46.133102],[-122.990676,46.132994],[-122.990631,46.13296],[-122.99055,46.132956],[-122.990537,46.13271],[-122.99042,46.132686],[-122.990407,46.13262],[-122.990291,46.132596],[-122.990285,46.132539],[-122.990243,46.13251],[-122.989903,46.132506],[-122.989834,46.132482],[-122.989773,46.132506],[-122.989555,46.132512],[-122.989515,46.132554],[-122.989514,46.132866],[-122.989385,46.132866],[-122.989399,46.13245],[-122.98935,46.132418],[-122.989255,46.132416],[-122.989238,46.132345],[-122.989126,46.132326],[-122.989117,46.132264],[-122.989056,46.132236],[-122.988901,46.132245],[-122.988867,46.132325],[-122.988751,46.13235],[-122.988737,46.132415],[-122.988527,46.13242],[-122.988484,46.132449],[-122.988478,46.132505],[-122.988362,46.13253],[-122.988349,46.132955],[-122.988145,46.132958],[-122.988096,46.132989],[-122.98809,46.133045],[-122.987961,46.133045],[-122.987943,46.132885],[-122.987891,46.132866],[-122.987757,46.132868],[-122.987703,46.132909],[-122.987702,46.133045],[-122.987484,46.133052],[-122.987446,46.133084],[-122.987443,46.133135],[-122.987354,46.133142],[-122.987314,46.133184],[-122.987331,46.133386],[-122.987383,46.133405],[-122.987572,46.133406],[-122.987578,46.133476],[-122.987625,46.133507],[-122.987831,46.133496],[-122.987811,46.133625],[-122.987858,46.133671],[-122.988171,46.133671],[-122.988218,46.133632],[-122.98822,46.133496],[-122.988478,46.133496],[-122.988478,46.133765],[-122.988384,46.133768],[-122.988334,46.1338],[-122.988349,46.134035],[-122.988254,46.134038],[-122.988208,46.134065],[-122.988232,46.134192],[-122.988349,46.134216],[-122.988355,46.134272],[-122.988397,46.134301],[-122.988608,46.134306],[-122.988614,46.134362],[-122.988663,46.134393],[-122.989125,46.134396],[-122.989125,46.134486],[-122.989044,46.13449],[-122.988999,46.134524],[-122.989014,46.134646],[-122.989066,46.134665],[-122.989514,46.134666],[-122.989519,46.134736],[-122.989581,46.134769],[-122.989984,46.134752],[-122.990026,46.134722],[-122.990032,46.134666],[-122.990148,46.134642],[-122.990161,46.134576],[-122.990235,46.134573],[-122.990281,46.134547],[-122.990289,46.134169],[-122.99025,46.134132],[-122.990161,46.134126],[-122.990161,46.134036],[-122.990291,46.134036],[-122.990313,46.13411],[-122.990436,46.134133],[-122.99042,46.134266],[-122.990447,46.134307],[-122.990503,46.134319],[-122.990638,46.134299],[-122.990676,46.134267],[-122.990696,46.134166],[-122.990652,46.13413],[-122.990534,46.134118],[-122.99055,46.134036],[-122.990774,46.134027],[-122.990809,46.133946],[-122.990925,46.133922],[-122.990938,46.133856],[-122.99117,46.133857],[-122.991197,46.133821],[-122.991197,46.133676],[-122.991427,46.133664],[-122.991454,46.133632],[-122.991456,46.133536]],[[-122.988368,46.13084],[-122.988332,46.130635],[-122.98822,46.130615],[-122.988214,46.130559],[-122.988172,46.13053],[-122.987972,46.130536],[-122.987948,46.130459],[-122.987832,46.130435],[-122.987826,46.130379],[-122.987777,46.130348],[-122.987607,46.130354],[-122.987573,46.130435],[-122.987478,46.130444],[-122.987443,46.130525],[-122.987362,46.130529],[-122.987317,46.130564],[-122.987317,46.130667],[-122.987384,46.130705],[-122.987538,46.130696],[-122.987573,46.130615],[-122.98795,46.130604],[-122.987984,46.13069],[-122.98809,46.130706],[-122.988092,46.130856],[-122.988144,46.130897],[-122.988336,46.130876],[-122.988368,46.13084]],[[-122.988997,46.129895],[-122.988974,46.129821],[-122.988868,46.129805],[-122.988854,46.12965],[-122.988738,46.129625],[-122.98872,46.129555],[-122.988609,46.129535],[-122.988596,46.129469],[-122.988479,46.129445],[-122.988473,46.129389],[-122.988424,46.129358],[-122.988273,46.129344],[-122.988226,46.129375],[-122.98822,46.129445],[-122.987996,46.129455],[-122.987961,46.129535],[-122.987866,46.129545],[-122.987832,46.129625],[-122.98775,46.12963],[-122.987706,46.129664],[-122.987716,46.129781],[-122.987832,46.129805],[-122.987845,46.129961],[-122.987902,46.129985],[-122.988091,46.129986],[-122.988092,46.130122],[-122.988146,46.130163],[-122.988431,46.130161],[-122.988473,46.130132],[-122.988481,46.130075],[-122.988608,46.130076],[-122.988614,46.130132],[-122.988656,46.130161],[-122.988819,46.130161],[-122.988861,46.130132],[-122.988867,46.130076],[-122.989064,46.130075],[-122.98912,46.130042],[-122.989117,46.129924],[-122.989071,46.129898],[-122.988997,46.129895]],[[-122.987879,46.134301],[-122.988022,46.134319],[-122.988077,46.134295],[-122.988086,46.134164],[-122.988035,46.134128],[-122.987886,46.134128],[-122.987834,46.134164],[-122.987834,46.134267],[-122.987879,46.134301]],[[-122.989125,46.135026],[-122.989112,46.13496],[-122.988996,46.134936],[-122.98899,46.134879],[-122.988948,46.13485],[-122.988478,46.134845],[-122.988477,46.134695],[-122.988425,46.134654],[-122.988254,46.134675],[-122.988219,46.134755],[-122.988138,46.13476],[-122.988093,46.134794],[-122.988096,46.134992],[-122.988138,46.135021],[-122.988219,46.135026],[-122.988225,46.135276],[-122.988287,46.135309],[-122.988478,46.135296],[-122.988478,46.135531],[-122.988531,46.135577],[-122.988818,46.135561],[-122.98886,46.135532],[-122.988866,46.135476],[-122.989077,46.135472],[-122.989119,46.135442],[-122.989125,46.135386],[-122.989237,46.135366],[-122.989253,46.135069],[-122.989214,46.135032],[-122.989125,46.135026]],[[-122.989404,46.131561],[-122.989385,46.131384],[-122.989357,46.131348],[-122.98903,46.131331],[-122.988997,46.131376],[-122.989012,46.131598],[-122.988876,46.131634],[-122.98888,46.131762],[-122.989036,46.131799],[-122.989093,46.13179],[-122.989126,46.131751],[-122.98911,46.131613],[-122.989364,46.131599],[-122.989404,46.131561]],[[-122.989955,46.131156],[-122.990029,46.131117],[-122.990019,46.131],[-122.989903,46.130976],[-122.9899,46.130924],[-122.989862,46.130892],[-122.98972,46.130862],[-122.989662,46.130872],[-122.989609,46.130928],[-122.989644,46.130976],[-122.989657,46.131132],[-122.989714,46.131155],[-122.989955,46.131156]],[[-122.99068,46.130346],[-122.990674,46.130289],[-122.990632,46.13026],[-122.990339,46.13026],[-122.990292,46.130304],[-122.990307,46.130518],[-122.990073,46.130532],[-122.990036,46.130564],[-122.990032,46.130616],[-122.989914,46.130627],[-122.989842,46.130592],[-122.989786,46.130606],[-122.989754,46.130644],[-122.98977,46.130685],[-122.989903,46.130706],[-122.989926,46.13087],[-122.990079,46.130899],[-122.99014,46.130883],[-122.990162,46.130706],[-122.990378,46.130705],[-122.990432,46.130676],[-122.990421,46.130526],[-122.99055,46.130526],[-122.990556,46.130582],[-122.990605,46.130613],[-122.990786,46.1306],[-122.990806,46.130384],[-122.990761,46.13035],[-122.99068,46.130346]],[[-122.990292,46.130975],[-122.99031,46.130931],[-122.990277,46.130895],[-122.990204,46.130887],[-122.990154,46.130911],[-122.990144,46.130952],[-122.99018,46.130989],[-122.990238,46.130999],[-122.990292,46.130975]],[[-122.990941,46.129987],[-122.99087,46.129962],[-122.990702,46.130002],[-122.99068,46.13004],[-122.990702,46.13015],[-122.990757,46.130166],[-122.990916,46.13015],[-122.990973,46.130039],[-122.990941,46.129987]],[[-122.991844,46.132996],[-122.991784,46.132943],[-122.991587,46.132956],[-122.991531,46.132942],[-122.991465,46.132971],[-122.991445,46.133057],[-122.991222,46.133029],[-122.991162,46.133088],[-122.991197,46.133136],[-122.99121,46.133292],[-122.991366,46.133329],[-122.991429,46.133317],[-122.991456,46.133281],[-122.991467,46.133125],[-122.991811,46.13314],[-122.991843,46.133106],[-122.991844,46.132996]],[[-122.991974,46.132416],[-122.992062,46.132409],[-122.992102,46.132372],[-122.992103,46.132105],[-122.992081,46.132072],[-122.991715,46.132056],[-122.991706,46.131994],[-122.991652,46.131967],[-122.991349,46.131982],[-122.991292,46.132098],[-122.991327,46.132146],[-122.991349,46.13231],[-122.991456,46.132326],[-122.991462,46.132382],[-122.991504,46.132412],[-122.991715,46.132416],[-122.991724,46.132477],[-122.991777,46.132505],[-122.991939,46.132497],[-122.991974,46.132416]],[[-122.991586,46.131736],[-122.991558,46.131695],[-122.991503,46.131682],[-122.991441,46.131705],[-122.991421,46.131744],[-122.991447,46.131781],[-122.99151,46.1318],[-122.991569,46.131779],[-122.991586,46.131736]],[[-122.991504,46.131422],[-122.991647,46.131439],[-122.991703,46.131415],[-122.991712,46.131284],[-122.99166,46.131248],[-122.991511,46.131248],[-122.99146,46.131284],[-122.99146,46.131387],[-122.991504,46.131422]],[[-122.991993,46.131741],[-122.991968,46.131639],[-122.991926,46.13161],[-122.991783,46.131592],[-122.991721,46.131626],[-122.991717,46.131742],[-122.991763,46.131782],[-122.991954,46.131779],[-122.991993,46.131741]]]}},{"type":"Feature","properties":{"id":30,"area_m2":13700,"px":137,"rank":2,"persistent":false},"geometry":{"type":"Polygon","coordinates":[[[-122.962214,46.11081],[-122.962214,46.110899],[-122.962119,46.110909],[-122.962085,46.110989],[-122.96201,46.110992],[-122.961964,46.111018],[-122.961955,46.111169],[-122.961854,46.111182],[-122.961826,46.111259],[-122.961709,46.111283],[-122.961696,46.111349],[-122.961589,46.111365],[-122.961567,46.111529],[-122.961472,46.111538],[-122.961437,46.111619],[-122.961321,46.111643],[-122.961308,46.111799],[-122.961049,46.111799],[-122.961036,46.111733],[-122.96092,46.111709],[-122.960885,46.111628],[-122.960661,46.111619],[-122.960638,46.111545],[-122.960531,46.111529],[-122.960514,46.111459],[-122.960402,46.111439],[-122.960368,46.111358],[-122.960273,46.111349],[-122.960244,46.111271],[-122.960143,46.111259],[-122.960115,46.111181],[-122.960014,46.111169],[-122.960014,46.110809],[-122.960115,46.110797],[-122.960144,46.110719],[-122.960239,46.11071],[-122.960273,46.110629],[-122.960385,46.110609],[-122.960403,46.110449],[-122.960509,46.110433],[-122.960532,46.110359],[-122.960627,46.11035],[-122.960662,46.110269],[-122.960773,46.110249],[-122.960791,46.110179],[-122.961309,46.110179],[-122.961322,46.110245],[-122.961438,46.110269],[-122.961441,46.110321],[-122.961479,46.110353],[-122.961826,46.110359],[-122.961849,46.110434],[-122.961955,46.110449],[-122.96199,46.11053],[-122.962085,46.11054],[-122.962085,46.110629],[-122.96205,46.110677],[-122.962088,46.110771],[-122.962133,46.110805],[-122.962214,46.11081]],[[-122.961182,46.110451],[-122.961157,46.110285],[-122.960978,46.110269],[-122.960922,46.110286],[-122.960901,46.110325],[-122.960926,46.110416],[-122.960968,46.110445],[-122.961066,46.110457],[-122.96105,46.110504],[-122.961077,46.11054],[-122.96114,46.110552],[-122.961199,46.110526],[-122.961213,46.110486],[-122.961182,46.110451]],[[-122.961955,46.110941],[-122.961975,46.11068],[-122.961948,46.110642],[-122.96178,46.110607],[-122.961466,46.110641],[-122.961438,46.110719],[-122.961343,46.110728],[-122.961308,46.110809],[-122.961234,46.110811],[-122.961188,46.110838],[-122.961179,46.110989],[-122.961084,46.110998],[-122.961049,46.111079],[-122.960933,46.111103],[-122.960937,46.111253],[-122.961002,46.111273],[-122.96115,46.111247],[-122.961179,46.111169],[-122.961274,46.11116],[-122.961308,46.111079],[-122.96142,46.111059],[-122.961438,46.110989],[-122.961696,46.110989],[-122.961765,46.111013],[-122.961927,46.110977],[-122.961955,46.110941]]]}},{"type":"Feature","properties":{"id":3,"area_m2":7300,"px":73,"rank":3,"persistent":false},"geometry":{"type":"Polygon","coordinates":[[[-122.989899,46.133587],[-122.989868,46.133633],[-122.989902,46.133676],[-122.989902,46.133946],[-122.989569,46.133948],[-122.98952,46.133979],[-122.989514,46.134036],[-122.989385,46.134036],[-122.989362,46.133961],[-122.989255,46.133946],[-122.989254,46.133809],[-122.989207,46.13377],[-122.988608,46.133765],[-122.988608,46.133676],[-122.988717,46.133669],[-122.988757,46.13362],[-122.98872,46.133515],[-122.988608,46.133495],[-122.988608,46.133136],[-122.988715,46.13312],[-122.988737,46.133046],[-122.988867,46.133046],[-122.98888,46.133112],[-122.988944,46.133136],[-122.989091,46.133126],[-122.989126,46.133046],[-122.989514,46.133046],[-122.989514,46.133191],[-122.989547,46.13323],[-122.989902,46.133226],[-122.989899,46.133587]]]}},{"type":"Feature","properties":{"id":27,"area_m2":5200,"px":52,"rank":4,"persistent":false},"geometry":{"type":"Polygon","coordinates":[[[-122.960013,46.112879],[-122.960013,46.113059],[-122.959912,46.113071],[-122.959883,46.113149],[-122.959782,46.113161],[-122.959754,46.113239],[-122.959653,46.113251],[-122.959624,46.113329],[-122.959523,46.113341],[-122.959495,46.113419],[-122.9594,46.113428],[-122.959365,46.113508],[-122.959253,46.113528],[-122.959236,46.113688],[-122.959129,46.113704],[-122.959106,46.113778],[-122.95899,46.113802],[-122.958977,46.113868],[-122.958589,46.113868],[-122.958589,46.113508],[-122.958825,46.113493],[-122.958848,46.113328],[-122.958954,46.113313],[-122.958977,46.113238],[-122.959078,46.113226],[-122.959107,46.113149],[-122.959208,46.113136],[-122.959236,46.113059],[-122.959337,46.113046],[-122.959366,46.112969],[-122.959461,46.112959],[-122.959495,46.112879],[-122.959607,46.112859],[-122.959625,46.112789],[-122.959883,46.112789],[-122.959906,46.112863],[-122.960013,46.112879]]]}},{"type":"Feature","properties":{"id":19,"area_m2":3800,"px":38,"rank":5,"persistent":false},"geometry":{"type":"Polygon","coordinates":[[[-122.98835,46.128186],[-122.988348,46.128275],[-122.987962,46.128275],[-122.987933,46.128198],[-122.987771,46.128161],[-122.987701,46.128185],[-122.987315,46.128185],[-122.987231,46.128163],[-122.987078,46.128201],[-122.987054,46.128275],[-122.986926,46.128275],[-122.986917,46.128214],[-122.986864,46.128186],[-122.986349,46.128185],[-122.986288,46.128214],[-122.986279,46.128275],[-122.986167,46.128295],[-122.986149,46.128365],[-122.985891,46.128365],[-122.985887,46.128223],[-122.985843,46.128189],[-122.985761,46.128185],[-122.985761,46.128095],[-122.986475,46.128094],[-122.986529,46.128067],[-122.986538,46.128005],[-122.986986,46.128005],[-122.987046,46.127977],[-122.987056,46.127915],[-122.987444,46.127915],[-122.98745,46.127972],[-122.987492,46.128001],[-122.987832,46.128005],[-122.987836,46.128057],[-122.987873,46.128089],[-122.988091,46.128095],[-122.988097,46.128152],[-122.988146,46.128183],[-122.98835,46.128186]]]}},{"type":"Feature","properties":{"id":29,"area_m2":3700,"px":37,"rank":6,"persistent":false},"geometry":{"type":"Polygon","coordinates":[[[-122.961045,46.112431],[-122.961014,46.112477],[-122.961048,46.112519],[-122.961048,46.112699],[-122.960942,46.112715],[-122.960919,46.112789],[-122.960802,46.112813],[-122.960789,46.112879],[-122.960531,46.112879],[-122.960521,46.112727],[-122.960475,46.112701],[-122.960401,46.112699],[-122.960401,46.112519],[-122.960496,46.11251],[-122.960531,46.112429],[-122.960647,46.112405],[-122.960657,46.112274],[-122.960593,46.112236],[-122.960335,46.11225],[-122.960281,46.112277],[-122.960272,46.112339],[-122.960143,46.112339],[-122.960143,46.112249],[-122.960177,46.112206],[-122.960143,46.112159],[-122.960143,46.112069],[-122.960249,46.112053],[-122.960272,46.111979],[-122.960389,46.111955],[-122.960402,46.111889],[-122.960531,46.111889],[-122.960554,46.111963],[-122.96066,46.111979],[-122.960683,46.112143],[-122.960919,46.112159],[-122.960942,46.112233],[-122.961048,46.112249],[-122.961045,46.112431]]]}},{"type":"Feature","properties":{"id":6,"area_m2":2800,"px":28,"rank":7,"persistent":false},"geometry":{"type":"Polygon","coordinates":[[[-122.986667,46.130795],[-122.986666,46.130975],[-122.986572,46.130984],[-122.986537,46.131029],[-122.98654,46.131207],[-122.986585,46.131241],[-122.986666,46.131245],[-122.986666,46.131335],[-122.98656,46.131351],[-122.986537,46.131425],[-122.986278,46.131425],[-122.986217,46.131401],[-122.986149,46.131425],[-122.986019,46.131425],[-122.986016,46.131374],[-122.985978,46.131342],[-122.98576,46.131335],[-122.98576,46.131155],[-122.985867,46.131139],[-122.98589,46.131065],[-122.986006,46.131041],[-122.986019,46.130975],[-122.98636,46.130971],[-122.986402,46.130942],[-122.986408,46.130885],[-122.986524,46.130861],[-122.986537,46.130795],[-122.986667,46.130795]]]}},{"type":"Feature","properties":{"id":24,"area_m2":1700,"px":17,"rank":8,"persistent":false},"geometry":{"type":"Polygon","coordinates":[[[-122.975796,46.122963],[-122.975796,46.123143],[-122.975667,46.123143],[-122.975654,46.123077],[-122.975589,46.123053],[-122.975442,46.123062],[-122.975408,46.123143],[-122.975278,46.123143],[-122.975265,46.123077],[-122.975149,46.123053],[-122.975121,46.122975],[-122.97489,46.122963],[-122.974867,46.122889],[-122.974761,46.122873],[-122.974761,46.122693],[-122.97489,46.122693],[-122.974896,46.12275],[-122.974945,46.122781],[-122.975149,46.122783],[-122.975177,46.122861],[-122.975332,46.122897],[-122.975509,46.122861],[-122.975538,46.122783],[-122.975667,46.122783],[-122.975676,46.122935],[-122.975722,46.122961],[-122.975796,46.122963]]]}},{"type":"Feature","properties":{"id":26,"area_m2":1600,"px":16,"rank":9,"persistent":false},"geometry":{"type":"Polygon","coordinates":[[[-122.961047,46.113959],[-122.961047,46.114139],[-122.960843,46.114141],[-122.960794,46.114172],[-122.960788,46.114229],[-122.960659,46.114229],[-122.960636,46.114155],[-122.96053,46.114139],[-122.960517,46.113983],[-122.9604,46.113959],[-122.9604,46.113869],[-122.960435,46.113826],[-122.9604,46.113779],[-122.960401,46.113689],[-122.960507,46.113673],[-122.96053,46.113599],[-122.960659,46.113599],[-122.960659,46.113689],[-122.960625,46.113737],[-122.960677,46.113849],[-122.960729,46.113869],[-122.960918,46.113869],[-122.960941,46.113943],[-122.961047,46.113959]]]}},{"type":"Feature","properties":{"id":11,"area_m2":1100,"px":11,"rank":10,"persistent":false},"geometry":{"type":"Polygon","coordinates":[[[-122.990291,46.129716],[-122.990291,46.129896],[-122.990074,46.129902],[-122.990036,46.129934],[-122.990032,46.129986],[-122.989916,46.13001],[-122.989903,46.130076],[-122.989774,46.130076],[-122.989774,46.129896],[-122.989862,46.129889],[-122.989902,46.129852],[-122.989903,46.129626],[-122.990162,46.129626],[-122.990185,46.1297],[-122.990291,46.129716]]]}},{"type":"Feature","properties":{"id":13,"area_m2":1100,"px":11,"rank":11,"persistent":false},"geometry":{"type":"Polygon","coordinates":[[[-122.975405,46.129893],[-122.975405,46.129983],[-122.975277,46.129983],[-122.975272,46.129932],[-122.975234,46.1299],[-122.975017,46.129893],[-122.974999,46.129733],[-122.974887,46.129713],[-122.974874,46.129647],[-122.974758,46.129623],[-122.974754,46.129572],[-122.974717,46.12954],[-122.974499,46.129533],[-122.97449,46.129382],[-122.974444,46.129356],[-122.97437,46.129353],[-122.974335,46.129272],[-122.97424,46.129263],[-122.97424,46.129173],[-122.974369,46.129173],[-122.974392,46.129247],[-122.974499,46.129263],[-122.974522,46.129337],[-122.974628,46.129353],[-122.974646,46.129423],[-122.974758,46.129443],[-122.974792,46.129524],[-122.974887,46.129533],[-122.974916,46.129611],[-122.975017,46.129623],[-122.975045,46.129701],[-122.975146,46.129713],[-122.975174,46.129791],[-122.975275,46.129803],[-122.975304,46.129881],[-122.975405,46.129893]]]}},{"type":"Feature","properties":{"id":2,"area_m2":900,"px":9,"rank":12,"persistent":false},"geometry":{"type":"Polygon","coordinates":[[[-122.983559,46.134575],[-122.983559,46.134665],[-122.98317,46.134665],[-122.983148,46.134591],[-122.983041,46.134575],[-122.983041,46.134395],[-122.983429,46.134395],[-122.983438,46.134546],[-122.983484,46.134573],[-122.983559,46.134575]]]}},{"type":"Feature","properties":{"id":14,"area_m2":800,"px":8,"rank":13,"persistent":false},"geometry":{"type":"Polygon","coordinates":[[[-122.990809,46.129356],[-122.990809,46.129536],[-122.99068,46.129536],[-122.990657,46.129461],[-122.99055,46.129446],[-122.990537,46.12938],[-122.990421,46.129356],[-122.990393,46.129278],[-122.990292,46.129266],[-122.990292,46.129086],[-122.990421,46.129086],[-122.990444,46.12916],[-122.99055,46.129176],[-122.990563,46.129242],[-122.99068,46.129266],[-122.990708,46.129343],[-122.990809,46.129356]]]}},{"type":"Feature","properties":{"id":32,"area_m2":800,"px":8,"rank":14,"persistent":false},"geometry":{"type":"Polygon","coordinates":[[[-122.96312,46.11045],[-122.96312,46.11054],[-122.963039,46.110544],[-122.962994,46.110578],[-122.962991,46.11072],[-122.962884,46.110736],[-122.962861,46.11081],[-122.962732,46.11081],[-122.962732,46.11045],[-122.96312,46.11045]]]}},{"type":"Feature","properties":{"id":5,"area_m2":700,"px":7,"rank":15,"persistent":false},"geometry":{"type":"Polygon","coordinates":[[[-122.982265,46.132595],[-122.982265,46.132775],[-122.982158,46.132791],[-122.982135,46.132865],[-122.982019,46.132889],[-122.982006,46.132955],[-122.981747,46.132955],[-122.981747,46.132865],[-122.981854,46.132849],[-122.981876,46.132775],[-122.981971,46.132766],[-122.982006,46.132685],[-122.982118,46.132665],[-122.982135,46.132595],[-122.982265,46.132595]]]}},{"type":"Feature","properties":{"id":9,"area_m2":600,"px":6,"rank":16,"persistent":false},"geometry":{"type":"Polygon","coordinates":[[[-122.989385,46.130346],[-122.989385,46.130526],[-122.989278,46.130541],[-122.989256,46.130616],[-122.989139,46.13064],[-122.989126,46.130705],[-122.988997,46.130705],[-122.988993,46.130564],[-122.988949,46.13053],[-122.988867,46.130525],[-122.988867,46.130436],[-122.988997,46.130436],[-122.989003,46.130492],[-122.989045,46.130521],[-122.989193,46.130525],[-122.989254,46.130482],[-122.989256,46.130346],[-122.989385,46.130346]]]}},{"type":"Feature","properties":{"id":18,"area_m2":600,"px":6,"rank":17,"persistent":false},"geometry":{"type":"Polygon","coordinates":[[[-122.990421,46.128816],[-122.990421,46.128906],[-122.990314,46.128921],[-122.990291,46.128996],[-122.990162,46.128996],[-122.990139,46.128921],[-122.990033,46.128906],[-122.99002,46.12884],[-122.989903,46.128816],[-122.989875,46.128738],[-122.989774,46.128726],[-122.989774,46.128636],[-122.990033,46.128636],[-122.990034,46.128772],[-122.990081,46.128812],[-122.990223,46.12884],[-122.990292,46.128816],[-122.990421,46.128816]]]}},{"type":"Feature","properties":{"id":4,"area_m2":500,"px":5,"rank":18,"persistent":false},"geometry":{"type":"Polygon","coordinates":[[[-122.981358,46.132775],[-122.981358,46.132865],[-122.981264,46.132874],[-122.981229,46.132955],[-122.981147,46.132959],[-122.981105,46.132988],[-122.981099,46.133224],[-122.98097,46.133224],[-122.98097,46.132955],[-122.981077,46.132939],[-122.9811,46.132865],[-122.981216,46.132841],[-122.981229,46.132775],[-122.981358,46.132775]]]}},{"type":"Feature","properties":{"id":15,"area_m2":500,"px":5,"rank":19,"persistent":false},"geometry":{"type":"Polygon","coordinates":[[[-122.989644,46.129176],[-122.989644,46.129446],[-122.989515,46.129446],[-122.989492,46.129371],[-122.989385,46.129355],[-122.989385,46.129176],[-122.989644,46.129176]]]}},{"type":"Feature","properties":{"id":23,"area_m2":500,"px":5,"rank":20,"persistent":false},"geometry":{"type":"Polygon","coordinates":[[[-122.979291,46.123144],[-122.979291,46.123234],[-122.978903,46.123234],[-122.978903,46.123054],[-122.979161,46.123054],[-122.979184,46.123128],[-122.979291,46.123144]]]}},{"type":"Feature","properties":{"id":25,"area_m2":500,"px":5,"rank":21,"persistent":false},"geometry":{"type":"Polygon","coordinates":[[[-122.969585,46.120622],[-122.969585,46.120802],[-122.969196,46.120802],[-122.969197,46.120712],[-122.969303,46.120696],[-122.969326,46.120622],[-122.969585,46.120622]]]}},{"type":"Feature","properties":{"id":10,"area_m2":400,"px":4,"rank":22,"persistent":false},"geometry":{"type":"Polygon","coordinates":[[[-122.977217,46.130074],[-122.977217,46.130344],[-122.976958,46.130344],[-122.976958,46.130254],[-122.97704,46.13025],[-122.977084,46.130215],[-122.977088,46.130074],[-122.977217,46.130074]]]}},{"type":"Feature","properties":{"id":7,"area_m2":300,"px":3,"rank":23,"persistent":false},"geometry":{"type":"Polygon","coordinates":[[[-122.985631,46.130975],[-122.985631,46.131065],[-122.985524,46.131081],[-122.985501,46.131155],[-122.985372,46.131155],[-122.985372,46.131065],[-122.985407,46.131023],[-122.985372,46.130975],[-122.985372,46.130885],[-122.985501,46.130885],[-122.985524,46.130959],[-122.985631,46.130975]]]}},{"type":"Feature","properties":{"id":8,"area_m2":300,"px":3,"rank":24,"persistent":false},"geometry":{"type":"Polygon","coordinates":[[[-122.986408,46.130615],[-122.986408,46.130705],[-122.986301,46.130721],[-122.986278,46.130795],[-122.986162,46.130819],[-122.986149,46.130885],[-122.986019,46.130885],[-122.986019,46.130795],[-122.986126,46.130779],[-122.986149,46.130705],[-122.986265,46.130681],[-122.986278,46.130615],[-122.986408,46.130615]]]}},{"type":"Feature","properties":{"id":12,"area_m2":300,"px":3,"rank":25,"persistent":false},"geometry":{"type":"Polygon","coordinates":[[[-122.989644,46.129806],[-122.989644,46.129896],[-122.989537,46.129911],[-122.989515,46.129986],[-122.989385,46.129986],[-122.989385,46.129806],[-122.989644,46.129806]]]}},{"type":"Feature","properties":{"id":16,"area_m2":300,"px":3,"rank":26,"persistent":false},"geometry":{"type":"Polygon","coordinates":[[[-122.973722,46.129083],[-122.973722,46.129263],[-122.973463,46.129263],[-122.973464,46.129173],[-122.97357,46.129157],[-122.973593,46.129083],[-122.973722,46.129083]]]}},{"type":"Feature","properties":{"id":17,"area_m2":300,"px":3,"rank":27,"persistent":false},"geometry":{"type":"Polygon","coordinates":[[[-122.973981,46.128993],[-122.973981,46.129083],[-122.973852,46.129083],[-122.973829,46.129009],[-122.973723,46.128993],[-122.973688,46.128912],[-122.973593,46.128903],[-122.973593,46.128813],[-122.973722,46.128813],[-122.973745,46.128887],[-122.973852,46.128903],[-122.973886,46.128984],[-122.973981,46.128993]]]}},{"type":"Feature","properties":{"id":20,"area_m2":300,"px":3,"rank":28,"persistent":false},"geometry":{"type":"Polygon","coordinates":[[[-122.97204,46.128093],[-122.97204,46.128183],[-122.971911,46.128183],[-122.971907,46.128131],[-122.97187,46.128099],[-122.971652,46.128092],[-122.971652,46.128003],[-122.971911,46.128003],[-122.971933,46.128077],[-122.97204,46.128093]]]}},{"type":"Feature","properties":{"id":21,"area_m2":300,"px":3,"rank":29,"persistent":false},"geometry":{"type":"Polygon","coordinates":[[[-122.976313,46.125124],[-122.976313,46.125213],[-122.975925,46.125213],[-122.975925,46.125124],[-122.976313,46.125124]]]}},{"type":"Feature","properties":{"id":22,"area_m2":300,"px":3,"rank":30,"persistent":false},"geometry":{"type":"Polygon","coordinates":[[[-122.966347,46.124581],[-122.966347,46.124671],[-122.96624,46.124687],[-122.966217,46.124761],[-122.966088,46.124761],[-122.966088,46.124581],[-122.966347,46.124581]]]}},{"type":"Feature","properties":{"id":28,"area_m2":300,"px":3,"rank":31,"persistent":false},"geometry":{"type":"Polygon","coordinates":[[[-122.961047,46.113599],[-122.961047,46.113779],[-122.960918,46.113779],[-122.960895,46.113705],[-122.960789,46.113689],[-122.960789,46.113599],[-122.961047,46.113599]]]}},{"type":"Feature","properties":{"id":31,"area_m2":300,"px":3,"rank":32,"persistent":false},"geometry":{"type":"Polygon","coordinates":[[[-122.962602,46.1109],[-122.962602,46.11099],[-122.962496,46.111005],[-122.962473,46.11108],[-122.962343,46.111079],[-122.962344,46.1109],[-122.962602,46.1109]]]}}]}