{"type":"FeatureCollection","features":[{"type":"Feature","properties":{"id":4,"area_m2":376900,"px":3769,"rank":1,"persistent":false},"geometry":{"type":"Polygon","coordinates":[[[-122.940317,46.136451],[-122.940317,46.136541],[-122.940058,46.13654],[-122.940055,46.136489],[-122.940017,46.136457],[-122.93967,46.13645],[-122.939661,46.136389],[-122.939608,46.136361],[-122.938712,46.13636],[-122.938652,46.136379],[-122.938634,46.13663],[-122.938546,46.136636],[-122.938505,46.136678],[-122.93851,46.137046],[-122.938552,46.137076],[-122.938633,46.13708],[-122.938639,46.137136],[-122.938689,46.137167],[-122.939151,46.13717],[-122.939151,46.13726],[-122.938688,46.137262],[-122.938639,46.137293],[-122.938633,46.13735],[-122.938559,46.137352],[-122.938513,46.137378],[-122.938513,46.137501],[-122.938559,46.137527],[-122.938633,46.13753],[-122.938633,46.13789],[-122.938503,46.13789],[-122.938442,46.137865],[-122.938374,46.13789],[-122.938244,46.137889],[-122.938235,46.137738],[-122.938189,46.137712],[-122.938115,46.137709],[-122.938115,46.137619],[-122.93821,46.13761],[-122.938245,46.13753],[-122.938326,46.137525],[-122.938368,46.137496],[-122.938374,46.137398],[-122.938346,46.137362],[-122.93817,46.137352],[-122.938121,46.137383],[-122.938115,46.137439],[-122.937926,46.13744],[-122.937874,46.137459],[-122.937856,46.137619],[-122.937821,46.137662],[-122.937856,46.137709],[-122.937856,46.137799],[-122.937632,46.137802],[-122.937577,46.137855],[-122.937614,46.137959],[-122.937726,46.137979],[-122.937739,46.138135],[-122.937855,46.138159],[-122.937855,46.138339],[-122.937467,46.138339],[-122.937464,46.138287],[-122.937426,46.138255],[-122.937079,46.138249],[-122.93707,46.138187],[-122.937009,46.138159],[-122.936868,46.138163],[-122.936826,46.138192],[-122.93682,46.138249],[-122.936701,46.13826],[-122.936687,46.138107],[-122.936642,46.138073],[-122.936561,46.138069],[-122.936561,46.137979],[-122.936656,46.13797],[-122.936691,46.137889],[-122.936785,46.137886],[-122.936835,46.137854],[-122.93682,46.137577],[-122.936773,46.137533],[-122.936351,46.137533],[-122.936309,46.137562],[-122.936302,46.137618],[-122.936186,46.137642],[-122.936173,46.137708],[-122.936044,46.137708],[-122.936034,46.137647],[-122.935974,46.137619],[-122.935718,46.137619],[-122.935659,46.137656],[-122.935636,46.138203],[-122.935682,46.138244],[-122.935784,46.138248],[-122.935806,46.138336],[-122.935859,46.138352],[-122.936043,46.138338],[-122.936051,46.138413],[-122.936118,46.138442],[-122.93639,46.138422],[-122.936428,46.13839],[-122.936431,46.138339],[-122.93669,46.138339],[-122.936689,46.138879],[-122.936608,46.138883],[-122.936563,46.138917],[-122.936577,46.139129],[-122.936689,46.139149],[-122.936695,46.139205],[-122.936744,46.139236],[-122.937207,46.139239],[-122.93721,46.139291],[-122.937248,46.139323],[-122.937466,46.139329],[-122.937466,46.139419],[-122.937147,46.139419],[-122.93709,46.139443],[-122.937077,46.139689],[-122.936961,46.139713],[-122.936949,46.139825],[-122.936988,46.139862],[-122.937077,46.139869],[-122.937078,46.140095],[-122.937147,46.140139],[-122.937301,46.14013],[-122.937336,46.140049],[-122.937452,46.140025],[-122.937465,46.139959],[-122.937577,46.139939],[-122.937595,46.139869],[-122.937724,46.139869],[-122.937724,46.140049],[-122.937528,46.14005],[-122.937466,46.140093],[-122.937465,46.14072],[-122.937519,46.140767],[-122.937723,46.140769],[-122.937777,46.140793],[-122.937853,46.140769],[-122.937982,46.140769],[-122.937982,46.140859],[-122.9379,46.140863],[-122.937858,46.140893],[-122.937856,46.141001],[-122.937915,46.141038],[-122.938111,46.141041],[-122.938111,46.141129],[-122.938004,46.141145],[-122.937981,46.141219],[-122.937852,46.141219],[-122.937835,46.141149],[-122.937723,46.141129],[-122.93771,46.141063],[-122.937593,46.141039],[-122.93759,46.140988],[-122.937552,46.140956],[-122.937275,46.140949],[-122.937206,46.140992],[-122.937205,46.141219],[-122.937098,46.141235],[-122.937075,46.141309],[-122.936946,46.141309],[-122.936923,46.141235],[-122.936816,46.141219],[-122.936803,46.140973],[-122.936687,46.140949],[-122.936653,46.140868],[-122.936558,46.140859],[-122.936558,46.140589],[-122.936687,46.140589],[-122.93671,46.140663],[-122.936817,46.140679],[-122.936817,46.14081],[-122.936851,46.14085],[-122.937006,46.140859],[-122.937058,46.140839],[-122.937076,46.140679],[-122.937164,46.140673],[-122.937204,46.140636],[-122.937206,46.140409],[-122.937287,46.140405],[-122.937332,46.140371],[-122.937334,46.140273],[-122.937294,46.140235],[-122.937117,46.140235],[-122.93708,46.140267],[-122.937076,46.140319],[-122.936858,46.140325],[-122.936821,46.140357],[-122.936817,46.140409],[-122.936491,46.14041],[-122.936438,46.140437],[-122.936429,46.140498],[-122.936211,46.140505],[-122.936173,46.140537],[-122.93617,46.140588],[-122.936069,46.140601],[-122.93604,46.140678],[-122.935945,46.140687],[-122.93591,46.140768],[-122.935829,46.140772],[-122.935787,46.140802],[-122.93579,46.14092],[-122.935836,46.140946],[-122.93591,46.140948],[-122.93591,46.141127],[-122.935836,46.141131],[-122.93579,46.141157],[-122.93578,46.141308],[-122.935651,46.141308],[-122.935575,46.141285],[-122.93542,46.14132],[-122.935392,46.141398],[-122.935059,46.1414],[-122.935009,46.141431],[-122.934992,46.141499],[-122.934874,46.141488],[-122.934868,46.141418],[-122.934821,46.141387],[-122.93467,46.1414],[-122.934624,46.141426],[-122.934624,46.141549],[-122.93467,46.141575],[-122.934744,46.141578],[-122.93475,46.141634],[-122.934792,46.141664],[-122.934955,46.141664],[-122.934997,46.141634],[-122.935014,46.141567],[-122.935133,46.141578],[-122.935121,46.141728],[-122.935167,46.141755],[-122.935262,46.141758],[-122.935262,46.142028],[-122.935187,46.14203],[-122.935141,46.142056],[-122.935132,46.142298],[-122.935025,46.142314],[-122.935002,46.142388],[-122.934873,46.142388],[-122.934838,46.142307],[-122.934667,46.142286],[-122.934615,46.142327],[-122.934614,46.142477],[-122.934507,46.142493],[-122.934484,46.142567],[-122.9343,46.142554],[-122.934238,46.142578],[-122.934234,46.142719],[-122.93428,46.142745],[-122.934354,46.142747],[-122.934354,46.142927],[-122.934095,46.142927],[-122.934082,46.142861],[-122.933966,46.142837],[-122.933943,46.142763],[-122.933775,46.142723],[-122.933707,46.142747],[-122.933237,46.142751],[-122.933191,46.14279],[-122.933189,46.142927],[-122.93306,46.142927],[-122.93306,46.142747],[-122.933166,46.142731],[-122.9332,46.142646],[-122.933378,46.142657],[-122.933442,46.142624],[-122.933449,46.142297],[-122.933555,46.142281],[-122.933578,46.142207],[-122.933803,46.142198],[-122.933837,46.142117],[-122.933938,46.142105],[-122.933967,46.142027],[-122.934062,46.142018],[-122.934097,46.141937],[-122.934178,46.141933],[-122.93422,46.141904],[-122.934261,46.1418],[-122.934226,46.141757],[-122.934209,46.141597],[-122.934149,46.141577],[-122.933872,46.141586],[-122.933838,46.141667],[-122.933743,46.141676],[-122.933708,46.141757],[-122.933634,46.141759],[-122.933588,46.141785],[-122.933578,46.141937],[-122.933477,46.141949],[-122.933449,46.142027],[-122.933354,46.142036],[-122.933319,46.142117],[-122.933245,46.142119],[-122.933199,46.142145],[-122.933155,46.142249],[-122.93319,46.142297],[-122.933178,46.142578],[-122.932971,46.142573],[-122.932934,46.142605],[-122.93293,46.142657],[-122.932814,46.14268],[-122.932801,46.142746],[-122.932588,46.142737],[-122.932545,46.142771],[-122.932542,46.142836],[-122.932425,46.14286],[-122.932412,46.142926],[-122.932283,46.142926],[-122.932283,46.142746],[-122.932378,46.142737],[-122.932412,46.142656],[-122.932487,46.142654],[-122.932533,46.142628],[-122.932542,46.142435],[-122.93248,46.142387],[-122.932202,46.14239],[-122.93216,46.142419],[-122.932154,46.142476],[-122.932053,46.142488],[-122.932024,46.142566],[-122.931936,46.142572],[-122.931896,46.142609],[-122.931898,46.142798],[-122.931942,46.142832],[-122.932024,46.142836],[-122.932024,46.142926],[-122.931806,46.142932],[-122.931768,46.142964],[-122.931764,46.143016],[-122.931451,46.143002],[-122.931389,46.143026],[-122.931376,46.143237],[-122.931424,46.143282],[-122.931831,46.143285],[-122.931885,46.143257],[-122.931894,46.143196],[-122.932021,46.143196],[-122.932029,46.143253],[-122.932078,46.143284],[-122.932214,46.14331],[-122.932282,46.143286],[-122.932412,46.143286],[-122.932411,46.143376],[-122.932305,46.143392],[-122.932282,46.143466],[-122.932153,46.143466],[-122.932143,46.143405],[-122.93209,46.143377],[-122.931712,46.143376],[-122.931648,46.1434],[-122.931634,46.143466],[-122.931516,46.143477],[-122.931471,46.143385],[-122.931246,46.143376],[-122.931218,46.143298],[-122.931062,46.143272],[-122.930996,46.143301],[-122.930987,46.143375],[-122.930776,46.143379],[-122.930734,46.143409],[-122.930728,46.143465],[-122.930612,46.143489],[-122.930579,46.143589],[-122.930606,46.143632],[-122.930987,46.143645],[-122.930996,46.143707],[-122.931049,46.143734],[-122.931348,46.143737],[-122.931375,46.143701],[-122.931376,46.143556],[-122.931494,46.143545],[-122.931528,46.14363],[-122.931634,46.143646],[-122.931634,46.143736],[-122.931533,46.143748],[-122.931504,46.143826],[-122.931416,46.143832],[-122.931377,46.143869],[-122.931376,46.144052],[-122.931416,46.144089],[-122.931504,46.144096],[-122.931504,46.144274],[-122.931397,46.144291],[-122.931374,46.144366],[-122.931245,46.144366],[-122.931232,46.1443],[-122.931116,46.144275],[-122.931112,46.144224],[-122.931075,46.144192],[-122.930857,46.144185],[-122.930851,46.144129],[-122.930809,46.144099],[-122.930339,46.144095],[-122.930339,46.144005],[-122.930427,46.143999],[-122.930467,46.143962],[-122.930468,46.143784],[-122.930434,46.143744],[-122.930013,46.143736],[-122.92996,46.143763],[-122.929951,46.143825],[-122.929821,46.143825],[-122.929818,46.143683],[-122.929751,46.143645],[-122.929618,46.143647],[-122.929564,46.143688],[-122.929562,46.144185],[-122.929432,46.144184],[-122.929364,46.14416],[-122.929215,46.144191],[-122.929177,46.144223],[-122.929173,46.144274],[-122.929057,46.144298],[-122.929044,46.144364],[-122.928396,46.144364],[-122.928397,46.144274],[-122.928852,46.144273],[-122.928905,46.144246],[-122.928915,46.144184],[-122.929132,46.144178],[-122.929172,46.144141],[-122.929174,46.144058],[-122.929126,46.144008],[-122.928574,46.144008],[-122.928532,46.144037],[-122.928526,46.144094],[-122.92841,46.144118],[-122.928386,46.144195],[-122.928267,46.144184],[-122.928261,46.144127],[-122.928219,46.144098],[-122.928008,46.144094],[-122.928009,46.143734],[-122.928115,46.143718],[-122.928138,46.143644],[-122.928255,46.14362],[-122.928268,46.143554],[-122.928472,46.143552],[-122.928527,46.1435],[-122.928514,46.143308],[-122.928457,46.143284],[-122.928268,46.143284],[-122.928255,46.143128],[-122.928139,46.143104],[-122.928105,46.143023],[-122.92801,46.143014],[-122.92801,46.142744],[-122.928234,46.142735],[-122.928269,46.142654],[-122.928385,46.14263],[-122.928399,46.142564],[-122.928635,46.142548],[-122.928658,46.142474],[-122.928774,46.14245],[-122.928787,46.142384],[-122.929113,46.142383],[-122.929167,46.142356],[-122.929176,46.142294],[-122.929412,46.142279],[-122.929435,46.14224],[-122.929418,46.142121],[-122.92936,46.142101],[-122.929176,46.142114],[-122.929167,46.141963],[-122.929121,46.141937],[-122.929047,46.141934],[-122.929047,46.141844],[-122.929129,46.14184],[-122.929173,46.141806],[-122.929177,46.141664],[-122.929306,46.141664],[-122.929312,46.141721],[-122.929361,46.141752],[-122.929524,46.141748],[-122.929564,46.141711],[-122.929565,46.141575],[-122.929672,46.141559],[-122.929695,46.141485],[-122.929796,46.141472],[-122.929825,46.141395],[-122.929919,46.141386],[-122.929954,46.141305],[-122.930066,46.141285],[-122.930084,46.141215],[-122.930417,46.141213],[-122.930466,46.141182],[-122.930472,46.141125],[-122.930567,46.141123],[-122.930616,46.141091],[-122.930584,46.140965],[-122.930532,46.140945],[-122.930343,46.140945],[-122.93032,46.140871],[-122.930214,46.140855],[-122.930214,46.140765],[-122.930309,46.140756],[-122.930343,46.140675],[-122.93046,46.140651],[-122.930473,46.140405],[-122.930606,46.140385],[-122.930603,46.140225],[-122.930691,46.140219],[-122.930731,46.140182],[-122.930751,46.13991],[-122.930705,46.139869],[-122.930603,46.139865],[-122.930604,46.139595],[-122.93071,46.139579],[-122.930733,46.139505],[-122.93085,46.139481],[-122.930863,46.139415],[-122.930992,46.139415],[-122.931001,46.139477],[-122.931055,46.139504],[-122.931196,46.139503],[-122.931248,46.139467],[-122.931254,46.139346],[-122.931122,46.139325],[-122.931099,46.139251],[-122.930992,46.139235],[-122.930993,46.139055],[-122.931067,46.139053],[-122.931113,46.139027],[-122.931122,46.138876],[-122.931229,46.13886],[-122.931252,46.138786],[-122.931436,46.138799],[-122.931494,46.138779],[-122.931511,46.138606],[-122.931593,46.138602],[-122.931637,46.138567],[-122.931641,46.138426],[-122.93177,46.138426],[-122.931783,46.138492],[-122.931899,46.138516],[-122.931905,46.138573],[-122.931947,46.138602],[-122.932098,46.13863],[-122.93227,46.138586],[-122.932288,46.138426],[-122.932376,46.13842],[-122.932416,46.138383],[-122.932418,46.137886],[-122.9325,46.137882],[-122.932544,46.137848],[-122.932548,46.137616],[-122.932807,46.137616],[-122.932807,46.137706],[-122.932718,46.137713],[-122.932678,46.137755],[-122.932677,46.138108],[-122.932711,46.138147],[-122.932867,46.138181],[-122.932936,46.138157],[-122.933065,46.138157],[-122.933074,46.138218],[-122.933135,46.138246],[-122.93329,46.138238],[-122.933324,46.138157],[-122.933583,46.138157],[-122.933592,46.138218],[-122.933646,46.138246],[-122.933779,46.138246],[-122.933833,46.138218],[-122.933842,46.138067],[-122.933937,46.138058],[-122.933972,46.138013],[-122.933971,46.137661],[-122.933931,46.137623],[-122.933843,46.137617],[-122.933843,46.137527],[-122.934039,46.137526],[-122.934093,46.137499],[-122.934102,46.137257],[-122.934197,46.137248],[-122.934232,46.137203],[-122.934219,46.137101],[-122.934102,46.137077],[-122.934102,46.136987],[-122.934291,46.136987],[-122.934348,46.136963],[-122.934362,46.136807],[-122.93445,46.136801],[-122.93449,46.136764],[-122.934491,46.136447],[-122.93458,46.136441],[-122.934619,46.136404],[-122.93464,46.136043],[-122.934594,46.136002],[-122.934492,46.135997],[-122.934492,46.135907],[-122.934599,46.135892],[-122.934622,46.135818],[-122.934825,46.135815],[-122.93488,46.135769],[-122.934863,46.135567],[-122.934751,46.135547],[-122.934748,46.135496],[-122.93471,46.135464],[-122.934493,46.135457],[-122.93447,46.135383],[-122.934363,46.135367],[-122.934364,46.135007],[-122.934445,46.135003],[-122.934487,46.134974],[-122.934494,46.134647],[-122.934568,46.134645],[-122.934614,46.134619],[-122.934623,46.134377],[-122.93473,46.134362],[-122.934753,46.134288],[-122.934882,46.134288],[-122.934882,46.134509],[-122.93491,46.134545],[-122.935078,46.134557],[-122.935141,46.134509],[-122.935141,46.134233],[-122.935114,46.134197],[-122.935059,46.134184],[-122.934893,46.134209],[-122.934873,46.134136],[-122.93482,46.134109],[-122.934544,46.134108],[-122.934491,46.134128],[-122.934494,46.134287],[-122.934406,46.134294],[-122.934366,46.134331],[-122.934364,46.134557],[-122.934262,46.134562],[-122.934218,46.134597],[-122.934234,46.134917],[-122.934023,46.134921],[-122.933981,46.13495],[-122.933975,46.135007],[-122.933863,46.135027],[-122.933849,46.135149],[-122.933894,46.135183],[-122.933975,46.135187],[-122.933975,46.135277],[-122.933744,46.135289],[-122.933716,46.135326],[-122.933716,46.135457],[-122.933634,46.135461],[-122.93359,46.135495],[-122.933586,46.135817],[-122.933497,46.135823],[-122.933457,46.135865],[-122.933456,46.136267],[-122.933367,46.136273],[-122.933327,46.136315],[-122.933326,46.136627],[-122.933291,46.136669],[-122.933326,46.136717],[-122.933326,46.136807],[-122.933219,46.136822],[-122.933196,46.136897],[-122.933,46.136898],[-122.932946,46.136925],[-122.932902,46.137029],[-122.932937,46.137077],[-122.932937,46.137256],[-122.932863,46.137259],[-122.932817,46.137285],[-122.932807,46.137436],[-122.932678,46.137436],[-122.932669,46.137375],[-122.932608,46.137347],[-122.931842,46.137346],[-122.931781,46.137374],[-122.931771,46.137436],[-122.93166,46.137455],[-122.931642,46.137526],[-122.931512,46.137526],[-122.931513,46.137436],[-122.931614,46.137423],[-122.931642,46.137346],[-122.931737,46.137337],[-122.931772,46.137256],[-122.931888,46.137232],[-122.931901,46.137076],[-122.932003,46.137072],[-122.93205,46.137031],[-122.932013,46.136826],[-122.931961,46.136806],[-122.931772,46.136806],[-122.931764,46.136731],[-122.93169,46.136702],[-122.931561,46.13672],[-122.931523,46.136744],[-122.931513,46.136986],[-122.931418,46.136995],[-122.931383,46.137076],[-122.931267,46.1371],[-122.931254,46.137345],[-122.931147,46.137361],[-122.931124,46.137435],[-122.930906,46.137442],[-122.930868,46.137474],[-122.930865,46.137525],[-122.930736,46.137525],[-122.930675,46.137501],[-122.930606,46.137525],[-122.930477,46.137525],[-122.930477,46.137435],[-122.930584,46.137419],[-122.930606,46.137345],[-122.930723,46.137321],[-122.930736,46.137255],[-122.931062,46.137254],[-122.931123,46.137212],[-122.931123,46.137119],[-122.931096,46.137088],[-122.930866,46.137075],[-122.930866,46.136985],[-122.930947,46.136981],[-122.930989,46.136952],[-122.930994,46.136849],[-122.930933,46.136806],[-122.930737,46.136805],[-122.930737,46.136625],[-122.930866,46.136625],[-122.930935,46.136649],[-122.931102,46.13661],[-122.931126,46.136355],[-122.931255,46.136356],[-122.931261,46.136426],[-122.931308,46.136457],[-122.931512,46.136446],[-122.93156,46.136468],[-122.931619,46.136462],[-122.931678,46.136403],[-122.931643,46.136356],[-122.931644,46.136266],[-122.93175,46.13625],[-122.931773,46.136176],[-122.931902,46.136176],[-122.931903,46.136307],[-122.931931,46.136344],[-122.932122,46.136363],[-122.932158,46.136331],[-122.932195,46.136213],[-122.932161,46.136176],[-122.932156,46.136029],[-122.932114,46.136],[-122.932032,46.135996],[-122.932032,46.135906],[-122.932151,46.135895],[-122.932175,46.135972],[-122.932291,46.135996],[-122.932297,46.136053],[-122.932339,46.136082],[-122.932617,46.136085],[-122.93267,46.136058],[-122.93268,46.135996],[-122.932774,46.135994],[-122.932821,46.135967],[-122.932809,46.135816],[-122.932904,46.135814],[-122.932953,46.135782],[-122.93293,46.135665],[-122.932884,46.135639],[-122.932809,46.135636],[-122.932806,46.135585],[-122.932768,46.135553],[-122.932362,46.135546],[-122.932293,46.13559],[-122.932291,46.135816],[-122.932173,46.135827],[-122.932162,46.135456],[-122.932274,46.135436],[-122.932292,46.135276],[-122.932373,46.135272],[-122.932418,46.135238],[-122.932422,46.135096],[-122.932456,46.135048],[-122.932416,46.134949],[-122.932374,46.13492],[-122.932292,46.134916],[-122.932284,46.134841],[-122.932217,46.134812],[-122.931945,46.134832],[-122.931907,46.134864],[-122.931904,46.134916],[-122.931645,46.134916],[-122.931663,46.134595],[-122.931618,46.13456],[-122.931516,46.134556],[-122.931516,46.134376],[-122.931605,46.134369],[-122.931644,46.134332],[-122.931646,46.134106],[-122.93187,46.134097],[-122.931905,46.134016],[-122.932,46.134007],[-122.932035,46.133926],[-122.932116,46.133922],[-122.932158,46.133893],[-122.932155,46.133775],[-122.932109,46.133748],[-122.932035,46.133746],[-122.932035,46.133566],[-122.932164,46.133566],[-122.932178,46.133632],[-122.932294,46.133656],[-122.932297,46.133708],[-122.932335,46.13374],[-122.932532,46.13374],[-122.932573,46.133696],[-122.932553,46.133476],[-122.932648,46.133474],[-122.93269,46.133451],[-122.932681,46.13334],[-122.932642,46.133303],[-122.932553,46.133296],[-122.932525,46.133218],[-122.932424,46.133206],[-122.932407,46.133046],[-122.932295,46.133026],[-122.93226,46.132945],[-122.932165,46.132936],[-122.932162,46.132794],[-122.932118,46.13276],[-122.932036,46.132756],[-122.932035,46.132619],[-122.931988,46.13258],[-122.931696,46.13258],[-122.931649,46.132619],[-122.931648,46.132756],[-122.931391,46.132756],[-122.931361,46.132678],[-122.93113,46.132665],[-122.931127,46.132614],[-122.931089,46.132582],[-122.930871,46.132575],[-122.930788,46.132553],[-122.930625,46.132599],[-122.930612,46.132755],[-122.930272,46.132759],[-122.93023,46.132788],[-122.930224,46.132845],[-122.930107,46.132869],[-122.930094,46.132935],[-122.929965,46.132935],[-122.929965,46.132845],[-122.930046,46.132841],[-122.930091,46.132806],[-122.930114,46.132715],[-122.930087,46.132677],[-122.929883,46.132669],[-122.929841,46.132698],[-122.929835,46.132755],[-122.929706,46.132754],[-122.929645,46.13273],[-122.929576,46.132754],[-122.929447,46.132754],[-122.929386,46.13273],[-122.929318,46.132754],[-122.929188,46.132754],[-122.929182,46.132608],[-122.92914,46.132578],[-122.929059,46.132574],[-122.929056,46.132432],[-122.929011,46.132398],[-122.92893,46.132394],[-122.92893,46.132304],[-122.929059,46.132304],[-122.929065,46.132361],[-122.929114,46.132392],[-122.929447,46.132394],[-122.929453,46.132451],[-122.929495,46.13248],[-122.929836,46.132485],[-122.929842,46.132541],[-122.929884,46.13257],[-122.930224,46.132575],[-122.930258,46.132656],[-122.930428,46.132663],[-122.930477,46.132632],[-122.930483,46.132575],[-122.930564,46.132571],[-122.930609,46.132537],[-122.930613,46.132215],[-122.930694,46.132211],[-122.930739,46.132177],[-122.930743,46.131945],[-122.930872,46.131945],[-122.930872,46.132166],[-122.930906,46.132206],[-122.9312,46.132228],[-122.931254,46.132196],[-122.93126,46.132125],[-122.93139,46.132126],[-122.931395,46.132272],[-122.931437,46.132301],[-122.931519,46.132306],[-122.931553,46.132387],[-122.931907,46.132396],[-122.93191,46.132447],[-122.931948,46.132479],[-122.932124,46.132485],[-122.932186,46.132436],[-122.932166,46.132126],[-122.932296,46.132126],[-122.932297,46.132353],[-122.932366,46.132396],[-122.932532,46.13238],[-122.932555,46.132216],[-122.932643,46.13221],[-122.932683,46.132173],[-122.932683,46.13208],[-122.932656,46.132049],[-122.932307,46.132047],[-122.932296,46.131946],[-122.932629,46.131944],[-122.932679,46.131913],[-122.932685,46.131856],[-122.933269,46.131856],[-122.933323,46.131828],[-122.933332,46.131767],[-122.933461,46.131767],[-122.933522,46.131791],[-122.933591,46.131767],[-122.93372,46.131767],[-122.93372,46.132037],[-122.933631,46.132043],[-122.933591,46.132086],[-122.93359,46.132397],[-122.933502,46.132403],[-122.933461,46.132445],[-122.933466,46.132633],[-122.933508,46.132663],[-122.93359,46.132667],[-122.933618,46.132745],[-122.933943,46.132748],[-122.933978,46.132708],[-122.933978,46.132577],[-122.934108,46.132577],[-122.934113,46.132634],[-122.934163,46.132665],[-122.934325,46.132661],[-122.934366,46.132619],[-122.934367,46.132307],[-122.934496,46.132307],[-122.934502,46.132364],[-122.934544,46.132393],[-122.934693,46.132396],[-122.934746,46.132369],[-122.934755,46.132308],[-122.934867,46.132288],[-122.934885,46.132218],[-122.935014,46.132218],[-122.935014,46.132398],[-122.934926,46.132404],[-122.934886,46.132441],[-122.934897,46.132734],[-122.934954,46.132757],[-122.935272,46.132758],[-122.935276,46.132809],[-122.935313,46.132841],[-122.935586,46.132862],[-122.935652,46.132833],[-122.935661,46.132758],[-122.935872,46.132754],[-122.935914,46.132725],[-122.93592,46.132668],[-122.936032,46.132648],[-122.936046,46.132437],[-122.936002,46.132402],[-122.93592,46.132398],[-122.935919,46.132262],[-122.935865,46.13222],[-122.935128,46.13221],[-122.935144,46.132038],[-122.935239,46.132029],[-122.935273,46.131984],[-122.93526,46.131882],[-122.935144,46.131858],[-122.935144,46.131768],[-122.935662,46.131768],[-122.935668,46.131838],[-122.935715,46.131869],[-122.936178,46.131858],[-122.936241,46.131882],[-122.936309,46.131858],[-122.936527,46.131852],[-122.936565,46.13182],[-122.936568,46.131769],[-122.936827,46.131769],[-122.936827,46.1319],[-122.936855,46.131936],[-122.93714,46.131963],[-122.937212,46.131924],[-122.937216,46.131769],[-122.937992,46.131769],[-122.937995,46.131911],[-122.93807,46.131949],[-122.938188,46.131948],[-122.938238,46.131925],[-122.938251,46.131769],[-122.938769,46.13177],[-122.93883,46.131794],[-122.9389,46.13177],[-122.939804,46.13177],[-122.939804,46.13186],[-122.939709,46.131869],[-122.939675,46.13195],[-122.939593,46.131954],[-122.939549,46.131988],[-122.939548,46.132182],[-122.939593,46.132216],[-122.939674,46.13222],[-122.93969,46.132303],[-122.939558,46.132334],[-122.939546,46.132447],[-122.939607,46.132489],[-122.939763,46.132484],[-122.939803,46.132442],[-122.939788,46.132318],[-122.939933,46.13231],[-122.939933,46.13249],[-122.939817,46.132514],[-122.939805,46.132627],[-122.939866,46.132669],[-122.940062,46.132672],[-122.940062,46.13294],[-122.939955,46.132956],[-122.939932,46.13303],[-122.939741,46.133017],[-122.939675,46.13306],[-122.939683,46.133182],[-122.939729,46.133208],[-122.939803,46.13321],[-122.939803,46.1333],[-122.939768,46.133343],[-122.939803,46.13339],[-122.939803,46.13348],[-122.939673,46.13348],[-122.939645,46.133402],[-122.93949,46.133367],[-122.939414,46.13339],[-122.939285,46.13339],[-122.939216,46.133366],[-122.939155,46.13339],[-122.938944,46.133394],[-122.938898,46.133433],[-122.938896,46.13357],[-122.938815,46.133574],[-122.93877,46.133608],[-122.938767,46.13375],[-122.938678,46.133756],[-122.938638,46.133798],[-122.93865,46.133906],[-122.938766,46.133931],[-122.938766,46.13402],[-122.938685,46.134024],[-122.938643,46.134053],[-122.938638,46.134156],[-122.938678,46.134193],[-122.938766,46.1342],[-122.938801,46.134281],[-122.938947,46.13429],[-122.939002,46.134274],[-122.939025,46.13402],[-122.939155,46.13402],[-122.939154,46.13438],[-122.939073,46.134384],[-122.939028,46.134418],[-122.939005,46.134684],[-122.939045,46.134733],[-122.939154,46.13474],[-122.939154,46.13492],[-122.939059,46.134929],[-122.939024,46.13501],[-122.938917,46.135026],[-122.93886,46.135142],[-122.938894,46.13519],[-122.938883,46.13534],[-122.938929,46.135367],[-122.939024,46.13537],[-122.939023,46.13564],[-122.938568,46.135641],[-122.938515,46.135668],[-122.938504,46.13573],[-122.938376,46.135729],[-122.93837,46.135673],[-122.938321,46.135642],[-122.938036,46.135643],[-122.937988,46.135688],[-122.937988,46.135951],[-122.938043,46.135997],[-122.938246,46.136],[-122.9383,46.136023],[-122.938376,46.136],[-122.938505,46.136],[-122.938509,46.136051],[-122.938546,46.136083],[-122.938764,46.13609],[-122.938777,46.136156],[-122.938893,46.13618],[-122.938899,46.136236],[-122.938948,46.136268],[-122.939356,46.136268],[-122.939405,46.136237],[-122.939411,46.13618],[-122.939608,46.136179],[-122.939661,46.136152],[-122.939705,46.136048],[-122.939671,46.136],[-122.939671,46.13582],[-122.939752,46.135816],[-122.939797,46.135782],[-122.9398,46.13555],[-122.93993,46.13555],[-122.939929,46.13582],[-122.939813,46.135844],[-122.939803,46.135962],[-122.939848,46.135996],[-122.939929,46.136],[-122.939933,46.136052],[-122.93997,46.136084],[-122.940188,46.136091],[-122.940188,46.13618],[-122.939841,46.136187],[-122.939801,46.136224],[-122.939803,46.136322],[-122.939862,46.136359],[-122.940058,46.136361],[-122.940064,46.136417],[-122.940106,46.136446],[-122.940317,46.136451]],[[-122.930375,46.142793],[-122.930318,46.142581],[-122.930263,46.142565],[-122.930116,46.142574],[-122.930082,46.142655],[-122.929965,46.142679],[-122.929952,46.142745],[-122.92984,46.142764],[-122.929822,46.142835],[-122.929612,46.142839],[-122.92957,46.142868],[-122.929563,46.142924],[-122.929447,46.142948],[-122.929434,46.143014],[-122.929198,46.14303],[-122.929175,46.143104],[-122.92908,46.143113],[-122.929045,46.143194],[-122.928929,46.143218],[-122.928908,46.143349],[-122.928966,46.143374],[-122.929127,46.14337],[-122.929169,46.143341],[-122.929175,46.143284],[-122.929386,46.14328],[-122.929428,46.143251],[-122.929434,46.143195],[-122.929639,46.143206],[-122.929687,46.143175],[-122.929693,46.143105],[-122.929897,46.143102],[-122.929946,46.143071],[-122.929952,46.143015],[-122.930176,46.143006],[-122.930211,46.142925],[-122.930292,46.142921],[-122.930335,46.142892],[-122.930375,46.142793]],[[-122.929301,46.143732],[-122.92925,46.143711],[-122.929192,46.143721],[-122.929155,46.143763],[-122.929171,46.143804],[-122.929224,46.143824],[-122.929296,46.143812],[-122.929323,46.143774],[-122.929301,46.143732]],[[-122.930034,46.142299],[-122.929891,46.142281],[-122.92984,46.142301],[-122.929823,46.142475],[-122.929742,46.142479],[-122.929699,46.142508],[-122.929674,46.142604],[-122.929721,46.14265],[-122.929911,46.142648],[-122.929949,46.142616],[-122.929952,46.142565],[-122.930034,46.142561],[-122.930076,46.142532],[-122.930076,46.142328],[-122.930034,46.142299]],[[-122.930342,46.141755],[-122.930423,46.141751],[-122.930468,46.141717],[-122.930449,46.141501],[-122.930394,46.141485],[-122.930024,46.141485],[-122.929977,46.141501],[-122.929954,46.141539],[-122.929976,46.141739],[-122.930083,46.141755],[-122.930092,46.141816],[-122.930153,46.141845],[-122.930307,46.141836],[-122.930342,46.141755]],[[-122.930372,46.143407],[-122.930334,46.143318],[-122.930285,46.143287],[-122.930136,46.143287],[-122.930084,46.143323],[-122.930094,46.143441],[-122.930256,46.143488],[-122.930308,46.143484],[-122.930363,46.143448],[-122.930372,46.143407]],[[-122.932155,46.141396],[-122.932149,46.141339],[-122.932107,46.14131],[-122.931822,46.141308],[-122.931773,46.141339],[-122.931766,46.141396],[-122.93165,46.14142],[-122.931637,46.141486],[-122.931433,46.141488],[-122.931384,46.141519],[-122.931378,46.141576],[-122.931153,46.141585],[-122.931119,46.141624],[-122.931119,46.141755],[-122.930908,46.141759],[-122.930866,46.141789],[-122.93086,46.141845],[-122.930656,46.141848],[-122.930607,46.141879],[-122.9306,46.141935],[-122.930364,46.141951],[-122.930342,46.141989],[-122.930354,46.142181],[-122.930471,46.142205],[-122.930477,46.142262],[-122.930526,46.142293],[-122.930859,46.142295],[-122.930865,46.142352],[-122.930907,46.142381],[-122.931208,46.142392],[-122.931244,46.142361],[-122.931248,46.142296],[-122.931336,46.142289],[-122.931377,46.142247],[-122.931364,46.14214],[-122.931248,46.142115],[-122.931248,46.142026],[-122.931452,46.142023],[-122.931501,46.141992],[-122.931507,46.141936],[-122.931725,46.141929],[-122.931764,46.141892],[-122.931766,46.141756],[-122.932099,46.141754],[-122.932149,46.141723],[-122.932155,46.141666],[-122.932271,46.141642],[-122.932281,46.141434],[-122.932236,46.1414],[-122.932155,46.141396]],[[-122.930598,46.142743],[-122.930546,46.142722],[-122.930488,46.142732],[-122.930451,46.142774],[-122.930467,46.142815],[-122.93052,46.142835],[-122.930592,46.142822],[-122.930619,46.142785],[-122.930598,46.142743]],[[-122.930731,46.143827],[-122.930673,46.143811],[-122.930615,46.143832],[-122.930599,46.14388],[-122.930625,46.143916],[-122.930688,46.143928],[-122.930747,46.143902],[-122.930762,46.143862],[-122.930731,46.143827]],[[-122.930865,46.139864],[-122.930896,46.139828],[-122.930882,46.139788],[-122.930823,46.139762],[-122.93076,46.139774],[-122.930733,46.13981],[-122.93075,46.139859],[-122.930808,46.139879],[-122.930865,46.139864]],[[-122.931431,46.140496],[-122.931507,46.140452],[-122.931507,46.140359],[-122.931481,46.140328],[-122.93125,46.140315],[-122.931244,46.140259],[-122.931195,46.140228],[-122.931061,46.140226],[-122.931009,46.140245],[-122.930991,46.140441],[-122.931019,46.140483],[-122.931431,46.140496]],[[-122.931769,46.139506],[-122.931734,46.139425],[-122.93158,46.139416],[-122.931519,46.139444],[-122.93151,46.139506],[-122.931428,46.13951],[-122.931384,46.139544],[-122.931393,46.139662],[-122.93151,46.139686],[-122.93151,46.139776],[-122.931476,46.139829],[-122.931509,46.139866],[-122.931513,46.140007],[-122.931564,46.140043],[-122.931713,46.140043],[-122.931765,46.140008],[-122.931769,46.139686],[-122.931864,46.139677],[-122.931898,46.139632],[-122.931885,46.13953],[-122.931769,46.139506]],[[-122.93195,46.139326],[-122.932025,46.139288],[-122.932015,46.13917],[-122.931899,46.139146],[-122.931864,46.139065],[-122.93177,46.139056],[-122.931769,46.138925],[-122.931741,46.138888],[-122.931545,46.138885],[-122.931511,46.138924],[-122.931503,46.139211],[-122.93156,46.139235],[-122.931769,46.139236],[-122.931804,46.139317],[-122.93195,46.139326]],[[-122.931895,46.142066],[-122.931828,46.142013],[-122.931665,46.142038],[-122.931637,46.142075],[-122.931653,46.142199],[-122.931719,46.14222],[-122.931867,46.142194],[-122.931894,46.142162],[-122.931895,46.142066]],[[-122.93193,46.140438],[-122.931891,46.140349],[-122.931842,46.140318],[-122.931694,46.140318],[-122.931642,46.140354],[-122.931651,46.140472],[-122.931814,46.140518],[-122.931866,46.140515],[-122.931921,46.140479],[-122.93193,46.140438]],[[-122.931943,46.140159],[-122.932143,46.140112],[-122.932153,46.139994],[-122.932102,46.139958],[-122.931953,46.139958],[-122.931904,46.139989],[-122.931865,46.140104],[-122.931943,46.140159]],[[-122.932158,46.138736],[-122.932091,46.138683],[-122.931912,46.13872],[-122.931865,46.138834],[-122.931934,46.138957],[-122.932088,46.138966],[-122.932145,46.138942],[-122.932158,46.138736]],[[-122.932301,46.134531],[-122.93229,46.134414],[-122.932252,46.134382],[-122.932075,46.134382],[-122.932037,46.134414],[-122.932034,46.134466],[-122.93196,46.134468],[-122.931914,46.134494],[-122.931893,46.134616],[-122.931954,46.134646],[-122.932122,46.13464],[-122.93216,46.134608],[-122.932163,46.134556],[-122.932258,46.134554],[-122.932301,46.134531]],[[-122.93326,46.139328],[-122.933064,46.139327],[-122.933061,46.139185],[-122.932986,46.139147],[-122.932868,46.139148],[-122.932818,46.13917],[-122.932794,46.139337],[-122.932401,46.139319],[-122.932401,46.139244],[-122.932505,46.13923],[-122.932545,46.139193],[-122.932546,46.138821],[-122.932479,46.138773],[-122.932316,46.138798],[-122.932288,46.13884],[-122.932303,46.139229],[-122.932252,46.139279],[-122.932303,46.139334],[-122.932287,46.139506],[-122.932175,46.139526],[-122.932122,46.139638],[-122.932157,46.139686],[-122.932174,46.13986],[-122.932232,46.13988],[-122.932416,46.139866],[-122.932484,46.13989],[-122.932545,46.139866],[-122.932926,46.139854],[-122.932953,46.139816],[-122.932934,46.139687],[-122.93305,46.139663],[-122.933062,46.13955],[-122.933001,46.139508],[-122.932805,46.139506],[-122.932805,46.139416],[-122.933053,46.139406],[-122.933105,46.1395],[-122.933288,46.139498],[-122.933322,46.139458],[-122.93331,46.139351],[-122.93326,46.139328]],[[-122.932337,46.141126],[-122.932411,46.141088],[-122.932405,46.140975],[-122.932352,46.140947],[-122.932197,46.140952],[-122.932157,46.14099],[-122.932165,46.141098],[-122.932218,46.141125],[-122.932337,46.141126]],[[-122.932933,46.140136],[-122.932924,46.140075],[-122.932871,46.140048],[-122.932486,46.140047],[-122.932425,46.140075],[-122.932415,46.140316],[-122.932306,46.140323],[-122.932266,46.140372],[-122.932289,46.140638],[-122.932333,46.140672],[-122.932415,46.140676],[-122.932418,46.140741],[-122.932454,46.140773],[-122.932639,46.140757],[-122.932674,46.140676],[-122.932769,46.140667],[-122.932803,46.140587],[-122.932878,46.140584],[-122.932924,46.140558],[-122.932933,46.140407],[-122.933028,46.140397],[-122.933063,46.140353],[-122.933057,46.14017],[-122.933015,46.140141],[-122.932933,46.140136]],[[-122.932811,46.136988],[-122.932805,46.136845],[-122.932745,46.136807],[-122.93259,46.136813],[-122.932552,46.136845],[-122.932549,46.136896],[-122.932475,46.136899],[-122.932429,46.136925],[-122.932423,46.137038],[-122.932467,46.137072],[-122.932549,46.137076],[-122.93255,46.137213],[-122.93259,46.13725],[-122.932745,46.137255],[-122.932798,46.137228],[-122.932808,46.137076],[-122.932842,46.137034],[-122.932811,46.136988]],[[-122.934003,46.141175],[-122.933962,46.14107],[-122.933927,46.141044],[-122.93358,46.141037],[-122.933551,46.140959],[-122.933411,46.140934],[-122.933333,46.140957],[-122.933321,46.141037],[-122.933095,46.141033],[-122.933062,46.141072],[-122.933061,46.141217],[-122.932955,46.141232],[-122.932932,46.141306],[-122.932816,46.14133],[-122.932802,46.141396],[-122.932606,46.141397],[-122.932553,46.141425],[-122.932509,46.141534],[-122.932543,46.141576],[-122.932556,46.141822],[-122.932613,46.141846],[-122.932876,46.141844],[-122.932925,46.141813],[-122.932931,46.141757],[-122.933162,46.141744],[-122.933191,46.141667],[-122.933415,46.141658],[-122.93345,46.141577],[-122.933674,46.141568],[-122.933709,46.141487],[-122.933804,46.141478],[-122.933838,46.141397],[-122.93392,46.141393],[-122.933962,46.141364],[-122.933968,46.141217],[-122.934003,46.141175]],[[-122.933067,46.136447],[-122.933156,46.13644],[-122.933195,46.136403],[-122.933197,46.136135],[-122.933149,46.136091],[-122.932979,46.136093],[-122.932942,46.136125],[-122.932938,46.136176],[-122.932822,46.1362],[-122.932808,46.136266],[-122.932612,46.136267],[-122.932556,46.1363],[-122.93255,46.136578],[-122.932597,46.136622],[-122.933026,46.13662],[-122.933066,46.136583],[-122.933067,46.136447]],[[-122.933583,46.138697],[-122.933671,46.138691],[-122.93371,46.138654],[-122.933712,46.138476],[-122.933671,46.138433],[-122.933453,46.138427],[-122.933444,46.138365],[-122.933391,46.138338],[-122.933065,46.138337],[-122.933042,46.138262],[-122.93289,46.138224],[-122.932806,46.138246],[-122.93261,46.138247],[-122.932556,46.138275],[-122.932547,46.138468],[-122.932581,46.138507],[-122.933065,46.138517],[-122.933064,46.138697],[-122.932976,46.138703],[-122.932937,46.13874],[-122.932936,46.138923],[-122.932997,46.138966],[-122.933194,46.138967],[-122.933194,46.139188],[-122.933241,46.139233],[-122.933385,46.13925],[-122.933447,46.139217],[-122.933453,46.138967],[-122.933534,46.138963],[-122.933579,46.138929],[-122.933583,46.138697]],[[-122.933476,46.135052],[-122.933452,46.13495],[-122.93341,46.134921],[-122.93321,46.134928],[-122.933193,46.13486],[-122.933151,46.134831],[-122.93281,46.134826],[-122.932801,46.134765],[-122.93274,46.134737],[-122.932607,46.134739],[-122.932557,46.13477],[-122.932561,46.134888],[-122.932606,46.134914],[-122.932681,46.134916],[-122.932687,46.134973],[-122.932729,46.135002],[-122.933188,46.134996],[-122.933212,46.135073],[-122.933276,46.135097],[-122.933444,46.135087],[-122.933476,46.135052]],[[-122.933217,46.135412],[-122.933175,46.135292],[-122.933053,46.135269],[-122.933068,46.135145],[-122.933034,46.135106],[-122.932751,46.135097],[-122.932694,46.13512],[-122.932673,46.135251],[-122.932723,46.135275],[-122.932955,46.135284],[-122.932939,46.135408],[-122.932974,46.135447],[-122.933178,46.13545],[-122.933217,46.135412]],[[-122.932804,46.142388],[-122.932747,46.142373],[-122.932689,46.142393],[-122.932672,46.142441],[-122.932699,46.142477],[-122.932762,46.14249],[-122.932821,46.142464],[-122.932835,46.142424],[-122.932804,46.142388]],[[-122.932988,46.132599],[-122.933188,46.132553],[-122.933198,46.132435],[-122.933147,46.132399],[-122.932998,46.132399],[-122.932949,46.13243],[-122.93291,46.132545],[-122.932988,46.132599]],[[-122.933125,46.13305],[-122.933282,46.133023],[-122.933327,46.132988],[-122.933321,46.132785],[-122.933261,46.132757],[-122.932983,46.132763],[-122.932943,46.132805],[-122.932934,46.133001],[-122.933125,46.13305]],[[-122.934236,46.133477],[-122.93423,46.133421],[-122.934181,46.133389],[-122.933773,46.133389],[-122.93372,46.13343],[-122.933718,46.133567],[-122.933589,46.133567],[-122.93352,46.133543],[-122.933459,46.133567],[-122.933119,46.133571],[-122.933072,46.13361],[-122.93307,46.133746],[-122.932976,46.133749],[-122.932926,46.133781],[-122.932947,46.133983],[-122.932989,46.134012],[-122.93307,46.134018],[-122.93307,46.134286],[-122.932996,46.134289],[-122.93295,46.134315],[-122.932946,46.134433],[-122.93301,46.134466],[-122.933318,46.134456],[-122.933332,46.134698],[-122.933376,46.134733],[-122.933458,46.134737],[-122.933459,46.134873],[-122.933513,46.134914],[-122.933776,46.134917],[-122.933833,46.134893],[-122.933846,46.134647],[-122.933928,46.134643],[-122.93397,46.134614],[-122.933974,46.134421],[-122.933913,46.134378],[-122.933588,46.134377],[-122.933527,46.134353],[-122.93334,46.134388],[-122.933329,46.134107],[-122.933588,46.134107],[-122.933594,46.134164],[-122.933636,46.134193],[-122.933899,46.134197],[-122.933963,46.134173],[-122.933976,46.134107],[-122.934083,46.134091],[-122.934106,46.133927],[-122.934194,46.133921],[-122.934234,46.133884],[-122.934236,46.133657],[-122.934324,46.133651],[-122.934364,46.133614],[-122.934352,46.133501],[-122.934236,46.133477]],[[-122.933196,46.139778],[-122.933139,46.139753],[-122.933082,46.139763],[-122.933031,46.139809],[-122.933044,46.139854],[-122.933109,46.139889],[-122.933174,46.13988],[-122.933227,46.13983],[-122.933196,46.139778]],[[-122.933327,46.135727],[-122.933409,46.135723],[-122.933451,46.135693],[-122.933434,46.135563],[-122.933126,46.135547],[-122.93307,46.135563],[-122.933048,46.135602],[-122.933068,46.135727],[-122.933033,46.135774],[-122.933081,46.135827],[-122.933144,46.13584],[-122.933286,46.13581],[-122.933324,46.135778],[-122.933327,46.135727]],[[-122.936172,46.138968],[-122.936166,46.138912],[-122.936124,46.138882],[-122.935654,46.138878],[-122.935645,46.138817],[-122.935591,46.138789],[-122.93517,46.138797],[-122.935137,46.138831],[-122.935139,46.138929],[-122.935184,46.138964],[-122.935265,46.138968],[-122.935294,46.139046],[-122.935653,46.139058],[-122.935653,46.139238],[-122.935565,46.139244],[-122.935525,46.139281],[-122.935523,46.139508],[-122.935265,46.139508],[-122.935256,46.139433],[-122.93519,46.139404],[-122.934905,46.13943],[-122.934877,46.139466],[-122.934876,46.139598],[-122.934758,46.139609],[-122.934741,46.139527],[-122.934694,46.139496],[-122.934529,46.139514],[-122.934488,46.139556],[-122.934503,46.13968],[-122.934154,46.13969],[-122.934105,46.139721],[-122.934099,46.139777],[-122.933983,46.139801],[-122.933969,46.140137],[-122.93371,46.140137],[-122.933701,46.140076],[-122.933648,46.140048],[-122.93337,46.140051],[-122.933323,46.14009],[-122.933322,46.140227],[-122.93324,46.140231],[-122.933195,46.140265],[-122.933205,46.140383],[-122.93339,46.140431],[-122.933451,46.140407],[-122.933669,46.140401],[-122.933707,46.140369],[-122.93371,46.140317],[-122.934195,46.140321],[-122.934228,46.140282],[-122.934228,46.140137],[-122.934323,46.140128],[-122.934358,46.140047],[-122.93447,46.140028],[-122.934487,46.139867],[-122.934569,46.139863],[-122.934614,46.139829],[-122.934601,46.139695],[-122.934736,46.139677],[-122.934752,46.139834],[-122.934794,46.139863],[-122.934876,46.139868],[-122.934904,46.139945],[-122.935264,46.139958],[-122.935264,46.140048],[-122.935157,46.140064],[-122.935134,46.140138],[-122.934821,46.140124],[-122.934755,46.140153],[-122.934749,46.140279],[-122.934794,46.140314],[-122.934875,46.140318],[-122.934893,46.140478],[-122.934945,46.140497],[-122.935134,46.140498],[-122.935162,46.140576],[-122.935317,46.140611],[-122.935393,46.140588],[-122.935747,46.140579],[-122.935781,46.140539],[-122.935782,46.140138],[-122.935894,46.140118],[-122.935912,46.139958],[-122.936006,46.139949],[-122.936041,46.139904],[-122.936035,46.139722],[-122.935993,46.139692],[-122.935912,46.139688],[-122.935877,46.139607],[-122.935782,46.139598],[-122.935783,46.139508],[-122.936013,46.139496],[-122.936042,46.139418],[-122.936123,46.139414],[-122.936165,46.139385],[-122.936171,46.139238],[-122.936246,46.139236],[-122.936292,46.13921],[-122.936298,46.139007],[-122.936253,46.138973],[-122.936172,46.138968]],[[-122.933615,46.13983],[-122.933575,46.13972],[-122.933533,46.139691],[-122.933345,46.139703],[-122.933287,46.139819],[-122.933345,46.139941],[-122.9334,46.139957],[-122.933558,46.139941],[-122.933615,46.13983]],[[-122.933736,46.133167],[-122.93371,46.133055],[-122.933656,46.133028],[-122.933393,46.133028],[-122.933332,46.13307],[-122.933334,46.133168],[-122.933393,46.133206],[-122.933691,46.133203],[-122.933736,46.133167]],[[-122.934133,46.13947],[-122.93409,46.139356],[-122.934037,46.139328],[-122.933841,46.139327],[-122.933772,46.139303],[-122.933616,46.139336],[-122.933583,46.13937],[-122.933581,46.139507],[-122.933547,46.139549],[-122.933594,46.139663],[-122.933659,46.139687],[-122.934065,46.139678],[-122.934098,46.139644],[-122.934099,46.139507],[-122.934133,46.13947]],[[-122.934309,46.140411],[-122.934173,46.140393],[-122.93412,46.14041],[-122.934087,46.140508],[-122.933738,46.140509],[-122.93371,46.140587],[-122.933628,46.140591],[-122.933586,46.14062],[-122.933597,46.14076],[-122.933655,46.140781],[-122.933913,46.140765],[-122.933963,46.140734],[-122.933969,46.140677],[-122.934085,46.140653],[-122.934109,46.140576],[-122.934274,46.140601],[-122.93433,46.140588],[-122.934357,46.140552],[-122.934351,46.140441],[-122.934309,46.140411]],[[-122.934877,46.138698],[-122.934868,46.138636],[-122.934815,46.138609],[-122.934359,46.138607],[-122.934354,46.138537],[-122.934299,46.138505],[-122.933883,46.138523],[-122.933842,46.138566],[-122.933841,46.138877],[-122.933753,46.138883],[-122.933713,46.13892],[-122.933721,46.139118],[-122.933789,46.139147],[-122.934201,46.139135],[-122.934229,46.139099],[-122.93423,46.138967],[-122.934311,46.138963],[-122.934356,46.138929],[-122.934359,46.138787],[-122.934489,46.138787],[-122.934488,46.138967],[-122.934454,46.139015],[-122.934507,46.139071],[-122.934557,46.139082],[-122.934618,46.139058],[-122.934836,46.139051],[-122.934875,46.139014],[-122.934877,46.138878],[-122.934965,46.138871],[-122.935006,46.138829],[-122.934993,46.138722],[-122.934877,46.138698]],[[-122.935663,46.133117],[-122.935695,46.13307],[-122.935639,46.132941],[-122.935578,46.132924],[-122.935443,46.132944],[-122.935402,46.132987],[-122.935401,46.133208],[-122.935295,46.133224],[-122.935272,46.133298],[-122.935142,46.133298],[-122.935143,46.133208],[-122.935231,46.133201],[-122.935271,46.133164],[-122.935271,46.133071],[-122.935231,46.133034],[-122.934884,46.133028],[-122.934851,46.132933],[-122.934636,46.132948],[-122.934597,46.13286],[-122.934366,46.132847],[-122.934357,46.132786],[-122.934304,46.132758],[-122.934148,46.132764],[-122.934111,46.132795],[-122.934107,46.132847],[-122.934019,46.132853],[-122.933979,46.132891],[-122.933979,46.132997],[-122.934031,46.133038],[-122.934614,46.133016],[-122.934625,46.133117],[-122.93453,46.133126],[-122.934495,46.133207],[-122.934401,46.13321],[-122.934354,46.133237],[-122.934367,46.133344],[-122.934428,46.133386],[-122.934754,46.133388],[-122.93477,46.13347],[-122.93472,46.133531],[-122.934793,46.133581],[-122.934871,46.133557],[-122.934883,46.133478],[-122.935142,46.133478],[-122.935171,46.133555],[-122.935401,46.133568],[-122.935404,46.13362],[-122.935442,46.133652],[-122.935631,46.133646],[-122.93566,46.133604],[-122.935663,46.133117]],[[-122.935526,46.137348],[-122.93552,46.137291],[-122.935471,46.13726],[-122.935138,46.137258],[-122.935077,46.137234],[-122.935008,46.137258],[-122.934879,46.137258],[-122.934876,46.137206],[-122.934838,46.137174],[-122.934703,46.137154],[-122.934642,46.13717],[-122.9346,46.137382],[-122.934622,46.137421],[-122.934749,46.137438],[-122.934755,46.137508],[-122.934802,46.137539],[-122.935137,46.137528],[-122.935137,46.137798],[-122.935063,46.1378],[-122.935017,46.137826],[-122.935007,46.137978],[-122.934973,46.138015],[-122.935007,46.138068],[-122.935023,46.13824],[-122.934878,46.138248],[-122.934872,46.138191],[-122.934823,46.13816],[-122.934619,46.138157],[-122.934601,46.137997],[-122.93449,46.137977],[-122.934486,46.137926],[-122.934449,46.137894],[-122.934286,46.13789],[-122.934237,46.137921],[-122.934231,46.137977],[-122.934142,46.137984],[-122.934103,46.138021],[-122.934101,46.138373],[-122.934123,46.138411],[-122.934313,46.138437],[-122.934356,46.138403],[-122.934362,46.138337],[-122.934619,46.138338],[-122.934628,46.138399],[-122.934689,46.138427],[-122.935066,46.138427],[-122.935114,46.138412],[-122.935136,46.138374],[-122.935121,46.138255],[-122.935232,46.138239],[-122.935266,46.138158],[-122.935383,46.138134],[-122.935396,46.137888],[-122.935477,46.137884],[-122.935522,46.13785],[-122.935526,46.137528],[-122.935621,46.137519],[-122.935655,46.137474],[-122.935642,46.137372],[-122.935526,46.137348]],[[-122.93462,46.137478],[-122.934598,46.13744],[-122.934545,46.137424],[-122.934416,46.13744],[-122.93437,46.137466],[-122.93436,46.137617],[-122.934326,46.137665],[-122.934401,46.137791],[-122.934557,46.137796],[-122.93461,46.137769],[-122.93462,46.137478]],[[-122.934521,46.140488],[-122.934685,46.14051],[-122.934737,46.140482],[-122.934737,46.140346],[-122.934691,46.14032],[-122.934616,46.140317],[-122.934613,46.140266],[-122.934575,46.140234],[-122.934398,46.140234],[-122.934359,46.140271],[-122.934366,46.140379],[-122.934412,46.140405],[-122.934487,46.140408],[-122.934521,46.140488]],[[-122.934892,46.141983],[-122.934867,46.141881],[-122.934818,46.14185],[-122.93467,46.14185],[-122.934618,46.141886],[-122.934618,46.141989],[-122.934669,46.142025],[-122.934859,46.142018],[-122.934892,46.141983]],[[-122.934813,46.135122],[-122.934963,46.135094],[-122.935005,46.135064],[-122.934988,46.134933],[-122.934933,46.134918],[-122.934645,46.134933],[-122.934623,46.134971],[-122.934645,46.135082],[-122.934813,46.135122]],[[-122.935656,46.137078],[-122.935744,46.137072],[-122.935784,46.137035],[-122.935785,46.136857],[-122.935738,46.136812],[-122.935201,46.136809],[-122.935147,46.136836],[-122.935138,46.136898],[-122.935009,46.136898],[-122.934996,46.136832],[-122.934879,46.136808],[-122.934876,46.136756],[-122.934838,46.136724],[-122.934683,46.136719],[-122.934626,46.136751],[-122.934621,46.137042],[-122.934666,46.137087],[-122.935138,46.137078],[-122.935144,46.137134],[-122.935193,46.137165],[-122.935578,46.137168],[-122.935643,46.137144],[-122.935656,46.137078]],[[-122.934797,46.140948],[-122.934871,46.140909],[-122.934865,46.140796],[-122.934812,46.140769],[-122.934655,46.140761],[-122.934616,46.140803],[-122.934625,46.140919],[-122.934678,46.140947],[-122.934797,46.140948]],[[-122.935657,46.136358],[-122.935644,46.136292],[-122.935579,46.136268],[-122.935426,46.13628],[-122.935387,46.136369],[-122.935268,46.136357],[-122.935269,46.136178],[-122.935363,46.136169],[-122.935398,46.136088],[-122.935472,46.136086],[-122.935518,46.136059],[-122.935528,46.135818],[-122.935602,46.135816],[-122.935648,46.135789],[-122.935648,46.135667],[-122.935602,46.13564],[-122.935528,46.135638],[-122.935522,46.135581],[-122.935473,46.13555],[-122.935051,46.135554],[-122.935011,46.135596],[-122.93501,46.135998],[-122.934898,46.136017],[-122.93488,46.136178],[-122.934792,46.136184],[-122.934752,46.136221],[-122.934759,46.136599],[-122.934805,46.136625],[-122.934879,46.136628],[-122.934883,46.136679],[-122.934921,46.136711],[-122.935068,46.136717],[-122.935129,46.136689],[-122.935139,46.136628],[-122.93525,46.136608],[-122.935268,46.136538],[-122.93538,46.136518],[-122.935409,46.136437],[-122.935527,46.136448],[-122.935533,46.136505],[-122.935582,46.136536],[-122.935893,46.136522],[-122.935915,46.136484],[-122.935893,46.136374],[-122.935657,46.136358]],[[-122.935192,46.134828],[-122.935269,46.134784],[-122.935269,46.134691],[-122.935236,46.134657],[-122.93494,46.134648],[-122.934879,46.134668],[-122.934863,46.134709],[-122.934916,46.134819],[-122.935192,46.134828]],[[-122.93529,46.133883],[-122.935265,46.133781],[-122.935216,46.13375],[-122.935068,46.13375],[-122.935016,46.133786],[-122.935016,46.133889],[-122.935067,46.133925],[-122.935257,46.133918],[-122.93529,46.133883]],[[-122.93569,46.135426],[-122.935649,46.135307],[-122.935595,46.135279],[-122.935312,46.135279],[-122.935251,46.135323],[-122.935275,46.135424],[-122.935332,46.135457],[-122.935528,46.135458],[-122.935619,46.135479],[-122.93569,46.135426]],[[-122.935507,46.134542],[-122.935547,46.134328],[-122.935502,46.134292],[-122.935293,46.134304],[-122.935271,46.134342],[-122.935293,46.134542],[-122.935348,46.134558],[-122.935507,46.134542]],[[-122.936369,46.133825],[-122.936178,46.133838],[-122.936172,46.133782],[-122.936122,46.133751],[-122.93596,46.133755],[-122.935922,46.133786],[-122.935918,46.133838],[-122.935837,46.133842],[-122.935795,46.133871],[-122.935778,46.134029],[-122.935659,46.134018],[-122.935654,46.133961],[-122.935612,46.133932],[-122.935442,46.133934],[-122.935366,46.13406],[-122.935409,46.134169],[-122.93547,46.134198],[-122.935719,46.134198],[-122.93578,46.13417],[-122.9358,46.134097],[-122.936266,46.134102],[-122.936303,46.13407],[-122.936307,46.134018],[-122.936395,46.134012],[-122.936436,46.13397],[-122.936424,46.133849],[-122.936369,46.133825]],[[-122.936029,46.134808],[-122.936064,46.134418],[-122.936013,46.134381],[-122.935849,46.134354],[-122.935677,46.134398],[-122.935659,46.134558],[-122.935624,46.1346],[-122.935659,46.134648],[-122.935658,46.134738],[-122.93547,46.134738],[-122.935413,46.134762],[-122.935399,46.134954],[-122.935428,46.134996],[-122.93561,46.135004],[-122.935652,46.134975],[-122.935658,46.134918],[-122.935869,46.134914],[-122.935911,46.134885],[-122.935917,46.134828],[-122.936029,46.134808]],[[-122.935657,46.138519],[-122.9356,46.138504],[-122.935542,46.138525],[-122.935525,46.138573],[-122.935552,46.138609],[-122.935615,46.138621],[-122.935674,46.138595],[-122.935688,46.138555],[-122.935657,46.138519]],[[-122.936174,46.135698],[-122.936193,46.135498],[-122.936148,46.135463],[-122.935827,46.135451],[-122.935787,46.135493],[-122.935796,46.1357],[-122.935849,46.135727],[-122.936136,46.135735],[-122.936174,46.135698]],[[-122.936047,46.13708],[-122.93599,46.137064],[-122.935932,46.137085],[-122.935915,46.137133],[-122.935942,46.137169],[-122.936005,46.137181],[-122.936064,46.137155],[-122.936078,46.137115],[-122.936047,46.13708]],[[-122.936448,46.138839],[-122.936408,46.138534],[-122.936353,46.138518],[-122.936183,46.138529],[-122.936119,46.138495],[-122.936055,46.138508],[-122.936023,46.138547],[-122.936039,46.138588],[-122.936172,46.138608],[-122.936172,46.138698],[-122.936137,46.138746],[-122.936194,46.138863],[-122.936403,46.138874],[-122.936448,46.138839]],[[-122.936485,46.136899],[-122.936561,46.136855],[-122.93654,46.136734],[-122.936304,46.136718],[-122.936298,46.136662],[-122.936249,46.136631],[-122.93612,46.136615],[-122.936067,46.136631],[-122.93605,46.136775],[-122.936092,46.136804],[-122.936174,46.136808],[-122.936197,46.136883],[-122.936485,46.136899]],[[-122.936683,46.133185],[-122.936715,46.132984],[-122.936682,46.132948],[-122.9365,46.13294],[-122.936441,46.132977],[-122.936426,46.133129],[-122.936239,46.133094],[-122.936072,46.133134],[-122.936049,46.133172],[-122.936049,46.13343],[-122.936071,46.133462],[-122.936126,46.133478],[-122.936285,46.133463],[-122.936307,46.133388],[-122.936389,46.133384],[-122.936431,46.133355],[-122.936448,46.133197],[-122.936626,46.133208],[-122.936683,46.133185]],[[-122.936824,46.134689],[-122.936756,46.134635],[-122.936476,46.134655],[-122.936439,46.134687],[-122.936435,46.134738],[-122.936334,46.134751],[-122.936306,46.134828],[-122.936211,46.134837],[-122.936176,46.134918],[-122.936102,46.134921],[-122.936056,46.134947],[-122.936047,46.13505],[-122.936075,46.135086],[-122.936305,46.135098],[-122.936321,46.135181],[-122.936203,46.135193],[-122.936157,46.135233],[-122.936177,46.135428],[-122.936215,46.135465],[-122.936501,46.135457],[-122.936555,46.13543],[-122.936558,46.135312],[-122.936516,46.135283],[-122.936435,46.135278],[-122.936419,46.135196],[-122.936631,46.135188],[-122.936685,46.13516],[-122.936694,46.134829],[-122.936811,46.134805],[-122.936824,46.134689]],[[-122.937329,46.134445],[-122.937362,46.134339],[-122.93734,46.134305],[-122.937213,46.134289],[-122.937213,46.134199],[-122.937294,46.134195],[-122.937339,46.134161],[-122.937342,46.134068],[-122.937314,46.134031],[-122.936641,46.134005],[-122.936569,46.134043],[-122.936565,46.134198],[-122.936247,46.134199],[-122.936195,46.134218],[-122.936157,46.134418],[-122.936219,46.134467],[-122.936565,46.134469],[-122.936593,46.134546],[-122.936763,46.134583],[-122.936824,46.134559],[-122.937171,46.134552],[-122.937209,46.134521],[-122.937212,46.134469],[-122.937329,46.134445]],[[-122.936423,46.140285],[-122.936448,46.140184],[-122.936415,46.140148],[-122.936225,46.140141],[-122.936173,46.140177],[-122.936173,46.14028],[-122.936225,46.140316],[-122.936374,46.140316],[-122.936423,46.140285]],[[-122.936481,46.140049],[-122.936555,46.14001],[-122.93655,46.139897],[-122.936496,46.13987],[-122.936341,46.139875],[-122.936301,46.139912],[-122.936309,46.14002],[-122.936362,46.140047],[-122.936481,46.140049]],[[-122.936582,46.136224],[-122.936557,46.136122],[-122.936508,46.136091],[-122.936359,46.136091],[-122.936308,46.136127],[-122.936307,46.13623],[-122.936359,46.136266],[-122.936549,46.136259],[-122.936582,46.136224]],[[-122.936692,46.137079],[-122.937057,46.137063],[-122.93708,46.137025],[-122.937057,46.136825],[-122.936747,46.136811],[-122.936698,46.136842],[-122.936692,46.136899],[-122.936585,46.136914],[-122.936562,46.136953],[-122.936578,46.137071],[-122.936481,46.137083],[-122.936436,46.137117],[-122.936433,46.137224],[-122.93646,46.137259],[-122.936522,46.137272],[-122.936674,46.137239],[-122.936692,46.137079]],[[-122.936818,46.139419],[-122.936812,46.139362],[-122.936763,46.139331],[-122.9365,46.139329],[-122.936443,46.139353],[-122.93643,46.139725],[-122.936464,46.139769],[-122.936647,46.139772],[-122.936685,46.13974],[-122.936689,46.139689],[-122.936805,46.139665],[-122.936818,46.139599],[-122.936935,46.139575],[-122.936939,46.139447],[-122.936893,46.139421],[-122.936818,46.139419]],[[-122.936929,46.135835],[-122.936617,46.135795],[-122.936457,46.135834],[-122.936434,46.135872],[-122.936457,46.135983],[-122.936512,46.135999],[-122.936882,46.135998],[-122.936929,46.135983],[-122.936952,46.135945],[-122.936929,46.135835]],[[-122.936696,46.133609],[-122.936668,46.133568],[-122.936613,46.133555],[-122.936551,46.133577],[-122.936531,46.133616],[-122.936557,46.133654],[-122.93662,46.133672],[-122.936679,46.133652],[-122.936696,46.133609]],[[-122.936818,46.140089],[-122.936757,46.140036],[-122.936593,46.140058],[-122.93656,46.140092],[-122.936551,46.140204],[-122.936608,46.140228],[-122.936783,46.14022],[-122.936816,46.140185],[-122.936818,46.140089]],[[-122.93747,46.135639],[-122.937452,46.135569],[-122.937341,46.135549],[-122.937332,46.135488],[-122.937278,46.13546],[-122.936634,46.135459],[-122.936565,46.135502],[-122.936586,46.135636],[-122.936639,46.135652],[-122.936823,46.135639],[-122.93684,46.135709],[-122.936952,46.135729],[-122.936961,46.13579],[-122.937014,46.135818],[-122.93734,46.135819],[-122.937409,46.135843],[-122.937558,46.135813],[-122.937598,46.135776],[-122.937596,46.135677],[-122.937551,46.135643],[-122.93747,46.135639]],[[-122.937215,46.132489],[-122.937296,46.132485],[-122.937338,46.132456],[-122.937343,46.132262],[-122.937289,46.132221],[-122.937148,46.13222],[-122.937095,46.132247],[-122.937085,46.132309],[-122.937004,46.132313],[-122.936959,46.132347],[-122.936955,46.132669],[-122.936867,46.132675],[-122.936826,46.132717],[-122.936842,46.132931],[-122.936791,46.132986],[-122.936844,46.133037],[-122.936938,46.133022],[-122.936939,46.132946],[-122.937067,46.132919],[-122.937085,46.132759],[-122.937166,46.132755],[-122.937208,46.132726],[-122.937215,46.132489]],[[-122.938639,46.13258],[-122.938626,46.132514],[-122.938561,46.13249],[-122.938414,46.132499],[-122.93838,46.132579],[-122.938121,46.132579],[-122.938118,46.132438],[-122.938051,46.1324],[-122.937897,46.132408],[-122.937862,46.132489],[-122.937603,46.132489],[-122.937534,46.132465],[-122.937367,46.132505],[-122.937344,46.13271],[-122.937385,46.132753],[-122.937473,46.132759],[-122.937473,46.133029],[-122.937378,46.133031],[-122.937329,46.133064],[-122.937343,46.133299],[-122.937025,46.133299],[-122.936968,46.133323],[-122.936954,46.133569],[-122.936873,46.133573],[-122.936831,46.133602],[-122.936848,46.133733],[-122.937015,46.133773],[-122.937084,46.133749],[-122.937213,46.133749],[-122.937231,46.133819],[-122.937342,46.133839],[-122.937352,46.1339],[-122.937413,46.133929],[-122.937683,46.133925],[-122.937725,46.133896],[-122.937731,46.133839],[-122.937843,46.133819],[-122.937861,46.133569],[-122.937977,46.133545],[-122.937989,46.133433],[-122.937949,46.133396],[-122.937861,46.133389],[-122.937858,46.133338],[-122.93782,46.133306],[-122.937602,46.133299],[-122.937602,46.133119],[-122.937732,46.133119],[-122.937793,46.133143],[-122.937861,46.133119],[-122.937991,46.133119],[-122.937994,46.133351],[-122.938038,46.133385],[-122.93812,46.133389],[-122.938142,46.133477],[-122.938202,46.133493],[-122.938485,46.133464],[-122.938508,46.13339],[-122.938597,46.133383],[-122.938636,46.133346],[-122.938638,46.13276],[-122.938727,46.132753],[-122.938767,46.132711],[-122.938755,46.132604],[-122.938639,46.13258]],[[-122.937134,46.135009],[-122.937208,46.134971],[-122.937199,46.134853],[-122.937142,46.134829],[-122.936967,46.134838],[-122.936933,46.134885],[-122.936966,46.134985],[-122.937015,46.135008],[-122.937134,46.135009]],[[-122.93747,46.135279],[-122.937707,46.135263],[-122.937729,46.135225],[-122.937707,46.135115],[-122.937652,46.135099],[-122.937282,46.135099],[-122.937234,46.135115],[-122.937212,46.135153],[-122.937234,46.135263],[-122.937402,46.135303],[-122.93747,46.135279]],[[-122.937859,46.134739],[-122.937941,46.134735],[-122.937986,46.134701],[-122.937976,46.134493],[-122.937919,46.13447],[-122.93773,46.134469],[-122.937724,46.134413],[-122.937675,46.134381],[-122.937506,46.134388],[-122.937471,46.134433],[-122.937484,46.134715],[-122.9376,46.134739],[-122.93761,46.134801],[-122.93767,46.134829],[-122.937825,46.13482],[-122.937859,46.134739]],[[-122.937853,46.132101],[-122.93788,46.131989],[-122.937835,46.131953],[-122.937537,46.13195],[-122.937477,46.131987],[-122.937475,46.132086],[-122.937536,46.132128],[-122.9378,46.132128],[-122.937853,46.132101]],[[-122.938127,46.137158],[-122.938297,46.13717],[-122.938352,46.137154],[-122.938375,46.137116],[-122.938352,46.137005],[-122.938157,46.136996],[-122.938105,46.13709],[-122.937986,46.137079],[-122.93798,46.137023],[-122.937931,46.136992],[-122.937646,46.136993],[-122.937599,46.137033],[-122.937598,46.137169],[-122.937564,46.137222],[-122.937626,46.137337],[-122.937794,46.137348],[-122.937847,46.137321],[-122.937857,46.137259],[-122.938087,46.137247],[-122.938127,46.137158]],[[-122.938362,46.136336],[-122.93841,46.136222],[-122.938354,46.136092],[-122.938293,46.136076],[-122.938158,46.136096],[-122.938118,46.136133],[-122.938116,46.136269],[-122.938,46.136293],[-122.937975,46.13642],[-122.938037,46.136449],[-122.938205,46.136443],[-122.938243,46.136411],[-122.938246,46.13636],[-122.938362,46.136336]],[[-122.938558,46.1351],[-122.938632,46.135061],[-122.938627,46.134948],[-122.938573,46.134921],[-122.938418,46.134926],[-122.938378,46.134963],[-122.938386,46.135071],[-122.938439,46.135099],[-122.938558,46.1351]],[[-122.938787,46.132085],[-122.938763,46.13197],[-122.938716,46.131939],[-122.938565,46.131952],[-122.938513,46.131988],[-122.938513,46.132091],[-122.938565,46.132127],[-122.938755,46.13212],[-122.938787,46.132085]],[[-122.938763,46.135278],[-122.938712,46.135256],[-122.938654,46.135266],[-122.938616,46.135308],[-122.938632,46.135349],[-122.938685,46.135369],[-122.938757,46.135357],[-122.938785,46.135319],[-122.938763,46.135278]],[[-122.939665,46.132912],[-122.939706,46.132702],[-122.939665,46.132609],[-122.939626,46.132584],[-122.939234,46.13258],[-122.939179,46.132596],[-122.939156,46.132634],[-122.939156,46.13294],[-122.939044,46.13296],[-122.938992,46.133067],[-122.939049,46.133194],[-122.939461,46.133224],[-122.939522,46.133208],[-122.939544,46.13294],[-122.939619,46.132938],[-122.939665,46.132912]]]}},{"type":"Feature","properties":{"id":62,"area_m2":74300,"px":743,"rank":2,"persistent":false},"geometry":{"type":"Polygon","coordinates":[[[-122.946148,46.131773],[-122.946148,46.131863],[-122.946053,46.131872],[-122.946018,46.131953],[-122.945937,46.131957],[-122.945892,46.131992],[-122.945888,46.132313],[-122.945814,46.132316],[-122.945768,46.132342],[-122.945758,46.132583],[-122.945647,46.132603],[-122.945629,46.132763],[-122.945547,46.132767],[-122.945505,46.132796],[-122.945499,46.133033],[-122.945425,46.133035],[-122.945379,46.133062],[-122.945369,46.133213],[-122.945263,46.133229],[-122.94524,46.133303],[-122.945124,46.133327],[-122.94511,46.133393],[-122.945016,46.133395],[-122.944973,46.133418],[-122.944981,46.133663],[-122.944886,46.133672],[-122.944851,46.133753],[-122.94477,46.133757],[-122.944725,46.133791],[-122.944722,46.133884],[-122.94475,46.133921],[-122.94498,46.133933],[-122.944984,46.134165],[-122.945028,46.134199],[-122.94511,46.134203],[-122.945109,46.134563],[-122.945035,46.134565],[-122.944989,46.134591],[-122.94498,46.134743],[-122.944767,46.134734],[-122.944724,46.134768],[-122.944721,46.134833],[-122.944462,46.134833],[-122.944433,46.134755],[-122.944293,46.134729],[-122.944206,46.134767],[-122.944168,46.13488],[-122.944225,46.134997],[-122.944393,46.135037],[-122.944462,46.135013],[-122.944591,46.135013],[-122.944591,46.135373],[-122.944461,46.135373],[-122.94446,46.135236],[-122.94442,46.135199],[-122.944073,46.135192],[-122.94407,46.134961],[-122.944025,46.134927],[-122.943944,46.134922],[-122.943944,46.134832],[-122.943979,46.134785],[-122.943935,46.134668],[-122.943876,46.134639],[-122.943685,46.134652],[-122.943685,46.134562],[-122.943774,46.134556],[-122.943813,46.134519],[-122.943811,46.134421],[-122.94376,46.134385],[-122.943597,46.134389],[-122.943559,46.134421],[-122.943556,46.134472],[-122.943474,46.134476],[-122.94343,46.13451],[-122.943428,46.134699],[-122.943467,46.134736],[-122.943556,46.134742],[-122.943555,46.134921],[-122.943474,46.134926],[-122.943429,46.13496],[-122.943426,46.135192],[-122.943296,46.135192],[-122.943283,46.135126],[-122.943167,46.135102],[-122.943161,46.135045],[-122.943119,46.135016],[-122.942976,46.134999],[-122.942914,46.135032],[-122.942909,46.135238],[-122.942949,46.135276],[-122.943037,46.135282],[-122.943037,46.135461],[-122.942955,46.135466],[-122.942911,46.1355],[-122.942909,46.135778],[-122.94297,46.135821],[-122.943166,46.135822],[-122.943166,46.136002],[-122.943064,46.136006],[-122.943019,46.136042],[-122.943037,46.136223],[-122.943091,46.13627],[-122.943311,46.13628],[-122.943275,46.136666],[-122.943297,46.136706],[-122.943476,46.136722],[-122.943541,46.136698],[-122.943554,46.136362],[-122.943656,46.136358],[-122.943702,46.136317],[-122.943688,46.136276],[-122.943638,46.13625],[-122.943543,46.136283],[-122.943409,46.136265],[-122.943425,46.135732],[-122.943542,46.135708],[-122.943555,46.135552],[-122.943661,46.135536],[-122.943684,46.135462],[-122.943814,46.135462],[-122.943829,46.135545],[-122.943732,46.135556],[-122.943688,46.135591],[-122.943686,46.135702],[-122.943737,46.135743],[-122.943915,46.13572],[-122.943943,46.135684],[-122.943927,46.13556],[-122.944073,46.135553],[-122.944082,46.135704],[-122.944128,46.13573],[-122.944202,46.135733],[-122.944202,46.136091],[-122.944107,46.136102],[-122.944072,46.136182],[-122.94399,46.136187],[-122.943946,46.136221],[-122.943955,46.136338],[-122.944072,46.136363],[-122.944072,46.136541],[-122.943997,46.136545],[-122.943951,46.136571],[-122.943942,46.136722],[-122.943588,46.136731],[-122.943554,46.136771],[-122.943553,46.136992],[-122.943076,46.136998],[-122.943039,46.13703],[-122.943035,46.137082],[-122.942954,46.137086],[-122.942912,46.137115],[-122.942906,46.137262],[-122.942776,46.137262],[-122.942777,46.136812],[-122.942906,46.136812],[-122.942912,46.136869],[-122.942954,46.136898],[-122.943102,46.136901],[-122.943162,46.136864],[-122.943165,46.136771],[-122.943124,46.136728],[-122.943036,46.136722],[-122.943007,46.136644],[-122.942906,46.136632],[-122.942903,46.13658],[-122.942865,46.136548],[-122.942518,46.136542],[-122.942518,46.136452],[-122.942619,46.136439],[-122.942648,46.136362],[-122.942736,46.136355],[-122.942776,46.136318],[-122.942768,46.13621],[-122.942722,46.136184],[-122.942648,46.136182],[-122.942625,46.136108],[-122.942444,46.136094],[-122.942395,46.136125],[-122.942389,46.136182],[-122.94226,46.136182],[-122.94226,46.136092],[-122.942355,46.136083],[-122.942389,46.136038],[-122.942376,46.135936],[-122.94226,46.135912],[-122.94226,46.135642],[-122.942348,46.135635],[-122.942388,46.135598],[-122.94239,46.135102],[-122.942485,46.135099],[-122.942534,46.135067],[-122.94252,46.134923],[-122.942552,46.13489],[-122.942543,46.134849],[-122.942459,46.134808],[-122.942309,46.134836],[-122.942267,46.134865],[-122.942259,46.134922],[-122.942131,46.134921],[-122.942122,46.13486],[-122.942069,46.134832],[-122.941935,46.134832],[-122.941882,46.13486],[-122.941872,46.135551],[-122.94179,46.135555],[-122.941746,46.13559],[-122.941742,46.135821],[-122.941613,46.135821],[-122.941609,46.13559],[-122.941565,46.135555],[-122.941483,46.135551],[-122.941455,46.135473],[-122.941095,46.135461],[-122.941095,46.135281],[-122.941196,46.135269],[-122.941225,46.135191],[-122.941313,46.135185],[-122.941353,46.135148],[-122.941362,46.135036],[-122.94132,46.135014],[-122.941225,46.135011],[-122.941225,46.134741],[-122.94132,46.134739],[-122.94137,46.134706],[-122.941355,46.134471],[-122.941429,46.134469],[-122.941475,46.134443],[-122.941485,46.134291],[-122.941519,46.134254],[-122.941485,46.134201],[-122.941482,46.133969],[-122.941437,46.133935],[-122.941356,46.133931],[-122.941356,46.133841],[-122.941674,46.133841],[-122.941731,46.133817],[-122.941745,46.133391],[-122.941874,46.133391],[-122.94188,46.133448],[-122.941922,46.133477],[-122.94207,46.13348],[-122.942124,46.133453],[-122.942133,46.133392],[-122.942245,46.133372],[-122.942263,46.133302],[-122.942521,46.133302],[-122.942521,46.133392],[-122.942409,46.133411],[-122.942357,46.133524],[-122.942409,46.133642],[-122.942521,46.133662],[-122.942513,46.133817],[-122.942571,46.133841],[-122.94278,46.133842],[-122.942793,46.133908],[-122.942909,46.133932],[-122.942912,46.133997],[-122.942955,46.134031],[-122.94315,46.134002],[-122.943168,46.133752],[-122.943263,46.133743],[-122.943298,46.133698],[-122.943285,46.133596],[-122.943169,46.133572],[-122.943169,46.133392],[-122.943203,46.13335],[-122.943169,46.133302],[-122.943169,46.133122],[-122.943243,46.13312],[-122.943289,46.133093],[-122.943299,46.132942],[-122.94338,46.132938],[-122.943425,46.132904],[-122.943428,46.132762],[-122.943529,46.13275],[-122.943558,46.132672],[-122.943659,46.13266],[-122.943687,46.132582],[-122.943776,46.132576],[-122.943815,46.132539],[-122.943804,46.132426],[-122.943688,46.132402],[-122.943678,46.132251],[-122.943632,46.132225],[-122.943558,46.132222],[-122.943559,46.131952],[-122.943633,46.13195],[-122.943679,46.131924],[-122.943688,46.131772],[-122.946148,46.131773]],[[-122.941665,46.135371],[-122.941741,46.135328],[-122.941741,46.135235],[-122.941714,46.135204],[-122.941432,46.135191],[-122.941372,46.135211],[-122.941355,46.135322],[-122.941383,46.135359],[-122.941665,46.135371]],[[-122.942782,46.134203],[-122.942758,46.134024],[-122.942697,46.134008],[-122.942555,46.134031],[-122.94252,46.134112],[-122.942426,46.134114],[-122.94238,46.134141],[-122.942391,46.134292],[-122.942317,46.134294],[-122.942271,46.13432],[-122.942274,46.134448],[-122.942391,46.134472],[-122.942394,46.134523],[-122.942432,46.134555],[-122.942616,46.134566],[-122.94265,46.134472],[-122.942731,46.134468],[-122.942776,46.134433],[-122.942779,46.134292],[-122.942814,46.134249],[-122.942782,46.134203]],[[-122.943079,46.134916],[-122.943229,46.134935],[-122.943284,46.134911],[-122.943295,46.134786],[-122.943249,46.134746],[-122.943098,46.134729],[-122.943041,46.134767],[-122.943039,46.134878],[-122.943079,46.134916]],[[-122.944855,46.133462],[-122.944843,46.133318],[-122.944777,46.133289],[-122.944621,46.133315],[-122.944593,46.133393],[-122.944463,46.133393],[-122.944463,46.133303],[-122.944498,46.13326],[-122.944478,46.133221],[-122.944402,46.133188],[-122.944334,46.133212],[-122.944205,46.133212],[-122.944199,46.133142],[-122.944144,46.13311],[-122.943946,46.133122],[-122.943944,46.132986],[-122.943883,46.132943],[-122.943749,46.132943],[-122.9437,46.132966],[-122.943687,46.133212],[-122.943598,46.133219],[-122.943559,46.133256],[-122.943575,46.133372],[-122.943686,46.133392],[-122.943704,46.133463],[-122.943816,46.133482],[-122.943833,46.133553],[-122.943945,46.133572],[-122.943958,46.133638],[-122.944074,46.133662],[-122.94408,46.133733],[-122.944142,46.133766],[-122.944434,46.13374],[-122.944463,46.133663],[-122.944558,46.133654],[-122.944593,46.133573],[-122.944704,46.133553],[-122.944722,46.133483],[-122.944855,46.133462]],[[-122.943871,46.135822],[-122.943795,46.135867],[-122.943826,46.135978],[-122.943883,46.136002],[-122.944038,46.135993],[-122.944072,46.135954],[-122.944059,46.135846],[-122.94401,46.135823],[-122.943871,46.135822]],[[-122.944242,46.134674],[-122.944414,46.134649],[-122.944456,46.134619],[-122.944461,46.134426],[-122.944414,46.134387],[-122.944271,46.134369],[-122.944206,46.134407],[-122.944203,46.134562],[-122.944169,46.134616],[-122.944242,46.134674]],[[-122.944514,46.134203],[-122.944589,46.134164],[-122.944583,46.134051],[-122.944529,46.134024],[-122.944374,46.134029],[-122.944335,46.134066],[-122.944342,46.134174],[-122.944395,46.134202],[-122.944514,46.134203]],[[-122.944464,46.132852],[-122.94443,46.13289],[-122.944444,46.13293],[-122.944503,46.132956],[-122.94456,46.132947],[-122.944592,46.132913],[-122.944581,46.132863],[-122.944525,46.132839],[-122.944464,46.132852]]]}},{"type":"Feature","properties":{"id":1,"area_m2":26900,"px":269,"rank":3,"persistent":false},"geometry":{"type":"Polygon","coordinates":[[[-122.941475,46.143291],[-122.941475,46.143381],[-122.941387,46.143388],[-122.941347,46.143425],[-122.941345,46.143651],[-122.941027,46.143651],[-122.94096,46.143689],[-122.940963,46.143888],[-122.941005,46.143917],[-122.941086,46.143921],[-122.941086,46.144011],[-122.941051,46.144053],[-122.941086,46.144101],[-122.941086,46.144191],[-122.940588,46.144197],[-122.940548,46.144241],[-122.940568,46.144371],[-122.938237,46.14437],[-122.938237,46.14428],[-122.938319,46.144276],[-122.938363,46.144241],[-122.938361,46.144043],[-122.938304,46.144011],[-122.938108,46.144009],[-122.938085,46.143935],[-122.937979,46.143919],[-122.937979,46.143739],[-122.938215,46.143724],[-122.938238,46.14356],[-122.93835,46.14354],[-122.938401,46.143432],[-122.938368,46.143378],[-122.938368,46.14293],[-122.938484,46.142906],[-122.938497,46.142798],[-122.938443,46.142752],[-122.938239,46.142749],[-122.938239,46.14266],[-122.93834,46.142647],[-122.938369,46.14257],[-122.938463,46.142561],[-122.938498,46.14248],[-122.93861,46.14246],[-122.938628,46.1423],[-122.938757,46.1423],[-122.938737,46.142514],[-122.938759,46.142553],[-122.939016,46.14257],[-122.939016,46.14266],[-122.938785,46.142672],[-122.938757,46.142709],[-122.938757,46.14284],[-122.938668,46.142846],[-122.938627,46.142888],[-122.938633,46.143166],[-122.938675,46.143196],[-122.938756,46.1432],[-122.938791,46.143281],[-122.938885,46.14329],[-122.938889,46.143342],[-122.938927,46.143374],[-122.939533,46.14338],[-122.939555,46.143468],[-122.939657,46.143473],[-122.939697,46.143428],[-122.939647,46.143373],[-122.939663,46.1432],[-122.939769,46.143185],[-122.939792,46.14311],[-122.940134,46.14312],[-122.940177,46.143086],[-122.940181,46.143021],[-122.940293,46.143001],[-122.94031,46.142841],[-122.940417,46.142825],[-122.940472,46.142719],[-122.94044,46.142661],[-122.940442,46.142571],[-122.940828,46.142571],[-122.940817,46.142811],[-122.940863,46.142839],[-122.940958,46.142841],[-122.94098,46.142915],[-122.941087,46.142932],[-122.941085,46.143021],[-122.940958,46.143021],[-122.940948,46.14296],[-122.940895,46.142932],[-122.940488,46.142935],[-122.940441,46.142974],[-122.94042,46.143055],[-122.940441,46.143094],[-122.940698,46.143111],[-122.940712,46.143177],[-122.940828,46.143201],[-122.940834,46.143258],[-122.940883,46.143289],[-122.941475,46.143291]],[[-122.939662,46.14369],[-122.939594,46.143637],[-122.939431,46.143662],[-122.939403,46.143699],[-122.93942,46.143824],[-122.939486,46.143844],[-122.939633,46.143818],[-122.93966,46.143787],[-122.939662,46.14369]],[[-122.940827,46.143782],[-122.940846,46.143516],[-122.940807,46.143478],[-122.940603,46.14348],[-122.940569,46.14352],[-122.940568,46.143651],[-122.940359,46.143651],[-122.940302,46.143676],[-122.940322,46.143807],[-122.940372,46.14383],[-122.940568,46.143831],[-122.940629,46.143855],[-122.940793,46.143822],[-122.940827,46.143782]],[[-122.940975,46.144056],[-122.940951,46.143954],[-122.940901,46.143923],[-122.94074,46.143922],[-122.94068,46.143961],[-122.940703,46.144068],[-122.940753,46.144099],[-122.940943,46.144092],[-122.940975,46.144056]]]}},{"type":"Feature","properties":{"id":3,"area_m2":9800,"px":98,"rank":4,"persistent":false},"geometry":{"type":"Polygon","coordinates":[[[-122.937072,46.143829],[-122.937072,46.143919],[-122.936965,46.143935],[-122.936942,46.144009],[-122.936725,46.144015],[-122.936687,46.144047],[-122.936683,46.144099],[-122.936425,46.144099],[-122.936412,46.144033],[-122.936295,46.144008],[-122.936261,46.143928],[-122.936071,46.143927],[-122.936037,46.143967],[-122.936036,46.144098],[-122.935955,46.144102],[-122.93591,46.144137],[-122.935906,46.144368],[-122.935259,46.144368],[-122.935246,46.144302],[-122.935181,46.144278],[-122.935035,46.144287],[-122.935,46.144368],[-122.934612,46.144368],[-122.934589,46.144293],[-122.934482,46.144277],[-122.934482,46.144188],[-122.934673,46.144201],[-122.934738,46.144163],[-122.934738,46.144046],[-122.934693,46.144012],[-122.934612,46.144007],[-122.934612,46.143918],[-122.934741,46.143918],[-122.934755,46.143984],[-122.934819,46.144008],[-122.934966,46.143999],[-122.935001,46.143918],[-122.935259,46.143918],[-122.935263,46.14397],[-122.9353,46.144002],[-122.935518,46.144008],[-122.935518,46.144139],[-122.935553,46.144179],[-122.935699,46.144188],[-122.935754,46.144172],[-122.935777,46.144134],[-122.935778,46.143738],[-122.935873,46.143729],[-122.935907,46.143684],[-122.935901,46.143502],[-122.935859,46.143472],[-122.935778,46.143468],[-122.935778,46.143288],[-122.935907,46.143288],[-122.935917,46.14335],[-122.935978,46.143378],[-122.936943,46.143379],[-122.936944,46.143785],[-122.936984,46.143823],[-122.937072,46.143829]]]}},{"type":"Feature","properties":{"id":10,"area_m2":5800,"px":58,"rank":5,"persistent":false},"geometry":{"type":"Polygon","coordinates":[[[-122.936815,46.142299],[-122.936815,46.142389],[-122.936708,46.142405],[-122.936685,46.142479],[-122.936357,46.142466],[-122.936303,46.142498],[-122.936297,46.142568],[-122.936045,46.142581],[-122.936018,46.142619],[-122.936038,46.142748],[-122.935931,46.142764],[-122.935908,46.142838],[-122.935695,46.142816],[-122.935542,46.142854],[-122.935519,46.142928],[-122.93539,46.142928],[-122.935368,46.142751],[-122.935315,46.142734],[-122.935131,46.142748],[-122.935132,46.142478],[-122.935206,46.142476],[-122.935252,46.142449],[-122.935261,46.142298],[-122.935486,46.142289],[-122.93552,46.142208],[-122.935637,46.142184],[-122.93565,46.142118],[-122.935909,46.142118],[-122.935937,46.142196],[-122.936168,46.142208],[-122.936171,46.14226],[-122.936209,46.142292],[-122.936404,46.142283],[-122.936425,46.142072],[-122.936386,46.142035],[-122.936298,46.142028],[-122.936298,46.14185],[-122.936404,46.141833],[-122.936427,46.141759],[-122.936557,46.14176],[-122.936557,46.141849],[-122.936475,46.141853],[-122.93643,46.141887],[-122.936436,46.142],[-122.936489,46.142028],[-122.936686,46.142029],[-122.936671,46.142264],[-122.93672,46.142296],[-122.936815,46.142299]]]}},{"type":"Feature","properties":{"id":69,"area_m2":5000,"px":50,"rank":6,"persistent":false},"geometry":{"type":"Polygon","coordinates":[[[-122.930867,46.136265],[-122.930866,46.136445],[-122.930478,46.136445],[-122.930455,46.136371],[-122.930349,46.136355],[-122.930348,46.136224],[-122.93032,46.136187],[-122.930023,46.136176],[-122.92997,46.136203],[-122.92996,46.136265],[-122.929886,46.136267],[-122.92984,46.136293],[-122.929831,46.136445],[-122.929701,46.136444],[-122.929702,46.136265],[-122.92979,46.136258],[-122.929829,46.136221],[-122.92983,46.136114],[-122.929785,46.136075],[-122.92896,46.136087],[-122.928906,46.136129],[-122.928923,46.136264],[-122.928536,46.136264],[-122.928537,46.136084],[-122.928725,46.136084],[-122.928782,46.13606],[-122.928796,46.135814],[-122.928925,46.135814],[-122.928928,46.135956],[-122.928995,46.135994],[-122.929149,46.135985],[-122.929184,46.135904],[-122.929313,46.135904],[-122.929348,46.135985],[-122.929495,46.135994],[-122.929559,46.13597],[-122.929573,46.135905],[-122.92992,46.135898],[-122.929959,46.135861],[-122.929955,46.135758],[-122.929899,46.135726],[-122.929702,46.135724],[-122.929702,46.135545],[-122.929961,46.135545],[-122.929974,46.135611],[-122.930091,46.135635],[-122.930125,46.135716],[-122.930349,46.135725],[-122.930349,46.135815],[-122.930268,46.135819],[-122.930223,46.135853],[-122.9302,46.136029],[-122.930221,46.136068],[-122.930478,46.136085],[-122.930513,46.136166],[-122.930737,46.136175],[-122.93076,46.136249],[-122.930867,46.136265]]]}},{"type":"Feature","properties":{"id":79,"area_m2":5000,"px":50,"rank":7,"persistent":false},"geometry":{"type":"Polygon","coordinates":[[[-122.941224,46.133212],[-122.941192,46.133259],[-122.941227,46.133301],[-122.941227,46.133391],[-122.941094,46.133411],[-122.941097,46.133571],[-122.941009,46.133577],[-122.940969,46.133614],[-122.940967,46.134021],[-122.940649,46.134021],[-122.940592,46.134045],[-122.940579,46.134201],[-122.94049,46.134207],[-122.940451,46.134244],[-122.940449,46.134561],[-122.940337,46.13458],[-122.940319,46.13474],[-122.940231,46.134747],[-122.940191,46.134784],[-122.940191,46.134877],[-122.940218,46.134908],[-122.940578,46.134921],[-122.940578,46.135011],[-122.940252,46.135012],[-122.940198,46.135039],[-122.940189,46.1351],[-122.94006,46.1351],[-122.94006,46.13501],[-122.940095,46.134968],[-122.94006,46.13492],[-122.94006,46.13474],[-122.940095,46.134698],[-122.94006,46.13465],[-122.94006,46.13456],[-122.940155,46.134551],[-122.94019,46.134471],[-122.940306,46.134447],[-122.94032,46.134201],[-122.940408,46.134194],[-122.940448,46.134157],[-122.940443,46.134054],[-122.940401,46.134025],[-122.94032,46.13402],[-122.94032,46.133931],[-122.940415,46.133928],[-122.940461,46.133901],[-122.94045,46.133751],[-122.940675,46.133755],[-122.940709,46.133661],[-122.94082,46.133641],[-122.940872,46.133534],[-122.940804,46.1334],[-122.94058,46.133391],[-122.94058,46.133031],[-122.940837,46.133014],[-122.940859,46.132975],[-122.940839,46.132851],[-122.940946,46.132835],[-122.940969,46.132761],[-122.941098,46.132761],[-122.941099,46.132987],[-122.941139,46.133025],[-122.941227,46.133031],[-122.941224,46.133212]],[[-122.941115,46.133261],[-122.941094,46.133159],[-122.941057,46.133127],[-122.940887,46.133125],[-122.94084,46.133164],[-122.940844,46.133281],[-122.940906,46.133314],[-122.94107,46.133297],[-122.941115,46.133261]]]}},{"type":"Feature","properties":{"id":99,"area_m2":5000,"px":50,"rank":8,"persistent":false},"geometry":{"type":"Polygon","coordinates":[[[-122.9433,46.131772],[-122.943299,46.131952],[-122.943193,46.131968],[-122.943138,46.132074],[-122.94317,46.132222],[-122.942816,46.132231],[-122.942782,46.13227],[-122.942781,46.132402],[-122.9427,46.132406],[-122.942658,46.132435],[-122.942637,46.132547],[-122.942686,46.132579],[-122.942781,46.132582],[-122.942781,46.132672],[-122.942686,46.132681],[-122.942651,46.132762],[-122.942577,46.132764],[-122.942531,46.13279],[-122.942522,46.132942],[-122.942433,46.132948],[-122.942394,46.132985],[-122.942392,46.133212],[-122.942133,46.133211],[-122.942133,46.133122],[-122.942228,46.133112],[-122.942263,46.133068],[-122.94225,46.132966],[-122.942134,46.132941],[-122.942134,46.132852],[-122.942228,46.132842],[-122.942263,46.132798],[-122.94226,46.13262],[-122.942215,46.132586],[-122.942134,46.132581],[-122.942134,46.132492],[-122.942215,46.132487],[-122.94226,46.132453],[-122.942298,46.132359],[-122.942264,46.132311],[-122.942264,46.132222],[-122.942393,46.132222],[-122.942469,46.132245],[-122.942553,46.132195],[-122.942523,46.132132],[-122.942523,46.132042],[-122.942557,46.131999],[-122.942523,46.131952],[-122.942523,46.131772],[-122.9433,46.131772]]]}},{"type":"Feature","properties":{"id":6,"area_m2":4900,"px":49,"rank":9,"persistent":false},"geometry":{"type":"Polygon","coordinates":[[[-122.935131,46.143108],[-122.935131,46.143198],[-122.935049,46.143202],[-122.935005,46.143236],[-122.935001,46.143378],[-122.934913,46.143384],[-122.934873,46.143421],[-122.934871,46.143828],[-122.934612,46.143827],[-122.934551,46.143803],[-122.934483,46.143827],[-122.934164,46.143828],[-122.934103,46.143856],[-122.934094,46.143917],[-122.933837,46.143917],[-122.933826,46.143856],[-122.933773,46.143828],[-122.933317,46.143827],[-122.933316,46.14369],[-122.93327,46.143651],[-122.932929,46.143647],[-122.932906,46.143572],[-122.9328,46.143556],[-122.932765,46.143476],[-122.93267,46.143466],[-122.932671,46.143376],[-122.932752,46.143372],[-122.932797,46.143338],[-122.932787,46.14322],[-122.932671,46.143196],[-122.932665,46.14314],[-122.932616,46.143109],[-122.932282,46.143106],[-122.932282,46.143018],[-122.93274,46.143029],[-122.932795,46.142997],[-122.932801,46.142927],[-122.93293,46.142927],[-122.932953,46.143001],[-122.933059,46.143018],[-122.933059,46.143197],[-122.932971,46.143203],[-122.932931,46.14324],[-122.932942,46.143533],[-122.932999,46.143556],[-122.933318,46.143557],[-122.933327,46.143618],[-122.93338,46.143646],[-122.933706,46.143647],[-122.933719,46.143713],[-122.933784,46.143737],[-122.934291,46.143736],[-122.934344,46.143709],[-122.934353,46.143647],[-122.934707,46.143639],[-122.934741,46.143599],[-122.934719,46.143483],[-122.934483,46.143467],[-122.934483,46.143288],[-122.934572,46.143281],[-122.934611,46.143244],[-122.934613,46.143018],[-122.934742,46.143018],[-122.934744,46.143168],[-122.934803,46.14321],[-122.934967,46.143189],[-122.935001,46.143108],[-122.935131,46.143108]]]}},{"type":"Feature","properties":{"id":12,"area_m2":4100,"px":41,"rank":10,"persistent":false},"geometry":{"type":"Polygon","coordinates":[[[-122.940311,46.142301],[-122.940311,46.142481],[-122.94012,46.142467],[-122.940057,46.1425],[-122.940051,46.14275],[-122.939922,46.14275],[-122.939916,46.142694],[-122.939867,46.142663],[-122.939663,46.14266],[-122.93965,46.142594],[-122.939534,46.14257],[-122.939528,46.1425],[-122.939481,46.142469],[-122.939016,46.14248],[-122.939007,46.142329],[-122.938961,46.142302],[-122.938887,46.142299],[-122.938887,46.14221],[-122.938989,46.142206],[-122.939035,46.142165],[-122.939017,46.14203],[-122.939051,46.141982],[-122.939017,46.14194],[-122.939017,46.14176],[-122.939146,46.14176],[-122.939169,46.141834],[-122.939322,46.141873],[-122.939405,46.14185],[-122.939534,46.14185],[-122.939534,46.14194],[-122.939418,46.141964],[-122.939388,46.14208],[-122.939432,46.142116],[-122.939534,46.14212],[-122.939547,46.142186],[-122.939664,46.14221],[-122.939698,46.142291],[-122.940311,46.142301]]]}},{"type":"Feature","properties":{"id":57,"area_m2":3800,"px":38,"rank":11,"persistent":false},"geometry":{"type":"Polygon","coordinates":[[[-122.934232,46.136627],[-122.934232,46.136717],[-122.934041,46.136704],[-122.933982,46.136732],[-122.933938,46.13685],[-122.933973,46.136897],[-122.933973,46.136987],[-122.933776,46.136988],[-122.93372,46.13702],[-122.933713,46.137527],[-122.933618,46.137536],[-122.933584,46.137617],[-122.933467,46.137641],[-122.933454,46.137797],[-122.933195,46.137797],[-122.933196,46.137347],[-122.933284,46.13734],[-122.933324,46.137303],[-122.933326,46.136897],[-122.933432,46.136881],[-122.933455,46.136807],[-122.933585,46.136807],[-122.933653,46.136831],[-122.933815,46.136795],[-122.933843,46.136758],[-122.933844,46.136627],[-122.933951,46.136611],[-122.933974,46.136537],[-122.934103,46.136537],[-122.934126,46.136611],[-122.934232,46.136627]]]}},{"type":"Feature","properties":{"id":46,"area_m2":3500,"px":35,"rank":12,"persistent":false},"geometry":{"type":"Polygon","coordinates":[[[-122.940704,46.137981],[-122.940704,46.138071],[-122.940316,46.138071],[-122.940281,46.13799],[-122.940134,46.137981],[-122.94007,46.138004],[-122.940056,46.13807],[-122.939594,46.138073],[-122.93954,46.138114],[-122.939538,46.13825],[-122.93928,46.13825],[-122.93927,46.138189],[-122.939217,46.138161],[-122.938891,46.13816],[-122.938891,46.13807],[-122.939102,46.138066],[-122.939144,46.138037],[-122.93915,46.13798],[-122.939225,46.137978],[-122.939271,46.137952],[-122.939315,46.137848],[-122.93928,46.1378],[-122.93928,46.13771],[-122.939354,46.137708],[-122.9394,46.137682],[-122.93941,46.13753],[-122.939539,46.13753],[-122.939562,46.137604],[-122.939669,46.13762],[-122.939703,46.137701],[-122.939798,46.13771],[-122.939799,46.137847],[-122.939839,46.137884],[-122.940316,46.137891],[-122.940322,46.137947],[-122.940371,46.137978],[-122.940704,46.137981]]]}},{"type":"Feature","properties":{"id":13,"area_m2":3400,"px":34,"rank":13,"persistent":false},"geometry":{"type":"Polygon","coordinates":[[[-122.928917,46.141934],[-122.928917,46.142294],[-122.928692,46.142303],[-122.928658,46.142384],[-122.928541,46.142408],[-122.928528,46.142474],[-122.92831,46.14248],[-122.928273,46.142512],[-122.928269,46.142564],[-122.92801,46.142564],[-122.928011,46.142294],[-122.928092,46.14229],[-122.928137,46.142255],[-122.928141,46.142024],[-122.92827,46.142024],[-122.928338,46.142048],[-122.928506,46.142008],[-122.928529,46.141754],[-122.928659,46.141754],[-122.928681,46.141828],[-122.928788,46.141844],[-122.928822,46.141925],[-122.928917,46.141934]]]}},{"type":"Feature","properties":{"id":36,"area_m2":3400,"px":34,"rank":14,"persistent":false},"geometry":{"type":"Polygon","coordinates":[[[-122.92905,46.139324],[-122.92905,46.139504],[-122.928943,46.13952],[-122.92892,46.139594],[-122.928791,46.139594],[-122.928785,46.139524],[-122.928723,46.139491],[-122.928144,46.139504],[-122.928143,46.139187],[-122.928103,46.13915],[-122.928015,46.139142],[-122.928015,46.138874],[-122.92805,46.138831],[-122.928015,46.138783],[-122.928016,46.138514],[-122.928122,46.138498],[-122.928145,46.138424],[-122.928404,46.138424],[-122.928404,46.138514],[-122.928316,46.13852],[-122.928275,46.138562],[-122.928287,46.13867],[-122.928404,46.138695],[-122.928403,46.138784],[-122.928315,46.13879],[-122.928276,46.138827],[-122.928286,46.139133],[-122.928349,46.139158],[-122.9286,46.139143],[-122.928653,46.139115],[-122.928662,46.139054],[-122.928792,46.139054],[-122.928768,46.139307],[-122.928852,46.139348],[-122.928921,46.139324],[-122.92905,46.139324]],[[-122.928484,46.139238],[-122.928341,46.13922],[-122.928286,46.139244],[-122.928277,46.139375],[-122.928328,46.139411],[-122.928477,46.139411],[-122.928529,46.139376],[-122.928529,46.139272],[-122.928484,46.139238]]]}},{"type":"Feature","properties":{"id":53,"area_m2":3300,"px":33,"rank":15,"persistent":false},"geometry":{"type":"Polygon","coordinates":[[[-122.929053,46.137344],[-122.929053,46.137434],[-122.928835,46.13744],[-122.928797,46.137472],[-122.928794,46.137524],[-122.928535,46.137524],[-122.928466,46.1375],[-122.928304,46.137536],[-122.928276,46.137572],[-122.928275,46.137794],[-122.928201,46.137796],[-122.928155,46.137822],[-122.928146,46.137974],[-122.928016,46.137973],[-122.928017,46.137794],[-122.928051,46.137751],[-122.928017,46.137702],[-122.928017,46.137254],[-122.928457,46.137254],[-122.928512,46.137238],[-122.928532,46.137112],[-122.928487,46.137078],[-122.928406,46.137074],[-122.928406,46.136984],[-122.928535,46.136984],[-122.928541,46.13704],[-122.92859,46.137072],[-122.928794,46.137074],[-122.928817,46.137148],[-122.928923,46.137164],[-122.928936,46.13732],[-122.929053,46.137344]]]}},{"type":"Feature","properties":{"id":38,"area_m2":3200,"px":32,"rank":16,"persistent":false},"geometry":{"type":"Polygon","coordinates":[[[-122.930863,46.138875],[-122.930863,46.139235],[-122.930645,46.139242],[-122.930607,46.139273],[-122.930604,46.139325],[-122.930474,46.139325],[-122.930465,46.139264],[-122.930412,46.139236],[-122.930086,46.139235],[-122.930077,46.139173],[-122.930016,46.139145],[-122.929862,46.139154],[-122.929827,46.139235],[-122.929698,46.139235],[-122.929675,46.13916],[-122.929568,46.139144],[-122.929576,46.138989],[-122.929534,46.138967],[-122.929439,46.138964],[-122.929439,46.138874],[-122.929546,46.138859],[-122.929569,46.138785],[-122.929828,46.138785],[-122.929837,46.138846],[-122.92989,46.138874],[-122.930345,46.138875],[-122.930349,46.139017],[-122.930415,46.139055],[-122.930693,46.139049],[-122.930732,46.139012],[-122.930734,46.138875],[-122.930863,46.138875]]]}},{"type":"Feature","properties":{"id":16,"area_m2":3100,"px":31,"rank":17,"persistent":false},"geometry":{"type":"Polygon","coordinates":[[[-122.939146,46.14158],[-122.939146,46.14167],[-122.938526,46.141669],[-122.938464,46.141802],[-122.938499,46.14185],[-122.938499,46.14194],[-122.938369,46.14194],[-122.938347,46.141865],[-122.93824,46.141849],[-122.93824,46.14149],[-122.938349,46.141483],[-122.93839,46.141434],[-122.938367,46.141168],[-122.938322,46.141134],[-122.938241,46.141129],[-122.938241,46.14104],[-122.938322,46.141035],[-122.938364,46.141006],[-122.93837,46.140818],[-122.938329,46.140776],[-122.938241,46.140769],[-122.938213,46.140692],[-122.938112,46.140679],[-122.938112,46.14059],[-122.938241,46.14059],[-122.938264,46.140664],[-122.93837,46.14068],[-122.938384,46.140746],[-122.9385,46.14077],[-122.938528,46.140847],[-122.938629,46.14086],[-122.93861,46.141265],[-122.938656,46.141305],[-122.938758,46.14131],[-122.938755,46.141559],[-122.938808,46.14158],[-122.939146,46.14158]]]}},{"type":"Feature","properties":{"id":24,"area_m2":3000,"px":30,"rank":18,"persistent":false},"geometry":{"type":"Polygon","coordinates":[[[-122.929825,46.140585],[-122.929825,46.140675],[-122.929716,46.140681],[-122.929676,46.14073],[-122.929713,46.140835],[-122.929825,46.140855],[-122.929825,46.140945],[-122.929589,46.14096],[-122.929566,46.141124],[-122.929307,46.141124],[-122.929307,46.140944],[-122.929396,46.140938],[-122.929435,46.140901],[-122.929434,46.140623],[-122.929374,46.140585],[-122.929178,46.140584],[-122.929169,46.140253],[-122.929108,46.140224],[-122.92879,46.140224],[-122.92879,46.140044],[-122.928994,46.140042],[-122.929043,46.140011],[-122.92905,46.139954],[-122.929179,46.139954],[-122.929201,46.140118],[-122.929308,46.140134],[-122.929314,46.140191],[-122.929356,46.14022],[-122.929567,46.140225],[-122.929567,46.140404],[-122.929445,46.140417],[-122.929417,46.140455],[-122.929432,46.140491],[-122.929498,46.140519],[-122.929578,46.140484],[-122.929696,46.140495],[-122.929719,46.140569],[-122.929825,46.140585]]]}},{"type":"Feature","properties":{"id":34,"area_m2":2400,"px":24,"rank":19,"persistent":false},"geometry":{"type":"Polygon","coordinates":[[[-122.944846,46.138793],[-122.944846,46.138973],[-122.944751,46.138982],[-122.944716,46.139027],[-122.944729,46.139129],[-122.944846,46.139153],[-122.944845,46.139423],[-122.944716,46.139423],[-122.94471,46.139366],[-122.944661,46.139335],[-122.944486,46.139345],[-122.944458,46.139381],[-122.944457,46.139693],[-122.944327,46.139693],[-122.944328,46.139333],[-122.944362,46.139285],[-122.944319,46.139181],[-122.944265,46.139154],[-122.944131,46.139154],[-122.944078,46.139181],[-122.944069,46.139242],[-122.943939,46.139242],[-122.94394,46.139153],[-122.944046,46.139137],[-122.944069,46.139063],[-122.944509,46.139063],[-122.944564,46.139047],[-122.944587,46.139009],[-122.944587,46.138703],[-122.944717,46.138703],[-122.944739,46.138777],[-122.944846,46.138793]]]}},{"type":"Feature","properties":{"id":42,"area_m2":2400,"px":24,"rank":20,"persistent":false},"geometry":{"type":"Polygon","coordinates":[[[-122.930994,46.138065],[-122.930994,46.138155],[-122.930899,46.138164],[-122.930864,46.138245],[-122.930757,46.138261],[-122.930702,46.138367],[-122.930734,46.138425],[-122.930734,46.138695],[-122.930605,46.138695],[-122.930582,46.138621],[-122.930429,46.138582],[-122.930346,46.138605],[-122.930216,46.138605],[-122.930217,46.138515],[-122.930305,46.138509],[-122.930346,46.138466],[-122.930347,46.137975],[-122.930673,46.137974],[-122.930726,46.137947],[-122.930735,46.137885],[-122.930865,46.137885],[-122.930874,46.138037],[-122.93092,46.138063],[-122.930994,46.138065]]]}},{"type":"Feature","properties":{"id":63,"area_m2":2000,"px":20,"rank":21,"persistent":false},"geometry":{"type":"Polygon","coordinates":[[[-122.941741,46.136721],[-122.941741,46.136811],[-122.941659,46.136815],[-122.941615,46.13685],[-122.941611,46.136991],[-122.941505,46.137007],[-122.941482,46.137081],[-122.941352,46.137081],[-122.941352,46.136991],[-122.941434,46.136987],[-122.941479,46.136953],[-122.941465,46.136818],[-122.941407,46.136797],[-122.940705,46.136811],[-122.940705,46.136721],[-122.94074,46.136678],[-122.940706,46.136631],[-122.940706,46.136541],[-122.940812,46.136525],[-122.940835,46.136451],[-122.940952,46.136427],[-122.940965,46.136361],[-122.941094,46.136361],[-122.941094,46.136451],[-122.941059,46.136499],[-122.941122,46.136619],[-122.941612,46.136631],[-122.941634,46.136705],[-122.941741,46.136721]]]}},{"type":"Feature","properties":{"id":15,"area_m2":1900,"px":19,"rank":22,"persistent":false},"geometry":{"type":"Polygon","coordinates":[[[-122.943419,46.142032],[-122.943418,46.142122],[-122.943312,46.142138],[-122.943289,46.142212],[-122.942771,46.142212],[-122.942737,46.142131],[-122.942582,46.142122],[-122.942516,46.14216],[-122.942512,46.142302],[-122.941994,46.142301],[-122.941994,46.142122],[-122.942124,46.142122],[-122.942192,46.142146],[-122.942253,46.142122],[-122.94245,46.142121],[-122.942503,46.142093],[-122.942512,46.142032],[-122.943097,46.142031],[-122.943151,46.142004],[-122.94316,46.141942],[-122.943289,46.141942],[-122.943312,46.142016],[-122.943419,46.142032]]]}},{"type":"Feature","properties":{"id":68,"area_m2":1900,"px":19,"rank":23,"persistent":false},"geometry":{"type":"Polygon","coordinates":[[[-122.934492,46.135727],[-122.934492,46.135817],[-122.934385,46.135833],[-122.934362,46.135907],[-122.934244,46.135918],[-122.934164,46.135883],[-122.934091,46.13592],[-122.934111,46.135984],[-122.934233,46.135997],[-122.934233,46.136177],[-122.934138,46.136186],[-122.934103,46.136267],[-122.933987,46.136291],[-122.933973,46.136447],[-122.933585,46.136447],[-122.933585,46.136357],[-122.933667,46.136353],[-122.933711,46.136319],[-122.93375,46.136225],[-122.933715,46.136177],[-122.933715,46.136087],[-122.933789,46.136085],[-122.933835,46.136058],[-122.933845,46.135907],[-122.933951,46.135891],[-122.933974,46.135817],[-122.934091,46.135793],[-122.934104,46.135727],[-122.934492,46.135727]]]}},{"type":"Feature","properties":{"id":25,"area_m2":1600,"px":16,"rank":24,"persistent":false},"geometry":{"type":"Polygon","coordinates":[[[-122.928531,46.140494],[-122.928531,46.140674],[-122.928456,46.140676],[-122.92841,46.140702],[-122.928401,46.140854],[-122.928294,46.14087],[-122.928271,46.140944],[-122.928142,46.140944],[-122.928139,46.140712],[-122.928094,46.140678],[-122.928013,46.140673],[-122.928014,46.140044],[-122.928143,46.140044],[-122.928159,46.140397],[-122.928218,46.140417],[-122.928401,46.140404],[-122.928424,46.140478],[-122.928531,46.140494]]]}},{"type":"Feature","properties":{"id":29,"area_m2":1600,"px":16,"rank":25,"persistent":false},"geometry":{"type":"Polygon","coordinates":[[[-122.930344,46.139595],[-122.930344,46.139865],[-122.930232,46.139885],[-122.930181,46.139992],[-122.930214,46.140045],[-122.930214,46.140135],[-122.930108,46.140151],[-122.930085,46.140225],[-122.929826,46.140225],[-122.929803,46.14015],[-122.929697,46.140135],[-122.929697,46.140045],[-122.929731,46.140002],[-122.929697,46.139955],[-122.929697,46.139865],[-122.929804,46.139849],[-122.929827,46.139775],[-122.93018,46.139766],[-122.930215,46.139726],[-122.930215,46.139595],[-122.930344,46.139595]]]}},{"type":"Feature","properties":{"id":18,"area_m2":1500,"px":15,"rank":26,"persistent":false},"geometry":{"type":"Polygon","coordinates":[[[-122.942902,46.141222],[-122.942901,46.141492],[-122.942661,46.141478],[-122.942608,46.141534],[-122.942642,46.141582],[-122.942642,46.141672],[-122.942535,46.141688],[-122.942513,46.141762],[-122.942396,46.141786],[-122.942383,46.141852],[-122.942254,46.141852],[-122.942254,46.141762],[-122.942342,46.141755],[-122.942382,46.141718],[-122.942384,46.141312],[-122.94249,46.141296],[-122.942513,46.141222],[-122.942902,46.141222]]]}},{"type":"Feature","properties":{"id":30,"area_m2":1500,"px":15,"rank":27,"persistent":false},"geometry":{"type":"Polygon","coordinates":[[[-122.943548,46.139784],[-122.943516,46.13983],[-122.94355,46.139872],[-122.94355,46.139962],[-122.943444,46.139978],[-122.943421,46.140052],[-122.943203,46.140058],[-122.943165,46.14009],[-122.94316,46.140142],[-122.943032,46.140142],[-122.94301,46.140068],[-122.942903,46.140052],[-122.942903,46.139962],[-122.943107,46.13996],[-122.943162,46.139908],[-122.943144,46.139802],[-122.943033,46.139782],[-122.942998,46.139701],[-122.942903,46.139692],[-122.942903,46.139602],[-122.943033,46.139602],[-122.943042,46.139663],[-122.943095,46.139691],[-122.94355,46.139692],[-122.943548,46.139784]]]}},{"type":"Feature","properties":{"id":66,"area_m2":1500,"px":15,"rank":28,"persistent":false},"geometry":{"type":"Polygon","coordinates":[[[-122.945108,46.136003],[-122.945108,46.136183],[-122.945033,46.136185],[-122.944987,46.136211],[-122.944978,46.136363],[-122.944871,46.136379],[-122.944848,46.136453],[-122.944732,46.136477],[-122.944719,46.136543],[-122.94459,46.136543],[-122.94459,46.136453],[-122.944671,46.136449],[-122.944713,46.136419],[-122.944718,46.136316],[-122.944657,46.136274],[-122.94446,46.136273],[-122.94446,46.136183],[-122.944649,46.136182],[-122.944706,46.136159],[-122.94472,46.135913],[-122.944849,46.135913],[-122.944855,46.13597],[-122.944904,46.136001],[-122.945108,46.136003]]]}},{"type":"Feature","properties":{"id":88,"area_m2":1500,"px":15,"rank":29,"persistent":false},"geometry":{"type":"Polygon","coordinates":[[[-122.928669,46.133564],[-122.928669,46.133744],[-122.928562,46.13376],[-122.928539,46.133834],[-122.928444,46.133843],[-122.92841,46.133924],[-122.928298,46.133943],[-122.92828,46.134014],[-122.928151,46.134013],[-122.928151,46.133924],[-122.928239,46.133917],[-122.928279,46.13388],[-122.928281,46.133564],[-122.928316,46.133521],[-122.928281,46.133474],[-122.928281,46.133384],[-122.928355,46.133381],[-122.928401,46.133355],[-122.928411,46.133204],[-122.92854,46.133204],[-122.928541,46.13352],[-122.928581,46.133557],[-122.928669,46.133564]]]}},{"type":"Feature","properties":{"id":60,"area_m2":1400,"px":14,"rank":30,"persistent":false},"geometry":{"type":"Polygon","coordinates":[[[-122.940575,46.137171],[-122.940575,46.137261],[-122.94012,46.137262],[-122.940067,46.137289],[-122.940057,46.13735],[-122.939799,46.13735],[-122.939799,46.13726],[-122.939887,46.137254],[-122.939927,46.137217],[-122.939922,46.137114],[-122.93988,46.137084],[-122.939799,46.13708],[-122.939799,46.136992],[-122.939894,46.136988],[-122.93994,46.136961],[-122.939929,46.13681],[-122.940058,46.136811],[-122.940081,46.136885],[-122.940187,46.136901],[-122.940187,46.137122],[-122.940215,46.137158],[-122.940575,46.137171]]]}},{"type":"Feature","properties":{"id":56,"area_m2":1300,"px":13,"rank":31,"persistent":false},"geometry":{"type":"Polygon","coordinates":[[[-122.942388,46.137442],[-122.942387,46.137532],[-122.942179,46.137532],[-122.942121,46.137556],[-122.942128,46.137801],[-122.942022,46.137817],[-122.941999,46.137891],[-122.94161,46.137891],[-122.941611,46.137801],[-122.941936,46.1378],[-122.941997,46.137758],[-122.941998,46.137665],[-122.941958,46.137628],[-122.941611,46.137621],[-122.941611,46.137531],[-122.941717,46.137515],[-122.94174,46.137441],[-122.942388,46.137442]]]}},{"type":"Feature","properties":{"id":49,"area_m2":1300,"px":13,"rank":32,"persistent":false},"geometry":{"type":"Polygon","coordinates":[[[-122.94433,46.137443],[-122.944329,46.137533],[-122.944235,46.137542],[-122.9442,46.137587],[-122.944213,46.137689],[-122.944329,46.137713],[-122.944329,46.137803],[-122.944223,46.137818],[-122.9442,46.137892],[-122.944083,46.137917],[-122.94407,46.137982],[-122.943941,46.137982],[-122.943941,46.137712],[-122.943976,46.13767],[-122.943941,46.137622],[-122.943941,46.137491],[-122.9439,46.137449],[-122.943812,46.137442],[-122.943812,46.137352],[-122.943941,46.137352],[-122.94395,46.137414],[-122.944004,46.137441],[-122.94433,46.137443]]]}},{"type":"Feature","properties":{"id":76,"area_m2":1300,"px":13,"rank":33,"persistent":false},"geometry":{"type":"Polygon","coordinates":[[[-122.932163,46.135096],[-122.932163,46.135186],[-122.932061,46.13519],[-122.932016,46.135226],[-122.932033,46.135456],[-122.931903,46.135456],[-122.93189,46.13539],[-122.931826,46.135366],[-122.931679,46.135375],[-122.931644,46.135456],[-122.931515,46.135456],[-122.931515,46.135276],[-122.93155,46.135233],[-122.931515,46.135186],[-122.931516,46.135006],[-122.931645,46.135006],[-122.931668,46.13508],[-122.93182,46.135118],[-122.931904,46.135096],[-122.932163,46.135096]]]}},{"type":"Feature","properties":{"id":83,"area_m2":1300,"px":13,"rank":34,"persistent":false},"geometry":{"type":"Polygon","coordinates":[[[-122.929316,46.134284],[-122.929315,46.134374],[-122.929127,46.134374],[-122.92907,46.134398],[-122.929056,46.134554],[-122.928927,46.134554],[-122.92891,46.134304],[-122.928857,46.134284],[-122.928539,46.134284],[-122.928516,46.13421],[-122.92841,46.134194],[-122.92841,46.134104],[-122.928668,46.134104],[-122.928682,46.13417],[-122.928746,46.134194],[-122.928893,46.134185],[-122.928928,46.134104],[-122.929057,46.134104],[-122.92908,46.134178],[-122.929186,46.134194],[-122.929221,46.134275],[-122.929316,46.134284]]]}},{"type":"Feature","properties":{"id":106,"area_m2":1300,"px":13,"rank":35,"persistent":false},"geometry":{"type":"Polygon","coordinates":[[[-122.932037,46.132036],[-122.932037,46.132306],[-122.931648,46.132306],[-122.931626,46.132231],[-122.931519,46.132216],[-122.931519,46.132036],[-122.931755,46.13202],[-122.931778,46.131856],[-122.931908,46.131856],[-122.931917,46.132007],[-122.931963,46.132034],[-122.932037,46.132036]]]}},{"type":"Feature","properties":{"id":35,"area_m2":1200,"px":12,"rank":36,"persistent":false},"geometry":{"type":"Polygon","coordinates":[[[-122.930086,46.139505],[-122.930086,46.139595],[-122.929827,46.139595],[-122.929814,46.139529],[-122.929749,46.139505],[-122.929371,46.139505],[-122.929318,46.139533],[-122.929309,46.139594],[-122.929179,46.139594],[-122.92918,46.139504],[-122.929274,46.139495],[-122.929309,46.13945],[-122.929296,46.139348],[-122.92918,46.139324],[-122.92918,46.139234],[-122.929287,46.139219],[-122.929309,46.139144],[-122.929439,46.139144],[-122.929439,46.139289],[-122.929466,46.139325],[-122.929697,46.139325],[-122.929711,46.139391],[-122.929827,46.139415],[-122.929861,46.139496],[-122.930086,46.139505]]]}},{"type":"Feature","properties":{"id":86,"area_m2":1200,"px":12,"rank":37,"persistent":false},"geometry":{"type":"Polygon","coordinates":[[[-122.929963,46.133925],[-122.929963,46.134015],[-122.929857,46.13403],[-122.929834,46.134105],[-122.929717,46.134129],[-122.929704,46.134194],[-122.929445,46.134194],[-122.929445,46.134104],[-122.92948,46.134062],[-122.929446,46.134014],[-122.929446,46.133744],[-122.929575,46.133744],[-122.929581,46.133801],[-122.92963,46.133832],[-122.929834,46.133835],[-122.929857,46.133909],[-122.929963,46.133925]]]}},{"type":"Feature","properties":{"id":22,"area_m2":1100,"px":11,"rank":38,"persistent":false},"geometry":{"type":"Polygon","coordinates":[[[-122.928789,46.140944],[-122.928789,46.141034],[-122.928701,46.14104],[-122.928661,46.141077],[-122.928659,46.141394],[-122.928271,46.141394],[-122.928271,46.141304],[-122.928359,46.141297],[-122.928399,46.14126],[-122.928401,46.141034],[-122.928507,46.141018],[-122.92853,46.140944],[-122.928789,46.140944]]]}},{"type":"Feature","properties":{"id":39,"area_m2":1000,"px":10,"rank":39,"persistent":false},"geometry":{"type":"Polygon","coordinates":[[[-122.940962,46.138611],[-122.940962,46.138701],[-122.940874,46.138707],[-122.940834,46.138744],[-122.940832,46.139061],[-122.940573,46.139061],[-122.940551,46.138897],[-122.940315,46.138881],[-122.940315,46.138701],[-122.940444,46.138701],[-122.940479,46.138782],[-122.940643,46.138803],[-122.940697,46.138771],[-122.940703,46.138701],[-122.94082,46.138677],[-122.940833,46.138611],[-122.940962,46.138611]]]}},{"type":"Feature","properties":{"id":47,"area_m2":1000,"px":10,"rank":40,"persistent":false},"geometry":{"type":"Polygon","coordinates":[[[-122.936432,46.137889],[-122.936431,46.138068],[-122.936206,46.138064],[-122.936172,46.138158],[-122.936066,46.138174],[-122.936043,46.138248],[-122.935913,46.138248],[-122.935891,46.138174],[-122.935784,46.138158],[-122.935784,46.138068],[-122.935879,46.138066],[-122.935928,46.138034],[-122.935914,46.137888],[-122.936132,46.137882],[-122.936169,46.13785],[-122.936175,46.137798],[-122.936302,46.137798],[-122.936325,46.137873],[-122.936432,46.137889]]]}},{"type":"Feature","properties":{"id":71,"area_m2":1000,"px":10,"rank":41,"persistent":false},"geometry":{"type":"Polygon","coordinates":[[[-122.941483,46.135821],[-122.941483,46.135911],[-122.941354,46.135911],[-122.941344,46.13585],[-122.941291,46.135822],[-122.940836,46.135821],[-122.940836,46.135731],[-122.94091,46.135729],[-122.940956,46.135702],[-122.940966,46.135551],[-122.941224,46.135551],[-122.941247,46.135625],[-122.941354,46.135641],[-122.941367,46.135797],[-122.941483,46.135821]]]}},{"type":"Feature","properties":{"id":104,"area_m2":1000,"px":10,"rank":42,"persistent":false},"geometry":{"type":"Polygon","coordinates":[[[-122.941616,46.132491],[-122.941616,46.132581],[-122.941509,46.132597],[-122.941486,46.132671],[-122.941098,46.132671],[-122.941092,46.132614],[-122.941043,46.132583],[-122.94071,46.132581],[-122.94071,46.132491],[-122.941165,46.13249],[-122.941219,46.132462],[-122.941228,46.132401],[-122.941357,46.132401],[-122.941363,46.132471],[-122.94141,46.132502],[-122.941616,46.132491]]]}},{"type":"Feature","properties":{"id":9,"area_m2":900,"px":9,"rank":43,"persistent":false},"geometry":{"type":"Polygon","coordinates":[[[-122.937074,46.142659],[-122.937073,46.142749],[-122.936979,46.142751],[-122.936929,46.142783],[-122.936944,46.142929],[-122.936555,46.142929],[-122.936556,46.142659],[-122.937074,46.142659]]]}},{"type":"Feature","properties":{"id":23,"area_m2":900,"px":9,"rank":44,"persistent":false},"geometry":{"type":"Polygon","coordinates":[[[-122.929178,46.140944],[-122.929177,46.141304],[-122.928918,46.141304],[-122.928896,46.14123],[-122.928789,46.141214],[-122.928789,46.141124],[-122.928863,46.141122],[-122.928909,46.141096],[-122.928919,46.140944],[-122.929178,46.140944]]]}},{"type":"Feature","properties":{"id":80,"area_m2":900,"px":9,"rank":45,"persistent":false},"geometry":{"type":"Polygon","coordinates":[[[-122.946145,46.134384],[-122.946145,46.134473],[-122.946064,46.134478],[-122.946019,46.134512],[-122.946015,46.134653],[-122.945934,46.134657],[-122.945892,46.134687],[-122.945886,46.134833],[-122.945756,46.134833],[-122.945751,46.134763],[-122.945703,46.134732],[-122.945498,46.134743],[-122.945498,46.134563],[-122.94584,46.134573],[-122.945885,46.134533],[-122.945886,46.134383],[-122.946145,46.134384]]]}},{"type":"Feature","properties":{"id":85,"area_m2":900,"px":9,"rank":46,"persistent":false},"geometry":{"type":"Polygon","coordinates":[[[-122.946143,46.133935],[-122.946111,46.133981],[-122.946145,46.134023],[-122.946145,46.134203],[-122.946016,46.134203],[-122.945993,46.134129],[-122.945887,46.134113],[-122.945852,46.134032],[-122.945757,46.134023],[-122.945757,46.133843],[-122.945864,46.133827],[-122.945887,46.133753],[-122.946016,46.133753],[-122.946039,46.133828],[-122.946146,46.133843],[-122.946143,46.133935]]]}},{"type":"Feature","properties":{"id":11,"area_m2":800,"px":8,"rank":47,"persistent":false},"geometry":{"type":"Polygon","coordinates":[[[-122.943289,46.142392],[-122.943289,46.142482],[-122.943194,46.142491],[-122.943159,46.142572],[-122.943078,46.142576],[-122.943036,46.142605],[-122.943029,46.142842],[-122.942771,46.142842],[-122.942771,46.142752],[-122.942852,46.142748],[-122.942897,46.142714],[-122.9429,46.142572],[-122.942989,46.142566],[-122.943028,46.142529],[-122.943024,46.142425],[-122.942982,46.142396],[-122.9429,46.142392],[-122.942901,46.142302],[-122.94303,46.142302],[-122.943036,46.142359],[-122.943085,46.14239],[-122.943289,46.142392]]]}},{"type":"Feature","properties":{"id":58,"area_m2":800,"px":8,"rank":48,"persistent":false},"geometry":{"type":"Polygon","coordinates":[[[-122.930218,46.137615],[-122.930217,46.137705],[-122.930111,46.137721],[-122.930088,46.137795],[-122.929829,46.137795],[-122.929829,46.137525],[-122.929936,46.137509],[-122.929959,46.137435],[-122.930088,46.137435],[-122.930097,46.137586],[-122.930143,46.137613],[-122.930218,46.137615]]]}},{"type":"Feature","properties":{"id":73,"area_m2":800,"px":8,"rank":49,"persistent":false},"geometry":{"type":"Polygon","coordinates":[[[-122.928926,46.135274],[-122.928926,46.135454],[-122.928831,46.135463],[-122.928796,46.135544],[-122.92868,46.135568],[-122.928666,46.135724],[-122.928537,46.135724],[-122.928534,46.135582],[-122.928489,46.135548],[-122.928408,46.135544],[-122.928408,46.135454],[-122.928626,46.135447],[-122.928664,46.135416],[-122.928667,46.135364],[-122.928783,46.13534],[-122.928797,46.135274],[-122.928926,46.135274]]]}},{"type":"Feature","properties":{"id":77,"area_m2":800,"px":8,"rank":50,"persistent":false},"geometry":{"type":"Polygon","coordinates":[[[-122.945238,46.135013],[-122.945238,46.135373],[-122.944979,46.135373],[-122.944979,46.135013],[-122.945238,46.135013]]]}},{"type":"Feature","properties":{"id":84,"area_m2":800,"px":8,"rank":51,"persistent":false},"geometry":{"type":"Polygon","coordinates":[[[-122.945628,46.134023],[-122.945627,46.134203],[-122.945539,46.13421],[-122.945499,46.134247],[-122.945498,46.134473],[-122.945239,46.134473],[-122.945239,46.134383],[-122.945327,46.134377],[-122.945367,46.13434],[-122.945369,46.134023],[-122.945628,46.134023]]]}},{"type":"Feature","properties":{"id":101,"area_m2":800,"px":8,"rank":52,"persistent":false},"geometry":{"type":"Polygon","coordinates":[[[-122.938379,46.13267],[-122.938379,46.132849],[-122.938273,46.132865],[-122.93825,46.132939],[-122.938133,46.132963],[-122.93812,46.133029],[-122.937991,46.133029],[-122.937991,46.132939],[-122.938026,46.132897],[-122.937991,46.132849],[-122.937991,46.132669],[-122.938379,46.13267]]]}},{"type":"Feature","properties":{"id":8,"area_m2":700,"px":7,"rank":53,"persistent":false},"geometry":{"type":"Polygon","coordinates":[[[-122.937461,46.143199],[-122.937461,46.143469],[-122.937332,46.143469],[-122.937309,46.143395],[-122.937202,46.143379],[-122.937203,46.143019],[-122.937332,46.143019],[-122.937341,46.143171],[-122.937387,46.143197],[-122.937461,46.143199]]]}},{"type":"Feature","properties":{"id":20,"area_m2":700,"px":7,"rank":54,"persistent":false},"geometry":{"type":"Polygon","coordinates":[[[-122.928271,46.141034],[-122.928271,46.141214],[-122.928183,46.14122],[-122.928143,46.141257],[-122.928141,46.141484],[-122.928012,46.141483],[-122.928012,46.141034],[-122.928271,46.141034]]]}},{"type":"Feature","properties":{"id":44,"area_m2":700,"px":7,"rank":55,"persistent":false},"geometry":{"type":"Polygon","coordinates":[[[-122.938373,46.13816],[-122.938373,46.13834],[-122.938266,46.138355],[-122.938244,46.138429],[-122.938114,46.138429],[-122.938115,46.137979],[-122.938244,46.13798],[-122.938253,46.138131],[-122.938299,46.138157],[-122.938373,46.13816]]]}},{"type":"Feature","properties":{"id":45,"area_m2":700,"px":7,"rank":56,"persistent":false},"geometry":{"type":"Polygon","coordinates":[[[-122.943811,46.138072],[-122.943811,46.138252],[-122.943293,46.138252],[-122.943293,46.138162],[-122.943482,46.138162],[-122.943539,46.138138],[-122.943552,46.137982],[-122.943682,46.137982],[-122.943704,46.138057],[-122.943811,46.138072]]]}},{"type":"Feature","properties":{"id":54,"area_m2":700,"px":7,"rank":57,"persistent":false},"geometry":{"type":"Polygon","coordinates":[[[-122.945365,46.137443],[-122.945365,46.137533],[-122.94527,46.137542],[-122.945236,46.137587],[-122.945239,46.137765],[-122.945283,46.137799],[-122.945365,46.137803],[-122.945365,46.137893],[-122.945106,46.137893],[-122.945106,46.137533],[-122.945141,46.137491],[-122.945107,46.137443],[-122.945107,46.137353],[-122.945236,46.137353],[-122.945259,46.137427],[-122.945365,46.137443]]]}},{"type":"Feature","properties":{"id":31,"area_m2":600,"px":6,"rank":58,"persistent":false},"geometry":{"type":"Polygon","coordinates":[[[-122.928791,46.139774],[-122.92879,46.139864],[-122.928709,46.139868],[-122.928664,46.139902],[-122.928661,46.140044],[-122.928273,46.140044],[-122.928273,46.139954],[-122.928379,46.139938],[-122.928402,46.139864],[-122.928606,46.139862],[-122.928655,46.139831],[-122.928661,46.139774],[-122.928791,46.139774]]]}},{"type":"Feature","properties":{"id":32,"area_m2":600,"px":6,"rank":59,"persistent":false},"geometry":{"type":"Polygon","coordinates":[[[-122.940314,46.139781],[-122.940313,46.139871],[-122.94011,46.139873],[-122.94006,46.139904],[-122.940054,46.13996],[-122.939925,46.13996],[-122.939912,46.139804],[-122.939855,46.139781],[-122.939666,46.13978],[-122.939666,46.13969],[-122.939925,46.13969],[-122.939934,46.139752],[-122.939988,46.139779],[-122.940314,46.139781]]]}},{"type":"Feature","properties":{"id":51,"area_m2":600,"px":6,"rank":60,"persistent":false},"geometry":{"type":"Polygon","coordinates":[[[-122.931642,46.137706],[-122.931641,46.137796],[-122.931535,46.137811],[-122.931512,46.137886],[-122.931396,46.13791],[-122.931382,46.137976],[-122.931253,46.137975],[-122.931253,46.137796],[-122.931288,46.137753],[-122.931253,46.137705],[-122.931253,46.137616],[-122.931512,46.137616],[-122.931535,46.13769],[-122.931642,46.137706]]]}},{"type":"Feature","properties":{"id":59,"area_m2":600,"px":6,"rank":61,"persistent":false},"geometry":{"type":"Polygon","coordinates":[[[-122.942129,46.137262],[-122.942129,46.137351],[-122.942001,46.137351],[-122.941996,46.1373],[-122.941958,46.137268],[-122.941741,46.137261],[-122.941741,46.136901],[-122.94187,46.136901],[-122.941879,46.137143],[-122.941925,46.137169],[-122.941999,46.137172],[-122.942034,46.137252],[-122.942129,46.137262]]]}},{"type":"Feature","properties":{"id":61,"area_m2":600,"px":6,"rank":62,"persistent":false},"geometry":{"type":"Polygon","coordinates":[[[-122.92983,46.137255],[-122.929829,46.137345],[-122.929702,46.137345],[-122.929697,46.137293],[-122.929659,46.137261],[-122.929441,46.137254],[-122.929442,46.136894],[-122.929571,46.136895],[-122.92958,46.137136],[-122.929626,46.137162],[-122.9297,46.137165],[-122.929735,46.137245],[-122.92983,46.137255]]]}},{"type":"Feature","properties":{"id":72,"area_m2":600,"px":6,"rank":63,"persistent":false},"geometry":{"type":"Polygon","coordinates":[[[-122.945367,46.135553],[-122.945367,46.135643],[-122.945041,46.135644],[-122.944988,46.135671],[-122.944979,46.135733],[-122.944849,46.135733],[-122.944849,46.135553],[-122.945067,46.135547],[-122.945105,46.135515],[-122.945108,46.135463],[-122.945238,46.135463],[-122.945261,46.135537],[-122.945367,46.135553]]]}},{"type":"Feature","properties":{"id":102,"area_m2":600,"px":6,"rank":64,"persistent":false},"geometry":{"type":"Polygon","coordinates":[[[-122.946147,46.132673],[-122.946146,46.132943],[-122.945888,46.132943],[-122.945865,46.132869],[-122.945758,46.132853],[-122.945758,46.132763],[-122.945962,46.132761],[-122.946011,46.13273],[-122.946017,46.132673],[-122.946147,46.132673]]]}},{"type":"Feature","properties":{"id":5,"area_m2":500,"px":5,"rank":65,"persistent":false},"geometry":{"type":"Polygon","coordinates":[[[-122.930339,46.144185],[-122.930339,46.144275],[-122.930232,46.144291],[-122.930209,46.144365],[-122.92995,46.144365],[-122.92995,46.144185],[-122.930339,46.144185]]]}},{"type":"Feature","properties":{"id":17,"area_m2":500,"px":5,"rank":66,"persistent":false},"geometry":{"type":"Polygon","coordinates":[[[-122.936168,46.141758],[-122.936168,46.141848],[-122.935964,46.141851],[-122.935915,46.141882],[-122.935909,46.141938],[-122.93578,46.141938],[-122.93578,46.141668],[-122.935909,46.141668],[-122.935915,46.141725],[-122.935964,46.141756],[-122.936168,46.141758]]]}},{"type":"Feature","properties":{"id":19,"area_m2":500,"px":5,"rank":67,"persistent":false},"geometry":{"type":"Polygon","coordinates":[[[-122.937204,46.141399],[-122.937204,46.141489],[-122.937123,46.141493],[-122.937078,46.141527],[-122.937075,46.141669],[-122.936816,46.141669],[-122.936816,46.141579],[-122.936897,46.141575],[-122.936942,46.141541],[-122.936946,46.141399],[-122.937204,46.141399]]]}},{"type":"Feature","properties":{"id":21,"area_m2":500,"px":5,"rank":68,"persistent":false},"geometry":{"type":"Polygon","coordinates":[[[-122.941218,46.141221],[-122.941218,46.141311],[-122.941112,46.141327],[-122.941089,46.141401],[-122.940959,46.141401],[-122.940937,46.141327],[-122.94083,46.141311],[-122.94083,46.141221],[-122.940937,46.141205],[-122.94096,46.141131],[-122.941089,46.141131],[-122.941112,46.141205],[-122.941218,46.141221]]]}},{"type":"Feature","properties":{"id":26,"area_m2":500,"px":5,"rank":69,"persistent":false},"geometry":{"type":"Polygon","coordinates":[[[-122.945621,46.140503],[-122.945621,46.140593],[-122.94554,46.140597],[-122.945495,46.140632],[-122.945491,46.140773],[-122.945385,46.140789],[-122.945362,46.140863],[-122.945233,46.140863],[-122.945233,46.140773],[-122.945321,46.140767],[-122.945361,46.14073],[-122.945362,46.140503],[-122.945621,46.140503]]]}},{"type":"Feature","properties":{"id":37,"area_m2":500,"px":5,"rank":70,"persistent":false},"geometry":{"type":"Polygon","coordinates":[[[-122.940573,46.139331],[-122.940573,46.139421],[-122.940444,46.139421],[-122.940434,46.139359],[-122.940381,46.139332],[-122.939926,46.13933],[-122.939926,46.13924],[-122.940444,46.139241],[-122.940466,46.139315],[-122.940573,46.139331]]]}},{"type":"Feature","properties":{"id":64,"area_m2":500,"px":5,"rank":71,"persistent":false},"geometry":{"type":"Polygon","coordinates":[[[-122.944848,46.136633],[-122.944848,46.136993],[-122.944719,46.136993],[-122.944717,46.136766],[-122.944678,46.136729],[-122.944589,46.136723],[-122.944589,46.136633],[-122.944848,46.136633]]]}},{"type":"Feature","properties":{"id":65,"area_m2":500,"px":5,"rank":72,"persistent":false},"geometry":{"type":"Polygon","coordinates":[[[-122.942259,46.136542],[-122.942259,46.136722],[-122.942,46.136721],[-122.941977,46.136647],[-122.941871,46.136631],[-122.941871,46.136541],[-122.942259,46.136542]]]}},{"type":"Feature","properties":{"id":70,"area_m2":500,"px":5,"rank":73,"persistent":false},"geometry":{"type":"Polygon","coordinates":[[[-122.931255,46.135996],[-122.931255,46.136175],[-122.930867,46.136175],[-122.930867,46.136085],[-122.930974,46.136069],[-122.930997,46.135995],[-122.931255,46.135996]]]}},{"type":"Feature","properties":{"id":81,"area_m2":500,"px":5,"rank":74,"persistent":false},"geometry":{"type":"Polygon","coordinates":[[[-122.931257,46.134466],[-122.931257,46.134825],[-122.931127,46.134825],[-122.931105,46.134751],[-122.930998,46.134735],[-122.930998,46.134645],[-122.931072,46.134643],[-122.931118,46.134617],[-122.931128,46.134465],[-122.931257,46.134466]]]}},{"type":"Feature","properties":{"id":96,"area_m2":500,"px":5,"rank":75,"persistent":false},"geometry":{"type":"Polygon","coordinates":[[[-122.930094,46.133115],[-122.930093,46.133385],[-122.929987,46.1334],[-122.929964,46.133475],[-122.929835,46.133475],[-122.929835,46.133295],[-122.929909,46.133292],[-122.929955,46.133266],[-122.929964,46.133115],[-122.930094,46.133115]]]}},{"type":"Feature","properties":{"id":2,"area_m2":400,"px":4,"rank":76,"persistent":false},"geometry":{"type":"Polygon","coordinates":[[[-122.937719,46.144099],[-122.937719,46.144189],[-122.937638,46.144193],[-122.937593,46.144228],[-122.937589,46.144369],[-122.93746,46.144369],[-122.93746,46.144099],[-122.937719,46.144099]]]}},{"type":"Feature","properties":{"id":14,"area_m2":400,"px":4,"rank":77,"persistent":false},"geometry":{"type":"Polygon","coordinates":[[[-122.941088,46.142301],[-122.941088,46.142391],[-122.940884,46.142393],[-122.940835,46.142424],[-122.940829,46.142481],[-122.940699,46.142481],[-122.940699,46.142301],[-122.941088,46.142301]]]}},{"type":"Feature","properties":{"id":27,"area_m2":400,"px":4,"rank":78,"persistent":false},"geometry":{"type":"Polygon","coordinates":[[[-122.942902,46.140322],[-122.942902,46.140592],[-122.942773,46.140592],[-122.94275,46.140518],[-122.942643,46.140502],[-122.942644,46.140412],[-122.94275,46.140396],[-122.942773,46.140322],[-122.942902,46.140322]]]}},{"type":"Feature","properties":{"id":28,"area_m2":400,"px":4,"rank":79,"persistent":false},"geometry":{"type":"Polygon","coordinates":[[[-122.935393,46.140228],[-122.935393,46.140408],[-122.935134,46.140408],[-122.935111,46.140334],[-122.935005,46.140318],[-122.935005,46.140228],[-122.935134,46.140228],[-122.935195,46.140252],[-122.935264,46.140228],[-122.935393,46.140228]]]}},{"type":"Feature","properties":{"id":41,"area_m2":400,"px":4,"rank":80,"persistent":false},"geometry":{"type":"Polygon","coordinates":[[[-122.940186,46.138431],[-122.940185,46.13861],[-122.940079,46.138626],[-122.940056,46.1387],[-122.939927,46.1387],[-122.939927,46.13852],[-122.940033,46.138505],[-122.940056,46.138431],[-122.940186,46.138431]]]}},{"type":"Feature","properties":{"id":82,"area_m2":400,"px":4,"rank":81,"persistent":false},"geometry":{"type":"Polygon","coordinates":[[[-122.930739,46.134465],[-122.930739,46.134645],[-122.93048,46.134645],[-122.930481,46.134465],[-122.930739,46.134465]]]}},{"type":"Feature","properties":{"id":87,"area_m2":400,"px":4,"rank":82,"persistent":false},"geometry":{"type":"Polygon","coordinates":[[[-122.933976,46.133927],[-122.933976,46.134017],[-122.933588,46.134017],[-122.933588,46.133837],[-122.933718,46.133837],[-122.933724,46.133894],[-122.933773,46.133925],[-122.933976,46.133927]]]}},{"type":"Feature","properties":{"id":93,"area_m2":400,"px":4,"rank":83,"persistent":false},"geometry":{"type":"Polygon","coordinates":[[[-122.944204,46.133303],[-122.944204,46.133572],[-122.944075,46.133572],[-122.944052,46.133498],[-122.943945,46.133482],[-122.943945,46.133392],[-122.944052,46.133377],[-122.944075,46.133302],[-122.944204,46.133303]]]}},{"type":"Feature","properties":{"id":103,"area_m2":400,"px":4,"rank":84,"persistent":false},"geometry":{"type":"Polygon","coordinates":[[[-122.937732,46.132579],[-122.937732,46.132849],[-122.937603,46.132849],[-122.937599,46.132707],[-122.937555,46.132673],[-122.937473,46.132669],[-122.937474,46.132579],[-122.937732,46.132579]]]}},{"type":"Feature","properties":{"id":105,"area_m2":400,"px":4,"rank":85,"persistent":false},"geometry":{"type":"Polygon","coordinates":[[[-122.941357,46.132131],[-122.941357,46.132221],[-122.941251,46.132237],[-122.941228,46.132311],[-122.940969,46.132311],[-122.940969,46.132221],[-122.941064,46.132218],[-122.941113,46.132186],[-122.941099,46.132041],[-122.941228,46.132041],[-122.941251,46.132115],[-122.941357,46.132131]]]}},{"type":"Feature","properties":{"id":7,"area_m2":300,"px":3,"rank":86,"persistent":false},"geometry":{"type":"Polygon","coordinates":[[[-122.937331,46.143559],[-122.937331,46.143649],[-122.937073,46.143649],[-122.937073,46.143469],[-122.937202,46.143469],[-122.937225,46.143543],[-122.937331,46.143559]]]}},{"type":"Feature","properties":{"id":33,"area_m2":300,"px":3,"rank":87,"persistent":false},"geometry":{"type":"Polygon","coordinates":[[[-122.932804,46.139597],[-122.932804,46.139776],[-122.932675,46.139776],[-122.932672,46.139635],[-122.932627,46.1396],[-122.932546,46.139596],[-122.932546,46.139506],[-122.932675,46.139506],[-122.932698,46.139581],[-122.932804,46.139597]]]}},{"type":"Feature","properties":{"id":40,"area_m2":300,"px":3,"rank":88,"persistent":false},"geometry":{"type":"Polygon","coordinates":[[[-122.937725,46.138789],[-122.937725,46.138879],[-122.937596,46.138879],[-122.937592,46.138827],[-122.937555,46.138796],[-122.937337,46.138789],[-122.937337,46.138699],[-122.937596,46.138699],[-122.937619,46.138773],[-122.937725,46.138789]]]}},{"type":"Feature","properties":{"id":43,"area_m2":300,"px":3,"rank":89,"persistent":false},"geometry":{"type":"Polygon","coordinates":[[[-122.929699,46.138245],[-122.929699,46.138515],[-122.929569,46.138514],[-122.92957,46.138245],[-122.929699,46.138245]]]}},{"type":"Feature","properties":{"id":48,"area_m2":300,"px":3,"rank":90,"persistent":false},"geometry":{"type":"Polygon","coordinates":[[[-122.92957,46.137975],[-122.92957,46.138064],[-122.929181,46.138064],[-122.929182,46.137974],[-122.92957,46.137975]]]}},{"type":"Feature","properties":{"id":50,"area_m2":300,"px":3,"rank":91,"persistent":false},"geometry":{"type":"Polygon","coordinates":[[[-122.93203,46.137796],[-122.93203,46.137976],[-122.9319,46.137976],[-122.931878,46.137902],[-122.931771,46.137886],[-122.931771,46.137796],[-122.93203,46.137796]]]}},{"type":"Feature","properties":{"id":52,"area_m2":300,"px":3,"rank":92,"persistent":false},"geometry":{"type":"Polygon","coordinates":[[[-122.929052,46.137704],[-122.929052,46.137794],[-122.928971,46.137798],[-122.928926,46.137832],[-122.928922,46.137974],[-122.928793,46.137974],[-122.928793,46.137794],[-122.9289,46.137778],[-122.928923,46.137704],[-122.929052,46.137704]]]}},{"type":"Feature","properties":{"id":55,"area_m2":300,"px":3,"rank":93,"persistent":false},"geometry":{"type":"Polygon","coordinates":[[[-122.943811,46.137622],[-122.943811,46.137892],[-122.943682,46.137892],[-122.943682,46.137622],[-122.943811,46.137622]]]}},{"type":"Feature","properties":{"id":67,"area_m2":300,"px":3,"rank":94,"persistent":false},"geometry":{"type":"Polygon","coordinates":[[[-122.934362,46.136267],[-122.934362,46.136537],[-122.934232,46.136537],[-122.934233,46.136267],[-122.934362,46.136267]]]}},{"type":"Feature","properties":{"id":74,"area_m2":300,"px":3,"rank":95,"persistent":false},"geometry":{"type":"Polygon","coordinates":[[[-122.934363,46.135457],[-122.934363,46.135637],[-122.934104,46.135637],[-122.934104,46.135547],[-122.934211,46.135531],[-122.934234,46.135457],[-122.934363,46.135457]]]}},{"type":"Feature","properties":{"id":75,"area_m2":300,"px":3,"rank":96,"persistent":false},"geometry":{"type":"Polygon","coordinates":[[[-122.94485,46.135193],[-122.944849,46.135463],[-122.94472,46.135463],[-122.94472,46.135193],[-122.94485,46.135193]]]}},{"type":"Feature","properties":{"id":78,"area_m2":300,"px":3,"rank":97,"persistent":false},"geometry":{"type":"Polygon","coordinates":[[[-122.93035,46.135095],[-122.93035,46.135275],[-122.930221,46.135275],[-122.930198,46.135201],[-122.930091,46.135185],[-122.930091,46.135095],[-122.93035,46.135095]]]}},{"type":"Feature","properties":{"id":89,"area_m2":300,"px":3,"rank":98,"persistent":false},"geometry":{"type":"Polygon","coordinates":[[[-122.929187,46.133744],[-122.929187,46.133924],[-122.929057,46.133924],[-122.929035,46.13385],[-122.928928,46.133834],[-122.928928,46.133744],[-122.929187,46.133744]]]}},{"type":"Feature","properties":{"id":92,"area_m2":300,"px":3,"rank":99,"persistent":false},"geometry":{"type":"Polygon","coordinates":[[[-122.930223,46.133565],[-122.930223,46.133655],[-122.929834,46.133655],[-122.929834,46.133565],[-122.930223,46.133565]]]}},{"type":"Feature","properties":{"id":94,"area_m2":300,"px":3,"rank":100,"persistent":false},"geometry":{"type":"Polygon","coordinates":[[[-122.931258,46.133476],[-122.931258,46.133565],[-122.93087,46.133565],[-122.93087,46.133475],[-122.931258,46.133476]]]}},{"type":"Feature","properties":{"id":90,"area_m2":300,"px":3,"rank":101,"persistent":false},"geometry":{"type":"Polygon","coordinates":[[[-122.946146,46.133393],[-122.946146,46.133663],[-122.946016,46.133663],[-122.946017,46.133393],[-122.946146,46.133393]]]}},{"type":"Feature","properties":{"id":91,"area_m2":300,"px":3,"rank":102,"persistent":false},"geometry":{"type":"Polygon","coordinates":[[[-122.937602,46.133389],[-122.937602,46.133659],[-122.937472,46.133659],[-122.937473,46.133389],[-122.937602,46.133389]]]}},{"type":"Feature","properties":{"id":95,"area_m2":300,"px":3,"rank":103,"persistent":false},"geometry":{"type":"Polygon","coordinates":[[[-122.931647,46.133296],[-122.931647,46.133476],[-122.931518,46.133476],[-122.931514,46.133334],[-122.93147,46.1333],[-122.931388,46.133295],[-122.931388,46.133206],[-122.931518,46.133206],[-122.93154,46.13328],[-122.931647,46.133296]]]}},{"type":"Feature","properties":{"id":97,"area_m2":300,"px":3,"rank":104,"persistent":false},"geometry":{"type":"Polygon","coordinates":[[[-122.931259,46.133026],[-122.931259,46.133205],[-122.931152,46.133221],[-122.931129,46.133295],[-122.931,46.133295],[-122.931,46.133205],[-122.931081,46.133201],[-122.931126,46.133167],[-122.93113,46.133025],[-122.931259,46.133026]]]}},{"type":"Feature","properties":{"id":100,"area_m2":300,"px":3,"rank":105,"persistent":false},"geometry":{"type":"Polygon","coordinates":[[[-122.946017,46.133033],[-122.946017,46.133123],[-122.945629,46.133123],[-122.945629,46.133033],[-122.946017,46.133033]]]}},{"type":"Feature","properties":{"id":98,"area_m2":300,"px":3,"rank":106,"persistent":false},"geometry":{"type":"Polygon","coordinates":[[[-122.94291,46.133122],[-122.94291,46.133212],[-122.942782,46.133212],[-122.942758,46.133138],[-122.942651,46.133122],[-122.942651,46.132942],[-122.942781,46.132942],[-122.94279,46.133093],[-122.942836,46.133119],[-122.94291,46.133122]]]}},{"type":"Feature","properties":{"id":107,"area_m2":300,"px":3,"rank":107,"persistent":false},"geometry":{"type":"Polygon","coordinates":[[[-122.930225,46.131765],[-122.930225,46.131855],[-122.930118,46.131871],[-122.930095,46.131945],[-122.929966,46.131945],[-122.929966,46.131765],[-122.930225,46.131765]]]}}]}