{"type":"FeatureCollection","features":[{"type":"Feature","properties":{"id":4,"area_m2":1352700,"px":13527,"rank":1,"persistent":false},"geometry":{"type":"Polygon","coordinates":[[[-122.993913,46.132237],[-122.993881,46.132284],[-122.993916,46.132326],[-122.993916,46.132506],[-122.993809,46.132522],[-122.993786,46.132596],[-122.99367,46.13262],[-122.993657,46.132686],[-122.993291,46.132702],[-122.993268,46.132776],[-122.993187,46.13278],[-122.993142,46.132814],[-122.993139,46.133046],[-122.993009,46.133046],[-122.993,46.132984],[-122.992947,46.132957],[-122.992402,46.132949],[-122.992364,46.132986],[-122.992362,46.133136],[-122.992281,46.13314],[-122.992236,46.133174],[-122.992233,46.133316],[-122.992126,46.133332],[-122.992103,46.133406],[-122.992002,46.133418],[-122.991974,46.133496],[-122.991873,46.133508],[-122.991844,46.133586],[-122.991749,46.133595],[-122.991715,46.133676],[-122.991603,46.133696],[-122.991585,46.133766],[-122.991456,46.133766],[-122.991456,46.133676],[-122.991568,46.133656],[-122.991605,46.133552],[-122.991565,46.133502],[-122.991456,46.133496],[-122.991453,46.133084],[-122.991408,46.13305],[-122.991327,46.133046],[-122.991309,46.132886],[-122.991197,46.132866],[-122.991184,46.13271],[-122.991068,46.132686],[-122.991033,46.132605],[-122.990938,46.132596],[-122.990904,46.132515],[-122.990762,46.132492],[-122.990701,46.132508],[-122.990679,46.132686],[-122.99042,46.132686],[-122.990407,46.13262],[-122.990291,46.132596],[-122.990256,46.132515],[-122.990032,46.132506],[-122.990029,46.132364],[-122.989984,46.13233],[-122.989903,46.132326],[-122.98988,46.132161],[-122.989773,46.132146],[-122.98977,46.132094],[-122.989732,46.132062],[-122.989577,46.132057],[-122.989516,46.132099],[-122.989514,46.132236],[-122.989433,46.13224],[-122.989391,46.132269],[-122.989385,46.132416],[-122.989255,46.132416],[-122.989242,46.13235],[-122.989126,46.132326],[-122.98912,46.132269],[-122.989078,46.13224],[-122.988779,46.132242],[-122.988741,46.132274],[-122.988737,46.132325],[-122.988636,46.132338],[-122.988608,46.132415],[-122.988513,46.132425],[-122.988478,46.132505],[-122.988404,46.132508],[-122.988358,46.132534],[-122.988338,46.132877],[-122.98809,46.132865],[-122.988067,46.132791],[-122.987945,46.132768],[-122.987961,46.132686],[-122.988062,46.132673],[-122.98809,46.132596],[-122.988185,46.132586],[-122.98822,46.132506],[-122.988301,46.132501],[-122.988343,46.132472],[-122.988349,46.132326],[-122.988384,46.132283],[-122.988349,46.132235],[-122.988343,46.131999],[-122.988287,46.131967],[-122.98809,46.131965],[-122.988077,46.131899],[-122.988013,46.131875],[-122.987866,46.131885],[-122.987831,46.131965],[-122.987601,46.131978],[-122.987572,46.132055],[-122.987484,46.132062],[-122.987445,46.132099],[-122.987449,46.132292],[-122.987491,46.132321],[-122.987572,46.132327],[-122.987572,46.132415],[-122.987491,46.13242],[-122.987449,46.132449],[-122.987444,46.132552],[-122.987484,46.132589],[-122.987572,46.132595],[-122.987601,46.132673],[-122.987702,46.132686],[-122.98773,46.132763],[-122.987847,46.132783],[-122.987831,46.132865],[-122.98762,46.13287],[-122.987578,46.132899],[-122.987572,46.132955],[-122.987466,46.132971],[-122.987423,46.133085],[-122.987478,46.133133],[-122.987702,46.133136],[-122.987702,46.133267],[-122.98773,46.133303],[-122.9879,46.133328],[-122.987955,46.133296],[-122.987961,46.133226],[-122.988321,46.133213],[-122.988383,46.133098],[-122.988349,46.133045],[-122.98836,46.132945],[-122.988478,46.132956],[-122.988488,46.133017],[-122.988541,46.133044],[-122.988996,46.133046],[-122.989012,46.133128],[-122.988656,46.13314],[-122.988614,46.133169],[-122.988608,46.133225],[-122.988491,46.13325],[-122.988478,46.133315],[-122.988372,46.133331],[-122.988329,46.13353],[-122.988376,46.133581],[-122.988567,46.133579],[-122.988604,46.133547],[-122.988608,46.133496],[-122.988969,46.133497],[-122.988996,46.133406],[-122.989078,46.133401],[-122.989122,46.133367],[-122.98916,46.133273],[-122.989126,46.133226],[-122.989126,46.133136],[-122.989255,46.133136],[-122.989316,46.13316],[-122.989385,46.133136],[-122.989643,46.133136],[-122.989666,46.13321],[-122.989773,46.133226],[-122.989786,46.133382],[-122.989902,46.133406],[-122.989902,46.133496],[-122.989807,46.133505],[-122.989773,46.133586],[-122.989691,46.13359],[-122.989647,46.133624],[-122.989649,46.133732],[-122.989691,46.133762],[-122.989773,46.133766],[-122.989773,46.133854],[-122.989666,46.133871],[-122.989643,46.133946],[-122.989514,46.133946],[-122.989453,46.133922],[-122.989384,46.133946],[-122.989255,46.133946],[-122.989255,46.133814],[-122.989221,46.133775],[-122.988867,46.133766],[-122.988838,46.133688],[-122.988684,46.133652],[-122.988519,46.133682],[-122.988482,46.133714],[-122.988478,46.133765],[-122.988384,46.133768],[-122.988337,46.133795],[-122.988349,46.134035],[-122.988274,46.134038],[-122.988228,46.134064],[-122.988232,46.134192],[-122.988349,46.134216],[-122.988358,46.134277],[-122.988411,46.134305],[-122.988996,46.134306],[-122.989019,46.13438],[-122.989125,46.134396],[-122.98916,46.134477],[-122.989255,46.134486],[-122.989255,46.134664],[-122.988922,46.134668],[-122.988872,46.134699],[-122.988866,46.134756],[-122.988737,46.134756],[-122.988724,46.13469],[-122.988608,46.134666],[-122.988602,46.134609],[-122.98856,46.13458],[-122.988289,46.134576],[-122.988232,46.1346],[-122.988219,46.134755],[-122.988131,46.134762],[-122.988091,46.134799],[-122.98809,46.135115],[-122.987995,46.135125],[-122.98796,46.13517],[-122.987963,46.135617],[-122.988023,46.135654],[-122.988219,46.135656],[-122.988219,46.135745],[-122.98796,46.135745],[-122.987951,46.135684],[-122.987898,46.135657],[-122.987512,46.135656],[-122.987446,46.135694],[-122.987442,46.135835],[-122.987313,46.135835],[-122.987313,46.135566],[-122.987419,46.13555],[-122.987442,46.135476],[-122.987631,46.135475],[-122.987688,46.135451],[-122.987701,46.135206],[-122.98779,46.135199],[-122.987829,46.135162],[-122.987831,46.134936],[-122.987912,46.134931],[-122.987957,46.134897],[-122.987943,46.134505],[-122.987831,46.134485],[-122.987818,46.134419],[-122.987701,46.134395],[-122.987698,46.134344],[-122.98766,46.134312],[-122.987443,46.134305],[-122.987429,46.134149],[-122.987252,46.134101],[-122.987184,46.134125],[-122.986995,46.134126],[-122.986942,46.134145],[-122.986925,46.134485],[-122.986795,46.134485],[-122.986786,46.134334],[-122.98674,46.134308],[-122.986666,46.134305],[-122.986631,46.134224],[-122.986536,46.134215],[-122.986508,46.134138],[-122.986148,46.134125],[-122.986142,46.133889],[-122.9861,46.133859],[-122.986019,46.133855],[-122.986013,46.133799],[-122.985963,46.133768],[-122.985693,46.133766],[-122.985639,46.133794],[-122.98563,46.133855],[-122.985406,46.133864],[-122.985372,46.133904],[-122.985371,46.134035],[-122.985242,46.134035],[-122.98524,46.133899],[-122.985194,46.133859],[-122.984924,46.133855],[-122.984863,46.133884],[-122.984867,46.134011],[-122.984983,46.134035],[-122.985017,46.134116],[-122.985112,46.134125],[-122.985135,46.134199],[-122.985371,46.134215],[-122.985394,46.134289],[-122.985501,46.134305],[-122.985535,46.134386],[-122.98563,46.134395],[-122.98563,46.134485],[-122.985371,46.134485],[-122.985354,46.134415],[-122.985242,46.134395],[-122.985207,46.134314],[-122.985112,46.134305],[-122.985084,46.134227],[-122.984983,46.134215],[-122.984954,46.134137],[-122.984853,46.134125],[-122.984825,46.134047],[-122.984595,46.134035],[-122.984577,46.133965],[-122.984465,46.133945],[-122.984431,46.133864],[-122.984336,46.133855],[-122.984307,46.133777],[-122.984206,46.133765],[-122.984178,46.133687],[-122.984023,46.133651],[-122.983966,46.133662],[-122.983913,46.133717],[-122.983947,46.133765],[-122.98396,46.134011],[-122.984077,46.134035],[-122.984083,46.134092],[-122.984125,46.134121],[-122.984335,46.134125],[-122.984358,46.134199],[-122.984465,46.134215],[-122.984483,46.134285],[-122.984594,46.134305],[-122.984629,46.134386],[-122.984724,46.134395],[-122.984752,46.134473],[-122.984853,46.134485],[-122.984882,46.134563],[-122.984983,46.134575],[-122.984983,46.134664],[-122.984853,46.134665],[-122.98484,46.134599],[-122.984724,46.134575],[-122.98472,46.134523],[-122.984683,46.134491],[-122.984548,46.134471],[-122.984487,46.134488],[-122.984466,46.134712],[-122.984506,46.134749],[-122.984594,46.134755],[-122.984594,46.134935],[-122.984465,46.134935],[-122.984442,46.134861],[-122.984335,46.134845],[-122.984334,46.134695],[-122.984289,46.134656],[-122.984111,46.134674],[-122.984076,46.134755],[-122.983947,46.134755],[-122.983947,46.134665],[-122.984029,46.134661],[-122.984073,46.134627],[-122.984073,46.134433],[-122.984007,46.134395],[-122.983688,46.134395],[-122.983708,46.134265],[-122.983674,46.134224],[-122.98317,46.134215],[-122.983094,46.134191],[-122.98294,46.134227],[-122.982911,46.134305],[-122.982782,46.134305],[-122.982759,46.134231],[-122.982653,46.134215],[-122.98266,46.13406],[-122.982618,46.134037],[-122.982523,46.134035],[-122.98251,46.133969],[-122.982394,46.133945],[-122.982365,46.133867],[-122.982005,46.133855],[-122.981992,46.133789],[-122.981876,46.133765],[-122.981841,46.133684],[-122.981617,46.133675],[-122.981617,46.133585],[-122.981814,46.133584],[-122.981867,46.133556],[-122.981875,46.133358],[-122.981814,46.133316],[-122.981488,46.133315],[-122.981488,46.133135],[-122.981617,46.133135],[-122.981623,46.133191],[-122.981672,46.133222],[-122.981966,46.133232],[-122.982002,46.1332],[-122.982006,46.133135],[-122.9821,46.133132],[-122.98215,46.1331],[-122.982135,46.132955],[-122.982489,46.132946],[-122.982524,46.132865],[-122.98264,46.132841],[-122.982653,46.132775],[-122.982765,46.132755],[-122.982783,46.132685],[-122.982894,46.132665],[-122.982912,46.132595],[-122.983096,46.132609],[-122.983149,46.132592],[-122.983171,46.132415],[-122.983388,46.132414],[-122.983447,46.132375],[-122.983424,46.132268],[-122.98336,46.132235],[-122.983097,46.132237],[-122.983047,46.132268],[-122.983041,46.132325],[-122.982912,46.132325],[-122.982909,46.132003],[-122.982864,46.131969],[-122.982783,46.131965],[-122.982782,46.131834],[-122.982754,46.131797],[-122.982524,46.131785],[-122.982544,46.131565],[-122.98251,46.131524],[-122.982213,46.131515],[-122.982153,46.131534],[-122.982135,46.131695],[-122.982101,46.131737],[-122.982135,46.131785],[-122.982135,46.131875],[-122.982029,46.13189],[-122.982006,46.131965],[-122.981693,46.131951],[-122.98163,46.131975],[-122.981619,46.132191],[-122.981659,46.132228],[-122.981747,46.132235],[-122.981747,46.132325],[-122.981618,46.132325],[-122.981612,46.132268],[-122.98157,46.132239],[-122.981407,46.132239],[-122.981359,46.132283],[-122.981358,46.132505],[-122.981252,46.13252],[-122.981229,46.132594],[-122.981011,46.132601],[-122.980974,46.132633],[-122.980968,46.132685],[-122.980841,46.132684],[-122.980835,46.132614],[-122.98078,46.132582],[-122.980599,46.132614],[-122.980591,46.132746],[-122.980637,46.132772],[-122.980711,46.132775],[-122.980709,46.132954],[-122.980323,46.132954],[-122.98029,46.13286],[-122.980064,46.132864],[-122.980041,46.13279],[-122.979935,46.132774],[-122.979935,46.132594],[-122.980023,46.132588],[-122.980063,46.132551],[-122.980064,46.132324],[-122.980152,46.132318],[-122.980193,46.132276],[-122.980181,46.132168],[-122.980064,46.132144],[-122.980064,46.132054],[-122.980099,46.132007],[-122.980064,46.131964],[-122.980061,46.131629],[-122.979997,46.131591],[-122.979676,46.131604],[-122.979667,46.131543],[-122.979614,46.131515],[-122.979158,46.131514],[-122.979158,46.131424],[-122.979247,46.131418],[-122.979286,46.131381],[-122.979288,46.131244],[-122.979322,46.131196],[-122.979253,46.131073],[-122.979099,46.131064],[-122.979038,46.131093],[-122.978994,46.131197],[-122.979029,46.131244],[-122.979029,46.131334],[-122.978781,46.131345],[-122.978761,46.131259],[-122.978702,46.131231],[-122.978559,46.131248],[-122.978517,46.131277],[-122.978529,46.131404],[-122.978581,46.131424],[-122.978759,46.131413],[-122.978758,46.131574],[-122.978805,46.131602],[-122.978899,46.131604],[-122.978899,46.131784],[-122.978792,46.1318],[-122.97877,46.131874],[-122.978381,46.131874],[-122.978375,46.131817],[-122.978326,46.131786],[-122.977993,46.131784],[-122.97797,46.13171],[-122.977864,46.131694],[-122.977829,46.131613],[-122.977734,46.131604],[-122.977734,46.131424],[-122.977809,46.131422],[-122.977855,46.131395],[-122.977864,46.131244],[-122.977959,46.131235],[-122.977993,46.131154],[-122.978068,46.131152],[-122.978114,46.131125],[-122.978123,46.130884],[-122.978239,46.13086],[-122.978249,46.130742],[-122.978182,46.130704],[-122.977864,46.130704],[-122.977864,46.130573],[-122.977836,46.130536],[-122.977605,46.130524],[-122.977592,46.130458],[-122.977476,46.130434],[-122.97747,46.130377],[-122.977428,46.130348],[-122.977217,46.130344],[-122.977214,46.130202],[-122.977169,46.130168],[-122.977088,46.130164],[-122.977088,46.130074],[-122.977194,46.130058],[-122.977217,46.129984],[-122.977443,46.129988],[-122.977476,46.129894],[-122.977864,46.129894],[-122.977887,46.130058],[-122.978123,46.130074],[-122.978129,46.130131],[-122.978178,46.130162],[-122.978382,46.130164],[-122.978385,46.130229],[-122.978428,46.130263],[-122.978606,46.130245],[-122.978641,46.130164],[-122.97877,46.130164],[-122.978788,46.130324],[-122.978833,46.130343],[-122.978967,46.130343],[-122.979028,46.130301],[-122.979029,46.130164],[-122.979159,46.130164],[-122.979172,46.13032],[-122.979221,46.130343],[-122.979347,46.130344],[-122.979416,46.130301],[-122.979418,46.130074],[-122.979499,46.13007],[-122.979544,46.130036],[-122.979546,46.129848],[-122.979499,46.129808],[-122.979356,46.129791],[-122.979294,46.129824],[-122.979288,46.129894],[-122.979029,46.129894],[-122.979021,46.129819],[-122.978947,46.12979],[-122.978574,46.129805],[-122.978521,46.129833],[-122.978511,46.129894],[-122.978253,46.129894],[-122.978244,46.129743],[-122.978198,46.129716],[-122.978123,46.129714],[-122.978123,46.129479],[-122.97809,46.12944],[-122.977912,46.129448],[-122.97787,46.129477],[-122.977864,46.129534],[-122.977735,46.129534],[-122.977717,46.129374],[-122.977606,46.129354],[-122.977571,46.129273],[-122.977408,46.12924],[-122.977314,46.129296],[-122.977347,46.129354],[-122.977347,46.129444],[-122.977088,46.129444],[-122.977065,46.12928],[-122.976829,46.129264],[-122.976849,46.12914],[-122.976827,46.1291],[-122.9767,46.129084],[-122.976682,46.129013],[-122.97657,46.128994],[-122.976557,46.128928],[-122.976441,46.128904],[-122.976406,46.128823],[-122.976182,46.128814],[-122.976159,46.128739],[-122.976053,46.128723],[-122.976043,46.128572],[-122.975998,46.128546],[-122.975923,46.128542],[-122.975923,46.128454],[-122.976005,46.128449],[-122.976049,46.128415],[-122.976053,46.128274],[-122.97664,46.128286],[-122.976694,46.128254],[-122.9767,46.128184],[-122.976959,46.128184],[-122.976982,46.128258],[-122.977088,46.128274],[-122.977123,46.128355],[-122.977218,46.128364],[-122.977218,46.128544],[-122.977183,46.128592],[-122.977224,46.12869],[-122.977266,46.12872],[-122.977416,46.128748],[-122.977565,46.128717],[-122.977603,46.128686],[-122.977606,46.128634],[-122.977701,46.128625],[-122.977736,46.128544],[-122.97781,46.128542],[-122.977856,46.128515],[-122.977865,46.128413],[-122.977837,46.128376],[-122.977606,46.128364],[-122.977606,46.128233],[-122.977578,46.128196],[-122.977347,46.128184],[-122.977341,46.128127],[-122.977292,46.128096],[-122.977088,46.128094],[-122.977108,46.127964],[-122.977068,46.12792],[-122.97683,46.127914],[-122.976829,46.127782],[-122.976801,46.127746],[-122.976571,46.127734],[-122.976542,46.127656],[-122.97638,46.12763],[-122.976313,46.127673],[-122.976312,46.127824],[-122.975794,46.127823],[-122.975793,46.127687],[-122.975753,46.12765],[-122.975323,46.127634],[-122.975277,46.127678],[-122.975277,46.127775],[-122.975305,46.127811],[-122.975535,46.127823],[-122.975548,46.127889],[-122.975665,46.127914],[-122.97567,46.12797],[-122.975712,46.127999],[-122.976053,46.128004],[-122.976053,46.128093],[-122.975946,46.128109],[-122.975923,46.128183],[-122.975276,46.128183],[-122.975253,46.128109],[-122.975147,46.128093],[-122.975134,46.128027],[-122.975017,46.128003],[-122.974989,46.127926],[-122.974888,46.127913],[-122.974888,46.127823],[-122.974923,46.127776],[-122.974885,46.127682],[-122.97484,46.127647],[-122.974759,46.127643],[-122.974724,46.127562],[-122.974582,46.127539],[-122.974527,46.127552],[-122.9745,46.127588],[-122.9745,46.127733],[-122.974393,46.127749],[-122.97437,46.127823],[-122.974241,46.127823],[-122.974219,46.127556],[-122.974158,46.127539],[-122.973993,46.127564],[-122.973948,46.127472],[-122.973765,46.127464],[-122.973704,46.127508],[-122.973732,46.127614],[-122.973793,46.127643],[-122.973971,46.127632],[-122.973982,46.127733],[-122.973875,46.127749],[-122.973852,46.127823],[-122.973635,46.127829],[-122.973597,46.127861],[-122.973593,46.127913],[-122.973519,46.127915],[-122.973473,46.127941],[-122.973467,46.128145],[-122.973512,46.128179],[-122.973593,46.128183],[-122.973593,46.128273],[-122.973464,46.128273],[-122.973388,46.128249],[-122.973334,46.128273],[-122.973131,46.128275],[-122.973079,46.128311],[-122.973089,46.128429],[-122.973205,46.128454],[-122.973205,46.128633],[-122.97313,46.128635],[-122.973085,46.128661],[-122.973093,46.128793],[-122.973205,46.128813],[-122.973222,46.128883],[-122.973334,46.128903],[-122.973347,46.128969],[-122.973463,46.128993],[-122.973498,46.129074],[-122.973722,46.129083],[-122.973731,46.129234],[-122.973777,46.129261],[-122.973852,46.129263],[-122.973886,46.129344],[-122.973981,46.129353],[-122.97401,46.129431],[-122.97424,46.129443],[-122.974258,46.129513],[-122.974369,46.129533],[-122.974387,46.129603],[-122.974499,46.129623],[-122.974512,46.129689],[-122.974628,46.129713],[-122.974663,46.129794],[-122.974887,46.129803],[-122.97491,46.129967],[-122.975016,46.129983],[-122.975022,46.13004],[-122.975064,46.130069],[-122.975275,46.130073],[-122.975281,46.13022],[-122.975323,46.130249],[-122.975405,46.130253],[-122.975439,46.130334],[-122.975663,46.130344],[-122.975663,46.130523],[-122.975534,46.130523],[-122.975516,46.130453],[-122.975405,46.130433],[-122.97537,46.130353],[-122.975275,46.130343],[-122.975247,46.130266],[-122.975146,46.130253],[-122.975117,46.130176],[-122.975016,46.130163],[-122.974988,46.130086],[-122.974887,46.130073],[-122.974859,46.129996],[-122.974758,46.129983],[-122.974735,46.129909],[-122.974499,46.129893],[-122.974481,46.129823],[-122.974369,46.129803],[-122.974335,46.129722],[-122.97424,46.129713],[-122.974212,46.129635],[-122.974111,46.129623],[-122.974082,46.129545],[-122.973981,46.129533],[-122.973953,46.129455],[-122.973852,46.129443],[-122.973823,46.129365],[-122.973722,46.129353],[-122.9737,46.129279],[-122.973463,46.129263],[-122.973441,46.129189],[-122.973334,46.129173],[-122.973316,46.129103],[-122.973205,46.129083],[-122.97317,46.129002],[-122.973075,46.128993],[-122.973047,46.128915],[-122.972946,46.128903],[-122.972917,46.128825],[-122.972816,46.128813],[-122.972788,46.128735],[-122.972687,46.128723],[-122.972671,46.12864],[-122.972911,46.12863],[-122.972965,46.128588],[-122.972937,46.128481],[-122.972891,46.128455],[-122.972817,46.128453],[-122.972788,46.128375],[-122.972628,46.128363],[-122.972571,46.128387],[-122.972523,46.128495],[-122.972558,46.128543],[-122.972558,46.128633],[-122.972428,46.128633],[-122.972405,46.128559],[-122.972299,46.128543],[-122.972264,46.128462],[-122.972169,46.128453],[-122.972169,46.128363],[-122.97238,46.128359],[-122.972422,46.128329],[-122.972428,46.128273],[-122.972503,46.12827],[-122.972549,46.128244],[-122.972592,46.128135],[-122.972558,46.128093],[-122.972545,46.127937],[-122.972488,46.127913],[-122.972299,46.127913],[-122.972299,46.127781],[-122.972271,46.127745],[-122.97204,46.127733],[-122.972034,46.127676],[-122.971985,46.127645],[-122.971782,46.127642],[-122.971759,46.127568],[-122.971652,46.127552],[-122.971619,46.127458],[-122.971393,46.127462],[-122.971393,46.127331],[-122.971365,46.127295],[-122.971005,46.127282],[-122.971005,46.127192],[-122.971352,46.127186],[-122.971392,46.127149],[-122.971394,46.127012],[-122.971523,46.127013],[-122.971546,46.127087],[-122.971652,46.127103],[-122.971687,46.127183],[-122.971782,46.127193],[-122.971778,46.127352],[-122.971911,46.127373],[-122.971929,46.127443],[-122.97204,46.127463],[-122.97205,46.127524],[-122.97211,46.127552],[-122.972257,46.127552],[-122.972307,46.127528],[-122.972299,46.127331],[-122.972258,46.127289],[-122.97217,46.127283],[-122.972167,46.127141],[-122.972122,46.127107],[-122.972041,46.127103],[-122.972041,46.127013],[-122.972299,46.127013],[-122.972317,46.127083],[-122.972429,46.127103],[-122.972446,46.127173],[-122.972558,46.127193],[-122.972571,46.127259],[-122.972688,46.127283],[-122.972694,46.127339],[-122.972736,46.127369],[-122.97303,46.127382],[-122.97307,46.127353],[-122.973087,46.127272],[-122.973205,46.127283],[-122.973211,46.12734],[-122.973253,46.127369],[-122.973389,46.127387],[-122.973447,46.127366],[-122.973458,46.127226],[-122.973416,46.127197],[-122.973335,46.127193],[-122.9733,46.127112],[-122.973117,46.127109],[-122.973065,46.127204],[-122.972817,46.127193],[-122.972794,46.127119],[-122.972688,46.127103],[-122.972665,46.126939],[-122.972429,46.126923],[-122.972406,46.126848],[-122.9723,46.126833],[-122.972299,46.126701],[-122.972265,46.126662],[-122.972041,46.126653],[-122.972043,46.126473],[-122.97217,46.126473],[-122.972183,46.126539],[-122.9723,46.126563],[-122.972306,46.126619],[-122.972355,46.12665],[-122.972783,46.126644],[-122.972818,46.126563],[-122.97292,46.126559],[-122.972964,46.126523],[-122.972958,46.126192],[-122.973076,46.126203],[-122.973099,46.126277],[-122.973206,46.126293],[-122.973186,46.126422],[-122.973226,46.126466],[-122.973544,46.126473],[-122.973606,46.126443],[-122.973581,46.126317],[-122.973465,46.126293],[-122.97343,46.126212],[-122.973336,46.126203],[-122.973307,46.126125],[-122.973206,46.126113],[-122.973172,46.126032],[-122.973002,46.126025],[-122.972953,46.126056],[-122.972936,46.126124],[-122.972818,46.126113],[-122.972818,46.126023],[-122.972924,46.126007],[-122.97298,46.125901],[-122.972947,46.125843],[-122.972947,46.125663],[-122.973036,46.125656],[-122.973075,46.125619],[-122.973077,46.125442],[-122.973049,46.125405],[-122.972818,46.125393],[-122.972757,46.125369],[-122.972689,46.125393],[-122.972492,46.125394],[-122.972439,46.125421],[-122.97243,46.125483],[-122.9723,46.125483],[-122.972283,46.125322],[-122.97223,46.125303],[-122.972083,46.125309],[-122.972043,46.125346],[-122.972041,46.125483],[-122.97194,46.125495],[-122.971912,46.125572],[-122.971811,46.125585],[-122.971782,46.125662],[-122.971681,46.125675],[-122.971653,46.125752],[-122.971558,46.125762],[-122.971523,46.125842],[-122.971412,46.125862],[-122.971394,46.126022],[-122.971158,46.126038],[-122.971135,46.126202],[-122.97104,46.126211],[-122.971005,46.126292],[-122.970889,46.126316],[-122.970879,46.126434],[-122.970924,46.126468],[-122.971005,46.126472],[-122.971005,46.126561],[-122.970899,46.126578],[-122.970876,46.126652],[-122.970746,46.126652],[-122.970685,46.126628],[-122.970615,46.126652],[-122.970358,46.126652],[-122.970297,46.126628],[-122.970229,46.126652],[-122.96997,46.126652],[-122.96997,46.126472],[-122.970005,46.12643],[-122.96997,46.126382],[-122.96997,46.126292],[-122.970077,46.126276],[-122.9701,46.126202],[-122.970455,46.126206],[-122.970488,46.126162],[-122.970465,46.126038],[-122.970418,46.126022],[-122.97004,46.126022],[-122.969979,46.126051],[-122.96997,46.126112],[-122.969841,46.126112],[-122.969772,46.126088],[-122.969616,46.126114],[-122.969563,46.126157],[-122.969582,46.126292],[-122.969452,46.126292],[-122.969449,46.12624],[-122.969411,46.126208],[-122.969193,46.126202],[-122.969176,46.126132],[-122.969064,46.126112],[-122.969051,46.126046],[-122.968935,46.126022],[-122.9689,46.125941],[-122.968676,46.125932],[-122.968663,46.125776],[-122.968547,46.125752],[-122.968512,46.125671],[-122.968417,46.125662],[-122.968417,46.125572],[-122.968452,46.125524],[-122.968408,46.12542],[-122.968362,46.125394],[-122.968288,46.125392],[-122.968253,46.125311],[-122.968158,46.125301],[-122.968159,46.125212],[-122.968288,46.125212],[-122.968305,46.125282],[-122.968417,46.125302],[-122.968435,46.125372],[-122.968547,46.125392],[-122.968564,46.125462],[-122.968676,46.125482],[-122.968689,46.125548],[-122.968805,46.125572],[-122.968811,46.125628],[-122.96886,46.125659],[-122.969146,46.125658],[-122.969188,46.125629],[-122.969194,46.125572],[-122.969275,46.125568],[-122.96932,46.125534],[-122.969314,46.12542],[-122.969268,46.125394],[-122.969194,46.125392],[-122.969171,46.125318],[-122.968935,46.125302],[-122.968912,46.125228],[-122.968806,46.125212],[-122.968788,46.125141],[-122.968676,46.125122],[-122.968642,46.125041],[-122.968547,46.125032],[-122.968518,46.124954],[-122.968418,46.124942],[-122.968389,46.124864],[-122.968288,46.124852],[-122.968265,46.124597],[-122.968029,46.124581],[-122.968029,46.124492],[-122.96835,46.124505],[-122.968416,46.124462],[-122.968412,46.124345],[-122.96837,46.124316],[-122.968288,46.124312],[-122.968289,46.124222],[-122.96837,46.124217],[-122.968412,46.124188],[-122.968453,46.124089],[-122.968418,46.124042],[-122.968418,46.123862],[-122.96853,46.123842],[-122.968582,46.123724],[-122.968535,46.123616],[-122.968418,46.123592],[-122.968396,46.123517],[-122.968085,46.123504],[-122.968036,46.123535],[-122.96803,46.123591],[-122.967798,46.12359],[-122.967771,46.123681],[-122.967642,46.123681],[-122.967573,46.123657],[-122.967424,46.123688],[-122.967386,46.12372],[-122.967383,46.123771],[-122.967282,46.123784],[-122.967253,46.123861],[-122.967158,46.12387],[-122.967124,46.123951],[-122.967049,46.123954],[-122.967003,46.12398],[-122.966997,46.124183],[-122.967042,46.124217],[-122.967123,46.124221],[-122.967123,46.12431],[-122.967007,46.124335],[-122.966997,46.124453],[-122.967042,46.124487],[-122.967123,46.124491],[-122.967158,46.124572],[-122.967253,46.124581],[-122.967281,46.124659],[-122.967382,46.124671],[-122.96741,46.124749],[-122.967511,46.124761],[-122.967511,46.124851],[-122.967382,46.124851],[-122.967359,46.124777],[-122.967253,46.124761],[-122.96723,46.124687],[-122.967123,46.124671],[-122.967101,46.124597],[-122.966994,46.124581],[-122.966971,46.124507],[-122.966865,46.124491],[-122.966847,46.124421],[-122.966735,46.124401],[-122.966701,46.12432],[-122.966606,46.124311],[-122.966577,46.124233],[-122.966476,46.124221],[-122.966448,46.124143],[-122.966347,46.124131],[-122.966319,46.124053],[-122.966218,46.124041],[-122.966189,46.123963],[-122.966088,46.123951],[-122.966085,46.123629],[-122.96604,46.123595],[-122.965959,46.123591],[-122.965931,46.123513],[-122.965755,46.123503],[-122.965706,46.123534],[-122.9657,46.123591],[-122.965571,46.123591],[-122.965562,46.123349],[-122.965508,46.123322],[-122.965362,46.123321],[-122.965293,46.123366],[-122.965312,46.123591],[-122.965182,46.123591],[-122.965165,46.12352],[-122.965053,46.123501],[-122.965019,46.12342],[-122.964924,46.123411],[-122.964895,46.123333],[-122.964665,46.12332],[-122.964665,46.123141],[-122.964869,46.123138],[-122.964923,46.123092],[-122.964911,46.122985],[-122.964795,46.12296],[-122.964794,46.122829],[-122.964766,46.122793],[-122.964589,46.122757],[-122.964435,46.122793],[-122.964406,46.12287],[-122.963889,46.12287],[-122.963889,46.12278],[-122.963977,46.122774],[-122.964017,46.122737],[-122.964018,46.1226],[-122.964053,46.122553],[-122.964018,46.12251],[-122.964012,46.122364],[-122.96397,46.122334],[-122.963889,46.12233],[-122.963854,46.122249],[-122.96376,46.12224],[-122.963731,46.122162],[-122.96363,46.12215],[-122.963602,46.122072],[-122.963501,46.12206],[-122.963472,46.121982],[-122.963371,46.12197],[-122.963366,46.121823],[-122.963324,46.121794],[-122.963242,46.12179],[-122.963214,46.121712],[-122.962854,46.1217],[-122.962854,46.121569],[-122.962826,46.121532],[-122.962595,46.12152],[-122.962582,46.121454],[-122.962466,46.12143],[-122.96246,46.121373],[-122.962418,46.121344],[-122.962207,46.12134],[-122.962207,46.12125],[-122.962241,46.121197],[-122.962166,46.121076],[-122.962001,46.121059],[-122.961954,46.121089],[-122.961948,46.12116],[-122.961819,46.121159],[-122.961796,46.121085],[-122.96169,46.121069],[-122.961676,46.121003],[-122.96156,46.120979],[-122.961532,46.120902],[-122.961431,46.120889],[-122.961431,46.120799],[-122.961465,46.120757],[-122.961445,46.120718],[-122.96137,46.120685],[-122.961301,46.120709],[-122.961172,46.120709],[-122.961172,46.120619],[-122.961207,46.120572],[-122.961149,46.120455],[-122.960968,46.120442],[-122.960919,46.120473],[-122.960913,46.120529],[-122.960784,46.120529],[-122.960761,46.120455],[-122.960655,46.120439],[-122.96062,46.120358],[-122.960525,46.120349],[-122.960525,46.120259],[-122.96056,46.120211],[-122.960503,46.120095],[-122.960137,46.120079],[-122.960137,46.119989],[-122.960172,46.119941],[-122.960103,46.119818],[-122.959947,46.119785],[-122.959878,46.119809],[-122.959749,46.119809],[-122.959736,46.119743],[-122.95962,46.119719],[-122.959614,46.119649],[-122.959559,46.119616],[-122.959395,46.119638],[-122.959359,46.119719],[-122.959231,46.119719],[-122.959209,46.119644],[-122.959102,46.119629],[-122.959093,46.119477],[-122.959047,46.119451],[-122.958973,46.119448],[-122.958938,46.119368],[-122.958843,46.119358],[-122.958843,46.119269],[-122.959027,46.119282],[-122.95908,46.119266],[-122.959102,46.119089],[-122.959491,46.119089],[-122.959525,46.11917],[-122.959679,46.119179],[-122.959746,46.11914],[-122.95975,46.118999],[-122.959879,46.118999],[-122.959948,46.119023],[-122.960109,46.118987],[-122.960138,46.118909],[-122.960226,46.118903],[-122.960267,46.11886],[-122.960254,46.118753],[-122.960138,46.118729],[-122.960138,46.118639],[-122.960347,46.118639],[-122.9604,46.118618],[-122.960397,46.118279],[-122.960615,46.118273],[-122.960653,46.118241],[-122.960656,46.118189],[-122.961432,46.118189],[-122.961432,46.118369],[-122.961326,46.118385],[-122.961303,46.118459],[-122.960977,46.11846],[-122.960916,46.118503],[-122.960932,46.118619],[-122.961044,46.118639],[-122.961078,46.11872],[-122.961173,46.118729],[-122.961175,46.118879],[-122.961234,46.118922],[-122.961409,46.118894],[-122.961432,46.118729],[-122.961539,46.118714],[-122.961562,46.118639],[-122.961792,46.118627],[-122.961821,46.11855],[-122.961902,46.118545],[-122.961944,46.118516],[-122.96195,46.11837],[-122.962079,46.11837],[-122.962079,46.11864],[-122.961991,46.118646],[-122.96195,46.118688],[-122.96195,46.118965],[-122.962017,46.119013],[-122.962419,46.118996],[-122.962466,46.118956],[-122.962468,46.11882],[-122.962597,46.11882],[-122.962666,46.118844],[-122.962821,46.118811],[-122.962855,46.118771],[-122.962856,46.11864],[-122.962951,46.118631],[-122.962985,46.11855],[-122.963067,46.118546],[-122.963109,46.118517],[-122.963115,46.11837],[-122.963304,46.11837],[-122.963361,46.118346],[-122.963394,46.118246],[-122.963372,46.118206],[-122.963245,46.11819],[-122.963222,46.118116],[-122.963115,46.1181],[-122.963098,46.11803],[-122.962986,46.11801],[-122.962951,46.117929],[-122.962856,46.11792],[-122.962828,46.117842],[-122.962727,46.11783],[-122.962699,46.117752],[-122.962598,46.11774],[-122.96258,46.117489],[-122.962407,46.117446],[-122.962339,46.11747],[-122.96221,46.11747],[-122.962187,46.117395],[-122.96208,46.11738],[-122.962063,46.117309],[-122.961951,46.117289],[-122.961916,46.117209],[-122.961822,46.117199],[-122.961793,46.117122],[-122.961692,46.117109],[-122.961686,46.116963],[-122.961644,46.116934],[-122.961563,46.116929],[-122.961535,46.116852],[-122.961235,46.116827],[-122.96118,46.116859],[-122.961175,46.116929],[-122.960916,46.116929],[-122.960893,46.116855],[-122.960787,46.116839],[-122.960764,46.116675],[-122.960528,46.116659],[-122.960505,46.116585],[-122.960398,46.116569],[-122.960381,46.116409],[-122.960336,46.11639],[-122.960202,46.11639],[-122.960149,46.116417],[-122.96014,46.116479],[-122.960065,46.116481],[-122.960019,46.116507],[-122.960013,46.116621],[-122.960058,46.116655],[-122.960139,46.116659],[-122.960143,46.116711],[-122.96018,46.116743],[-122.960398,46.116749],[-122.960398,46.116839],[-122.960291,46.116855],[-122.960269,46.116929],[-122.960174,46.116938],[-122.960139,46.117019],[-122.960027,46.117039],[-122.96001,46.117109],[-122.959751,46.117109],[-122.959742,46.116957],[-122.959696,46.116931],[-122.959622,46.116929],[-122.959622,46.1163],[-122.959731,46.116292],[-122.959771,46.116238],[-122.959734,46.116138],[-122.959622,46.116119],[-122.9596,46.115955],[-122.959304,46.115939],[-122.959243,46.115967],[-122.959234,46.116028],[-122.958848,46.116028],[-122.95884,46.115972],[-122.958798,46.115943],[-122.958528,46.115939],[-122.958467,46.115967],[-122.958457,46.116028],[-122.958199,46.116028],[-122.958186,46.115962],[-122.958069,46.115938],[-122.958047,46.115864],[-122.957924,46.11584],[-122.957939,46.115712],[-122.957862,46.115668],[-122.95747,46.115672],[-122.957428,46.115701],[-122.957411,46.115769],[-122.957192,46.11577],[-122.957144,46.115877],[-122.957191,46.115934],[-122.957352,46.115938],[-122.957413,46.115909],[-122.957433,46.115837],[-122.957811,46.115848],[-122.95782,46.116],[-122.957866,46.116026],[-122.95794,46.116028],[-122.95794,46.116298],[-122.957905,46.116341],[-122.957939,46.116388],[-122.95794,46.116609],[-122.95798,46.116652],[-122.958069,46.116658],[-122.958069,46.116838],[-122.957865,46.11684],[-122.957816,46.116871],[-122.95781,46.116928],[-122.957579,46.11694],[-122.957551,46.116977],[-122.957551,46.117108],[-122.957421,46.117108],[-122.95742,46.116971],[-122.957359,46.116929],[-122.957211,46.116932],[-122.957169,46.116961],[-122.957163,46.117018],[-122.957033,46.117018],[-122.957033,46.116928],[-122.957115,46.116924],[-122.957159,46.116889],[-122.957163,46.116712],[-122.957128,46.116667],[-122.957034,46.116658],[-122.957005,46.11658],[-122.956904,46.116568],[-122.956904,46.116478],[-122.957006,46.116473],[-122.957052,46.116433],[-122.957031,46.116156],[-122.956986,46.116122],[-122.956905,46.116118],[-122.956903,46.115981],[-122.956864,46.115944],[-122.956701,46.11594],[-122.956652,46.115971],[-122.956646,46.116028],[-122.956518,46.116028],[-122.956494,46.115953],[-122.956371,46.11593],[-122.956371,46.115855],[-122.956475,46.115841],[-122.956515,46.115804],[-122.956513,46.115692],[-122.956449,46.115654],[-122.956271,46.115691],[-122.956273,46.11584],[-122.956223,46.115895],[-122.956273,46.115945],[-122.956263,46.116264],[-122.956305,46.116293],[-122.956387,46.116298],[-122.956421,46.116378],[-122.956516,46.116388],[-122.956516,46.116658],[-122.956257,46.116657],[-122.956251,46.116511],[-122.956209,46.116482],[-122.956128,46.116477],[-122.956106,46.11639],[-122.956053,46.116374],[-122.955869,46.116387],[-122.955869,46.116297],[-122.955903,46.116244],[-122.955837,46.116188],[-122.955645,46.116216],[-122.95561,46.116297],[-122.955465,46.11629],[-122.9555,46.116162],[-122.955423,46.116117],[-122.955277,46.116119],[-122.955224,46.116161],[-122.955235,46.116273],[-122.955367,46.116305],[-122.955351,46.116387],[-122.955222,46.116387],[-122.955216,46.11633],[-122.955167,46.116299],[-122.954963,46.116297],[-122.954957,46.11624],[-122.954908,46.116209],[-122.954603,46.116219],[-122.954575,46.116297],[-122.95448,46.116306],[-122.954445,46.116387],[-122.954371,46.116389],[-122.954325,46.116415],[-122.954316,46.116567],[-122.954215,46.116579],[-122.954186,46.116657],[-122.954091,46.116666],[-122.954057,46.116747],[-122.95394,46.116771],[-122.953927,46.116926],[-122.953821,46.116942],[-122.953798,46.117016],[-122.953668,46.117016],[-122.953668,46.116927],[-122.95375,46.116922],[-122.953794,46.116888],[-122.953796,46.11679],[-122.953763,46.116756],[-122.95341,46.116746],[-122.953381,46.116669],[-122.953227,46.116633],[-122.953151,46.116656],[-122.953022,46.116656],[-122.953009,46.11623],[-122.952952,46.116206],[-122.952634,46.116206],[-122.952634,46.116026],[-122.95285,46.116025],[-122.952907,46.115992],[-122.952893,46.115756],[-122.953,46.11574],[-122.953022,46.115666],[-122.953206,46.11568],[-122.953264,46.11566],[-122.953282,46.115396],[-122.953388,46.11538],[-122.953411,46.115306],[-122.953527,46.115282],[-122.95354,46.115216],[-122.953758,46.11521],[-122.953796,46.115178],[-122.953799,46.115127],[-122.95414,46.115123],[-122.954182,46.115093],[-122.954188,46.115037],[-122.954317,46.115037],[-122.954326,46.115098],[-122.954379,46.115126],[-122.954508,46.11514],[-122.954573,46.115102],[-122.954567,46.114975],[-122.954521,46.114949],[-122.954447,46.114947],[-122.954447,46.114857],[-122.954481,46.114809],[-122.954438,46.114705],[-122.954384,46.114678],[-122.954188,46.114677],[-122.954185,46.114445],[-122.95414,46.114411],[-122.954059,46.114407],[-122.954059,46.113957],[-122.954133,46.113954],[-122.954179,46.113928],[-122.954189,46.113777],[-122.954318,46.113777],[-122.954324,46.113833],[-122.954373,46.113864],[-122.954575,46.11385],[-122.954597,46.113811],[-122.954577,46.113597],[-122.954895,46.113597],[-122.954952,46.113573],[-122.954966,46.113147],[-122.955,46.113104],[-122.954966,46.113057],[-122.954966,46.112967],[-122.95504,46.112965],[-122.955086,46.112938],[-122.955095,46.112787],[-122.95519,46.112778],[-122.955225,46.112697],[-122.955337,46.112677],[-122.955354,46.112517],[-122.955449,46.112508],[-122.955484,46.112427],[-122.955565,46.112423],[-122.955607,46.112394],[-122.955613,46.112247],[-122.955708,46.112238],[-122.955743,46.112157],[-122.955817,46.112155],[-122.955863,46.112129],[-122.955873,46.111977],[-122.955967,46.111968],[-122.956002,46.111887],[-122.956118,46.111863],[-122.956132,46.111707],[-122.956213,46.111703],[-122.956258,46.111669],[-122.956261,46.111527],[-122.956356,46.111518],[-122.956391,46.111437],[-122.956472,46.111433],[-122.956514,46.111404],[-122.95652,46.111258],[-122.956731,46.111253],[-122.956773,46.111224],[-122.956779,46.111168],[-122.956895,46.111144],[-122.956908,46.111023],[-122.956881,46.110987],[-122.95665,46.110987],[-122.95665,46.110808],[-122.956766,46.110784],[-122.956779,46.110628],[-122.956874,46.110618],[-122.956909,46.110538],[-122.957021,46.110518],[-122.957038,46.110358],[-122.957145,46.110342],[-122.957168,46.110268],[-122.957427,46.110268],[-122.957495,46.110292],[-122.957668,46.110248],[-122.95772,46.110135],[-122.957686,46.110088],[-122.957686,46.109908],[-122.957815,46.109908],[-122.957833,46.110068],[-122.957885,46.110088],[-122.958074,46.110088],[-122.958091,46.110158],[-122.958203,46.110178],[-122.958238,46.110259],[-122.958332,46.110268],[-122.958361,46.110346],[-122.958462,46.110358],[-122.95849,46.110436],[-122.958591,46.110448],[-122.958619,46.110526],[-122.95885,46.110538],[-122.958873,46.110613],[-122.958979,46.110628],[-122.958997,46.110699],[-122.959108,46.110718],[-122.959143,46.110799],[-122.959238,46.110809],[-122.959266,46.110886],[-122.959367,46.110899],[-122.95937,46.11104],[-122.959415,46.111074],[-122.959496,46.111079],[-122.959496,46.111169],[-122.95939,46.111184],[-122.959367,46.111258],[-122.959251,46.111282],[-122.959237,46.111348],[-122.959001,46.111364],[-122.958978,46.111528],[-122.957998,46.11153],[-122.957949,46.111561],[-122.957943,46.111618],[-122.957707,46.111634],[-122.957684,46.111708],[-122.957583,46.11172],[-122.957555,46.111798],[-122.95746,46.111807],[-122.957425,46.111888],[-122.957314,46.111908],[-122.957296,46.111978],[-122.957065,46.11199],[-122.957037,46.112068],[-122.956942,46.112077],[-122.956907,46.112158],[-122.956833,46.11216],[-122.956787,46.112186],[-122.956778,46.112338],[-122.956683,46.112347],[-122.956648,46.112427],[-122.956574,46.11243],[-122.956528,46.112456],[-122.956519,46.112607],[-122.956437,46.112612],[-122.956393,46.112646],[-122.956389,46.112787],[-122.956315,46.11279],[-122.956269,46.112816],[-122.956277,46.113128],[-122.95633,46.113147],[-122.956518,46.113148],[-122.956536,46.113218],[-122.956648,46.113238],[-122.956661,46.113304],[-122.956777,46.113328],[-122.956781,46.113379],[-122.956818,46.113411],[-122.957036,46.113418],[-122.957059,46.113492],[-122.957165,46.113508],[-122.957183,46.113668],[-122.957294,46.113688],[-122.957312,46.113758],[-122.957424,46.113778],[-122.957441,46.113848],[-122.957553,46.113868],[-122.957566,46.113934],[-122.957683,46.113958],[-122.957686,46.11401],[-122.957724,46.114042],[-122.958016,46.114046],[-122.958065,46.114015],[-122.958071,46.113958],[-122.9582,46.113958],[-122.958261,46.113982],[-122.95833,46.113958],[-122.958457,46.113958],[-122.958462,46.11401],[-122.9585,46.114042],[-122.958718,46.114048],[-122.958733,46.114491],[-122.958608,46.114505],[-122.958568,46.114549],[-122.958594,46.114645],[-122.95865,46.114677],[-122.958772,46.114692],[-122.95883,46.114672],[-122.958847,46.114498],[-122.959364,46.114499],[-122.959382,46.114569],[-122.959494,46.114589],[-122.959503,46.11465],[-122.959564,46.114678],[-122.959718,46.11467],[-122.959753,46.114589],[-122.960011,46.114589],[-122.96002,46.114664],[-122.960087,46.114693],[-122.960474,46.114677],[-122.960523,46.114646],[-122.960529,46.114589],[-122.960999,46.114585],[-122.961045,46.114546],[-122.961047,46.114409],[-122.961128,46.114405],[-122.961173,46.114371],[-122.961177,46.114229],[-122.961258,46.114225],[-122.961303,46.114191],[-122.961306,46.113959],[-122.961401,46.113957],[-122.96145,46.113925],[-122.961436,46.113779],[-122.961653,46.113773],[-122.961691,46.113741],[-122.961695,46.113689],[-122.961953,46.11369],[-122.961962,46.113841],[-122.962008,46.113867],[-122.962083,46.11387],[-122.962083,46.114195],[-122.962122,46.114236],[-122.962471,46.11423],[-122.962499,46.114307],[-122.962729,46.11432],[-122.962738,46.114395],[-122.962804,46.114424],[-122.962954,46.114401],[-122.962988,46.11432],[-122.96307,46.114316],[-122.963112,46.114287],[-122.963109,46.114168],[-122.963063,46.114142],[-122.962988,46.11414],[-122.962967,46.113872],[-122.962913,46.113856],[-122.962471,46.11387],[-122.962491,46.113655],[-122.962469,46.113616],[-122.962421,46.1136],[-122.962083,46.113599],[-122.962074,46.113448],[-122.962028,46.113422],[-122.961954,46.113419],[-122.961944,46.113268],[-122.961899,46.113242],[-122.961824,46.113239],[-122.961818,46.113093],[-122.961776,46.113063],[-122.961695,46.113059],[-122.961692,46.112918],[-122.961647,46.112883],[-122.961566,46.112879],[-122.961553,46.112723],[-122.961436,46.112699],[-122.961437,46.112429],[-122.961518,46.112425],[-122.96156,46.112396],[-122.961565,46.112203],[-122.961525,46.112166],[-122.961437,46.112159],[-122.961408,46.112082],[-122.961308,46.112069],[-122.961279,46.111991],[-122.961178,46.111979],[-122.961165,46.111643],[-122.960988,46.111595],[-122.960919,46.111619],[-122.96079,46.111619],[-122.960787,46.111567],[-122.960749,46.111535],[-122.960531,46.111529],[-122.960522,46.111377],[-122.960476,46.111351],[-122.960402,46.111349],[-122.960405,46.111189],[-122.960352,46.111169],[-122.960144,46.111169],[-122.960121,46.111095],[-122.960014,46.111079],[-122.960001,46.110923],[-122.959885,46.110899],[-122.959896,46.110798],[-122.959972,46.110808],[-122.960026,46.110779],[-122.960007,46.110712],[-122.959946,46.110695],[-122.959874,46.11073],[-122.959756,46.110719],[-122.959752,46.110667],[-122.959715,46.110635],[-122.959497,46.110628],[-122.959484,46.110563],[-122.959368,46.110538],[-122.959333,46.110458],[-122.959109,46.110448],[-122.959086,46.110374],[-122.958979,46.110358],[-122.958962,46.110198],[-122.95885,46.110178],[-122.958844,46.110122],[-122.958802,46.110092],[-122.958591,46.110088],[-122.958586,46.109942],[-122.958544,46.109912],[-122.958462,46.109908],[-122.958434,46.10983],[-122.958203,46.109818],[-122.95819,46.109752],[-122.958074,46.109728],[-122.958071,46.109663],[-122.958028,46.109629],[-122.957815,46.109638],[-122.957815,46.109548],[-122.957897,46.109544],[-122.957941,46.10951],[-122.957945,46.109368],[-122.958278,46.109366],[-122.958327,46.109335],[-122.958333,46.109278],[-122.958564,46.109266],[-122.958592,46.109188],[-122.958816,46.109179],[-122.958851,46.109098],[-122.958932,46.109094],[-122.958977,46.10906],[-122.958981,46.108828],[-122.959087,46.108813],[-122.95911,46.108738],[-122.959226,46.108714],[-122.95924,46.108648],[-122.959369,46.108649],[-122.959392,46.108723],[-122.959498,46.108739],[-122.959516,46.108809],[-122.959627,46.108829],[-122.959662,46.108909],[-122.959757,46.108919],[-122.959785,46.108996],[-122.959886,46.109009],[-122.959915,46.109086],[-122.960015,46.109099],[-122.960038,46.109263],[-122.960274,46.109279],[-122.96028,46.109335],[-122.960329,46.109366],[-122.960533,46.109369],[-122.960551,46.109439],[-122.960662,46.109459],[-122.960675,46.109525],[-122.960792,46.109549],[-122.960795,46.109601],[-122.960833,46.109633],[-122.961391,46.109635],[-122.961433,46.109606],[-122.961439,46.109549],[-122.96152,46.109545],[-122.961562,46.109516],[-122.961568,46.109369],[-122.961827,46.109369],[-122.961827,46.109501],[-122.961855,46.109537],[-122.962086,46.109549],[-122.962103,46.10962],[-122.962215,46.10964],[-122.962249,46.10972],[-122.962344,46.10973],[-122.962373,46.109807],[-122.962474,46.10982],[-122.962502,46.109897],[-122.962603,46.10991],[-122.962631,46.109987],[-122.962862,46.11],[-122.962884,46.110074],[-122.962991,46.11009],[-122.963,46.110241],[-122.963046,46.110267],[-122.96312,46.11027],[-122.963155,46.110351],[-122.96325,46.11036],[-122.96325,46.11045],[-122.963149,46.110462],[-122.96312,46.11054],[-122.963025,46.110549],[-122.962991,46.11063],[-122.962879,46.110649],[-122.962861,46.11072],[-122.962755,46.110735],[-122.962732,46.1109],[-122.962625,46.110915],[-122.962602,46.11099],[-122.962501,46.111002],[-122.962473,46.11108],[-122.962372,46.111092],[-122.962343,46.111169],[-122.962242,46.111182],[-122.962214,46.111259],[-122.962119,46.111269],[-122.962084,46.111349],[-122.962003,46.111354],[-122.961958,46.111388],[-122.961947,46.111504],[-122.96199,46.111527],[-122.962084,46.11153],[-122.962084,46.111709],[-122.961895,46.11171],[-122.961843,46.111729],[-122.961826,46.111931],[-122.961866,46.111973],[-122.961954,46.111979],[-122.961972,46.11214],[-122.962084,46.11216],[-122.962097,46.112315],[-122.962154,46.112339],[-122.962342,46.11234],[-122.96236,46.1125],[-122.962412,46.112519],[-122.962601,46.11252],[-122.96261,46.112581],[-122.962664,46.112609],[-122.962819,46.112603],[-122.962857,46.112571],[-122.96286,46.11252],[-122.962976,46.112496],[-122.96299,46.11243],[-122.963119,46.11243],[-122.963128,46.112581],[-122.963174,46.112608],[-122.963248,46.112611],[-122.963248,46.1127],[-122.963167,46.112704],[-122.963122,46.112738],[-122.963141,46.112864],[-122.963322,46.112878],[-122.963372,46.112847],[-122.963378,46.11279],[-122.963507,46.11279],[-122.963507,46.11288],[-122.963425,46.112884],[-122.963381,46.112918],[-122.963378,46.113011],[-122.963406,46.113048],[-122.963595,46.113054],[-122.963633,46.113022],[-122.963636,46.11297],[-122.963895,46.11297],[-122.963918,46.113044],[-122.964024,46.11306],[-122.964037,46.113126],[-122.964154,46.11315],[-122.964182,46.113228],[-122.964283,46.11324],[-122.964268,46.113566],[-122.964318,46.113598],[-122.964412,46.1136],[-122.964447,46.113681],[-122.964541,46.11369],[-122.964541,46.11396],[-122.96446,46.113964],[-122.964415,46.113999],[-122.964421,46.114202],[-122.964482,46.11423],[-122.9648,46.11423],[-122.964806,46.114377],[-122.964848,46.114406],[-122.964929,46.11441],[-122.964935,46.114557],[-122.964977,46.114586],[-122.965059,46.114591],[-122.965062,46.114732],[-122.965106,46.114766],[-122.965188,46.114771],[-122.965205,46.114931],[-122.965258,46.11495],[-122.965447,46.114951],[-122.965464,46.115021],[-122.965576,46.115041],[-122.96561,46.115122],[-122.965705,46.115131],[-122.965734,46.115208],[-122.965964,46.115221],[-122.965987,46.115295],[-122.966093,46.115311],[-122.966128,46.115392],[-122.966223,46.115401],[-122.966232,46.115552],[-122.966278,46.115579],[-122.966352,46.115582],[-122.966352,46.115761],[-122.966236,46.115785],[-122.966224,46.115897],[-122.966264,46.115934],[-122.966352,46.115941],[-122.96638,46.116019],[-122.966481,46.116031],[-122.966478,46.11619],[-122.966611,46.116211],[-122.966624,46.116277],[-122.96674,46.116301],[-122.966743,46.116353],[-122.966781,46.116385],[-122.966999,46.116391],[-122.967021,46.116465],[-122.967128,46.116481],[-122.967163,46.116562],[-122.967257,46.116571],[-122.967257,46.116661],[-122.967176,46.116665],[-122.967131,46.116699],[-122.967141,46.116817],[-122.967257,46.116841],[-122.967263,46.116898],[-122.967312,46.116929],[-122.967645,46.116931],[-122.967654,46.117263],[-122.9677,46.117289],[-122.967775,46.117291],[-122.967809,46.117372],[-122.967904,46.117381],[-122.967932,46.117459],[-122.968033,46.117471],[-122.968062,46.117549],[-122.968163,46.117561],[-122.968186,46.117636],[-122.96824,46.117651],[-122.96881,46.117652],[-122.96881,46.117971],[-122.968832,46.118009],[-122.968885,46.118025],[-122.969198,46.118012],[-122.969221,46.118086],[-122.969327,46.118102],[-122.969362,46.118183],[-122.969457,46.118192],[-122.969462,46.118338],[-122.969505,46.118368],[-122.969586,46.118372],[-122.969614,46.11845],[-122.969776,46.118486],[-122.969845,46.118462],[-122.969974,46.118462],[-122.969997,46.118536],[-122.970103,46.118552],[-122.970138,46.118633],[-122.970233,46.118642],[-122.970233,46.118732],[-122.970198,46.11878],[-122.970233,46.118822],[-122.970242,46.118973],[-122.970295,46.119001],[-122.970492,46.119002],[-122.970497,46.119072],[-122.970545,46.119103],[-122.97075,46.119092],[-122.970763,46.119248],[-122.97088,46.119272],[-122.970914,46.119353],[-122.971009,46.119362],[-122.971009,46.119668],[-122.971032,46.119706],[-122.971397,46.119722],[-122.97142,46.119797],[-122.971526,46.119812],[-122.971544,46.119883],[-122.971656,46.119902],[-122.97169,46.119983],[-122.971785,46.119992],[-122.971814,46.12007],[-122.971915,46.120083],[-122.971943,46.12016],[-122.972044,46.120173],[-122.972067,46.120337],[-122.972173,46.120353],[-122.972179,46.120409],[-122.972221,46.120438],[-122.972432,46.120443],[-122.972455,46.120517],[-122.972562,46.120533],[-122.972596,46.120614],[-122.972691,46.120623],[-122.972714,46.120787],[-122.97282,46.120803],[-122.972826,46.120859],[-122.972868,46.120889],[-122.973079,46.120893],[-122.973092,46.120959],[-122.973208,46.120983],[-122.973243,46.121064],[-122.973467,46.121073],[-122.973496,46.121151],[-122.973726,46.121163],[-122.973735,46.121224],[-122.973789,46.121252],[-122.974114,46.121253],[-122.974175,46.121277],[-122.974244,46.121253],[-122.974373,46.121253],[-122.974373,46.121343],[-122.974339,46.121391],[-122.974406,46.121527],[-122.974632,46.121523],[-122.974645,46.121589],[-122.974761,46.121613],[-122.974796,46.121694],[-122.97502,46.121703],[-122.975026,46.12176],[-122.975075,46.121791],[-122.975279,46.121793],[-122.975292,46.121859],[-122.975408,46.121883],[-122.975414,46.12194],[-122.975456,46.121969],[-122.975926,46.121973],[-122.975926,46.122063],[-122.975838,46.12207],[-122.975798,46.122107],[-122.975802,46.12239],[-122.975844,46.122419],[-122.975926,46.122423],[-122.97596,46.122504],[-122.976055,46.122513],[-122.976084,46.122591],[-122.976185,46.122604],[-122.976213,46.122681],[-122.976314,46.122694],[-122.97632,46.12284],[-122.976362,46.122869],[-122.976443,46.122874],[-122.976478,46.122954],[-122.976832,46.122964],[-122.976835,46.123015],[-122.976873,46.123047],[-122.977062,46.123041],[-122.97709,46.123005],[-122.977077,46.122898],[-122.976961,46.122874],[-122.976927,46.122793],[-122.976832,46.122784],[-122.976832,46.122604],[-122.97705,46.122597],[-122.977087,46.122565],[-122.977091,46.122514],[-122.977207,46.12249],[-122.97722,46.122424],[-122.97735,46.122424],[-122.97735,46.122555],[-122.977384,46.122595],[-122.977738,46.122604],[-122.977772,46.122685],[-122.977997,46.122694],[-122.978019,46.122768],[-122.978126,46.122784],[-122.978126,46.122874],[-122.977997,46.122874],[-122.977991,46.122817],[-122.977942,46.122786],[-122.977619,46.122795],[-122.977602,46.122727],[-122.97756,46.122698],[-122.977399,46.122694],[-122.977346,46.122714],[-122.97733,46.122755],[-122.977372,46.122858],[-122.977427,46.122874],[-122.977597,46.122863],[-122.977631,46.122948],[-122.977738,46.122964],[-122.977738,46.123095],[-122.977766,46.123132],[-122.977996,46.123144],[-122.978002,46.123201],[-122.978052,46.123232],[-122.978514,46.123234],[-122.978517,46.123286],[-122.978555,46.123318],[-122.978773,46.123324],[-122.978796,46.123398],[-122.978902,46.123414],[-122.978925,46.123578],[-122.979161,46.123594],[-122.979158,46.123844],[-122.979211,46.123864],[-122.979549,46.123864],[-122.979551,46.124001],[-122.97959,46.124038],[-122.979755,46.124055],[-122.979803,46.124024],[-122.979808,46.123954],[-122.979936,46.123954],[-122.979941,46.124006],[-122.979979,46.124038],[-122.980196,46.124044],[-122.980206,46.124196],[-122.980252,46.124222],[-122.980326,46.124226],[-122.980326,46.124584],[-122.980244,46.124588],[-122.980202,46.124618],[-122.980198,46.124811],[-122.980237,46.124848],[-122.980326,46.124854],[-122.980354,46.124932],[-122.980455,46.124944],[-122.980455,46.125034],[-122.980374,46.125038],[-122.980329,46.125073],[-122.980338,46.125204],[-122.980401,46.125228],[-122.980714,46.125214],[-122.980714,46.12552],[-122.980736,46.125559],[-122.980843,46.125574],[-122.980852,46.125636],[-122.980906,46.125663],[-122.981102,46.125664],[-122.981163,46.125689],[-122.981232,46.125665],[-122.981361,46.125665],[-122.981341,46.125794],[-122.981388,46.12584],[-122.981749,46.125845],[-122.981767,46.126095],[-122.981819,46.126114],[-122.982008,46.126115],[-122.982009,46.126251],[-122.982049,46.126288],[-122.982267,46.126295],[-122.982267,46.126385],[-122.982172,46.126394],[-122.982137,46.126475],[-122.982043,46.126477],[-122.981996,46.126504],[-122.982008,46.126655],[-122.981777,46.126667],[-122.981749,46.126703],[-122.981749,46.126834],[-122.981648,46.126847],[-122.981619,46.126924],[-122.981524,46.126934],[-122.98149,46.127014],[-122.981416,46.127017],[-122.98137,46.127043],[-122.981364,46.127156],[-122.981408,46.12719],[-122.98149,46.127195],[-122.98149,46.127284],[-122.981293,46.127286],[-122.98124,46.127313],[-122.981231,46.127464],[-122.981196,46.127512],[-122.981254,46.127629],[-122.981308,46.127644],[-122.981578,46.127638],[-122.981618,46.127601],[-122.981619,46.127465],[-122.981726,46.127449],[-122.981749,46.127375],[-122.981932,46.127388],[-122.981991,46.127368],[-122.982006,46.127058],[-122.981967,46.127021],[-122.981878,46.127015],[-122.981878,46.126926],[-122.982008,46.126925],[-122.982025,46.126995],[-122.982137,46.127015],[-122.982172,46.127096],[-122.982266,46.127105],[-122.982295,46.127182],[-122.982525,46.127195],[-122.982543,46.127265],[-122.982655,46.127285],[-122.982689,46.127366],[-122.982784,46.127375],[-122.982813,46.127452],[-122.982913,46.127465],[-122.982942,46.127542],[-122.983043,46.127555],[-122.983071,46.127633],[-122.983172,46.127645],[-122.983201,46.127723],[-122.983302,46.127735],[-122.98333,46.127813],[-122.98355,46.127814],[-122.983562,46.127961],[-122.983589,46.127993],[-122.983907,46.128004],[-122.983969,46.127954],[-122.983926,46.127841],[-122.98382,46.127825],[-122.983814,46.127768],[-122.983772,46.127739],[-122.983572,46.127746],[-122.983538,46.127661],[-122.983431,46.127645],[-122.983397,46.127564],[-122.983302,46.127555],[-122.983302,46.127465],[-122.983337,46.127422],[-122.983302,46.127375],[-122.983302,46.127285],[-122.98352,46.127278],[-122.983558,46.127247],[-122.983563,46.127195],[-122.98382,46.127195],[-122.983825,46.127265],[-122.98388,46.127297],[-122.984146,46.127284],[-122.984207,46.127241],[-122.984208,46.127105],[-122.984337,46.127105],[-122.984347,46.127346],[-122.984393,46.127373],[-122.984467,46.127375],[-122.984501,46.127456],[-122.984596,46.127465],[-122.9846,46.127517],[-122.984637,46.127549],[-122.984855,46.127555],[-122.984878,46.127809],[-122.985114,46.127825],[-122.985127,46.127891],[-122.985192,46.127915],[-122.985338,46.127906],[-122.985373,46.127825],[-122.985502,46.127825],[-122.985525,46.127899],[-122.985632,46.127915],[-122.985666,46.127996],[-122.985761,46.128005],[-122.985761,46.128095],[-122.985666,46.128098],[-122.985624,46.12812],[-122.985632,46.128275],[-122.98552,46.128295],[-122.985483,46.128394],[-122.985523,46.128448],[-122.985632,46.128455],[-122.985647,46.128628],[-122.985599,46.128667],[-122.985617,46.128717],[-122.985715,46.128734],[-122.98576,46.128695],[-122.985745,46.128643],[-122.98589,46.128635],[-122.985896,46.128692],[-122.985938,46.128721],[-122.986279,46.128725],[-122.986282,46.128777],[-122.98632,46.128809],[-122.986667,46.128815],[-122.986676,46.128877],[-122.986737,46.128905],[-122.986908,46.128886],[-122.986926,46.128635],[-122.987021,46.128626],[-122.987056,46.128545],[-122.98713,46.128543],[-122.987176,46.128517],[-122.987185,46.128275],[-122.987314,46.128275],[-122.987318,46.128417],[-122.987362,46.128451],[-122.987444,46.128455],[-122.987453,46.128607],[-122.987634,46.128659],[-122.987703,46.128635],[-122.987939,46.12862],[-122.987962,46.128545],[-122.988043,46.128541],[-122.988085,46.128512],[-122.988091,46.128365],[-122.988539,46.128365],[-122.988596,46.128341],[-122.988609,46.128234],[-122.988574,46.128195],[-122.987962,46.128185],[-122.987939,46.128111],[-122.987832,46.128095],[-122.987832,46.128005],[-122.987962,46.128005],[-122.987971,46.128067],[-122.988032,46.128095],[-122.988186,46.128086],[-122.988221,46.128005],[-122.988478,46.128005],[-122.988483,46.128057],[-122.988521,46.128089],[-122.988738,46.128096],[-122.988751,46.128161],[-122.988868,46.128186],[-122.988896,46.128263],[-122.989127,46.128276],[-122.989149,46.12835],[-122.989256,46.128366],[-122.989256,46.128635],[-122.988868,46.128635],[-122.988859,46.128574],[-122.988798,46.128546],[-122.988405,46.128548],[-122.988356,46.128579],[-122.98835,46.128635],[-122.988234,46.128659],[-122.98822,46.128725],[-122.988109,46.128745],[-122.988091,46.128815],[-122.987979,46.128835],[-122.987947,46.128961],[-122.988011,46.128995],[-122.988546,46.128994],[-122.9886,46.128967],[-122.988609,46.128906],[-122.988839,46.128893],[-122.988868,46.128816],[-122.989126,46.128816],[-122.989126,46.128905],[-122.98902,46.128921],[-122.988997,46.128995],[-122.988786,46.129],[-122.988744,46.129029],[-122.988738,46.129085],[-122.988622,46.129109],[-122.988574,46.129218],[-122.988612,46.129317],[-122.988657,46.129351],[-122.988738,46.129356],[-122.988744,46.129412],[-122.988786,46.129441],[-122.989126,46.129446],[-122.98913,46.129497],[-122.989167,46.129529],[-122.989385,46.129536],[-122.989408,46.12961],[-122.989515,46.129626],[-122.9895,46.129771],[-122.989549,46.129803],[-122.989644,46.129806],[-122.989644,46.129896],[-122.98942,46.129905],[-122.989385,46.129986],[-122.989269,46.13001],[-122.989256,46.130075],[-122.989038,46.130082],[-122.989,46.130114],[-122.988997,46.130165],[-122.98835,46.130165],[-122.98835,46.129986],[-122.98858,46.129973],[-122.988609,46.129896],[-122.988703,46.129886],[-122.988738,46.129806],[-122.988854,46.129782],[-122.988867,46.12968],[-122.988833,46.129635],[-122.988738,46.129625],[-122.988732,46.129569],[-122.98869,46.12954],[-122.98835,46.129535],[-122.988334,46.129363],[-122.988384,46.129302],[-122.988359,46.12927],[-122.988295,46.129252],[-122.988226,46.129285],[-122.988236,46.129348],[-122.988125,46.129365],[-122.988091,46.129445],[-122.987979,46.129465],[-122.987961,46.129535],[-122.987744,46.129542],[-122.987706,46.129574],[-122.987702,46.129625],[-122.987573,46.129625],[-122.987572,46.129489],[-122.987525,46.129449],[-122.987314,46.129445],[-122.987245,46.129421],[-122.98709,46.129454],[-122.987057,46.129489],[-122.987057,46.129582],[-122.987096,46.129619],[-122.987185,46.129625],[-122.987185,46.129805],[-122.987055,46.129805],[-122.987049,46.129749],[-122.987,46.129718],[-122.986831,46.129718],[-122.986777,46.12976],[-122.986796,46.129895],[-122.986694,46.1299],[-122.986648,46.12994],[-122.986701,46.130066],[-122.987055,46.130075],[-122.987078,46.13015],[-122.987184,46.130165],[-122.987194,46.130317],[-122.98724,46.130343],[-122.987314,46.130345],[-122.98732,46.130582],[-122.987376,46.130614],[-122.987573,46.130615],[-122.987576,46.130847],[-122.987621,46.130881],[-122.987702,46.130885],[-122.987706,46.131027],[-122.98775,46.131061],[-122.987832,46.131065],[-122.987849,46.131226],[-122.987961,46.131246],[-122.987967,46.131302],[-122.988009,46.131331],[-122.98822,46.131336],[-122.988226,46.131482],[-122.988268,46.131511],[-122.988349,46.131516],[-122.988372,46.13159],[-122.988608,46.131606],[-122.988614,46.131662],[-122.988663,46.131693],[-122.988867,46.131696],[-122.988873,46.131766],[-122.98892,46.131797],[-122.988985,46.131792],[-122.989029,46.131754],[-122.988981,46.131688],[-122.988997,46.131606],[-122.989126,46.131606],[-122.989195,46.13163],[-122.989256,46.131606],[-122.98948,46.131597],[-122.989514,46.131557],[-122.989508,46.131369],[-122.989452,46.131337],[-122.989256,46.131336],[-122.989252,46.131194],[-122.989208,46.13116],[-122.989126,46.131156],[-122.989126,46.131066],[-122.989227,46.131053],[-122.989256,46.130976],[-122.989344,46.130969],[-122.989384,46.130932],[-122.989379,46.130829],[-122.989337,46.1308],[-122.989256,46.130796],[-122.989256,46.130706],[-122.989514,46.130706],[-122.989516,46.130842],[-122.989562,46.130881],[-122.989711,46.130885],[-122.989767,46.130852],[-122.989774,46.130706],[-122.989808,46.130663],[-122.989774,46.130616],[-122.98977,46.130384],[-122.989726,46.13035],[-122.989644,46.130346],[-122.98961,46.130265],[-122.989515,46.130256],[-122.989515,46.130166],[-122.989977,46.130163],[-122.990027,46.130132],[-122.990033,46.130076],[-122.990107,46.130073],[-122.990153,46.130047],[-122.990197,46.129938],[-122.990149,46.129885],[-122.990093,46.129872],[-122.990032,46.129896],[-122.989903,46.129896],[-122.989903,46.129626],[-122.990162,46.129626],[-122.990185,46.1297],[-122.990291,46.129716],[-122.990295,46.129857],[-122.990361,46.129895],[-122.990522,46.129883],[-122.99055,46.129806],[-122.990667,46.129782],[-122.99068,46.129716],[-122.990939,46.129716],[-122.990961,46.12979],[-122.991068,46.129806],[-122.991103,46.129887],[-122.991198,46.129897],[-122.991197,46.130076],[-122.991103,46.130085],[-122.991068,46.130166],[-122.990956,46.130185],[-122.990944,46.130312],[-122.990986,46.130342],[-122.991068,46.130346],[-122.991074,46.130402],[-122.991116,46.130432],[-122.991327,46.130436],[-122.99135,46.13051],[-122.991456,46.130526],[-122.991456,46.130616],[-122.99135,46.130632],[-122.991327,46.130706],[-122.991096,46.130718],[-122.991068,46.130796],[-122.990952,46.13082],[-122.990938,46.130886],[-122.990809,46.130886],[-122.990809,46.130796],[-122.990891,46.130792],[-122.990935,46.130757],[-122.990937,46.130659],[-122.990904,46.130625],[-122.990735,46.130618],[-122.990686,46.130649],[-122.990679,46.130706],[-122.99055,46.130706],[-122.990537,46.13064],[-122.990421,46.130616],[-122.990417,46.130564],[-122.99038,46.130532],[-122.990115,46.130512],[-122.99006,46.130525],[-122.990033,46.130561],[-122.990042,46.130677],[-122.990095,46.130705],[-122.990291,46.130706],[-122.990291,46.130796],[-122.990073,46.130802],[-122.990021,46.130897],[-122.989802,46.130898],[-122.989773,46.130976],[-122.989692,46.13098],[-122.98965,46.131009],[-122.989656,46.131145],[-122.989719,46.131169],[-122.989868,46.131147],[-122.989903,46.131066],[-122.990019,46.131042],[-122.990043,46.130965],[-122.99055,46.130976],[-122.99055,46.131066],[-122.990332,46.131072],[-122.990295,46.131104],[-122.990291,46.131156],[-122.990175,46.13118],[-122.990162,46.131246],[-122.99005,46.131265],[-122.990032,46.131336],[-122.989802,46.131348],[-122.989773,46.131426],[-122.989692,46.13143],[-122.98965,46.131459],[-122.989661,46.131586],[-122.989834,46.13163],[-122.989903,46.131606],[-122.990121,46.131599],[-122.990158,46.131567],[-122.990162,46.131516],[-122.990278,46.131492],[-122.990291,46.131426],[-122.990527,46.13141],[-122.99055,46.131336],[-122.990666,46.131312],[-122.99068,46.131246],[-122.990809,46.131246],[-122.990815,46.131302],[-122.990864,46.131333],[-122.991033,46.131327],[-122.991068,46.131246],[-122.991149,46.131242],[-122.991191,46.131212],[-122.991197,46.130976],[-122.991304,46.13096],[-122.991327,46.130886],[-122.991456,46.130886],[-122.991485,46.130964],[-122.991639,46.130999],[-122.991715,46.130976],[-122.992103,46.130976],[-122.992126,46.13105],[-122.992233,46.131066],[-122.992233,46.131156],[-122.992044,46.131156],[-122.991987,46.13118],[-122.991974,46.131372],[-122.991997,46.13141],[-122.99215,46.13144],[-122.992211,46.131423],[-122.992244,46.131235],[-122.992492,46.131246],[-122.992508,46.131508],[-122.992295,46.131517],[-122.992246,46.13154],[-122.992213,46.13173],[-122.992235,46.131769],[-122.992492,46.131786],[-122.992553,46.13181],[-122.99271,46.131779],[-122.992749,46.131742],[-122.992747,46.131644],[-122.992703,46.13161],[-122.992621,46.131606],[-122.992605,46.131523],[-122.992954,46.131514],[-122.993004,46.131483],[-122.99301,46.131426],[-122.993139,46.131426],[-122.993139,46.131516],[-122.993058,46.13152],[-122.993013,46.131554],[-122.993023,46.131672],[-122.993139,46.131696],[-122.993142,46.131748],[-122.99318,46.13178],[-122.993335,46.131785],[-122.993396,46.131742],[-122.993398,46.131606],[-122.993527,46.131606],[-122.993533,46.131753],[-122.993575,46.131782],[-122.993657,46.131786],[-122.993663,46.131933],[-122.993705,46.131962],[-122.993786,46.131966],[-122.99379,46.132108],[-122.993834,46.132142],[-122.993916,46.132146],[-122.993913,46.132237]],[[-122.954911,46.115386],[-122.95476,46.115399],[-122.954714,46.115425],[-122.954705,46.115577],[-122.954446,46.115577],[-122.954437,46.115515],[-122.954384,46.115488],[-122.953976,46.115491],[-122.953934,46.11552],[-122.953928,46.115576],[-122.953812,46.1156],[-122.953799,46.115666],[-122.953563,46.115682],[-122.95354,46.115756],[-122.953424,46.11578],[-122.953399,46.115857],[-122.953222,46.115847],[-122.953165,46.11587],[-122.953132,46.115976],[-122.953172,46.11602],[-122.953355,46.116024],[-122.953404,46.115993],[-122.953421,46.115925],[-122.95354,46.115936],[-122.953562,46.116101],[-122.953798,46.116117],[-122.953814,46.116289],[-122.95371,46.116303],[-122.95367,46.11634],[-122.95367,46.116433],[-122.953703,46.116467],[-122.95385,46.116477],[-122.953905,46.116461],[-122.953928,46.116297],[-122.954117,46.116296],[-122.954169,46.116277],[-122.954221,46.116164],[-122.954187,46.116117],[-122.954187,46.116027],[-122.954293,46.116011],[-122.954316,46.115937],[-122.954433,46.115913],[-122.954446,46.115847],[-122.95465,46.115845],[-122.954699,46.115814],[-122.954705,46.115757],[-122.954893,46.115757],[-122.95495,46.115733],[-122.954962,46.115427],[-122.954911,46.115386]],[[-122.954836,46.113867],[-122.954855,46.113822],[-122.954822,46.113786],[-122.954749,46.113778],[-122.954699,46.113802],[-122.954688,46.113843],[-122.954725,46.11388],[-122.954782,46.11389],[-122.954836,46.113867]],[[-122.956784,46.114383],[-122.956771,46.114261],[-122.956721,46.11423],[-122.956314,46.11423],[-122.956265,46.114261],[-122.956259,46.114317],[-122.956142,46.114341],[-122.956118,46.114418],[-122.955918,46.114411],[-122.955876,46.114441],[-122.95587,46.114497],[-122.955754,46.114521],[-122.955741,46.114677],[-122.955646,46.114686],[-122.955611,46.114767],[-122.95553,46.114771],[-122.955488,46.1148],[-122.955482,46.115037],[-122.955407,46.115039],[-122.955361,46.115066],[-122.955352,46.115217],[-122.955257,46.115226],[-122.955223,46.115307],[-122.955141,46.115311],[-122.955097,46.115345],[-122.955093,46.115883],[-122.955127,46.115928],[-122.955352,46.115937],[-122.955413,46.115961],[-122.955481,46.115937],[-122.95561,46.115937],[-122.95562,46.115999],[-122.95568,46.116027],[-122.955929,46.116027],[-122.955986,46.116003],[-122.956031,46.115879],[-122.955976,46.115773],[-122.95587,46.115757],[-122.955856,46.115601],[-122.95574,46.115577],[-122.95574,46.115397],[-122.955835,46.115388],[-122.95587,46.115307],[-122.955986,46.115283],[-122.955999,46.115127],[-122.956088,46.115121],[-122.956127,46.115084],[-122.956129,46.114857],[-122.95621,46.114853],[-122.956255,46.114819],[-122.956245,46.114701],[-122.956129,46.114677],[-122.956129,46.114497],[-122.956599,46.114493],[-122.956641,46.114464],[-122.956647,46.114408],[-122.956742,46.114405],[-122.956784,46.114383]],[[-122.956892,46.115554],[-122.956924,46.115443],[-122.956885,46.115404],[-122.956687,46.115404],[-122.95665,46.115436],[-122.956646,46.115488],[-122.956572,46.11549],[-122.956526,46.115516],[-122.956505,46.115638],[-122.956567,46.115667],[-122.956734,46.115661],[-122.956772,46.115629],[-122.956776,46.115578],[-122.956892,46.115554]],[[-122.957653,46.115386],[-122.9577,46.115263],[-122.957668,46.115227],[-122.957478,46.11522],[-122.957429,46.115251],[-122.957412,46.115319],[-122.957069,46.115317],[-122.957017,46.115448],[-122.957077,46.115487],[-122.957368,46.115486],[-122.957417,46.115455],[-122.957434,46.115387],[-122.957653,46.115386]],[[-122.95729,46.116386],[-122.957239,46.116364],[-122.957181,46.116374],[-122.957144,46.116417],[-122.95716,46.116457],[-122.957213,46.116478],[-122.957285,46.116465],[-122.957312,46.116427],[-122.95729,46.116386]],[[-122.957811,46.115038],[-122.9579,46.115032],[-122.957939,46.114995],[-122.957941,46.114457],[-122.9579,46.114414],[-122.957757,46.114394],[-122.957683,46.114443],[-122.957682,46.114768],[-122.957458,46.114777],[-122.957425,46.114811],[-122.957423,46.114899],[-122.957464,46.114942],[-122.957552,46.114948],[-122.957554,46.115084],[-122.957593,46.115122],[-122.957772,46.115135],[-122.957808,46.115103],[-122.957811,46.115038]],[[-122.958578,46.11519],[-122.958605,46.115078],[-122.95856,46.115043],[-122.958262,46.115039],[-122.958205,46.115072],[-122.958181,46.115173],[-122.958242,46.115217],[-122.958525,46.115217],[-122.958578,46.11519]],[[-122.958861,46.115454],[-122.95884,46.115342],[-122.958798,46.115313],[-122.958521,46.115309],[-122.958464,46.115342],[-122.958439,46.115443],[-122.9585,46.115487],[-122.958804,46.115487],[-122.958861,46.115454]],[[-122.959384,46.115078],[-122.959351,46.114973],[-122.959235,46.114948],[-122.959206,46.114871],[-122.959024,46.114863],[-122.958978,46.114902],[-122.958976,46.115038],[-122.958881,46.115041],[-122.958832,46.115073],[-122.958852,46.115185],[-122.958909,46.115217],[-122.959057,46.115214],[-122.959099,46.115185],[-122.959105,46.115129],[-122.959357,46.115116],[-122.959384,46.115078]],[[-122.959364,46.119537],[-122.959395,46.119502],[-122.95938,46.119461],[-122.959321,46.119436],[-122.959259,46.119448],[-122.959232,46.119484],[-122.959248,46.119532],[-122.959307,46.119552],[-122.959364,46.119537]],[[-122.960288,46.115624],[-122.960269,46.115448],[-122.960241,46.115411],[-122.960011,46.115399],[-122.959993,46.115329],[-122.959882,46.115309],[-122.959869,46.115243],[-122.959752,46.115219],[-122.959749,46.115167],[-122.959711,46.115135],[-122.959543,46.115129],[-122.95949,46.115149],[-122.959497,46.11536],[-122.959541,46.115395],[-122.959623,46.115399],[-122.959651,46.115476],[-122.959881,46.115489],[-122.959899,46.115559],[-122.960011,46.115579],[-122.96002,46.11564],[-122.960073,46.115668],[-122.960256,46.115659],[-122.960288,46.115624]],[[-122.959879,46.119309],[-122.959818,46.119256],[-122.959634,46.119278],[-122.9596,46.119325],[-122.959633,46.119425],[-122.959789,46.119462],[-122.959845,46.119453],[-122.959877,46.119419],[-122.959879,46.119309]],[[-122.960286,46.119674],[-122.960254,46.119563],[-122.960137,46.119539],[-122.960134,46.119487],[-122.960096,46.119455],[-122.959929,46.119449],[-122.959867,46.119479],[-122.959888,46.1196],[-122.959934,46.119627],[-122.960008,46.119629],[-122.960011,46.119681],[-122.960049,46.119713],[-122.960246,46.119712],[-122.960286,46.119674]],[[-122.960138,46.116117],[-122.960086,46.116095],[-122.960029,46.116105],[-122.959991,46.116148],[-122.960007,46.116188],[-122.96006,46.116209],[-122.960132,46.116196],[-122.96016,46.116158],[-122.960138,46.116117]],[[-122.961843,46.114809],[-122.961823,46.114548],[-122.961775,46.114504],[-122.961606,46.114506],[-122.961568,46.114538],[-122.961564,46.114589],[-122.961217,46.114596],[-122.96118,46.114628],[-122.961176,46.114679],[-122.96106,46.114703],[-122.961047,46.114769],[-122.960935,46.114789],[-122.960917,46.114859],[-122.960788,46.114859],[-122.960719,46.114835],[-122.960639,46.114872],[-122.960624,46.114912],[-122.960664,46.115006],[-122.960706,46.115035],[-122.960788,46.115039],[-122.960803,46.115121],[-122.960557,46.115141],[-122.960529,46.115178],[-122.960538,46.11528],[-122.960584,46.115307],[-122.960658,46.115309],[-122.960661,46.115361],[-122.960699,46.115393],[-122.960876,46.115393],[-122.960917,46.11535],[-122.960901,46.115137],[-122.961113,46.115128],[-122.96117,46.115096],[-122.961176,46.114859],[-122.961564,46.114859],[-122.961641,46.114883],[-122.961816,46.114847],[-122.961843,46.114809]],[[-122.961969,46.119309],[-122.961967,46.119129],[-122.961922,46.119094],[-122.961561,46.119089],[-122.961558,46.119038],[-122.96152,46.119006],[-122.961337,46.119008],[-122.961304,46.119043],[-122.961306,46.119141],[-122.96135,46.119175],[-122.961432,46.119179],[-122.961432,46.119269],[-122.961219,46.11926],[-122.961176,46.119294],[-122.961173,46.119359],[-122.961057,46.119383],[-122.961043,46.119449],[-122.960807,46.119465],[-122.96075,46.119582],[-122.960797,46.119695],[-122.960914,46.119719],[-122.960948,46.1198],[-122.961104,46.119833],[-122.961173,46.119809],[-122.961506,46.119807],[-122.961555,46.119776],[-122.961561,46.119719],[-122.961806,46.11971],[-122.96184,46.119669],[-122.961811,46.119568],[-122.961765,46.119542],[-122.961691,46.119539],[-122.961656,46.119459],[-122.961561,46.119449],[-122.961561,46.119359],[-122.961691,46.11936],[-122.961759,46.119384],[-122.961936,46.11935],[-122.961969,46.119309]],[[-122.960915,46.119179],[-122.960933,46.119134],[-122.9609,46.119099],[-122.960827,46.11909],[-122.960777,46.119114],[-122.960767,46.119156],[-122.960803,46.119193],[-122.960861,46.119203],[-122.960915,46.119179]],[[-122.961322,46.11635],[-122.961305,46.116119],[-122.961393,46.116113],[-122.961433,46.116076],[-122.961433,46.115969],[-122.961401,46.115935],[-122.961106,46.115927],[-122.961052,46.115959],[-122.961046,46.116029],[-122.960862,46.116015],[-122.960804,46.116036],[-122.960796,46.116181],[-122.960842,46.116207],[-122.960916,46.116209],[-122.960951,46.11629],[-122.961046,46.116299],[-122.961074,46.116377],[-122.961277,46.116385],[-122.961322,46.11635]],[[-122.96149,46.109999],[-122.961564,46.109961],[-122.961559,46.109848],[-122.961505,46.10982],[-122.96135,46.109826],[-122.96131,46.109863],[-122.961318,46.109971],[-122.961371,46.109998],[-122.96149,46.109999]],[[-122.961968,46.11671],[-122.961923,46.116582],[-122.961753,46.116557],[-122.961698,46.116589],[-122.961675,46.11671],[-122.961735,46.116748],[-122.961917,46.116747],[-122.961968,46.11671]],[[-122.962082,46.115489],[-122.9621,46.115445],[-122.962068,46.115409],[-122.961994,46.115401],[-122.961944,46.115424],[-122.961934,46.115466],[-122.961971,46.115503],[-122.962028,46.115513],[-122.962082,46.115489]],[[-122.963246,46.11612],[-122.963233,46.115964],[-122.963117,46.11594],[-122.963111,46.115883],[-122.963069,46.115854],[-122.962858,46.11585],[-122.962857,46.115718],[-122.96283,46.115682],[-122.962547,46.11567],[-122.962487,46.115689],[-122.962469,46.11612],[-122.962245,46.116129],[-122.962176,46.116257],[-122.962228,46.11637],[-122.96234,46.11639],[-122.962332,46.116545],[-122.962374,46.116567],[-122.962469,46.11657],[-122.962469,46.116701],[-122.962497,46.116737],[-122.962693,46.116741],[-122.962727,46.116701],[-122.962728,46.11657],[-122.962939,46.116566],[-122.962981,46.116537],[-122.962987,46.11648],[-122.963093,46.116464],[-122.963116,46.1163],[-122.963305,46.1163],[-122.963358,46.11628],[-122.963366,46.116149],[-122.96332,46.116122],[-122.963246,46.11612]],[[-122.962464,46.114826],[-122.962489,46.114725],[-122.962457,46.114689],[-122.962267,46.114682],[-122.962215,46.114718],[-122.962215,46.114821],[-122.962266,46.114857],[-122.962415,46.114857],[-122.962464,46.114826]],[[-122.9626,46.115309],[-122.962565,46.115347],[-122.96258,46.115387],[-122.962639,46.115413],[-122.962695,46.115404],[-122.962727,46.11537],[-122.962716,46.11532],[-122.962661,46.115296],[-122.9626,46.115309]],[[-122.963376,46.11558],[-122.963383,46.115515],[-122.963333,46.115491],[-122.963257,46.115501],[-122.96324,46.115433],[-122.963198,46.115404],[-122.962908,46.1154],[-122.962843,46.115434],[-122.962861,46.115555],[-122.962904,46.115589],[-122.963235,46.115569],[-122.963315,46.115604],[-122.963376,46.11558]],[[-122.963131,46.11997],[-122.963312,46.120002],[-122.963367,46.11997],[-122.963371,46.119763],[-122.963318,46.119722],[-122.963177,46.119721],[-122.96312,46.119753],[-122.96308,46.119863],[-122.963131,46.11997]],[[-122.963447,46.120712],[-122.963276,46.120706],[-122.963243,46.1208],[-122.963148,46.120802],[-122.963102,46.12083],[-122.963115,46.12095],[-122.963153,46.120987],[-122.963331,46.120974],[-122.963369,46.120942],[-122.963372,46.12089],[-122.963446,46.120888],[-122.963492,46.120862],[-122.963492,46.120739],[-122.963447,46.120712]],[[-122.963124,46.113633],[-122.963099,46.113735],[-122.963132,46.11377],[-122.963322,46.113778],[-122.963373,46.113742],[-122.963374,46.113638],[-122.963322,46.113602],[-122.963173,46.113602],[-122.963124,46.113633]],[[-122.963298,46.11504],[-122.963373,46.115002],[-122.963367,46.114888],[-122.963314,46.114861],[-122.963158,46.114866],[-122.963119,46.114903],[-122.963126,46.115011],[-122.96318,46.115039],[-122.963298,46.11504]],[[-122.963504,46.11693],[-122.96362,46.116906],[-122.963632,46.116794],[-122.963586,46.116754],[-122.963435,46.116738],[-122.963381,46.11677],[-122.963375,46.11684],[-122.9633,46.116842],[-122.963255,46.116868],[-122.963251,46.117],[-122.963313,46.117033],[-122.963456,46.117016],[-122.963498,46.116987],[-122.963504,46.11693]],[[-122.964151,46.11697],[-122.964084,46.116917],[-122.963675,46.116936],[-122.963637,46.116968],[-122.963633,46.11702],[-122.963517,46.117044],[-122.963504,46.11711],[-122.963409,46.117112],[-122.963367,46.117135],[-122.963384,46.117261],[-122.963565,46.117314],[-122.963633,46.11729],[-122.963851,46.117284],[-122.963889,46.117252],[-122.963892,46.1172],[-122.964009,46.117176],[-122.964022,46.11711],[-122.964138,46.117086],[-122.964151,46.11697]],[[-122.964201,46.11972],[-122.964273,46.119687],[-122.964277,46.119584],[-122.964238,46.119547],[-122.96415,46.11954],[-122.964146,46.119489],[-122.964109,46.119457],[-122.963761,46.11945],[-122.963752,46.119389],[-122.963691,46.11936],[-122.963443,46.11936],[-122.963382,46.119389],[-122.963386,46.119516],[-122.963502,46.11954],[-122.963515,46.119606],[-122.963632,46.11963],[-122.963635,46.119682],[-122.963673,46.119714],[-122.964201,46.11972]],[[-122.96415,46.115758],[-122.964083,46.115736],[-122.964012,46.115771],[-122.963764,46.11576],[-122.963761,46.115695],[-122.963724,46.115663],[-122.96354,46.115672],[-122.963485,46.11572],[-122.963508,46.115902],[-122.96356,46.115938],[-122.963764,46.11594],[-122.963817,46.115964],[-122.963967,46.115938],[-122.964017,46.115907],[-122.964033,46.115839],[-122.96411,46.115849],[-122.96416,46.115825],[-122.96415,46.115758]],[[-122.963687,46.11423],[-122.963761,46.114192],[-122.963756,46.114079],[-122.963702,46.114051],[-122.963547,46.114056],[-122.963508,46.114093],[-122.963515,46.114201],[-122.963568,46.114229],[-122.963687,46.11423]],[[-122.964058,46.114818],[-122.963995,46.114692],[-122.96384,46.114656],[-122.963683,46.114684],[-122.963637,46.114723],[-122.963644,46.114831],[-122.96369,46.114858],[-122.963764,46.11486],[-122.963773,46.114922],[-122.963827,46.114949],[-122.963961,46.114949],[-122.964005,46.11493],[-122.964058,46.114818]],[[-122.96609,46.121021],[-122.966022,46.120967],[-122.965702,46.120981],[-122.965696,46.120911],[-122.965641,46.120878],[-122.965108,46.12088],[-122.965056,46.12092],[-122.96506,46.121037],[-122.965102,46.121066],[-122.965184,46.121071],[-122.965218,46.121152],[-122.965313,46.121161],[-122.965313,46.121251],[-122.965055,46.121251],[-122.965041,46.121185],[-122.964925,46.12116],[-122.964919,46.121104],[-122.96487,46.121073],[-122.964727,46.121046],[-122.964585,46.121075],[-122.964543,46.121104],[-122.964537,46.12116],[-122.964455,46.121165],[-122.964411,46.121199],[-122.964407,46.12152],[-122.964074,46.121523],[-122.964025,46.121554],[-122.964019,46.12161],[-122.96383,46.12161],[-122.963773,46.121634],[-122.963725,46.121743],[-122.963763,46.121842],[-122.963808,46.121876],[-122.963889,46.12188],[-122.963895,46.121937],[-122.963944,46.121968],[-122.964229,46.121966],[-122.964272,46.121937],[-122.964278,46.12188],[-122.964407,46.12188],[-122.964468,46.121905],[-122.964536,46.12188],[-122.964795,46.121881],[-122.964795,46.12206],[-122.964694,46.122073],[-122.964665,46.12215],[-122.964571,46.12216],[-122.964536,46.12224],[-122.964455,46.122245],[-122.96441,46.122279],[-122.964407,46.122552],[-122.964441,46.122591],[-122.964665,46.122601],[-122.9647,46.122681],[-122.964869,46.122688],[-122.964918,46.122657],[-122.964924,46.122601],[-122.96504,46.122577],[-122.965054,46.122511],[-122.965165,46.122491],[-122.965183,46.122421],[-122.965299,46.122397],[-122.965327,46.122275],[-122.965278,46.122243],[-122.965183,46.122241],[-122.965183,46.122151],[-122.96529,46.122135],[-122.965313,46.122061],[-122.965429,46.122037],[-122.965442,46.121971],[-122.965572,46.121971],[-122.96564,46.121995],[-122.965725,46.121954],[-122.965701,46.121701],[-122.965818,46.121677],[-122.965831,46.121575],[-122.965796,46.12153],[-122.965701,46.121521],[-122.965702,46.121341],[-122.965912,46.121337],[-122.965954,46.121308],[-122.965961,46.121251],[-122.966072,46.121231],[-122.96609,46.121021]],[[-122.963821,46.120543],[-122.963964,46.120528],[-122.96401,46.120502],[-122.964014,46.120384],[-122.963957,46.120351],[-122.963788,46.120354],[-122.963741,46.120401],[-122.963766,46.12051],[-122.963821,46.120543]],[[-122.964018,46.119898],[-122.963966,46.119877],[-122.963909,46.119887],[-122.963871,46.119929],[-122.963887,46.11997],[-122.96394,46.11999],[-122.964012,46.119977],[-122.96404,46.11994],[-122.964018,46.119898]],[[-122.964154,46.116752],[-122.964097,46.116736],[-122.964039,46.116757],[-122.964022,46.116805],[-122.964049,46.116841],[-122.964112,46.116853],[-122.964171,46.116827],[-122.964185,46.116787],[-122.964154,46.116752]],[[-122.964155,46.115222],[-122.964098,46.115206],[-122.96404,46.115227],[-122.964023,46.115275],[-122.96405,46.115311],[-122.964113,46.115323],[-122.964172,46.115297],[-122.964186,46.115257],[-122.964155,46.115222]],[[-122.964285,46.114772],[-122.964229,46.114747],[-122.964171,46.114757],[-122.96412,46.114802],[-122.964133,46.114847],[-122.964199,46.114883],[-122.964264,46.114874],[-122.964316,46.114823],[-122.964285,46.114772]],[[-122.96441,46.11715],[-122.964383,46.117109],[-122.964327,46.117097],[-122.964266,46.117119],[-122.964246,46.117158],[-122.964271,46.117195],[-122.964335,46.117214],[-122.964393,46.117194],[-122.96441,46.11715]],[[-122.964799,46.11657],[-122.96488,46.116566],[-122.964925,46.116532],[-122.964928,46.116349],[-122.964894,46.11631],[-122.96454,46.1163],[-122.964471,46.116276],[-122.964294,46.116324],[-122.964264,46.11644],[-122.964308,46.116476],[-122.96441,46.11648],[-122.964411,46.116612],[-122.964445,46.116651],[-122.964601,46.116684],[-122.964743,46.116658],[-122.964793,46.116627],[-122.964799,46.11657]],[[-122.96446,46.12044],[-122.964534,46.120402],[-122.964528,46.120289],[-122.964475,46.120261],[-122.96432,46.120267],[-122.96428,46.120304],[-122.964288,46.120412],[-122.964341,46.120439],[-122.96446,46.12044]],[[-122.964555,46.119141],[-122.964535,46.119039],[-122.964497,46.119007],[-122.964327,46.119004],[-122.964281,46.119044],[-122.964285,46.11916],[-122.964347,46.119194],[-122.964511,46.119176],[-122.964555,46.119141]],[[-122.96485,46.1172],[-122.964926,46.117157],[-122.964924,46.116969],[-122.964873,46.116933],[-122.964722,46.116919],[-122.964675,46.11695],[-122.964669,46.11702],[-122.964595,46.117023],[-122.964549,46.117049],[-122.964543,46.117162],[-122.964602,46.117199],[-122.96485,46.1172]],[[-122.966351,46.118011],[-122.966333,46.117941],[-122.966221,46.117921],[-122.966187,46.11784],[-122.966092,46.117831],[-122.966064,46.117753],[-122.965963,46.117741],[-122.965934,46.117663],[-122.965704,46.117651],[-122.965681,46.117577],[-122.965575,46.117561],[-122.965574,46.117339],[-122.965534,46.117297],[-122.965316,46.117291],[-122.96531,46.117234],[-122.965261,46.117203],[-122.96499,46.117202],[-122.964937,46.117229],[-122.964927,46.11729],[-122.964816,46.11731],[-122.964798,46.11738],[-122.964724,46.117383],[-122.964678,46.117409],[-122.964686,46.117811],[-122.964798,46.117831],[-122.964811,46.117896],[-122.964927,46.117921],[-122.96493,46.117972],[-122.964968,46.118004],[-122.965186,46.118011],[-122.965214,46.118088],[-122.965445,46.118101],[-122.965451,46.118157],[-122.965493,46.118187],[-122.965703,46.118191],[-122.965717,46.118257],[-122.965833,46.118281],[-122.965836,46.118332],[-122.965874,46.118364],[-122.966275,46.118385],[-122.966329,46.118368],[-122.966351,46.118191],[-122.966445,46.118182],[-122.96648,46.118137],[-122.966467,46.118035],[-122.966351,46.118011]],[[-122.966997,46.120081],[-122.967078,46.120077],[-122.967123,46.120043],[-122.967123,46.119939],[-122.967071,46.119903],[-122.966902,46.11991],[-122.966867,46.119991],[-122.966463,46.119983],[-122.966463,46.119909],[-122.966567,46.119895],[-122.966607,46.119858],[-122.966628,46.119507],[-122.966607,46.119467],[-122.966479,46.119451],[-122.966457,46.119377],[-122.96635,46.119361],[-122.966347,46.119296],[-122.96631,46.119264],[-122.966091,46.119271],[-122.966068,46.119197],[-122.965962,46.119181],[-122.965949,46.119115],[-122.965832,46.119091],[-122.965804,46.119013],[-122.965703,46.119001],[-122.965703,46.118869],[-122.965675,46.118833],[-122.965444,46.118821],[-122.965427,46.11875],[-122.965315,46.118731],[-122.965302,46.118665],[-122.965186,46.118641],[-122.965182,46.118589],[-122.965145,46.118557],[-122.964949,46.118566],[-122.96493,46.118692],[-122.964975,46.118726],[-122.965056,46.118731],[-122.965065,46.118882],[-122.965111,46.118908],[-122.965185,46.118911],[-122.96522,46.118991],[-122.965315,46.119001],[-122.965315,46.119179],[-122.964967,46.119187],[-122.96493,46.119219],[-122.964915,46.119331],[-122.964976,46.11936],[-122.965244,46.11936],[-122.965305,46.119332],[-122.965325,46.11926],[-122.965573,46.119271],[-122.965596,46.119345],[-122.965703,46.119361],[-122.965703,46.119451],[-122.965668,46.119498],[-122.965709,46.119597],[-122.965751,46.119627],[-122.965832,46.119631],[-122.965866,46.119712],[-122.966158,46.11972],[-122.966211,46.119692],[-122.96622,46.119631],[-122.96635,46.119631],[-122.966365,46.119893],[-122.966315,46.119943],[-122.966365,46.119999],[-122.966349,46.120081],[-122.966233,46.120105],[-122.96622,46.120207],[-122.966254,46.120252],[-122.966349,46.120261],[-122.966372,46.120425],[-122.966608,46.120441],[-122.966614,46.120498],[-122.966663,46.120529],[-122.966838,46.120519],[-122.966867,46.120482],[-122.966867,46.120171],[-122.966974,46.120155],[-122.966997,46.120081]],[[-122.965061,46.116032],[-122.965003,46.116017],[-122.964945,46.116037],[-122.964929,46.116085],[-122.964956,46.116121],[-122.965018,46.116134],[-122.965077,46.116108],[-122.965092,46.116068],[-122.965061,46.116032]],[[-122.965181,46.116717],[-122.965206,46.116616],[-122.965173,46.11658],[-122.964983,46.116573],[-122.964931,46.116609],[-122.964931,46.116712],[-122.964983,46.116748],[-122.965132,46.116748],[-122.965181,46.116717]],[[-122.965462,46.120576],[-122.96542,46.120456],[-122.965268,46.120418],[-122.965203,46.120427],[-122.965152,46.120473],[-122.96519,46.120587],[-122.965239,46.120618],[-122.965429,46.120611],[-122.965462,46.120576]],[[-122.965442,46.122551],[-122.965382,46.122498],[-122.965218,46.12252],[-122.965185,46.122554],[-122.965175,46.122666],[-122.965233,46.12269],[-122.965407,46.122682],[-122.96544,46.122647],[-122.965442,46.122551]],[[-122.965963,46.117061],[-122.965903,46.117008],[-122.965718,46.11703],[-122.965684,46.117077],[-122.965717,46.117177],[-122.965774,46.1172],[-122.965928,46.117192],[-122.965961,46.117157],[-122.965963,46.117061]],[[-122.966273,46.117471],[-122.96635,46.117427],[-122.966334,46.117221],[-122.966274,46.117201],[-122.965991,46.117213],[-122.965963,46.117249],[-122.96598,46.117361],[-122.966092,46.117381],[-122.966096,46.117433],[-122.966133,46.117464],[-122.966273,46.117471]],[[-122.968013,46.122042],[-122.968051,46.121932],[-122.968029,46.121898],[-122.967902,46.121881],[-122.967896,46.121645],[-122.967854,46.121616],[-122.967772,46.121611],[-122.967769,46.12156],[-122.967731,46.121528],[-122.967548,46.12153],[-122.967513,46.121611],[-122.967397,46.121635],[-122.967384,46.121701],[-122.966996,46.121701],[-122.966992,46.121649],[-122.966955,46.121618],[-122.966737,46.121611],[-122.966731,46.121464],[-122.966689,46.121435],[-122.966608,46.121431],[-122.966573,46.12135],[-122.966478,46.121341],[-122.966478,46.121196],[-122.966445,46.121157],[-122.96626,46.121167],[-122.966223,46.121199],[-122.966219,46.121251],[-122.966145,46.121253],[-122.966099,46.121279],[-122.966107,46.121411],[-122.966219,46.121431],[-122.966254,46.121512],[-122.966348,46.121521],[-122.966377,46.121599],[-122.966478,46.121611],[-122.966506,46.121689],[-122.966607,46.121701],[-122.966636,46.121779],[-122.966737,46.121791],[-122.966765,46.121869],[-122.966866,46.121881],[-122.966869,46.122023],[-122.966914,46.122057],[-122.966995,46.122061],[-122.967013,46.122221],[-122.967125,46.122241],[-122.967159,46.122322],[-122.967254,46.122331],[-122.967282,46.122409],[-122.967399,46.122429],[-122.967384,46.122643],[-122.967424,46.122685],[-122.967614,46.122679],[-122.967642,46.122601],[-122.967759,46.122577],[-122.967791,46.122483],[-122.967737,46.122424],[-122.967497,46.122414],[-122.967513,46.122241],[-122.967743,46.122229],[-122.967772,46.122151],[-122.967867,46.122142],[-122.967901,46.122061],[-122.968013,46.122042]],[[-122.966787,46.123681],[-122.966862,46.123643],[-122.966847,46.123521],[-122.966795,46.123501],[-122.966606,46.123501],[-122.966584,46.123427],[-122.966477,46.123411],[-122.966461,46.123149],[-122.966593,46.123117],[-122.966621,46.122996],[-122.966564,46.122962],[-122.966396,46.122965],[-122.966348,46.12301],[-122.966363,46.123133],[-122.966241,46.123157],[-122.966186,46.123263],[-122.966218,46.123321],[-122.966224,46.123468],[-122.966266,46.123497],[-122.966347,46.123501],[-122.966382,46.123582],[-122.966477,46.123591],[-122.96648,46.123643],[-122.966518,46.123675],[-122.966787,46.123681]],[[-122.967386,46.118101],[-122.967474,46.118095],[-122.967514,46.118058],[-122.967515,46.1177],[-122.967481,46.11766],[-122.967257,46.117651],[-122.967239,46.117581],[-122.967128,46.117561],[-122.967118,46.1175],[-122.967057,46.117471],[-122.966543,46.117472],[-122.96649,46.117499],[-122.96648,46.117561],[-122.966364,46.117585],[-122.96636,46.117802],[-122.966406,46.117829],[-122.96648,46.117831],[-122.966486,46.117888],[-122.966528,46.117917],[-122.966739,46.117921],[-122.966739,46.118052],[-122.966773,46.118092],[-122.966998,46.118101],[-122.967011,46.118167],[-122.967075,46.118191],[-122.967338,46.118187],[-122.96738,46.118158],[-122.967386,46.118101]],[[-122.966479,46.120711],[-122.966445,46.120748],[-122.966459,46.120788],[-122.966518,46.120814],[-122.966575,46.120805],[-122.966606,46.120771],[-122.966595,46.120722],[-122.96654,46.120698],[-122.966479,46.120711]],[[-122.966884,46.121031],[-122.966857,46.12092],[-122.966804,46.120892],[-122.966546,46.120878],[-122.96648,46.120921],[-122.966481,46.121046],[-122.966539,46.121083],[-122.966839,46.121067],[-122.966884,46.121031]],[[-122.966868,46.118951],[-122.9668,46.118898],[-122.966627,46.118931],[-122.966589,46.119125],[-122.966616,46.119168],[-122.96679,46.119181],[-122.96685,46.119161],[-122.966868,46.118951]],[[-122.967534,46.118866],[-122.967492,46.118747],[-122.967386,46.118731],[-122.967363,46.118567],[-122.967308,46.118551],[-122.96715,46.118567],[-122.967107,46.118765],[-122.967129,46.118805],[-122.967256,46.118821],[-122.967265,46.118883],[-122.967326,46.118911],[-122.967501,46.118902],[-122.967534,46.118866]],[[-122.968421,46.118731],[-122.968408,46.118666],[-122.968292,46.118641],[-122.968288,46.11859],[-122.968251,46.118558],[-122.967938,46.11856],[-122.967905,46.118595],[-122.967905,46.118688],[-122.967944,46.118725],[-122.968033,46.118731],[-122.968033,46.119],[-122.967958,46.119004],[-122.967912,46.11903],[-122.967903,46.119181],[-122.967774,46.119181],[-122.967768,46.119111],[-122.967721,46.11908],[-122.967385,46.119091],[-122.967351,46.11901],[-122.967182,46.119003],[-122.967127,46.11905],[-122.967139,46.119337],[-122.967256,46.119361],[-122.967262,46.119418],[-122.967304,46.119447],[-122.967515,46.119451],[-122.967528,46.119517],[-122.967592,46.119541],[-122.967977,46.119539],[-122.968026,46.119508],[-122.968032,46.119451],[-122.968149,46.119427],[-122.968162,46.119362],[-122.968386,46.119352],[-122.96842,46.119313],[-122.968421,46.119182],[-122.968516,46.119172],[-122.96855,46.119128],[-122.968549,46.118775],[-122.968509,46.118738],[-122.968421,46.118731]],[[-122.967639,46.118518],[-122.967663,46.118416],[-122.967631,46.118381],[-122.967441,46.118374],[-122.967389,46.11841],[-122.967389,46.118513],[-122.967441,46.118549],[-122.967589,46.118549],[-122.967639,46.118518]],[[-122.970866,46.120646],[-122.970695,46.120608],[-122.970642,46.120625],[-122.97062,46.120712],[-122.970491,46.120712],[-122.970491,46.120532],[-122.970525,46.120484],[-122.970482,46.120381],[-122.970436,46.120354],[-122.970362,46.120352],[-122.970327,46.120271],[-122.970232,46.120262],[-122.970204,46.120184],[-122.970103,46.120172],[-122.970074,46.120094],[-122.969973,46.120082],[-122.969945,46.120004],[-122.969844,46.119992],[-122.969843,46.119855],[-122.969803,46.119818],[-122.96962,46.119821],[-122.969585,46.119902],[-122.969469,46.119926],[-122.969456,46.119992],[-122.969197,46.119992],[-122.969191,46.119575],[-122.969149,46.119546],[-122.969068,46.119542],[-122.969033,46.119461],[-122.968885,46.119428],[-122.968702,46.119467],[-122.968679,46.119542],[-122.968578,46.119554],[-122.96855,46.119632],[-122.968449,46.119644],[-122.96842,46.119721],[-122.968319,46.119734],[-122.968291,46.119811],[-122.96819,46.119824],[-122.968161,46.119901],[-122.968067,46.119911],[-122.968032,46.119991],[-122.96792,46.120011],[-122.967892,46.120182],[-122.967685,46.120178],[-122.967624,46.12029],[-122.967671,46.120347],[-122.967832,46.120351],[-122.967893,46.120323],[-122.967913,46.12025],[-122.968161,46.120262],[-122.968161,46.120441],[-122.968126,46.120484],[-122.968161,46.120532],[-122.968161,46.120711],[-122.967814,46.120718],[-122.967774,46.120755],[-122.967776,46.120853],[-122.967835,46.12089],[-122.968031,46.120892],[-122.968037,46.120962],[-122.968085,46.120993],[-122.96829,46.120982],[-122.96829,46.121071],[-122.968256,46.121119],[-122.968325,46.121242],[-122.968678,46.121252],[-122.968682,46.121303],[-122.968719,46.121335],[-122.968937,46.121342],[-122.96894,46.121573],[-122.968985,46.121608],[-122.969066,46.121612],[-122.969066,46.121792],[-122.968964,46.121796],[-122.968918,46.121837],[-122.968943,46.121938],[-122.968999,46.121971],[-122.969407,46.121968],[-122.969449,46.121939],[-122.969455,46.121882],[-122.969571,46.121858],[-122.969584,46.121792],[-122.9697,46.121768],[-122.969714,46.121522],[-122.969802,46.121516],[-122.969842,46.121478],[-122.969843,46.121252],[-122.97004,46.121251],[-122.970101,46.121209],[-122.970096,46.121105],[-122.970054,46.121076],[-122.969973,46.121072],[-122.969973,46.120982],[-122.970102,46.120982],[-122.970131,46.12106],[-122.970285,46.121096],[-122.970363,46.121072],[-122.97049,46.121072],[-122.970567,46.121096],[-122.970732,46.121052],[-122.97075,46.120802],[-122.970844,46.120793],[-122.970879,46.120748],[-122.970866,46.120646]],[[-122.96769,46.123227],[-122.967833,46.123245],[-122.967888,46.123221],[-122.967897,46.12309],[-122.967846,46.123054],[-122.967697,46.123054],[-122.967645,46.12309],[-122.967645,46.123193],[-122.96769,46.123227]],[[-122.968178,46.123366],[-122.968154,46.123265],[-122.968104,46.123234],[-122.967943,46.123233],[-122.967884,46.123271],[-122.967906,46.123392],[-122.967961,46.123424],[-122.968146,46.123402],[-122.968178,46.123366]],[[-122.96873,46.122422],[-122.968804,46.122383],[-122.968798,46.12227],[-122.968745,46.122243],[-122.968588,46.122235],[-122.968549,46.122277],[-122.968558,46.122393],[-122.968611,46.122421],[-122.96873,46.122422]],[[-122.968857,46.125032],[-122.968932,46.124993],[-122.968922,46.124876],[-122.968806,46.124852],[-122.968802,46.1248],[-122.968765,46.124768],[-122.96858,46.124758],[-122.968547,46.124797],[-122.96856,46.124918],[-122.968676,46.124942],[-122.96868,46.124993],[-122.968717,46.125025],[-122.968857,46.125032]],[[-122.968677,46.123681],[-122.968643,46.123719],[-122.968658,46.123759],[-122.968716,46.123785],[-122.968773,46.123776],[-122.968805,46.123742],[-122.968794,46.123692],[-122.968739,46.123668],[-122.968677,46.123681]],[[-122.968913,46.124566],[-122.968954,46.124357],[-122.968915,46.124318],[-122.968759,46.124298],[-122.968699,46.124314],[-122.968677,46.124528],[-122.968699,46.124566],[-122.968754,46.124582],[-122.968913,46.124566]],[[-122.969016,46.119092],[-122.969525,46.119104],[-122.96958,46.119072],[-122.969563,46.118928],[-122.969327,46.118912],[-122.969314,46.118846],[-122.969198,46.118822],[-122.969192,46.118765],[-122.96915,46.118736],[-122.968961,46.118747],[-122.968939,46.118786],[-122.968939,46.119043],[-122.968961,46.119076],[-122.969016,46.119092]],[[-122.969829,46.122626],[-122.969645,46.122578],[-122.969584,46.122602],[-122.96938,46.122604],[-122.969331,46.122635],[-122.969323,46.122692],[-122.969195,46.122692],[-122.969189,46.122635],[-122.969147,46.122606],[-122.968984,46.122606],[-122.968937,46.12265],[-122.968942,46.122838],[-122.968984,46.122868],[-122.969066,46.122872],[-122.969072,46.122928],[-122.969121,46.122959],[-122.969536,46.122958],[-122.969582,46.122918],[-122.969584,46.122782],[-122.96978,46.122781],[-122.969839,46.122744],[-122.969829,46.122626]],[[-122.969194,46.125842],[-122.969212,46.125797],[-122.96918,46.125761],[-122.969106,46.125753],[-122.969056,46.125777],[-122.969046,46.125818],[-122.969083,46.125855],[-122.96914,46.125865],[-122.969194,46.125842]],[[-122.969118,46.124683],[-122.969311,46.124648],[-122.96932,46.12453],[-122.969269,46.124494],[-122.96912,46.124494],[-122.969066,46.124535],[-122.969068,46.124647],[-122.969118,46.124683]],[[-122.969635,46.124222],[-122.969709,46.124184],[-122.969699,46.124066],[-122.969642,46.124042],[-122.969467,46.124051],[-122.969434,46.124098],[-122.969466,46.124198],[-122.969516,46.124221],[-122.969635,46.124222]],[[-122.969635,46.123412],[-122.969709,46.123374],[-122.969704,46.12326],[-122.96965,46.123233],[-122.969495,46.123238],[-122.969455,46.123275],[-122.969463,46.123383],[-122.969516,46.123411],[-122.969635,46.123412]],[[-122.970264,46.12571],[-122.970212,46.125592],[-122.9701,46.125572],[-122.970091,46.125511],[-122.97003,46.125482],[-122.96963,46.125486],[-122.969588,46.125515],[-122.969548,46.125609],[-122.969595,46.125728],[-122.969711,46.125752],[-122.96974,46.12583],[-122.96997,46.125842],[-122.970024,46.125866],[-122.970216,46.125818],[-122.970264,46.12571]],[[-122.969636,46.123783],[-122.969829,46.123748],[-122.969839,46.12363],[-122.969787,46.123594],[-122.969638,46.123594],[-122.969585,46.123635],[-122.969586,46.123747],[-122.969636,46.123783]],[[-122.971041,46.1249],[-122.970993,46.124786],[-122.970877,46.124762],[-122.970871,46.124706],[-122.970829,46.124676],[-122.970618,46.124672],[-122.970557,46.124648],[-122.970489,46.124672],[-122.970359,46.124672],[-122.970359,46.124582],[-122.970393,46.124529],[-122.97035,46.124431],[-122.970304,46.124404],[-122.969883,46.124408],[-122.969843,46.124445],[-122.969841,46.124582],[-122.969739,46.124586],[-122.969695,46.124622],[-122.969725,46.124738],[-122.969841,46.124762],[-122.969834,46.124917],[-122.969876,46.12494],[-122.969971,46.124942],[-122.969993,46.125016],[-122.9701,46.125032],[-122.970113,46.125188],[-122.970229,46.125212],[-122.970264,46.125293],[-122.970405,46.125325],[-122.970589,46.12529],[-122.970618,46.125212],[-122.970719,46.1252],[-122.970747,46.125122],[-122.970842,46.125113],[-122.970877,46.125032],[-122.970989,46.125013],[-122.971041,46.1249]],[[-122.97075,46.119992],[-122.970831,46.119988],[-122.970876,46.119954],[-122.970876,46.119851],[-122.970824,46.119814],[-122.970655,46.119821],[-122.97062,46.119902],[-122.970362,46.119902],[-122.970362,46.119722],[-122.970396,46.119674],[-122.970321,46.119548],[-122.970171,46.119518],[-122.970029,46.119544],[-122.96998,46.119575],[-122.969973,46.119632],[-122.969899,46.119634],[-122.969853,46.11966],[-122.969847,46.119774],[-122.969892,46.119808],[-122.969973,46.119812],[-122.969975,46.119948],[-122.970014,46.119986],[-122.970351,46.119981],[-122.970379,46.120062],[-122.970491,46.120082],[-122.970504,46.120148],[-122.970569,46.120172],[-122.970687,46.120171],[-122.970737,46.120148],[-122.97075,46.119992]],[[-122.970361,46.126561],[-122.970392,46.126509],[-122.97034,46.126459],[-122.970274,46.12645],[-122.970209,46.126485],[-122.970196,46.12653],[-122.970247,46.126576],[-122.970305,46.126586],[-122.970361,46.126561]],[[-122.972051,46.121948],[-122.97204,46.121831],[-122.972002,46.121799],[-122.971784,46.121792],[-122.971781,46.121741],[-122.971743,46.121709],[-122.971526,46.121702],[-122.971522,46.121651],[-122.971485,46.121619],[-122.971309,46.121613],[-122.971248,46.121657],[-122.971268,46.121749],[-122.971308,46.121786],[-122.971396,46.121792],[-122.971396,46.121882],[-122.971289,46.121898],[-122.971267,46.121972],[-122.971148,46.121983],[-122.971131,46.121916],[-122.971082,46.121885],[-122.97062,46.121882],[-122.970586,46.121788],[-122.970423,46.121793],[-122.970362,46.121836],[-122.97036,46.122062],[-122.970245,46.122072],[-122.970213,46.122129],[-122.970284,46.122176],[-122.970371,46.122141],[-122.97049,46.122152],[-122.970507,46.122312],[-122.970619,46.122332],[-122.970623,46.122384],[-122.97066,46.122416],[-122.970816,46.122421],[-122.970877,46.122379],[-122.970878,46.122242],[-122.97096,46.122238],[-122.971002,46.122209],[-122.971008,46.122062],[-122.971126,46.122051],[-122.971172,46.122143],[-122.971333,46.122151],[-122.971387,46.122124],[-122.971396,46.122062],[-122.971873,46.122056],[-122.97191,46.122024],[-122.971914,46.121973],[-122.972008,46.12197],[-122.972051,46.121948]],[[-122.971006,46.125842],[-122.970983,46.125768],[-122.970876,46.125752],[-122.970842,46.125671],[-122.970747,46.125662],[-122.970767,46.125533],[-122.970739,46.125495],[-122.970499,46.125493],[-122.970483,46.125412],[-122.970428,46.12538],[-122.970247,46.125412],[-122.970229,46.125518],[-122.970252,46.125556],[-122.970488,46.125572],[-122.970489,46.125979],[-122.970529,46.126016],[-122.970617,46.126022],[-122.970646,46.1261],[-122.97095,46.12611],[-122.971,46.126079],[-122.971006,46.126022],[-122.971112,46.126007],[-122.971129,46.125876],[-122.971087,46.125846],[-122.971006,46.125842]],[[-122.970546,46.126202],[-122.970469,46.126247],[-122.970501,46.126358],[-122.970558,46.126382],[-122.970712,46.126373],[-122.970746,46.126334],[-122.970734,46.126226],[-122.970684,46.126203],[-122.970546,46.126202]],[[-122.971155,46.120132],[-122.971135,46.120031],[-122.971097,46.119999],[-122.970927,46.119996],[-122.970881,46.120036],[-122.970885,46.120152],[-122.970947,46.120186],[-122.971111,46.120168],[-122.971155,46.120132]],[[-122.971524,46.125032],[-122.971518,46.124976],[-122.971469,46.124945],[-122.971164,46.124955],[-122.971136,46.124991],[-122.971135,46.125122],[-122.971041,46.125131],[-122.971006,46.125212],[-122.970925,46.125216],[-122.970882,46.125246],[-122.970894,46.125373],[-122.970947,46.125392],[-122.971135,46.125392],[-122.971148,46.125458],[-122.971213,46.125482],[-122.97136,46.125473],[-122.971394,46.125392],[-122.971625,46.12538],[-122.971653,46.125344],[-122.971652,46.125076],[-122.971612,46.125039],[-122.971524,46.125032]],[[-122.972431,46.122963],[-122.972428,46.122911],[-122.97239,46.122879],[-122.972172,46.122872],[-122.972171,46.122736],[-122.972117,46.122695],[-122.971948,46.122702],[-122.971913,46.122782],[-122.971784,46.122782],[-122.971715,46.122758],[-122.971573,46.122787],[-122.971531,46.122816],[-122.971525,46.122872],[-122.97138,46.122865],[-122.971415,46.122743],[-122.971375,46.122699],[-122.971199,46.122693],[-122.97114,46.122731],[-122.97115,46.122848],[-122.971282,46.12288],[-122.971251,46.123108],[-122.971301,46.12314],[-122.971395,46.123142],[-122.971401,46.123212],[-122.971456,46.123245],[-122.97162,46.123223],[-122.971654,46.123143],[-122.971895,46.123156],[-122.971948,46.1231],[-122.971913,46.123052],[-122.971913,46.122963],[-122.972043,46.122963],[-122.972065,46.123037],[-122.972172,46.123053],[-122.972188,46.123135],[-122.972056,46.123167],[-122.972048,46.123289],[-122.972098,46.12332],[-122.972255,46.123332],[-122.972301,46.123288],[-122.972286,46.12315],[-122.972498,46.123142],[-122.972557,46.123104],[-122.972547,46.122987],[-122.972431,46.122963]],[[-122.971529,46.120354],[-122.971472,46.120339],[-122.971414,46.120359],[-122.971397,46.120407],[-122.971424,46.120443],[-122.971487,46.120456],[-122.971546,46.12043],[-122.97156,46.120389],[-122.971529,46.120354]],[[-122.972061,46.123547],[-122.972037,46.123446],[-122.971987,46.123415],[-122.971839,46.123415],[-122.971787,46.123451],[-122.971787,46.123554],[-122.971839,46.12359],[-122.972029,46.123583],[-122.972061,46.123547]],[[-122.972689,46.124403],[-122.97288,46.124416],[-122.972935,46.124392],[-122.972945,46.124261],[-122.972886,46.124224],[-122.972689,46.124223],[-122.972689,46.124091],[-122.972655,46.124052],[-122.972301,46.124043],[-122.972232,46.124018],[-122.972055,46.124067],[-122.972007,46.124175],[-122.972048,46.124279],[-122.97209,46.124308],[-122.972171,46.124313],[-122.972206,46.124393],[-122.972301,46.124403],[-122.972335,46.124484],[-122.972629,46.124505],[-122.972683,46.124473],[-122.972689,46.124403]],[[-122.972224,46.122513],[-122.972298,46.122474],[-122.972293,46.122361],[-122.972239,46.122334],[-122.972084,46.122339],[-122.972044,46.122376],[-122.972052,46.122484],[-122.972105,46.122512],[-122.972224,46.122513]],[[-122.97223,46.121973],[-122.972154,46.122018],[-122.972186,46.122129],[-122.972243,46.122152],[-122.972397,46.122144],[-122.972431,46.122104],[-122.972418,46.121997],[-122.972369,46.121974],[-122.97223,46.121973]],[[-122.972579,46.123818],[-122.972547,46.123707],[-122.972431,46.123683],[-122.972427,46.123631],[-122.97239,46.123599],[-122.972222,46.123593],[-122.97216,46.123622],[-122.972181,46.123744],[-122.972227,46.12377],[-122.972301,46.123773],[-122.972304,46.123824],[-122.972342,46.123856],[-122.97254,46.123856],[-122.972579,46.123818]],[[-122.972836,46.127778],[-122.972804,46.127667],[-122.972688,46.127643],[-122.972684,46.127591],[-122.972647,46.127559],[-122.972479,46.127553],[-122.972417,46.127582],[-122.972438,46.127704],[-122.972484,46.12773],[-122.972558,46.127733],[-122.972561,46.127784],[-122.972599,46.127816],[-122.972796,46.127816],[-122.972836,46.127778]],[[-122.973988,46.122042],[-122.973962,46.121899],[-122.973855,46.121883],[-122.973854,46.121733],[-122.973795,46.12169],[-122.97361,46.121727],[-122.973596,46.121883],[-122.973467,46.121883],[-122.973398,46.121859],[-122.973231,46.121899],[-122.973208,46.122063],[-122.973079,46.122063],[-122.973056,46.121989],[-122.972949,46.121973],[-122.972915,46.121892],[-122.97282,46.121883],[-122.972818,46.121746],[-122.972779,46.121709],[-122.972494,46.121704],[-122.972433,46.121746],[-122.972445,46.121859],[-122.972561,46.121883],[-122.972578,46.122043],[-122.972631,46.122062],[-122.97282,46.122063],[-122.972842,46.122137],[-122.972949,46.122153],[-122.972949,46.122333],[-122.972915,46.122386],[-122.972958,46.122484],[-122.973011,46.122512],[-122.973179,46.122501],[-122.973208,46.122423],[-122.973303,46.122414],[-122.973337,46.122333],[-122.973449,46.122313],[-122.973467,46.122243],[-122.973697,46.122231],[-122.973726,46.122153],[-122.973842,46.122129],[-122.973855,46.122063],[-122.973988,46.122042]],[[-122.972838,46.122738],[-122.972814,46.122636],[-122.972764,46.122605],[-122.972603,46.122604],[-122.972543,46.122642],[-122.972566,46.122763],[-122.972621,46.122795],[-122.972806,46.122773],[-122.972838,46.122738]],[[-122.973614,46.123728],[-122.973578,46.123613],[-122.973466,46.123593],[-122.973432,46.123512],[-122.973337,46.123503],[-122.973308,46.123425],[-122.973078,46.123413],[-122.973078,46.123323],[-122.973159,46.123319],[-122.973204,46.123284],[-122.973208,46.123143],[-122.973302,46.123134],[-122.973337,46.123053],[-122.973444,46.123037],[-122.973499,46.122931],[-122.973438,46.122795],[-122.973263,46.122785],[-122.973214,46.122816],[-122.973208,46.122873],[-122.973091,46.122897],[-122.973078,46.122963],[-122.972966,46.122982],[-122.972949,46.123053],[-122.972832,46.123077],[-122.972819,46.123233],[-122.972724,46.123242],[-122.97269,46.123323],[-122.972578,46.123342],[-122.972543,46.123463],[-122.972588,46.123498],[-122.972689,46.123503],[-122.972707,46.123573],[-122.972819,46.123593],[-122.972837,46.123663],[-122.972948,46.123683],[-122.972961,46.123749],[-122.973078,46.123773],[-122.973084,46.123829],[-122.973133,46.12386],[-122.973302,46.123854],[-122.973337,46.123773],[-122.973575,46.123766],[-122.973614,46.123728]],[[-122.973352,46.126883],[-122.973322,46.126767],[-122.973206,46.126743],[-122.973202,46.126691],[-122.973165,46.126659],[-122.973008,46.126629],[-122.972923,46.12667],[-122.972948,46.126879],[-122.972988,46.126916],[-122.9733,46.12692],[-122.973352,46.126883]],[[-122.973724,46.124943],[-122.973813,46.124937],[-122.973852,46.1249],[-122.973841,46.124607],[-122.973791,46.124584],[-122.97365,46.124585],[-122.973601,46.124616],[-122.973595,46.124673],[-122.973466,46.124673],[-122.973453,46.124414],[-122.973391,46.124389],[-122.973241,46.124412],[-122.973207,46.124452],[-122.973207,46.124673],[-122.973132,46.124675],[-122.973086,46.124701],[-122.97309,46.124829],[-122.973147,46.124853],[-122.973336,46.124853],[-122.973349,46.125009],[-122.973511,46.125055],[-122.973696,46.125021],[-122.973724,46.124943]],[[-122.973741,46.125893],[-122.973711,46.125777],[-122.973595,46.125753],[-122.973589,46.125696],[-122.973547,46.125667],[-122.973281,46.125649],[-122.973212,46.125683],[-122.973215,46.125814],[-122.973261,46.125841],[-122.973336,46.125843],[-122.973341,46.1259],[-122.973384,46.125929],[-122.973689,46.125931],[-122.973741,46.125893]],[[-122.973612,46.124183],[-122.973567,46.124055],[-122.973397,46.12403],[-122.973342,46.124063],[-122.973319,46.124183],[-122.973379,46.124222],[-122.973561,46.12422],[-122.973612,46.124183]],[[-122.974049,46.127104],[-122.973864,46.127114],[-122.973818,46.127022],[-122.973723,46.127013],[-122.973717,46.126956],[-122.973675,46.126927],[-122.973507,46.126924],[-122.973453,46.126953],[-122.973474,46.127074],[-122.97352,46.127101],[-122.973594,46.127103],[-122.973628,46.127184],[-122.973842,46.127182],[-122.973894,46.127277],[-122.974077,46.127274],[-122.974111,46.127234],[-122.974099,46.127127],[-122.974049,46.127104]],[[-122.97435,46.12512],[-122.97439,46.124898],[-122.974358,46.124863],[-122.974173,46.124841],[-122.974114,46.124883],[-122.974102,46.125044],[-122.973915,46.125009],[-122.973747,46.125049],[-122.97369,46.125165],[-122.973724,46.125213],[-122.973704,46.125337],[-122.973726,46.125376],[-122.973782,46.125393],[-122.974062,46.125393],[-122.974111,46.125377],[-122.974132,46.125337],[-122.974113,46.125123],[-122.974296,46.125137],[-122.97435,46.12512]],[[-122.974371,46.126833],[-122.974353,46.126763],[-122.974241,46.126743],[-122.974207,46.126662],[-122.974112,46.126653],[-122.974084,46.126575],[-122.973983,46.126563],[-122.973954,46.126485],[-122.973774,46.126473],[-122.97372,46.126494],[-122.973704,46.126534],[-122.973741,46.126633],[-122.973853,46.126653],[-122.973871,46.126723],[-122.973982,46.126743],[-122.974,46.126813],[-122.974112,46.126833],[-122.974125,46.126899],[-122.974241,46.126923],[-122.974247,46.12698],[-122.974296,46.127011],[-122.974445,46.127011],[-122.974497,46.126975],[-122.974487,46.126857],[-122.974371,46.126833]],[[-122.97426,46.126248],[-122.974241,46.126072],[-122.974207,46.126032],[-122.973928,46.126009],[-122.973866,46.126034],[-122.973859,46.12617],[-122.973901,46.126199],[-122.973983,46.126203],[-122.974017,46.126284],[-122.974221,46.126286],[-122.97426,46.126248]],[[-122.974742,46.124563],[-122.974777,46.124443],[-122.974725,46.124406],[-122.974372,46.124403],[-122.974372,46.124223],[-122.97446,46.124217],[-122.974501,46.124174],[-122.974502,46.123773],[-122.974618,46.123749],[-122.974631,46.123642],[-122.97459,46.1236],[-122.974502,46.123593],[-122.974498,46.123528],[-122.974462,46.123496],[-122.974278,46.123505],[-122.974224,46.123548],[-122.974243,46.123683],[-122.974161,46.123687],[-122.974117,46.123721],[-122.974113,46.123863],[-122.974025,46.123869],[-122.973985,46.123906],[-122.973984,46.124043],[-122.973949,46.124085],[-122.973984,46.124133],[-122.973965,46.124268],[-122.974011,46.124309],[-122.974113,46.124313],[-122.974113,46.124402],[-122.973997,46.124427],[-122.973953,46.124556],[-122.974044,46.124607],[-122.974113,46.124583],[-122.974372,46.124583],[-122.974406,46.124664],[-122.97456,46.124673],[-122.974621,46.124645],[-122.974631,46.124583],[-122.974742,46.124563]],[[-122.974781,46.122553],[-122.974752,46.122452],[-122.974698,46.122424],[-122.974169,46.122425],[-122.97412,46.122456],[-122.974114,46.122513],[-122.974039,46.122515],[-122.973994,46.122542],[-122.973988,46.122655],[-122.974032,46.122689],[-122.974114,46.122693],[-122.97412,46.12275],[-122.974169,46.122781],[-122.974576,46.122781],[-122.97463,46.12274],[-122.974632,46.122603],[-122.974759,46.122587],[-122.974781,46.122553]],[[-122.974421,46.121969],[-122.974701,46.121986],[-122.974756,46.121953],[-122.974739,46.121809],[-122.974632,46.121793],[-122.974626,46.121736],[-122.974577,46.121705],[-122.974266,46.121719],[-122.974244,46.121757],[-122.974266,46.121867],[-122.974373,46.121883],[-122.974379,46.12194],[-122.974421,46.121969]],[[-122.974929,46.126827],[-122.975216,46.126846],[-122.975271,46.126813],[-122.975276,46.126702],[-122.975248,46.126666],[-122.974899,46.126664],[-122.974871,46.126583],[-122.974759,46.126563],[-122.974725,46.126482],[-122.97463,46.126473],[-122.974601,46.126395],[-122.9745,46.126383],[-122.974472,46.126305],[-122.974324,46.126279],[-122.974258,46.1263],[-122.974254,46.126449],[-122.974371,46.126473],[-122.974405,46.126554],[-122.9745,46.126563],[-122.974529,46.126641],[-122.97463,46.126653],[-122.974658,46.126731],[-122.974878,46.126732],[-122.974929,46.126827]],[[-122.97916,46.126564],[-122.979142,46.126494],[-122.979031,46.126474],[-122.979013,46.126404],[-122.978901,46.126384],[-122.978884,46.126314],[-122.978772,46.126294],[-122.978754,46.126224],[-122.978643,46.126204],[-122.978629,46.126138],[-122.978513,46.126114],[-122.978479,46.126033],[-122.977995,46.126024],[-122.977978,46.125954],[-122.977866,46.125934],[-122.977831,46.125853],[-122.977737,46.125844],[-122.977714,46.12577],[-122.977553,46.12574],[-122.977479,46.125784],[-122.977491,46.126],[-122.977607,46.126024],[-122.977641,46.126105],[-122.977736,46.126114],[-122.97774,46.126179],[-122.977783,46.126213],[-122.978125,46.126204],[-122.978125,46.126384],[-122.978018,46.1264],[-122.977995,46.126474],[-122.977879,46.126498],[-122.977866,46.126564],[-122.977477,46.126564],[-122.977455,46.12649],[-122.977348,46.126474],[-122.977348,46.126294],[-122.97746,46.126274],[-122.977511,46.126151],[-122.97746,46.126044],[-122.977348,46.126024],[-122.977335,46.125868],[-122.977158,46.12582],[-122.977089,46.125844],[-122.976756,46.125846],[-122.976707,46.125877],[-122.976701,46.125934],[-122.976483,46.12594],[-122.976445,46.125972],[-122.976442,46.126024],[-122.97634,46.126028],[-122.976294,46.126069],[-122.976326,46.12618],[-122.976442,46.126204],[-122.976448,46.12626],[-122.976497,46.126291],[-122.976775,46.126291],[-122.976824,46.12626],[-122.97683,46.126204],[-122.97696,46.126204],[-122.97696,46.126474],[-122.976858,46.126478],[-122.976811,46.126519],[-122.97683,46.126924],[-122.976723,46.126939],[-122.9767,46.127014],[-122.976584,46.127038],[-122.976571,46.127104],[-122.976442,46.127104],[-122.976442,46.127014],[-122.976537,46.127005],[-122.976571,46.126924],[-122.976645,46.126921],[-122.976691,46.126895],[-122.976688,46.126768],[-122.976571,46.126744],[-122.976537,46.126663],[-122.976442,46.126654],[-122.976413,46.126576],[-122.976312,46.126563],[-122.976284,46.126486],[-122.976183,46.126473],[-122.976155,46.126396],[-122.976054,46.126383],[-122.976025,46.126306],[-122.975924,46.126293],[-122.975901,46.126219],[-122.975795,46.126203],[-122.975766,46.126126],[-122.975536,46.126113],[-122.975513,46.126039],[-122.975407,46.126023],[-122.975389,46.125953],[-122.975277,46.125933],[-122.975243,46.125852],[-122.975148,46.125843],[-122.975119,46.125766],[-122.975018,46.125753],[-122.975019,46.125393],[-122.975255,46.125377],[-122.975277,46.125339],[-122.975255,46.125229],[-122.975019,46.125213],[-122.975006,46.125147],[-122.974889,46.125123],[-122.974861,46.125045],[-122.974706,46.12501],[-122.974649,46.12502],[-122.974596,46.125076],[-122.97463,46.125123],[-122.97463,46.125393],[-122.974556,46.125395],[-122.97451,46.125422],[-122.974501,46.125573],[-122.974406,46.125582],[-122.974371,46.125663],[-122.97429,46.125667],[-122.974245,46.125701],[-122.974259,46.125823],[-122.974371,46.125843],[-122.974406,46.125924],[-122.9745,46.125933],[-122.974529,46.126011],[-122.97463,46.126023],[-122.974658,46.126101],[-122.974759,46.126113],[-122.974788,46.126191],[-122.974889,46.126203],[-122.974917,46.126281],[-122.975018,46.126293],[-122.97504,46.126381],[-122.975093,46.126397],[-122.975277,46.126383],[-122.9753,46.126458],[-122.975406,46.126473],[-122.975406,46.126563],[-122.975372,46.126611],[-122.975429,46.126728],[-122.975536,46.126743],[-122.975553,46.126814],[-122.975665,46.126833],[-122.9757,46.126914],[-122.975794,46.126924],[-122.975823,46.127001],[-122.975924,46.127014],[-122.975952,46.127091],[-122.976053,46.127104],[-122.976082,46.127181],[-122.976312,46.127194],[-122.976312,46.127374],[-122.976183,46.127373],[-122.976177,46.127317],[-122.976128,46.127286],[-122.975855,46.127271],[-122.975796,46.127313],[-122.975817,46.127448],[-122.976053,46.127464],[-122.976059,46.12752],[-122.976108,46.127551],[-122.976359,46.127567],[-122.976433,46.127538],[-122.976442,46.127464],[-122.976571,46.127464],[-122.976584,46.12753],[-122.9767,46.127554],[-122.976729,46.127631],[-122.976959,46.127644],[-122.976982,46.127718],[-122.977134,46.127756],[-122.977334,46.12771],[-122.977348,46.127554],[-122.97738,46.127496],[-122.977294,46.12744],[-122.977218,46.127464],[-122.976959,46.127464],[-122.976959,46.127374],[-122.976994,46.127331],[-122.976959,46.127284],[-122.976959,46.127194],[-122.977218,46.127194],[-122.977227,46.127255],[-122.977288,46.127284],[-122.977728,46.127271],[-122.977756,46.127233],[-122.977736,46.127104],[-122.977771,46.127061],[-122.977736,46.127014],[-122.977736,46.126744],[-122.977995,46.126744],[-122.978013,46.126814],[-122.978124,46.126834],[-122.978159,46.126915],[-122.978254,46.126924],[-122.978282,46.127002],[-122.978513,46.127014],[-122.978519,46.127071],[-122.978561,46.1271],[-122.978853,46.1271],[-122.9789,46.127061],[-122.978901,46.126924],[-122.979002,46.126912],[-122.979031,46.126834],[-122.979125,46.126825],[-122.97916,46.126744],[-122.979242,46.12674],[-122.979284,46.126711],[-122.97928,46.126593],[-122.979234,46.126566],[-122.97916,46.126564]],[[-122.974907,46.127148],[-122.974882,46.127047],[-122.974833,46.127016],[-122.974685,46.127016],[-122.974633,46.127052],[-122.974633,46.127155],[-122.974684,46.127191],[-122.974874,46.127184],[-122.974907,46.127148]],[[-122.975038,46.123638],[-122.975014,46.123523],[-122.974966,46.123492],[-122.974816,46.123506],[-122.974764,46.123541],[-122.974764,46.123645],[-122.974816,46.123681],[-122.975005,46.123674],[-122.975038,46.123638]],[[-122.976313,46.124943],[-122.976297,46.124861],[-122.976395,46.124849],[-122.976439,46.124815],[-122.976441,46.124717],[-122.976408,46.124683],[-122.976261,46.124674],[-122.976207,46.124689],[-122.976184,46.124853],[-122.975927,46.124853],[-122.975902,46.124689],[-122.97565,46.124666],[-122.975668,46.124583],[-122.975925,46.124584],[-122.975934,46.124645],[-122.975987,46.124672],[-122.976161,46.124658],[-122.976178,46.124527],[-122.976136,46.124498],[-122.976054,46.124493],[-122.97602,46.124413],[-122.975599,46.124404],[-122.975546,46.124432],[-122.975537,46.124493],[-122.975407,46.124493],[-122.975394,46.124427],[-122.975278,46.124403],[-122.975275,46.124338],[-122.975232,46.124304],[-122.97496,46.124313],[-122.974903,46.124337],[-122.974856,46.12444],[-122.974889,46.124493],[-122.974889,46.124582],[-122.974855,46.124631],[-122.974889,46.124673],[-122.97489,46.124818],[-122.974923,46.124857],[-122.97523,46.124849],[-122.975272,46.12482],[-122.975278,46.124763],[-122.975394,46.124739],[-122.975407,46.124673],[-122.975552,46.124681],[-122.975536,46.124853],[-122.975442,46.124862],[-122.975407,46.124943],[-122.975326,46.124947],[-122.975283,46.124977],[-122.975278,46.125075],[-122.975312,46.125114],[-122.975502,46.125114],[-122.975537,46.125033],[-122.975653,46.125009],[-122.975668,46.124943],[-122.975795,46.124943],[-122.975808,46.125009],[-122.975925,46.125034],[-122.975931,46.12509],[-122.97598,46.125121],[-122.976184,46.125124],[-122.976252,46.125148],[-122.976313,46.125124],[-122.976549,46.125108],[-122.976572,46.12507],[-122.976549,46.124959],[-122.976313,46.124943]],[[-122.975294,46.127604],[-122.975254,46.127389],[-122.975075,46.127373],[-122.97502,46.12739],[-122.974998,46.127429],[-122.97504,46.127627],[-122.975249,46.127639],[-122.975294,46.127604]],[[-122.975145,46.126471],[-122.975094,46.12645],[-122.975036,46.12646],[-122.974999,46.126502],[-122.975015,46.126543],[-122.975068,46.126563],[-122.97514,46.126551],[-122.975167,46.126513],[-122.975145,46.126471]],[[-122.975201,46.122603],[-122.975275,46.122565],[-122.97527,46.122452],[-122.975216,46.122424],[-122.975061,46.12243],[-122.975021,46.122467],[-122.975029,46.122575],[-122.975082,46.122602],[-122.975201,46.122603]],[[-122.97541,46.124222],[-122.975442,46.124176],[-122.975392,46.124126],[-122.975402,46.124063],[-122.975361,46.124034],[-122.975303,46.124033],[-122.975243,46.124086],[-122.975294,46.124141],[-122.975284,46.124203],[-122.975338,46.124236],[-122.97541,46.124222]],[[-122.976419,46.125918],[-122.976477,46.125796],[-122.976442,46.125754],[-122.976441,46.125527],[-122.976401,46.12549],[-122.975925,46.125483],[-122.975911,46.125417],[-122.975847,46.125393],[-122.9757,46.125403],[-122.975666,46.125483],[-122.97552,46.125476],[-122.97552,46.125401],[-122.975643,46.125378],[-122.975666,46.125303],[-122.975914,46.125292],[-122.975931,46.12536],[-122.975973,46.125389],[-122.976272,46.125387],[-122.976347,46.125266],[-122.9763,46.125203],[-122.976244,46.125189],[-122.976183,46.125213],[-122.975936,46.125224],[-122.975919,46.125157],[-122.975877,46.125128],[-122.975606,46.125124],[-122.975546,46.125152],[-122.975536,46.125213],[-122.975425,46.125233],[-122.975423,46.125386],[-122.975372,46.125441],[-122.975423,46.125491],[-122.975407,46.125615],[-122.975435,46.125651],[-122.975665,46.125663],[-122.975679,46.125729],[-122.975795,46.125753],[-122.975801,46.125824],[-122.975855,46.125856],[-122.976019,46.125834],[-122.976054,46.125754],[-122.976183,46.125754],[-122.976183,46.125843],[-122.976095,46.12585],[-122.976055,46.125887],[-122.976035,46.125978],[-122.976088,46.126021],[-122.976279,46.126028],[-122.976313,46.125934],[-122.976419,46.125918]],[[-122.975813,46.127238],[-122.975789,46.127123],[-122.975741,46.127092],[-122.975591,46.127106],[-122.975539,46.127142],[-122.975539,46.127245],[-122.975591,46.127281],[-122.975781,46.127274],[-122.975813,46.127238]],[[-122.976702,46.124044],[-122.976698,46.123992],[-122.976661,46.12396],[-122.976443,46.123953],[-122.976425,46.123883],[-122.976314,46.123863],[-122.976296,46.123793],[-122.976184,46.123773],[-122.976171,46.123707],[-122.976055,46.123683],[-122.976051,46.123632],[-122.976014,46.1236],[-122.975607,46.123594],[-122.975546,46.123622],[-122.975537,46.123809],[-122.97556,46.123848],[-122.975727,46.123887],[-122.975796,46.123863],[-122.975925,46.123863],[-122.975938,46.123929],[-122.976055,46.123954],[-122.976089,46.124034],[-122.976313,46.124044],[-122.976331,46.124114],[-122.976443,46.124134],[-122.976456,46.1242],[-122.976572,46.124224],[-122.976578,46.124294],[-122.97664,46.124327],[-122.976783,46.12431],[-122.97683,46.12427],[-122.976825,46.124077],[-122.976783,46.124048],[-122.976702,46.124044]],[[-122.975977,46.123053],[-122.976054,46.12301],[-122.976038,46.122803],[-122.975977,46.122783],[-122.975695,46.122796],[-122.975667,46.122832],[-122.975684,46.122944],[-122.975796,46.122963],[-122.9758,46.123015],[-122.975837,46.123047],[-122.975977,46.123053]],[[-122.976032,46.123308],[-122.976072,46.123183],[-122.976028,46.123148],[-122.975804,46.123156],[-122.975776,46.123194],[-122.975812,46.123316],[-122.975764,46.123355],[-122.975782,46.123405],[-122.975835,46.123427],[-122.975898,46.123414],[-122.975925,46.123378],[-122.97591,46.123331],[-122.976032,46.123308]],[[-122.976236,46.124314],[-122.976312,46.12427],[-122.976312,46.124177],[-122.976285,46.124146],[-122.976008,46.12412],[-122.975942,46.12414],[-122.975925,46.124265],[-122.975953,46.124301],[-122.976236,46.124314]],[[-122.976588,46.128684],[-122.976557,46.128478],[-122.976402,46.12844],[-122.976324,46.128464],[-122.976311,46.128544],[-122.976223,46.12855],[-122.976184,46.128587],[-122.976185,46.128685],[-122.976245,46.128723],[-122.976543,46.128719],[-122.976588,46.128684]],[[-122.976877,46.12899],[-122.977028,46.129006],[-122.977079,46.128979],[-122.977082,46.128847],[-122.977026,46.128815],[-122.976857,46.128818],[-122.976809,46.128864],[-122.976835,46.12896],[-122.976877,46.12899]],[[-122.97704,46.128368],[-122.976897,46.12835],[-122.976842,46.128374],[-122.976833,46.128505],[-122.976884,46.128541],[-122.977033,46.128541],[-122.977085,46.128505],[-122.977085,46.128402],[-122.97704,46.128368]],[[-122.977137,46.12566],[-122.977425,46.125675],[-122.977475,46.125639],[-122.977465,46.125418],[-122.977408,46.125394],[-122.97709,46.125394],[-122.977068,46.125306],[-122.976966,46.125301],[-122.976925,46.125351],[-122.976976,46.125401],[-122.976973,46.12555],[-122.977089,46.125574],[-122.977095,46.12563],[-122.977137,46.12566]],[[-122.978125,46.124764],[-122.978097,46.124686],[-122.977943,46.12465],[-122.977866,46.124674],[-122.977737,46.124674],[-122.977668,46.12465],[-122.977607,46.124674],[-122.977397,46.124678],[-122.977355,46.124707],[-122.977349,46.124764],[-122.977274,46.124766],[-122.977228,46.124792],[-122.977219,46.124944],[-122.977145,46.124946],[-122.977099,46.124972],[-122.977096,46.12509],[-122.977138,46.12512],[-122.977219,46.125124],[-122.977254,46.125205],[-122.977348,46.125214],[-122.977352,46.125265],[-122.977389,46.125297],[-122.977689,46.1253],[-122.977731,46.12527],[-122.977737,46.125214],[-122.977853,46.12519],[-122.977866,46.125124],[-122.977978,46.125104],[-122.977996,46.125034],[-122.978108,46.125014],[-122.978125,46.124944],[-122.978322,46.124943],[-122.978375,46.124915],[-122.978384,46.124813],[-122.978356,46.124776],[-122.978125,46.124764]],[[-122.977991,46.123484],[-122.978011,46.123358],[-122.977946,46.123324],[-122.977529,46.123324],[-122.977459,46.123374],[-122.977488,46.123475],[-122.977549,46.123503],[-122.977943,46.123515],[-122.977991,46.123484]],[[-122.977736,46.126334],[-122.977676,46.126281],[-122.977512,46.126303],[-122.977478,46.126342],[-122.97749,46.12645],[-122.977547,46.126474],[-122.977702,46.126465],[-122.977735,46.12643],[-122.977736,46.126334]],[[-122.978258,46.123933],[-122.978255,46.123733],[-122.978227,46.123696],[-122.978065,46.12366],[-122.977922,46.123686],[-122.977873,46.123717],[-122.977867,46.123774],[-122.97775,46.123798],[-122.977737,46.123864],[-122.977621,46.123888],[-122.977611,46.124005],[-122.977678,46.124044],[-122.97807,46.124042],[-122.97812,46.124011],[-122.978126,46.123954],[-122.978258,46.123933]],[[-122.977763,46.12917],[-122.977926,46.129187],[-122.977982,46.129163],[-122.977991,46.129032],[-122.977939,46.128996],[-122.97779,46.128996],[-122.977741,46.129027],[-122.977718,46.129134],[-122.977763,46.12917]],[[-122.978125,46.125344],[-122.978065,46.125291],[-122.97788,46.125313],[-122.977846,46.12536],[-122.977879,46.12546],[-122.977936,46.125484],[-122.97809,46.125475],[-122.978124,46.12544],[-122.978125,46.125344]],[[-122.978176,46.127824],[-122.97825,46.127786],[-122.978236,46.127664],[-122.978124,46.127644],[-122.978121,46.127579],[-122.978078,46.127545],[-122.977894,46.127566],[-122.977866,46.127603],[-122.977883,46.127714],[-122.977995,46.127734],[-122.977998,46.127786],[-122.978036,46.127818],[-122.978176,46.127824]],[[-122.978399,46.131564],[-122.978347,46.131433],[-122.978178,46.131426],[-122.978129,46.131457],[-122.978105,46.131564],[-122.978165,46.131603],[-122.978347,46.131602],[-122.978399,46.131564]],[[-122.978643,46.123954],[-122.978725,46.12395],[-122.978769,46.123916],[-122.978769,46.123812],[-122.978718,46.123776],[-122.978555,46.12378],[-122.978517,46.123812],[-122.978514,46.123864],[-122.978412,46.123868],[-122.978367,46.123904],[-122.97839,46.124011],[-122.97844,46.124042],[-122.978604,46.124051],[-122.97864,46.124019],[-122.978643,46.123954]],[[-122.978693,46.129354],[-122.978767,46.129316],[-122.978753,46.129194],[-122.978641,46.129174],[-122.978635,46.129117],[-122.978593,46.129088],[-122.97839,46.129097],[-122.978363,46.12914],[-122.9784,46.129244],[-122.978512,46.129264],[-122.978515,46.129316],[-122.978553,46.129348],[-122.978693,46.129354]],[[-122.979807,46.126514],[-122.979747,46.126462],[-122.979604,46.126477],[-122.979554,46.126508],[-122.979548,46.126564],[-122.979437,46.126584],[-122.979419,46.126744],[-122.979318,46.126756],[-122.979289,46.126834],[-122.979194,46.126843],[-122.97916,46.126924],[-122.979048,46.126944],[-122.97903,46.127104],[-122.978936,46.127113],[-122.978901,46.127194],[-122.978806,46.127196],[-122.97876,46.127224],[-122.97876,46.127475],[-122.978642,46.127464],[-122.978636,46.127407],[-122.978587,46.127376],[-122.978453,46.127374],[-122.978401,46.127394],[-122.978383,46.12759],[-122.978411,46.127632],[-122.978709,46.127643],[-122.978762,46.127616],[-122.978782,46.127543],[-122.978901,46.127554],[-122.978918,46.127624],[-122.97903,46.127644],[-122.979043,46.12771],[-122.97916,46.127734],[-122.979163,46.127786],[-122.979201,46.127818],[-122.979478,46.127824],[-122.97953,46.127804],[-122.979539,46.127673],[-122.979493,46.127647],[-122.979419,46.127644],[-122.979419,46.127464],[-122.979525,46.127448],[-122.979548,46.127374],[-122.979681,46.127354],[-122.979678,46.127194],[-122.979759,46.12719],[-122.979804,46.127156],[-122.979807,46.126514]],[[-122.978722,46.130708],[-122.978565,46.13068],[-122.978399,46.130724],[-122.978382,46.130844],[-122.978409,46.130885],[-122.9787,46.130884],[-122.978752,46.130864],[-122.978761,46.130733],[-122.978722,46.130708]],[[-122.978565,46.128825],[-122.978758,46.12879],[-122.978768,46.128672],[-122.978716,46.128636],[-122.978567,46.128636],[-122.978514,46.128677],[-122.978515,46.128789],[-122.978565,46.128825]],[[-122.978711,46.124237],[-122.978969,46.124223],[-122.979022,46.124196],[-122.979031,46.124003],[-122.978991,46.12396],[-122.978821,46.123958],[-122.978779,46.123987],[-122.978773,46.124044],[-122.978678,46.124046],[-122.978636,46.124069],[-122.978656,46.124213],[-122.978711,46.124237]],[[-122.978918,46.130569],[-122.978894,46.130467],[-122.978845,46.130436],[-122.978696,46.130436],[-122.978644,46.130472],[-122.978644,46.130576],[-122.978696,46.130612],[-122.978886,46.130605],[-122.978918,46.130569]],[[-122.979029,46.130924],[-122.978969,46.130872],[-122.978805,46.130893],[-122.978772,46.130928],[-122.978762,46.131039],[-122.97882,46.131064],[-122.978994,46.131055],[-122.979027,46.131021],[-122.979029,46.130924]],[[-122.979936,46.128184],[-122.97993,46.128128],[-122.979881,46.128097],[-122.979746,46.12807],[-122.979677,46.128094],[-122.979548,46.128094],[-122.979535,46.128028],[-122.979419,46.128004],[-122.979413,46.127948],[-122.979371,46.127918],[-122.978935,46.127923],[-122.978866,46.128047],[-122.978901,46.128094],[-122.9789,46.128274],[-122.978789,46.128294],[-122.978751,46.128398],[-122.978791,46.128447],[-122.9789,46.128454],[-122.978913,46.1287],[-122.979077,46.128738],[-122.97915,46.128709],[-122.97916,46.128274],[-122.979266,46.128258],[-122.979289,46.128184],[-122.979418,46.128184],[-122.979418,46.128274],[-122.979337,46.128278],[-122.979292,46.128312],[-122.97929,46.128411],[-122.979323,46.128445],[-122.979493,46.128452],[-122.979542,46.128421],[-122.979548,46.128364],[-122.979675,46.128364],[-122.979712,46.128445],[-122.979858,46.128454],[-122.979923,46.12843],[-122.979936,46.128364],[-122.980024,46.128358],[-122.980064,46.128321],[-122.980052,46.128208],[-122.979936,46.128184]],[[-122.979147,46.125508],[-122.978955,46.125473],[-122.978905,46.125509],[-122.978868,46.125627],[-122.978947,46.125687],[-122.979112,46.12566],[-122.979157,46.125626],[-122.979147,46.125508]],[[-122.979395,46.129248],[-122.979438,46.129135],[-122.979416,46.129101],[-122.979289,46.129084],[-122.979266,46.12883],[-122.979098,46.12879],[-122.978923,46.12883],[-122.978889,46.128964],[-122.978935,46.128992],[-122.97903,46.128994],[-122.97903,46.129404],[-122.979051,46.129442],[-122.979112,46.129458],[-122.979266,46.129428],[-122.979289,46.129264],[-122.979395,46.129248]],[[-122.979437,46.130738],[-122.979425,46.130549],[-122.979383,46.130527],[-122.979288,46.130524],[-122.979254,46.130443],[-122.979104,46.13042],[-122.979042,46.130445],[-122.979012,46.130574],[-122.979057,46.13061],[-122.979158,46.130614],[-122.979159,46.130745],[-122.979193,46.130785],[-122.97936,46.130794],[-122.979415,46.130778],[-122.979437,46.130738]],[[-122.979568,46.125529],[-122.979543,46.125414],[-122.979496,46.125383],[-122.979345,46.125396],[-122.979293,46.125432],[-122.979293,46.125536],[-122.979345,46.125572],[-122.979535,46.125565],[-122.979568,46.125529]],[[-122.984978,46.129052],[-122.985019,46.128947],[-122.984967,46.128835],[-122.984855,46.128815],[-122.984849,46.128758],[-122.984807,46.128729],[-122.984596,46.128725],[-122.98459,46.128668],[-122.984548,46.128639],[-122.984351,46.128644],[-122.984317,46.128685],[-122.984337,46.128815],[-122.984208,46.128815],[-122.984202,46.128758],[-122.984153,46.128727],[-122.984017,46.128701],[-122.983949,46.128725],[-122.983819,46.128725],[-122.983806,46.128659],[-122.98369,46.128635],[-122.983687,46.128583],[-122.983649,46.128551],[-122.983442,46.128556],[-122.983408,46.128471],[-122.983302,46.128455],[-122.983302,46.128365],[-122.983485,46.128379],[-122.983544,46.128358],[-122.983572,46.128125],[-122.983511,46.128095],[-122.983077,46.128104],[-122.983043,46.128185],[-122.982961,46.128189],[-122.982919,46.128218],[-122.982913,46.128365],[-122.982832,46.128369],[-122.98279,46.128398],[-122.98279,46.128601],[-122.982832,46.128631],[-122.982913,46.128635],[-122.982922,46.128696],[-122.982983,46.128725],[-122.983246,46.128722],[-122.983296,46.128691],[-122.983302,46.128635],[-122.98342,46.128624],[-122.983431,46.128725],[-122.983324,46.128741],[-122.983301,46.128815],[-122.983207,46.128817],[-122.983164,46.12884],[-122.983172,46.128995],[-122.982854,46.128995],[-122.98279,46.129028],[-122.982793,46.129236],[-122.982846,46.129264],[-122.983042,46.129265],[-122.983042,46.129353],[-122.982846,46.129356],[-122.982789,46.129388],[-122.982789,46.129501],[-122.982831,46.129531],[-122.982913,46.129535],[-122.982913,46.129623],[-122.982818,46.129627],[-122.982772,46.129654],[-122.982783,46.129805],[-122.982525,46.129805],[-122.982456,46.129781],[-122.982294,46.129817],[-122.982265,46.129895],[-122.982149,46.129919],[-122.982104,46.130017],[-122.982136,46.130075],[-122.982136,46.130165],[-122.982101,46.130207],[-122.982136,46.130255],[-122.982136,46.130345],[-122.981877,46.130345],[-122.981877,46.129985],[-122.981978,46.129972],[-122.982007,46.129895],[-122.982108,46.129882],[-122.982136,46.129805],[-122.982237,46.129792],[-122.982266,46.129715],[-122.982361,46.129706],[-122.982395,46.129625],[-122.982477,46.129621],[-122.982521,46.129586],[-122.982519,46.129388],[-122.982477,46.129359],[-122.982395,46.129355],[-122.982395,46.129175],[-122.982428,46.129116],[-122.982373,46.129011],[-122.982266,46.128995],[-122.982266,46.128905],[-122.982477,46.128901],[-122.982519,46.128871],[-122.982525,46.128815],[-122.982606,46.128811],[-122.982648,46.128781],[-122.982645,46.128663],[-122.982599,46.128637],[-122.982525,46.128635],[-122.98249,46.128554],[-122.982396,46.128545],[-122.982396,46.128455],[-122.982512,46.128431],[-122.982525,46.128275],[-122.982637,46.128255],[-122.982655,46.128095],[-122.982743,46.128088],[-122.982784,46.128046],[-122.982784,46.127783],[-122.98275,46.127744],[-122.982171,46.127744],[-122.982137,46.127825],[-122.982036,46.127837],[-122.982007,46.127915],[-122.981906,46.127927],[-122.981878,46.128005],[-122.981777,46.128017],[-122.981748,46.128095],[-122.981647,46.128107],[-122.981619,46.128184],[-122.981531,46.128191],[-122.981491,46.128228],[-122.981482,46.12834],[-122.981524,46.128362],[-122.981619,46.128365],[-122.981642,46.128439],[-122.981748,46.128455],[-122.981783,46.128535],[-122.981878,46.128545],[-122.981878,46.128635],[-122.981748,46.128635],[-122.981735,46.128569],[-122.981619,46.128544],[-122.981615,46.128493],[-122.981578,46.128461],[-122.981415,46.128457],[-122.981366,46.128488],[-122.98136,46.128544],[-122.981231,46.128544],[-122.981162,46.12852],[-122.981006,46.128554],[-122.980971,46.128634],[-122.980855,46.128658],[-122.980842,46.128724],[-122.98073,46.128744],[-122.980712,46.128814],[-122.980454,46.128814],[-122.980385,46.12879],[-122.980229,46.128823],[-122.980195,46.128863],[-122.980195,46.128994],[-122.980113,46.128998],[-122.980071,46.129028],[-122.980058,46.129149],[-122.980241,46.129197],[-122.980324,46.129174],[-122.980657,46.129172],[-122.980707,46.129141],[-122.980714,46.129084],[-122.980971,46.129085],[-122.980994,46.129159],[-122.981101,46.129175],[-122.981101,46.129264],[-122.980971,46.129264],[-122.980937,46.129184],[-122.980783,46.129175],[-122.980722,46.129203],[-122.980712,46.129264],[-122.980387,46.129265],[-122.980326,46.129308],[-122.980326,46.129401],[-122.980365,46.129438],[-122.980515,46.129469],[-122.980583,46.129444],[-122.980712,46.129444],[-122.980712,46.129534],[-122.980631,46.129539],[-122.980586,46.129573],[-122.980583,46.12975],[-122.980617,46.129795],[-122.980712,46.129804],[-122.980735,46.129879],[-122.980916,46.129892],[-122.980965,46.129861],[-122.980971,46.129805],[-122.9811,46.129805],[-122.9811,46.129894],[-122.980994,46.12991],[-122.980971,46.129984],[-122.980855,46.130008],[-122.980842,46.130074],[-122.980712,46.130074],[-122.980706,46.130018],[-122.980657,46.129987],[-122.980453,46.129984],[-122.98044,46.129918],[-122.980324,46.129894],[-122.980318,46.129838],[-122.980276,46.129808],[-122.980013,46.129804],[-122.979939,46.129843],[-122.979935,46.129984],[-122.979841,46.129993],[-122.979806,46.130074],[-122.979724,46.130078],[-122.97968,46.130113],[-122.979694,46.130325],[-122.979806,46.130344],[-122.979824,46.130415],[-122.979935,46.130434],[-122.979953,46.130505],[-122.980065,46.130524],[-122.980078,46.13059],[-122.980194,46.130614],[-122.980229,46.130695],[-122.980453,46.130704],[-122.980462,46.130856],[-122.980508,46.130882],[-122.980582,46.130884],[-122.980582,46.130974],[-122.980391,46.130961],[-122.980332,46.13099],[-122.980289,46.131112],[-122.980336,46.13122],[-122.980386,46.131243],[-122.980527,46.131242],[-122.980576,46.131211],[-122.980582,46.131154],[-122.980712,46.131155],[-122.980712,46.131244],[-122.980677,46.131292],[-122.980718,46.131391],[-122.98076,46.13142],[-122.980895,46.131448],[-122.980971,46.131425],[-122.981188,46.131418],[-122.981226,46.131386],[-122.98123,46.131335],[-122.981466,46.131319],[-122.981489,46.131065],[-122.981706,46.131058],[-122.981744,46.131026],[-122.981748,46.130975],[-122.981842,46.130966],[-122.981877,46.130921],[-122.981864,46.130729],[-122.981748,46.130705],[-122.981713,46.130624],[-122.981618,46.130615],[-122.98159,46.130537],[-122.981489,46.130525],[-122.981489,46.130345],[-122.981748,46.130345],[-122.981748,46.130476],[-122.981776,46.130512],[-122.982006,46.130525],[-122.982012,46.130595],[-122.98206,46.130626],[-122.982265,46.130615],[-122.982274,46.13069],[-122.982348,46.130718],[-122.982496,46.130692],[-122.982524,46.130615],[-122.983094,46.130615],[-122.983149,46.130599],[-122.983172,46.130561],[-122.983158,46.130459],[-122.983042,46.130435],[-122.983008,46.130354],[-122.982913,46.130345],[-122.982913,46.130255],[-122.983042,46.130255],[-122.983045,46.130306],[-122.983083,46.130338],[-122.983301,46.130345],[-122.983307,46.130492],[-122.983349,46.130521],[-122.98343,46.130525],[-122.983459,46.130603],[-122.983655,46.130606],[-122.983689,46.130566],[-122.983689,46.130345],[-122.983801,46.130325],[-122.983819,46.130165],[-122.9839,46.130161],[-122.983945,46.130127],[-122.983949,46.129895],[-122.984326,46.129884],[-122.984346,46.12997],[-122.984404,46.129998],[-122.984723,46.129985],[-122.984794,46.130009],[-122.984992,46.12996],[-122.985003,46.129924],[-122.984956,46.129817],[-122.984725,46.129805],[-122.984709,46.129723],[-122.984814,46.129709],[-122.984854,46.129666],[-122.984853,46.129475],[-122.984802,46.129434],[-122.984651,46.129447],[-122.984605,46.129474],[-122.984611,46.129707],[-122.984489,46.129731],[-122.984466,46.129805],[-122.984337,46.129804],[-122.984337,46.129715],[-122.984418,46.129711],[-122.984463,46.129677],[-122.984466,46.129445],[-122.984561,46.129436],[-122.984596,46.129391],[-122.984594,46.129308],[-122.984561,46.129274],[-122.984337,46.129265],[-122.984337,46.128995],[-122.984466,46.128995],[-122.984475,46.12907],[-122.984542,46.129099],[-122.984929,46.129083],[-122.984978,46.129052]],[[-122.980065,46.129574],[-122.979997,46.129521],[-122.979835,46.129547],[-122.979807,46.129583],[-122.979823,46.129708],[-122.979889,46.129728],[-122.980037,46.129702],[-122.980064,46.129671],[-122.980065,46.129574]],[[-122.980713,46.127374],[-122.980713,46.127243],[-122.980685,46.127207],[-122.980325,46.127194],[-122.980319,46.127048],[-122.980277,46.127018],[-122.980196,46.127014],[-122.980173,46.12694],[-122.980014,46.126924],[-122.979954,46.126944],[-122.979937,46.127236],[-122.979978,46.127278],[-122.980066,46.127284],[-122.980075,46.127526],[-122.980121,46.127552],[-122.980195,46.127554],[-122.980213,46.127625],[-122.980325,46.127644],[-122.980342,46.127715],[-122.980454,46.127734],[-122.980467,46.1278],[-122.980583,46.127824],[-122.980592,46.127899],[-122.980659,46.127928],[-122.980801,46.127908],[-122.980842,46.127866],[-122.980841,46.127418],[-122.980801,46.127381],[-122.980713,46.127374]],[[-122.980324,46.128544],[-122.980406,46.12854],[-122.98045,46.128506],[-122.98045,46.128403],[-122.980399,46.128367],[-122.980236,46.128371],[-122.980198,46.128403],[-122.980195,46.128454],[-122.980113,46.128458],[-122.980069,46.128493],[-122.980069,46.128596],[-122.980121,46.128632],[-122.98029,46.128625],[-122.980324,46.128544]],[[-122.980453,46.131874],[-122.980419,46.131911],[-122.980433,46.131952],[-122.980492,46.131978],[-122.980549,46.131969],[-122.980581,46.131935],[-122.980569,46.131885],[-122.980514,46.131861],[-122.980453,46.131874]],[[-122.981361,46.126295],[-122.981449,46.126288],[-122.981489,46.126251],[-122.98149,46.126073],[-122.981449,46.126031],[-122.981286,46.126027],[-122.981237,46.126058],[-122.981231,46.126114],[-122.981102,46.126114],[-122.98111,46.125959],[-122.98106,46.125936],[-122.980921,46.125934],[-122.980856,46.125958],[-122.980843,46.126024],[-122.980748,46.126027],[-122.980702,46.126054],[-122.980736,46.126189],[-122.980972,46.126204],[-122.980985,46.12627],[-122.981102,46.126295],[-122.981105,46.126346],[-122.981143,46.126378],[-122.98132,46.126378],[-122.981357,46.126346],[-122.981361,46.126295]],[[-122.981529,46.131868],[-122.981687,46.131887],[-122.981741,46.131855],[-122.981746,46.131648],[-122.981692,46.131607],[-122.981551,46.131606],[-122.98149,46.131648],[-122.98149,46.131831],[-122.981529,46.131868]],[[-122.981797,46.12647],[-122.981947,46.126487],[-122.981999,46.126459],[-122.982002,46.126328],[-122.981945,46.126296],[-122.981776,46.126299],[-122.981729,46.126345],[-122.981755,46.126441],[-122.981797,46.12647]],[[-122.982395,46.130835],[-122.982327,46.130781],[-122.982164,46.130807],[-122.982136,46.130885],[-122.982061,46.130887],[-122.982016,46.130913],[-122.981972,46.131012],[-122.981987,46.131052],[-122.982067,46.131089],[-122.982136,46.131065],[-122.982366,46.131052],[-122.982394,46.131016],[-122.982395,46.130835]],[[-122.982963,46.133945],[-122.983035,46.133912],[-122.983041,46.133814],[-122.983,46.133771],[-122.982912,46.133765],[-122.982911,46.133544],[-122.982871,46.133501],[-122.982728,46.133481],[-122.98267,46.133501],[-122.982653,46.133675],[-122.982534,46.133686],[-122.98252,46.133533],[-122.982461,46.133496],[-122.982305,46.133501],[-122.982268,46.133533],[-122.982264,46.133585],[-122.98219,46.133587],[-122.982144,46.133613],[-122.982136,46.133721],[-122.982176,46.133758],[-122.982512,46.133754],[-122.982536,46.133831],[-122.982653,46.133855],[-122.982687,46.133936],[-122.982963,46.133945]],[[-122.982729,46.133034],[-122.982558,46.133054],[-122.982523,46.133135],[-122.982442,46.133139],[-122.9824,46.133168],[-122.982394,46.133356],[-122.982442,46.133401],[-122.982707,46.133419],[-122.982777,46.133385],[-122.982779,46.13307],[-122.982729,46.133034]],[[-122.982835,46.131425],[-122.982909,46.131386],[-122.982903,46.131273],[-122.98285,46.131246],[-122.982695,46.131251],[-122.982655,46.131288],[-122.982663,46.131396],[-122.982716,46.131424],[-122.982835,46.131425]],[[-122.988098,46.131581],[-122.988068,46.131441],[-122.987961,46.131425],[-122.987943,46.131355],[-122.987832,46.131335],[-122.987797,46.131255],[-122.987702,46.131245],[-122.987674,46.131168],[-122.987573,46.131155],[-122.987555,46.130995],[-122.987443,46.130975],[-122.987409,46.130894],[-122.987314,46.130885],[-122.987285,46.130808],[-122.987184,46.130795],[-122.987156,46.130718],[-122.987055,46.130705],[-122.987027,46.130628],[-122.986926,46.130615],[-122.986897,46.130538],[-122.986722,46.130528],[-122.986673,46.130559],[-122.986667,46.130615],[-122.986537,46.130615],[-122.986528,46.130464],[-122.986482,46.130438],[-122.986408,46.130435],[-122.986386,46.130168],[-122.986333,46.130151],[-122.98602,46.130165],[-122.986006,46.130009],[-122.985843,46.129971],[-122.985764,46.13001],[-122.985761,46.130165],[-122.985654,46.130181],[-122.985631,46.130255],[-122.985536,46.130264],[-122.985502,46.130345],[-122.98539,46.130365],[-122.985372,46.130435],[-122.985243,46.130435],[-122.985237,46.130365],[-122.985182,46.130333],[-122.984917,46.130346],[-122.984868,46.130369],[-122.98482,46.130478],[-122.984854,46.130525],[-122.984854,46.130615],[-122.984743,46.130635],[-122.984691,46.130742],[-122.984725,46.130796],[-122.984725,46.131245],[-122.984404,46.131232],[-122.984342,46.131265],[-122.984336,46.131335],[-122.984207,46.131335],[-122.984146,46.131311],[-122.984077,46.131335],[-122.983948,46.131335],[-122.983942,46.131278],[-122.983893,46.131247],[-122.983571,46.131256],[-122.983577,46.131105],[-122.983502,46.131065],[-122.98309,46.131069],[-122.983048,46.131098],[-122.983007,46.131197],[-122.983048,46.131301],[-122.98309,46.131331],[-122.983301,46.131335],[-122.983369,46.131359],[-122.983549,46.131324],[-122.983563,46.1314],[-122.983599,46.131432],[-122.983818,46.131425],[-122.983818,46.131515],[-122.983784,46.131557],[-122.983818,46.131605],[-122.983807,46.131706],[-122.983689,46.131695],[-122.983683,46.131638],[-122.983641,46.131609],[-122.9835,46.131605],[-122.983439,46.131633],[-122.983419,46.131706],[-122.983241,46.131695],[-122.983177,46.131728],[-122.983152,46.13183],[-122.983213,46.131874],[-122.983396,46.131866],[-122.983441,46.131774],[-122.983559,46.131785],[-122.983575,46.131867],[-122.983465,46.131884],[-122.98343,46.131965],[-122.983348,46.131969],[-122.983306,46.131998],[-122.983302,46.132101],[-122.983348,46.132141],[-122.983511,46.132141],[-122.983553,46.132112],[-122.98356,46.132055],[-122.983666,46.132039],[-122.983689,46.132001],[-122.983673,46.131883],[-122.983796,46.131859],[-122.983829,46.131774],[-122.984077,46.131785],[-122.984106,46.131863],[-122.984268,46.131899],[-122.984437,46.131863],[-122.984466,46.131785],[-122.984724,46.131785],[-122.984725,46.132096],[-122.984787,46.132144],[-122.985043,46.132145],[-122.985095,46.132125],[-122.985113,46.131875],[-122.985242,46.131875],[-122.985265,46.131949],[-122.985372,46.131965],[-122.985372,46.132504],[-122.985337,46.132553],[-122.985387,46.132678],[-122.985277,46.132694],[-122.985242,46.132739],[-122.985244,46.132912],[-122.985312,46.132955],[-122.985438,46.132954],[-122.985492,46.132927],[-122.985501,46.132685],[-122.98576,46.132685],[-122.985829,46.132709],[-122.985964,46.132683],[-122.986013,46.132652],[-122.986019,46.132595],[-122.986135,46.132571],[-122.986148,46.132505],[-122.986337,46.132505],[-122.986394,46.132481],[-122.986407,46.132235],[-122.986596,46.132235],[-122.986649,46.132216],[-122.986701,46.132103],[-122.986666,46.132055],[-122.986666,46.131965],[-122.986761,46.131956],[-122.986796,46.131875],[-122.986877,46.131871],[-122.986922,46.131837],[-122.986912,46.131719],[-122.986796,46.131695],[-122.986796,46.131427],[-122.986903,46.13141],[-122.986925,46.131335],[-122.987055,46.131335],[-122.987078,46.13141],[-122.98723,46.131448],[-122.987314,46.131425],[-122.987573,46.131425],[-122.987595,46.1315],[-122.987702,46.131515],[-122.987704,46.131652],[-122.987765,46.131694],[-122.987934,46.131696],[-122.987961,46.131606],[-122.988056,46.131603],[-122.988098,46.131581]],[[-122.98343,46.131465],[-122.983362,46.131411],[-122.983069,46.131429],[-122.983022,46.131475],[-122.983047,46.131585],[-122.983117,46.131619],[-122.983382,46.131601],[-122.983429,46.131561],[-122.98343,46.131465]],[[-122.983817,46.130703],[-122.98375,46.130681],[-122.983678,46.130716],[-122.983508,46.130705],[-122.983453,46.130721],[-122.98343,46.130759],[-122.983453,46.130959],[-122.983508,46.130975],[-122.983666,46.130959],[-122.983689,46.130795],[-122.983817,46.130778],[-122.983839,46.130739],[-122.983817,46.130703]],[[-122.984097,46.1276],[-122.984077,46.127418],[-122.984038,46.127381],[-122.983881,46.127351],[-122.983699,46.127403],[-122.983699,46.127526],[-122.983745,46.127553],[-122.98382,46.127555],[-122.983823,46.127607],[-122.983861,46.127639],[-122.984058,46.127638],[-122.984097,46.1276]],[[-122.984258,46.132955],[-122.984334,46.132912],[-122.984318,46.132705],[-122.984266,46.132685],[-122.984077,46.132685],[-122.984071,46.132628],[-122.984022,46.132597],[-122.983826,46.132608],[-122.983798,46.132651],[-122.983836,46.132755],[-122.983947,46.132775],[-122.983961,46.132841],[-122.984077,46.132865],[-122.984112,46.132946],[-122.984258,46.132955]],[[-122.984078,46.130565],[-122.98405,46.130524],[-122.983995,46.130511],[-122.983934,46.130534],[-122.983914,46.130573],[-122.983939,46.13061],[-122.984003,46.130629],[-122.984061,46.130608],[-122.984078,46.130565]],[[-122.984075,46.134213],[-122.984023,46.134191],[-122.983965,46.134202],[-122.983928,46.134244],[-122.983944,46.134284],[-122.983997,46.134305],[-122.984069,46.134292],[-122.984096,46.134255],[-122.984075,46.134213]],[[-122.984167,46.128011],[-122.984017,46.127992],[-122.983962,46.128016],[-122.98395,46.128141],[-122.983997,46.128181],[-122.984147,46.128197],[-122.984205,46.12816],[-122.984206,46.128048],[-122.984167,46.128011]],[[-122.984443,46.130239],[-122.984493,46.130097],[-122.984397,46.130051],[-122.984242,46.130084],[-122.984207,46.130165],[-122.984095,46.130185],[-122.984043,46.130297],[-122.984078,46.130345],[-122.984059,46.13048],[-122.984091,46.130515],[-122.984254,46.130539],[-122.98432,46.130518],[-122.984337,46.130255],[-122.984443,46.130239]],[[-122.984469,46.131154],[-122.9845,46.131102],[-122.984425,46.130981],[-122.984268,46.130951],[-122.984087,46.131004],[-122.984058,46.131105],[-122.984098,46.131148],[-122.984336,46.131155],[-122.984397,46.131179],[-122.984469,46.131154]],[[-122.984849,46.128152],[-122.98489,46.128047],[-122.984846,46.127944],[-122.9848,46.127917],[-122.984726,46.127915],[-122.984691,46.127834],[-122.984596,46.127825],[-122.984568,46.127747],[-122.984291,46.127721],[-122.984225,46.127741],[-122.984221,46.127891],[-122.984278,46.127915],[-122.984467,46.127915],[-122.984473,46.128062],[-122.984515,46.128091],[-122.984596,46.128095],[-122.984625,46.128173],[-122.984814,46.128179],[-122.984849,46.128152]],[[-122.984613,46.130755],[-122.984586,46.130644],[-122.984533,46.130616],[-122.984275,46.130602],[-122.984209,46.130645],[-122.98421,46.130757],[-122.98427,46.130794],[-122.984568,46.130791],[-122.984613,46.130755]],[[-122.984724,46.132635],[-122.984664,46.132583],[-122.9845,46.132604],[-122.984466,46.132644],[-122.984478,46.132751],[-122.984535,46.132775],[-122.98469,46.132766],[-122.984723,46.132732],[-122.984724,46.132635]],[[-122.98513,46.132465],[-122.9851,46.132349],[-122.984983,46.132325],[-122.98498,46.132273],[-122.984942,46.132241],[-122.984787,46.132236],[-122.984734,46.132264],[-122.984725,46.13247],[-122.984764,46.132512],[-122.985085,46.132501],[-122.98513,46.132465]],[[-122.985649,46.13363],[-122.985613,46.133515],[-122.985501,46.133495],[-122.985488,46.133429],[-122.985372,46.133405],[-122.985337,46.133324],[-122.985163,46.133315],[-122.985105,46.13334],[-122.985126,46.133471],[-122.985242,46.133495],[-122.985276,46.133576],[-122.985371,46.133585],[-122.985406,46.133666],[-122.98561,46.133669],[-122.985649,46.13363]],[[-122.985155,46.128629],[-122.985305,46.128648],[-122.98536,46.128624],[-122.985371,46.128499],[-122.985325,46.128459],[-122.985174,46.128443],[-122.985117,46.12848],[-122.985115,46.128592],[-122.985155,46.128629]],[[-122.985245,46.132507],[-122.985188,46.132491],[-122.98513,46.132512],[-122.985113,46.13256],[-122.98514,46.132596],[-122.985203,46.132608],[-122.985262,46.132582],[-122.985276,46.132542],[-122.985245,46.132507]],[[-122.9855,46.130073],[-122.985448,46.130052],[-122.985391,46.130062],[-122.985353,46.130104],[-122.985369,46.130145],[-122.985422,46.130165],[-122.985494,46.130152],[-122.985521,46.130115],[-122.9855,46.130073]],[[-122.98605,46.129598],[-122.986014,46.129479],[-122.985979,46.129452],[-122.985761,46.129445],[-122.985685,46.129422],[-122.985515,46.129469],[-122.985503,46.129595],[-122.98557,46.129639],[-122.985888,46.129625],[-122.985966,46.129649],[-122.98605,46.129598]],[[-122.986019,46.133495],[-122.9861,46.133491],[-122.986142,46.133462],[-122.986125,46.133331],[-122.986071,46.133315],[-122.985783,46.133331],[-122.98576,46.133369],[-122.985782,46.133569],[-122.985972,46.133594],[-122.986015,46.13356],[-122.986019,46.133495]],[[-122.985947,46.132865],[-122.985871,46.13291],[-122.985902,46.133021],[-122.985959,46.133045],[-122.986114,46.133036],[-122.986148,46.132997],[-122.986135,46.132889],[-122.986086,46.132866],[-122.985947,46.132865]],[[-122.986538,46.129715],[-122.986736,46.129728],[-122.986791,46.129695],[-122.986795,46.129489],[-122.986741,46.129448],[-122.9866,46.129446],[-122.986547,46.129474],[-122.986537,46.129535],[-122.986426,46.129555],[-122.986408,46.129625],[-122.986292,46.129649],[-122.98628,46.129762],[-122.986334,46.129803],[-122.986475,46.129804],[-122.986528,46.129777],[-122.986538,46.129715]],[[-122.986795,46.133765],[-122.986778,46.133592],[-122.98672,46.133572],[-122.986578,46.133592],[-122.986538,46.133629],[-122.986536,46.133765],[-122.986455,46.133769],[-122.98641,46.133804],[-122.986416,46.133917],[-122.986469,46.133944],[-122.986666,46.133945],[-122.986727,46.133969],[-122.986884,46.133939],[-122.986923,46.133902],[-122.986921,46.133804],[-122.986877,46.133769],[-122.986795,46.133765]],[[-122.987348,46.132643],[-122.9873,46.132529],[-122.987184,46.132505],[-122.98715,46.132424],[-122.986925,46.132415],[-122.986922,46.132364],[-122.986884,46.132332],[-122.986714,46.132329],[-122.986672,46.132359],[-122.986632,46.132452],[-122.986666,46.132505],[-122.986666,46.132595],[-122.986578,46.132602],[-122.986538,46.132639],[-122.986543,46.132832],[-122.986585,46.132861],[-122.986666,46.132865],[-122.986672,46.132935],[-122.986719,46.132966],[-122.987136,46.132951],[-122.987178,46.132922],[-122.987184,46.132865],[-122.987265,46.132861],[-122.98731,46.132827],[-122.987314,46.132685],[-122.987348,46.132643]],[[-122.986848,46.129265],[-122.986923,46.129227],[-122.986917,46.129114],[-122.986863,46.129086],[-122.986708,46.129092],[-122.986669,46.129129],[-122.986676,46.129237],[-122.986729,46.129264],[-122.986848,46.129265]],[[-122.987232,46.133851],[-122.987382,46.133868],[-122.987434,46.13384],[-122.987437,46.133709],[-122.98738,46.133676],[-122.987211,46.13368],[-122.987164,46.133726],[-122.98719,46.133822],[-122.987232,46.133851]],[[-122.988012,46.134305],[-122.988088,46.134262],[-122.988087,46.134074],[-122.988035,46.134038],[-122.987886,46.134038],[-122.98784,46.134064],[-122.987797,46.134163],[-122.987834,46.134267],[-122.987886,46.134303],[-122.988012,46.134305]],[[-122.988219,46.133896],[-122.988192,46.133855],[-122.988137,46.133842],[-122.988075,46.133864],[-122.988055,46.133903],[-122.988081,46.133941],[-122.988144,46.133959],[-122.988202,46.133939],[-122.988219,46.133896]],[[-122.989126,46.129846],[-122.989059,46.129792],[-122.988896,46.129818],[-122.988867,46.129895],[-122.988786,46.1299],[-122.988744,46.129929],[-122.988735,46.130055],[-122.988788,46.130075],[-122.988968,46.130063],[-122.988997,46.129986],[-122.989071,46.129983],[-122.989117,46.129957],[-122.989126,46.129846]],[[-122.989644,46.131245],[-122.989663,46.131201],[-122.98963,46.131165],[-122.989557,46.131157],[-122.989507,46.131181],[-122.989497,46.131222],[-122.989533,46.131259],[-122.989591,46.131269],[-122.989644,46.131245]],[[-122.990611,46.130538],[-122.990761,46.130522],[-122.990806,46.130487],[-122.990796,46.13028],[-122.990739,46.130256],[-122.990561,46.130267],[-122.990544,46.130199],[-122.990495,46.130168],[-122.990326,46.130175],[-122.990292,46.130214],[-122.990304,46.130335],[-122.990366,46.130359],[-122.990539,46.130335],[-122.990559,46.13051],[-122.990611,46.130538]],[[-122.990674,46.131662],[-122.990698,46.131561],[-122.990659,46.131522],[-122.990468,46.13152],[-122.990422,46.131559],[-122.990426,46.131676],[-122.990488,46.131709],[-122.990631,46.131692],[-122.990674,46.131662]],[[-122.99145,46.131662],[-122.991475,46.131561],[-122.991436,46.131522],[-122.991245,46.13152],[-122.991199,46.131559],[-122.991203,46.131676],[-122.991265,46.131709],[-122.991408,46.131692],[-122.99145,46.131662]],[[-122.992111,46.132301],[-122.992086,46.132076],[-122.992033,46.132056],[-122.991845,46.132056],[-122.991839,46.131999],[-122.991797,46.13197],[-122.991397,46.131966],[-122.991333,46.131999],[-122.991336,46.132297],[-122.991389,46.132325],[-122.991585,46.132326],[-122.991591,46.132382],[-122.991633,46.132412],[-122.991933,46.132409],[-122.991971,46.132377],[-122.991974,46.132326],[-122.992069,46.132323],[-122.992111,46.132301]],[[-122.991896,46.133046],[-122.991972,46.133002],[-122.99197,46.132814],[-122.991919,46.132778],[-122.991768,46.132765],[-122.991715,46.132811],[-122.991718,46.133007],[-122.99177,46.133043],[-122.991896,46.133046]]]}},{"type":"Feature","properties":{"id":53,"area_m2":15600,"px":156,"rank":2,"persistent":false},"geometry":{"type":"Polygon","coordinates":[[[-122.958973,46.119089],[-122.958973,46.119178],[-122.958764,46.119179],[-122.958706,46.119203],[-122.958714,46.119358],[-122.958326,46.119358],[-122.958308,46.119288],[-122.958196,46.119268],[-122.958162,46.119187],[-122.958067,46.119178],[-122.958039,46.1191],[-122.957938,46.119088],[-122.957909,46.11901],[-122.957808,46.118998],[-122.957785,46.118924],[-122.957549,46.118908],[-122.957532,46.118838],[-122.95742,46.118818],[-122.957407,46.118752],[-122.957291,46.118728],[-122.957256,46.118647],[-122.956644,46.118638],[-122.956621,46.118563],[-122.956514,46.118546],[-122.956514,46.118458],[-122.956609,46.118455],[-122.956659,46.118423],[-122.956635,46.118306],[-122.956589,46.11828],[-122.956515,46.118278],[-122.95648,46.118197],[-122.956385,46.118187],[-122.956351,46.118107],[-122.956126,46.118097],[-122.956104,46.118023],[-122.955997,46.118007],[-122.955984,46.117851],[-122.955868,46.117827],[-122.955833,46.117746],[-122.955739,46.117737],[-122.955739,46.117557],[-122.956064,46.117556],[-122.956118,46.117529],[-122.956127,46.117467],[-122.956256,46.117468],[-122.956245,46.117618],[-122.956291,46.117645],[-122.956385,46.117648],[-122.956378,46.117983],[-122.956435,46.118007],[-122.956644,46.118008],[-122.956667,46.118082],[-122.956773,46.118098],[-122.956808,46.118179],[-122.956903,46.118188],[-122.95692,46.118348],[-122.957108,46.118379],[-122.957156,46.118348],[-122.957162,46.118278],[-122.957256,46.118275],[-122.957303,46.118248],[-122.957288,46.118136],[-122.957229,46.118099],[-122.957032,46.118098],[-122.957015,46.117938],[-122.956903,46.117918],[-122.956869,46.117837],[-122.956774,46.117828],[-122.956745,46.11775],[-122.956644,46.117738],[-122.956635,46.117586],[-122.956589,46.11756],[-122.956515,46.117558],[-122.956515,46.117198],[-122.956645,46.117198],[-122.956654,46.117259],[-122.956715,46.117287],[-122.956869,46.117279],[-122.956906,46.117198],[-122.957292,46.117198],[-122.957298,46.117255],[-122.95734,46.117284],[-122.95761,46.117288],[-122.957671,46.117259],[-122.95768,46.117198],[-122.957792,46.117178],[-122.95781,46.117108],[-122.957939,46.117108],[-122.957962,46.117182],[-122.958068,46.117198],[-122.958068,46.117378],[-122.957462,46.117384],[-122.957424,46.117416],[-122.957421,46.117468],[-122.957305,46.117492],[-122.957292,46.117558],[-122.95718,46.117578],[-122.957162,46.117648],[-122.956926,46.117664],[-122.956909,46.117794],[-122.956966,46.117827],[-122.957162,46.117828],[-122.957175,46.117894],[-122.957291,46.117918],[-122.95732,46.117996],[-122.95755,46.118008],[-122.957573,46.118082],[-122.957679,46.118098],[-122.957683,46.11833],[-122.957727,46.118364],[-122.957809,46.118368],[-122.957812,46.1186],[-122.957856,46.118634],[-122.957938,46.118638],[-122.957972,46.118719],[-122.958844,46.118729],[-122.958844,46.118818],[-122.958809,46.118866],[-122.958844,46.118909],[-122.958845,46.119045],[-122.958885,46.119082],[-122.958973,46.119089]],[[-122.957489,46.118355],[-122.957163,46.118384],[-122.957142,46.118429],[-122.957184,46.118532],[-122.957467,46.118562],[-122.957528,46.118545],[-122.957544,46.118388],[-122.957489,46.118355]]]}},{"type":"Feature","properties":{"id":66,"area_m2":13000,"px":130,"rank":3,"persistent":false},"geometry":{"type":"Polygon","coordinates":[[[-122.959107,46.112429],[-122.959107,46.112518],[-122.959012,46.112528],[-122.958978,46.112608],[-122.958883,46.112611],[-122.958837,46.112638],[-122.958848,46.112788],[-122.958747,46.112801],[-122.958719,46.112878],[-122.958618,46.112891],[-122.958589,46.112968],[-122.958494,46.112977],[-122.95846,46.113058],[-122.958343,46.113082],[-122.95833,46.113238],[-122.958224,46.113254],[-122.958201,46.113328],[-122.958084,46.113352],[-122.958071,46.113418],[-122.957841,46.11343],[-122.957812,46.113508],[-122.957683,46.113508],[-122.957677,46.113451],[-122.957628,46.11342],[-122.957424,46.113418],[-122.957402,46.113344],[-122.957295,46.113328],[-122.957277,46.113258],[-122.957166,46.113238],[-122.957131,46.113157],[-122.957036,46.113148],[-122.957008,46.11307],[-122.956907,46.113058],[-122.956879,46.11298],[-122.956778,46.112968],[-122.956778,46.112878],[-122.956994,46.112877],[-122.957055,46.112833],[-122.957002,46.112707],[-122.956778,46.112698],[-122.956778,46.112608],[-122.956859,46.112604],[-122.956904,46.112569],[-122.956907,46.112428],[-122.957008,46.112415],[-122.957037,46.112338],[-122.957132,46.112329],[-122.957166,46.112248],[-122.957278,46.112228],[-122.957296,46.112068],[-122.957514,46.112061],[-122.957551,46.11203],[-122.957555,46.111978],[-122.957684,46.111978],[-122.957693,46.112129],[-122.957739,46.112156],[-122.957813,46.112158],[-122.957813,46.112428],[-122.957711,46.112432],[-122.957665,46.112473],[-122.957687,46.11257],[-122.957732,46.112604],[-122.957901,46.112602],[-122.957939,46.11257],[-122.957943,46.112518],[-122.958285,46.112527],[-122.958328,46.112493],[-122.958331,46.112428],[-122.958447,46.112404],[-122.95846,46.112338],[-122.958691,46.112326],[-122.958719,46.11229],[-122.958719,46.112068],[-122.958826,46.112053],[-122.958849,46.111978],[-122.958978,46.111978],[-122.958979,46.112385],[-122.959019,46.112422],[-122.959107,46.112429]],[[-122.957554,46.113148],[-122.95756,46.113205],[-122.957602,46.113234],[-122.95779,46.113222],[-122.957813,46.113184],[-122.95779,46.112984],[-122.957425,46.112968],[-122.957415,46.112906],[-122.957362,46.112879],[-122.957168,46.112894],[-122.957146,46.112934],[-122.957172,46.113024],[-122.957214,46.113054],[-122.957295,46.113058],[-122.957317,46.113145],[-122.95737,46.113162],[-122.957554,46.113148]],[[-122.958717,46.112606],[-122.958665,46.112585],[-122.958608,46.112595],[-122.95857,46.112637],[-122.958586,46.112678],[-122.958639,46.112698],[-122.958711,46.112686],[-122.958739,46.112648],[-122.958717,46.112606]]]}},{"type":"Feature","properties":{"id":60,"area_m2":9800,"px":98,"rank":4,"persistent":false},"geometry":{"type":"Polygon","coordinates":[[[-122.961562,46.117649],[-122.961562,46.117739],[-122.961481,46.117743],[-122.961436,46.117778],[-122.961433,46.117919],[-122.961174,46.117919],[-122.961171,46.117868],[-122.961133,46.117836],[-122.960861,46.117815],[-122.960795,46.117844],[-122.960786,46.117919],[-122.960669,46.117943],[-122.960656,46.118009],[-122.960527,46.118009],[-122.960521,46.117952],[-122.960472,46.117921],[-122.960214,46.117905],[-122.960147,46.117934],[-122.960138,46.118009],[-122.959621,46.118009],[-122.959621,46.117199],[-122.95988,46.117199],[-122.959883,46.11761],[-122.959935,46.117647],[-122.960076,46.117648],[-122.96013,46.11762],[-122.960139,46.117559],[-122.96022,46.117555],[-122.960262,46.117526],[-122.960269,46.117199],[-122.960375,46.117183],[-122.960398,46.117109],[-122.960527,46.117109],[-122.960533,46.117166],[-122.960575,46.117195],[-122.960744,46.117198],[-122.960805,46.117154],[-122.960786,46.117019],[-122.961045,46.117019],[-122.961048,46.117161],[-122.961093,46.117195],[-122.961174,46.117199],[-122.961183,46.117351],[-122.961237,46.117378],[-122.961433,46.117379],[-122.961436,46.117611],[-122.961481,46.117645],[-122.961562,46.117649]]]}},{"type":"Feature","properties":{"id":67,"area_m2":9400,"px":94,"rank":5,"persistent":false},"geometry":{"type":"Polygon","coordinates":[[[-122.961048,46.112519],[-122.961048,46.112609],[-122.960942,46.112625],[-122.960919,46.112699],[-122.960802,46.112723],[-122.960789,46.112789],[-122.960531,46.112789],[-122.960521,46.112727],[-122.960468,46.1127],[-122.960142,46.112699],[-122.960133,46.112637],[-122.96008,46.11261],[-122.959754,46.112609],[-122.959731,46.112534],[-122.959625,46.112519],[-122.959625,46.112429],[-122.95966,46.112381],[-122.959616,46.112277],[-122.95957,46.112251],[-122.959496,46.112249],[-122.959478,46.112088],[-122.959366,46.112068],[-122.959365,46.111842],[-122.959325,46.111805],[-122.959237,46.111798],[-122.959237,46.111619],[-122.959344,46.111603],[-122.959367,46.111529],[-122.959483,46.111505],[-122.959496,46.111439],[-122.960014,46.111439],[-122.960037,46.111513],[-122.960143,46.111529],[-122.960178,46.11161],[-122.960272,46.111619],[-122.960272,46.111709],[-122.960238,46.111751],[-122.960272,46.111799],[-122.960265,46.111954],[-122.960322,46.111979],[-122.960531,46.111979],[-122.960543,46.112238],[-122.960606,46.112263],[-122.96079,46.112249],[-122.960803,46.112405],[-122.960919,46.112429],[-122.960953,46.11251],[-122.961048,46.112519]],[[-122.960141,46.112205],[-122.960162,46.112024],[-122.960122,46.111985],[-122.959932,46.111983],[-122.95989,46.112012],[-122.959884,46.112069],[-122.959695,46.112069],[-122.959643,46.112088],[-122.959631,46.112215],[-122.959673,46.112245],[-122.959815,46.112273],[-122.959884,46.112249],[-122.960095,46.112245],[-122.960141,46.112205]]]}},{"type":"Feature","properties":{"id":1,"area_m2":4300,"px":43,"rank":6,"persistent":false},"geometry":{"type":"Polygon","coordinates":[[[-122.987183,46.135385],[-122.987183,46.135565],[-122.987088,46.135575],[-122.987054,46.135655],[-122.986942,46.135675],[-122.986924,46.135835],[-122.986829,46.135844],[-122.986795,46.135925],[-122.986713,46.135929],[-122.986669,46.135964],[-122.986671,46.136072],[-122.986713,46.136101],[-122.986795,46.136105],[-122.986795,46.136195],[-122.986559,46.136211],[-122.986536,46.136285],[-122.986441,46.136294],[-122.986406,46.136375],[-122.98629,46.136399],[-122.986277,46.136555],[-122.98617,46.136571],[-122.986147,46.136645],[-122.986031,46.136669],[-122.986018,46.136735],[-122.985759,46.136735],[-122.985759,46.136555],[-122.98599,46.136543],[-122.986018,46.136465],[-122.986099,46.136461],[-122.986141,46.136432],[-122.986148,46.136285],[-122.986229,46.136281],[-122.986274,46.136247],[-122.986264,46.136129],[-122.986148,46.136105],[-122.986148,46.135835],[-122.986277,46.135835],[-122.986346,46.135859],[-122.986518,46.135816],[-122.986536,46.135475],[-122.986749,46.135498],[-122.986902,46.13546],[-122.986925,46.135385],[-122.987183,46.135385]]]}},{"type":"Feature","properties":{"id":24,"area_m2":4300,"px":43,"rank":7,"persistent":false},"geometry":{"type":"Polygon","coordinates":[[[-122.97644,46.129804],[-122.97644,46.130074],[-122.976052,46.130073],[-122.976034,46.130003],[-122.975923,46.129983],[-122.975888,46.129903],[-122.975793,46.129893],[-122.975765,46.129816],[-122.975664,46.129803],[-122.975635,46.129726],[-122.975534,46.129713],[-122.975506,46.129636],[-122.975405,46.129623],[-122.975377,46.129546],[-122.975146,46.129533],[-122.975123,46.129459],[-122.975017,46.129443],[-122.974982,46.129362],[-122.974887,46.129353],[-122.974887,46.129222],[-122.974859,46.129186],[-122.974629,46.129173],[-122.974623,46.129117],[-122.974573,46.129086],[-122.97437,46.129083],[-122.974347,46.129009],[-122.97424,46.128993],[-122.974227,46.128927],[-122.974111,46.128903],[-122.974082,46.128825],[-122.973981,46.128813],[-122.973959,46.128649],[-122.973723,46.128633],[-122.973719,46.128491],[-122.973675,46.128457],[-122.973593,46.128453],[-122.973593,46.128363],[-122.973723,46.128363],[-122.97374,46.128433],[-122.973852,46.128453],[-122.97387,46.128523],[-122.973981,46.128543],[-122.973999,46.128613],[-122.974111,46.128633],[-122.974124,46.128699],[-122.97424,46.128723],[-122.974275,46.128804],[-122.974499,46.128813],[-122.974522,46.128887],[-122.974628,46.128903],[-122.974646,46.128973],[-122.974758,46.128993],[-122.974792,46.129074],[-122.974887,46.129083],[-122.974916,46.129161],[-122.975017,46.129173],[-122.975045,46.129251],[-122.975146,46.129263],[-122.975175,46.129341],[-122.975276,46.129353],[-122.975304,46.129431],[-122.975405,46.129443],[-122.975428,46.129518],[-122.975664,46.129534],[-122.975681,46.129604],[-122.975793,46.129624],[-122.975806,46.129689],[-122.975923,46.129714],[-122.975957,46.129794],[-122.97644,46.129804]]]}},{"type":"Feature","properties":{"id":61,"area_m2":3700,"px":37,"rank":8,"persistent":false},"geometry":{"type":"Polygon","coordinates":[[[-122.959492,46.117559],[-122.959491,46.117919],[-122.959362,46.117919],[-122.959301,46.117895],[-122.959233,46.117919],[-122.958844,46.117918],[-122.958845,46.1172],[-122.95888,46.117156],[-122.958845,46.117108],[-122.958845,46.117019],[-122.959104,46.117019],[-122.959126,46.117183],[-122.959362,46.117199],[-122.959364,46.117515],[-122.959403,46.117552],[-122.959492,46.117559]]]}},{"type":"Feature","properties":{"id":36,"area_m2":3600,"px":36,"rank":9,"persistent":false},"geometry":{"type":"Polygon","coordinates":[[[-122.970487,46.127192],[-122.970487,46.127372],[-122.970358,46.127372],[-122.97034,46.127302],[-122.970228,46.127282],[-122.970194,46.127201],[-122.970099,46.127192],[-122.970071,46.127114],[-122.96997,46.127102],[-122.969941,46.127024],[-122.96984,46.127012],[-122.969812,46.126934],[-122.969711,46.126922],[-122.969682,46.126844],[-122.969581,46.126832],[-122.969553,46.126754],[-122.969323,46.126742],[-122.9693,46.126668],[-122.969193,46.126652],[-122.969176,46.126582],[-122.969064,46.126562],[-122.969046,46.126492],[-122.968934,46.126472],[-122.968917,46.126402],[-122.968805,46.126382],[-122.968787,46.126311],[-122.968676,46.126292],[-122.968663,46.126226],[-122.968546,46.126202],[-122.968512,46.126121],[-122.968287,46.126112],[-122.968265,46.126037],[-122.968158,46.126022],[-122.968123,46.125941],[-122.968029,46.125931],[-122.968029,46.125842],[-122.968287,46.125842],[-122.968291,46.125893],[-122.968328,46.125925],[-122.968546,46.125932],[-122.968569,46.126006],[-122.968676,46.126022],[-122.968689,46.126088],[-122.968805,46.126112],[-122.968833,46.126189],[-122.968934,46.126202],[-122.968957,46.126366],[-122.969193,46.126382],[-122.969216,46.126456],[-122.969323,46.126472],[-122.969345,46.126636],[-122.9694,46.126652],[-122.96984,46.126652],[-122.969858,46.126812],[-122.96997,46.126832],[-122.969983,46.126898],[-122.970099,46.126922],[-122.970102,46.126974],[-122.97014,46.127006],[-122.970358,46.127012],[-122.970367,46.127164],[-122.970413,46.12719],[-122.970487,46.127192]]]}},{"type":"Feature","properties":{"id":56,"area_m2":3100,"px":31,"rank":10,"persistent":false},"geometry":{"type":"Polygon","coordinates":[[[-122.962985,46.11837],[-122.962985,46.11846],[-122.962879,46.118476],[-122.962856,46.11855],[-122.962727,46.11855],[-122.962713,46.118484],[-122.962597,46.11846],[-122.962563,46.118379],[-122.962338,46.11837],[-122.962333,46.118313],[-122.962283,46.118282],[-122.96208,46.11828],[-122.962058,46.118102],[-122.962005,46.118086],[-122.961821,46.118099],[-122.961838,46.117869],[-122.961794,46.117834],[-122.961692,46.117829],[-122.961692,46.11774],[-122.961798,46.117724],[-122.961821,46.11765],[-122.962209,46.11765],[-122.962215,46.117796],[-122.962257,46.117826],[-122.962339,46.11783],[-122.962342,46.117971],[-122.962387,46.118006],[-122.962468,46.11801],[-122.962486,46.11817],[-122.962597,46.11819],[-122.96261,46.118256],[-122.962727,46.11828],[-122.96273,46.118331],[-122.962768,46.118363],[-122.962985,46.11837]]]}},{"type":"Feature","properties":{"id":64,"area_m2":3000,"px":30,"rank":11,"persistent":false},"geometry":{"type":"Polygon","coordinates":[[[-122.958975,46.116749],[-122.958974,46.116838],[-122.95888,46.116848],[-122.958845,46.116928],[-122.958733,46.116948],[-122.958715,46.117108],[-122.958609,46.117124],[-122.958586,46.117198],[-122.958198,46.117198],[-122.958198,46.117108],[-122.958305,46.117092],[-122.958327,46.117018],[-122.958531,46.117016],[-122.958586,46.116964],[-122.958583,46.116877],[-122.958538,46.116842],[-122.958198,46.116838],[-122.958199,46.116208],[-122.958328,46.116208],[-122.958328,46.116514],[-122.95835,46.116552],[-122.958531,46.116566],[-122.958581,46.116535],[-122.958587,46.116478],[-122.958716,46.116478],[-122.958739,46.116553],[-122.958845,46.116568],[-122.958858,46.116724],[-122.958975,46.116749]]]}},{"type":"Feature","properties":{"id":3,"area_m2":2500,"px":25,"rank":12,"persistent":false},"geometry":{"type":"Polygon","coordinates":[[[-122.986018,46.135925],[-122.986018,46.136015],[-122.9855,46.136015],[-122.985487,46.135949],[-122.985371,46.135925],[-122.985336,46.135844],[-122.985112,46.135835],[-122.985089,46.135761],[-122.984982,46.135745],[-122.984969,46.135679],[-122.984853,46.135655],[-122.984825,46.135577],[-122.984724,46.135565],[-122.984724,46.135475],[-122.984758,46.135433],[-122.984724,46.135385],[-122.984724,46.135295],[-122.984982,46.135295],[-122.985005,46.135369],[-122.985112,46.135385],[-122.98513,46.135455],[-122.985241,46.135475],[-122.985276,46.135556],[-122.985371,46.135565],[-122.985399,46.135643],[-122.9855,46.135655],[-122.985506,46.135802],[-122.985548,46.135831],[-122.98563,46.135835],[-122.985664,46.135916],[-122.986018,46.135925]]]}},{"type":"Feature","properties":{"id":16,"area_m2":2500,"px":25,"rank":13,"persistent":false},"geometry":{"type":"Polygon","coordinates":[[[-122.982524,46.132415],[-122.982524,46.132595],[-122.982287,46.132611],[-122.982265,46.132775],[-122.982081,46.132761],[-122.982028,46.132777],[-122.982006,46.132955],[-122.981747,46.132955],[-122.981686,46.132931],[-122.981617,46.132955],[-122.981488,46.132955],[-122.981465,46.13288],[-122.981359,46.132865],[-122.981359,46.132685],[-122.981433,46.132682],[-122.981479,46.132656],[-122.981488,46.132505],[-122.981617,46.132505],[-122.981631,46.132661],[-122.981823,46.132708],[-122.981971,46.132676],[-122.982006,46.132595],[-122.982087,46.132591],[-122.982132,46.132556],[-122.982129,46.132448],[-122.982087,46.132419],[-122.982006,46.132415],[-122.982006,46.132325],[-122.982265,46.132325],[-122.982268,46.132376],[-122.982306,46.132408],[-122.982524,46.132415]]]}},{"type":"Feature","properties":{"id":65,"area_m2":2500,"px":25,"rank":14,"persistent":false},"geometry":{"type":"Polygon","coordinates":[[[-122.959883,46.112969],[-122.959883,46.113059],[-122.959782,46.113071],[-122.959754,46.113149],[-122.959653,46.113161],[-122.959624,46.113239],[-122.959523,46.113251],[-122.959495,46.113329],[-122.9594,46.113338],[-122.959365,46.113418],[-122.959254,46.113438],[-122.959236,46.113598],[-122.959129,46.113614],[-122.959106,46.113688],[-122.958901,46.113677],[-122.958853,46.113708],[-122.958847,46.113778],[-122.958718,46.113778],[-122.958718,46.113508],[-122.958819,46.113496],[-122.958848,46.113418],[-122.958949,46.113406],[-122.958977,46.113328],[-122.959078,46.113316],[-122.959107,46.113239],[-122.959202,46.113229],[-122.959236,46.113149],[-122.959348,46.113129],[-122.959366,46.112969],[-122.959624,46.112969],[-122.959685,46.112993],[-122.959754,46.112969],[-122.959883,46.112969]]]}},{"type":"Feature","properties":{"id":32,"area_m2":2400,"px":24,"rank":15,"persistent":false},"geometry":{"type":"Polygon","coordinates":[[[-122.987703,46.127915],[-122.987703,46.128095],[-122.987573,46.128095],[-122.987567,46.128039],[-122.987518,46.128008],[-122.987342,46.12801],[-122.987295,46.128056],[-122.987314,46.128185],[-122.987097,46.128192],[-122.987059,46.128224],[-122.987055,46.128275],[-122.986926,46.128275],[-122.986908,46.128205],[-122.986797,46.128185],[-122.986784,46.128119],[-122.986719,46.128095],[-122.986456,46.128099],[-122.986414,46.128129],[-122.986408,46.128185],[-122.986205,46.128188],[-122.986155,46.128219],[-122.986149,46.128275],[-122.98602,46.128275],[-122.98602,46.128095],[-122.98636,46.128091],[-122.986402,46.128062],[-122.986408,46.128005],[-122.986639,46.127993],[-122.986667,46.127915],[-122.987703,46.127915]]]}},{"type":"Feature","properties":{"id":63,"area_m2":2300,"px":23,"rank":16,"persistent":false},"geometry":{"type":"Polygon","coordinates":[[[-122.956515,46.116928],[-122.956515,46.117018],[-122.956197,46.117018],[-122.95614,46.117041],[-122.956127,46.117377],[-122.955923,46.11738],[-122.955874,46.117411],[-122.955868,46.117467],[-122.955739,46.117467],[-122.955739,46.117377],[-122.955773,46.117335],[-122.955739,46.117286],[-122.955739,46.116657],[-122.955869,46.116657],[-122.955874,46.116804],[-122.955916,46.116833],[-122.955998,46.116837],[-122.956001,46.116889],[-122.956039,46.116921],[-122.956202,46.116925],[-122.956251,46.116894],[-122.956257,46.116838],[-122.956384,46.116838],[-122.956409,46.116912],[-122.956515,46.116928]]]}},{"type":"Feature","properties":{"id":19,"area_m2":2200,"px":22,"rank":17,"persistent":false},"geometry":{"type":"Polygon","coordinates":[[[-122.988997,46.130706],[-122.988997,46.130795],[-122.9888,46.130797],[-122.988739,46.130839],[-122.988744,46.130942],[-122.988786,46.130971],[-122.988867,46.130976],[-122.988867,46.131065],[-122.988755,46.131085],[-122.988704,46.131209],[-122.988755,46.131316],[-122.988867,46.131336],[-122.988867,46.131514],[-122.988738,46.131515],[-122.988703,46.131435],[-122.988479,46.131425],[-122.988456,46.131351],[-122.988349,46.131335],[-122.988349,46.131246],[-122.988431,46.131241],[-122.988475,46.131207],[-122.988479,46.131066],[-122.988588,46.131059],[-122.988628,46.13101],[-122.988599,46.130824],[-122.988553,46.130798],[-122.988479,46.130795],[-122.988461,46.130635],[-122.98835,46.130615],[-122.98835,46.130436],[-122.988608,46.130436],[-122.988631,46.13051],[-122.988738,46.130526],[-122.988718,46.13065],[-122.98874,46.130689],[-122.988997,46.130706]]]}},{"type":"Feature","properties":{"id":27,"area_m2":2100,"px":21,"rank":18,"persistent":false},"geometry":{"type":"Polygon","coordinates":[[[-122.99068,46.129176],[-122.99068,46.129446],[-122.99055,46.129446],[-122.990528,46.129371],[-122.990421,46.129356],[-122.990386,46.129275],[-122.990292,46.129266],[-122.990274,46.129105],[-122.990162,46.129086],[-122.990128,46.129005],[-122.990033,46.128996],[-122.990004,46.128918],[-122.989903,46.128906],[-122.989875,46.128828],[-122.989774,46.128816],[-122.989765,46.128664],[-122.989719,46.128638],[-122.989644,46.128636],[-122.98961,46.128555],[-122.989515,46.128545],[-122.989515,46.128456],[-122.989644,46.128456],[-122.989657,46.128522],[-122.989774,46.128546],[-122.989777,46.128597],[-122.989815,46.128629],[-122.990033,46.128636],[-122.990055,46.12871],[-122.990162,46.128726],[-122.99018,46.128886],[-122.990291,46.128906],[-122.990326,46.128987],[-122.990421,46.128996],[-122.990449,46.129073],[-122.99055,46.129086],[-122.990579,46.129163],[-122.99068,46.129176]]]}},{"type":"Feature","properties":{"id":40,"area_m2":1800,"px":18,"rank":19,"persistent":false},"geometry":{"type":"Polygon","coordinates":[[[-122.983173,46.126115],[-122.983173,46.126385],[-122.982914,46.126385],[-122.982853,46.126361],[-122.982784,46.126385],[-122.982655,46.126385],[-122.982655,46.126295],[-122.98269,46.126247],[-122.982637,46.126134],[-122.982526,46.126115],[-122.98252,46.126058],[-122.982478,46.126029],[-122.982267,46.126025],[-122.982261,46.125968],[-122.982219,46.125939],[-122.982008,46.125935],[-122.982008,46.125845],[-122.982267,46.125845],[-122.982276,46.125906],[-122.982329,46.125934],[-122.982655,46.125935],[-122.982658,46.125986],[-122.982696,46.126018],[-122.982914,46.126025],[-122.98292,46.126081],[-122.982969,46.126112],[-122.983173,46.126115]]]}},{"type":"Feature","properties":{"id":55,"area_m2":1700,"px":17,"rank":20,"persistent":false},"geometry":{"type":"Polygon","coordinates":[[[-122.959879,46.118459],[-122.959879,46.118639],[-122.95975,46.118639],[-122.959689,46.118615],[-122.95962,46.118639],[-122.959232,46.118639],[-122.959232,46.118369],[-122.959339,46.118353],[-122.959362,46.118279],[-122.959478,46.118255],[-122.959491,46.118189],[-122.959621,46.118189],[-122.959643,46.118263],[-122.95975,46.118279],[-122.959759,46.11843],[-122.959805,46.118456],[-122.959879,46.118459]]]}},{"type":"Feature","properties":{"id":23,"area_m2":1200,"px":12,"rank":21,"persistent":false},"geometry":{"type":"Polygon","coordinates":[[[-122.977993,46.130884],[-122.977993,46.130974],[-122.977736,46.130974],[-122.977725,46.130912],[-122.977672,46.130885],[-122.977087,46.130884],[-122.977081,46.130827],[-122.977032,46.130796],[-122.976699,46.130794],[-122.976676,46.13072],[-122.97657,46.130704],[-122.97657,46.130614],[-122.976699,46.130614],[-122.976712,46.13068],[-122.976777,46.130704],[-122.976923,46.130695],[-122.976958,46.130614],[-122.977087,46.130614],[-122.977089,46.13075],[-122.977135,46.13079],[-122.977734,46.130794],[-122.977738,46.130846],[-122.977776,46.130878],[-122.977993,46.130884]]]}},{"type":"Feature","properties":{"id":2,"area_m2":1100,"px":11,"rank":22,"persistent":false},"geometry":{"type":"Polygon","coordinates":[[[-122.985629,46.136375],[-122.985629,46.136555],[-122.985371,46.136555],[-122.985348,46.136481],[-122.985241,46.136465],[-122.985228,46.136399],[-122.985112,46.136375],[-122.985083,46.136297],[-122.984982,46.136285],[-122.984982,46.136105],[-122.985241,46.136105],[-122.985264,46.136269],[-122.985371,46.136285],[-122.985377,46.136342],[-122.985419,46.136371],[-122.985629,46.136375]]]}},{"type":"Feature","properties":{"id":7,"area_m2":1100,"px":11,"rank":23,"persistent":false},"geometry":{"type":"Polygon","coordinates":[[[-122.990032,46.134756],[-122.990031,46.135026],[-122.989925,46.135042],[-122.989902,46.135116],[-122.989786,46.13514],[-122.989773,46.135206],[-122.989643,46.135206],[-122.98962,46.135131],[-122.989514,46.135116],[-122.989514,46.135026],[-122.989609,46.135017],[-122.989643,46.134936],[-122.98976,46.134912],[-122.989773,46.134756],[-122.990032,46.134756]]]}},{"type":"Feature","properties":{"id":68,"area_m2":1100,"px":11,"rank":24,"persistent":false},"geometry":{"type":"Polygon","coordinates":[[[-122.958719,46.111798],[-122.958719,46.111888],[-122.958613,46.111904],[-122.95859,46.111978],[-122.958461,46.111978],[-122.958392,46.111954],[-122.958257,46.11198],[-122.958208,46.112011],[-122.958202,46.112068],[-122.958072,46.112068],[-122.95805,46.111994],[-122.957943,46.111978],[-122.957943,46.111798],[-122.958719,46.111798]]]}},{"type":"Feature","properties":{"id":6,"area_m2":900,"px":9,"rank":25,"persistent":false},"geometry":{"type":"Polygon","coordinates":[[[-122.987313,46.135115],[-122.987313,46.135295],[-122.987183,46.135295],[-122.987177,46.135239],[-122.987128,46.135208],[-122.986925,46.135205],[-122.986923,46.134979],[-122.986883,46.134942],[-122.986795,46.134935],[-122.986795,46.134845],[-122.986925,46.134845],[-122.986986,46.13487],[-122.987054,46.134845],[-122.987183,46.134845],[-122.987169,46.135081],[-122.987218,46.135113],[-122.987313,46.135115]]]}},{"type":"Feature","properties":{"id":20,"area_m2":900,"px":9,"rank":26,"persistent":false},"geometry":{"type":"Polygon","coordinates":[[[-122.986149,46.131335],[-122.986149,46.131425],[-122.986019,46.131425],[-122.986006,46.131359],[-122.985942,46.131335],[-122.985795,46.131344],[-122.98576,46.131425],[-122.985631,46.131425],[-122.985631,46.131335],[-122.985719,46.131329],[-122.985759,46.131292],[-122.985761,46.130885],[-122.98589,46.130885],[-122.985896,46.131122],[-122.985938,46.131151],[-122.986019,46.131155],[-122.986037,46.131315],[-122.986149,46.131335]]]}},{"type":"Feature","properties":{"id":51,"area_m2":800,"px":8,"rank":27,"persistent":false},"geometry":{"type":"Polygon","coordinates":[[[-122.965313,46.121341],[-122.965313,46.121431],[-122.965206,46.121446],[-122.965184,46.121521],[-122.965067,46.121545],[-122.965054,46.121611],[-122.96485,46.121613],[-122.964801,46.121644],[-122.964795,46.1217],[-122.964666,46.1217],[-122.964666,46.121521],[-122.96489,46.121511],[-122.964925,46.121431],[-122.965041,46.121407],[-122.965054,46.121341],[-122.965313,46.121341]]]}},{"type":"Feature","properties":{"id":62,"area_m2":800,"px":8,"rank":28,"persistent":false},"geometry":{"type":"Polygon","coordinates":[[[-122.958198,46.117468],[-122.958197,46.117648],[-122.95768,46.117648],[-122.95768,46.117468],[-122.958198,46.117468]]]}},{"type":"Feature","properties":{"id":8,"area_m2":700,"px":7,"rank":29,"persistent":false},"geometry":{"type":"Polygon","coordinates":[[[-122.985759,46.134755],[-122.985759,46.134845],[-122.985653,46.134861],[-122.98563,46.134935],[-122.985514,46.134959],[-122.9855,46.135025],[-122.985242,46.135025],[-122.985242,46.134845],[-122.985459,46.134839],[-122.985497,46.134807],[-122.985501,46.134755],[-122.985759,46.134755]]]}},{"type":"Feature","properties":{"id":25,"area_m2":700,"px":7,"rank":30,"persistent":false},"geometry":{"type":"Polygon","coordinates":[[[-122.987961,46.129805],[-122.987961,46.129985],[-122.987702,46.129985],[-122.987699,46.129934],[-122.987661,46.129902],[-122.987444,46.129895],[-122.987444,46.129805],[-122.987661,46.129799],[-122.987699,46.129767],[-122.987703,46.129715],[-122.987832,46.129715],[-122.987855,46.12979],[-122.987961,46.129805]]]}},{"type":"Feature","properties":{"id":37,"area_m2":700,"px":7,"rank":31,"persistent":false},"geometry":{"type":"Polygon","coordinates":[[[-122.983302,46.126925],[-122.983302,46.127015],[-122.983221,46.127019],[-122.983176,46.127053],[-122.983172,46.127195],[-122.983066,46.127211],[-122.983043,46.127285],[-122.982914,46.127285],[-122.982891,46.127211],[-122.982784,46.127195],[-122.982784,46.127105],[-122.982891,46.127089],[-122.982914,46.127015],[-122.983117,46.127012],[-122.983167,46.126981],[-122.983173,46.126925],[-122.983302,46.126925]]]}},{"type":"Feature","properties":{"id":38,"area_m2":700,"px":7,"rank":32,"persistent":false},"geometry":{"type":"Polygon","coordinates":[[[-122.983043,46.126745],[-122.983043,46.126835],[-122.982916,46.126835],[-122.982908,46.126778],[-122.982859,46.126747],[-122.982526,46.126745],[-122.982503,46.12667],[-122.982396,46.126655],[-122.982396,46.126475],[-122.982525,46.126475],[-122.982539,46.126541],[-122.982655,46.126565],[-122.982683,46.126642],[-122.982914,46.126655],[-122.982937,46.126729],[-122.983043,46.126745]]]}},{"type":"Feature","properties":{"id":46,"area_m2":700,"px":7,"rank":33,"persistent":false},"geometry":{"type":"Polygon","coordinates":[[[-122.966347,46.124581],[-122.966346,46.124761],[-122.966088,46.124761],[-122.966065,46.124687],[-122.965958,46.124671],[-122.965945,46.124605],[-122.965829,46.124581],[-122.965801,46.124503],[-122.9657,46.124491],[-122.9657,46.124401],[-122.965829,46.124401],[-122.965842,46.124467],[-122.965958,46.124491],[-122.965964,46.124548],[-122.966006,46.124577],[-122.966347,46.124581]]]}},{"type":"Feature","properties":{"id":14,"area_m2":600,"px":6,"rank":34,"persistent":false},"geometry":{"type":"Polygon","coordinates":[[[-122.991067,46.133136],[-122.991067,46.133316],[-122.990809,46.133316],[-122.990805,46.133264],[-122.990768,46.133232],[-122.99055,46.133226],[-122.99055,46.133136],[-122.991067,46.133136]]]}},{"type":"Feature","properties":{"id":48,"area_m2":600,"px":6,"rank":35,"persistent":false},"geometry":{"type":"Polygon","coordinates":[[[-122.979291,46.123144],[-122.979291,46.123234],[-122.978903,46.123234],[-122.97888,46.12316],[-122.978773,46.123144],[-122.978773,46.123054],[-122.979161,46.123054],[-122.979184,46.123128],[-122.979291,46.123144]]]}},{"type":"Feature","properties":{"id":50,"area_m2":600,"px":6,"rank":36,"persistent":false},"geometry":{"type":"Polygon","coordinates":[[[-122.962466,46.12152],[-122.962465,46.1217],[-122.962359,46.121716],[-122.962336,46.12179],[-122.962077,46.12179],[-122.962077,46.1217],[-122.962184,46.121684],[-122.962239,46.121578],[-122.962207,46.12152],[-122.962207,46.12143],[-122.962336,46.12143],[-122.962359,46.121504],[-122.962466,46.12152]]]}},{"type":"Feature","properties":{"id":57,"area_m2":600,"px":6,"rank":37,"persistent":false},"geometry":{"type":"Polygon","coordinates":[[[-122.960268,46.118279],[-122.960267,46.118549],[-122.960009,46.118549],[-122.960009,46.118279],[-122.960268,46.118279]]]}},{"type":"Feature","properties":{"id":58,"area_m2":600,"px":6,"rank":38,"persistent":false},"geometry":{"type":"Polygon","coordinates":[[[-122.959103,46.118279],[-122.959103,46.118548],[-122.958715,46.118548],[-122.958715,46.118458],[-122.958821,46.118443],[-122.958844,46.118369],[-122.95896,46.118345],[-122.958974,46.118279],[-122.959103,46.118279]]]}},{"type":"Feature","properties":{"id":5,"area_m2":500,"px":5,"rank":39,"persistent":false},"geometry":{"type":"Polygon","coordinates":[[[-122.99029,46.135026],[-122.99029,46.135116],[-122.990184,46.135132],[-122.990161,46.135206],[-122.99006,46.135218],[-122.990031,46.135296],[-122.989937,46.135305],[-122.989902,46.135386],[-122.98979,46.135405],[-122.989772,46.135476],[-122.989643,46.135476],[-122.989643,46.135386],[-122.98975,46.13537],[-122.989773,46.135296],[-122.989874,46.135283],[-122.989902,46.135206],[-122.989997,46.135197],[-122.990032,46.135116],[-122.990143,46.135096],[-122.990161,46.135026],[-122.99029,46.135026]]]}},{"type":"Feature","properties":{"id":12,"area_m2":500,"px":5,"rank":40,"persistent":false},"geometry":{"type":"Polygon","coordinates":[[[-122.9833,46.134305],[-122.9833,46.134575],[-122.98317,46.134575],[-122.983148,46.134501],[-122.983041,46.134485],[-122.983041,46.134305],[-122.9833,46.134305]]]}},{"type":"Feature","properties":{"id":15,"area_m2":500,"px":5,"rank":41,"persistent":false},"geometry":{"type":"Polygon","coordinates":[[[-122.981229,46.133045],[-122.981229,46.133135],[-122.980841,46.133134],[-122.980841,46.133045],[-122.980922,46.13304],[-122.980967,46.133006],[-122.98097,46.132865],[-122.981099,46.132865],[-122.981109,46.133016],[-122.981155,46.133042],[-122.981229,46.133045]]]}},{"type":"Feature","properties":{"id":18,"area_m2":500,"px":5,"rank":42,"persistent":false},"geometry":{"type":"Polygon","coordinates":[[[-122.989773,46.132416],[-122.989773,46.132506],[-122.989666,46.132521],[-122.989644,46.132596],[-122.989527,46.13262],[-122.989514,46.132686],[-122.989385,46.132686],[-122.989385,46.132506],[-122.989491,46.13249],[-122.989514,46.132416],[-122.989773,46.132416]]]}},{"type":"Feature","properties":{"id":21,"area_m2":500,"px":5,"rank":43,"persistent":false},"geometry":{"type":"Polygon","coordinates":[[[-122.981359,46.131065],[-122.981359,46.131154],[-122.981231,46.131155],[-122.981226,46.131103],[-122.981189,46.131071],[-122.980971,46.131064],[-122.980948,46.13099],[-122.980841,46.130974],[-122.980841,46.130885],[-122.9811,46.130885],[-122.981123,46.130959],[-122.98123,46.130975],[-122.981264,46.131055],[-122.981359,46.131065]]]}},{"type":"Feature","properties":{"id":28,"area_m2":500,"px":5,"rank":44,"persistent":false},"geometry":{"type":"Polygon","coordinates":[[[-122.989774,46.129266],[-122.989774,46.129356],[-122.989385,46.129355],[-122.989385,46.129176],[-122.989644,46.129176],[-122.989667,46.12925],[-122.989774,46.129266]]]}},{"type":"Feature","properties":{"id":29,"area_m2":500,"px":5,"rank":45,"persistent":false},"geometry":{"type":"Polygon","coordinates":[[[-122.989126,46.129086],[-122.989126,46.129355],[-122.988868,46.129355],[-122.988868,46.129176],[-122.988974,46.12916],[-122.988997,46.129086],[-122.989126,46.129086]]]}},{"type":"Feature","properties":{"id":33,"area_m2":500,"px":5,"rank":46,"persistent":false},"geometry":{"type":"Polygon","coordinates":[[[-122.971522,46.127913],[-122.971522,46.128002],[-122.971393,46.128002],[-122.97137,46.127928],[-122.971264,46.127912],[-122.97125,46.127846],[-122.971134,46.127822],[-122.971106,46.127745],[-122.971005,46.127732],[-122.971005,46.127642],[-122.971111,46.127627],[-122.971134,46.127552],[-122.971264,46.127552],[-122.971264,46.127642],[-122.971229,46.12769],[-122.971273,46.127794],[-122.971319,46.12782],[-122.971393,46.127823],[-122.971427,46.127903],[-122.971522,46.127913]]]}},{"type":"Feature","properties":{"id":44,"area_m2":500,"px":5,"rank":47,"persistent":false},"geometry":{"type":"Polygon","coordinates":[[[-122.966993,46.125121],[-122.966993,46.125211],[-122.966864,46.125211],[-122.966841,46.125137],[-122.966735,46.125121],[-122.966722,46.125055],[-122.966605,46.125031],[-122.966577,46.124953],[-122.966476,46.124941],[-122.966476,46.124851],[-122.966735,46.124851],[-122.966748,46.125007],[-122.966864,46.125031],[-122.966899,46.125112],[-122.966993,46.125121]]]}},{"type":"Feature","properties":{"id":59,"area_m2":500,"px":5,"rank":48,"persistent":false},"geometry":{"type":"Polygon","coordinates":[[[-122.961821,46.11819],[-122.961821,46.118369],[-122.961562,46.118369],[-122.961562,46.118099],[-122.961691,46.1181],[-122.961714,46.118174],[-122.961821,46.11819]]]}},{"type":"Feature","properties":{"id":11,"area_m2":400,"px":4,"rank":49,"persistent":false},"geometry":{"type":"Polygon","coordinates":[[[-122.991197,46.134216],[-122.991197,46.134396],[-122.99109,46.134412],[-122.991067,46.134486],[-122.990951,46.13451],[-122.990938,46.134576],[-122.990808,46.134576],[-122.990808,46.134486],[-122.990903,46.134477],[-122.990938,46.134396],[-122.991012,46.134393],[-122.991058,46.134367],[-122.991067,46.134216],[-122.991197,46.134216]]]}},{"type":"Feature","properties":{"id":22,"area_m2":400,"px":4,"rank":50,"persistent":false},"geometry":{"type":"Polygon","coordinates":[[[-122.976569,46.130974],[-122.976569,46.131064],[-122.97644,46.131064],[-122.976417,46.130989],[-122.976311,46.130974],[-122.976276,46.130893],[-122.976181,46.130884],[-122.976181,46.130704],[-122.976311,46.130704],[-122.976324,46.13086],[-122.97644,46.130884],[-122.976474,46.130965],[-122.976569,46.130974]]]}},{"type":"Feature","properties":{"id":26,"area_m2":400,"px":4,"rank":51,"persistent":false},"geometry":{"type":"Polygon","coordinates":[[[-122.981489,46.129445],[-122.981489,46.129624],[-122.98136,46.129624],[-122.981337,46.12955],[-122.98123,46.129534],[-122.98123,46.129355],[-122.98136,46.129355],[-122.981382,46.129429],[-122.981489,46.129445]]]}},{"type":"Feature","properties":{"id":39,"area_m2":400,"px":4,"rank":52,"persistent":false},"geometry":{"type":"Polygon","coordinates":[[[-122.971911,46.126293],[-122.971911,46.126562],[-122.971782,46.126562],[-122.971759,46.126488],[-122.971653,46.126472],[-122.971653,46.126383],[-122.971759,46.126367],[-122.971782,46.126293],[-122.971911,46.126293]]]}},{"type":"Feature","properties":{"id":43,"area_m2":400,"px":4,"rank":53,"persistent":false},"geometry":{"type":"Polygon","coordinates":[[[-122.968029,46.125122],[-122.968029,46.125301],[-122.9679,46.125301],[-122.96789,46.12515],[-122.967844,46.125124],[-122.96777,46.125121],[-122.967736,46.125041],[-122.967641,46.125031],[-122.967641,46.124941],[-122.96777,46.124942],[-122.967793,46.125016],[-122.9679,46.125032],[-122.967934,46.125112],[-122.968029,46.125122]]]}},{"type":"Feature","properties":{"id":54,"area_m2":400,"px":4,"rank":54,"persistent":false},"geometry":{"type":"Polygon","coordinates":[[[-122.959491,46.118819],[-122.959491,46.118909],[-122.959232,46.118909],[-122.959209,46.118834],[-122.959103,46.118819],[-122.959103,46.118729],[-122.959361,46.118729],[-122.959384,46.118803],[-122.959491,46.118819]]]}},{"type":"Feature","properties":{"id":9,"area_m2":300,"px":3,"rank":55,"persistent":false},"geometry":{"type":"Polygon","coordinates":[[[-122.989384,46.134756],[-122.989384,46.134846],[-122.988996,46.134846],[-122.988996,46.134756],[-122.989384,46.134756]]]}},{"type":"Feature","properties":{"id":10,"area_m2":300,"px":3,"rank":56,"persistent":false},"geometry":{"type":"Polygon","coordinates":[[[-122.987183,46.134575],[-122.987183,46.134755],[-122.987054,46.134755],[-122.987031,46.134681],[-122.986925,46.134665],[-122.986925,46.134575],[-122.987183,46.134575]]]}},{"type":"Feature","properties":{"id":13,"area_m2":300,"px":3,"rank":57,"persistent":false},"geometry":{"type":"Polygon","coordinates":[[[-122.990938,46.133946],[-122.990938,46.134216],[-122.990809,46.134216],[-122.990809,46.133946],[-122.990938,46.133946]]]}},{"type":"Feature","properties":{"id":17,"area_m2":300,"px":3,"rank":58,"persistent":false},"geometry":{"type":"Polygon","coordinates":[[[-122.979675,46.132774],[-122.979675,46.132954],[-122.979546,46.132954],[-122.979523,46.13288],[-122.979417,46.132864],[-122.979417,46.132774],[-122.979675,46.132774]]]}},{"type":"Feature","properties":{"id":30,"area_m2":300,"px":3,"rank":59,"persistent":false},"geometry":{"type":"Polygon","coordinates":[[[-122.984207,46.129085],[-122.984207,46.129175],[-122.984101,46.129191],[-122.984078,46.129265],[-122.983962,46.129289],[-122.983948,46.129355],[-122.983819,46.129355],[-122.983819,46.129265],[-122.983926,46.129249],[-122.983949,46.129175],[-122.984065,46.129151],[-122.984078,46.129085],[-122.984207,46.129085]]]}},{"type":"Feature","properties":{"id":31,"area_m2":300,"px":3,"rank":60,"persistent":false},"geometry":{"type":"Polygon","coordinates":[[[-122.98123,46.128635],[-122.98123,46.128724],[-122.981124,46.12874],[-122.981101,46.128814],[-122.980985,46.128838],[-122.980971,46.128904],[-122.980842,46.128904],[-122.980842,46.128815],[-122.980949,46.128799],[-122.980972,46.128725],[-122.981088,46.1287],[-122.981101,46.128635],[-122.98123,46.128635]]]}},{"type":"Feature","properties":{"id":34,"area_m2":300,"px":3,"rank":61,"persistent":false},"geometry":{"type":"Polygon","coordinates":[[[-122.970875,46.127372],[-122.970875,46.127552],[-122.970746,46.127552],[-122.970723,46.127478],[-122.970617,46.127462],[-122.970617,46.127372],[-122.970875,46.127372]]]}},{"type":"Feature","properties":{"id":35,"area_m2":300,"px":3,"rank":62,"persistent":false},"geometry":{"type":"Polygon","coordinates":[[[-122.97683,46.127104],[-122.97683,46.127194],[-122.976723,46.127209],[-122.9767,46.127284],[-122.976584,46.127308],[-122.976571,46.127374],[-122.976442,46.127374],[-122.976442,46.127284],[-122.976548,46.127268],[-122.976571,46.127194],[-122.976687,46.12717],[-122.976701,46.127104],[-122.97683,46.127104]]]}},{"type":"Feature","properties":{"id":41,"area_m2":300,"px":3,"rank":63,"persistent":false},"geometry":{"type":"Polygon","coordinates":[[[-122.9723,46.126203],[-122.9723,46.126293],[-122.972193,46.126308],[-122.97217,46.126383],[-122.972041,46.126383],[-122.972041,46.126203],[-122.9723,46.126203]]]}},{"type":"Feature","properties":{"id":42,"area_m2":300,"px":3,"rank":64,"persistent":false},"geometry":{"type":"Polygon","coordinates":[[[-122.96764,46.125481],[-122.96764,46.125571],[-122.967511,46.125571],[-122.967508,46.12552],[-122.96747,46.125488],[-122.967252,46.125481],[-122.967252,46.125391],[-122.967511,46.125391],[-122.967534,46.125466],[-122.96764,46.125481]]]}},{"type":"Feature","properties":{"id":45,"area_m2":300,"px":3,"rank":65,"persistent":false},"geometry":{"type":"Polygon","coordinates":[[[-122.970359,46.124852],[-122.970359,46.124942],[-122.9701,46.124942],[-122.9701,46.124762],[-122.97023,46.124762],[-122.970252,46.124836],[-122.970359,46.124852]]]}},{"type":"Feature","properties":{"id":47,"area_m2":300,"px":3,"rank":66,"persistent":false},"geometry":{"type":"Polygon","coordinates":[[[-122.974372,46.123953],[-122.974372,46.124043],[-122.97429,46.124047],[-122.974246,46.124081],[-122.974242,46.124223],[-122.974113,46.124223],[-122.974113,46.124043],[-122.97422,46.124027],[-122.974243,46.123953],[-122.974372,46.123953]]]}},{"type":"Feature","properties":{"id":49,"area_m2":300,"px":3,"rank":67,"persistent":false},"geometry":{"type":"Polygon","coordinates":[[[-122.976702,46.122334],[-122.976702,46.122424],[-122.976575,46.122424],[-122.97655,46.122349],[-122.976444,46.122333],[-122.976444,46.122154],[-122.976573,46.122154],[-122.976582,46.122305],[-122.976628,46.122331],[-122.976702,46.122334]]]}},{"type":"Feature","properties":{"id":52,"area_m2":300,"px":3,"rank":68,"persistent":false},"geometry":{"type":"Polygon","coordinates":[[[-122.969585,46.120802],[-122.969585,46.120892],[-122.969457,46.120892],[-122.969432,46.120818],[-122.969326,46.120802],[-122.969326,46.120622],[-122.969455,46.120622],[-122.969464,46.120773],[-122.96951,46.1208],[-122.969585,46.120802]]]}}]}