{"type":"FeatureCollection","features":[{"type":"Feature","properties":{"id":7,"area_m2":1318000,"px":13180,"rank":1,"persistent":false},"geometry":{"type":"Polygon","coordinates":[[[-122.989385,46.128456],[-122.989385,46.128635],[-122.988738,46.128635],[-122.988704,46.128555],[-122.988535,46.128548],[-122.988485,46.128579],[-122.988479,46.128635],[-122.988363,46.128659],[-122.98835,46.128725],[-122.988238,46.128745],[-122.98822,46.128815],[-122.988009,46.12882],[-122.987967,46.128849],[-122.987961,46.128905],[-122.98788,46.12891],[-122.987838,46.128939],[-122.98785,46.129156],[-122.987961,46.129175],[-122.987967,46.129232],[-122.988009,46.129261],[-122.98822,46.129266],[-122.98822,46.129445],[-122.987996,46.129455],[-122.987961,46.129535],[-122.98786,46.129548],[-122.987832,46.129625],[-122.987744,46.129632],[-122.987703,46.129674],[-122.987724,46.129803],[-122.987778,46.129819],[-122.987961,46.129805],[-122.987974,46.129961],[-122.988091,46.129986],[-122.988125,46.130066],[-122.98822,46.130076],[-122.98822,46.130165],[-122.988185,46.130208],[-122.98822,46.130256],[-122.98822,46.130345],[-122.988113,46.130361],[-122.988091,46.130435],[-122.987961,46.130435],[-122.987955,46.130379],[-122.987906,46.130348],[-122.987702,46.130345],[-122.987687,46.130263],[-122.987736,46.130202],[-122.987687,46.130158],[-122.987697,46.130095],[-122.987649,46.130064],[-122.987585,46.130069],[-122.98754,46.130107],[-122.987589,46.130173],[-122.987573,46.130255],[-122.987443,46.130255],[-122.987382,46.130231],[-122.987314,46.130255],[-122.987185,46.130255],[-122.987185,46.130165],[-122.987286,46.130153],[-122.987314,46.130075],[-122.987402,46.130069],[-122.987443,46.130027],[-122.987434,46.129924],[-122.987388,46.129898],[-122.987314,46.129895],[-122.987308,46.129839],[-122.987266,46.129809],[-122.987103,46.129809],[-122.987061,46.129839],[-122.987055,46.129895],[-122.986943,46.129915],[-122.986926,46.130075],[-122.98641,46.130075],[-122.986416,46.12992],[-122.986358,46.129896],[-122.986149,46.129895],[-122.986148,46.129759],[-122.986108,46.129722],[-122.985943,46.129704],[-122.985896,46.129735],[-122.98589,46.129805],[-122.985761,46.129805],[-122.985738,46.129731],[-122.985631,46.129715],[-122.98563,46.129399],[-122.98559,46.129362],[-122.985502,46.129355],[-122.985517,46.12921],[-122.985467,46.129178],[-122.985373,46.129175],[-122.985363,46.128934],[-122.985303,46.128905],[-122.985142,46.128917],[-122.985114,46.128954],[-122.985114,46.129265],[-122.984984,46.129265],[-122.984915,46.129241],[-122.98484,46.129274],[-122.98482,46.129313],[-122.984855,46.129355],[-122.984855,46.129445],[-122.984666,46.129445],[-122.984613,46.129465],[-122.984596,46.129715],[-122.984365,46.129727],[-122.984337,46.129764],[-122.98434,46.129857],[-122.984399,46.129894],[-122.984596,46.129895],[-122.984613,46.129965],[-122.984725,46.129985],[-122.984734,46.130046],[-122.984788,46.130074],[-122.984949,46.130066],[-122.984984,46.129985],[-122.985243,46.129985],[-122.985256,46.130141],[-122.985418,46.130188],[-122.985603,46.130153],[-122.985631,46.130075],[-122.985761,46.130075],[-122.985761,46.130255],[-122.985686,46.130257],[-122.98564,46.130284],[-122.985631,46.130435],[-122.985435,46.130436],[-122.985378,46.130468],[-122.985388,46.130608],[-122.985337,46.130663],[-122.98539,46.130714],[-122.985485,46.130699],[-122.985504,46.130615],[-122.98576,46.130615],[-122.985764,46.130667],[-122.985802,46.130699],[-122.985986,46.130709],[-122.986019,46.13067],[-122.98602,46.130435],[-122.986149,46.130435],[-122.986172,46.130509],[-122.986278,46.130525],[-122.986278,46.130705],[-122.986177,46.130717],[-122.986149,46.130795],[-122.986048,46.130807],[-122.986019,46.130885],[-122.985931,46.130892],[-122.985891,46.130929],[-122.98589,46.131065],[-122.985857,46.131123],[-122.985913,46.131229],[-122.986019,46.131245],[-122.986019,46.131335],[-122.985945,46.131338],[-122.985899,46.131364],[-122.98589,46.131515],[-122.98576,46.131515],[-122.985759,46.131379],[-122.985719,46.131342],[-122.985502,46.131335],[-122.985492,46.131274],[-122.985439,46.131246],[-122.985141,46.131257],[-122.985113,46.131335],[-122.985032,46.131339],[-122.984987,46.131373],[-122.984965,46.13165],[-122.985026,46.131694],[-122.985242,46.131695],[-122.985242,46.131785],[-122.984854,46.131785],[-122.984831,46.131711],[-122.984725,46.131695],[-122.984725,46.131605],[-122.984813,46.131599],[-122.984854,46.131556],[-122.984848,46.131445],[-122.984779,46.131411],[-122.984618,46.131441],[-122.984595,46.131515],[-122.9845,46.131524],[-122.984466,46.131605],[-122.984354,46.131625],[-122.984336,46.131695],[-122.983819,46.131695],[-122.983784,46.131614],[-122.983637,46.131605],[-122.983573,46.131629],[-122.983559,46.131695],[-122.983221,46.131695],[-122.983154,46.131735],[-122.983177,46.131842],[-122.983226,46.131873],[-122.984077,46.131875],[-122.984081,46.131927],[-122.984118,46.131959],[-122.984336,46.131965],[-122.984342,46.132022],[-122.984391,46.132053],[-122.984595,46.132055],[-122.984618,46.132129],[-122.984724,46.132145],[-122.984759,46.132226],[-122.984854,46.132235],[-122.984854,46.13247],[-122.984887,46.132509],[-122.985242,46.132505],[-122.985255,46.132571],[-122.985372,46.132595],[-122.985378,46.132652],[-122.985427,46.132683],[-122.985889,46.132685],[-122.985907,46.132755],[-122.986019,46.132775],[-122.986053,46.132856],[-122.986148,46.132865],[-122.986177,46.132943],[-122.986278,46.132955],[-122.986306,46.133033],[-122.986666,46.133045],[-122.986689,46.13312],[-122.986795,46.133135],[-122.986813,46.133206],[-122.986925,46.133225],[-122.986959,46.133306],[-122.987054,46.133315],[-122.987083,46.133393],[-122.987184,46.133405],[-122.987184,46.133585],[-122.987054,46.133585],[-122.987048,46.133529],[-122.987006,46.133499],[-122.986858,46.133496],[-122.986801,46.133529],[-122.986778,46.133636],[-122.986823,46.133671],[-122.986925,46.133675],[-122.986938,46.133741],[-122.987054,46.133765],[-122.987058,46.133817],[-122.987095,46.133849],[-122.987443,46.133855],[-122.987442,46.134125],[-122.987313,46.134125],[-122.987244,46.134101],[-122.987184,46.134125],[-122.986927,46.134142],[-122.986905,46.134181],[-122.986925,46.134485],[-122.986795,46.134485],[-122.986789,46.134339],[-122.986747,46.134309],[-122.986666,46.134305],[-122.986631,46.134224],[-122.986475,46.134191],[-122.986407,46.134215],[-122.986277,46.134215],[-122.986264,46.134059],[-122.986148,46.134035],[-122.98613,46.133965],[-122.986019,46.133945],[-122.986005,46.133879],[-122.985889,46.133855],[-122.985883,46.133799],[-122.985834,46.133768],[-122.985665,46.133774],[-122.98563,46.133855],[-122.985439,46.133842],[-122.985377,46.133875],[-122.985337,46.133988],[-122.985377,46.134092],[-122.985419,46.134121],[-122.985501,46.134125],[-122.985535,46.134206],[-122.98563,46.134215],[-122.985658,46.134293],[-122.985759,46.134305],[-122.98576,46.134484],[-122.985373,46.134485],[-122.985358,46.134419],[-122.985242,46.134395],[-122.985219,46.134321],[-122.985112,46.134305],[-122.98509,46.134231],[-122.984983,46.134215],[-122.98496,46.134141],[-122.984853,46.134125],[-122.984831,46.134051],[-122.984595,46.134035],[-122.984577,46.133965],[-122.984465,46.133945],[-122.984447,46.133875],[-122.984336,46.133855],[-122.984323,46.133789],[-122.984206,46.133765],[-122.9842,46.133708],[-122.984158,46.133679],[-122.983736,46.133679],[-122.983694,46.133708],[-122.983688,46.133765],[-122.983572,46.133789],[-122.983559,46.133855],[-122.98343,46.133855],[-122.983428,46.133718],[-122.983367,46.133676],[-122.983204,46.133671],[-122.98317,46.133765],[-122.982912,46.133765],[-122.98291,46.133538],[-122.982871,46.133501],[-122.982782,46.133495],[-122.982769,46.133339],[-122.982653,46.133315],[-122.982647,46.133245],[-122.9826,46.133214],[-122.982265,46.133225],[-122.982265,46.133135],[-122.982476,46.133131],[-122.982518,46.133101],[-122.982524,46.133045],[-122.982635,46.133025],[-122.982653,46.132865],[-122.982769,46.132841],[-122.982783,46.132685],[-122.982889,46.132669],[-122.982912,46.132595],[-122.98313,46.132588],[-122.983168,46.132557],[-122.983171,46.132505],[-122.983537,46.132489],[-122.983559,46.132284],[-122.983489,46.132235],[-122.983042,46.132235],[-122.983036,46.131908],[-122.982979,46.131876],[-122.982783,46.131875],[-122.98276,46.131801],[-122.982653,46.131785],[-122.982653,46.131563],[-122.982598,46.131517],[-122.982436,46.131521],[-122.982398,46.131553],[-122.982394,46.131605],[-122.982278,46.131629],[-122.982265,46.131695],[-122.982136,46.131695],[-122.982118,46.131624],[-122.982006,46.131605],[-122.981972,46.131524],[-122.981877,46.131515],[-122.981848,46.131437],[-122.9817,46.131411],[-122.98164,46.131427],[-122.981618,46.131515],[-122.981536,46.131519],[-122.981494,46.131548],[-122.981488,46.131695],[-122.981393,46.131704],[-122.981359,46.131785],[-122.981277,46.131789],[-122.981235,46.131818],[-122.981229,46.132054],[-122.981135,46.132057],[-122.981085,46.132089],[-122.9811,46.132324],[-122.981025,46.132327],[-122.980979,46.132353],[-122.98097,46.132504],[-122.980774,46.132506],[-122.980717,46.132538],[-122.980711,46.132954],[-122.980452,46.132954],[-122.980443,46.132803],[-122.980397,46.132777],[-122.980323,46.132774],[-122.980314,46.132713],[-122.980253,46.132685],[-122.979982,46.132688],[-122.97994,46.132718],[-122.979934,46.132774],[-122.979818,46.132798],[-122.979805,46.132864],[-122.979676,46.132864],[-122.979676,46.132774],[-122.979757,46.13277],[-122.979802,46.132736],[-122.979805,46.132594],[-122.979837,46.132536],[-122.979782,46.13243],[-122.979676,46.132414],[-122.979658,46.132254],[-122.979606,46.132235],[-122.979417,46.132234],[-122.979417,46.132144],[-122.979867,46.132158],[-122.979929,46.132124],[-122.979935,46.132054],[-122.980053,46.132043],[-122.980125,46.132078],[-122.980187,46.132061],[-122.980214,46.13202],[-122.980192,46.131981],[-122.980064,46.131964],[-122.980055,46.131633],[-122.979994,46.131605],[-122.979676,46.131604],[-122.97967,46.131534],[-122.979616,46.131502],[-122.979288,46.131514],[-122.979288,46.131424],[-122.979376,46.131418],[-122.979416,46.131381],[-122.979417,46.131203],[-122.979369,46.131158],[-122.979057,46.131166],[-122.979029,46.131203],[-122.979029,46.131334],[-122.978899,46.131334],[-122.97889,46.131273],[-122.978837,46.131245],[-122.978511,46.131244],[-122.978511,46.130974],[-122.978593,46.13097],[-122.978635,46.130941],[-122.978641,46.130704],[-122.978715,46.130702],[-122.978761,46.130676],[-122.97877,46.130524],[-122.9789,46.130524],[-122.978934,46.130605],[-122.979158,46.130614],[-122.979187,46.130692],[-122.979327,46.130717],[-122.979405,46.130694],[-122.97945,46.130582],[-122.979408,46.130463],[-122.979362,46.130437],[-122.979288,46.130434],[-122.979272,46.130352],[-122.979376,46.130338],[-122.979416,46.130301],[-122.979417,46.130033],[-122.979383,46.129993],[-122.979234,46.12997],[-122.979171,46.129995],[-122.979174,46.130337],[-122.979029,46.130344],[-122.979029,46.129895],[-122.979064,46.129846],[-122.979001,46.129726],[-122.978839,46.12969],[-122.97877,46.129714],[-122.978382,46.129714],[-122.978359,46.12964],[-122.978253,46.129624],[-122.978218,46.129543],[-122.978123,46.129534],[-122.97812,46.129469],[-122.978084,46.129437],[-122.977735,46.129444],[-122.977712,46.12937],[-122.977606,46.129354],[-122.977593,46.129198],[-122.977476,46.129174],[-122.97747,46.129117],[-122.977421,46.129086],[-122.977273,46.129086],[-122.977218,46.129132],[-122.9772,46.129314],[-122.977245,46.129349],[-122.977347,46.129354],[-122.977347,46.129534],[-122.976958,46.129534],[-122.976945,46.129378],[-122.976888,46.129354],[-122.9767,46.129354],[-122.976677,46.129279],[-122.97657,46.129264],[-122.976536,46.129183],[-122.976441,46.129174],[-122.976439,46.129037],[-122.9764,46.129],[-122.976237,46.128996],[-122.976188,46.129027],[-122.976182,46.129084],[-122.976053,46.129083],[-122.976039,46.129018],[-122.975923,46.128993],[-122.975895,46.128916],[-122.975714,46.128904],[-122.975645,46.128949],[-122.975664,46.129083],[-122.975535,46.129083],[-122.975522,46.129017],[-122.975405,46.128993],[-122.975371,46.128912],[-122.975146,46.128903],[-122.975124,46.128829],[-122.975017,46.128813],[-122.974982,46.128732],[-122.974888,46.128723],[-122.974865,46.128559],[-122.974629,46.128543],[-122.974606,46.128469],[-122.974499,46.128453],[-122.974499,46.128363],[-122.974629,46.128363],[-122.974635,46.12842],[-122.974684,46.128451],[-122.974825,46.128452],[-122.974875,46.128429],[-122.974884,46.128312],[-122.97484,46.128277],[-122.974758,46.128273],[-122.974758,46.128183],[-122.974888,46.128183],[-122.974905,46.128254],[-122.975017,46.128273],[-122.97503,46.128339],[-122.975147,46.128363],[-122.975181,46.128444],[-122.975405,46.128453],[-122.975406,46.128585],[-122.97544,46.128624],[-122.975664,46.128634],[-122.975718,46.128657],[-122.975775,46.128647],[-122.975824,46.128607],[-122.97579,46.128492],[-122.975746,46.128458],[-122.975664,46.128453],[-122.97563,46.128373],[-122.975535,46.128363],[-122.975535,46.128273],[-122.975653,46.128262],[-122.975677,46.128339],[-122.975794,46.128364],[-122.975817,46.128438],[-122.975984,46.128478],[-122.976165,46.128434],[-122.976194,46.128303],[-122.97614,46.128275],[-122.975923,46.128273],[-122.975917,46.128217],[-122.975868,46.128186],[-122.975675,46.128194],[-122.975647,46.128113],[-122.975535,46.128093],[-122.975522,46.128027],[-122.975406,46.128003],[-122.9754,46.127947],[-122.975358,46.127917],[-122.975195,46.127917],[-122.975153,46.127947],[-122.975147,46.128003],[-122.975017,46.128003],[-122.975002,46.127921],[-122.975051,46.12786],[-122.974985,46.127811],[-122.974901,46.127834],[-122.974888,46.127913],[-122.97476,46.127913],[-122.974724,46.127832],[-122.974538,46.127802],[-122.974466,46.12786],[-122.9745,46.127913],[-122.974499,46.128003],[-122.974241,46.128003],[-122.974232,46.127852],[-122.974186,46.127825],[-122.974111,46.127823],[-122.974111,46.127733],[-122.9742,46.127727],[-122.97424,46.127684],[-122.974239,46.127507],[-122.974186,46.127465],[-122.973773,46.127463],[-122.97372,46.127484],[-122.973703,46.127519],[-122.973732,46.127614],[-122.973778,46.127641],[-122.973852,46.127643],[-122.973852,46.127823],[-122.973616,46.127839],[-122.973593,46.127913],[-122.973492,46.127925],[-122.973464,46.128003],[-122.973369,46.128012],[-122.973334,46.128093],[-122.973218,46.128117],[-122.973205,46.128273],[-122.973076,46.128273],[-122.973007,46.128249],[-122.972946,46.128273],[-122.97275,46.128274],[-122.972696,46.128301],[-122.972687,46.128363],[-122.972558,46.128363],[-122.972558,46.128273],[-122.972664,46.128257],[-122.97272,46.128151],[-122.97267,46.128023],[-122.972617,46.128003],[-122.972429,46.128003],[-122.972423,46.127946],[-122.972373,46.127915],[-122.97217,46.127913],[-122.972147,46.127838],[-122.97204,46.127823],[-122.972027,46.127757],[-122.971911,46.127733],[-122.971882,46.127655],[-122.971782,46.127642],[-122.971778,46.127577],[-122.971742,46.127546],[-122.971523,46.127552],[-122.971523,46.127463],[-122.971611,46.127456],[-122.971651,46.127419],[-122.971636,46.1272],[-122.97204,46.127193],[-122.972063,46.127267],[-122.97217,46.127283],[-122.97217,46.127463],[-122.972135,46.12751],[-122.972179,46.127614],[-122.972232,46.127642],[-122.972359,46.127642],[-122.972419,46.127614],[-122.972429,46.127553],[-122.972776,46.127546],[-122.972814,46.127514],[-122.972817,46.127463],[-122.973076,46.127463],[-122.973085,46.127524],[-122.973138,46.127552],[-122.973441,46.127537],[-122.973464,46.127504],[-122.973458,46.127316],[-122.973416,46.127287],[-122.973335,46.127283],[-122.9733,46.127202],[-122.973206,46.127193],[-122.973177,46.127115],[-122.972981,46.127112],[-122.972947,46.127152],[-122.972946,46.127283],[-122.972817,46.127283],[-122.972808,46.127041],[-122.972762,46.127015],[-122.972688,46.127013],[-122.972682,46.126956],[-122.97264,46.126927],[-122.972429,46.126923],[-122.972426,46.126781],[-122.972381,46.126747],[-122.9723,46.126743],[-122.972298,46.126592],[-122.972239,46.12655],[-122.972075,46.126572],[-122.972041,46.126653],[-122.971924,46.126677],[-122.971911,46.126742],[-122.971799,46.126762],[-122.971782,46.126922],[-122.971687,46.126932],[-122.971652,46.127012],[-122.971571,46.127017],[-122.971529,46.127046],[-122.971523,46.127192],[-122.971393,46.127192],[-122.971393,46.127014],[-122.971475,46.127008],[-122.97152,46.126974],[-122.971523,46.126743],[-122.971727,46.12674],[-122.971782,46.126694],[-122.971773,46.126591],[-122.971727,46.126565],[-122.971653,46.126562],[-122.971649,46.126511],[-122.971612,46.126479],[-122.971462,46.126448],[-122.971319,46.126475],[-122.97127,46.126506],[-122.971264,46.126562],[-122.971034,46.126575],[-122.971005,46.126652],[-122.97055,46.126653],[-122.970497,46.126681],[-122.970487,46.126742],[-122.970358,46.126742],[-122.970358,46.126652],[-122.97044,46.126648],[-122.970484,46.126614],[-122.970487,46.126431],[-122.970433,46.126385],[-122.970291,46.126383],[-122.97023,46.126426],[-122.970229,46.126562],[-122.970122,46.126578],[-122.970099,46.126652],[-122.96997,46.126652],[-122.969961,46.126501],[-122.969915,46.126474],[-122.969841,46.126472],[-122.969841,46.126292],[-122.969875,46.126244],[-122.969841,46.126202],[-122.969818,46.126038],[-122.969515,46.126023],[-122.969461,46.12605],[-122.969452,46.126112],[-122.969323,46.126112],[-122.96932,46.126047],[-122.969277,46.126013],[-122.969064,46.126022],[-122.969058,46.125952],[-122.969004,46.125919],[-122.968805,46.125932],[-122.968788,46.125861],[-122.968676,46.125842],[-122.968658,46.125771],[-122.968547,46.125752],[-122.968529,46.125681],[-122.968417,46.125662],[-122.968404,46.125596],[-122.968288,46.125572],[-122.968253,46.125491],[-122.968029,46.125481],[-122.968006,46.125317],[-122.96777,46.125301],[-122.967747,46.125227],[-122.967641,46.125211],[-122.967623,46.125141],[-122.967511,46.125121],[-122.967477,46.12504],[-122.967382,46.125031],[-122.967354,46.124954],[-122.967253,46.124941],[-122.967224,46.124864],[-122.967123,46.124851],[-122.967095,46.124774],[-122.966994,46.124761],[-122.966971,46.124507],[-122.96679,46.124493],[-122.966741,46.124524],[-122.966735,46.124581],[-122.966606,46.124581],[-122.966597,46.124416],[-122.966538,46.124388],[-122.966347,46.124401],[-122.966364,46.124261],[-122.966319,46.124225],[-122.966218,46.124221],[-122.966195,46.124057],[-122.966027,46.124017],[-122.965959,46.124041],[-122.965829,46.124041],[-122.965829,46.123951],[-122.965911,46.123947],[-122.965955,46.123913],[-122.965957,46.123724],[-122.965918,46.123687],[-122.96583,46.123681],[-122.965801,46.123603],[-122.9657,46.123591],[-122.965672,46.123513],[-122.965487,46.123492],[-122.965444,46.123526],[-122.965441,46.123591],[-122.965053,46.123591],[-122.965035,46.12343],[-122.964924,46.123411],[-122.964918,46.123354],[-122.964876,46.123325],[-122.964665,46.12332],[-122.964643,46.123143],[-122.96459,46.123127],[-122.964406,46.12314],[-122.964383,46.123066],[-122.964277,46.12305],[-122.964254,46.122886],[-122.964147,46.12287],[-122.964134,46.122804],[-122.964018,46.12278],[-122.964015,46.122729],[-122.963977,46.122697],[-122.963759,46.12269],[-122.963737,46.122616],[-122.96363,46.1226],[-122.963617,46.122534],[-122.963501,46.12251],[-122.963472,46.122432],[-122.963371,46.12242],[-122.963362,46.122269],[-122.963316,46.122242],[-122.963242,46.12224],[-122.963207,46.122159],[-122.963112,46.12215],[-122.963084,46.122072],[-122.962909,46.122062],[-122.962859,46.122093],[-122.962853,46.12215],[-122.962724,46.12215],[-122.962707,46.12208],[-122.962595,46.12206],[-122.96256,46.121979],[-122.962465,46.12197],[-122.962437,46.121892],[-122.962207,46.12188],[-122.962184,46.121805],[-122.962077,46.12179],[-122.962043,46.121709],[-122.961948,46.1217],[-122.961948,46.121478],[-122.961907,46.121436],[-122.961744,46.121432],[-122.961695,46.121463],[-122.961689,46.121519],[-122.96156,46.121519],[-122.961592,46.121371],[-122.961537,46.121265],[-122.961431,46.121249],[-122.961413,46.121089],[-122.961301,46.121069],[-122.961295,46.121013],[-122.961246,46.120982],[-122.960913,46.120979],[-122.960907,46.120909],[-122.96086,46.120878],[-122.960654,46.120889],[-122.960654,46.120799],[-122.960689,46.120751],[-122.960645,46.120648],[-122.960592,46.12062],[-122.960396,46.120619],[-122.960373,46.120545],[-122.960266,46.120529],[-122.960263,46.120387],[-122.960218,46.120353],[-122.960137,46.120349],[-122.960137,46.120218],[-122.960109,46.120181],[-122.959619,46.120169],[-122.959616,46.120117],[-122.959578,46.120085],[-122.959361,46.120079],[-122.959348,46.119833],[-122.95917,46.119784],[-122.959102,46.119809],[-122.958972,46.119808],[-122.95895,46.119734],[-122.958843,46.119718],[-122.95883,46.119652],[-122.958714,46.119628],[-122.958685,46.119551],[-122.958584,46.119538],[-122.958584,46.119317],[-122.958556,46.119281],[-122.958326,46.119268],[-122.958317,46.119207],[-122.958263,46.119179],[-122.957938,46.119178],[-122.957915,46.119104],[-122.957808,46.119088],[-122.957808,46.118943],[-122.957781,46.118907],[-122.957549,46.118908],[-122.957544,46.118838],[-122.957489,46.118805],[-122.957291,46.118818],[-122.95731,46.118688],[-122.95727,46.118645],[-122.956773,46.118638],[-122.956764,46.118486],[-122.956718,46.11846],[-122.956644,46.118458],[-122.956626,46.118297],[-122.956515,46.118278],[-122.956497,46.118027],[-122.956445,46.118008],[-122.956256,46.118007],[-122.956233,46.117933],[-122.956127,46.117917],[-122.956125,46.117767],[-122.956087,46.117731],[-122.955739,46.117737],[-122.955739,46.117647],[-122.95584,46.117635],[-122.955879,46.117546],[-122.95597,46.117553],[-122.956017,46.117502],[-122.955944,46.117444],[-122.955857,46.117478],[-122.955609,46.117467],[-122.955609,46.117377],[-122.955698,46.117371],[-122.955738,46.117329],[-122.955739,46.116621],[-122.955705,46.116576],[-122.95561,46.116567],[-122.955607,46.116246],[-122.95554,46.116207],[-122.955093,46.116207],[-122.955093,46.116117],[-122.95561,46.116117],[-122.955639,46.116195],[-122.955869,46.116207],[-122.955875,46.116264],[-122.955924,46.116295],[-122.956387,46.116298],[-122.9564,46.116454],[-122.956516,46.116478],[-122.956522,46.116534],[-122.956564,46.116563],[-122.956775,46.116568],[-122.956776,46.116704],[-122.95683,46.116745],[-122.956994,46.116755],[-122.95703,46.116723],[-122.957034,46.116658],[-122.957163,46.116658],[-122.957224,46.116682],[-122.957292,46.116658],[-122.957551,46.116658],[-122.957574,46.116732],[-122.95768,46.116748],[-122.95768,46.116838],[-122.957646,46.116891],[-122.957726,46.116951],[-122.95781,46.116928],[-122.958006,46.116927],[-122.958059,46.1169],[-122.958069,46.116527],[-122.958028,46.116485],[-122.95794,46.116478],[-122.957938,46.116162],[-122.957899,46.116124],[-122.95781,46.116118],[-122.957777,46.116024],[-122.957593,46.116034],[-122.957555,46.116066],[-122.957551,46.116118],[-122.957163,46.116118],[-122.957163,46.116028],[-122.95736,46.116027],[-122.957413,46.115999],[-122.957422,46.115883],[-122.957383,46.115841],[-122.957082,46.115852],[-122.95704,46.115881],[-122.957034,46.115938],[-122.95683,46.11594],[-122.956781,46.115971],[-122.956775,46.116028],[-122.956646,46.116028],[-122.956646,46.115758],[-122.956734,46.115751],[-122.956775,46.115709],[-122.956795,46.115538],[-122.956755,46.115494],[-122.956577,46.115463],[-122.956416,46.1155],[-122.956353,46.11562],[-122.956387,46.115668],[-122.956387,46.115757],[-122.95628,46.115773],[-122.956258,46.115847],[-122.956128,46.115847],[-122.956119,46.115696],[-122.956073,46.11567],[-122.955999,46.115667],[-122.955993,46.115431],[-122.955951,46.115401],[-122.95587,46.115397],[-122.95587,46.115217],[-122.955986,46.115193],[-122.955996,46.115076],[-122.955937,46.115038],[-122.955741,46.115036],[-122.955741,46.114947],[-122.955937,46.114946],[-122.95599,46.114919],[-122.956,46.114767],[-122.956088,46.114761],[-122.956128,46.114724],[-122.956129,46.114622],[-122.956102,46.114586],[-122.956047,46.114574],[-122.955782,46.114594],[-122.955744,46.114626],[-122.955741,46.114677],[-122.955625,46.114701],[-122.955611,46.114767],[-122.955495,46.114791],[-122.955482,46.114947],[-122.955393,46.114953],[-122.955354,46.114991],[-122.955352,46.115217],[-122.955317,46.11526],[-122.955352,46.115307],[-122.955352,46.115397],[-122.955163,46.115397],[-122.955106,46.115421],[-122.955093,46.115667],[-122.954964,46.115667],[-122.954963,46.115356],[-122.954894,46.115307],[-122.954733,46.115319],[-122.954705,46.115356],[-122.954705,46.115487],[-122.954487,46.115493],[-122.954449,46.115525],[-122.954446,46.115577],[-122.953963,46.115586],[-122.953928,46.115666],[-122.953827,46.115679],[-122.953799,46.115756],[-122.953704,46.115766],[-122.953669,46.115846],[-122.953588,46.115851],[-122.953543,46.115885],[-122.953539,46.116566],[-122.953321,46.116573],[-122.953284,46.116605],[-122.95328,46.116656],[-122.952892,46.116656],[-122.952883,46.116325],[-122.95283,46.116297],[-122.952634,46.116296],[-122.952611,46.116222],[-122.952504,46.116206],[-122.952504,46.116116],[-122.952599,46.116107],[-122.952634,46.116026],[-122.95275,46.116002],[-122.952763,46.115846],[-122.952845,46.115842],[-122.952889,46.115808],[-122.952893,46.115666],[-122.952994,46.115654],[-122.953023,46.115576],[-122.953123,46.115564],[-122.953152,46.115486],[-122.953247,46.115477],[-122.953282,46.115396],[-122.953398,46.115372],[-122.953411,46.115216],[-122.953492,46.115212],[-122.953537,46.115178],[-122.953541,46.115036],[-122.95367,46.115036],[-122.953731,46.115061],[-122.953799,46.115037],[-122.954317,46.115037],[-122.954335,46.115107],[-122.954446,46.115127],[-122.954455,46.115188],[-122.954516,46.115217],[-122.954664,46.11521],[-122.954702,46.115179],[-122.954705,46.115127],[-122.95478,46.115125],[-122.954825,46.115098],[-122.954855,46.115003],[-122.954838,46.114967],[-122.954705,46.114947],[-122.954683,46.114873],[-122.954576,46.114857],[-122.954573,46.114625],[-122.954528,46.114591],[-122.954447,46.114587],[-122.954444,46.114355],[-122.954399,46.114321],[-122.954318,46.114317],[-122.954316,46.11409],[-122.954277,46.114053],[-122.954189,46.114047],[-122.954189,46.113957],[-122.954399,46.113953],[-122.954441,46.113923],[-122.954447,46.113867],[-122.954564,46.113843],[-122.954577,46.113507],[-122.954706,46.113507],[-122.954716,46.113568],[-122.954769,46.113596],[-122.954903,46.113596],[-122.954956,46.113568],[-122.954966,46.113057],[-122.955061,46.113048],[-122.955095,46.112967],[-122.955169,46.112965],[-122.955215,46.112938],[-122.955225,46.112697],[-122.955326,46.112685],[-122.955354,46.112607],[-122.955449,46.112598],[-122.955484,46.112517],[-122.9556,46.112493],[-122.955613,46.112247],[-122.955708,46.112238],[-122.955743,46.112157],[-122.955859,46.112133],[-122.955873,46.111977],[-122.955967,46.111968],[-122.956002,46.111887],[-122.956114,46.111868],[-122.956132,46.111707],[-122.956213,46.111703],[-122.956255,46.111674],[-122.956261,46.111527],[-122.956356,46.111518],[-122.956391,46.111437],[-122.956497,46.111422],[-122.95652,46.111258],[-122.956615,46.111248],[-122.95665,46.111168],[-122.956724,46.111165],[-122.95677,46.111139],[-122.95677,46.111016],[-122.956724,46.11099],[-122.95665,46.110987],[-122.95665,46.110809],[-122.956724,46.110805],[-122.95677,46.110779],[-122.956779,46.110628],[-122.956874,46.110618],[-122.956909,46.110538],[-122.957021,46.110518],[-122.957038,46.110358],[-122.957145,46.110342],[-122.957168,46.110268],[-122.957284,46.110244],[-122.957297,46.110178],[-122.95751,46.110187],[-122.957553,46.110153],[-122.957556,46.110088],[-122.957673,46.110064],[-122.957686,46.109728],[-122.957787,46.109716],[-122.957815,46.109638],[-122.95791,46.109629],[-122.957945,46.109548],[-122.958057,46.109528],[-122.958074,46.109368],[-122.958434,46.109356],[-122.958462,46.109319],[-122.958463,46.109188],[-122.958699,46.109172],[-122.958722,46.109098],[-122.958823,46.109086],[-122.958851,46.109008],[-122.958952,46.108996],[-122.958981,46.108918],[-122.959075,46.108909],[-122.95911,46.108828],[-122.959222,46.108809],[-122.95924,46.108648],[-122.959346,46.108633],[-122.959369,46.108559],[-122.959628,46.108559],[-122.95965,46.108633],[-122.959757,46.108649],[-122.959757,46.108829],[-122.959655,46.108833],[-122.959609,46.108874],[-122.959662,46.108999],[-122.959845,46.109002],[-122.959883,46.10897],[-122.959886,46.108919],[-122.960145,46.108919],[-122.960168,46.108993],[-122.960274,46.109009],[-122.960302,46.1091],[-122.960533,46.109099],[-122.960546,46.109165],[-122.960662,46.109189],[-122.960691,46.109267],[-122.960921,46.109279],[-122.960939,46.109349],[-122.96105,46.109369],[-122.96106,46.109431],[-122.961113,46.109458],[-122.961309,46.109459],[-122.961386,46.109483],[-122.96154,46.109447],[-122.961568,46.109369],[-122.961956,46.109369],[-122.96196,46.109421],[-122.961997,46.109453],[-122.962215,46.10946],[-122.962233,46.10953],[-122.962344,46.10955],[-122.962362,46.10962],[-122.962474,46.10964],[-122.962487,46.109706],[-122.962603,46.10973],[-122.962638,46.109811],[-122.962862,46.10982],[-122.962879,46.10989],[-122.962991,46.10991],[-122.963026,46.109991],[-122.96312,46.11],[-122.963149,46.110078],[-122.96325,46.11009],[-122.963278,46.110168],[-122.963509,46.11018],[-122.963508,46.11027],[-122.963408,46.110282],[-122.963379,46.11036],[-122.963278,46.110372],[-122.96325,46.11045],[-122.963149,46.110462],[-122.96312,46.11054],[-122.963019,46.110552],[-122.962991,46.11063],[-122.962896,46.110639],[-122.962861,46.11072],[-122.962749,46.110739],[-122.962732,46.1109],[-122.962625,46.110915],[-122.962602,46.11099],[-122.962501,46.111002],[-122.962473,46.11108],[-122.962372,46.111092],[-122.962343,46.111169],[-122.962242,46.111182],[-122.962214,46.111259],[-122.962113,46.111272],[-122.962084,46.111349],[-122.961989,46.111359],[-122.961955,46.111439],[-122.961839,46.111463],[-122.961825,46.111709],[-122.961744,46.111713],[-122.961702,46.111743],[-122.961697,46.111936],[-122.961737,46.111973],[-122.961825,46.111979],[-122.961848,46.112144],[-122.961954,46.112159],[-122.961972,46.11223],[-122.962084,46.11225],[-122.962118,46.11233],[-122.962213,46.11234],[-122.962241,46.112417],[-122.962342,46.11243],[-122.962352,46.112581],[-122.962397,46.112607],[-122.962472,46.11261],[-122.962506,46.112691],[-122.962601,46.1127],[-122.962604,46.112751],[-122.962642,46.112783],[-122.962934,46.112787],[-122.962983,46.112756],[-122.962989,46.1127],[-122.963106,46.112676],[-122.963119,46.11261],[-122.963377,46.11261],[-122.9634,46.112684],[-122.963507,46.1127],[-122.963525,46.11277],[-122.963636,46.11279],[-122.963671,46.112871],[-122.963766,46.11288],[-122.963794,46.112958],[-122.963895,46.11297],[-122.963923,46.113048],[-122.964024,46.11306],[-122.964033,46.113212],[-122.964079,46.113238],[-122.964154,46.11324],[-122.964153,46.11333],[-122.964119,46.113373],[-122.964153,46.11342],[-122.964153,46.11351],[-122.964072,46.113514],[-122.964027,46.113548],[-122.964037,46.113756],[-122.964214,46.113804],[-122.964283,46.11378],[-122.964541,46.11378],[-122.964541,46.11387],[-122.964467,46.113873],[-122.964421,46.113899],[-122.964412,46.11405],[-122.964283,46.11405],[-122.96426,46.113976],[-122.964153,46.11396],[-122.964136,46.11389],[-122.964024,46.11387],[-122.963989,46.113789],[-122.963895,46.11378],[-122.963866,46.113702],[-122.963765,46.11369],[-122.963737,46.113612],[-122.963636,46.1136],[-122.963607,46.113522],[-122.963506,46.11351],[-122.963505,46.113373],[-122.963444,46.113331],[-122.963147,46.113342],[-122.963118,46.11342],[-122.963023,46.113429],[-122.962989,46.11351],[-122.962914,46.113512],[-122.962868,46.113538],[-122.962872,46.113679],[-122.962934,46.113704],[-122.963247,46.11369],[-122.96327,46.113764],[-122.963377,46.11378],[-122.96336,46.11392],[-122.963404,46.113956],[-122.963506,46.11396],[-122.963524,46.11412],[-122.963576,46.11414],[-122.963765,46.11414],[-122.963788,46.114214],[-122.963894,46.11423],[-122.963917,46.114394],[-122.964023,46.11441],[-122.964027,46.114462],[-122.964064,46.114494],[-122.964282,46.1145],[-122.964305,46.114574],[-122.964411,46.11459],[-122.964421,46.114742],[-122.964467,46.114768],[-122.964541,46.11477],[-122.964521,46.1149],[-122.964555,46.114941],[-122.964724,46.114964],[-122.964787,46.11494],[-122.9648,46.11468],[-122.964834,46.114638],[-122.9648,46.11459],[-122.9648,46.1145],[-122.964929,46.1145],[-122.964952,46.114575],[-122.965059,46.114591],[-122.965081,46.114845],[-122.965188,46.114861],[-122.965194,46.114917],[-122.965243,46.114948],[-122.965576,46.114951],[-122.965599,46.115025],[-122.965705,46.115041],[-122.965728,46.115205],[-122.965964,46.115221],[-122.965987,46.115295],[-122.966093,46.115311],[-122.966106,46.115467],[-122.966223,46.115491],[-122.966257,46.115572],[-122.966352,46.115582],[-122.966352,46.115671],[-122.966257,46.11568],[-122.966223,46.115761],[-122.966148,46.115763],[-122.966102,46.115789],[-122.966096,46.115902],[-122.966156,46.11594],[-122.966352,46.115941],[-122.966358,46.116268],[-122.9664,46.116297],[-122.966481,46.116301],[-122.966516,46.116382],[-122.96661,46.116391],[-122.96661,46.116481],[-122.966489,46.116494],[-122.966461,46.116531],[-122.966476,46.116567],[-122.966542,46.116595],[-122.966621,46.11656],[-122.96674,46.116571],[-122.966763,46.116645],[-122.966869,46.116661],[-122.966892,46.116735],[-122.966998,46.116751],[-122.967021,46.116825],[-122.967128,46.116841],[-122.967151,46.116915],[-122.967257,46.116931],[-122.967275,46.117001],[-122.967387,46.117021],[-122.967421,46.117102],[-122.967516,46.117111],[-122.967544,46.117189],[-122.967645,46.117201],[-122.967674,46.117279],[-122.967775,46.117291],[-122.967803,46.117369],[-122.967904,46.117381],[-122.967932,46.117459],[-122.968033,46.117471],[-122.968046,46.117627],[-122.968163,46.117651],[-122.968197,46.117732],[-122.968292,46.117742],[-122.96832,46.117819],[-122.968421,46.117832],[-122.968431,46.117983],[-122.968477,46.118009],[-122.968551,46.118012],[-122.968585,46.118092],[-122.96868,46.118102],[-122.968709,46.118179],[-122.968939,46.118192],[-122.968948,46.118253],[-122.969001,46.118281],[-122.969327,46.118282],[-122.969343,46.118454],[-122.969292,46.118504],[-122.969324,46.11855],[-122.969381,46.118566],[-122.969435,46.118549],[-122.969441,46.118469],[-122.969563,46.118446],[-122.969586,46.118372],[-122.969845,46.118372],[-122.969868,46.118446],[-122.969974,46.118462],[-122.969987,46.118528],[-122.970103,46.118552],[-122.970132,46.11863],[-122.970233,46.118642],[-122.970233,46.118912],[-122.970151,46.118916],[-122.970109,46.118945],[-122.970107,46.119144],[-122.970151,46.119178],[-122.970233,46.119182],[-122.970239,46.119239],[-122.970281,46.119268],[-122.970621,46.119272],[-122.970621,46.119542],[-122.970588,46.1196],[-122.970643,46.119706],[-122.97075,46.119722],[-122.970773,46.119796],[-122.971138,46.119812],[-122.971147,46.119874],[-122.971201,46.119901],[-122.971656,46.119902],[-122.971679,46.119977],[-122.971785,46.119992],[-122.971803,46.120153],[-122.971915,46.120173],[-122.971949,46.120253],[-122.972044,46.120263],[-122.972062,46.120423],[-122.972173,46.120443],[-122.972208,46.120523],[-122.972303,46.120533],[-122.972331,46.12061],[-122.972432,46.120623],[-122.972435,46.120764],[-122.97248,46.120798],[-122.972561,46.120803],[-122.972574,46.120959],[-122.972691,46.120983],[-122.972725,46.121064],[-122.97282,46.121073],[-122.972849,46.12115],[-122.972949,46.121163],[-122.972984,46.121244],[-122.973208,46.121253],[-122.973221,46.121319],[-122.973338,46.121343],[-122.97336,46.121417],[-122.973513,46.121455],[-122.973698,46.121421],[-122.973726,46.121343],[-122.973855,46.121343],[-122.973861,46.1214],[-122.973911,46.121431],[-122.974114,46.121433],[-122.974114,46.121523],[-122.97408,46.121565],[-122.974114,46.121613],[-122.974111,46.121772],[-122.974164,46.121793],[-122.974373,46.121793],[-122.974395,46.12197],[-122.974448,46.121987],[-122.974632,46.121973],[-122.974654,46.122047],[-122.974761,46.122064],[-122.974761,46.122153],[-122.974726,46.122196],[-122.974761,46.122243],[-122.974761,46.122333],[-122.974272,46.122345],[-122.974243,46.122423],[-122.974162,46.122427],[-122.974117,46.122461],[-122.974136,46.122677],[-122.974191,46.122693],[-122.97502,46.122693],[-122.975081,46.122717],[-122.975149,46.122693],[-122.975279,46.122693],[-122.975296,46.122854],[-122.975349,46.122873],[-122.975496,46.122867],[-122.975537,46.122825],[-122.975524,46.122627],[-122.975408,46.122603],[-122.975395,46.122537],[-122.975279,46.122513],[-122.975275,46.122462],[-122.975238,46.12243],[-122.97502,46.122423],[-122.97502,46.122333],[-122.975115,46.122331],[-122.975161,46.122304],[-122.975149,46.122153],[-122.975667,46.122153],[-122.97568,46.122399],[-122.975796,46.122423],[-122.975831,46.122504],[-122.975926,46.122513],[-122.975954,46.122591],[-122.976055,46.122603],[-122.976084,46.122681],[-122.976185,46.122695],[-122.976174,46.122794],[-122.975926,46.122783],[-122.97592,46.122727],[-122.975871,46.122696],[-122.975701,46.122702],[-122.975667,46.122747],[-122.975684,46.122944],[-122.975796,46.122963],[-122.975809,46.123029],[-122.975926,46.123053],[-122.97596,46.123134],[-122.976122,46.123142],[-122.976183,46.1231],[-122.976185,46.122873],[-122.976314,46.122874],[-122.976317,46.122925],[-122.976355,46.122957],[-122.976573,46.122964],[-122.976586,46.12312],[-122.976702,46.123144],[-122.976737,46.123224],[-122.976831,46.123234],[-122.976831,46.123324],[-122.976573,46.123323],[-122.97655,46.123159],[-122.976495,46.123144],[-122.976342,46.123156],[-122.976314,46.123192],[-122.97632,46.12329],[-122.976362,46.123319],[-122.976459,46.123331],[-122.976443,46.123593],[-122.976325,46.123604],[-122.976237,46.12357],[-122.976164,46.123628],[-122.976205,46.123677],[-122.976314,46.123684],[-122.976331,46.123844],[-122.976443,46.123864],[-122.976443,46.12417],[-122.976466,46.124208],[-122.976771,46.124236],[-122.976825,46.124204],[-122.976831,46.124134],[-122.976961,46.124134],[-122.97696,46.124494],[-122.976926,46.124536],[-122.97696,46.124584],[-122.97696,46.124854],[-122.976879,46.124858],[-122.976834,46.124892],[-122.976811,46.125068],[-122.976838,46.125111],[-122.977012,46.125124],[-122.977067,46.125108],[-122.97709,46.125034],[-122.977171,46.12503],[-122.977213,46.125],[-122.977221,46.124854],[-122.977349,46.124854],[-122.977358,46.124915],[-122.977411,46.124943],[-122.977866,46.124944],[-122.977847,46.125079],[-122.977901,46.125121],[-122.978064,46.125148],[-122.978241,46.1251],[-122.978245,46.124972],[-122.9782,46.124946],[-122.978125,46.124944],[-122.978112,46.124698],[-122.977996,46.124674],[-122.97799,46.124617],[-122.977948,46.124588],[-122.977737,46.124584],[-122.97772,46.124334],[-122.977608,46.124314],[-122.97759,46.124244],[-122.977478,46.124224],[-122.977465,46.124158],[-122.977349,46.124134],[-122.977314,46.124053],[-122.97709,46.124044],[-122.977067,46.123969],[-122.976961,46.123954],[-122.976961,46.123864],[-122.977067,46.123848],[-122.97709,46.123774],[-122.977349,46.123774],[-122.977362,46.12393],[-122.977478,46.123954],[-122.977496,46.124024],[-122.977608,46.124044],[-122.977621,46.12411],[-122.977737,46.124134],[-122.977741,46.124185],[-122.977778,46.124217],[-122.977962,46.124215],[-122.977996,46.124134],[-122.978112,46.12411],[-122.978126,46.124044],[-122.978384,46.124044],[-122.978402,46.124114],[-122.978514,46.124134],[-122.978548,46.124215],[-122.978643,46.124224],[-122.978672,46.124302],[-122.978854,46.12431],[-122.978901,46.124271],[-122.978902,46.124134],[-122.978984,46.12413],[-122.979028,46.124096],[-122.979019,46.123978],[-122.978962,46.123954],[-122.978773,46.123954],[-122.978767,46.123884],[-122.978712,46.123852],[-122.978385,46.123864],[-122.978385,46.123684],[-122.978473,46.123678],[-122.978513,46.12364],[-122.978514,46.123414],[-122.978643,46.123414],[-122.978644,46.123545],[-122.978672,46.123582],[-122.978834,46.123618],[-122.978902,46.123594],[-122.979032,46.123594],[-122.979054,46.123668],[-122.979161,46.123684],[-122.979161,46.123774],[-122.97908,46.123778],[-122.979035,46.123812],[-122.979054,46.123938],[-122.97942,46.123954],[-122.979443,46.124028],[-122.979549,46.124044],[-122.979549,46.124224],[-122.979448,46.124236],[-122.97942,46.124314],[-122.979319,46.124326],[-122.97929,46.124404],[-122.979202,46.12441],[-122.979161,46.124453],[-122.979167,46.124641],[-122.979209,46.12467],[-122.97929,46.124674],[-122.979325,46.124755],[-122.97942,46.124764],[-122.97942,46.124854],[-122.979172,46.124865],[-122.979132,46.124776],[-122.97897,46.124751],[-122.978905,46.124789],[-122.978902,46.12489],[-122.978964,46.124943],[-122.97915,46.124933],[-122.979142,46.125079],[-122.979181,46.125117],[-122.979549,46.125124],[-122.979549,46.125304],[-122.979514,46.125352],[-122.979566,46.125464],[-122.979619,46.125484],[-122.979875,46.125483],[-122.979928,46.125456],[-122.979937,46.125394],[-122.980196,46.125394],[-122.980199,46.125446],[-122.980237,46.125478],[-122.980584,46.125484],[-122.980588,46.125536],[-122.980625,46.125568],[-122.980843,46.125574],[-122.980856,46.12564],[-122.980972,46.125664],[-122.981007,46.125745],[-122.981231,46.125755],[-122.981233,46.125891],[-122.981286,46.125932],[-122.981811,46.125948],[-122.981873,46.125915],[-122.981879,46.125845],[-122.982008,46.125845],[-122.982069,46.125869],[-122.982138,46.125845],[-122.982267,46.125845],[-122.982273,46.125901],[-122.982315,46.125931],[-122.982655,46.125935],[-122.982658,46.125986],[-122.982696,46.126018],[-122.982914,46.126025],[-122.98292,46.126081],[-122.982969,46.126112],[-122.983173,46.126115],[-122.983196,46.126189],[-122.983302,46.126205],[-122.983302,46.126385],[-122.983196,46.126401],[-122.983173,46.126475],[-122.982916,46.126491],[-122.982894,46.126531],[-122.982927,46.126631],[-122.982984,46.126654],[-122.983173,46.126655],[-122.98319,46.126725],[-122.983302,46.126745],[-122.983337,46.126826],[-122.983431,46.126835],[-122.98346,46.126913],[-122.98369,46.126925],[-122.983696,46.126982],[-122.983745,46.127013],[-122.98391,46.127022],[-122.983946,46.12699],[-122.983949,46.126925],[-122.984465,46.126925],[-122.98449,46.126999],[-122.984596,46.127015],[-122.984614,46.127175],[-122.984726,46.127195],[-122.98476,46.127276],[-122.984855,46.127285],[-122.984884,46.127363],[-122.984985,46.127375],[-122.984985,46.127465],[-122.98495,46.127507],[-122.984985,46.127555],[-122.984985,46.127645],[-122.98495,46.127693],[-122.984998,46.127801],[-122.985114,46.127825],[-122.98512,46.127882],[-122.985162,46.127911],[-122.985373,46.127915],[-122.985374,46.128232],[-122.985414,46.128269],[-122.985502,46.128275],[-122.985502,46.128455],[-122.985467,46.128503],[-122.985502,46.128545],[-122.985508,46.128962],[-122.98555,46.128991],[-122.985631,46.128995],[-122.985666,46.129076],[-122.98589,46.129085],[-122.985913,46.129159],[-122.98602,46.129175],[-122.986023,46.129407],[-122.986068,46.129441],[-122.986149,46.129445],[-122.986184,46.129526],[-122.986347,46.129559],[-122.986435,46.129513],[-122.986408,46.129445],[-122.986408,46.129175],[-122.986537,46.129175],[-122.986551,46.129241],[-122.986667,46.129265],[-122.98667,46.129317],[-122.986708,46.129349],[-122.986885,46.129349],[-122.986923,46.129317],[-122.986926,46.129265],[-122.987042,46.129241],[-122.987088,46.129143],[-122.987055,46.129085],[-122.987055,46.128905],[-122.987273,46.128899],[-122.987311,46.128867],[-122.987314,46.128815],[-122.987791,46.128809],[-122.987829,46.128777],[-122.987832,46.128725],[-122.987948,46.128701],[-122.987962,46.128635],[-122.988073,46.128616],[-122.988091,46.128545],[-122.988203,46.128526],[-122.988221,46.128455],[-122.98869,46.128451],[-122.988732,46.128422],[-122.988738,46.128366],[-122.988855,46.128341],[-122.98887,46.128275],[-122.988997,46.128276],[-122.989003,46.128346],[-122.98905,46.128377],[-122.989256,46.128366],[-122.989279,46.12844],[-122.989385,46.128456]],[[-122.956403,46.116888],[-122.956364,46.116763],[-122.956257,46.116747],[-122.95624,46.116407],[-122.95618,46.116387],[-122.955897,46.1164],[-122.955869,46.116436],[-122.95587,46.116614],[-122.95591,46.116651],[-122.955998,46.116657],[-122.956016,46.116908],[-122.956188,46.116952],[-122.956351,46.116925],[-122.956403,46.116888]],[[-122.956421,46.11527],[-122.956382,46.115161],[-122.95634,46.115132],[-122.956151,46.115143],[-122.956129,46.115181],[-122.956151,46.115382],[-122.956206,46.115397],[-122.956365,46.115382],[-122.956421,46.11527]],[[-122.956641,46.114374],[-122.956666,46.114273],[-122.956627,46.114234],[-122.956436,46.114232],[-122.956394,46.114261],[-122.956377,46.114328],[-122.956199,46.114318],[-122.956147,46.114337],[-122.956135,46.114464],[-122.956192,46.114496],[-122.95634,46.114493],[-122.956382,46.114464],[-122.956399,46.114396],[-122.956599,46.114403],[-122.956641,46.114374]],[[-122.956567,46.117378],[-122.956641,46.117339],[-122.956636,46.117226],[-122.956582,46.117199],[-122.956425,46.117191],[-122.956386,46.117233],[-122.956395,46.117349],[-122.956448,46.117377],[-122.956567,46.117378]],[[-122.956906,46.114678],[-122.9569,46.114621],[-122.956858,46.114592],[-122.956587,46.114588],[-122.956527,46.114616],[-122.956517,46.114677],[-122.956443,46.11468],[-122.956397,46.114706],[-122.956391,46.114909],[-122.956436,46.114943],[-122.956517,46.114948],[-122.956519,46.115084],[-122.956558,46.115121],[-122.956741,46.115119],[-122.956776,46.115038],[-122.956871,46.115029],[-122.956905,46.114948],[-122.95698,46.114945],[-122.957026,46.114919],[-122.957032,46.114716],[-122.956987,46.114682],[-122.956906,46.114678]],[[-122.957304,46.115387],[-122.95764,46.115392],[-122.95768,46.115355],[-122.957672,46.115247],[-122.957612,46.115218],[-122.957341,46.115222],[-122.957299,46.115251],[-122.957282,46.115319],[-122.957112,46.115308],[-122.957057,46.115324],[-122.957017,46.115448],[-122.957077,46.115487],[-122.957238,46.115485],[-122.957287,46.115455],[-122.957304,46.115387]],[[-122.957458,46.111226],[-122.957413,46.111102],[-122.957297,46.111078],[-122.957293,46.111026],[-122.957256,46.110994],[-122.9571,46.110989],[-122.957047,46.111016],[-122.957047,46.111139],[-122.957093,46.111165],[-122.957167,46.111168],[-122.95717,46.111219],[-122.957208,46.111251],[-122.957395,46.111277],[-122.957458,46.111226]],[[-122.95721,46.117104],[-122.957354,46.117121],[-122.957409,46.117097],[-122.957418,46.116966],[-122.957366,46.11693],[-122.957218,46.11693],[-122.957166,46.116966],[-122.957166,46.117069],[-122.95721,46.117104]],[[-122.959898,46.119314],[-122.959873,46.119212],[-122.959831,46.119183],[-122.959631,46.11919],[-122.959623,46.119019],[-122.95957,46.118999],[-122.959361,46.118999],[-122.959344,46.118928],[-122.959232,46.118909],[-122.959219,46.118843],[-122.959103,46.118819],[-122.959068,46.118738],[-122.958714,46.118728],[-122.958711,46.118677],[-122.958673,46.118645],[-122.958456,46.118638],[-122.958433,46.118564],[-122.958326,46.118548],[-122.958326,46.118417],[-122.958298,46.118381],[-122.958068,46.118368],[-122.958062,46.118312],[-122.958012,46.11828],[-122.957809,46.118278],[-122.957786,46.118024],[-122.957628,46.118008],[-122.957568,46.118028],[-122.95755,46.118278],[-122.957417,46.118298],[-122.95742,46.118458],[-122.957318,46.118462],[-122.957274,46.118498],[-122.957324,46.118642],[-122.957509,46.118632],[-122.957546,46.1186],[-122.95755,46.118548],[-122.957808,46.118548],[-122.957831,46.118622],[-122.957938,46.118638],[-122.957972,46.118719],[-122.958067,46.118728],[-122.958069,46.118865],[-122.958108,46.118902],[-122.958455,46.118908],[-122.958464,46.11897],[-122.958518,46.118997],[-122.958973,46.118999],[-122.958976,46.11905],[-122.959014,46.119082],[-122.959232,46.119089],[-122.959245,46.119155],[-122.959361,46.119179],[-122.959364,46.11923],[-122.959402,46.119262],[-122.959609,46.119258],[-122.959626,46.119339],[-122.959673,46.11937],[-122.959865,46.119349],[-122.959898,46.119314]],[[-122.957686,46.110268],[-122.957704,46.110223],[-122.957672,46.110187],[-122.957598,46.110179],[-122.957548,46.110203],[-122.957538,46.110244],[-122.957575,46.110281],[-122.957632,46.110291],[-122.957686,46.110268]],[[-122.95859,46.112158],[-122.958671,46.112154],[-122.958716,46.11212],[-122.958718,46.112022],[-122.958671,46.111982],[-122.958508,46.111982],[-122.958466,46.112012],[-122.95846,46.112068],[-122.958257,46.11207],[-122.958208,46.112101],[-122.958202,46.112158],[-122.958072,46.112158],[-122.958055,46.111895],[-122.957982,46.111875],[-122.957862,46.111892],[-122.957819,46.111921],[-122.957796,46.112118],[-122.957841,46.112154],[-122.957959,46.112166],[-122.957943,46.112289],[-122.957991,46.112334],[-122.958201,46.112338],[-122.958262,46.112362],[-122.958412,46.112334],[-122.958454,46.112305],[-122.95846,46.112248],[-122.958577,46.112224],[-122.95859,46.112158]],[[-122.957985,46.117581],[-122.958184,46.117534],[-122.958194,46.117417],[-122.958143,46.117381],[-122.957994,46.11738],[-122.957945,46.117411],[-122.957906,46.117526],[-122.957985,46.117581]],[[-122.958331,46.112468],[-122.958271,46.112416],[-122.958107,46.112437],[-122.958072,46.112477],[-122.958085,46.112584],[-122.958142,46.112608],[-122.958296,46.112599],[-122.958329,46.112565],[-122.958331,46.112468]],[[-122.961744,46.116929],[-122.961818,46.116891],[-122.961816,46.116783],[-122.961774,46.116754],[-122.961693,46.116749],[-122.961689,46.116608],[-122.961645,46.116574],[-122.961563,46.116569],[-122.96155,46.116413],[-122.961434,46.116389],[-122.961399,46.116308],[-122.961305,46.116299],[-122.961287,46.116139],[-122.961114,46.116095],[-122.961046,46.116119],[-122.960916,46.116119],[-122.960894,46.116045],[-122.960787,46.116029],[-122.960769,46.115959],[-122.960658,46.115939],[-122.960623,46.115858],[-122.960528,46.115849],[-122.9605,46.115771],[-122.960399,46.115759],[-122.960371,46.115681],[-122.96027,46.115669],[-122.960241,46.115591],[-122.96014,46.115579],[-122.960112,46.115501],[-122.960011,46.115489],[-122.959983,46.115411],[-122.959752,46.115399],[-122.959749,46.115257],[-122.959704,46.115223],[-122.959623,46.115219],[-122.959623,46.115087],[-122.959588,46.115048],[-122.959433,46.115015],[-122.959364,46.115039],[-122.959235,46.115038],[-122.959166,46.115014],[-122.959024,46.115043],[-122.958982,46.115072],[-122.958976,46.115128],[-122.958767,46.115129],[-122.958714,46.115149],[-122.958717,46.115308],[-122.958384,46.115311],[-122.958335,46.115342],[-122.958328,46.115398],[-122.958234,46.115401],[-122.958191,46.115423],[-122.958226,46.115579],[-122.958458,46.115578],[-122.958459,46.115818],[-122.958518,46.115861],[-122.958661,46.115846],[-122.958707,46.11582],[-122.958717,46.115578],[-122.958975,46.115579],[-122.958956,46.115888],[-122.959018,46.115937],[-122.959159,46.115952],[-122.959217,46.115932],[-122.959234,46.115759],[-122.960011,46.115759],[-122.960033,46.115833],[-122.96014,46.115849],[-122.960163,46.116013],[-122.960399,46.116029],[-122.960421,46.116103],[-122.960528,46.116119],[-122.960516,46.116269],[-122.960563,46.116297],[-122.960657,46.116299],[-122.960692,46.11638],[-122.960787,46.116389],[-122.960809,46.116553],[-122.961045,46.116569],[-122.961063,46.116639],[-122.961175,46.116659],[-122.961188,46.116725],[-122.961304,46.116749],[-122.961339,46.11683],[-122.961563,46.116839],[-122.961597,46.11692],[-122.961744,46.116929]],[[-122.960897,46.117899],[-122.960934,46.117784],[-122.960895,46.117746],[-122.960656,46.117739],[-122.960656,46.117324],[-122.960596,46.117277],[-122.960032,46.117305],[-122.959975,46.117421],[-122.960009,46.117469],[-122.960009,46.117649],[-122.959903,46.117665],[-122.95988,46.117739],[-122.959751,46.117739],[-122.959749,46.117332],[-122.95971,46.117295],[-122.959621,46.117289],[-122.959615,46.117232],[-122.959566,46.117201],[-122.959397,46.117208],[-122.959361,46.117289],[-122.959233,46.117289],[-122.959224,46.117227],[-122.959171,46.1172],[-122.958641,46.117201],[-122.958588,46.117242],[-122.958586,46.117378],[-122.958498,46.117385],[-122.958458,46.117422],[-122.958458,46.117875],[-122.958497,46.117912],[-122.958585,46.117918],[-122.958587,46.118055],[-122.958648,46.118097],[-122.959551,46.118098],[-122.959612,46.11807],[-122.959623,46.118009],[-122.95975,46.118009],[-122.959759,46.11807],[-122.95982,46.118099],[-122.960594,46.118098],[-122.960647,46.118071],[-122.960656,46.118009],[-122.960768,46.117989],[-122.960786,46.117919],[-122.960897,46.117899]],[[-122.958973,46.111045],[-122.958998,46.110943],[-122.958965,46.110908],[-122.958775,46.110901],[-122.958726,46.110932],[-122.958703,46.111039],[-122.958762,46.111077],[-122.958924,46.111076],[-122.958973,46.111045]],[[-122.959234,46.116699],[-122.959206,46.116658],[-122.959144,46.116645],[-122.959003,46.116671],[-122.958975,46.116748],[-122.958743,46.116747],[-122.958716,46.116789],[-122.958733,46.116999],[-122.958793,46.117018],[-122.959205,46.117006],[-122.959233,46.11697],[-122.959234,46.116699]],[[-122.959382,46.116524],[-122.95934,46.116314],[-122.959162,46.116299],[-122.959106,46.116315],[-122.959085,46.116354],[-122.959131,46.116569],[-122.959187,46.116582],[-122.959343,46.116562],[-122.959382,46.116524]],[[-122.959627,46.109909],[-122.959743,46.109885],[-122.959753,46.109767],[-122.959701,46.109731],[-122.959553,46.109731],[-122.959503,46.109762],[-122.959497,46.109818],[-122.959381,46.109842],[-122.959368,46.109908],[-122.959256,46.109928],[-122.959238,46.109998],[-122.959164,46.110001],[-122.959118,46.110027],[-122.959089,46.110213],[-122.959111,46.110252],[-122.959167,46.110268],[-122.959345,46.110253],[-122.959368,46.110179],[-122.959463,46.110169],[-122.959497,46.110089],[-122.959571,46.110086],[-122.959617,46.11006],[-122.959627,46.109909]],[[-122.959877,46.118997],[-122.959826,46.118975],[-122.959768,46.118985],[-122.95973,46.119028],[-122.959746,46.119068],[-122.959799,46.119089],[-122.959871,46.119076],[-122.959899,46.119038],[-122.959877,46.118997]],[[-122.960141,46.115079],[-122.96008,46.115026],[-122.959916,46.115048],[-122.959882,46.115087],[-122.959895,46.115195],[-122.959952,46.115219],[-122.960106,46.11521],[-122.960139,46.115175],[-122.960141,46.115079]],[[-122.96019,46.118909],[-122.960264,46.118871],[-122.960258,46.118758],[-122.960205,46.11873],[-122.96005,46.118735],[-122.96001,46.118772],[-122.960018,46.11888],[-122.960071,46.118908],[-122.96019,46.118909]],[[-122.960397,46.119719],[-122.960415,46.119674],[-122.960382,46.119639],[-122.960309,46.11963],[-122.960259,46.119654],[-122.960249,46.119696],[-122.960285,46.119733],[-122.960343,46.119743],[-122.960397,46.119719]],[[-122.960525,46.120029],[-122.960498,46.119988],[-122.960443,46.119975],[-122.960381,46.119998],[-122.960361,46.120037],[-122.960387,46.120074],[-122.96045,46.120093],[-122.960508,46.120073],[-122.960525,46.120029]],[[-122.961043,46.115541],[-122.961064,46.114809],[-122.961012,46.114772],[-122.960599,46.114769],[-122.960538,46.114798],[-122.960529,46.114859],[-122.960448,46.114863],[-122.960403,46.114897],[-122.960392,46.115014],[-122.960434,46.115037],[-122.960529,46.115039],[-122.960512,46.115359],[-122.960556,46.115395],[-122.960658,46.115399],[-122.960659,46.115536],[-122.960713,46.115577],[-122.960984,46.115578],[-122.961043,46.115541]],[[-122.960776,46.112633],[-122.960576,46.112586],[-122.960498,46.112641],[-122.960536,46.112769],[-122.960591,46.112801],[-122.960741,46.112785],[-122.960788,46.112746],[-122.960776,46.112633]],[[-122.961697,46.110719],[-122.961771,46.110717],[-122.961817,46.110691],[-122.961817,46.110568],[-122.961764,46.11054],[-122.961567,46.110539],[-122.961554,46.110473],[-122.961438,46.110449],[-122.961435,46.110398],[-122.961397,46.110366],[-122.961234,46.110361],[-122.961185,46.110392],[-122.961179,46.110449],[-122.960955,46.110458],[-122.960921,46.110498],[-122.96092,46.110629],[-122.960819,46.110641],[-122.960791,46.110719],[-122.960696,46.110728],[-122.960661,46.110809],[-122.96058,46.110813],[-122.960538,46.110842],[-122.960545,46.111235],[-122.960722,46.111283],[-122.96079,46.111259],[-122.961144,46.11125],[-122.961179,46.111169],[-122.961274,46.11116],[-122.961308,46.111079],[-122.961424,46.111055],[-122.961438,46.110899],[-122.961544,46.110883],[-122.961567,46.110809],[-122.961683,46.110785],[-122.961697,46.110719]],[[-122.961043,46.120439],[-122.961009,46.120476],[-122.961023,46.120517],[-122.961082,46.120542],[-122.961139,46.120533],[-122.961171,46.120499],[-122.96116,46.12045],[-122.961104,46.120426],[-122.961043,46.120439]],[[-122.961302,46.119539],[-122.961419,46.119515],[-122.961428,46.119398],[-122.961377,46.119362],[-122.961228,46.119362],[-122.961179,46.119393],[-122.961173,46.119449],[-122.961099,46.119452],[-122.961053,46.119478],[-122.961049,46.119609],[-122.961111,46.119643],[-122.961254,46.119625],[-122.961296,46.119596],[-122.961302,46.119539]],[[-122.961613,46.119989],[-122.961689,46.119946],[-122.961689,46.119673],[-122.961635,46.119632],[-122.961494,46.11963],[-122.961441,46.119658],[-122.961431,46.119719],[-122.961357,46.119722],[-122.961311,46.119748],[-122.961303,46.119856],[-122.961343,46.119893],[-122.961431,46.119899],[-122.961466,46.11998],[-122.961613,46.119989]],[[-122.961873,46.117559],[-122.961928,46.117544],[-122.96195,46.117511],[-122.961938,46.117224],[-122.961881,46.1172],[-122.961692,46.117199],[-122.961691,46.117063],[-122.961651,46.117026],[-122.961337,46.117015],[-122.961305,46.117049],[-122.961305,46.117156],[-122.961345,46.117193],[-122.961433,46.117199],[-122.961446,46.117355],[-122.961562,46.117379],[-122.961597,46.11746],[-122.961692,46.117469],[-122.961726,46.11755],[-122.961873,46.117559]],[[-122.961823,46.11544],[-122.961801,46.115402],[-122.961748,46.115386],[-122.961619,46.115402],[-122.961573,46.115428],[-122.96158,46.115572],[-122.961475,46.115586],[-122.961436,46.115623],[-122.961435,46.115814],[-122.961474,46.115856],[-122.961631,46.115848],[-122.961684,46.115821],[-122.961677,46.115587],[-122.96181,46.115555],[-122.961823,46.11544]],[[-122.96195,46.118639],[-122.961927,46.118565],[-122.961775,46.118527],[-122.961579,46.118569],[-122.961577,46.118812],[-122.961473,46.118826],[-122.961434,46.118863],[-122.961432,46.119041],[-122.96146,46.119077],[-122.961616,46.119103],[-122.961678,46.119079],[-122.961691,46.11882],[-122.962009,46.118819],[-122.962062,46.1188],[-122.96207,46.118668],[-122.962024,46.118642],[-122.96195,46.118639]],[[-122.961608,46.120885],[-122.961759,46.120902],[-122.96181,46.120874],[-122.961813,46.120743],[-122.961757,46.120711],[-122.961588,46.120714],[-122.96154,46.12076],[-122.961566,46.120856],[-122.961608,46.120885]],[[-122.961862,46.118183],[-122.962019,46.118202],[-122.962074,46.11817],[-122.962078,46.117963],[-122.962025,46.117922],[-122.961863,46.117921],[-122.961802,46.117965],[-122.961822,46.118146],[-122.961862,46.118183]],[[-122.963505,46.11621],[-122.963482,46.116136],[-122.963375,46.11612],[-122.963341,46.116039],[-122.963246,46.11603],[-122.963246,46.11585],[-122.963334,46.115844],[-122.963374,46.115806],[-122.963395,46.11554],[-122.963355,46.115497],[-122.963246,46.11549],[-122.96324,46.115433],[-122.963191,46.115402],[-122.962858,46.1154],[-122.962852,46.115343],[-122.96281,46.115314],[-122.962622,46.115326],[-122.962608,46.115461],[-122.962654,46.115487],[-122.962729,46.11549],[-122.962763,46.115571],[-122.962858,46.11558],[-122.962858,46.11567],[-122.962498,46.115682],[-122.96247,46.11576],[-122.962388,46.115764],[-122.962346,46.115793],[-122.96234,46.11594],[-122.962065,46.115932],[-122.962081,46.115795],[-122.962035,46.11575],[-122.961878,46.115762],[-122.961826,46.115798],[-122.961815,46.115914],[-122.961968,46.115947],[-122.961958,46.116176],[-122.962,46.116205],[-122.962081,46.11621],[-122.962084,46.116351],[-122.962129,46.116385],[-122.96221,46.11639],[-122.962223,46.116546],[-122.96234,46.11657],[-122.962374,46.116651],[-122.962469,46.11666],[-122.96247,46.116796],[-122.962524,46.116837],[-122.962687,46.116833],[-122.962724,46.116801],[-122.962728,46.11675],[-122.96284,46.11673],[-122.962857,46.11657],[-122.963068,46.116566],[-122.96311,46.116537],[-122.963116,46.11648],[-122.96332,46.116478],[-122.963369,46.116447],[-122.963375,46.11639],[-122.963611,46.116374],[-122.963628,46.116243],[-122.963586,46.116214],[-122.963505,46.11621]],[[-122.962129,46.12116],[-122.962204,46.121121],[-122.962194,46.121004],[-122.962137,46.12098],[-122.961962,46.120989],[-122.961928,46.121035],[-122.961961,46.121136],[-122.962011,46.121159],[-122.962129,46.12116]],[[-122.962211,46.115489],[-122.96223,46.115445],[-122.962197,46.115409],[-122.962124,46.115401],[-122.962074,46.115424],[-122.962064,46.115466],[-122.9621,46.115503],[-122.962158,46.115513],[-122.962211,46.115489]],[[-122.962341,46.11504],[-122.962335,46.114983],[-122.962286,46.114952],[-122.962137,46.114952],[-122.962085,46.114988],[-122.962065,46.11509],[-122.962109,46.115125],[-122.962211,46.11513],[-122.96222,46.115294],[-122.962286,46.115323],[-122.962558,46.115303],[-122.962599,46.115261],[-122.96259,46.115068],[-122.962537,46.115041],[-122.962341,46.11504]],[[-122.962261,46.11738],[-122.962336,46.117341],[-122.96233,46.117228],[-122.962277,46.117201],[-122.962121,46.117206],[-122.962082,46.117243],[-122.962089,46.117351],[-122.962143,46.117379],[-122.962261,46.11738]],[[-122.962986,46.1181],[-122.962963,46.118026],[-122.962856,46.11801],[-122.962822,46.117929],[-122.962727,46.11792],[-122.962709,46.11776],[-122.962598,46.11774],[-122.962598,46.11756],[-122.962822,46.117557],[-122.962876,46.117509],[-122.962848,46.117228],[-122.962794,46.117201],[-122.962633,46.117202],[-122.962579,46.117245],[-122.962598,46.11738],[-122.962387,46.117384],[-122.962345,46.117413],[-122.962339,46.11747],[-122.962258,46.117474],[-122.962215,46.117503],[-122.962192,46.11788],[-122.962237,46.117915],[-122.962339,46.11792],[-122.962373,46.118001],[-122.962468,46.11801],[-122.962474,46.118156],[-122.962516,46.118186],[-122.962597,46.11819],[-122.962603,46.118246],[-122.962645,46.118276],[-122.962856,46.11828],[-122.962925,46.118304],[-122.963087,46.118268],[-122.963115,46.118231],[-122.963109,46.118133],[-122.963067,46.118104],[-122.962986,46.1181]],[[-122.962781,46.11414],[-122.962856,46.114101],[-122.96285,46.113988],[-122.962797,46.113961],[-122.962641,46.113966],[-122.962602,46.114003],[-122.962609,46.114111],[-122.962663,46.114139],[-122.962781,46.11414]],[[-122.967904,46.117921],[-122.967898,46.117685],[-122.967856,46.117655],[-122.967775,46.117651],[-122.967765,46.1175],[-122.96772,46.117474],[-122.967645,46.117471],[-122.967611,46.11739],[-122.967516,46.117381],[-122.967487,46.117303],[-122.967257,46.117291],[-122.967244,46.117225],[-122.967179,46.117201],[-122.967033,46.11721],[-122.966998,46.117291],[-122.966739,46.117291],[-122.966717,46.117217],[-122.96661,46.117201],[-122.966601,46.11705],[-122.966555,46.117023],[-122.966481,46.117021],[-122.966458,46.116947],[-122.966222,46.116931],[-122.966216,46.116874],[-122.966167,46.116843],[-122.965963,46.116841],[-122.965957,46.116784],[-122.965908,46.116753],[-122.965745,46.116757],[-122.965708,46.116789],[-122.965704,46.116841],[-122.965592,46.11686],[-122.965575,46.117021],[-122.965468,46.117036],[-122.965445,46.117111],[-122.964539,46.11711],[-122.96454,46.11684],[-122.965057,46.116841],[-122.965092,46.116921],[-122.965253,46.11693],[-122.965315,46.116887],[-122.965316,46.116751],[-122.965398,46.116746],[-122.96544,46.116717],[-122.965445,46.116619],[-122.965417,46.116583],[-122.965187,46.116569],[-122.965187,46.116391],[-122.965417,46.116378],[-122.965445,46.116342],[-122.965437,46.116239],[-122.965376,46.116211],[-122.965058,46.11621],[-122.965058,46.116121],[-122.96516,46.116116],[-122.965204,46.116081],[-122.965178,46.115879],[-122.965125,46.115852],[-122.964929,46.11585],[-122.964923,46.115794],[-122.964873,46.115763],[-122.96467,46.11576],[-122.964657,46.115694],[-122.964592,46.11567],[-122.964439,46.115683],[-122.964411,46.115719],[-122.964411,46.11585],[-122.964281,46.11585],[-122.96428,46.115624],[-122.964219,46.115581],[-122.963697,46.115581],[-122.963644,46.115609],[-122.963634,46.11567],[-122.963518,46.115694],[-122.963518,46.115916],[-122.963575,46.11594],[-122.963764,46.11594],[-122.963786,46.116014],[-122.963893,46.11603],[-122.963902,46.116272],[-122.963955,46.116299],[-122.964152,46.1163],[-122.964151,46.11639],[-122.963934,46.116397],[-122.963896,46.116428],[-122.963893,46.11648],[-122.963403,46.116492],[-122.963375,46.116529],[-122.963375,46.11666],[-122.963164,46.116664],[-122.963122,46.116693],[-122.963116,46.11675],[-122.963021,46.116752],[-122.962979,46.116775],[-122.962986,46.11693],[-122.962912,46.116932],[-122.962866,46.116958],[-122.962863,46.117076],[-122.962905,46.117106],[-122.962986,46.11711],[-122.963004,46.11718],[-122.963116,46.1172],[-122.963133,46.11727],[-122.963245,46.11729],[-122.963254,46.117351],[-122.963315,46.11738],[-122.963708,46.117378],[-122.963757,46.117347],[-122.963763,46.11729],[-122.963966,46.117288],[-122.964016,46.117257],[-122.964022,46.1172],[-122.964151,46.1172],[-122.964174,46.117274],[-122.96428,46.117292],[-122.96428,46.11738],[-122.964199,46.117384],[-122.964154,46.117419],[-122.96416,46.117532],[-122.964213,46.117559],[-122.96441,46.11756],[-122.96441,46.11765],[-122.964293,46.117674],[-122.964269,46.117801],[-122.964315,46.117828],[-122.964409,46.11783],[-122.964415,46.117887],[-122.964457,46.117916],[-122.964668,46.11792],[-122.964691,46.117995],[-122.964798,46.118011],[-122.964832,46.118091],[-122.964927,46.118101],[-122.964927,46.118232],[-122.964961,46.118271],[-122.965444,46.118281],[-122.96545,46.118337],[-122.9655,46.118368],[-122.965833,46.118371],[-122.965846,46.118437],[-122.965962,46.118461],[-122.96599,46.118539],[-122.966153,46.118564],[-122.966215,46.118531],[-122.966221,46.118461],[-122.966337,46.118437],[-122.966351,46.118371],[-122.966462,46.118351],[-122.96648,46.118281],[-122.966671,46.118294],[-122.966737,46.118251],[-122.966738,46.11815],[-122.96671,46.118113],[-122.96648,46.118101],[-122.966477,46.117959],[-122.966432,46.117925],[-122.966351,46.117921],[-122.966351,46.117831],[-122.96648,46.117831],[-122.966498,46.117901],[-122.966609,46.117921],[-122.966627,46.117991],[-122.966739,46.118011],[-122.966757,46.118081],[-122.966868,46.118101],[-122.966881,46.118167],[-122.966998,46.118191],[-122.967032,46.118272],[-122.967256,46.118281],[-122.967317,46.118305],[-122.967481,46.118272],[-122.967515,46.118191],[-122.967627,46.118172],[-122.967645,46.118011],[-122.967774,46.118011],[-122.96778,46.118081],[-122.967827,46.118112],[-122.96801,46.118086],[-122.968027,46.117955],[-122.967985,46.117925],[-122.967904,46.117921]],[[-122.963241,46.119898],[-122.96319,46.119876],[-122.963132,46.119887],[-122.963095,46.119929],[-122.963111,46.119969],[-122.963164,46.11999],[-122.963236,46.119977],[-122.963263,46.11994],[-122.963241,46.119898]],[[-122.963298,46.11513],[-122.963374,46.115086],[-122.963373,46.114898],[-122.963321,46.114862],[-122.963172,46.114862],[-122.963119,46.114903],[-122.96312,46.115092],[-122.963172,46.115128],[-122.963298,46.11513]],[[-122.963406,46.120853],[-122.963366,46.120743],[-122.963324,46.120714],[-122.963181,46.120697],[-122.963119,46.12073],[-122.963115,46.120846],[-122.963161,46.120886],[-122.963347,46.120906],[-122.963406,46.120853]],[[-122.963763,46.11756],[-122.963757,46.117503],[-122.963715,46.117474],[-122.963506,46.117487],[-122.963484,46.117526],[-122.963504,46.11765],[-122.963402,46.117654],[-122.963357,46.11769],[-122.963397,46.117814],[-122.963573,46.117843],[-122.963627,46.11781],[-122.963633,46.11774],[-122.963869,46.117724],[-122.963886,46.117593],[-122.963844,46.117564],[-122.963763,46.11756]],[[-122.96378,46.119585],[-122.963739,46.119466],[-122.963586,46.119428],[-122.963521,46.119437],[-122.96347,46.119482],[-122.963508,46.119597],[-122.963557,46.119628],[-122.963747,46.119621],[-122.96378,46.119585]],[[-122.964147,46.114917],[-122.96416,46.114795],[-122.964118,46.114773],[-122.964023,46.11477],[-122.96402,46.114718],[-122.963982,46.114687],[-122.963827,46.114681],[-122.963774,46.114709],[-122.96373,46.114818],[-122.963805,46.114944],[-122.963955,46.114974],[-122.964097,46.114948],[-122.964147,46.114917]],[[-122.964389,46.121861],[-122.964415,46.121725],[-122.964372,46.121703],[-122.964278,46.1217],[-122.964274,46.121635],[-122.964238,46.121603],[-122.963959,46.121611],[-122.963898,46.121639],[-122.963889,46.1217],[-122.963773,46.121724],[-122.96376,46.121831],[-122.963801,46.121874],[-122.963889,46.12188],[-122.963895,46.121937],[-122.963937,46.121966],[-122.964207,46.12197],[-122.964268,46.121942],[-122.964278,46.12188],[-122.964389,46.121861]],[[-122.967127,46.119721],[-122.967129,46.119652],[-122.967076,46.119631],[-122.967008,46.119642],[-122.966988,46.11957],[-122.966934,46.119542],[-122.966773,46.11955],[-122.966727,46.119642],[-122.966609,46.119631],[-122.96662,46.119481],[-122.966574,46.119453],[-122.966479,46.119451],[-122.966479,46.119361],[-122.966586,46.119345],[-122.966609,46.119271],[-122.966798,46.119271],[-122.966855,46.119247],[-122.966867,46.11914],[-122.966839,46.119103],[-122.966542,46.119092],[-122.966489,46.11912],[-122.966479,46.119181],[-122.966221,46.119181],[-122.966221,46.119091],[-122.966255,46.119043],[-122.966202,46.118987],[-122.965832,46.119001],[-122.965815,46.118931],[-122.965703,46.118911],[-122.965669,46.11883],[-122.965574,46.118821],[-122.965545,46.118743],[-122.965444,46.118731],[-122.965416,46.118653],[-122.965315,46.118641],[-122.965287,46.118563],[-122.965186,46.118551],[-122.965157,46.118473],[-122.964797,46.11846],[-122.96478,46.11839],[-122.964668,46.11837],[-122.964634,46.118289],[-122.964539,46.11828],[-122.96451,46.118203],[-122.96428,46.11819],[-122.964274,46.118044],[-122.964232,46.118014],[-122.964151,46.11801],[-122.964123,46.117919],[-122.964061,46.117907],[-122.963909,46.11794],[-122.963857,46.118053],[-122.963892,46.1181],[-122.963895,46.118242],[-122.963939,46.118276],[-122.964021,46.11828],[-122.964055,46.118361],[-122.96415,46.11837],[-122.964168,46.118531],[-122.964341,46.118574],[-122.964409,46.11855],[-122.964538,46.11855],[-122.964542,46.118602],[-122.964579,46.118634],[-122.964797,46.118641],[-122.964815,46.118801],[-122.964926,46.118821],[-122.964961,46.118901],[-122.965056,46.118911],[-122.965084,46.118988],[-122.965185,46.119001],[-122.965185,46.119091],[-122.96509,46.1191],[-122.965056,46.11918],[-122.964981,46.119183],[-122.964935,46.119209],[-122.964944,46.119341],[-122.964996,46.11936],[-122.965252,46.11936],[-122.965305,46.119332],[-122.965315,46.119271],[-122.965442,46.119271],[-122.965467,46.119345],[-122.965573,46.119361],[-122.965582,46.119782],[-122.965628,46.119808],[-122.965702,46.119811],[-122.965737,46.119892],[-122.965832,46.119901],[-122.96586,46.119979],[-122.965961,46.119991],[-122.96599,46.120069],[-122.96609,46.120081],[-122.9661,46.120232],[-122.966146,46.120259],[-122.96622,46.120261],[-122.96622,46.120351],[-122.966023,46.120352],[-122.965962,46.120394],[-122.965974,46.120507],[-122.96609,46.120531],[-122.96607,46.12066],[-122.966104,46.120701],[-122.966271,46.120711],[-122.966326,46.120695],[-122.966349,46.120531],[-122.966478,46.120531],[-122.966507,46.120609],[-122.966661,46.120645],[-122.966737,46.120621],[-122.966934,46.12062],[-122.966983,46.120597],[-122.966997,46.120171],[-122.967078,46.120167],[-122.96712,46.120138],[-122.967123,46.119939],[-122.967085,46.119908],[-122.966943,46.119878],[-122.966867,46.119901],[-122.966608,46.119901],[-122.966609,46.119811],[-122.966715,46.119795],[-122.966749,46.11971],[-122.966986,46.11971],[-122.967058,46.119745],[-122.967127,46.119721]],[[-122.964428,46.118955],[-122.964407,46.118774],[-122.964368,46.118737],[-122.964071,46.118731],[-122.964009,46.11876],[-122.96403,46.118882],[-122.964076,46.118908],[-122.96415,46.11891],[-122.964153,46.118962],[-122.964191,46.118994],[-122.964388,46.118994],[-122.964428,46.118955]],[[-122.964204,46.1154],[-122.964278,46.115362],[-122.964273,46.115249],[-122.964219,46.115221],[-122.964064,46.115227],[-122.964026,46.115258],[-122.964011,46.11537],[-122.964065,46.115399],[-122.964204,46.1154]],[[-122.964612,46.122859],[-122.964419,46.122894],[-122.964408,46.123007],[-122.964454,46.123046],[-122.964605,46.123063],[-122.964664,46.123021],[-122.964662,46.122895],[-122.964612,46.122859]],[[-122.964698,46.121462],[-122.96466,46.121374],[-122.964611,46.121343],[-122.964462,46.121343],[-122.964411,46.121379],[-122.96442,46.121496],[-122.964582,46.121543],[-122.964635,46.121539],[-122.96469,46.121503],[-122.964698,46.121462]],[[-122.965701,46.121611],[-122.965688,46.121545],[-122.965572,46.121521],[-122.965544,46.121443],[-122.965383,46.121431],[-122.965322,46.121459],[-122.965313,46.121521],[-122.965201,46.12154],[-122.965184,46.121611],[-122.964966,46.121617],[-122.964928,46.121649],[-122.964925,46.1217],[-122.964666,46.1217],[-122.964597,46.121676],[-122.964522,46.121709],[-122.964502,46.121743],[-122.964536,46.121792],[-122.964519,46.122021],[-122.964564,46.122056],[-122.964666,46.122062],[-122.964665,46.12215],[-122.964577,46.122157],[-122.964538,46.122194],[-122.964558,46.122418],[-122.964619,46.122434],[-122.96476,46.122411],[-122.964795,46.122331],[-122.964911,46.122307],[-122.964924,46.122241],[-122.965036,46.122221],[-122.965054,46.122151],[-122.965166,46.122131],[-122.965183,46.122061],[-122.965408,46.122052],[-122.965442,46.121971],[-122.965559,46.121947],[-122.965572,46.121881],[-122.965684,46.121861],[-122.965701,46.121791],[-122.965808,46.121775],[-122.965825,46.121644],[-122.965783,46.121615],[-122.965701,46.121611]],[[-122.964566,46.118996],[-122.964729,46.119014],[-122.964784,46.11899],[-122.964794,46.118859],[-122.964742,46.118823],[-122.964593,46.118823],[-122.964544,46.118854],[-122.964521,46.118961],[-122.964566,46.118996]],[[-122.965314,46.119581],[-122.965247,46.119527],[-122.965069,46.119565],[-122.965056,46.119762],[-122.96509,46.119801],[-122.965244,46.11981],[-122.965301,46.119787],[-122.965314,46.119581]],[[-122.965245,46.120645],[-122.965395,46.120617],[-122.965437,46.120587],[-122.96542,46.120456],[-122.965366,46.120441],[-122.965078,46.120456],[-122.965055,46.120495],[-122.965078,46.120605],[-122.965245,46.120645]],[[-122.965576,46.115491],[-122.965575,46.115359],[-122.965547,46.115323],[-122.965317,46.11531],[-122.965311,46.115254],[-122.965262,46.115223],[-122.965133,46.115207],[-122.965075,46.115227],[-122.965064,46.115547],[-122.965106,46.115576],[-122.965187,46.115581],[-122.965222,46.115661],[-122.965317,46.115671],[-122.96532,46.115722],[-122.965358,46.115754],[-122.965535,46.115754],[-122.965572,46.115722],[-122.965576,46.115671],[-122.96565,46.115668],[-122.965696,46.115642],[-122.965696,46.115519],[-122.96565,46.115493],[-122.965576,46.115491]],[[-122.965831,46.121021],[-122.965763,46.120967],[-122.965244,46.120968],[-122.965187,46.121005],[-122.965185,46.121117],[-122.965246,46.12116],[-122.965443,46.121161],[-122.965449,46.121217],[-122.965491,46.121247],[-122.965639,46.12125],[-122.965692,46.121222],[-122.965702,46.121161],[-122.965776,46.121158],[-122.965822,46.121132],[-122.965831,46.121021]],[[-122.965828,46.116537],[-122.965853,46.116436],[-122.96582,46.1164],[-122.96563,46.116393],[-122.965578,46.116429],[-122.965578,46.116532],[-122.96563,46.116568],[-122.965779,46.116568],[-122.965828,46.116537]],[[-122.965831,46.1226],[-122.965849,46.122556],[-122.965816,46.12252],[-122.965743,46.122512],[-122.965693,46.122536],[-122.965683,46.122577],[-122.965719,46.122614],[-122.965777,46.122624],[-122.965831,46.1226]],[[-122.965961,46.120801],[-122.96598,46.120756],[-122.965947,46.12072],[-122.965874,46.120712],[-122.965824,46.120736],[-122.965814,46.120777],[-122.96585,46.120814],[-122.965908,46.120824],[-122.965961,46.120801]],[[-122.966141,46.122421],[-122.966217,46.122377],[-122.966217,46.122284],[-122.96619,46.122253],[-122.965908,46.122241],[-122.965848,46.122261],[-122.965831,46.122372],[-122.965859,46.122409],[-122.966141,46.122421]],[[-122.966611,46.120982],[-122.966553,46.120967],[-122.966495,46.120988],[-122.966479,46.121036],[-122.966506,46.121072],[-122.966568,46.121084],[-122.966627,46.121058],[-122.966642,46.121018],[-122.966611,46.120982]],[[-122.967176,46.123501],[-122.96725,46.123463],[-122.967244,46.12335],[-122.967198,46.123324],[-122.967124,46.123321],[-122.967118,46.123265],[-122.967076,46.123235],[-122.966865,46.123231],[-122.966865,46.1231],[-122.966831,46.12306],[-122.966654,46.123055],[-122.966612,46.123084],[-122.966606,46.123141],[-122.96649,46.123165],[-122.966486,46.123292],[-122.966532,46.123319],[-122.966606,46.123321],[-122.966641,46.123402],[-122.966736,46.123411],[-122.96677,46.123492],[-122.967176,46.123501]],[[-122.969194,46.125392],[-122.969171,46.125318],[-122.969065,46.125302],[-122.96903,46.125221],[-122.968935,46.125212],[-122.968934,46.124985],[-122.968894,46.124948],[-122.968806,46.124942],[-122.968783,46.124778],[-122.968728,46.124762],[-122.968581,46.124771],[-122.968547,46.12481],[-122.968547,46.124942],[-122.968418,46.124942],[-122.968395,46.124867],[-122.968288,46.124852],[-122.968291,46.124602],[-122.968238,46.124582],[-122.968029,46.124581],[-122.968029,46.124492],[-122.96813,46.124479],[-122.968159,46.124402],[-122.96826,46.124389],[-122.968288,46.124312],[-122.968383,46.124302],[-122.968418,46.124222],[-122.968492,46.124219],[-122.968538,46.124193],[-122.968548,46.123862],[-122.968622,46.123859],[-122.968668,46.123833],[-122.968664,46.123706],[-122.968548,46.123682],[-122.96853,46.123611],[-122.968418,46.123592],[-122.968405,46.123526],[-122.968341,46.123502],[-122.968071,46.123508],[-122.968033,46.12354],[-122.96803,46.123591],[-122.967914,46.123615],[-122.9679,46.123681],[-122.967417,46.12369],[-122.967383,46.123771],[-122.967301,46.123775],[-122.967259,46.123805],[-122.967253,46.123951],[-122.967152,46.123964],[-122.967124,46.124041],[-122.967035,46.124048],[-122.966995,46.12409],[-122.967007,46.124197],[-122.967123,46.124221],[-122.967123,46.124401],[-122.967089,46.124454],[-122.967141,46.124562],[-122.967253,46.124581],[-122.967266,46.124737],[-122.967323,46.124761],[-122.967511,46.124761],[-122.967529,46.124832],[-122.967641,46.124851],[-122.967675,46.124932],[-122.96777,46.124942],[-122.967799,46.125019],[-122.9679,46.125032],[-122.967928,46.125109],[-122.968029,46.125122],[-122.968057,46.125199],[-122.968158,46.125212],[-122.968181,46.125286],[-122.968417,46.125302],[-122.968435,46.125372],[-122.968547,46.125392],[-122.968564,46.125462],[-122.968676,46.125482],[-122.968694,46.125552],[-122.968805,46.125572],[-122.968818,46.125638],[-122.968935,46.125662],[-122.968941,46.125718],[-122.968983,46.125748],[-122.969153,46.125745],[-122.96919,46.125714],[-122.969194,46.125662],[-122.969275,46.125658],[-122.969317,46.125629],[-122.969317,46.125425],[-122.969275,46.125396],[-122.969194,46.125392]],[[-122.967514,46.120211],[-122.967447,46.120158],[-122.967154,46.120183],[-122.967126,46.120225],[-122.967143,46.120421],[-122.967316,46.120465],[-122.967486,46.120429],[-122.967514,46.120393],[-122.967514,46.120211]],[[-122.970138,46.11932],[-122.970086,46.119202],[-122.969974,46.119182],[-122.969939,46.119101],[-122.969845,46.119092],[-122.969816,46.119014],[-122.969715,46.119002],[-122.969687,46.118924],[-122.969586,46.118912],[-122.969557,46.118834],[-122.969456,46.118822],[-122.969428,46.118744],[-122.969198,46.118732],[-122.969175,46.118658],[-122.969068,46.118642],[-122.969055,46.118486],[-122.968939,46.118462],[-122.968904,46.118381],[-122.96881,46.118372],[-122.968781,46.118294],[-122.96868,46.118282],[-122.968657,46.118207],[-122.968421,46.118191],[-122.968412,46.11813],[-122.968351,46.118102],[-122.968225,46.118102],[-122.968172,46.11813],[-122.968162,46.118371],[-122.968088,46.118374],[-122.968042,46.1184],[-122.968033,46.118551],[-122.967932,46.118564],[-122.967903,46.118641],[-122.967808,46.11865],[-122.967774,46.118731],[-122.967692,46.118735],[-122.96765,46.118765],[-122.96765,46.118878],[-122.967692,46.118907],[-122.967774,46.118911],[-122.967774,46.119001],[-122.967644,46.119001],[-122.967638,46.118945],[-122.967589,46.118914],[-122.967326,46.118911],[-122.967265,46.11894],[-122.967256,46.119001],[-122.967168,46.119008],[-122.967127,46.11905],[-122.967144,46.119341],[-122.967256,46.119361],[-122.967269,46.119427],[-122.967385,46.119451],[-122.967389,46.119503],[-122.967426,46.119535],[-122.967773,46.119541],[-122.967783,46.119603],[-122.967843,46.119631],[-122.967998,46.119622],[-122.968032,46.119541],[-122.96825,46.119535],[-122.968288,46.119503],[-122.968291,46.119452],[-122.968398,46.119436],[-122.968421,46.119272],[-122.968502,46.119267],[-122.968547,46.119233],[-122.96855,46.119092],[-122.968809,46.119092],[-122.968832,46.119166],[-122.968938,46.119182],[-122.968973,46.119263],[-122.969068,46.119272],[-122.969074,46.119508],[-122.969116,46.119538],[-122.969197,46.119542],[-122.969206,46.119603],[-122.96926,46.119631],[-122.969406,46.119632],[-122.969459,46.119611],[-122.969456,46.119452],[-122.969715,46.119452],[-122.969718,46.119504],[-122.969756,46.119536],[-122.969939,46.119533],[-122.969974,46.119452],[-122.970055,46.119448],[-122.970097,46.119419],[-122.970138,46.11932]],[[-122.967772,46.121701],[-122.967738,46.12162],[-122.967568,46.121614],[-122.967519,46.121645],[-122.967513,46.121701],[-122.967397,46.121725],[-122.967384,46.121791],[-122.967309,46.121794],[-122.967264,46.12182],[-122.96722,46.121924],[-122.967258,46.122023],[-122.967302,46.122057],[-122.967384,46.122061],[-122.967387,46.122113],[-122.967425,46.122145],[-122.967717,46.122149],[-122.967766,46.122118],[-122.967772,46.122061],[-122.967846,46.122059],[-122.967892,46.122033],[-122.967898,46.12174],[-122.967854,46.121706],[-122.967772,46.121701]],[[-122.967384,46.122871],[-122.967402,46.122826],[-122.967369,46.122791],[-122.967296,46.122782],[-122.967246,46.122806],[-122.967236,46.122848],[-122.967272,46.122885],[-122.96733,46.122895],[-122.967384,46.122871]],[[-122.972561,46.122153],[-122.972538,46.122078],[-122.972432,46.122063],[-122.972414,46.121992],[-122.972302,46.121973],[-122.972268,46.121892],[-122.972173,46.121882],[-122.972144,46.121805],[-122.972043,46.121792],[-122.972034,46.121641],[-122.971988,46.121615],[-122.971914,46.121612],[-122.971879,46.121532],[-122.971785,46.121522],[-122.971781,46.121471],[-122.971744,46.121439],[-122.971554,46.121445],[-122.971526,46.121564],[-122.971567,46.121606],[-122.971655,46.121612],[-122.971683,46.12169],[-122.971784,46.121703],[-122.971784,46.121882],[-122.971655,46.121882],[-122.971637,46.121812],[-122.971526,46.121792],[-122.971512,46.121726],[-122.971396,46.121702],[-122.971362,46.121621],[-122.971137,46.121612],[-122.971128,46.121461],[-122.971082,46.121435],[-122.971008,46.121432],[-122.971008,46.121252],[-122.971082,46.12125],[-122.971128,46.121224],[-122.971138,46.121072],[-122.971476,46.121072],[-122.971541,46.121038],[-122.971508,46.120822],[-122.971456,46.120803],[-122.971267,46.120801],[-122.971267,46.120712],[-122.971464,46.120711],[-122.97152,46.120679],[-122.971525,46.120396],[-122.971485,46.120359],[-122.971397,46.120352],[-122.971374,46.120188],[-122.971268,46.120172],[-122.971262,46.120116],[-122.97122,46.120086],[-122.971009,46.120082],[-122.970991,46.120012],[-122.970879,46.119992],[-122.970862,46.119922],[-122.97075,46.119902],[-122.970732,46.119832],[-122.970621,46.119812],[-122.970608,46.119746],[-122.970491,46.119722],[-122.970485,46.119665],[-122.970436,46.119634],[-122.970279,46.119623],[-122.970236,46.119657],[-122.970232,46.119722],[-122.970116,46.119746],[-122.970103,46.119992],[-122.969631,46.119983],[-122.969588,46.120017],[-122.969585,46.120082],[-122.969396,46.120082],[-122.969344,46.120102],[-122.969326,46.120262],[-122.969219,46.120278],[-122.969197,46.120352],[-122.968938,46.120352],[-122.968938,46.120082],[-122.969162,46.120073],[-122.969216,46.119947],[-122.969169,46.119906],[-122.969068,46.119902],[-122.969058,46.11975],[-122.969012,46.119724],[-122.968938,46.119722],[-122.968938,46.119632],[-122.968973,46.119584],[-122.968925,46.119476],[-122.968868,46.119452],[-122.96872,46.119458],[-122.968683,46.11949],[-122.968679,46.119542],[-122.968563,46.119566],[-122.96855,46.119632],[-122.968438,46.119651],[-122.96842,46.119721],[-122.968304,46.119745],[-122.968291,46.119901],[-122.968179,46.119921],[-122.968161,46.120081],[-122.96808,46.120086],[-122.968035,46.12012],[-122.968012,46.120211],[-122.968039,46.120249],[-122.96842,46.120262],[-122.96842,46.12035],[-122.968313,46.120367],[-122.968291,46.120441],[-122.968094,46.120442],[-122.968041,46.12047],[-122.968031,46.120801],[-122.967775,46.120818],[-122.967753,46.120857],[-122.967772,46.120981],[-122.967643,46.120981],[-122.96763,46.120915],[-122.967514,46.120891],[-122.967508,46.120835],[-122.967466,46.120805],[-122.967317,46.120802],[-122.967258,46.12084],[-122.967273,46.120961],[-122.967384,46.120981],[-122.967402,46.121052],[-122.967514,46.121071],[-122.967531,46.121142],[-122.967643,46.121161],[-122.967656,46.121227],[-122.967772,46.121251],[-122.967776,46.121303],[-122.967813,46.121335],[-122.968098,46.12134],[-122.968151,46.121313],[-122.968161,46.121252],[-122.968419,46.121252],[-122.968419,46.121341],[-122.968223,46.121343],[-122.96817,46.12137],[-122.96817,46.121583],[-122.968216,46.121609],[-122.96829,46.121612],[-122.968296,46.121668],[-122.968345,46.121699],[-122.968807,46.121702],[-122.968817,46.121763],[-122.968878,46.121791],[-122.969141,46.121789],[-122.96919,46.121758],[-122.969196,46.121702],[-122.96942,46.121693],[-122.969455,46.121612],[-122.969571,46.121588],[-122.969584,46.121522],[-122.969696,46.121502],[-122.969714,46.121432],[-122.969962,46.121421],[-122.970019,46.121455],[-122.97009,46.121442],[-122.970117,46.121377],[-122.97006,46.121343],[-122.969984,46.121353],[-122.969973,46.121252],[-122.970054,46.121248],[-122.970099,46.121214],[-122.970102,46.120982],[-122.970232,46.120982],[-122.970233,46.121299],[-122.970273,46.121336],[-122.970361,46.121342],[-122.970378,46.121502],[-122.970431,46.121522],[-122.97062,46.121522],[-122.970637,46.121592],[-122.970749,46.121612],[-122.970784,46.121693],[-122.970878,46.121702],[-122.970907,46.12178],[-122.971137,46.121792],[-122.97116,46.121866],[-122.971267,46.121882],[-122.971267,46.121972],[-122.971178,46.121979],[-122.971139,46.122016],[-122.971137,46.122152],[-122.971102,46.1222],[-122.971137,46.122242],[-122.97115,46.122412],[-122.971212,46.122436],[-122.971341,46.12242],[-122.97139,46.122389],[-122.971396,46.122332],[-122.971523,46.122332],[-122.971525,46.122422],[-122.971419,46.122438],[-122.971396,46.122512],[-122.971301,46.122521],[-122.971266,46.122602],[-122.971154,46.122622],[-122.971137,46.122692],[-122.971018,46.122703],[-122.970966,46.122609],[-122.970749,46.122602],[-122.970749,46.122422],[-122.970851,46.122418],[-122.970897,46.122377],[-122.970883,46.122336],[-122.970832,46.12231],[-122.970738,46.122343],[-122.970531,46.122339],[-122.970493,46.12237],[-122.97049,46.122422],[-122.970259,46.122434],[-122.970231,46.122512],[-122.970013,46.122518],[-122.969973,46.122555],[-122.969972,46.122782],[-122.969937,46.12283],[-122.969981,46.122933],[-122.970027,46.12296],[-122.970305,46.12296],[-122.970354,46.122929],[-122.97036,46.122872],[-122.970686,46.122871],[-122.970739,46.122844],[-122.970749,46.122782],[-122.970996,46.122771],[-122.971009,46.122919],[-122.971036,46.12295],[-122.971348,46.122958],[-122.97139,46.122929],[-122.971396,46.122872],[-122.971477,46.122868],[-122.971522,46.122834],[-122.971525,46.122602],[-122.971743,46.122596],[-122.971781,46.122564],[-122.971786,46.122512],[-122.972043,46.122513],[-122.972052,46.122574],[-122.972113,46.122602],[-122.972361,46.122602],[-122.972422,46.122574],[-122.972425,46.122456],[-122.972383,46.122427],[-122.972302,46.122423],[-122.972279,46.122348],[-122.972043,46.122332],[-122.972043,46.122063],[-122.972172,46.122063],[-122.972195,46.122137],[-122.972302,46.122153],[-122.972311,46.122304],[-122.972357,46.12233],[-122.972431,46.122333],[-122.97244,46.122394],[-122.972494,46.122422],[-122.972635,46.12242],[-122.972689,46.122379],[-122.972684,46.122186],[-122.972642,46.122157],[-122.972561,46.122153]],[[-122.967825,46.120081],[-122.967899,46.120043],[-122.967893,46.11993],[-122.96784,46.119902],[-122.967685,46.119908],[-122.967645,46.119945],[-122.967653,46.120053],[-122.967706,46.12008],[-122.967825,46.120081]],[[-122.968801,46.122478],[-122.968842,46.122374],[-122.968798,46.12227],[-122.968752,46.122244],[-122.968678,46.122242],[-122.968693,46.121916],[-122.968643,46.121884],[-122.968465,46.121872],[-122.96842,46.121917],[-122.968419,46.122422],[-122.968324,46.122431],[-122.968289,46.122511],[-122.968173,46.122536],[-122.968169,46.122663],[-122.96823,46.122691],[-122.968507,46.122685],[-122.968547,46.122648],[-122.968548,46.122512],[-122.968766,46.122505],[-122.968801,46.122478]],[[-122.969191,46.124724],[-122.969214,46.124632],[-122.969192,46.124598],[-122.969065,46.124582],[-122.969065,46.12436],[-122.96903,46.124321],[-122.968854,46.124316],[-122.968812,46.124345],[-122.968806,46.124402],[-122.96869,46.124426],[-122.968686,46.124553],[-122.968732,46.124579],[-122.968806,46.124582],[-122.96884,46.124663],[-122.968935,46.124672],[-122.96897,46.124753],[-122.969153,46.124755],[-122.969191,46.124724]],[[-122.969098,46.12401],[-122.969043,46.123788],[-122.968988,46.123772],[-122.968829,46.123788],[-122.968772,46.123904],[-122.968829,46.124026],[-122.969034,46.124061],[-122.969098,46.12401]],[[-122.968855,46.123228],[-122.969005,46.123244],[-122.969057,46.123217],[-122.96906,46.123085],[-122.969003,46.123053],[-122.968834,46.123056],[-122.968787,46.123102],[-122.968813,46.123198],[-122.968855,46.123228]],[[-122.969148,46.122066],[-122.969004,46.122048],[-122.968949,46.122072],[-122.96894,46.122203],[-122.968992,46.122239],[-122.96914,46.122239],[-122.969192,46.122203],[-122.969192,46.1221],[-122.969148,46.122066]],[[-122.969842,46.123902],[-122.969774,46.123849],[-122.969591,46.123875],[-122.969563,46.123912],[-122.969583,46.124042],[-122.969454,46.124042],[-122.969448,46.123985],[-122.969398,46.123954],[-122.969197,46.123968],[-122.969175,46.124008],[-122.969194,46.124222],[-122.96916,46.12427],[-122.969223,46.12439],[-122.969412,46.124396],[-122.969452,46.124358],[-122.969453,46.124222],[-122.969642,46.124222],[-122.969695,46.124202],[-122.969697,46.12405],[-122.969829,46.124018],[-122.969842,46.123902]],[[-122.969845,46.122783],[-122.969842,46.122637],[-122.969809,46.122598],[-122.969502,46.122606],[-122.96946,46.122635],[-122.969454,46.122692],[-122.969373,46.122696],[-122.969328,46.12273],[-122.96929,46.12283],[-122.96933,46.122942],[-122.9694,46.122976],[-122.969794,46.122958],[-122.969833,46.122933],[-122.969875,46.12284],[-122.969845,46.122783]],[[-122.969839,46.123464],[-122.96985,46.123347],[-122.969807,46.123324],[-122.969713,46.123322],[-122.969709,46.12327],[-122.969672,46.123238],[-122.969516,46.123233],[-122.969463,46.12326],[-122.969463,46.123383],[-122.969509,46.12341],[-122.969583,46.123412],[-122.969587,46.123464],[-122.969624,46.123496],[-122.969801,46.123496],[-122.969839,46.123464]],[[-122.9701,46.125752],[-122.970174,46.12575],[-122.97022,46.125724],[-122.970212,46.125592],[-122.970159,46.125572],[-122.969841,46.125572],[-122.969835,46.125515],[-122.969786,46.125484],[-122.969623,46.125488],[-122.969585,46.12552],[-122.969582,46.125572],[-122.969501,46.125576],[-122.969456,46.12561],[-122.969475,46.125736],[-122.969582,46.125752],[-122.969588,46.125809],[-122.96963,46.125838],[-122.969841,46.125842],[-122.969847,46.125899],[-122.969896,46.12593],[-122.97003,46.125932],[-122.970082,46.125912],[-122.9701,46.125752]],[[-122.971041,46.1249],[-122.970989,46.124782],[-122.970877,46.124762],[-122.970842,46.124681],[-122.970748,46.124672],[-122.970719,46.124594],[-122.970489,46.124582],[-122.970471,46.124512],[-122.970359,46.124492],[-122.97035,46.124431],[-122.970289,46.124402],[-122.969747,46.124411],[-122.969712,46.124451],[-122.969712,46.124672],[-122.969624,46.124678],[-122.969583,46.124721],[-122.969596,46.124828],[-122.969712,46.124852],[-122.969725,46.125188],[-122.969774,46.125211],[-122.969915,46.12521],[-122.969965,46.125179],[-122.969971,46.125122],[-122.9701,46.125122],[-122.970101,46.125349],[-122.97017,46.125392],[-122.970548,46.125392],[-122.970595,46.125376],[-122.970618,46.125302],[-122.970719,46.12529],[-122.970747,46.125212],[-122.970842,46.125203],[-122.970877,46.125122],[-122.970951,46.12512],[-122.970997,46.125094],[-122.971006,46.124942],[-122.971041,46.1249]],[[-122.969846,46.122421],[-122.969877,46.122369],[-122.969824,46.122318],[-122.969759,46.122309],[-122.969694,46.122345],[-122.969681,46.12239],[-122.969732,46.122435],[-122.969789,46.122446],[-122.969846,46.122421]],[[-122.970224,46.124009],[-122.970249,46.123907],[-122.970216,46.123872],[-122.970026,46.123864],[-122.969975,46.1239],[-122.969975,46.124004],[-122.970026,46.12404],[-122.970175,46.12404],[-122.970224,46.124009]],[[-122.970227,46.123644],[-122.970247,46.123542],[-122.970203,46.123506],[-122.970039,46.123489],[-122.969977,46.123522],[-122.969973,46.123639],[-122.970019,46.123678],[-122.970189,46.123676],[-122.970227,46.123644]],[[-122.971006,46.125842],[-122.970983,46.125768],[-122.970876,46.125752],[-122.970876,46.125621],[-122.970842,46.125581],[-122.970678,46.125548],[-122.970501,46.125596],[-122.970489,46.126069],[-122.970529,46.126106],[-122.970617,46.126112],[-122.97065,46.126206],[-122.970842,46.126193],[-122.970876,46.126112],[-122.970971,46.126103],[-122.971006,46.126022],[-122.971122,46.125998],[-122.971126,46.125871],[-122.97108,46.125845],[-122.971006,46.125842]],[[-122.970929,46.124582],[-122.971003,46.124544],[-122.970993,46.124426],[-122.970936,46.124403],[-122.970761,46.124412],[-122.970728,46.124458],[-122.970761,46.124558],[-122.97081,46.124581],[-122.970929,46.124582]],[[-122.971524,46.125032],[-122.971521,46.124981],[-122.971483,46.124949],[-122.971313,46.124946],[-122.971271,46.124976],[-122.971265,46.125032],[-122.971149,46.125056],[-122.971135,46.125122],[-122.971024,46.125142],[-122.971006,46.125212],[-122.970894,46.125232],[-122.970882,46.125359],[-122.970924,46.125388],[-122.971006,46.125392],[-122.971034,46.12547],[-122.971346,46.125478],[-122.971388,46.125449],[-122.971394,46.125392],[-122.971511,46.125368],[-122.971524,46.125303],[-122.971636,46.125283],[-122.97165,46.125071],[-122.971605,46.125037],[-122.971524,46.125032]],[[-122.971197,46.124156],[-122.971347,46.124128],[-122.971389,46.124099],[-122.971372,46.123968],[-122.971317,46.123952],[-122.971029,46.123968],[-122.971007,46.124006],[-122.971029,46.124116],[-122.971197,46.124156]],[[-122.971651,46.123644],[-122.971662,46.123527],[-122.971619,46.123505],[-122.971525,46.123502],[-122.971521,46.123451],[-122.971484,46.123419],[-122.971328,46.123413],[-122.971275,46.123441],[-122.971275,46.123564],[-122.971321,46.12359],[-122.971395,46.123592],[-122.971399,46.123644],[-122.971436,46.123676],[-122.971613,46.123676],[-122.971651,46.123644]],[[-122.971443,46.124398],[-122.971586,46.124416],[-122.971641,46.124392],[-122.97165,46.124261],[-122.971599,46.124225],[-122.97145,46.124225],[-122.971398,46.124261],[-122.971398,46.124364],[-122.971443,46.124398]],[[-122.971784,46.122913],[-122.971762,46.122875],[-122.971709,46.122859],[-122.97158,46.122875],[-122.971534,46.122901],[-122.97149,46.12301],[-122.971525,46.123052],[-122.971506,46.123187],[-122.971545,46.123226],[-122.971709,46.123246],[-122.971775,46.123217],[-122.971784,46.122913]],[[-122.971781,46.12404],[-122.97173,46.124019],[-122.971672,46.124029],[-122.971635,46.124071],[-122.971651,46.124112],[-122.971704,46.124132],[-122.971776,46.12412],[-122.971803,46.124082],[-122.971781,46.12404]],[[-122.974261,46.122203],[-122.974221,46.122079],[-122.974114,46.122063],[-122.974134,46.121933],[-122.974094,46.12189],[-122.973467,46.121883],[-122.973454,46.121817],[-122.973338,46.121793],[-122.973303,46.121712],[-122.973079,46.121703],[-122.973077,46.121476],[-122.973038,46.121439],[-122.97295,46.121433],[-122.97294,46.121281],[-122.972894,46.121255],[-122.97282,46.121253],[-122.972786,46.121172],[-122.972691,46.121163],[-122.972662,46.121085],[-122.972561,46.121073],[-122.972533,46.120995],[-122.972173,46.120982],[-122.97216,46.120917],[-122.972044,46.120892],[-122.972009,46.120812],[-122.971867,46.120789],[-122.971802,46.120809],[-122.971785,46.121072],[-122.97175,46.121115],[-122.971794,46.121224],[-122.97184,46.12125],[-122.971914,46.121253],[-122.97192,46.121309],[-122.971962,46.121338],[-122.972173,46.121343],[-122.972186,46.121499],[-122.972302,46.121523],[-122.972337,46.121603],[-122.972432,46.121613],[-122.972454,46.121867],[-122.97282,46.121883],[-122.972843,46.121957],[-122.972949,46.121973],[-122.972949,46.122208],[-122.972976,46.122244],[-122.973208,46.122243],[-122.973211,46.122294],[-122.973249,46.122326],[-122.973467,46.122333],[-122.973543,46.122356],[-122.973596,46.122333],[-122.973814,46.122327],[-122.973852,46.122295],[-122.973855,46.122243],[-122.974216,46.122239],[-122.974261,46.122203]],[[-122.972499,46.12556],[-122.972096,46.125575],[-122.972047,46.125606],[-122.972041,46.125663],[-122.971909,46.125683],[-122.971912,46.125932],[-122.97183,46.125937],[-122.971788,46.125966],[-122.971783,46.126064],[-122.971811,46.1261],[-122.971951,46.126126],[-122.972008,46.126117],[-122.972041,46.126023],[-122.972136,46.126014],[-122.972171,46.125933],[-122.972265,46.12593],[-122.972312,46.125903],[-122.9723,46.125753],[-122.972484,46.125766],[-122.972542,46.125746],[-122.972553,46.125593],[-122.972499,46.12556]],[[-122.971919,46.122726],[-122.971879,46.122835],[-122.971936,46.122947],[-122.971991,46.122963],[-122.972149,46.122947],[-122.972172,46.122909],[-122.972149,46.122708],[-122.971961,46.122697],[-122.971919,46.122726]],[[-122.972709,46.124172],[-122.972676,46.124067],[-122.97256,46.124043],[-122.972557,46.123991],[-122.972519,46.123959],[-122.972172,46.123953],[-122.972191,46.123823],[-122.972158,46.123782],[-122.971983,46.123773],[-122.971926,46.123797],[-122.971914,46.123999],[-122.971954,46.124036],[-122.972042,46.124043],[-122.972042,46.124131],[-122.971926,46.124157],[-122.971916,46.124274],[-122.971961,46.124308],[-122.972042,46.124313],[-122.972076,46.124393],[-122.972171,46.124403],[-122.972206,46.124483],[-122.972482,46.124493],[-122.972537,46.124477],[-122.97256,46.124223],[-122.972687,46.124206],[-122.972709,46.124172]],[[-122.972353,46.123413],[-122.972429,46.123369],[-122.972418,46.123167],[-122.972368,46.123144],[-122.972061,46.123129],[-122.972008,46.123185],[-122.972056,46.123299],[-122.972172,46.123323],[-122.972175,46.123374],[-122.972213,46.123406],[-122.972353,46.123413]],[[-122.973383,46.126559],[-122.973663,46.126575],[-122.973715,46.126548],[-122.973714,46.126412],[-122.973669,46.126385],[-122.973594,46.126383],[-122.97356,46.126302],[-122.973465,46.126293],[-122.973462,46.126241],[-122.973424,46.126209],[-122.973217,46.126214],[-122.973197,46.126051],[-122.973061,46.126015],[-122.973076,46.125878],[-122.973037,46.125836],[-122.972852,46.125852],[-122.972807,46.125944],[-122.972598,46.125926],[-122.972562,46.125958],[-122.972559,46.126023],[-122.972241,46.126023],[-122.97218,46.126051],[-122.972184,46.126269],[-122.9723,46.126293],[-122.972303,46.126344],[-122.972341,46.126376],[-122.972489,46.126382],[-122.97255,46.126354],[-122.972559,46.126293],[-122.972748,46.126292],[-122.9728,46.126273],[-122.972818,46.126023],[-122.972947,46.126023],[-122.972965,46.126273],[-122.973017,46.126293],[-122.973195,46.126282],[-122.973229,46.126457],[-122.973335,46.126473],[-122.973341,46.12653],[-122.973383,46.126559]],[[-122.972966,46.126698],[-122.972934,46.126587],[-122.972818,46.126563],[-122.972812,46.126506],[-122.97277,46.126477],[-122.972479,46.126473],[-122.972414,46.126507],[-122.972452,46.126637],[-122.972688,46.126653],[-122.972694,46.126709],[-122.972736,46.126739],[-122.972926,46.126736],[-122.972966,46.126698]],[[-122.972557,46.124851],[-122.972506,46.124829],[-122.972448,46.124839],[-122.972411,46.124881],[-122.972427,46.124922],[-122.97248,46.124942],[-122.972552,46.12493],[-122.972579,46.124892],[-122.972557,46.124851]],[[-122.972871,46.122873],[-122.972947,46.122829],[-122.972947,46.122736],[-122.97292,46.122705],[-122.972701,46.122704],[-122.972684,46.122636],[-122.972635,46.122605],[-122.972501,46.122603],[-122.972449,46.122622],[-122.972431,46.122734],[-122.972459,46.12277],[-122.972679,46.122772],[-122.972718,46.12286],[-122.972871,46.122873]],[[-122.973629,46.123736],[-122.973578,46.123613],[-122.973466,46.123593],[-122.973432,46.123512],[-122.973337,46.123503],[-122.973308,46.123425],[-122.973078,46.123413],[-122.973078,46.123323],[-122.973179,46.123311],[-122.973208,46.123233],[-122.973308,46.123221],[-122.973337,46.123143],[-122.973438,46.123131],[-122.973466,46.123053],[-122.973555,46.123047],[-122.973594,46.123009],[-122.973587,46.122901],[-122.973541,46.122875],[-122.973467,46.122873],[-122.973444,46.122799],[-122.973263,46.122785],[-122.973214,46.122816],[-122.973208,46.122873],[-122.973091,46.122897],[-122.973078,46.122963],[-122.972962,46.122987],[-122.972949,46.123143],[-122.972848,46.123155],[-122.972819,46.123233],[-122.972724,46.123242],[-122.97269,46.123323],[-122.972578,46.123342],[-122.972528,46.123471],[-122.972573,46.123569],[-122.972689,46.123593],[-122.972718,46.12367],[-122.972948,46.123683],[-122.972971,46.123757],[-122.973078,46.123773],[-122.973079,46.123909],[-122.973133,46.12395],[-122.973302,46.123944],[-122.973337,46.123863],[-122.973567,46.123851],[-122.973629,46.123736]],[[-122.972689,46.125843],[-122.972707,46.125798],[-122.972675,46.125762],[-122.972609,46.125753],[-122.972556,46.125773],[-122.97254,46.125814],[-122.972577,46.125856],[-122.972635,46.125866],[-122.972689,46.125843]],[[-122.972869,46.127913],[-122.972943,46.127875],[-122.972929,46.127753],[-122.972817,46.127733],[-122.972811,46.127676],[-122.972769,46.127647],[-122.972586,46.127655],[-122.972558,46.127691],[-122.972576,46.127803],[-122.972687,46.127823],[-122.972691,46.127874],[-122.972728,46.127906],[-122.972869,46.127913]],[[-122.973068,46.125738],[-122.973112,46.12562],[-122.973077,46.125573],[-122.97308,46.125413],[-122.972948,46.125393],[-122.972934,46.125327],[-122.972818,46.125303],[-122.972784,46.125222],[-122.972592,46.125209],[-122.972561,46.125243],[-122.972561,46.125349],[-122.9726,46.125386],[-122.972689,46.125393],[-122.972706,46.125643],[-122.972818,46.125663],[-122.972852,46.125744],[-122.972994,46.125767],[-122.973068,46.125738]],[[-122.974001,46.127238],[-122.973965,46.127123],[-122.973853,46.127103],[-122.973818,46.127022],[-122.973723,46.127013],[-122.973701,46.126939],[-122.973465,46.126923],[-122.973451,46.126857],[-122.973335,46.126833],[-122.973301,46.126752],[-122.973022,46.126729],[-122.972959,46.126754],[-122.972953,46.126889],[-122.972995,46.126919],[-122.973076,46.126923],[-122.973111,46.127004],[-122.973335,46.127013],[-122.973341,46.12707],[-122.97339,46.127101],[-122.973594,46.127103],[-122.973607,46.127169],[-122.973723,46.127193],[-122.973729,46.12725],[-122.973778,46.127281],[-122.973968,46.127274],[-122.974001,46.127238]],[[-122.973724,46.125033],[-122.973813,46.125027],[-122.973852,46.12499],[-122.973851,46.124621],[-122.973799,46.124585],[-122.973658,46.124584],[-122.973604,46.124611],[-122.973595,46.124673],[-122.973466,46.124673],[-122.973466,46.124493],[-122.973582,46.124469],[-122.973595,46.124362],[-122.97354,46.124315],[-122.973391,46.124315],[-122.973342,46.124346],[-122.973336,46.124403],[-122.973255,46.124407],[-122.973213,46.124436],[-122.973207,46.124673],[-122.97309,46.124697],[-122.973081,46.124814],[-122.973125,46.124849],[-122.973207,46.124853],[-122.973241,46.124934],[-122.973336,46.124943],[-122.973364,46.125021],[-122.973465,46.125033],[-122.973469,46.125085],[-122.973506,46.125117],[-122.973683,46.125117],[-122.973721,46.125085],[-122.973724,46.125033]],[[-122.973338,46.122602],[-122.973356,46.122558],[-122.973323,46.122522],[-122.97325,46.122514],[-122.9732,46.122538],[-122.97319,46.122579],[-122.973226,46.122616],[-122.973284,46.122626],[-122.973338,46.122602]],[[-122.973721,46.125895],[-122.973732,46.125778],[-122.973689,46.125755],[-122.973595,46.125753],[-122.973589,46.125696],[-122.973547,46.125667],[-122.973281,46.125649],[-122.973212,46.125683],[-122.973224,46.125823],[-122.973276,46.125843],[-122.973465,46.125843],[-122.973471,46.1259],[-122.973513,46.125929],[-122.973683,46.125927],[-122.973721,46.125895]],[[-122.973396,46.127847],[-122.973546,46.127819],[-122.973588,46.12779],[-122.973571,46.127659],[-122.973516,46.127643],[-122.973228,46.127659],[-122.973205,46.127697],[-122.973228,46.127807],[-122.973396,46.127847]],[[-122.973906,46.123413],[-122.973981,46.123375],[-122.973975,46.123262],[-122.973809,46.12321],[-122.97375,46.123217],[-122.97369,46.123275],[-122.973734,46.123384],[-122.973788,46.123412],[-122.973906,46.123413]],[[-122.974552,46.127103],[-122.974626,46.127065],[-122.974624,46.126957],[-122.974582,46.126927],[-122.9745,46.126923],[-122.974466,46.126842],[-122.974371,46.126833],[-122.974348,46.126759],[-122.974112,46.126743],[-122.974099,46.126677],[-122.973983,46.126653],[-122.973977,46.126596],[-122.973935,46.126567],[-122.973725,46.126579],[-122.973704,46.126619],[-122.973737,46.126719],[-122.973853,46.126743],[-122.973887,46.126824],[-122.973982,46.126833],[-122.974011,46.126911],[-122.974112,46.126923],[-122.97414,46.127001],[-122.974241,46.127013],[-122.974264,46.127087],[-122.974552,46.127103]],[[-122.974112,46.126113],[-122.974106,46.126056],[-122.974064,46.126027],[-122.973921,46.12601],[-122.973859,46.126043],[-122.973862,46.126174],[-122.973908,46.126201],[-122.973983,46.126203],[-122.973988,46.126273],[-122.974043,46.126306],[-122.974194,46.126289],[-122.97424,46.12625],[-122.974228,46.126137],[-122.974112,46.126113]],[[-122.974488,46.123797],[-122.974304,46.123749],[-122.974142,46.123785],[-122.974114,46.123822],[-122.974113,46.123953],[-122.974011,46.123957],[-122.973967,46.123993],[-122.973999,46.124305],[-122.973949,46.124361],[-122.973999,46.124411],[-122.973989,46.124473],[-122.974037,46.124504],[-122.974101,46.124499],[-122.974145,46.124461],[-122.974097,46.124395],[-122.974097,46.124321],[-122.974194,46.124309],[-122.974239,46.124275],[-122.974243,46.124043],[-122.974337,46.124034],[-122.974372,46.123953],[-122.974453,46.123949],[-122.974498,46.123915],[-122.974488,46.123797]],[[-122.974383,46.123582],[-122.974578,46.123604],[-122.974628,46.123568],[-122.97463,46.123457],[-122.974583,46.123417],[-122.974412,46.123406],[-122.974375,46.123438],[-122.974361,46.123514],[-122.974254,46.123514],[-122.974237,46.123433],[-122.974182,46.123401],[-122.974039,46.123415],[-122.97399,46.123446],[-122.973985,46.12355],[-122.974032,46.123589],[-122.974232,46.123582],[-122.974304,46.123617],[-122.974383,46.123582]],[[-122.974161,46.123139],[-122.974441,46.123156],[-122.974496,46.123123],[-122.974479,46.122979],[-122.974243,46.122963],[-122.974237,46.122906],[-122.974188,46.122875],[-122.974007,46.122889],[-122.973984,46.122927],[-122.974007,46.123037],[-122.974113,46.123053],[-122.974119,46.12311],[-122.974161,46.123139]],[[-122.974164,46.124853],[-122.974239,46.124815],[-122.974233,46.124702],[-122.97418,46.124674],[-122.974024,46.124679],[-122.973985,46.124716],[-122.973992,46.124824],[-122.974046,46.124852],[-122.974164,46.124853]],[[-122.974518,46.125173],[-122.974466,46.125042],[-122.974297,46.125035],[-122.974248,46.125066],[-122.974225,46.125173],[-122.974284,46.125212],[-122.974466,46.125211],[-122.974518,46.125173]],[[-122.97659,46.127059],[-122.976571,46.126924],[-122.97666,46.126917],[-122.976699,46.12688],[-122.976688,46.126678],[-122.976571,46.126654],[-122.976565,46.126597],[-122.976523,46.126568],[-122.976312,46.126563],[-122.976295,46.126493],[-122.976183,46.126473],[-122.976149,46.126393],[-122.976054,46.126383],[-122.976025,46.126306],[-122.975924,46.126293],[-122.975896,46.126216],[-122.975795,46.126203],[-122.975766,46.126126],[-122.975536,46.126113],[-122.975513,46.126039],[-122.975407,46.126023],[-122.975393,46.125957],[-122.975277,46.125933],[-122.975249,46.125856],[-122.975148,46.125843],[-122.975139,46.125692],[-122.975093,46.125666],[-122.975018,46.125663],[-122.975019,46.125483],[-122.975266,46.125472],[-122.9753,46.125558],[-122.975407,46.125573],[-122.97542,46.125729],[-122.97559,46.125777],[-122.975666,46.125753],[-122.975917,46.125741],[-122.975944,46.125698],[-122.975911,46.125597],[-122.975795,46.125573],[-122.975789,46.125517],[-122.975747,46.125488],[-122.975536,46.125483],[-122.97553,46.125427],[-122.975488,46.125397],[-122.975288,46.125404],[-122.975255,46.125229],[-122.975148,46.125213],[-122.97513,46.125143],[-122.975019,46.125123],[-122.975006,46.125057],[-122.974889,46.125033],[-122.974855,46.124952],[-122.974665,46.124952],[-122.974632,46.124987],[-122.97463,46.125123],[-122.974596,46.125166],[-122.97463,46.125213],[-122.97463,46.125393],[-122.974556,46.125395],[-122.97451,46.125422],[-122.974501,46.125573],[-122.974406,46.125582],[-122.974371,46.125663],[-122.974255,46.125687],[-122.974234,46.125818],[-122.974276,46.125841],[-122.974371,46.125843],[-122.974394,46.125917],[-122.9745,46.125933],[-122.974518,46.126003],[-122.97463,46.126023],[-122.974664,46.126104],[-122.974759,46.126113],[-122.974788,46.126191],[-122.974889,46.126203],[-122.974911,46.126367],[-122.975277,46.126383],[-122.9753,46.126548],[-122.975536,46.126563],[-122.975553,46.126634],[-122.975665,46.126653],[-122.975683,46.126724],[-122.975794,46.126744],[-122.975812,46.126814],[-122.975924,46.126834],[-122.975937,46.126899],[-122.976053,46.126924],[-122.976088,46.127004],[-122.976312,46.127014],[-122.976325,46.12708],[-122.97639,46.127104],[-122.976557,46.127094],[-122.97659,46.127059]],[[-122.974649,46.126518],[-122.974607,46.126399],[-122.974454,46.126361],[-122.974389,46.12637],[-122.974338,46.126415],[-122.974377,46.12653],[-122.974426,46.126561],[-122.974616,46.126554],[-122.974649,46.126518]],[[-122.974677,46.127729],[-122.974828,46.127746],[-122.974879,46.127718],[-122.974882,46.127587],[-122.974826,46.127554],[-122.974657,46.127558],[-122.974609,46.127604],[-122.974635,46.1277],[-122.974677,46.127729]],[[-122.975164,46.126794],[-122.975134,46.126677],[-122.975018,46.126653],[-122.975015,46.126602],[-122.974977,46.12657],[-122.974809,46.126564],[-122.974748,46.126593],[-122.97476,46.12679],[-122.9748,46.126827],[-122.975113,46.126831],[-122.975164,46.126794]],[[-122.975022,46.123595],[-122.974951,46.123569],[-122.974783,46.123609],[-122.97476,46.123733],[-122.974788,46.123774],[-122.97485,46.123786],[-122.974997,46.123757],[-122.975053,46.123646],[-122.975022,46.123595]],[[-122.976591,46.127413],[-122.976562,46.127312],[-122.976508,46.127285],[-122.976347,46.127293],[-122.97631,46.127374],[-122.976183,46.127373],[-122.976177,46.127317],[-122.976128,46.127286],[-122.975931,46.127296],[-122.975904,46.127339],[-122.975941,46.127444],[-122.976053,46.127464],[-122.976088,46.127544],[-122.976182,46.127554],[-122.976211,46.127631],[-122.976312,46.127644],[-122.976312,46.127824],[-122.975794,46.127823],[-122.975794,46.127692],[-122.975766,46.127656],[-122.975406,46.127643],[-122.975383,46.127479],[-122.975131,46.127456],[-122.975147,46.127247],[-122.975119,46.127206],[-122.974829,46.127194],[-122.974759,46.127242],[-122.974776,46.127353],[-122.974888,46.127373],[-122.974923,46.127454],[-122.975033,46.127471],[-122.975018,46.127589],[-122.97504,46.127627],[-122.975292,46.127651],[-122.975282,46.12779],[-122.975324,46.127819],[-122.975406,46.127823],[-122.975428,46.127898],[-122.975665,46.127914],[-122.975693,46.127991],[-122.975923,46.128004],[-122.975933,46.128065],[-122.975993,46.128093],[-122.976148,46.128084],[-122.976182,46.128004],[-122.9764,46.127997],[-122.976438,46.127965],[-122.976441,46.127914],[-122.976536,46.127911],[-122.976582,46.127884],[-122.976567,46.127592],[-122.976523,46.127558],[-122.976441,46.127552],[-122.976442,46.127464],[-122.976569,46.127447],[-122.976591,46.127413]],[[-122.975407,46.124313],[-122.975524,46.124289],[-122.975533,46.124172],[-122.975482,46.124136],[-122.975333,46.124136],[-122.975284,46.124167],[-122.975278,46.124223],[-122.975162,46.124247],[-122.975148,46.124313],[-122.975032,46.124337],[-122.975031,46.124483],[-122.975094,46.124507],[-122.975243,46.124484],[-122.975278,46.124403],[-122.975394,46.124379],[-122.975407,46.124313]],[[-122.975688,46.127268],[-122.975863,46.127296],[-122.975918,46.127264],[-122.975901,46.127119],[-122.975846,46.127103],[-122.975676,46.127114],[-122.975647,46.127033],[-122.975536,46.127013],[-122.975501,46.126932],[-122.975406,46.126923],[-122.975378,46.126846],[-122.97523,46.12682],[-122.975169,46.126836],[-122.975147,46.126959],[-122.97517,46.126998],[-122.975277,46.127013],[-122.97529,46.127079],[-122.975406,46.127103],[-122.975441,46.127184],[-122.975654,46.127182],[-122.975688,46.127268]],[[-122.976575,46.125035],[-122.976572,46.124812],[-122.976524,46.124768],[-122.976246,46.124765],[-122.976193,46.124792],[-122.976184,46.124853],[-122.975925,46.124853],[-122.975916,46.124702],[-122.97587,46.124676],[-122.975796,46.124673],[-122.975796,46.124583],[-122.975884,46.124577],[-122.975923,46.12454],[-122.975922,46.124442],[-122.97587,46.124406],[-122.975571,46.124412],[-122.975537,46.124452],[-122.975537,46.124583],[-122.97543,46.124599],[-122.975407,46.124673],[-122.975211,46.124674],[-122.975152,46.124712],[-122.975149,46.124818],[-122.975175,46.124854],[-122.975407,46.124853],[-122.975407,46.124943],[-122.975319,46.12495],[-122.975279,46.124987],[-122.975281,46.125085],[-122.975333,46.125121],[-122.975502,46.125114],[-122.975537,46.125033],[-122.975923,46.125033],[-122.975931,46.12509],[-122.97598,46.125121],[-122.976442,46.125124],[-122.976511,46.125148],[-122.976602,46.125097],[-122.976575,46.125035]],[[-122.975793,46.125211],[-122.975742,46.12519],[-122.975684,46.1252],[-122.975647,46.125242],[-122.975663,46.125283],[-122.975716,46.125303],[-122.975788,46.125291],[-122.975815,46.125253],[-122.975793,46.125211]],[[-122.976236,46.124314],[-122.976312,46.12427],[-122.976312,46.124177],[-122.976285,46.124146],[-122.976008,46.12412],[-122.975942,46.12414],[-122.975925,46.124265],[-122.975953,46.124301],[-122.976236,46.124314]],[[-122.976572,46.125524],[-122.976544,46.125483],[-122.976489,46.12547],[-122.976096,46.125485],[-122.976034,46.125539],[-122.976067,46.125639],[-122.976183,46.125664],[-122.976206,46.125738],[-122.976367,46.125767],[-122.976433,46.125738],[-122.976442,46.125664],[-122.976517,46.125661],[-122.976562,46.125635],[-122.976572,46.125524]],[[-122.976435,46.12824],[-122.97646,46.128139],[-122.976421,46.1281],[-122.97623,46.128098],[-122.976184,46.128137],[-122.976188,46.128254],[-122.97625,46.128287],[-122.976393,46.128269],[-122.976435,46.12824]],[[-122.976476,46.126284],[-122.97664,46.126306],[-122.976692,46.126278],[-122.976695,46.126147],[-122.976653,46.126118],[-122.976572,46.126114],[-122.976571,46.125982],[-122.976543,46.125946],[-122.97634,46.125938],[-122.976293,46.125984],[-122.976301,46.126174],[-122.976347,46.126201],[-122.976442,46.126204],[-122.976476,46.126284]],[[-122.976493,46.128724],[-122.976569,46.12868],[-122.976567,46.128492],[-122.976515,46.128456],[-122.976367,46.128456],[-122.976313,46.128497],[-122.976315,46.128685],[-122.976367,46.128721],[-122.976493,46.128724]],[[-122.976618,46.12836],[-122.976762,46.128377],[-122.976817,46.128353],[-122.976826,46.128222],[-122.976774,46.128186],[-122.976626,46.128186],[-122.976574,46.128222],[-122.976574,46.128325],[-122.976618,46.12836]],[[-122.97916,46.126564],[-122.979142,46.126494],[-122.979031,46.126474],[-122.979013,46.126404],[-122.978901,46.126384],[-122.978884,46.126314],[-122.978772,46.126294],[-122.978754,46.126224],[-122.978643,46.126204],[-122.978629,46.126138],[-122.978513,46.126114],[-122.978479,46.126033],[-122.978323,46.126],[-122.978254,46.126024],[-122.977995,46.126024],[-122.977973,46.12595],[-122.977866,46.125934],[-122.977853,46.125688],[-122.977796,46.125664],[-122.977607,46.125664],[-122.977627,46.125444],[-122.9776,46.125407],[-122.977219,46.125394],[-122.977191,46.125316],[-122.97696,46.125304],[-122.976954,46.125247],[-122.976912,46.125218],[-122.976771,46.125214],[-122.976719,46.125233],[-122.976681,46.125338],[-122.976703,46.125377],[-122.976831,46.125394],[-122.976848,46.125464],[-122.97696,46.125484],[-122.976978,46.125554],[-122.977089,46.125574],[-122.977103,46.12564],[-122.977219,46.125664],[-122.977253,46.125745],[-122.977478,46.125754],[-122.977487,46.125995],[-122.977533,46.126021],[-122.977607,46.126024],[-122.977641,46.126105],[-122.977736,46.126114],[-122.977736,46.126204],[-122.977655,46.126208],[-122.97761,46.126242],[-122.977629,46.126381],[-122.977689,46.126398],[-122.977825,46.126377],[-122.977862,46.126346],[-122.977866,46.126294],[-122.977982,46.12627],[-122.977995,46.126204],[-122.978125,46.126204],[-122.978125,46.126294],[-122.978024,46.126306],[-122.977995,46.126384],[-122.9779,46.126393],[-122.977866,46.126474],[-122.977791,46.126476],[-122.977745,46.126502],[-122.97774,46.126706],[-122.977799,46.126743],[-122.977995,46.126744],[-122.978013,46.126814],[-122.978124,46.126834],[-122.978142,46.126904],[-122.978254,46.126924],[-122.978271,46.126994],[-122.978383,46.127014],[-122.978396,46.12708],[-122.978513,46.127104],[-122.978547,46.127185],[-122.978737,46.127185],[-122.978772,46.127104],[-122.978873,46.127092],[-122.978901,46.127014],[-122.979002,46.127002],[-122.979031,46.126924],[-122.979125,46.126915],[-122.97916,46.126834],[-122.979276,46.12681],[-122.979286,46.126602],[-122.979242,46.126568],[-122.97916,46.126564]],[[-122.977625,46.127869],[-122.977603,46.127772],[-122.977565,46.12774],[-122.977348,46.127734],[-122.977347,46.127499],[-122.977308,46.127457],[-122.977123,46.127473],[-122.977089,46.127554],[-122.976959,46.127554],[-122.976954,46.127484],[-122.976899,46.127451],[-122.976735,46.127466],[-122.976689,46.127493],[-122.976709,46.127615],[-122.976755,46.127641],[-122.97683,46.127644],[-122.976858,46.127721],[-122.977088,46.127734],[-122.977094,46.12779],[-122.977144,46.127821],[-122.977336,46.127813],[-122.977351,46.127889],[-122.977387,46.127921],[-122.977592,46.127904],[-122.977625,46.127869]],[[-122.976961,46.128995],[-122.976936,46.12883],[-122.976758,46.128814],[-122.976702,46.12883],[-122.97668,46.12887],[-122.976706,46.12896],[-122.976748,46.12899],[-122.976845,46.129001],[-122.976829,46.129049],[-122.976856,46.129085],[-122.976919,46.129097],[-122.976978,46.129071],[-122.976992,46.129031],[-122.976961,46.128995]],[[-122.97689,46.128016],[-122.977033,46.128001],[-122.977079,46.127975],[-122.977083,46.127857],[-122.977026,46.127825],[-122.976857,46.127828],[-122.97681,46.127874],[-122.976835,46.127984],[-122.97689,46.128016]],[[-122.9774,46.126294],[-122.977476,46.12625],[-122.977476,46.126157],[-122.977443,46.126123],[-122.9771,46.126125],[-122.977048,46.12603],[-122.976906,46.12601],[-122.976843,46.126034],[-122.976831,46.126155],[-122.976865,46.126195],[-122.977078,46.126193],[-122.977095,46.12626],[-122.977144,46.126291],[-122.9774,46.126294]],[[-122.977624,46.127244],[-122.97759,46.12675],[-122.977532,46.12673],[-122.977218,46.126744],[-122.977215,46.126692],[-122.977177,46.12666],[-122.976988,46.126666],[-122.976925,46.126786],[-122.976959,46.126835],[-122.976959,46.126924],[-122.976926,46.126977],[-122.976976,46.127097],[-122.977034,46.127118],[-122.977218,46.127104],[-122.97722,46.12724],[-122.977281,46.127283],[-122.977579,46.12728],[-122.977624,46.127244]],[[-122.977269,46.128724],[-122.977344,46.128685],[-122.977338,46.128572],[-122.977172,46.128521],[-122.977113,46.128527],[-122.977054,46.128586],[-122.977097,46.128695],[-122.977151,46.128723],[-122.977269,46.128724]],[[-122.977865,46.128814],[-122.977859,46.128757],[-122.97781,46.128726],[-122.977402,46.128726],[-122.977353,46.128757],[-122.977347,46.128814],[-122.977252,46.128816],[-122.977206,46.128843],[-122.977221,46.128955],[-122.97728,46.128993],[-122.977476,46.128994],[-122.977489,46.12906],[-122.977606,46.129084],[-122.977634,46.129162],[-122.977811,46.129185],[-122.977863,46.129144],[-122.977865,46.128994],[-122.977953,46.128988],[-122.977994,46.128945],[-122.977981,46.128838],[-122.977865,46.128814]],[[-122.977787,46.128544],[-122.977862,46.128506],[-122.977856,46.128392],[-122.977802,46.128365],[-122.977647,46.12837],[-122.977608,46.128407],[-122.977615,46.128515],[-122.977669,46.128543],[-122.977787,46.128544]],[[-122.977996,46.125484],[-122.978013,46.125434],[-122.977968,46.125398],[-122.977877,46.125405],[-122.977797,46.12537],[-122.977721,46.125412],[-122.977722,46.125449],[-122.977764,46.12548],[-122.977855,46.125473],[-122.977927,46.125508],[-122.977996,46.125484]],[[-122.978272,46.127779],[-122.97824,46.127668],[-122.978124,46.127644],[-122.978121,46.127592],[-122.978083,46.12756],[-122.977915,46.127554],[-122.977854,46.127584],[-122.977874,46.127705],[-122.97792,46.127732],[-122.977995,46.127734],[-122.977998,46.127786],[-122.978036,46.127818],[-122.978233,46.127817],[-122.978272,46.127779]],[[-122.978272,46.129309],[-122.978247,46.129207],[-122.978198,46.129176],[-122.978036,46.129175],[-122.977977,46.129214],[-122.978,46.129334],[-122.978054,46.129366],[-122.978239,46.129344],[-122.978272,46.129309]],[[-122.978383,46.128764],[-122.978315,46.128711],[-122.978137,46.128748],[-122.978124,46.128945],[-122.978158,46.128985],[-122.978307,46.129008],[-122.97837,46.128983],[-122.978383,46.128764]],[[-122.978694,46.127554],[-122.978768,46.127516],[-122.978762,46.127403],[-122.978709,46.127375],[-122.978554,46.12738],[-122.978514,46.127417],[-122.978522,46.127525],[-122.978575,46.127553],[-122.978694,46.127554]],[[-122.978642,46.128634],[-122.978608,46.128671],[-122.978622,46.128711],[-122.978681,46.128737],[-122.978738,46.128728],[-122.97877,46.128694],[-122.978758,46.128645],[-122.978703,46.128621],[-122.978642,46.128634]],[[-122.979548,46.128364],[-122.979547,46.128053],[-122.979513,46.128013],[-122.979289,46.128004],[-122.979228,46.12798],[-122.979159,46.128004],[-122.978901,46.128004],[-122.978832,46.12798],[-122.978747,46.128021],[-122.978784,46.12816],[-122.9789,46.128184],[-122.978881,46.128314],[-122.978914,46.128355],[-122.979159,46.128364],[-122.979163,46.128429],[-122.979199,46.128461],[-122.979418,46.128454],[-122.979453,46.128535],[-122.979622,46.128542],[-122.979674,46.128506],[-122.979674,46.128403],[-122.979629,46.128368],[-122.979548,46.128364]],[[-122.978812,46.128988],[-122.978962,46.129008],[-122.979017,46.128983],[-122.979028,46.128858],[-122.978982,46.128818],[-122.978831,46.128802],[-122.978774,46.128839],[-122.978772,46.128951],[-122.978812,46.128988]],[[-122.979083,46.125754],[-122.979157,46.125716],[-122.979151,46.125603],[-122.978985,46.125551],[-122.978926,46.125558],[-122.978867,46.125616],[-122.978911,46.125726],[-122.978964,46.125753],[-122.979083,46.125754]],[[-122.9796,46.127374],[-122.979655,46.127358],[-122.979677,46.127326],[-122.979677,46.126883],[-122.97963,46.126838],[-122.979487,46.126821],[-122.979425,46.126854],[-122.979419,46.126924],[-122.979222,46.126925],[-122.979169,46.126953],[-122.97916,46.127194],[-122.979126,46.127247],[-122.979166,46.127341],[-122.979208,46.12737],[-122.9796,46.127374]],[[-122.979566,46.125984],[-122.979526,46.12586],[-122.979403,46.125837],[-122.979419,46.125789],[-122.979392,46.125753],[-122.979329,46.125741],[-122.979275,46.125763],[-122.979256,46.125807],[-122.979306,46.125852],[-122.97929,46.125975],[-122.979318,46.126012],[-122.979521,46.12602],[-122.979566,46.125984]],[[-122.979547,46.129754],[-122.979487,46.129702],[-122.979323,46.129723],[-122.979289,46.129763],[-122.979301,46.12987],[-122.979358,46.129894],[-122.979513,46.129885],[-122.979546,46.129851],[-122.979547,46.129754]],[[-122.979804,46.131332],[-122.979752,46.131311],[-122.979694,46.131321],[-122.979657,46.131363],[-122.979673,46.131404],[-122.979726,46.131424],[-122.979798,46.131412],[-122.979825,46.131374],[-122.979804,46.131332]],[[-122.979809,46.129626],[-122.979752,46.12961],[-122.979694,46.129631],[-122.979677,46.129679],[-122.979704,46.129715],[-122.979767,46.129727],[-122.979826,46.129701],[-122.97984,46.129661],[-122.979809,46.129626]],[[-122.984065,46.129061],[-122.984113,46.128947],[-122.984065,46.128839],[-122.983949,46.128815],[-122.983914,46.128734],[-122.983819,46.128725],[-122.983819,46.128504],[-122.983778,46.128461],[-122.98324,46.128441],[-122.983178,46.128475],[-122.983172,46.128545],[-122.983045,46.128545],[-122.983037,46.128488],[-122.982988,46.128457],[-122.982852,46.128431],[-122.982784,46.128455],[-122.982654,46.128455],[-122.982655,46.128185],[-122.982749,46.128176],[-122.982784,46.128095],[-122.982858,46.128092],[-122.982904,46.128066],[-122.98291,46.127863],[-122.982866,46.127829],[-122.982784,46.127825],[-122.982781,46.127773],[-122.982743,46.127741],[-122.982525,46.127735],[-122.982522,46.127683],[-122.982484,46.127651],[-122.982314,46.127649],[-122.982272,46.127678],[-122.982266,46.127735],[-122.98215,46.127759],[-122.982137,46.127825],[-122.982025,46.127844],[-122.982007,46.127915],[-122.981896,46.127934],[-122.981878,46.128005],[-122.981766,46.128024],[-122.981748,46.128095],[-122.981545,46.128097],[-122.981495,46.128128],[-122.981489,46.128184],[-122.981253,46.1282],[-122.98123,46.128274],[-122.981136,46.128284],[-122.981101,46.128364],[-122.98102,46.128369],[-122.980978,46.128398],[-122.980971,46.128634],[-122.98087,46.128647],[-122.980842,46.128724],[-122.980747,46.128734],[-122.980712,46.128814],[-122.980631,46.128819],[-122.980589,46.128848],[-122.980563,46.128939],[-122.980591,46.128982],[-122.980842,46.128995],[-122.980842,46.129174],[-122.980735,46.12919],[-122.980712,46.129264],[-122.980359,46.129273],[-122.980326,46.129308],[-122.980324,46.129396],[-122.980387,46.129443],[-122.980712,46.129444],[-122.980712,46.129534],[-122.980617,46.129544],[-122.980583,46.129624],[-122.980509,46.129627],[-122.980463,46.129653],[-122.980454,46.129756],[-122.980508,46.129802],[-122.980712,46.129804],[-122.980735,46.129879],[-122.980842,46.129895],[-122.980842,46.130074],[-122.980712,46.130074],[-122.980695,46.130004],[-122.980583,46.129984],[-122.98057,46.129918],[-122.980453,46.129894],[-122.980447,46.129838],[-122.980405,46.129808],[-122.979983,46.129808],[-122.979937,46.129848],[-122.979935,46.129984],[-122.979854,46.129988],[-122.979809,46.130023],[-122.979806,46.130164],[-122.979724,46.130168],[-122.97968,46.130203],[-122.979682,46.130401],[-122.979724,46.13043],[-122.979806,46.130434],[-122.97984,46.130515],[-122.979935,46.130524],[-122.979964,46.130602],[-122.980065,46.130614],[-122.980099,46.130695],[-122.980323,46.130704],[-122.980341,46.130775],[-122.980453,46.130794],[-122.980466,46.13086],[-122.980582,46.130884],[-122.980586,46.130936],[-122.980623,46.130968],[-122.980786,46.130972],[-122.980835,46.130941],[-122.980841,46.130885],[-122.980971,46.130885],[-122.980974,46.130936],[-122.981012,46.130968],[-122.98123,46.130975],[-122.981243,46.131041],[-122.981359,46.131065],[-122.981394,46.131145],[-122.98157,46.13115],[-122.981612,46.131121],[-122.981618,46.131065],[-122.981827,46.131064],[-122.98188,46.131044],[-122.981877,46.130885],[-122.981993,46.130861],[-122.982006,46.130753],[-122.981965,46.130711],[-122.981877,46.130705],[-122.981849,46.130627],[-122.981748,46.130615],[-122.981747,46.130483],[-122.981719,46.130447],[-122.981489,46.130435],[-122.981489,46.130345],[-122.981595,46.130329],[-122.981618,46.130255],[-122.981725,46.130239],[-122.981748,46.130165],[-122.981849,46.130152],[-122.981877,46.130075],[-122.981978,46.130062],[-122.982007,46.129985],[-122.982108,46.129972],[-122.982136,46.129895],[-122.982237,46.129882],[-122.982266,46.129805],[-122.982361,46.129796],[-122.982395,46.129715],[-122.982511,46.129691],[-122.982525,46.129175],[-122.982631,46.129159],[-122.982654,46.129085],[-122.982771,46.129061],[-122.982784,46.128995],[-122.982972,46.128995],[-122.983025,46.128975],[-122.983043,46.128725],[-122.983301,46.128725],[-122.983311,46.128876],[-122.983357,46.128903],[-122.983431,46.128905],[-122.983431,46.129126],[-122.983479,46.129171],[-122.983901,46.129171],[-122.983943,46.129142],[-122.983949,46.129085],[-122.984065,46.129061]],[[-122.9801,46.125717],[-122.980061,46.125608],[-122.980025,46.125581],[-122.979849,46.125581],[-122.979811,46.125613],[-122.979808,46.125664],[-122.979733,46.125667],[-122.979687,46.125693],[-122.979687,46.125816],[-122.979733,46.125842],[-122.979807,46.125844],[-122.979811,46.125896],[-122.979849,46.125928],[-122.980027,46.125941],[-122.980065,46.125904],[-122.980067,46.125754],[-122.9801,46.125717]],[[-122.984726,46.127915],[-122.984703,46.127751],[-122.984467,46.127735],[-122.984449,46.127665],[-122.984337,46.127645],[-122.984303,46.127564],[-122.984208,46.127555],[-122.98418,46.127477],[-122.984079,46.127465],[-122.98405,46.127387],[-122.983949,46.127375],[-122.983921,46.127297],[-122.98382,46.127285],[-122.983791,46.127207],[-122.98369,46.127195],[-122.983668,46.127121],[-122.983432,46.127105],[-122.983426,46.127048],[-122.983384,46.127019],[-122.983235,46.127016],[-122.983182,46.127043],[-122.983172,46.127285],[-122.983043,46.127285],[-122.982982,46.127261],[-122.982914,46.127285],[-122.982784,46.127285],[-122.982768,46.127022],[-122.98302,46.126999],[-122.983043,46.126961],[-122.98302,46.126851],[-122.982966,46.126835],[-122.982696,46.126841],[-122.982655,46.126883],[-122.982671,46.127007],[-122.982525,46.127015],[-122.982516,46.126683],[-122.98247,46.126657],[-122.982396,46.126655],[-122.982362,46.126574],[-122.982267,46.126565],[-122.982238,46.126487],[-122.982137,46.126475],[-122.982109,46.126397],[-122.982008,46.126385],[-122.981979,46.126307],[-122.981749,46.126294],[-122.981736,46.126229],[-122.98162,46.126204],[-122.981614,46.126148],[-122.981572,46.126119],[-122.981231,46.126114],[-122.981222,46.125963],[-122.981176,46.125937],[-122.981102,46.125934],[-122.981067,46.125854],[-122.980973,46.125844],[-122.980969,46.125793],[-122.980931,46.125761],[-122.980714,46.125754],[-122.980704,46.125693],[-122.980651,46.125665],[-122.980395,46.125665],[-122.980338,46.125688],[-122.980329,46.125806],[-122.980373,46.12584],[-122.980455,46.125844],[-122.980464,46.125996],[-122.98051,46.126022],[-122.980584,46.126024],[-122.980619,46.126105],[-122.980713,46.126114],[-122.980713,46.126204],[-122.980455,46.126204],[-122.980445,46.126143],[-122.980392,46.126115],[-122.980129,46.126115],[-122.980068,46.126158],[-122.980066,46.126294],[-122.979992,46.126297],[-122.979946,46.126323],[-122.979938,46.126701],[-122.979978,46.126738],[-122.980066,46.126744],[-122.980066,46.126833],[-122.979978,46.126841],[-122.979938,46.126878],[-122.979936,46.12732],[-122.979971,46.127365],[-122.980066,46.127374],[-122.980083,46.127535],[-122.980195,46.127554],[-122.98023,46.127635],[-122.980325,46.127644],[-122.980353,46.127722],[-122.980454,46.127734],[-122.980454,46.127866],[-122.980489,46.127905],[-122.980644,46.127938],[-122.980794,46.12791],[-122.980836,46.127881],[-122.980842,46.127824],[-122.980959,46.1278],[-122.980972,46.127735],[-122.981088,46.12771],[-122.981092,46.127493],[-122.981039,46.127465],[-122.980843,46.127464],[-122.980839,46.127323],[-122.980795,46.127289],[-122.980713,46.127284],[-122.980713,46.127194],[-122.981039,46.127193],[-122.981092,46.127166],[-122.981102,46.127105],[-122.981332,46.127092],[-122.981361,46.127015],[-122.981477,46.126991],[-122.981522,46.126893],[-122.98149,46.126834],[-122.98149,46.126655],[-122.981618,46.126655],[-122.981632,46.126721],[-122.981749,46.126745],[-122.981772,46.126819],[-122.981878,46.126835],[-122.981901,46.126909],[-122.982008,46.126925],[-122.98203,46.126999],[-122.982137,46.127015],[-122.98216,46.127089],[-122.982266,46.127105],[-122.982289,46.127179],[-122.982396,46.127195],[-122.982419,46.127269],[-122.982525,46.127285],[-122.982548,46.127359],[-122.982655,46.127375],[-122.982677,46.127449],[-122.982784,46.127465],[-122.982807,46.127539],[-122.983043,46.127555],[-122.983066,46.127719],[-122.983302,46.127735],[-122.983319,46.127805],[-122.983431,46.127825],[-122.983444,46.127891],[-122.983561,46.127915],[-122.983564,46.127967],[-122.983602,46.127998],[-122.983812,46.127992],[-122.983839,46.127954],[-122.983816,46.127863],[-122.983772,46.127829],[-122.98369,46.127825],[-122.983656,46.127744],[-122.983561,46.127735],[-122.983532,46.127657],[-122.983431,46.127645],[-122.983403,46.127567],[-122.983302,46.127555],[-122.983302,46.127375],[-122.983431,46.127375],[-122.983449,46.127445],[-122.983561,46.127465],[-122.983578,46.127535],[-122.98369,46.127555],[-122.983703,46.127621],[-122.98382,46.127645],[-122.983854,46.127726],[-122.984078,46.127735],[-122.984096,46.127895],[-122.984148,46.127915],[-122.984337,46.127915],[-122.984355,46.127985],[-122.984467,46.128005],[-122.98448,46.128071],[-122.984596,46.128095],[-122.984631,46.128176],[-122.984943,46.128179],[-122.984984,46.128136],[-122.984975,46.127944],[-122.984922,46.127916],[-122.984726,46.127915]],[[-122.980488,46.128502],[-122.980448,46.128398],[-122.980406,46.128368],[-122.980218,46.12838],[-122.980195,46.128454],[-122.980113,46.128458],[-122.980069,46.128493],[-122.980088,46.128708],[-122.980143,46.128724],[-122.980302,46.128709],[-122.980324,46.128634],[-122.980406,46.12863],[-122.980448,46.128601],[-122.980488,46.128502]],[[-122.980988,46.131385],[-122.980961,46.131273],[-122.980908,46.131246],[-122.980625,46.131246],[-122.980563,46.131289],[-122.980588,46.131391],[-122.980645,46.131423],[-122.980943,46.13142],[-122.980988,46.131385]],[[-122.981412,46.127465],[-122.981486,46.127426],[-122.981481,46.127313],[-122.981427,46.127286],[-122.981272,46.127291],[-122.981232,46.127328],[-122.98124,46.127436],[-122.981293,46.127463],[-122.981412,46.127465]],[[-122.981878,46.127105],[-122.981861,46.126944],[-122.981709,46.126911],[-122.981647,46.126924],[-122.98162,46.12696],[-122.981619,46.127105],[-122.981585,46.127152],[-122.981619,46.127195],[-122.981621,46.127331],[-122.98166,46.127368],[-122.981937,46.127374],[-122.981998,46.127346],[-122.982004,46.127143],[-122.98196,46.127109],[-122.981878,46.127105]],[[-122.982299,46.126173],[-122.982258,46.126053],[-122.982204,46.126026],[-122.981941,46.126026],[-122.98188,46.126068],[-122.981882,46.126166],[-122.981941,46.126204],[-122.982137,46.126205],[-122.982228,46.126226],[-122.982299,46.126173]],[[-122.983036,46.130671],[-122.983077,46.130567],[-122.983042,46.130525],[-122.983041,46.130298],[-122.983001,46.130261],[-122.982823,46.130248],[-122.982786,46.13028],[-122.982783,46.130345],[-122.982306,46.130351],[-122.982269,46.130383],[-122.982265,46.130435],[-122.982177,46.130441],[-122.982136,46.130483],[-122.982149,46.130591],[-122.982265,46.130615],[-122.982265,46.130795],[-122.98217,46.130804],[-122.982136,46.130885],[-122.982024,46.130904],[-122.981999,46.13104],[-122.982197,46.131089],[-122.982354,46.131058],[-122.982393,46.131021],[-122.982395,46.130885],[-122.982501,46.130869],[-122.982524,46.130795],[-122.982641,46.130771],[-122.982654,46.130705],[-122.982987,46.130702],[-122.983036,46.130671]],[[-122.982547,46.131409],[-122.982974,46.131438],[-122.983029,46.131414],[-122.983041,46.131294],[-122.983001,46.131251],[-122.982912,46.131245],[-122.98289,46.131171],[-122.982582,46.131155],[-122.982526,46.131171],[-122.982504,46.131211],[-122.982547,46.131409]],[[-122.984466,46.129445],[-122.984541,46.129443],[-122.984587,46.129416],[-122.984587,46.129294],[-122.984533,46.129266],[-122.984337,46.129265],[-122.984324,46.129186],[-122.984247,46.129162],[-122.984106,46.129187],[-122.984078,46.129265],[-122.983962,46.129289],[-122.983948,46.129355],[-122.983842,46.129371],[-122.983819,46.129535],[-122.983701,46.129546],[-122.983709,46.129315],[-122.983676,46.129274],[-122.983312,46.129276],[-122.983288,46.129199],[-122.983172,46.129175],[-122.983169,46.129123],[-122.983131,46.129091],[-122.982825,46.129091],[-122.982784,46.129133],[-122.982801,46.129245],[-122.982913,46.129265],[-122.982919,46.129321],[-122.982968,46.129352],[-122.98329,46.129344],[-122.983324,46.129429],[-122.983431,46.129445],[-122.983446,46.129617],[-122.983172,46.129625],[-122.983168,46.129573],[-122.983131,46.129541],[-122.982996,46.129521],[-122.98294,46.129534],[-122.982913,46.129625],[-122.982831,46.129629],[-122.982789,46.129658],[-122.982799,46.129797],[-122.982702,46.129809],[-122.98266,46.129838],[-122.98267,46.129977],[-122.982534,46.130013],[-122.982513,46.130135],[-122.982582,46.130165],[-122.982733,46.130164],[-122.982787,46.130144],[-122.982803,46.130104],[-122.982768,46.129992],[-122.982904,46.129956],[-122.982913,46.129805],[-122.983172,46.129805],[-122.983175,46.129856],[-122.983213,46.129888],[-122.983397,46.129899],[-122.983431,46.129805],[-122.983512,46.129801],[-122.983554,46.129772],[-122.98356,46.129625],[-122.983679,46.129614],[-122.983751,46.129649],[-122.98383,46.129614],[-122.984078,46.129625],[-122.984081,46.129677],[-122.984119,46.129709],[-122.984296,46.129709],[-122.984335,46.129672],[-122.984337,46.129535],[-122.984444,46.129519],[-122.984466,46.129445]],[[-122.982707,46.130986],[-122.982899,46.130951],[-122.982909,46.130833],[-122.982857,46.130797],[-122.982709,46.130797],[-122.982655,46.130838],[-122.982657,46.13095],[-122.982707,46.130986]],[[-122.983483,46.128365],[-122.983557,46.128327],[-122.983551,46.128213],[-122.983498,46.128186],[-122.983343,46.128191],[-122.983303,46.128228],[-122.983311,46.128336],[-122.983364,46.128364],[-122.983483,46.128365]],[[-122.983724,46.130483],[-122.983683,46.130378],[-122.983641,46.130349],[-122.983493,46.130346],[-122.98344,46.130373],[-122.983431,46.130656],[-122.983471,46.130699],[-122.983627,46.130704],[-122.98368,46.130676],[-122.983689,46.130525],[-122.983724,46.130483]],[[-122.983836,46.131475],[-122.983809,46.131363],[-122.983756,46.131336],[-122.983493,46.131336],[-122.983432,46.131378],[-122.983433,46.131477],[-122.983493,46.131514],[-122.983791,46.131511],[-122.983836,46.131475]],[[-122.983817,46.130073],[-122.983765,46.130051],[-122.983708,46.130061],[-122.98367,46.130104],[-122.983686,46.130144],[-122.983739,46.130165],[-122.983811,46.130152],[-122.983839,46.130114],[-122.983817,46.130073]],[[-122.984336,46.132775],[-122.984308,46.132697],[-122.984077,46.132685],[-122.984071,46.132628],[-122.984022,46.132597],[-122.983731,46.132596],[-122.983672,46.132635],[-122.983711,46.132759],[-122.983818,46.132775],[-122.983824,46.132832],[-122.983866,46.132861],[-122.984077,46.132865],[-122.984083,46.132935],[-122.98413,46.132966],[-122.984395,46.132955],[-122.984448,46.132935],[-122.984456,46.132804],[-122.98441,46.132777],[-122.984336,46.132775]],[[-122.984984,46.130795],[-122.984949,46.130714],[-122.984725,46.130705],[-122.984702,46.130631],[-122.984596,46.130615],[-122.98461,46.13047],[-122.984561,46.130437],[-122.984466,46.130435],[-122.984432,46.130354],[-122.984337,46.130345],[-122.984356,46.130215],[-122.984323,46.130174],[-122.984126,46.130169],[-122.984084,46.130198],[-122.984078,46.130255],[-122.983961,46.130279],[-122.983948,46.130525],[-122.983914,46.130567],[-122.983954,46.130672],[-122.984011,46.130704],[-122.984207,46.130705],[-122.984207,46.130975],[-122.984095,46.130995],[-122.984059,46.13111],[-122.984105,46.131151],[-122.984207,46.131155],[-122.984241,46.131236],[-122.984466,46.131245],[-122.984527,46.131269],[-122.984595,46.131245],[-122.984827,46.131246],[-122.984854,46.13121],[-122.984854,46.131065],[-122.984955,46.131053],[-122.984984,46.130975],[-122.985072,46.130969],[-122.985112,46.130932],[-122.9851,46.130819],[-122.984984,46.130795]],[[-122.984354,46.128235],[-122.984324,46.128119],[-122.984208,46.128095],[-122.984173,46.128014],[-122.984024,46.127991],[-122.983962,46.128016],[-122.983949,46.128226],[-122.983983,46.128266],[-122.984302,46.128273],[-122.984354,46.128235]],[[-122.984889,46.127518],[-122.984838,46.127395],[-122.984726,46.127375],[-122.984708,46.127305],[-122.984596,46.127285],[-122.984583,46.127219],[-122.984467,46.127195],[-122.984432,46.127114],[-122.984149,46.127105],[-122.984092,46.127129],[-122.984092,46.127261],[-122.984208,46.127285],[-122.984243,46.127366],[-122.984337,46.127375],[-122.984366,46.127453],[-122.984467,46.127465],[-122.984495,46.127543],[-122.984596,46.127555],[-122.984631,46.127636],[-122.984777,46.127645],[-122.984832,46.127629],[-122.984889,46.127518]],[[-122.98446,46.131482],[-122.984485,46.13138],[-122.984452,46.131345],[-122.984262,46.131337],[-122.98421,46.131373],[-122.98421,46.131477],[-122.984262,46.131513],[-122.984411,46.131513],[-122.98446,46.131482]],[[-122.9845,46.133576],[-122.984656,46.133598],[-122.984712,46.133574],[-122.984724,46.133459],[-122.98469,46.133414],[-122.984595,46.133405],[-122.984595,46.133315],[-122.984819,46.133306],[-122.984852,46.133272],[-122.984853,46.133184],[-122.984799,46.133137],[-122.984595,46.133135],[-122.984518,46.133111],[-122.984345,46.133164],[-122.984336,46.133315],[-122.984302,46.133368],[-122.984358,46.133479],[-122.984465,46.133495],[-122.9845,46.133576]],[[-122.984469,46.130164],[-122.9845,46.130128],[-122.984485,46.130088],[-122.984427,46.130062],[-122.984364,46.130074],[-122.984337,46.13011],[-122.984354,46.130158],[-122.984412,46.130179],[-122.984469,46.130164]],[[-122.985112,46.128453],[-122.98506,46.128431],[-122.985003,46.128442],[-122.984965,46.128484],[-122.984981,46.128525],[-122.985034,46.128545],[-122.985106,46.128532],[-122.985134,46.128495],[-122.985112,46.128453]],[[-122.985245,46.133947],[-122.985188,46.133922],[-122.985131,46.133932],[-122.98508,46.133977],[-122.985093,46.134022],[-122.985158,46.134058],[-122.985224,46.134049],[-122.985276,46.133998],[-122.985245,46.133947]],[[-122.985624,46.133732],[-122.985665,46.133627],[-122.985621,46.133524],[-122.985575,46.133498],[-122.985501,46.133495],[-122.985466,46.133414],[-122.985372,46.133405],[-122.985349,46.133331],[-122.985294,46.133315],[-122.985135,46.133331],[-122.985118,46.133462],[-122.98516,46.133491],[-122.985242,46.133495],[-122.985276,46.133576],[-122.985371,46.133585],[-122.985393,46.133763],[-122.985454,46.133779],[-122.985589,46.133759],[-122.985624,46.133732]],[[-122.985808,46.133581],[-122.985951,46.133599],[-122.986006,46.133575],[-122.986015,46.133444],[-122.985964,46.133408],[-122.985815,46.133408],[-122.985763,46.133444],[-122.985763,46.133547],[-122.985808,46.133581]],[[-122.986848,46.129895],[-122.98692,46.129862],[-122.986924,46.129759],[-122.986885,46.129722],[-122.986796,46.129715],[-122.986768,46.129638],[-122.986598,46.129601],[-122.986426,46.129645],[-122.986393,46.129771],[-122.986443,46.129803],[-122.986537,46.129805],[-122.986566,46.129883],[-122.986848,46.129895]],[[-122.986925,46.134035],[-122.986928,46.133966],[-122.986875,46.133946],[-122.986806,46.133956],[-122.986782,46.133879],[-122.986666,46.133855],[-122.986631,46.133774],[-122.986477,46.133766],[-122.98642,46.133789],[-122.986413,46.133912],[-122.986455,46.133941],[-122.986536,46.133945],[-122.986571,46.134026],[-122.986784,46.134024],[-122.986856,46.134059],[-122.986925,46.134035]],[[-122.987495,46.129715],[-122.98757,46.129677],[-122.987564,46.129564],[-122.987398,46.129513],[-122.987339,46.129519],[-122.987279,46.129578],[-122.987323,46.129687],[-122.987377,46.129714],[-122.987495,46.129715]]]}},{"type":"Feature","properties":{"id":23,"area_m2":8400,"px":84,"rank":2,"persistent":false},"geometry":{"type":"Polygon","coordinates":[[[-122.990809,46.130706],[-122.990809,46.130976],[-122.990702,46.130992],[-122.990679,46.131066],[-122.990455,46.131075],[-122.990421,46.131156],[-122.99019,46.131168],[-122.990162,46.131246],[-122.990061,46.131258],[-122.990032,46.131336],[-122.989937,46.131345],[-122.989903,46.131426],[-122.989791,46.131445],[-122.989741,46.131548],[-122.989779,46.131662],[-122.989821,46.131692],[-122.990291,46.131696],[-122.990291,46.131966],[-122.989903,46.131966],[-122.989885,46.131895],[-122.989773,46.131876],[-122.989764,46.131814],[-122.989711,46.131787],[-122.989256,46.131786],[-122.989256,46.131606],[-122.989487,46.131607],[-122.989514,46.131571],[-122.989505,46.131454],[-122.989459,46.131428],[-122.989385,46.131426],[-122.98935,46.131345],[-122.989256,46.131336],[-122.989227,46.131258],[-122.989126,46.131246],[-122.989098,46.131168],[-122.988997,46.131155],[-122.988968,46.131078],[-122.988867,46.131065],[-122.988839,46.130988],[-122.988738,46.130975],[-122.988715,46.130901],[-122.988608,46.130885],[-122.988608,46.130796],[-122.988814,46.130807],[-122.988862,46.130776],[-122.988867,46.130706],[-122.988997,46.130706],[-122.988997,46.130886],[-122.988962,46.130933],[-122.98901,46.131042],[-122.989067,46.131065],[-122.989344,46.131059],[-122.989384,46.131022],[-122.989384,46.130929],[-122.989344,46.130892],[-122.989256,46.130886],[-122.989256,46.130796],[-122.989351,46.130786],[-122.989385,46.130706],[-122.989501,46.130682],[-122.989515,46.130526],[-122.989644,46.130526],[-122.989705,46.13055],[-122.989774,46.130526],[-122.989903,46.130526],[-122.989921,46.130596],[-122.990032,46.130616],[-122.990042,46.130677],[-122.990095,46.130705],[-122.990257,46.130697],[-122.990291,46.130616],[-122.990678,46.130616],[-122.990702,46.13069],[-122.990809,46.130706]],[[-122.989678,46.130967],[-122.98985,46.130987],[-122.9899,46.130951],[-122.989894,46.130734],[-122.989833,46.130706],[-122.989556,46.130712],[-122.989516,46.130749],[-122.989524,46.130857],[-122.98957,46.130883],[-122.989644,46.130886],[-122.989678,46.130967]],[[-122.989647,46.131247],[-122.98959,46.131232],[-122.989531,46.131252],[-122.989515,46.131301],[-122.989542,46.131337],[-122.989604,46.131349],[-122.989663,46.131323],[-122.989678,46.131283],[-122.989647,46.131247]],[[-122.990602,46.130886],[-122.990676,46.130847],[-122.990666,46.13073],[-122.99061,46.130706],[-122.990434,46.130715],[-122.990401,46.130762],[-122.990434,46.130862],[-122.990483,46.130885],[-122.990602,46.130886]]]}},{"type":"Feature","properties":{"id":28,"area_m2":6900,"px":69,"rank":3,"persistent":false},"geometry":{"type":"Polygon","coordinates":[[[-122.97877,46.130164],[-122.97877,46.130344],[-122.978675,46.130353],[-122.978641,46.130434],[-122.978559,46.130438],[-122.978515,46.130472],[-122.978511,46.130794],[-122.97843,46.130798],[-122.978385,46.130832],[-122.978382,46.131064],[-122.978252,46.131064],[-122.97823,46.13081],[-122.977994,46.130794],[-122.977978,46.130622],[-122.978075,46.13061],[-122.978117,46.130581],[-122.978123,46.130483],[-122.978095,46.130446],[-122.977922,46.130434],[-122.977866,46.13045],[-122.977844,46.13049],[-122.977864,46.130614],[-122.977605,46.130614],[-122.977602,46.130472],[-122.977557,46.130438],[-122.977476,46.130434],[-122.977453,46.13027],[-122.977088,46.130254],[-122.977088,46.130164],[-122.977304,46.130163],[-122.977361,46.130129],[-122.977333,46.130008],[-122.977217,46.129984],[-122.977217,46.129894],[-122.977252,46.129851],[-122.977217,46.129804],[-122.977217,46.129714],[-122.977347,46.129714],[-122.977408,46.129738],[-122.977464,46.129724],[-122.977511,46.129671],[-122.977476,46.129624],[-122.977476,46.129534],[-122.977606,46.129534],[-122.977619,46.1296],[-122.977735,46.129624],[-122.977738,46.129676],[-122.977776,46.129708],[-122.977994,46.129714],[-122.977994,46.129804],[-122.977912,46.129808],[-122.97787,46.129837],[-122.977868,46.129946],[-122.977927,46.129983],[-122.978123,46.129984],[-122.978124,46.130115],[-122.978158,46.130155],[-122.978511,46.130164],[-122.978572,46.130188],[-122.978641,46.130164],[-122.97877,46.130164]],[[-122.977769,46.130021],[-122.977702,46.12989],[-122.977638,46.129882],[-122.977586,46.129907],[-122.977573,46.129952],[-122.977621,46.129991],[-122.977606,46.130039],[-122.977639,46.130078],[-122.977695,46.130087],[-122.977754,46.130061],[-122.977769,46.130021]]]}},{"type":"Feature","properties":{"id":4,"area_m2":5500,"px":55,"rank":4,"persistent":false},"geometry":{"type":"Polygon","coordinates":[[[-122.985371,46.134845],[-122.985371,46.135025],[-122.985242,46.135025],[-122.985219,46.134951],[-122.985112,46.134935],[-122.985094,46.134775],[-122.984983,46.134755],[-122.98497,46.134689],[-122.984853,46.134665],[-122.984819,46.134584],[-122.984648,46.134564],[-122.9846,46.134595],[-122.98456,46.134718],[-122.984612,46.134825],[-122.984724,46.134845],[-122.984724,46.135025],[-122.984594,46.135025],[-122.984571,46.134951],[-122.984465,46.134935],[-122.98443,46.134854],[-122.984335,46.134845],[-122.984314,46.134668],[-122.98426,46.134651],[-122.984077,46.134665],[-122.984071,46.134428],[-122.984029,46.134399],[-122.983947,46.134395],[-122.983913,46.134314],[-122.983818,46.134305],[-122.983789,46.134227],[-122.983627,46.134191],[-122.983559,46.134215],[-122.9833,46.134215],[-122.983291,46.13414],[-122.983217,46.134111],[-122.983064,46.134141],[-122.983041,46.134215],[-122.982925,46.134239],[-122.982911,46.134305],[-122.982782,46.134305],[-122.982799,46.134075],[-122.982755,46.134039],[-122.982653,46.134035],[-122.982653,46.133945],[-122.982911,46.133945],[-122.982946,46.134026],[-122.983093,46.134035],[-122.983167,46.133997],[-122.983171,46.133855],[-122.9833,46.133855],[-122.983306,46.133925],[-122.98336,46.133957],[-122.983755,46.133944],[-122.983816,46.133902],[-122.983818,46.133765],[-122.983947,46.133765],[-122.98397,46.134019],[-122.984077,46.134035],[-122.984083,46.134092],[-122.984125,46.134121],[-122.984335,46.134125],[-122.984358,46.134289],[-122.984465,46.134305],[-122.984471,46.134362],[-122.984513,46.134391],[-122.984724,46.134395],[-122.984747,46.134469],[-122.984853,46.134485],[-122.984871,46.134555],[-122.984983,46.134575],[-122.985017,46.134656],[-122.985112,46.134665],[-122.985141,46.134743],[-122.985242,46.134755],[-122.98527,46.134833],[-122.985371,46.134845]]]}},{"type":"Feature","properties":{"id":30,"area_m2":4500,"px":45,"rank":5,"persistent":false},"geometry":{"type":"Polygon","coordinates":[[[-122.976829,46.129714],[-122.976829,46.129804],[-122.976734,46.129806],[-122.976685,46.129838],[-122.976699,46.129984],[-122.976593,46.129999],[-122.97657,46.130074],[-122.976366,46.130076],[-122.976317,46.130107],[-122.976311,46.130164],[-122.976181,46.130164],[-122.976159,46.130089],[-122.976052,46.130073],[-122.976052,46.129942],[-122.976024,46.129906],[-122.975862,46.129869],[-122.975793,46.129893],[-122.975664,46.129893],[-122.975642,46.129716],[-122.975589,46.1297],[-122.975405,46.129713],[-122.975382,46.129639],[-122.975276,46.129623],[-122.975274,46.129397],[-122.975235,46.12936],[-122.975146,46.129353],[-122.975146,46.129263],[-122.975276,46.129263],[-122.975293,46.129334],[-122.975405,46.129353],[-122.97544,46.129434],[-122.975534,46.129443],[-122.975557,46.129518],[-122.975717,46.129557],[-122.975793,46.129534],[-122.976045,46.129521],[-122.976072,46.129483],[-122.976052,46.129354],[-122.976311,46.129354],[-122.976334,46.129428],[-122.976441,46.129444],[-122.976458,46.129514],[-122.97657,46.129534],[-122.976604,46.129615],[-122.976699,46.129624],[-122.976728,46.129701],[-122.976829,46.129714]]]}},{"type":"Feature","properties":{"id":1,"area_m2":4200,"px":42,"rank":6,"persistent":false},"geometry":{"type":"Polygon","coordinates":[[[-122.986924,46.135565],[-122.986924,46.135745],[-122.986829,46.135754],[-122.986795,46.135835],[-122.986713,46.135839],[-122.986669,46.135874],[-122.986665,46.136015],[-122.986631,46.136058],[-122.986665,46.136105],[-122.986665,46.136195],[-122.986441,46.136204],[-122.986407,46.136244],[-122.986406,46.136375],[-122.986277,46.136375],[-122.986297,46.136156],[-122.986263,46.136115],[-122.98563,46.136105],[-122.985629,46.135974],[-122.985595,46.135934],[-122.985371,46.135925],[-122.985365,46.135869],[-122.985316,46.135838],[-122.985112,46.135835],[-122.985099,46.135769],[-122.984982,46.135745],[-122.984977,46.135688],[-122.984934,46.135659],[-122.984724,46.135655],[-122.984741,46.135425],[-122.984696,46.135389],[-122.984594,46.135385],[-122.984594,46.135295],[-122.984853,46.135295],[-122.984856,46.135347],[-122.984894,46.135379],[-122.985112,46.135385],[-122.985135,46.135459],[-122.985241,46.135475],[-122.985276,46.135556],[-122.985371,46.135565],[-122.985388,46.135725],[-122.9855,46.135745],[-122.985518,46.135815],[-122.98563,46.135835],[-122.985647,46.135906],[-122.985759,46.135925],[-122.985768,46.135987],[-122.985822,46.136014],[-122.985984,46.136006],[-122.986018,46.135925],[-122.986147,46.135925],[-122.986216,46.135949],[-122.986358,46.135921],[-122.986401,46.135892],[-122.986407,46.135835],[-122.986624,46.135829],[-122.986664,46.135792],[-122.986666,46.135655],[-122.986772,46.13564],[-122.986795,46.135565],[-122.986924,46.135565]]]}},{"type":"Feature","properties":{"id":45,"area_m2":3300,"px":33,"rank":7,"persistent":false},"geometry":{"type":"Polygon","coordinates":[[[-122.971267,46.120892],[-122.971265,46.120982],[-122.971008,46.120982],[-122.970981,46.120891],[-122.970926,46.120878],[-122.97087,46.120897],[-122.970844,46.12094],[-122.970895,46.12099],[-122.970879,46.121162],[-122.970772,46.121178],[-122.970749,46.121252],[-122.97062,46.121252],[-122.970614,46.121182],[-122.970567,46.121151],[-122.970361,46.121162],[-122.970361,46.121072],[-122.970462,46.12106],[-122.970491,46.120982],[-122.970585,46.120973],[-122.97062,46.120892],[-122.970732,46.120872],[-122.970767,46.120752],[-122.970707,46.120713],[-122.970491,46.120712],[-122.970482,46.120471],[-122.970436,46.120444],[-122.970361,46.120442],[-122.970327,46.120361],[-122.970232,46.120352],[-122.970204,46.120274],[-122.970103,46.120262],[-122.970074,46.120184],[-122.969973,46.120172],[-122.969973,46.120082],[-122.970362,46.120082],[-122.970423,46.120106],[-122.970491,46.120082],[-122.97062,46.120082],[-122.97062,46.120262],[-122.970586,46.12031],[-122.970629,46.120414],[-122.970675,46.12044],[-122.97075,46.120442],[-122.970784,46.120523],[-122.970879,46.120532],[-122.970902,46.120696],[-122.971008,46.120712],[-122.971021,46.120778],[-122.971138,46.120802],[-122.971166,46.12088],[-122.971267,46.120892]]]}},{"type":"Feature","properties":{"id":56,"area_m2":3300,"px":33,"rank":8,"persistent":false},"geometry":{"type":"Polygon","coordinates":[[[-122.955093,46.115757],[-122.955093,46.116027],[-122.954981,46.116047],[-122.954929,46.116154],[-122.954963,46.116207],[-122.954963,46.116297],[-122.954704,46.116297],[-122.954643,46.116273],[-122.954575,46.116297],[-122.954386,46.116297],[-122.954325,46.116325],[-122.954316,46.116387],[-122.954057,46.116387],[-122.954057,46.116297],[-122.954092,46.116254],[-122.954057,46.116207],[-122.954057,46.116117],[-122.954164,46.116101],[-122.954187,46.116027],[-122.954288,46.116014],[-122.954316,46.115937],[-122.954411,46.115928],[-122.954446,46.115847],[-122.954558,46.115827],[-122.954575,46.115757],[-122.954834,46.115757],[-122.954895,46.115781],[-122.954964,46.115757],[-122.955093,46.115757]]]}},{"type":"Feature","properties":{"id":22,"area_m2":1900,"px":19,"rank":9,"persistent":false},"geometry":{"type":"Polygon","coordinates":[[[-122.979158,46.131514],[-122.979158,46.131604],[-122.979063,46.131607],[-122.979014,46.131639],[-122.979029,46.131784],[-122.97894,46.131791],[-122.978901,46.131828],[-122.978905,46.131931],[-122.978947,46.13196],[-122.979029,46.131964],[-122.979028,46.132054],[-122.97877,46.132054],[-122.978769,46.131909],[-122.978737,46.13187],[-122.978511,46.131874],[-122.978507,46.131822],[-122.97847,46.13179],[-122.978252,46.131784],[-122.978252,46.131694],[-122.978448,46.131693],[-122.978502,46.131666],[-122.978546,46.131562],[-122.978511,46.131514],[-122.978511,46.131424],[-122.97864,46.131424],[-122.97865,46.131486],[-122.978703,46.131513],[-122.979158,46.131514]]]}},{"type":"Feature","properties":{"id":3,"area_m2":1800,"px":18,"rank":10,"persistent":false},"geometry":{"type":"Polygon","coordinates":[[[-122.987313,46.134395],[-122.987313,46.134575],[-122.987218,46.134585],[-122.987184,46.134629],[-122.987197,46.134731],[-122.987313,46.134755],[-122.987313,46.134935],[-122.987218,46.134945],[-122.987183,46.134989],[-122.987197,46.135091],[-122.987313,46.135115],[-122.987313,46.135295],[-122.987183,46.135295],[-122.987161,46.135221],[-122.987054,46.135205],[-122.987036,46.134955],[-122.986984,46.134936],[-122.986795,46.134935],[-122.986795,46.134755],[-122.986896,46.134743],[-122.986925,46.134665],[-122.98702,46.134656],[-122.987054,46.134575],[-122.987166,46.134556],[-122.987184,46.134395],[-122.987313,46.134395]]]}},{"type":"Feature","properties":{"id":9,"area_m2":1800,"px":18,"rank":11,"persistent":false},"geometry":{"type":"Polygon","coordinates":[[[-122.989773,46.133586],[-122.989773,46.133766],[-122.989537,46.133781],[-122.989514,46.133946],[-122.989255,46.133946],[-122.989237,46.133785],[-122.989185,46.133766],[-122.988996,46.133766],[-122.988983,46.13361],[-122.988867,46.133586],[-122.988832,46.133505],[-122.988737,46.133495],[-122.988737,46.133406],[-122.988826,46.133399],[-122.988865,46.133362],[-122.988867,46.133046],[-122.988996,46.133046],[-122.988977,46.133451],[-122.989024,46.133491],[-122.989126,46.133496],[-122.989126,46.133627],[-122.989154,46.133663],[-122.989384,46.133676],[-122.989461,46.133699],[-122.989615,46.133663],[-122.989644,46.133586],[-122.989773,46.133586]]]}},{"type":"Feature","properties":{"id":34,"area_m2":1800,"px":18,"rank":12,"persistent":false},"geometry":{"type":"Polygon","coordinates":[[[-122.99068,46.129266],[-122.99068,46.129446],[-122.990421,46.129446],[-122.990438,46.129305],[-122.990394,46.12927],[-122.990292,46.129266],[-122.990274,46.129105],[-122.990162,46.129086],[-122.990128,46.129005],[-122.990033,46.128996],[-122.990004,46.128918],[-122.989903,46.128906],[-122.989875,46.128828],[-122.989774,46.128816],[-122.989745,46.128738],[-122.989644,46.128726],[-122.989644,46.128546],[-122.989774,46.128546],[-122.989787,46.128612],[-122.989903,46.128636],[-122.989907,46.128687],[-122.989944,46.128719],[-122.990162,46.128726],[-122.990175,46.128882],[-122.990291,46.128906],[-122.990326,46.128987],[-122.990421,46.128996],[-122.990444,46.12916],[-122.99055,46.129176],[-122.990585,46.129257],[-122.99068,46.129266]]]}},{"type":"Feature","properties":{"id":35,"area_m2":1700,"px":17,"rank":13,"persistent":false},"geometry":{"type":"Polygon","coordinates":[[[-122.989774,46.129266],[-122.989774,46.129356],[-122.989667,46.129371],[-122.989644,46.129446],[-122.989515,46.129446],[-122.989492,46.129371],[-122.989385,46.129355],[-122.989385,46.129044],[-122.989357,46.129008],[-122.988997,46.128995],[-122.988936,46.128971],[-122.988868,46.128995],[-122.988609,46.128995],[-122.988609,46.128906],[-122.988827,46.128899],[-122.988864,46.128867],[-122.988868,46.128816],[-122.989256,46.128816],[-122.989259,46.128867],[-122.989297,46.128899],[-122.989515,46.128906],[-122.989524,46.129147],[-122.98957,46.129173],[-122.989644,46.129176],[-122.989679,46.129256],[-122.989774,46.129266]]]}},{"type":"Feature","properties":{"id":48,"area_m2":1700,"px":17,"rank":14,"persistent":false},"geometry":{"type":"Polygon","coordinates":[[[-122.969843,46.120892],[-122.969843,46.120982],[-122.969586,46.120982],[-122.969579,46.120912],[-122.969531,46.120881],[-122.969196,46.120892],[-122.969187,46.12074],[-122.969141,46.120714],[-122.969067,46.120712],[-122.969067,46.120442],[-122.969196,46.120442],[-122.969202,46.120498],[-122.969252,46.120529],[-122.969455,46.120532],[-122.969478,46.120606],[-122.969585,46.120622],[-122.969619,46.120703],[-122.969714,46.120712],[-122.969732,46.120872],[-122.969843,46.120892]]]}},{"type":"Feature","properties":{"id":10,"area_m2":1600,"px":16,"rank":15,"persistent":false},"geometry":{"type":"Polygon","coordinates":[[[-122.982653,46.133405],[-122.982653,46.133585],[-122.982523,46.133585],[-122.982489,46.133504],[-122.982334,46.133495],[-122.982274,46.133523],[-122.982264,46.133585],[-122.982183,46.133589],[-122.982141,46.133618],[-122.982153,46.133745],[-122.982205,46.133764],[-122.982394,46.133765],[-122.982394,46.133855],[-122.982005,46.133855],[-122.981983,46.133781],[-122.981876,46.133765],[-122.981876,46.133585],[-122.98195,46.133582],[-122.981996,46.133556],[-122.982006,46.133405],[-122.982223,46.133398],[-122.982261,46.133366],[-122.982266,46.133315],[-122.982394,46.133315],[-122.9824,46.133371],[-122.982449,46.133402],[-122.982653,46.133405]]]}},{"type":"Feature","properties":{"id":17,"area_m2":1400,"px":14,"rank":16,"persistent":false},"geometry":{"type":"Polygon","coordinates":[[[-122.986148,46.131875],[-122.986148,46.131965],[-122.986067,46.131969],[-122.986022,46.132004],[-122.986019,46.132145],[-122.985808,46.132149],[-122.985766,46.132179],[-122.98576,46.132235],[-122.985686,46.132238],[-122.98564,46.132264],[-122.985634,46.132467],[-122.985679,46.132501],[-122.98576,46.132505],[-122.98576,46.132594],[-122.985631,46.132595],[-122.985608,46.132521],[-122.985501,46.132505],[-122.985501,46.132055],[-122.985576,46.132053],[-122.985622,46.132027],[-122.985631,46.131875],[-122.98576,46.131875],[-122.985769,46.13195],[-122.985835,46.131979],[-122.985991,46.131953],[-122.986019,46.131875],[-122.986148,46.131875]]]}},{"type":"Feature","properties":{"id":12,"area_m2":1100,"px":11,"rank":17,"persistent":false},"geometry":{"type":"Polygon","coordinates":[[[-122.993268,46.132596],[-122.993268,46.132866],[-122.993194,46.132868],[-122.993148,46.132894],[-122.993139,46.133046],[-122.993009,46.133046],[-122.992987,46.132972],[-122.99288,46.132956],[-122.99288,46.132686],[-122.992987,46.13267],[-122.99301,46.132596],[-122.993268,46.132596]]]}},{"type":"Feature","properties":{"id":13,"area_m2":1100,"px":11,"rank":18,"persistent":false},"geometry":{"type":"Polygon","coordinates":[[[-122.982394,46.132505],[-122.982394,46.132595],[-122.982299,46.132604],[-122.982265,46.132685],[-122.982153,46.132704],[-122.982135,46.132865],[-122.982028,46.132881],[-122.982006,46.132955],[-122.981617,46.132955],[-122.981617,46.132775],[-122.981965,46.132768],[-122.982004,46.132731],[-122.982006,46.132595],[-122.98221,46.132592],[-122.982259,46.132561],[-122.982265,46.132505],[-122.982394,46.132505]]]}},{"type":"Feature","properties":{"id":41,"area_m2":1100,"px":11,"rank":19,"persistent":false},"geometry":{"type":"Polygon","coordinates":[[[-122.980325,46.125124],[-122.980325,46.125304],[-122.97987,46.125305],[-122.979817,46.125333],[-122.979808,46.125394],[-122.979678,46.125394],[-122.979678,46.125304],[-122.979713,46.125262],[-122.979678,46.125214],[-122.979678,46.125034],[-122.979882,46.125032],[-122.979931,46.125001],[-122.979937,46.124944],[-122.980067,46.124944],[-122.980067,46.125034],[-122.979985,46.125038],[-122.979941,46.125073],[-122.97996,46.125198],[-122.980141,46.125212],[-122.98019,46.125181],[-122.980196,46.125124],[-122.980325,46.125124]]]}},{"type":"Feature","properties":{"id":37,"area_m2":1000,"px":10,"rank":20,"persistent":false},"geometry":{"type":"Polygon","coordinates":[[[-122.982136,46.128635],[-122.982136,46.128815],[-122.982007,46.128815],[-122.981946,46.128791],[-122.981878,46.128815],[-122.981748,46.128815],[-122.981748,46.128725],[-122.981783,46.128677],[-122.98172,46.128557],[-122.981535,46.128522],[-122.981383,46.12856],[-122.98136,46.128634],[-122.981232,46.128635],[-122.981231,46.128545],[-122.981305,46.128542],[-122.981351,46.128516],[-122.98136,46.128365],[-122.981619,46.128365],[-122.981636,46.128435],[-122.981748,46.128455],[-122.981783,46.128535],[-122.981878,46.128545],[-122.981906,46.128622],[-122.982136,46.128635]]]}},{"type":"Feature","properties":{"id":36,"area_m2":900,"px":9,"rank":21,"persistent":false},"geometry":{"type":"Polygon","coordinates":[[[-122.974887,46.129083],[-122.974887,46.129173],[-122.974781,46.129189],[-122.974758,46.129263],[-122.974629,46.129263],[-122.974606,46.129189],[-122.974499,46.129173],[-122.974499,46.129083],[-122.974534,46.129035],[-122.97449,46.128932],[-122.974444,46.128906],[-122.97437,46.128903],[-122.974335,46.128822],[-122.97424,46.128813],[-122.974212,46.128735],[-122.974111,46.128723],[-122.974111,46.128633],[-122.97424,46.128633],[-122.974263,46.128707],[-122.97437,46.128723],[-122.974387,46.128793],[-122.974499,46.128813],[-122.974534,46.128894],[-122.974628,46.128903],[-122.974657,46.128981],[-122.974758,46.128993],[-122.974786,46.129071],[-122.974887,46.129083]]]}},{"type":"Feature","properties":{"id":55,"area_m2":900,"px":9,"rank":22,"persistent":false},"geometry":{"type":"Polygon","coordinates":[[[-122.957422,46.116208],[-122.957422,46.116388],[-122.957315,46.116404],[-122.957292,46.116478],[-122.957034,46.116478],[-122.957011,46.116404],[-122.956904,46.116388],[-122.956904,46.116298],[-122.957011,46.116282],[-122.957034,46.116208],[-122.957422,46.116208]]]}},{"type":"Feature","properties":{"id":6,"area_m2":800,"px":8,"rank":23,"persistent":false},"geometry":{"type":"Polygon","coordinates":[[[-122.983559,46.134575],[-122.983559,46.134665],[-122.98317,46.134665],[-122.983148,46.134591],[-122.983041,46.134575],[-122.983041,46.134485],[-122.983148,46.134469],[-122.98317,46.134395],[-122.983429,46.134395],[-122.983438,46.134546],[-122.983484,46.134573],[-122.983559,46.134575]]]}},{"type":"Feature","properties":{"id":21,"area_m2":800,"px":8,"rank":24,"persistent":false},"geometry":{"type":"Polygon","coordinates":[[[-122.981877,46.131695],[-122.981877,46.131785],[-122.981782,46.131794],[-122.981747,46.131875],[-122.981666,46.131879],[-122.981624,46.131908],[-122.981618,46.132145],[-122.981359,46.132145],[-122.981359,46.132055],[-122.981447,46.132048],[-122.981487,46.132011],[-122.981488,46.131785],[-122.981595,46.131769],[-122.981618,46.131695],[-122.981877,46.131695]]]}},{"type":"Feature","properties":{"id":32,"area_m2":800,"px":8,"rank":25,"persistent":false},"geometry":{"type":"Polygon","coordinates":[[[-122.985243,46.129445],[-122.985243,46.129625],[-122.985141,46.129629],[-122.985095,46.12967],[-122.985113,46.129895],[-122.984984,46.129895],[-122.984975,46.129744],[-122.984929,46.129717],[-122.984855,46.129715],[-122.984855,46.129535],[-122.984961,46.129519],[-122.984984,46.129445],[-122.985243,46.129445]]]}},{"type":"Feature","properties":{"id":47,"area_m2":800,"px":8,"rank":26,"persistent":false},"geometry":{"type":"Polygon","coordinates":[[[-122.96842,46.120802],[-122.96842,46.120891],[-122.968338,46.120896],[-122.968294,46.12093],[-122.96829,46.121071],[-122.968184,46.121087],[-122.968161,46.121161],[-122.968031,46.121161],[-122.968009,46.121087],[-122.967902,46.121071],[-122.967902,46.120981],[-122.968009,46.120966],[-122.968032,46.120892],[-122.968148,46.120867],[-122.968161,46.120802],[-122.96842,46.120802]]]}},{"type":"Feature","properties":{"id":24,"area_m2":700,"px":7,"rank":27,"persistent":false},"geometry":{"type":"Polygon","coordinates":[[[-122.978123,46.131154],[-122.978123,46.131334],[-122.978048,46.131336],[-122.978002,46.131363],[-122.977973,46.131548],[-122.978014,46.131597],[-122.978122,46.131604],[-122.978122,46.131694],[-122.977864,46.131694],[-122.977841,46.13162],[-122.977734,46.131604],[-122.977734,46.131514],[-122.977809,46.131512],[-122.977855,46.131485],[-122.977864,46.131334],[-122.977945,46.13133],[-122.97799,46.131296],[-122.977993,46.131154],[-122.978123,46.131154]]]}},{"type":"Feature","properties":{"id":44,"area_m2":700,"px":7,"rank":28,"persistent":false},"geometry":{"type":"Polygon","coordinates":[[[-122.971914,46.122153],[-122.971914,46.122242],[-122.971267,46.122242],[-122.971267,46.122152],[-122.971484,46.122146],[-122.971522,46.122114],[-122.971525,46.122062],[-122.971784,46.122063],[-122.971807,46.122137],[-122.971914,46.122153]]]}},{"type":"Feature","properties":{"id":18,"area_m2":600,"px":6,"rank":29,"persistent":false},"geometry":{"type":"Polygon","coordinates":[[[-122.981747,46.132325],[-122.981747,46.132505],[-122.981618,46.132505],[-122.981556,46.132481],[-122.981488,46.132505],[-122.981359,46.132505],[-122.981359,46.132235],[-122.981488,46.132235],[-122.981494,46.132291],[-122.981543,46.132322],[-122.981747,46.132325]]]}},{"type":"Feature","properties":{"id":20,"area_m2":600,"px":6,"rank":30,"persistent":false},"geometry":{"type":"Polygon","coordinates":[[[-122.987184,46.131965],[-122.987184,46.132145],[-122.987077,46.132161],[-122.987055,46.132235],[-122.986796,46.132235],[-122.986796,46.132145],[-122.986877,46.132141],[-122.986922,46.132107],[-122.986925,46.131965],[-122.987184,46.131965]]]}},{"type":"Feature","properties":{"id":27,"area_m2":600,"px":6,"rank":31,"persistent":false},"geometry":{"type":"Polygon","coordinates":[[[-122.986667,46.130795],[-122.986666,46.130975],[-122.986592,46.130978],[-122.986546,46.131004],[-122.986537,46.131155],[-122.986408,46.131155],[-122.986404,46.131014],[-122.98636,46.130979],[-122.986278,46.130975],[-122.986278,46.130885],[-122.986482,46.130883],[-122.986531,46.130852],[-122.986537,46.130795],[-122.986667,46.130795]]]}},{"type":"Feature","properties":{"id":31,"area_m2":600,"px":6,"rank":32,"persistent":false},"geometry":{"type":"Polygon","coordinates":[[[-122.988867,46.129806],[-122.988867,46.129895],[-122.988609,46.129895],[-122.988595,46.129829],[-122.988531,46.129805],[-122.988384,46.129815],[-122.98835,46.129895],[-122.98822,46.129895],[-122.98822,46.129716],[-122.988608,46.129716],[-122.988612,46.129767],[-122.98865,46.129799],[-122.988867,46.129806]]]}},{"type":"Feature","properties":{"id":33,"area_m2":600,"px":6,"rank":33,"persistent":false},"geometry":{"type":"Polygon","coordinates":[[[-122.981489,46.129175],[-122.981489,46.129264],[-122.981394,46.129274],[-122.98136,46.129319],[-122.981373,46.129421],[-122.981489,46.129445],[-122.981489,46.129534],[-122.98136,46.129534],[-122.981337,46.12946],[-122.98123,46.129444],[-122.981213,46.129284],[-122.981101,46.129264],[-122.981066,46.129184],[-122.980971,46.129174],[-122.980971,46.129085],[-122.981101,46.129085],[-122.981124,46.129159],[-122.981276,46.129197],[-122.98136,46.129175],[-122.981489,46.129175]]]}},{"type":"Feature","properties":{"id":39,"area_m2":600,"px":6,"rank":34,"persistent":false},"geometry":{"type":"Polygon","coordinates":[[[-122.980713,46.127014],[-122.980713,46.127104],[-122.980509,46.127107],[-122.98046,46.127138],[-122.980454,46.127194],[-122.980325,46.127194],[-122.980325,46.126924],[-122.980584,46.126924],[-122.980607,46.126999],[-122.980713,46.127014]]]}},{"type":"Feature","properties":{"id":50,"area_m2":600,"px":6,"rank":35,"persistent":false},"geometry":{"type":"Polygon","coordinates":[[[-122.968939,46.118642],[-122.968939,46.118822],[-122.968864,46.118824],[-122.968818,46.11885],[-122.968809,46.119002],[-122.96855,46.119001],[-122.96855,46.118912],[-122.968632,46.118907],[-122.968676,46.118873],[-122.96868,46.118732],[-122.968787,46.118716],[-122.968809,46.118642],[-122.968939,46.118642]]]}},{"type":"Feature","properties":{"id":59,"area_m2":600,"px":6,"rank":36,"persistent":false},"geometry":{"type":"Polygon","coordinates":[[[-122.964671,46.11423],[-122.96467,46.1145],[-122.964541,46.1145],[-122.964518,46.114426],[-122.964412,46.11441],[-122.964412,46.11414],[-122.964541,46.11414],[-122.964564,46.114214],[-122.964671,46.11423]]]}},{"type":"Feature","properties":{"id":2,"area_m2":500,"px":5,"rank":37,"persistent":false},"geometry":{"type":"Polygon","coordinates":[[[-122.990161,46.134936],[-122.990161,46.135206],[-122.990054,46.135222],[-122.990031,46.135296],[-122.989915,46.13532],[-122.989902,46.135386],[-122.989773,46.135386],[-122.989773,46.135296],[-122.989868,46.135287],[-122.989902,46.135206],[-122.989984,46.135202],[-122.990026,46.135172],[-122.990032,46.134936],[-122.990161,46.134936]]]}},{"type":"Feature","properties":{"id":8,"area_m2":500,"px":5,"rank":38,"persistent":false},"geometry":{"type":"Polygon","coordinates":[[[-122.987831,46.134126],[-122.987831,46.134395],[-122.987701,46.134395],[-122.987679,46.134321],[-122.987572,46.134305],[-122.987572,46.134126],[-122.987831,46.134126]]]}},{"type":"Feature","properties":{"id":11,"area_m2":500,"px":5,"rank":39,"persistent":false},"geometry":{"type":"Polygon","coordinates":[[[-122.989514,46.133046],[-122.989514,46.133226],[-122.98929,46.133235],[-122.989256,46.133274],[-122.989255,46.133406],[-122.989126,46.133406],[-122.989126,46.133226],[-122.989232,46.13321],[-122.989255,46.133136],[-122.989372,46.133112],[-122.989385,46.133046],[-122.989514,46.133046]]]}},{"type":"Feature","properties":{"id":26,"area_m2":500,"px":5,"rank":40,"persistent":false},"geometry":{"type":"Polygon","coordinates":[[[-122.988738,46.131156],[-122.988738,46.131425],[-122.988608,46.131425],[-122.988599,46.131274],[-122.988553,46.131248],[-122.988479,46.131245],[-122.988479,46.131066],[-122.988608,46.131066],[-122.988631,46.13114],[-122.988738,46.131156]]]}},{"type":"Feature","properties":{"id":14,"area_m2":400,"px":4,"rank":41,"persistent":false},"geometry":{"type":"Polygon","coordinates":[[[-122.99275,46.132596],[-122.99275,46.132776],[-122.992492,46.132776],[-122.992492,46.132596],[-122.99275,46.132596]]]}},{"type":"Feature","properties":{"id":15,"area_m2":400,"px":4,"rank":42,"persistent":false},"geometry":{"type":"Polygon","coordinates":[[[-122.993786,46.132416],[-122.993786,46.132596],[-122.993679,46.132612],[-122.993657,46.132686],[-122.993527,46.132686],[-122.993527,46.132506],[-122.993634,46.13249],[-122.993657,46.132416],[-122.993786,46.132416]]]}},{"type":"Feature","properties":{"id":25,"area_m2":400,"px":4,"rank":43,"persistent":false},"geometry":{"type":"Polygon","coordinates":[[[-122.986407,46.131515],[-122.986407,46.131605],[-122.986149,46.131605],[-122.986126,46.131531],[-122.986019,46.131515],[-122.986019,46.131425],[-122.986278,46.131425],[-122.986301,46.131499],[-122.986407,46.131515]]]}},{"type":"Feature","properties":{"id":38,"area_m2":400,"px":4,"rank":44,"persistent":false},"geometry":{"type":"Polygon","coordinates":[[[-122.972558,46.127193],[-122.972558,46.127373],[-122.972429,46.127373],[-122.972406,46.127299],[-122.972299,46.127283],[-122.9723,46.127103],[-122.972429,46.127103],[-122.972452,46.127177],[-122.972558,46.127193]]]}},{"type":"Feature","properties":{"id":42,"area_m2":400,"px":4,"rank":45,"persistent":false},"geometry":{"type":"Polygon","coordinates":[[[-122.97243,46.124133],[-122.97243,46.124313],[-122.972172,46.124313],[-122.972172,46.124133],[-122.97243,46.124133]]]}},{"type":"Feature","properties":{"id":43,"area_m2":400,"px":4,"rank":46,"persistent":false},"geometry":{"type":"Polygon","coordinates":[[[-122.976831,46.123594],[-122.976831,46.123774],[-122.976573,46.123774],[-122.976573,46.123594],[-122.976831,46.123594]]]}},{"type":"Feature","properties":{"id":46,"area_m2":400,"px":4,"rank":47,"persistent":false},"geometry":{"type":"Polygon","coordinates":[[[-122.969196,46.121072],[-122.969196,46.121252],[-122.968937,46.121252],[-122.968937,46.121072],[-122.969196,46.121072]]]}},{"type":"Feature","properties":{"id":49,"area_m2":400,"px":4,"rank":48,"persistent":false},"geometry":{"type":"Polygon","coordinates":[[[-122.968938,46.119812],[-122.968938,46.119992],[-122.968734,46.119994],[-122.968685,46.120025],[-122.968679,46.120082],[-122.96855,46.120082],[-122.96855,46.119992],[-122.968656,46.119976],[-122.968679,46.119902],[-122.968796,46.119878],[-122.968809,46.119812],[-122.968938,46.119812]]]}},{"type":"Feature","properties":{"id":52,"area_m2":400,"px":4,"rank":49,"persistent":false},"geometry":{"type":"Polygon","coordinates":[[[-122.959103,46.117469],[-122.959103,46.117558],[-122.958845,46.117558],[-122.958822,46.117484],[-122.958715,46.117468],[-122.958715,46.117378],[-122.958974,46.117379],[-122.958997,46.117453],[-122.959103,46.117469]]]}},{"type":"Feature","properties":{"id":5,"area_m2":300,"px":3,"rank":50,"persistent":false},"geometry":{"type":"Polygon","coordinates":[[[-122.990679,46.134666],[-122.990679,46.134756],[-122.990572,46.134772],[-122.990549,46.134846],[-122.990433,46.13487],[-122.99042,46.134936],[-122.990291,46.134936],[-122.990291,46.134846],[-122.990397,46.13483],[-122.99042,46.134756],[-122.990536,46.134732],[-122.99055,46.134666],[-122.990679,46.134666]]]}},{"type":"Feature","properties":{"id":16,"area_m2":300,"px":3,"rank":51,"persistent":false},"geometry":{"type":"Polygon","coordinates":[[[-122.989773,46.132416],[-122.989773,46.132506],[-122.989666,46.132521],[-122.989644,46.132596],[-122.989514,46.132596],[-122.989514,46.132416],[-122.989773,46.132416]]]}},{"type":"Feature","properties":{"id":19,"area_m2":300,"px":3,"rank":52,"persistent":false},"geometry":{"type":"Polygon","coordinates":[[[-122.992362,46.132236],[-122.992362,46.132416],[-122.992233,46.132416],[-122.99221,46.132342],[-122.992103,46.132326],[-122.992103,46.132236],[-122.992362,46.132236]]]}},{"type":"Feature","properties":{"id":29,"area_m2":300,"px":3,"rank":53,"persistent":false},"geometry":{"type":"Polygon","coordinates":[[[-122.977734,46.130794],[-122.977734,46.130884],[-122.977346,46.130884],[-122.977346,46.130794],[-122.977734,46.130794]]]}},{"type":"Feature","properties":{"id":40,"area_m2":300,"px":3,"rank":54,"persistent":false},"geometry":{"type":"Polygon","coordinates":[[[-122.980843,46.125304],[-122.980843,46.125394],[-122.980584,46.125394],[-122.980584,46.125214],[-122.980714,46.125214],[-122.980737,46.125289],[-122.980843,46.125304]]]}},{"type":"Feature","properties":{"id":51,"area_m2":300,"px":3,"rank":55,"persistent":false},"geometry":{"type":"Polygon","coordinates":[[[-122.965963,46.117561],[-122.965963,46.117651],[-122.965833,46.117651],[-122.96583,46.117599],[-122.965792,46.117567],[-122.965575,46.117561],[-122.965575,46.117471],[-122.965833,46.117471],[-122.965856,46.117545],[-122.965963,46.117561]]]}},{"type":"Feature","properties":{"id":53,"area_m2":300,"px":3,"rank":56,"persistent":false},"geometry":{"type":"Polygon","coordinates":[[[-122.96441,46.11657],[-122.96441,46.11675],[-122.964281,46.11675],[-122.964258,46.116676],[-122.964151,46.11666],[-122.964152,46.11657],[-122.96441,46.11657]]]}},{"type":"Feature","properties":{"id":54,"area_m2":300,"px":3,"rank":57,"persistent":false},"geometry":{"type":"Polygon","coordinates":[[[-122.964022,46.11657],[-122.964022,46.11666],[-122.963915,46.116676],[-122.963892,46.11675],[-122.963763,46.11675],[-122.963763,46.11657],[-122.964022,46.11657]]]}},{"type":"Feature","properties":{"id":57,"area_m2":300,"px":3,"rank":58,"persistent":false},"geometry":{"type":"Polygon","coordinates":[[[-122.965058,46.115941],[-122.965058,46.11603],[-122.964951,46.116046],[-122.964928,46.11612],[-122.964799,46.11612],[-122.964799,46.11594],[-122.965058,46.115941]]]}},{"type":"Feature","properties":{"id":58,"area_m2":300,"px":3,"rank":59,"persistent":false},"geometry":{"type":"Polygon","coordinates":[[[-122.964411,46.11603],[-122.96441,46.11612],[-122.964281,46.11612],[-122.964278,46.116069],[-122.96424,46.116037],[-122.964022,46.11603],[-122.964023,46.11594],[-122.964281,46.11594],[-122.964304,46.116014],[-122.964411,46.11603]]]}},{"type":"Feature","properties":{"id":60,"area_m2":300,"px":3,"rank":60,"persistent":false},"geometry":{"type":"Polygon","coordinates":[[[-122.96118,46.108919],[-122.96118,46.109009],[-122.961051,46.109009],[-122.961028,46.108935],[-122.960922,46.108919],[-122.960887,46.108838],[-122.960792,46.108829],[-122.960792,46.108739],[-122.960921,46.108739],[-122.960944,46.108813],[-122.961051,46.108829],[-122.961085,46.10891],[-122.96118,46.108919]]]}}]}